<?xml version="1.0" encoding="UTF-8"?><row _id="12581889" _uuid="C0E513D2-7B83-4366-9A13-01121448E77D" _position="12581889" _address="http://data.sfgov.org/resource/ritf-b9ki/12581889"><incidntnum>150392476</incidntnum><category>BURGLARY</category><descript>BURGLARY, VEHICLE (ARREST MADE)</descript><dayofweek>Wednesday</dayofweek><date>2015-05-06T00:00:00</date><time>01:45</time><pddistrict>RICHMOND</pddistrict><resolution>ARREST, BOOKED</resolution><address>0 Block of KITTREDGE TR</address><x>-122.450488197895</x><y>37.7776934204334</y><location human_address="{&quot;address&quot;:&quot;&quot;,&quot;city&quot;:&quot;&quot;,&quot;state&quot;:&quot;&quot;,&quot;zip&quot;:&quot;&quot;}" latitude="37.7776934204334" longitude="-122.450488197895" needs_recoding="false"/></row>