<?xml version="1.0" encoding="UTF-8"?><row _id="12579753" _uuid="633150E9-F7D2-4B3D-962C-048B537F46F1" _position="12579753" _address="http://data.sfgov.org/resource/ritf-b9ki/12579753"><incidntnum>156110894</incidntnum><category>LARCENY/THEFT</category><descript>GRAND THEFT FROM LOCKED AUTO</descript><dayofweek>Thursday</dayofweek><date>2015-05-07T00:00:00</date><time>22:10</time><pddistrict>CENTRAL</pddistrict><resolution>NONE</resolution><address>2500 Block of MASON ST</address><x>-122.413814292432</x><y>37.8070362071183</y><location human_address="{&quot;address&quot;:&quot;&quot;,&quot;city&quot;:&quot;&quot;,&quot;state&quot;:&quot;&quot;,&quot;zip&quot;:&quot;&quot;}" latitude="37.8070362071183" longitude="-122.413814292432" needs_recoding="false"/></row>