<?xml version="1.0" encoding="UTF-8"?><row _id="12572331" _uuid="F84CE476-343B-4FA7-9182-13C6BBF55FCE" _position="12572331" _address="http://data.sfgov.org/resource/ritf-b9ki/12572331"><incidntnum>150413210</incidntnum><category>OTHER OFFENSES</category><descript>LOST/STOLEN LICENSE PLATE</descript><dayofweek>Sunday</dayofweek><date>2015-05-10T00:00:00</date><time>18:30</time><pddistrict>BAYVIEW</pddistrict><resolution>NONE</resolution><address>7TH ST / 16TH ST</address><x>-122.395062849863</x><y>37.7665443562081</y><location human_address="{&quot;address&quot;:&quot;&quot;,&quot;city&quot;:&quot;&quot;,&quot;state&quot;:&quot;&quot;,&quot;zip&quot;:&quot;&quot;}" latitude="37.7665443562081" longitude="-122.395062849863" needs_recoding="false"/></row>