<?xml version="1.0" encoding="UTF-8"?><row _id="12577440" _uuid="24DE19A7-75B0-4739-A64F-B3844E000E80" _position="12577440" _address="http://data.sfgov.org/resource/ritf-b9ki/12577440"><incidntnum>150394171</incidntnum><category>DISORDERLY CONDUCT</category><descript>DISTURBING THE PEACE, FIGHTING</descript><dayofweek>Wednesday</dayofweek><date>2015-05-06T00:00:00</date><time>14:40</time><pddistrict>MISSION</pddistrict><resolution>NONE</resolution><address>300 Block of POTRERO AV</address><x>-122.407544906452</x><y>37.7651192951994</y><location human_address="{&quot;address&quot;:&quot;&quot;,&quot;city&quot;:&quot;&quot;,&quot;state&quot;:&quot;&quot;,&quot;zip&quot;:&quot;&quot;}" latitude="37.7651192951994" longitude="-122.407544906452" needs_recoding="false"/></row>