<?xml version="1.0" encoding="UTF-8"?><row _id="12589729" _uuid="1063B815-1DC4-41E5-91AE-2FA749F8E7F1" _position="12589729" _address="http://data.sfgov.org/resource/ritf-b9ki/12589729"><incidntnum>150492383</incidntnum><category>WARRANTS</category><descript>ENROUTE TO OUTSIDE JURISDICTION</descript><dayofweek>Wednesday</dayofweek><date>2015-05-06T00:00:00</date><time>18:00</time><pddistrict>CENTRAL</pddistrict><resolution>ARREST, BOOKED</resolution><address>1100 Block of CALIFORNIA ST</address><x>-122.413310900175</x><y>37.7915739862746</y><location human_address="{&quot;address&quot;:&quot;&quot;,&quot;city&quot;:&quot;&quot;,&quot;state&quot;:&quot;&quot;,&quot;zip&quot;:&quot;&quot;}" latitude="37.7915739862746" longitude="-122.413310900175" needs_recoding="false"/></row>