<?xml version="1.0" encoding="UTF-8"?><row _id="12572360" _uuid="F6B25955-3AE0-4ED1-8A74-97C6EBDD09DA" _position="12572360" _address="http://data.sfgov.org/resource/ritf-b9ki/12572360"><incidntnum>150413925</incidntnum><category>DRUG/NARCOTIC</category><descript>POSSESSION OF METH-AMPHETAMINE</descript><dayofweek>Tuesday</dayofweek><date>2015-05-12T00:00:00</date><time>18:02</time><pddistrict>TENDERLOIN</pddistrict><resolution>ARREST, BOOKED</resolution><address>POWELL ST / ELLIS ST</address><x>-122.407854234538</x><y>37.7854922044602</y><location human_address="{&quot;address&quot;:&quot;&quot;,&quot;city&quot;:&quot;&quot;,&quot;state&quot;:&quot;&quot;,&quot;zip&quot;:&quot;&quot;}" latitude="37.7854922044602" longitude="-122.407854234538" needs_recoding="false"/></row>