<?xml version="1.0" encoding="UTF-8"?><row _id="12578397" _uuid="97A68EF7-4D42-4FAB-A166-6D14C4F4198E" _position="12578397" _address="http://data.sfgov.org/resource/ritf-b9ki/12578397"><incidntnum>150410448</incidntnum><category>BURGLARY</category><descript>BURGLARY,BLDG. UNDER CONSTRUCTION, FORCIBLE ENTRY</descript><dayofweek>Saturday</dayofweek><date>2015-05-09T00:00:00</date><time>16:00</time><pddistrict>BAYVIEW</pddistrict><resolution>NONE</resolution><address>200 Block of BAY SHORE BL</address><x>-122.404372912517</x><y>37.7449193834418</y><location human_address="{&quot;address&quot;:&quot;&quot;,&quot;city&quot;:&quot;&quot;,&quot;state&quot;:&quot;&quot;,&quot;zip&quot;:&quot;&quot;}" latitude="37.7449193834418" longitude="-122.404372912517" needs_recoding="false"/></row>