<?xml version="1.0" encoding="UTF-8"?><row _id="12584523" _uuid="7DA1BC10-EB1A-4AFE-AE45-FF8E19A25E63" _position="12584523" _address="http://data.sfgov.org/resource/ritf-b9ki/12584523"><incidntnum>150433917</incidntnum><category>BURGLARY</category><descript>BURGLARY, VEHICLE (ARREST MADE)</descript><dayofweek>Monday</dayofweek><date>2015-05-18T00:00:00</date><time>19:00</time><pddistrict>CENTRAL</pddistrict><resolution>ARREST, BOOKED</resolution><address>SANSOME ST / PACIFIC AV</address><x>-122.402042584193</x><y>37.7975048898339</y><location human_address="{&quot;address&quot;:&quot;&quot;,&quot;city&quot;:&quot;&quot;,&quot;state&quot;:&quot;&quot;,&quot;zip&quot;:&quot;&quot;}" latitude="37.7975048898339" longitude="-122.402042584193" needs_recoding="false"/></row>