<?xml version="1.0" encoding="UTF-8"?><row _id="12582303" _uuid="638B9C45-F91D-4625-997A-56350211B2C2" _position="12582303" _address="http://data.sfgov.org/resource/ritf-b9ki/12582303"><incidntnum>150420425</incidntnum><category>OTHER OFFENSES</category><descript>DRIVERS LICENSE, SUSPENDED OR REVOKED</descript><dayofweek>Thursday</dayofweek><date>2015-05-14T00:00:00</date><time>17:30</time><pddistrict>BAYVIEW</pddistrict><resolution>ARREST, BOOKED</resolution><address>PAUL AV / SAN BRUNO AV</address><x>-122.402109488937</x><y>37.7240376461441</y><location human_address="{&quot;address&quot;:&quot;&quot;,&quot;city&quot;:&quot;&quot;,&quot;state&quot;:&quot;&quot;,&quot;zip&quot;:&quot;&quot;}" latitude="37.7240376461441" longitude="-122.402109488937" needs_recoding="false"/></row>