<?xml version="1.0" encoding="UTF-8"?><row _id="12608602" _uuid="8506DA9C-21AB-436A-91CE-8B92DB0AE47A" _position="12608602" _address="http://data.sfgov.org/resource/ritf-b9ki/12608602"><incidntnum>150400847</incidntnum><category>MISSING PERSON</category><descript>FOUND PERSON</descript><dayofweek>Wednesday</dayofweek><date>2015-05-06T00:00:00</date><time>19:30</time><pddistrict>CENTRAL</pddistrict><resolution>NONE</resolution><address>400 Block of POWELL ST</address><x>-122.408568445228</x><y>37.7887594214703</y><location human_address="{&quot;address&quot;:&quot;&quot;,&quot;city&quot;:&quot;&quot;,&quot;state&quot;:&quot;&quot;,&quot;zip&quot;:&quot;&quot;}" latitude="37.7887594214703" longitude="-122.408568445228" needs_recoding="false"/></row>