<?xml version="1.0" encoding="UTF-8"?><row _id="12577670" _uuid="151BCCAC-C39F-4263-8A4C-0C5DA5571C89" _position="12577670" _address="http://data.sfgov.org/resource/ritf-b9ki/12577670"><incidntnum>150397896</incidntnum><category>TRESPASS</category><descript>TRESPASSING</descript><dayofweek>Thursday</dayofweek><date>2015-05-07T00:00:00</date><time>12:39</time><pddistrict>SOUTHERN</pddistrict><resolution>ARREST, BOOKED</resolution><address>1700 Block of MARKET ST</address><x>-122.422188261426</x><y>37.7726948236861</y><location human_address="{&quot;address&quot;:&quot;&quot;,&quot;city&quot;:&quot;&quot;,&quot;state&quot;:&quot;&quot;,&quot;zip&quot;:&quot;&quot;}" latitude="37.7726948236861" longitude="-122.422188261426" needs_recoding="false"/></row>