<?xml version="1.0" encoding="UTF-8"?><row _id="12591973" _uuid="47E507D7-FB07-4DA4-9F23-573FB28A69A3" _position="12591973" _address="http://data.sfgov.org/resource/ritf-b9ki/12591973"><incidntnum>150492769</incidntnum><category>SUSPICIOUS OCC</category><descript>SUSPICIOUS ACT TOWARDS CHILD</descript><dayofweek>Friday</dayofweek><date>2015-06-05T00:00:00</date><time>21:38</time><pddistrict>MISSION</pddistrict><resolution>ARREST, BOOKED</resolution><address>700 Block of SHOTWELL ST</address><x>-122.41547928699</x><y>37.7564220901636</y><location human_address="{&quot;address&quot;:&quot;&quot;,&quot;city&quot;:&quot;&quot;,&quot;state&quot;:&quot;&quot;,&quot;zip&quot;:&quot;&quot;}" latitude="37.7564220901636" longitude="-122.41547928699" needs_recoding="false"/></row>