<?xml version="1.0" encoding="UTF-8"?><row _id="12572378" _uuid="86E33A58-DFFA-4700-9CB7-1947D3C40AA0" _position="12572378" _address="http://data.sfgov.org/resource/ritf-b9ki/12572378"><incidntnum>150414644</incidntnum><category>OTHER OFFENSES</category><descript>TRAFFIC VIOLATION</descript><dayofweek>Tuesday</dayofweek><date>2015-05-12T00:00:00</date><time>22:37</time><pddistrict>BAYVIEW</pddistrict><resolution>ARREST, BOOKED</resolution><address>NEWHALL ST / HUDSON AV</address><x>-122.388274982326</x><y>37.7400467439333</y><location human_address="{&quot;address&quot;:&quot;&quot;,&quot;city&quot;:&quot;&quot;,&quot;state&quot;:&quot;&quot;,&quot;zip&quot;:&quot;&quot;}" latitude="37.7400467439333" longitude="-122.388274982326" needs_recoding="false"/></row>