<?xml version="1.0" encoding="UTF-8"?><row _id="12580982" _uuid="759DFB3B-2498-4B5E-8CEB-3C157B91E1A6" _position="12580982" _address="http://data.sfgov.org/resource/ritf-b9ki/12580982"><incidntnum>156114028</incidntnum><category>LARCENY/THEFT</category><descript>PETTY THEFT OF PROPERTY</descript><dayofweek>Wednesday</dayofweek><date>2015-05-06T00:00:00</date><time>11:23</time><pddistrict>TARAVAL</pddistrict><resolution>NONE</resolution><address>1400 Block of 28TH AV</address><x>-122.486643620293</x><y>37.7603201652156</y><location human_address="{&quot;address&quot;:&quot;&quot;,&quot;city&quot;:&quot;&quot;,&quot;state&quot;:&quot;&quot;,&quot;zip&quot;:&quot;&quot;}" latitude="37.7603201652156" longitude="-122.486643620293" needs_recoding="false"/></row>