<?xml version="1.0" encoding="UTF-8"?><row _id="12578836" _uuid="FEC73FBE-FD8F-4A11-B1FC-4C61E3EA4526" _position="12578836" _address="http://data.sfgov.org/resource/ritf-b9ki/12578836"><incidntnum>150417698</incidntnum><category>BURGLARY</category><descript>BURGLARY OF APARTMENT HOUSE, UNLAWFUL ENTRY</descript><dayofweek>Wednesday</dayofweek><date>2015-05-13T00:00:00</date><time>07:00</time><pddistrict>RICHMOND</pddistrict><resolution>NONE</resolution><address>100 Block of SUTROHEIGHTS AV</address><x>-122.508631807014</x><y>37.7760694890282</y><location human_address="{&quot;address&quot;:&quot;&quot;,&quot;city&quot;:&quot;&quot;,&quot;state&quot;:&quot;&quot;,&quot;zip&quot;:&quot;&quot;}" latitude="37.7760694890282" longitude="-122.508631807014" needs_recoding="false"/></row>