<?xml version="1.0" encoding="UTF-8"?><row _id="12591350" _uuid="ED69ADEC-DFDA-4574-81D7-5F5230B4BB23" _position="12591350" _address="http://data.sfgov.org/resource/ritf-b9ki/12591350"><incidntnum>156133272</incidntnum><category>LARCENY/THEFT</category><descript>PETTY THEFT OF PROPERTY</descript><dayofweek>Wednesday</dayofweek><date>2015-05-27T00:00:00</date><time>09:00</time><pddistrict>SOUTHERN</pddistrict><resolution>NONE</resolution><address>1ST ST / MISSION ST</address><x>-122.397576409113</x><y>37.7897619308836</y><location human_address="{&quot;address&quot;:&quot;&quot;,&quot;city&quot;:&quot;&quot;,&quot;state&quot;:&quot;&quot;,&quot;zip&quot;:&quot;&quot;}" latitude="37.7897619308836" longitude="-122.397576409113" needs_recoding="false"/></row>