<?xml version="1.0" encoding="UTF-8"?><row _id="12577675" _uuid="C323B719-D869-4967-9FB1-F01FD5DBE12E" _position="12577675" _address="http://data.sfgov.org/resource/ritf-b9ki/12577675"><incidntnum>150397993</incidntnum><category>VEHICLE THEFT</category><descript>STOLEN MOTORCYCLE</descript><dayofweek>Thursday</dayofweek><date>2015-05-07T00:00:00</date><time>14:40</time><pddistrict>NORTHERN</pddistrict><resolution>NONE</resolution><address>1800 Block of SUTTER ST</address><x>-122.430769627635</x><y>37.7863477590184</y><location human_address="{&quot;address&quot;:&quot;&quot;,&quot;city&quot;:&quot;&quot;,&quot;state&quot;:&quot;&quot;,&quot;zip&quot;:&quot;&quot;}" latitude="37.7863477590184" longitude="-122.430769627635" needs_recoding="false"/></row>