<?xml version="1.0" encoding="UTF-8"?><row _id="12585449" _uuid="925A0BCE-55E7-405A-B6AC-C56C52E06D05" _position="12585449" _address="http://data.sfgov.org/resource/ritf-b9ki/12585449"><incidntnum>150444340</incidntnum><category>LARCENY/THEFT</category><descript>GRAND THEFT FROM LOCKED AUTO</descript><dayofweek>Thursday</dayofweek><date>2015-05-21T00:00:00</date><time>23:18</time><pddistrict>MISSION</pddistrict><resolution>NONE</resolution><address>2900 Block of 16TH ST</address><x>-122.41806044191</x><y>37.7652035696518</y><location human_address="{&quot;address&quot;:&quot;&quot;,&quot;city&quot;:&quot;&quot;,&quot;state&quot;:&quot;&quot;,&quot;zip&quot;:&quot;&quot;}" latitude="37.7652035696518" longitude="-122.41806044191" needs_recoding="false"/></row>