<?xml version="1.0" encoding="UTF-8"?><row _id="12573258" _uuid="446849B1-4339-4EDD-ADDD-41646ACE71B2" _position="12573258" _address="http://data.sfgov.org/resource/ritf-b9ki/12573258"><incidntnum>156111325</incidntnum><category>LARCENY/THEFT</category><descript>GRAND THEFT FROM LOCKED AUTO</descript><dayofweek>Wednesday</dayofweek><date>2015-05-06T00:00:00</date><time>20:15</time><pddistrict>PARK</pddistrict><resolution>NONE</resolution><address>CASTRO ST / 16TH ST</address><x>-122.435318423327</x><y>37.7641020287178</y><location human_address="{&quot;address&quot;:&quot;&quot;,&quot;city&quot;:&quot;&quot;,&quot;state&quot;:&quot;&quot;,&quot;zip&quot;:&quot;&quot;}" latitude="37.7641020287178" longitude="-122.435318423327" needs_recoding="false"/></row>