<?xml version="1.0" encoding="UTF-8"?><row _id="12578138" _uuid="2DA819FF-903C-4A9B-B192-D5B03C6D9F42" _position="12578138" _address="http://data.sfgov.org/resource/ritf-b9ki/12578138"><incidntnum>150406083</incidntnum><category>MISSING PERSON</category><descript>MISSING JUVENILE</descript><dayofweek>Saturday</dayofweek><date>2015-05-09T00:00:00</date><time>18:35</time><pddistrict>RICHMOND</pddistrict><resolution>UNFOUNDED</resolution><address>300 Block of 11TH AV</address><x>-122.469766223526</x><y>37.7817135599476</y><location human_address="{&quot;address&quot;:&quot;&quot;,&quot;city&quot;:&quot;&quot;,&quot;state&quot;:&quot;&quot;,&quot;zip&quot;:&quot;&quot;}" latitude="37.7817135599476" longitude="-122.469766223526" needs_recoding="false"/></row>