<?xml version="1.0" encoding="UTF-8"?><row _id="12577784" _uuid="08CAD218-8ABF-4F97-88FC-B265A3BB4A83" _position="12577784" _address="http://data.sfgov.org/resource/ritf-b9ki/12577784"><incidntnum>150399789</incidntnum><category>VANDALISM</category><descript>MALICIOUS MISCHIEF, VANDALISM</descript><dayofweek>Friday</dayofweek><date>2015-05-08T00:00:00</date><time>02:30</time><pddistrict>INGLESIDE</pddistrict><resolution>NONE</resolution><address>1500 Block of SUNNYDALE AV</address><x>-122.417144802399</x><y>37.7121502932531</y><location human_address="{&quot;address&quot;:&quot;&quot;,&quot;city&quot;:&quot;&quot;,&quot;state&quot;:&quot;&quot;,&quot;zip&quot;:&quot;&quot;}" latitude="37.7121502932531" longitude="-122.417144802399" needs_recoding="false"/></row>