<?xml version="1.0" encoding="UTF-8"?><row _id="12585268" _uuid="E413F22F-09BC-4595-BBB1-47B34F819F1B" _position="12585268" _address="http://data.sfgov.org/resource/ritf-b9ki/12585268"><incidntnum>150438133</incidntnum><category>OTHER OFFENSES</category><descript>STAY AWAY ORDER VIOLATION, DV RELATED</descript><dayofweek>Wednesday</dayofweek><date>2015-05-20T00:00:00</date><time>00:32</time><pddistrict>PARK</pddistrict><resolution>ARREST, BOOKED</resolution><address>1600 Block of HAIGHT ST</address><x>-122.449101011701</x><y>37.7696756290578</y><location human_address="{&quot;address&quot;:&quot;&quot;,&quot;city&quot;:&quot;&quot;,&quot;state&quot;:&quot;&quot;,&quot;zip&quot;:&quot;&quot;}" latitude="37.7696756290578" longitude="-122.449101011701" needs_recoding="false"/></row>