<?xml version="1.0" encoding="UTF-8"?><row _id="12572289" _uuid="A5C13536-E074-46D0-92E1-5A3B5A01CE9C" _position="12572289" _address="http://data.sfgov.org/resource/ritf-b9ki/12572289"><incidntnum>150411349</incidntnum><category>OTHER OFFENSES</category><descript>TRAFFIC VIOLATION</descript><dayofweek>Monday</dayofweek><date>2015-05-11T00:00:00</date><time>22:45</time><pddistrict>MISSION</pddistrict><resolution>ARREST, BOOKED</resolution><address>CAPP ST / 19TH ST</address><x>-122.41812008649</x><y>37.7603012340397</y><location human_address="{&quot;address&quot;:&quot;&quot;,&quot;city&quot;:&quot;&quot;,&quot;state&quot;:&quot;&quot;,&quot;zip&quot;:&quot;&quot;}" latitude="37.7603012340397" longitude="-122.41812008649" needs_recoding="false"/></row>