<?xml version="1.0" encoding="UTF-8"?><row _id="12584833" _uuid="352C3BAF-EABD-494F-BA3B-87FB2623C74A" _position="12584833" _address="http://data.sfgov.org/resource/ritf-b9ki/12584833"><incidntnum>150435117</incidntnum><category>WARRANTS</category><descript>WARRANT ARREST</descript><dayofweek>Tuesday</dayofweek><date>2015-05-19T00:00:00</date><time>08:07</time><pddistrict>MISSION</pddistrict><resolution>ARREST, BOOKED</resolution><address>900 Block of POTRERO AV</address><x>-122.406604919508</x><y>37.7571580431915</y><location human_address="{&quot;address&quot;:&quot;&quot;,&quot;city&quot;:&quot;&quot;,&quot;state&quot;:&quot;&quot;,&quot;zip&quot;:&quot;&quot;}" latitude="37.7571580431915" longitude="-122.406604919508" needs_recoding="false"/></row>