<?xml version="1.0" encoding="UTF-8"?><row _id="12585618" _uuid="75FF1029-AC25-458D-B739-1DC511E3D7C7" _position="12585618" _address="http://data.sfgov.org/resource/ritf-b9ki/12585618"><incidntnum>156123308</incidntnum><category>LARCENY/THEFT</category><descript>PETTY THEFT OF PROPERTY</descript><dayofweek>Thursday</dayofweek><date>2015-05-21T00:00:00</date><time>17:30</time><pddistrict>TARAVAL</pddistrict><resolution>NONE</resolution><address>200 Block of WESTPORTAL AV</address><x>-122.468117499815</x><y>37.7389000144845</y><location human_address="{&quot;address&quot;:&quot;&quot;,&quot;city&quot;:&quot;&quot;,&quot;state&quot;:&quot;&quot;,&quot;zip&quot;:&quot;&quot;}" latitude="37.7389000144845" longitude="-122.468117499815" needs_recoding="false"/></row>