<?xml version="1.0" encoding="UTF-8"?><row _id="12583010" _uuid="33DDD4AE-B44E-41E0-B4A9-C50FE7BFC0DF" _position="12583010" _address="http://data.sfgov.org/resource/ritf-b9ki/12583010"><incidntnum>150423203</incidntnum><category>OTHER OFFENSES</category><descript>RESISTING ARREST</descript><dayofweek>Friday</dayofweek><date>2015-05-15T00:00:00</date><time>15:01</time><pddistrict>MISSION</pddistrict><resolution>ARREST, BOOKED</resolution><address>1000 Block of POTRERO AV</address><x>-122.406539115148</x><y>37.7564864109309</y><location human_address="{&quot;address&quot;:&quot;&quot;,&quot;city&quot;:&quot;&quot;,&quot;state&quot;:&quot;&quot;,&quot;zip&quot;:&quot;&quot;}" latitude="37.7564864109309" longitude="-122.406539115148" needs_recoding="false"/></row>