<?xml version="1.0" encoding="UTF-8"?><row _id="12572322" _uuid="A347474E-AAEA-4EAB-B4E5-5DE527E99031" _position="12572322" _address="http://data.sfgov.org/resource/ritf-b9ki/12572322"><incidntnum>150412745</incidntnum><category>VEHICLE THEFT</category><descript>STOLEN AUTOMOBILE</descript><dayofweek>Wednesday</dayofweek><date>2015-05-06T00:00:00</date><time>12:00</time><pddistrict>RICHMOND</pddistrict><resolution>NONE</resolution><address>45TH AV / FULTON ST</address><x>-122.505610645185</x><y>37.7715908513299</y><location human_address="{&quot;address&quot;:&quot;&quot;,&quot;city&quot;:&quot;&quot;,&quot;state&quot;:&quot;&quot;,&quot;zip&quot;:&quot;&quot;}" latitude="37.7715908513299" longitude="-122.505610645185" needs_recoding="false"/></row>