<?xml version="1.0" encoding="UTF-8"?><row _id="12580659" _uuid="917F42A3-4097-49D7-AC5F-2BD250342397" _position="12580659" _address="http://data.sfgov.org/resource/ritf-b9ki/12580659"><incidntnum>150396309</incidntnum><category>BURGLARY</category><descript>BURGLARY OF RESIDENCE, ATTEMPTED FORCIBLE ENTRY</descript><dayofweek>Thursday</dayofweek><date>2015-05-07T00:00:00</date><time>02:00</time><pddistrict>MISSION</pddistrict><resolution>NONE</resolution><address>1000 Block of CHURCH ST</address><x>-122.427588947793</x><y>37.7540829870314</y><location human_address="{&quot;address&quot;:&quot;&quot;,&quot;city&quot;:&quot;&quot;,&quot;state&quot;:&quot;&quot;,&quot;zip&quot;:&quot;&quot;}" latitude="37.7540829870314" longitude="-122.427588947793" needs_recoding="false"/></row>