<?xml version="1.0" encoding="UTF-8"?><row _id="12577680" _uuid="402395FF-1DC1-421C-96D9-AF80B4868071" _position="12577680" _address="http://data.sfgov.org/resource/ritf-b9ki/12577680"><incidntnum>150398101</incidntnum><category>OTHER OFFENSES</category><descript>PAROLE VIOLATION</descript><dayofweek>Thursday</dayofweek><date>2015-05-07T00:00:00</date><time>16:31</time><pddistrict>MISSION</pddistrict><resolution>ARREST, BOOKED</resolution><address>2000 Block of MISSION ST</address><x>-122.41965834371</x><y>37.7642205603745</y><location human_address="{&quot;address&quot;:&quot;&quot;,&quot;city&quot;:&quot;&quot;,&quot;state&quot;:&quot;&quot;,&quot;zip&quot;:&quot;&quot;}" latitude="37.7642205603745" longitude="-122.41965834371" needs_recoding="false"/></row>