<?xml version="1.0" encoding="UTF-8"?><row _id="12589897" _uuid="7EEB06BB-2096-457E-81FE-D09F00A7032A" _position="12589897" _address="http://data.sfgov.org/resource/ritf-b9ki/12589897"><incidntnum>150474369</incidntnum><category>OTHER OFFENSES</category><descript>OBSTRUCTIONS ON STREETS/SIDEWALKS</descript><dayofweek>Sunday</dayofweek><date>2015-05-31T00:00:00</date><time>09:17</time><pddistrict>SOUTHERN</pddistrict><resolution>ARREST, BOOKED</resolution><address>8TH ST / BRANNAN ST</address><x>-122.405427162783</x><y>37.7712969876277</y><location human_address="{&quot;address&quot;:&quot;&quot;,&quot;city&quot;:&quot;&quot;,&quot;state&quot;:&quot;&quot;,&quot;zip&quot;:&quot;&quot;}" latitude="37.7712969876277" longitude="-122.405427162783" needs_recoding="false"/></row>