<?xml version="1.0" encoding="UTF-8"?><row _id="12584310" _uuid="7BD17F73-EE3A-45CC-A51C-5CC0D550A024" _position="12584310" _address="http://data.sfgov.org/resource/ritf-b9ki/12584310"><incidntnum>150431416</incidntnum><category>WARRANTS</category><descript>WARRANT ARREST</descript><dayofweek>Monday</dayofweek><date>2015-05-18T00:00:00</date><time>00:48</time><pddistrict>MISSION</pddistrict><resolution>ARREST, BOOKED</resolution><address>1000 Block of POTRERO AV</address><x>-122.406539115148</x><y>37.7564864109309</y><location human_address="{&quot;address&quot;:&quot;&quot;,&quot;city&quot;:&quot;&quot;,&quot;state&quot;:&quot;&quot;,&quot;zip&quot;:&quot;&quot;}" latitude="37.7564864109309" longitude="-122.406539115148" needs_recoding="false"/></row>