<?xml version="1.0" encoding="UTF-8"?><row _id="12585851" _uuid="99F9CDFF-23E4-4DAC-B1AC-77C694DAA1C3" _position="12585851" _address="http://data.sfgov.org/resource/ritf-b9ki/12585851"><incidntnum>150453501</incidntnum><category>VEHICLE THEFT</category><descript>STOLEN AUTOMOBILE</descript><dayofweek>Friday</dayofweek><date>2015-05-22T00:00:00</date><time>15:00</time><pddistrict>MISSION</pddistrict><resolution>NONE</resolution><address>17TH ST / CHURCH ST</address><x>-122.42850845331</x><y>37.7628896284932</y><location human_address="{&quot;address&quot;:&quot;&quot;,&quot;city&quot;:&quot;&quot;,&quot;state&quot;:&quot;&quot;,&quot;zip&quot;:&quot;&quot;}" latitude="37.7628896284932" longitude="-122.42850845331" needs_recoding="false"/></row>