<?xml version="1.0" encoding="UTF-8"?><row _id="12578550" _uuid="B3B8ADCB-45E9-4C5B-82BF-33B8E65F3E48" _position="12578550" _address="http://data.sfgov.org/resource/ritf-b9ki/12578550"><incidntnum>150412886</incidntnum><category>LARCENY/THEFT</category><descript>PETTY THEFT FROM LOCKED AUTO</descript><dayofweek>Monday</dayofweek><date>2015-05-11T00:00:00</date><time>20:00</time><pddistrict>PARK</pddistrict><resolution>NONE</resolution><address>100 Block of CRESTMONT DR</address><x>-122.459238740294</x><y>37.7553267974105</y><location human_address="{&quot;address&quot;:&quot;&quot;,&quot;city&quot;:&quot;&quot;,&quot;state&quot;:&quot;&quot;,&quot;zip&quot;:&quot;&quot;}" latitude="37.7553267974105" longitude="-122.459238740294" needs_recoding="false"/></row>