<?xml version="1.0" encoding="UTF-8"?><row _id="12589075" _uuid="62F90382-639B-45A8-A08A-8CCD32459D4E" _position="12589075" _address="http://data.sfgov.org/resource/ritf-b9ki/12589075"><incidntnum>150468522</incidntnum><category>BURGLARY</category><descript>BURGLARY,STORE UNDER CONSTRUCTION, FORCIBLE ENTRY</descript><dayofweek>Friday</dayofweek><date>2015-05-15T00:00:00</date><time>12:00</time><pddistrict>CENTRAL</pddistrict><resolution>NONE</resolution><address>300 Block of THE EMBARCADERONORTH ST</address><x>-122.396374439116</x><y>37.7980532528058</y><location human_address="{&quot;address&quot;:&quot;&quot;,&quot;city&quot;:&quot;&quot;,&quot;state&quot;:&quot;&quot;,&quot;zip&quot;:&quot;&quot;}" latitude="37.7980532528058" longitude="-122.396374439116" needs_recoding="false"/></row>