<?xml version="1.0" encoding="UTF-8"?><row _id="12585162" _uuid="5AF79123-4749-47EB-A1A1-ED224BF89247" _position="12585162" _address="http://data.sfgov.org/resource/ritf-b9ki/12585162"><incidntnum>150440962</incidntnum><category>GAMBLING</category><descript>GAMBLING</descript><dayofweek>Wednesday</dayofweek><date>2015-05-20T00:00:00</date><time>21:18</time><pddistrict>NORTHERN</pddistrict><resolution>ARREST, BOOKED</resolution><address>600 Block of LARCH ST</address><x>-122.42815115473</x><y>37.7815325510309</y><location human_address="{&quot;address&quot;:&quot;&quot;,&quot;city&quot;:&quot;&quot;,&quot;state&quot;:&quot;&quot;,&quot;zip&quot;:&quot;&quot;}" latitude="37.7815325510309" longitude="-122.42815115473" needs_recoding="false"/></row>