<?xml version="1.0" encoding="UTF-8"?><row _id="12589825" _uuid="6CA78385-4FD0-40A0-903C-EFB8D75332FD" _position="12589825" _address="http://data.sfgov.org/resource/ritf-b9ki/12589825"><incidntnum>150401914</incidntnum><category>SUSPICIOUS OCC</category><descript>INVESTIGATIVE DETENTION</descript><dayofweek>Friday</dayofweek><date>2015-05-08T00:00:00</date><time>17:26</time><pddistrict>CENTRAL</pddistrict><resolution>ARREST, BOOKED</resolution><address>300 Block of BATTERY ST</address><x>-122.40021603879</x><y>37.7948030325182</y><location human_address="{&quot;address&quot;:&quot;&quot;,&quot;city&quot;:&quot;&quot;,&quot;state&quot;:&quot;&quot;,&quot;zip&quot;:&quot;&quot;}" latitude="37.7948030325182" longitude="-122.40021603879" needs_recoding="false"/></row>