<?xml version="1.0" encoding="UTF-8"?><row _id="12578420" _uuid="E934893D-EDE6-420E-87AA-F8C71E05B1E5" _position="12578420" _address="http://data.sfgov.org/resource/ritf-b9ki/12578420"><incidntnum>150410802</incidntnum><category>WEAPON LAWS</category><descript>POSS OF FIREARM BY CONVICTED FELON/ADDICT/ALIEN</descript><dayofweek>Monday</dayofweek><date>2015-05-11T00:00:00</date><time>19:07</time><pddistrict>BAYVIEW</pddistrict><resolution>ARREST, BOOKED</resolution><address>1300 Block of THOMAS AV</address><x>-122.386594164927</x><y>37.7278183430085</y><location human_address="{&quot;address&quot;:&quot;&quot;,&quot;city&quot;:&quot;&quot;,&quot;state&quot;:&quot;&quot;,&quot;zip&quot;:&quot;&quot;}" latitude="37.7278183430085" longitude="-122.386594164927" needs_recoding="false"/></row>