<?xml version="1.0" encoding="UTF-8"?><row _id="12584284" _uuid="5B73F176-28A6-4D56-B3E9-6F1799DD965F" _position="12584284" _address="http://data.sfgov.org/resource/ritf-b9ki/12584284"><incidntnum>150431494</incidntnum><category>NON-CRIMINAL</category><descript>FOUND PROPERTY</descript><dayofweek>Monday</dayofweek><date>2015-05-18T00:00:00</date><time>17:28</time><pddistrict>CENTRAL</pddistrict><resolution>UNFOUNDED</resolution><address>1600 Block of THE EMBARCADERONORTH ST</address><x>-122.410774214375</x><y>37.8084350175869</y><location human_address="{&quot;address&quot;:&quot;&quot;,&quot;city&quot;:&quot;&quot;,&quot;state&quot;:&quot;&quot;,&quot;zip&quot;:&quot;&quot;}" latitude="37.8084350175869" longitude="-122.410774214375" needs_recoding="false"/></row>