<?xml version="1.0" encoding="UTF-8"?><row _id="12587137" _uuid="23A5046A-D4BE-43A9-A858-10F3B983E83C" _position="12587137" _address="http://data.sfgov.org/resource/ritf-b9ki/12587137"><incidntnum>150453777</incidntnum><category>ASSAULT</category><descript>CHILD ABUSE (PHYSICAL)</descript><dayofweek>Sunday</dayofweek><date>2015-05-24T00:00:00</date><time>03:30</time><pddistrict>BAYVIEW</pddistrict><resolution>ARREST, BOOKED</resolution><address>600 Block of UNIVERSITY ST</address><x>-122.412150200427</x><y>37.722063779678</y><location human_address="{&quot;address&quot;:&quot;&quot;,&quot;city&quot;:&quot;&quot;,&quot;state&quot;:&quot;&quot;,&quot;zip&quot;:&quot;&quot;}" latitude="37.722063779678" longitude="-122.412150200427" needs_recoding="false"/></row>