<?xml version="1.0" encoding="UTF-8"?><row _id="12577703" _uuid="B8CF55FF-79E1-4235-A5C2-5FE28E2D3720" _position="12577703" _address="http://data.sfgov.org/resource/ritf-b9ki/12577703"><incidntnum>150398480</incidntnum><category>LARCENY/THEFT</category><descript>PETTY THEFT FROM LOCKED AUTO</descript><dayofweek>Thursday</dayofweek><date>2015-05-07T00:00:00</date><time>08:00</time><pddistrict>BAYVIEW</pddistrict><resolution>NONE</resolution><address>300 Block of 20TH ST</address><x>-122.386104938274</x><y>37.760692489996</y><location human_address="{&quot;address&quot;:&quot;&quot;,&quot;city&quot;:&quot;&quot;,&quot;state&quot;:&quot;&quot;,&quot;zip&quot;:&quot;&quot;}" latitude="37.760692489996" longitude="-122.386104938274" needs_recoding="false"/></row>