<?xml version="1.0" encoding="UTF-8"?><row _id="12571989" _uuid="97F16A33-2D80-446A-BC3C-AB332F48E9F3" _position="12571989" _address="http://data.sfgov.org/resource/ritf-b9ki/12571989"><incidntnum>150402100</incidntnum><category>FRAUD</category><descript>CREDIT CARD, THEFT BY USE OF</descript><dayofweek>Friday</dayofweek><date>2015-05-08T00:00:00</date><time>16:00</time><pddistrict>SOUTHERN</pddistrict><resolution>NONE</resolution><address>3RD ST / MARKET ST</address><x>-122.403434086745</x><y>37.78764305018</y><location human_address="{&quot;address&quot;:&quot;&quot;,&quot;city&quot;:&quot;&quot;,&quot;state&quot;:&quot;&quot;,&quot;zip&quot;:&quot;&quot;}" latitude="37.78764305018" longitude="-122.403434086745" needs_recoding="false"/></row>