<?xml version="1.0" encoding="UTF-8"?><row _id="12589195" _uuid="C77FABA4-5280-4657-B7F3-1BF2453078B8" _position="12589195" _address="http://data.sfgov.org/resource/ritf-b9ki/12589195"><incidntnum>150485247</incidntnum><category>FRAUD</category><descript>CREDIT CARD, THEFT BY USE OF</descript><dayofweek>Saturday</dayofweek><date>2015-05-09T00:00:00</date><time>16:30</time><pddistrict>RICHMOND</pddistrict><resolution>NONE</resolution><address>3500 Block of CALIFORNIA ST</address><x>-122.452586938656</x><y>37.7864601412645</y><location human_address="{&quot;address&quot;:&quot;&quot;,&quot;city&quot;:&quot;&quot;,&quot;state&quot;:&quot;&quot;,&quot;zip&quot;:&quot;&quot;}" latitude="37.7864601412645" longitude="-122.452586938656" needs_recoding="false"/></row>