<?xml version="1.0" encoding="UTF-8"?><row _id="12578257" _uuid="64849BE1-0EC2-4ACF-8E92-C458287DA0B4" _position="12578257" _address="http://data.sfgov.org/resource/ritf-b9ki/12578257"><incidntnum>150407956</incidntnum><category>NON-CRIMINAL</category><descript>AIDED CASE</descript><dayofweek>Sunday</dayofweek><date>2015-05-10T00:00:00</date><time>18:45</time><pddistrict>RICHMOND</pddistrict><resolution>NONE</resolution><address>600 Block of 9TH AV</address><x>-122.467221148771</x><y>37.7761343245369</y><location human_address="{&quot;address&quot;:&quot;&quot;,&quot;city&quot;:&quot;&quot;,&quot;state&quot;:&quot;&quot;,&quot;zip&quot;:&quot;&quot;}" latitude="37.7761343245369" longitude="-122.467221148771" needs_recoding="false"/></row>