<?xml version="1.0" encoding="UTF-8"?><row _id="12584336" _uuid="6C6EA572-76B4-4510-BF65-E78AB862053E" _position="12584336" _address="http://data.sfgov.org/resource/ritf-b9ki/12584336"><incidntnum>150433650</incidntnum><category>ASSAULT</category><descript>INFLICT INJURY ON COHABITEE</descript><dayofweek>Monday</dayofweek><date>2015-05-18T00:00:00</date><time>01:00</time><pddistrict>PARK</pddistrict><resolution>ARREST, BOOKED</resolution><address>1400 Block of OAK ST</address><x>-122.443206004532</x><y>37.7723435628758</y><location human_address="{&quot;address&quot;:&quot;&quot;,&quot;city&quot;:&quot;&quot;,&quot;state&quot;:&quot;&quot;,&quot;zip&quot;:&quot;&quot;}" latitude="37.7723435628758" longitude="-122.443206004532" needs_recoding="false"/></row>