<?xml version="1.0" encoding="UTF-8"?><row _id="12586525" _uuid="54C3286B-43B9-4044-AD64-1B5127CFD3A5" _position="12586525" _address="http://data.sfgov.org/resource/ritf-b9ki/12586525"><incidntnum>150449215</incidntnum><category>NON-CRIMINAL</category><descript>FOUND PROPERTY</descript><dayofweek>Saturday</dayofweek><date>2015-05-23T00:00:00</date><time>09:58</time><pddistrict>INGLESIDE</pddistrict><resolution>NONE</resolution><address>0 Block of GENEBERN WY</address><x>-122.424717551223</x><y>37.7342619973759</y><location human_address="{&quot;address&quot;:&quot;&quot;,&quot;city&quot;:&quot;&quot;,&quot;state&quot;:&quot;&quot;,&quot;zip&quot;:&quot;&quot;}" latitude="37.7342619973759" longitude="-122.424717551223" needs_recoding="false"/></row>