<?xml version="1.0" encoding="UTF-8"?><row _id="12583591" _uuid="F8A4EA7E-AAEF-4ABD-9271-4E1D1840B982" _position="12583591" _address="http://data.sfgov.org/resource/ritf-b9ki/12583591"><incidntnum>156122184</incidntnum><category>LARCENY/THEFT</category><descript>PETTY THEFT OF PROPERTY</descript><dayofweek>Friday</dayofweek><date>2015-05-15T00:00:00</date><time>00:01</time><pddistrict>SOUTHERN</pddistrict><resolution>NONE</resolution><address>1000 Block of FOLSOM ST</address><x>-122.405834032593</x><y>37.778254811523</y><location human_address="{&quot;address&quot;:&quot;&quot;,&quot;city&quot;:&quot;&quot;,&quot;state&quot;:&quot;&quot;,&quot;zip&quot;:&quot;&quot;}" latitude="37.778254811523" longitude="-122.405834032593" needs_recoding="false"/></row>