<?xml version="1.0" encoding="UTF-8"?><row _id="12573323" _uuid="8FC7D88B-0526-41A2-B3C0-50B2155ADBAA" _position="12573323" _address="http://data.sfgov.org/resource/ritf-b9ki/12573323"><incidntnum>156113569</incidntnum><category>NON-CRIMINAL</category><descript>LOST PROPERTY</descript><dayofweek>Friday</dayofweek><date>2015-05-08T00:00:00</date><time>14:45</time><pddistrict>NORTHERN</pddistrict><resolution>NONE</resolution><address>FILLMORE ST / HAIGHT ST</address><x>-122.430436523474</x><y>37.7721069661669</y><location human_address="{&quot;address&quot;:&quot;&quot;,&quot;city&quot;:&quot;&quot;,&quot;state&quot;:&quot;&quot;,&quot;zip&quot;:&quot;&quot;}" latitude="37.7721069661669" longitude="-122.430436523474" needs_recoding="false"/></row>