<?xml version="1.0" encoding="UTF-8"?><row _id="12577656" _uuid="C4FF3655-37BE-4486-B518-785057FB8454" _position="12577656" _address="http://data.sfgov.org/resource/ritf-b9ki/12577656"><incidntnum>150397620</incidntnum><category>WARRANTS</category><descript>ENROUTE TO DEPARTMENT OF CORRECTIONS</descript><dayofweek>Thursday</dayofweek><date>2015-05-07T00:00:00</date><time>14:15</time><pddistrict>SOUTHERN</pddistrict><resolution>ARREST, BOOKED</resolution><address>0 Block of 6TH ST</address><x>-122.40942036456</x><y>37.7816150265786</y><location human_address="{&quot;address&quot;:&quot;&quot;,&quot;city&quot;:&quot;&quot;,&quot;state&quot;:&quot;&quot;,&quot;zip&quot;:&quot;&quot;}" latitude="37.7816150265786" longitude="-122.40942036456" needs_recoding="false"/></row>