<?xml version="1.0" encoding="UTF-8"?><row _id="12578345" _uuid="F9415ED7-285F-4302-8BB6-12579A35E50A" _position="12578345" _address="http://data.sfgov.org/resource/ritf-b9ki/12578345"><incidntnum>150409576</incidntnum><category>ROBBERY</category><descript>ROBBERY, BODILY FORCE</descript><dayofweek>Monday</dayofweek><date>2015-05-11T00:00:00</date><time>13:10</time><pddistrict>TENDERLOIN</pddistrict><resolution>NONE</resolution><address>400 Block of ELLIS ST</address><x>-122.413609328985</x><y>37.784696907904</y><location human_address="{&quot;address&quot;:&quot;&quot;,&quot;city&quot;:&quot;&quot;,&quot;state&quot;:&quot;&quot;,&quot;zip&quot;:&quot;&quot;}" latitude="37.784696907904" longitude="-122.413609328985" needs_recoding="false"/></row>