<?xml version="1.0" encoding="UTF-8"?><row _id="12584332" _uuid="608B5615-59B6-4DDE-9FBD-1A693C2181D9" _position="12584332" _address="http://data.sfgov.org/resource/ritf-b9ki/12584332"><incidntnum>150433519</incidntnum><category>FRAUD</category><descript>FRAUDULENT USE OF AUTOMATED TELLER CARD</descript><dayofweek>Monday</dayofweek><date>2015-05-18T00:00:00</date><time>16:00</time><pddistrict>SOUTHERN</pddistrict><resolution>NONE</resolution><address>800 Block of BRYANT ST</address><x>-122.403404791479</x><y>37.775420706711</y><location human_address="{&quot;address&quot;:&quot;&quot;,&quot;city&quot;:&quot;&quot;,&quot;state&quot;:&quot;&quot;,&quot;zip&quot;:&quot;&quot;}" latitude="37.775420706711" longitude="-122.403404791479" needs_recoding="false"/></row>