<?xml version="1.0" encoding="UTF-8"?><row _id="12572089" _uuid="93D4C2EC-B1BB-42C3-A943-9F68CA86D733" _position="12572089" _address="http://data.sfgov.org/resource/ritf-b9ki/12572089"><incidntnum>150404980</incidntnum><category>VEHICLE THEFT</category><descript>STOLEN AUTOMOBILE</descript><dayofweek>Saturday</dayofweek><date>2015-05-09T00:00:00</date><time>02:00</time><pddistrict>INGLESIDE</pddistrict><resolution>NONE</resolution><address>MADRID ST / AVALON AV</address><x>-122.42928085526</x><y>37.7262823043559</y><location human_address="{&quot;address&quot;:&quot;&quot;,&quot;city&quot;:&quot;&quot;,&quot;state&quot;:&quot;&quot;,&quot;zip&quot;:&quot;&quot;}" latitude="37.7262823043559" longitude="-122.42928085526" needs_recoding="false"/></row>