<?xml version="1.0" encoding="UTF-8"?><row _id="12584783" _uuid="2C5105C9-1DA0-4501-BF5C-F960200497BE" _position="12584783" _address="http://data.sfgov.org/resource/ritf-b9ki/12584783"><incidntnum>156119959</incidntnum><category>LARCENY/THEFT</category><descript>PETTY THEFT OF PROPERTY</descript><dayofweek>Tuesday</dayofweek><date>2015-05-19T00:00:00</date><time>11:30</time><pddistrict>SOUTHERN</pddistrict><resolution>NONE</resolution><address>800 Block of BRYANT ST</address><x>-122.403404791479</x><y>37.775420706711</y><location human_address="{&quot;address&quot;:&quot;&quot;,&quot;city&quot;:&quot;&quot;,&quot;state&quot;:&quot;&quot;,&quot;zip&quot;:&quot;&quot;}" latitude="37.775420706711" longitude="-122.403404791479" needs_recoding="false"/></row>