<?xml version="1.0" encoding="UTF-8"?><row _id="12580717" _uuid="C6FE41BD-3ECC-4C9C-BD0F-719E8A892DED" _position="12580717" _address="http://data.sfgov.org/resource/ritf-b9ki/12580717"><incidntnum>150403841</incidntnum><category>NON-CRIMINAL</category><descript>DEATH REPORT, CAUSE UNKNOWN</descript><dayofweek>Friday</dayofweek><date>2015-05-08T00:00:00</date><time>17:00</time><pddistrict>TARAVAL</pddistrict><resolution>NONE</resolution><address>300 Block of RALSTON ST</address><x>-122.468877005913</x><y>37.7187936431951</y><location human_address="{&quot;address&quot;:&quot;&quot;,&quot;city&quot;:&quot;&quot;,&quot;state&quot;:&quot;&quot;,&quot;zip&quot;:&quot;&quot;}" latitude="37.7187936431951" longitude="-122.468877005913" needs_recoding="false"/></row>