<?xml version="1.0" encoding="UTF-8"?><row _id="12584139" _uuid="AACC7DA5-AB5C-417D-8861-7C9CC0686DB7" _position="12584139" _address="http://data.sfgov.org/resource/ritf-b9ki/12584139"><incidntnum>150430076</incidntnum><category>NON-CRIMINAL</category><descript>CIVIL SIDEWALKS, CITATION</descript><dayofweek>Sunday</dayofweek><date>2015-05-17T00:00:00</date><time>16:09</time><pddistrict>TARAVAL</pddistrict><resolution>ARREST, BOOKED</resolution><address>1900 Block of OCEAN AV</address><x>-122.463597480953</x><y>37.725669186459</y><location human_address="{&quot;address&quot;:&quot;&quot;,&quot;city&quot;:&quot;&quot;,&quot;state&quot;:&quot;&quot;,&quot;zip&quot;:&quot;&quot;}" latitude="37.725669186459" longitude="-122.463597480953" needs_recoding="false"/></row>