<?xml version="1.0" encoding="UTF-8"?><row _id="12580741" _uuid="48DD41B8-ACCA-485B-BBC0-1797E1013C8D" _position="12580741" _address="http://data.sfgov.org/resource/ritf-b9ki/12580741"><incidntnum>150407821</incidntnum><category>LARCENY/THEFT</category><descript>GRAND THEFT FROM LOCKED AUTO</descript><dayofweek>Friday</dayofweek><date>2015-05-08T00:00:00</date><time>16:00</time><pddistrict>INGLESIDE</pddistrict><resolution>NONE</resolution><address>600 Block of MANGELS AV</address><x>-122.452314671367</x><y>37.7329982565065</y><location human_address="{&quot;address&quot;:&quot;&quot;,&quot;city&quot;:&quot;&quot;,&quot;state&quot;:&quot;&quot;,&quot;zip&quot;:&quot;&quot;}" latitude="37.7329982565065" longitude="-122.452314671367" needs_recoding="false"/></row>