<?xml version="1.0" encoding="UTF-8"?><row _id="12583425" _uuid="E6F7EC3C-C10A-4408-A8EC-41DE8E652954" _position="12583425" _address="http://data.sfgov.org/resource/ritf-b9ki/12583425"><incidntnum>156118832</incidntnum><category>VANDALISM</category><descript>MALICIOUS MISCHIEF, VANDALISM</descript><dayofweek>Saturday</dayofweek><date>2015-05-16T00:00:00</date><time>20:00</time><pddistrict>NORTHERN</pddistrict><resolution>NONE</resolution><address>600 Block of POLK ST</address><x>-122.419157628376</x><y>37.7826355741468</y><location human_address="{&quot;address&quot;:&quot;&quot;,&quot;city&quot;:&quot;&quot;,&quot;state&quot;:&quot;&quot;,&quot;zip&quot;:&quot;&quot;}" latitude="37.7826355741468" longitude="-122.419157628376" needs_recoding="false"/></row>