<?xml version="1.0" encoding="UTF-8"?><row _id="12583735" _uuid="2C841413-1A8F-43A4-8BB0-DC4B4A522774" _position="12583735" _address="http://data.sfgov.org/resource/ritf-b9ki/12583735"><incidntnum>150429364</incidntnum><category>SUSPICIOUS OCC</category><descript>SUSPICIOUS OCCURRENCE</descript><dayofweek>Sunday</dayofweek><date>2015-05-17T00:00:00</date><time>12:10</time><pddistrict>RICHMOND</pddistrict><resolution>NONE</resolution><address>35TH AV / FULTON ST</address><x>-122.494902902871</x><y>37.7720802079053</y><location human_address="{&quot;address&quot;:&quot;&quot;,&quot;city&quot;:&quot;&quot;,&quot;state&quot;:&quot;&quot;,&quot;zip&quot;:&quot;&quot;}" latitude="37.7720802079053" longitude="-122.494902902871" needs_recoding="false"/></row>