<?xml version="1.0" encoding="UTF-8"?><row _id="12571825" _uuid="E78DC6E8-295B-46CD-A52F-C2F67D3C6243" _position="12571825" _address="http://data.sfgov.org/resource/ritf-b9ki/12571825"><incidntnum>150396127</incidntnum><category>NON-CRIMINAL</category><descript>AIDED CASE, INJURED PERSON</descript><dayofweek>Thursday</dayofweek><date>2015-05-07T00:00:00</date><time>06:55</time><pddistrict>SOUTHERN</pddistrict><resolution>NONE</resolution><address>6TH ST / MARKET ST</address><x>-122.41029351969</x><y>37.7822305870036</y><location human_address="{&quot;address&quot;:&quot;&quot;,&quot;city&quot;:&quot;&quot;,&quot;state&quot;:&quot;&quot;,&quot;zip&quot;:&quot;&quot;}" latitude="37.7822305870036" longitude="-122.41029351969" needs_recoding="false"/></row>