<?xml version="1.0" encoding="UTF-8"?><row _id="12580653" _uuid="E06468CD-EBDD-4599-8773-213EBB2DC03A" _position="12580653" _address="http://data.sfgov.org/resource/ritf-b9ki/12580653"><incidntnum>150395248</incidntnum><category>OTHER OFFENSES</category><descript>CONSPIRACY</descript><dayofweek>Wednesday</dayofweek><date>2015-05-06T00:00:00</date><time>20:12</time><pddistrict>INGLESIDE</pddistrict><resolution>ARREST, BOOKED</resolution><address>100 Block of NIAGARA AV</address><x>-122.444130152771</x><y>37.7174540504976</y><location human_address="{&quot;address&quot;:&quot;&quot;,&quot;city&quot;:&quot;&quot;,&quot;state&quot;:&quot;&quot;,&quot;zip&quot;:&quot;&quot;}" latitude="37.7174540504976" longitude="-122.444130152771" needs_recoding="false"/></row>