<?xml version="1.0" encoding="UTF-8"?><row _id="12577330" _uuid="35BC6045-8CEB-4FE1-B3A9-C07A7B3F6EA6" _position="12577330" _address="http://data.sfgov.org/resource/ritf-b9ki/12577330"><incidntnum>150392216</incidntnum><category>MISSING PERSON</category><descript>MISSING JUVENILE</descript><dayofweek>Tuesday</dayofweek><date>2015-05-05T00:00:00</date><time>22:02</time><pddistrict>BAYVIEW</pddistrict><resolution>NONE</resolution><address>0 Block of DEDMAN CT</address><x>-122.384907106098</x><y>37.7368469604958</y><location human_address="{&quot;address&quot;:&quot;&quot;,&quot;city&quot;:&quot;&quot;,&quot;state&quot;:&quot;&quot;,&quot;zip&quot;:&quot;&quot;}" latitude="37.7368469604958" longitude="-122.384907106098" needs_recoding="false"/></row>