<?xml version="1.0" encoding="UTF-8"?><row _id="12593522" _uuid="1DA0D0AE-A53D-4D31-A1BE-EA9B63C12638" _position="12593522" _address="http://data.sfgov.org/resource/ritf-b9ki/12593522"><incidntnum>156141736</incidntnum><category>LARCENY/THEFT</category><descript>GRAND THEFT FROM LOCKED AUTO</descript><dayofweek>Saturday</dayofweek><date>2015-05-09T00:00:00</date><time>12:30</time><pddistrict>SOUTHERN</pddistrict><resolution>NONE</resolution><address>300 Block of 5TH ST</address><x>-122.402142725311</x><y>37.7791933366389</y><location human_address="{&quot;address&quot;:&quot;&quot;,&quot;city&quot;:&quot;&quot;,&quot;state&quot;:&quot;&quot;,&quot;zip&quot;:&quot;&quot;}" latitude="37.7791933366389" longitude="-122.402142725311" needs_recoding="false"/></row>