<?xml version="1.0" encoding="UTF-8"?><row _id="12584895" _uuid="C18C1ACF-909D-4DE6-BE57-91D51A5577B3" _position="12584895" _address="http://data.sfgov.org/resource/ritf-b9ki/12584895"><incidntnum>159002593</incidntnum><category>DRUG/NARCOTIC</category><descript>POSSESSION OF CONTROLLED SUBSTANCE</descript><dayofweek>Tuesday</dayofweek><date>2015-05-19T00:00:00</date><time>02:40</time><pddistrict>TARAVAL</pddistrict><resolution>ARREST, BOOKED</resolution><address>3500 Block of 19TH AV</address><x>-122.475305711203</x><y>37.7233359587483</y><location human_address="{&quot;address&quot;:&quot;&quot;,&quot;city&quot;:&quot;&quot;,&quot;state&quot;:&quot;&quot;,&quot;zip&quot;:&quot;&quot;}" latitude="37.7233359587483" longitude="-122.475305711203" needs_recoding="false"/></row>