<?xml version="1.0" encoding="UTF-8"?><row _id="12583056" _uuid="837A408A-27A7-40AE-BF3D-A087E7DF6910" _position="12583056" _address="http://data.sfgov.org/resource/ritf-b9ki/12583056"><incidntnum>156115537</incidntnum><category>LARCENY/THEFT</category><descript>GRAND THEFT FROM LOCKED AUTO</descript><dayofweek>Tuesday</dayofweek><date>2015-05-12T00:00:00</date><time>20:55</time><pddistrict>SOUTHERN</pddistrict><resolution>NONE</resolution><address>800 Block of MISSION ST</address><x>-122.405395493939</x><y>37.7835100715421</y><location human_address="{&quot;address&quot;:&quot;&quot;,&quot;city&quot;:&quot;&quot;,&quot;state&quot;:&quot;&quot;,&quot;zip&quot;:&quot;&quot;}" latitude="37.7835100715421" longitude="-122.405395493939" needs_recoding="false"/></row>