<?xml version="1.0" encoding="UTF-8"?><row _id="12583121" _uuid="CBCDBFA9-BF21-420D-B840-2C66CE5B532D" _position="12583121" _address="http://data.sfgov.org/resource/ritf-b9ki/12583121"><incidntnum>150421780</incidntnum><category>BURGLARY</category><descript>BURGLARY, VEHICLE (ARREST MADE)</descript><dayofweek>Friday</dayofweek><date>2015-05-15T00:00:00</date><time>04:55</time><pddistrict>BAYVIEW</pddistrict><resolution>ARREST, BOOKED</resolution><address>300 Block of ARKANSAS ST</address><x>-122.398467509702</x><y>37.7618070110114</y><location human_address="{&quot;address&quot;:&quot;&quot;,&quot;city&quot;:&quot;&quot;,&quot;state&quot;:&quot;&quot;,&quot;zip&quot;:&quot;&quot;}" latitude="37.7618070110114" longitude="-122.398467509702" needs_recoding="false"/></row>