<?xml version="1.0" encoding="UTF-8"?><row _id="12581180" _uuid="8AB3EAD1-9662-4D33-9246-84852B174573" _position="12581180" _address="http://data.sfgov.org/resource/ritf-b9ki/12581180"><incidntnum>150394331</incidntnum><category>OTHER OFFENSES</category><descript>TRAFFIC COLLISION, HIT &amp; RUN, PROPERTY DAMAGE</descript><dayofweek>Wednesday</dayofweek><date>2015-05-06T00:00:00</date><time>16:04</time><pddistrict>SOUTHERN</pddistrict><resolution>NONE</resolution><address>BRYANT ST / 2ND ST</address><x>-122.393622739343</x><y>37.7830791191471</y><location human_address="{&quot;address&quot;:&quot;&quot;,&quot;city&quot;:&quot;&quot;,&quot;state&quot;:&quot;&quot;,&quot;zip&quot;:&quot;&quot;}" latitude="37.7830791191471" longitude="-122.393622739343" needs_recoding="false"/></row>