<?xml version="1.0" encoding="UTF-8"?><row _id="12590609" _uuid="DFB529C6-020A-4BE9-98A4-72AAD84A36DE" _position="12590609" _address="http://data.sfgov.org/resource/ritf-b9ki/12590609"><incidntnum>150504803</incidntnum><category>OTHER OFFENSES</category><descript>FRAUDULENT GAME OR TRICK, OBTAINING MONEY OR PROPERTY</descript><dayofweek>Sunday</dayofweek><date>2015-05-10T00:00:00</date><time>00:01</time><pddistrict>CENTRAL</pddistrict><resolution>NONE</resolution><address>700 Block of FRONT ST</address><x>-122.39984969711</x><y>37.7982679017862</y><location human_address="{&quot;address&quot;:&quot;&quot;,&quot;city&quot;:&quot;&quot;,&quot;state&quot;:&quot;&quot;,&quot;zip&quot;:&quot;&quot;}" latitude="37.7982679017862" longitude="-122.39984969711" needs_recoding="false"/></row>