<?xml version="1.0" encoding="UTF-8"?><row _id="12577815" _uuid="4A8964BB-1820-4B01-B612-B0C5094D7B30" _position="12577815" _address="http://data.sfgov.org/resource/ritf-b9ki/12577815"><incidntnum>150400364</incidntnum><category>BURGLARY</category><descript>BURGLARY, UNLAWFUL ENTRY</descript><dayofweek>Thursday</dayofweek><date>2015-05-07T00:00:00</date><time>18:30</time><pddistrict>NORTHERN</pddistrict><resolution>NONE</resolution><address>2200 Block of FILBERT ST</address><x>-122.436528957033</x><y>37.7979685148729</y><location human_address="{&quot;address&quot;:&quot;&quot;,&quot;city&quot;:&quot;&quot;,&quot;state&quot;:&quot;&quot;,&quot;zip&quot;:&quot;&quot;}" latitude="37.7979685148729" longitude="-122.436528957033" needs_recoding="false"/></row>