<?xml version="1.0" encoding="UTF-8"?><row _id="12585646" _uuid="8B66F95F-2CA7-4647-888A-627CD15F75B9" _position="12585646" _address="http://data.sfgov.org/resource/ritf-b9ki/12585646"><incidntnum>156127128</incidntnum><category>LARCENY/THEFT</category><descript>GRAND THEFT OF PROPERTY</descript><dayofweek>Monday</dayofweek><date>2015-05-18T00:00:00</date><time>10:32</time><pddistrict>CENTRAL</pddistrict><resolution>NONE</resolution><address>0 Block of GEARY ST</address><x>-122.404271795034</x><y>37.7878080003666</y><location human_address="{&quot;address&quot;:&quot;&quot;,&quot;city&quot;:&quot;&quot;,&quot;state&quot;:&quot;&quot;,&quot;zip&quot;:&quot;&quot;}" latitude="37.7878080003666" longitude="-122.404271795034" needs_recoding="false"/></row>