<?xml version="1.0" encoding="UTF-8"?><row _id="12627095" _uuid="20D3BDC2-A097-4D24-A7F6-9E2CA607361A" _position="12627095" _address="http://data.sfgov.org/resource/ritf-b9ki/12627095"><incidntnum>150412626</incidntnum><category>MISSING PERSON</category><descript>FOUND PERSON</descript><dayofweek>Tuesday</dayofweek><date>2015-05-12T00:00:00</date><time>11:15</time><pddistrict>PARK</pddistrict><resolution>NONE</resolution><address>300 Block of WOODSIDE AV</address><x>-122.452716700987</x><y>37.7457451434135</y><location human_address="{&quot;address&quot;:&quot;&quot;,&quot;city&quot;:&quot;&quot;,&quot;state&quot;:&quot;&quot;,&quot;zip&quot;:&quot;&quot;}" latitude="37.7457451434135" longitude="-122.452716700987" needs_recoding="false"/></row>