<?xml version="1.0" encoding="UTF-8"?><row _id="12571976" _uuid="54722F83-F370-4CD6-9530-D37651E1B551" _position="12571976" _address="http://data.sfgov.org/resource/ritf-b9ki/12571976"><incidntnum>150401384</incidntnum><category>OTHER OFFENSES</category><descript>TRAFFIC VIOLATION ARREST</descript><dayofweek>Friday</dayofweek><date>2015-05-08T00:00:00</date><time>15:58</time><pddistrict>CENTRAL</pddistrict><resolution>ARREST, CITED</resolution><address>CALIFORNIA ST / MASON ST</address><x>-122.410820939447</x><y>37.7918334597232</y><location human_address="{&quot;address&quot;:&quot;&quot;,&quot;city&quot;:&quot;&quot;,&quot;state&quot;:&quot;&quot;,&quot;zip&quot;:&quot;&quot;}" latitude="37.7918334597232" longitude="-122.410820939447" needs_recoding="false"/></row>