<?xml version="1.0" encoding="UTF-8"?><row _id="12577865" _uuid="9999C022-A88F-483B-B932-C9643407500F" _position="12577865" _address="http://data.sfgov.org/resource/ritf-b9ki/12577865"><incidntnum>150401469</incidntnum><category>LARCENY/THEFT</category><descript>PETTY THEFT FROM A BUILDING</descript><dayofweek>Thursday</dayofweek><date>2015-05-07T00:00:00</date><time>17:00</time><pddistrict>INGLESIDE</pddistrict><resolution>NONE</resolution><address>0 Block of PHELAN AV</address><x>-122.452289660492</x><y>37.7256933575703</y><location human_address="{&quot;address&quot;:&quot;&quot;,&quot;city&quot;:&quot;&quot;,&quot;state&quot;:&quot;&quot;,&quot;zip&quot;:&quot;&quot;}" latitude="37.7256933575703" longitude="-122.452289660492" needs_recoding="false"/></row>