<?xml version="1.0" encoding="UTF-8"?><row _id="12585524" _uuid="216423AA-1E4C-406B-AC51-C3ECAF9DF7B5" _position="12585524" _address="http://data.sfgov.org/resource/ritf-b9ki/12585524"><incidntnum>150443411</incidntnum><category>BURGLARY</category><descript>BURGLARY OF RESIDENCE, UNLAWFUL ENTRY</descript><dayofweek>Thursday</dayofweek><date>2015-05-21T00:00:00</date><time>09:30</time><pddistrict>INGLESIDE</pddistrict><resolution>NONE</resolution><address>200 Block of ELLSWORTH ST</address><x>-122.41453967354</x><y>37.7395761096677</y><location human_address="{&quot;address&quot;:&quot;&quot;,&quot;city&quot;:&quot;&quot;,&quot;state&quot;:&quot;&quot;,&quot;zip&quot;:&quot;&quot;}" latitude="37.7395761096677" longitude="-122.41453967354" needs_recoding="false"/></row>