<?xml version="1.0" encoding="UTF-8"?><row _id="12582773" _uuid="56BD9380-B2DB-48AE-94AD-E8639EFB3FCE" _position="12582773" _address="http://data.sfgov.org/resource/ritf-b9ki/12582773"><incidntnum>150425306</incidntnum><category>VEHICLE THEFT</category><descript>STOLEN TRUCK</descript><dayofweek>Friday</dayofweek><date>2015-05-15T00:00:00</date><time>23:00</time><pddistrict>TARAVAL</pddistrict><resolution>NONE</resolution><address>JUDAH ST / 14TH AV</address><x>-122.471537718172</x><y>37.761938745419</y><location human_address="{&quot;address&quot;:&quot;&quot;,&quot;city&quot;:&quot;&quot;,&quot;state&quot;:&quot;&quot;,&quot;zip&quot;:&quot;&quot;}" latitude="37.761938745419" longitude="-122.471537718172" needs_recoding="false"/></row>