<?xml version="1.0" encoding="UTF-8"?><row _id="12571720" _uuid="8841E6CF-F7F5-4780-8255-E485CA8456C6" _position="12571720" _address="http://data.sfgov.org/resource/ritf-b9ki/12571720"><incidntnum>150392410</incidntnum><category>NON-CRIMINAL</category><descript>PROPERTY FOR IDENTIFICATION</descript><dayofweek>Wednesday</dayofweek><date>2015-05-06T00:00:00</date><time>01:06</time><pddistrict>MISSION</pddistrict><resolution>NONE</resolution><address>16TH ST / MISSION ST</address><x>-122.419671780296</x><y>37.7650501214668</y><location human_address="{&quot;address&quot;:&quot;&quot;,&quot;city&quot;:&quot;&quot;,&quot;state&quot;:&quot;&quot;,&quot;zip&quot;:&quot;&quot;}" latitude="37.7650501214668" longitude="-122.419671780296" needs_recoding="false"/></row>