<?xml version="1.0" encoding="UTF-8"?><row _id="12572456" _uuid="F027F181-38FC-4357-A564-47725C2FFB2D" _position="12572456" _address="http://data.sfgov.org/resource/ritf-b9ki/12572456"><incidntnum>150417171</incidntnum><category>OTHER OFFENSES</category><descript>TRAFFIC VIOLATION</descript><dayofweek>Wednesday</dayofweek><date>2015-05-13T00:00:00</date><time>18:02</time><pddistrict>MISSION</pddistrict><resolution>ARREST, BOOKED</resolution><address>25TH ST / SHOTWELL ST</address><x>-122.415014685048</x><y>37.750836391744</y><location human_address="{&quot;address&quot;:&quot;&quot;,&quot;city&quot;:&quot;&quot;,&quot;state&quot;:&quot;&quot;,&quot;zip&quot;:&quot;&quot;}" latitude="37.750836391744" longitude="-122.415014685048" needs_recoding="false"/></row>