<?xml version="1.0" encoding="UTF-8"?><row _id="12582024" _uuid="D4370FDA-5E63-4E87-91F5-E7DE40468384" _position="12582024" _address="http://data.sfgov.org/resource/ritf-b9ki/12582024"><incidntnum>150409532</incidntnum><category>NON-CRIMINAL</category><descript>AIDED CASE -PROPERTY FOR DESTRUCTION</descript><dayofweek>Monday</dayofweek><date>2015-05-11T00:00:00</date><time>13:25</time><pddistrict>RICHMOND</pddistrict><resolution>NONE</resolution><address>400 Block of 6TH AV</address><x>-122.464279879446</x><y>37.7800332991006</y><location human_address="{&quot;address&quot;:&quot;&quot;,&quot;city&quot;:&quot;&quot;,&quot;state&quot;:&quot;&quot;,&quot;zip&quot;:&quot;&quot;}" latitude="37.7800332991006" longitude="-122.464279879446" needs_recoding="false"/></row>