<?xml version="1.0" encoding="UTF-8"?><row _id="12586361" _uuid="B4428379-5D99-4108-AB9A-FC3692ADB0E1" _position="12586361" _address="http://data.sfgov.org/resource/ritf-b9ki/12586361"><incidntnum>150448405</incidntnum><category>ASSAULT</category><descript>AGGRAVATED ASSAULT WITH A KNIFE</descript><dayofweek>Saturday</dayofweek><date>2015-05-23T00:00:00</date><time>00:01</time><pddistrict>CENTRAL</pddistrict><resolution>ARREST, BOOKED</resolution><address>WASHINGTON ST / OLDCHINATOWN LN</address><x>-122.407707055962</x><y>37.7949878766537</y><location human_address="{&quot;address&quot;:&quot;&quot;,&quot;city&quot;:&quot;&quot;,&quot;state&quot;:&quot;&quot;,&quot;zip&quot;:&quot;&quot;}" latitude="37.7949878766537" longitude="-122.407707055962" needs_recoding="false"/></row>