<?xml version="1.0" encoding="UTF-8"?><row _id="12583701" _uuid="82B8A2D1-DFBF-41C4-B08B-CFFF5301A030" _position="12583701" _address="http://data.sfgov.org/resource/ritf-b9ki/12583701"><incidntnum>150430139</incidntnum><category>LARCENY/THEFT</category><descript>GRAND THEFT FROM LOCKED AUTO</descript><dayofweek>Sunday</dayofweek><date>2015-05-17T00:00:00</date><time>11:00</time><pddistrict>PARK</pddistrict><resolution>NONE</resolution><address>SHRADER ST / WALLER ST</address><x>-122.451678102615</x><y>37.7684443887807</y><location human_address="{&quot;address&quot;:&quot;&quot;,&quot;city&quot;:&quot;&quot;,&quot;state&quot;:&quot;&quot;,&quot;zip&quot;:&quot;&quot;}" latitude="37.7684443887807" longitude="-122.451678102615" needs_recoding="false"/></row>