<?xml version="1.0" encoding="UTF-8"?><row _id="12578865" _uuid="96EC2581-309E-4DD6-9E22-DA2D9350C04D" _position="12578865" _address="http://data.sfgov.org/resource/ritf-b9ki/12578865"><incidntnum>150418113</incidntnum><category>NON-CRIMINAL</category><descript>AIDED CASE, MENTAL DISTURBED</descript><dayofweek>Wednesday</dayofweek><date>2015-05-13T00:00:00</date><time>19:19</time><pddistrict>SOUTHERN</pddistrict><resolution>NONE</resolution><address>0 Block of MARKET ST</address><x>-122.395097774181</x><y>37.7940590485562</y><location human_address="{&quot;address&quot;:&quot;&quot;,&quot;city&quot;:&quot;&quot;,&quot;state&quot;:&quot;&quot;,&quot;zip&quot;:&quot;&quot;}" latitude="37.7940590485562" longitude="-122.395097774181" needs_recoding="false"/></row>