<?xml version="1.0" encoding="UTF-8"?><row _id="12571898" _uuid="80332CE1-B167-458D-BBA3-F198C77FE476" _position="12571898" _address="http://data.sfgov.org/resource/ritf-b9ki/12571898"><incidntnum>150398521</incidntnum><category>NON-CRIMINAL</category><descript>AIDED CASE, MENTAL DISTURBED</descript><dayofweek>Thursday</dayofweek><date>2015-05-07T00:00:00</date><time>17:49</time><pddistrict>TENDERLOIN</pddistrict><resolution>NONE</resolution><address>TURK ST / LEAVENWORTH ST</address><x>-122.414056291891</x><y>37.7827931071006</y><location human_address="{&quot;address&quot;:&quot;&quot;,&quot;city&quot;:&quot;&quot;,&quot;state&quot;:&quot;&quot;,&quot;zip&quot;:&quot;&quot;}" latitude="37.7827931071006" longitude="-122.414056291891" needs_recoding="false"/></row>