<?xml version="1.0" encoding="UTF-8"?><row _id="12584319" _uuid="E5AD5EEE-22E0-4519-AEC2-21BE43EB71B9" _position="12584319" _address="http://data.sfgov.org/resource/ritf-b9ki/12584319"><incidntnum>150433105</incidntnum><category>LARCENY/THEFT</category><descript>PETTY THEFT FROM A BUILDING</descript><dayofweek>Monday</dayofweek><date>2015-05-18T00:00:00</date><time>15:20</time><pddistrict>CENTRAL</pddistrict><resolution>NONE</resolution><address>300 Block of JEFFERSON ST</address><x>-122.418270696719</x><y>37.8078519838014</y><location human_address="{&quot;address&quot;:&quot;&quot;,&quot;city&quot;:&quot;&quot;,&quot;state&quot;:&quot;&quot;,&quot;zip&quot;:&quot;&quot;}" latitude="37.8078519838014" longitude="-122.418270696719" needs_recoding="false"/></row>