<?xml version="1.0" encoding="UTF-8"?><row _id="12578315" _uuid="792B1A7C-B017-4E89-AB2D-148640F20445" _position="12578315" _address="http://data.sfgov.org/resource/ritf-b9ki/12578315"><incidntnum>150409231</incidntnum><category>BURGLARY</category><descript>BURGLARY,RESIDENCE UNDER CONSTRT, FORCIBLE ENTRY</descript><dayofweek>Friday</dayofweek><date>2015-05-08T00:00:00</date><time>16:00</time><pddistrict>NORTHERN</pddistrict><resolution>NONE</resolution><address>700 Block of FELL ST</address><x>-122.430193587144</x><y>37.7749507679575</y><location human_address="{&quot;address&quot;:&quot;&quot;,&quot;city&quot;:&quot;&quot;,&quot;state&quot;:&quot;&quot;,&quot;zip&quot;:&quot;&quot;}" latitude="37.7749507679575" longitude="-122.430193587144" needs_recoding="false"/></row>