<?xml version="1.0" encoding="UTF-8"?><row _id="12572107" _uuid="2698E835-0561-4446-9286-264B292B5D81" _position="12572107" _address="http://data.sfgov.org/resource/ritf-b9ki/12572107"><incidntnum>150405386</incidntnum><category>VANDALISM</category><descript>MALICIOUS MISCHIEF, VANDALISM</descript><dayofweek>Saturday</dayofweek><date>2015-05-09T00:00:00</date><time>18:30</time><pddistrict>MISSION</pddistrict><resolution>NONE</resolution><address>POTRERO AV / CESAR CHAVEZ ST</address><x>-122.405096871916</x><y>37.7491100050973</y><location human_address="{&quot;address&quot;:&quot;&quot;,&quot;city&quot;:&quot;&quot;,&quot;state&quot;:&quot;&quot;,&quot;zip&quot;:&quot;&quot;}" latitude="37.7491100050973" longitude="-122.405096871916" needs_recoding="false"/></row>