<?xml version="1.0" encoding="UTF-8"?><row _id="12584915" _uuid="A264AB26-F75B-44EB-B309-C4400D901BED" _position="12584915" _address="http://data.sfgov.org/resource/ritf-b9ki/12584915"><incidntnum>156121716</incidntnum><category>LARCENY/THEFT</category><descript>GRAND THEFT FROM LOCKED AUTO</descript><dayofweek>Tuesday</dayofweek><date>2015-05-19T00:00:00</date><time>21:00</time><pddistrict>PARK</pddistrict><resolution>NONE</resolution><address>200 Block of STATES ST</address><x>-122.439088669509</x><y>37.7634139962541</y><location human_address="{&quot;address&quot;:&quot;&quot;,&quot;city&quot;:&quot;&quot;,&quot;state&quot;:&quot;&quot;,&quot;zip&quot;:&quot;&quot;}" latitude="37.7634139962541" longitude="-122.439088669509" needs_recoding="false"/></row>