<?xml version="1.0" encoding="UTF-8"?><row _id="12597641" _uuid="151E6801-189C-4A45-B1D0-F37A8F2F02E9" _position="12597641" _address="http://data.sfgov.org/resource/ritf-b9ki/12597641"><incidntnum>156150486</incidntnum><category>LARCENY/THEFT</category><descript>GRAND THEFT FROM LOCKED AUTO</descript><dayofweek>Monday</dayofweek><date>2015-06-01T00:00:00</date><time>07:00</time><pddistrict>SOUTHERN</pddistrict><resolution>NONE</resolution><address>5TH ST / MISSION ST</address><x>-122.406481972743</x><y>37.7827317884887</y><location human_address="{&quot;address&quot;:&quot;&quot;,&quot;city&quot;:&quot;&quot;,&quot;state&quot;:&quot;&quot;,&quot;zip&quot;:&quot;&quot;}" latitude="37.7827317884887" longitude="-122.406481972743" needs_recoding="false"/></row>