<?xml version="1.0" encoding="UTF-8"?><row _id="12572361" _uuid="EB74FAB0-202E-488C-8302-07BB25B74FAC" _position="12572361" _address="http://data.sfgov.org/resource/ritf-b9ki/12572361"><incidntnum>150413931</incidntnum><category>LARCENY/THEFT</category><descript>PETTY THEFT BICYCLE</descript><dayofweek>Monday</dayofweek><date>2015-05-11T00:00:00</date><time>17:30</time><pddistrict>MISSION</pddistrict><resolution>NONE</resolution><address>18TH ST / CHURCH ST</address><x>-122.428355366652</x><y>37.7612577113414</y><location human_address="{&quot;address&quot;:&quot;&quot;,&quot;city&quot;:&quot;&quot;,&quot;state&quot;:&quot;&quot;,&quot;zip&quot;:&quot;&quot;}" latitude="37.7612577113414" longitude="-122.428355366652" needs_recoding="false"/></row>