<?xml version="1.0" encoding="UTF-8"?><row _id="12586072" _uuid="4CF382F5-BEE3-41B5-A3AF-F31884A30C27" _position="12586072" _address="http://data.sfgov.org/resource/ritf-b9ki/12586072"><incidntnum>150447623</incidntnum><category>VANDALISM</category><descript>MALICIOUS MISCHIEF, VANDALISM</descript><dayofweek>Friday</dayofweek><date>2015-05-22T00:00:00</date><time>21:15</time><pddistrict>SOUTHERN</pddistrict><resolution>NONE</resolution><address>100 Block of 6TH ST</address><x>-122.408368579345</x><y>37.7807784253732</y><location human_address="{&quot;address&quot;:&quot;&quot;,&quot;city&quot;:&quot;&quot;,&quot;state&quot;:&quot;&quot;,&quot;zip&quot;:&quot;&quot;}" latitude="37.7807784253732" longitude="-122.408368579345" needs_recoding="false"/></row>