<?xml version="1.0" encoding="UTF-8"?><row _id="12581909" _uuid="A9C69C73-E64B-448F-8122-7902318CC7C8" _position="12581909" _address="http://data.sfgov.org/resource/ritf-b9ki/12581909"><incidntnum>150394397</incidntnum><category>ROBBERY</category><descript>SHOPLIFTING, FORCE AGAINST AGENT</descript><dayofweek>Wednesday</dayofweek><date>2015-05-06T00:00:00</date><time>15:50</time><pddistrict>MISSION</pddistrict><resolution>NONE</resolution><address>2100 Block of MARKET ST</address><x>-122.429788986988</x><y>37.7666521474762</y><location human_address="{&quot;address&quot;:&quot;&quot;,&quot;city&quot;:&quot;&quot;,&quot;state&quot;:&quot;&quot;,&quot;zip&quot;:&quot;&quot;}" latitude="37.7666521474762" longitude="-122.429788986988" needs_recoding="false"/></row>