<?xml version="1.0" encoding="UTF-8"?><row _id="12585905" _uuid="DA10E250-73E4-426D-86FB-3A2650CDAC39" _position="12585905" _address="http://data.sfgov.org/resource/ritf-b9ki/12585905"><incidntnum>150444522</incidntnum><category>OTHER OFFENSES</category><descript>TRAFFIC VIOLATION ARREST</descript><dayofweek>Friday</dayofweek><date>2015-05-22T00:00:00</date><time>01:30</time><pddistrict>TARAVAL</pddistrict><resolution>ARREST, BOOKED</resolution><address>700 Block of LAKE MERCED BL</address><x>-122.48496497357</x><y>37.7212867951182</y><location human_address="{&quot;address&quot;:&quot;&quot;,&quot;city&quot;:&quot;&quot;,&quot;state&quot;:&quot;&quot;,&quot;zip&quot;:&quot;&quot;}" latitude="37.7212867951182" longitude="-122.48496497357" needs_recoding="false"/></row>