<?xml version="1.0" encoding="UTF-8"?><row _id="12577618" _uuid="43650BED-DB31-4742-895F-024D9704D122" _position="12577618" _address="http://data.sfgov.org/resource/ritf-b9ki/12577618"><incidntnum>150396923</incidntnum><category>VEHICLE THEFT</category><descript>STOLEN AUTOMOBILE</descript><dayofweek>Wednesday</dayofweek><date>2015-05-06T00:00:00</date><time>17:00</time><pddistrict>INGLESIDE</pddistrict><resolution>NONE</resolution><address>200 Block of WHIPPLE AV</address><x>-122.44973599668</x><y>37.7125168953314</y><location human_address="{&quot;address&quot;:&quot;&quot;,&quot;city&quot;:&quot;&quot;,&quot;state&quot;:&quot;&quot;,&quot;zip&quot;:&quot;&quot;}" latitude="37.7125168953314" longitude="-122.44973599668" needs_recoding="false"/></row>