<?xml version="1.0" encoding="UTF-8"?><row _id="12591526" _uuid="D1FCD097-AC53-4C5E-8506-67899209235A" _position="12591526" _address="http://data.sfgov.org/resource/ritf-b9ki/12591526"><incidntnum>150507766</incidntnum><category>LARCENY/THEFT</category><descript>GRAND THEFT FROM PERSON</descript><dayofweek>Sunday</dayofweek><date>2015-05-10T00:00:00</date><time>12:00</time><pddistrict>TARAVAL</pddistrict><resolution>NONE</resolution><address>300 Block of ARBALLO DR</address><x>-122.483106168758</x><y>37.7201245877973</y><location human_address="{&quot;address&quot;:&quot;&quot;,&quot;city&quot;:&quot;&quot;,&quot;state&quot;:&quot;&quot;,&quot;zip&quot;:&quot;&quot;}" latitude="37.7201245877973" longitude="-122.483106168758" needs_recoding="false"/></row>