<?xml version="1.0" encoding="UTF-8"?><row _id="12577626" _uuid="C489B124-A859-4DB5-9109-46F213E62F77" _position="12577626" _address="http://data.sfgov.org/resource/ritf-b9ki/12577626"><incidntnum>150397084</incidntnum><category>OTHER OFFENSES</category><descript>MISCELLANEOUS INVESTIGATION</descript><dayofweek>Thursday</dayofweek><date>2015-05-07T00:00:00</date><time>12:20</time><pddistrict>TARAVAL</pddistrict><resolution>NONE</resolution><address>2600 Block of 36TH AV</address><x>-122.493533876963</x><y>37.7375981623262</y><location human_address="{&quot;address&quot;:&quot;&quot;,&quot;city&quot;:&quot;&quot;,&quot;state&quot;:&quot;&quot;,&quot;zip&quot;:&quot;&quot;}" latitude="37.7375981623262" longitude="-122.493533876963" needs_recoding="false"/></row>