<?xml version="1.0" encoding="UTF-8"?><row _id="12578349" _uuid="955753FF-903A-49BD-BDA0-3A0830C4EDDD" _position="12578349" _address="http://data.sfgov.org/resource/ritf-b9ki/12578349"><incidntnum>150409651</incidntnum><category>RUNAWAY</category><descript>RUNAWAY</descript><dayofweek>Monday</dayofweek><date>2015-05-11T00:00:00</date><time>11:45</time><pddistrict>RICHMOND</pddistrict><resolution>NONE</resolution><address>800 Block of EUCLID AV</address><x>-122.458490740585</x><y>37.7837951529214</y><location human_address="{&quot;address&quot;:&quot;&quot;,&quot;city&quot;:&quot;&quot;,&quot;state&quot;:&quot;&quot;,&quot;zip&quot;:&quot;&quot;}" latitude="37.7837951529214" longitude="-122.458490740585" needs_recoding="false"/></row>