<?xml version="1.0" encoding="UTF-8"?><row _id="12572075" _uuid="D6CAB56F-44B0-45CE-8414-8A77A529EEAA" _position="12572075" _address="http://data.sfgov.org/resource/ritf-b9ki/12572075"><incidntnum>150404651</incidntnum><category>OTHER OFFENSES</category><descript>PROBATION VIOLATION</descript><dayofweek>Saturday</dayofweek><date>2015-05-09T00:00:00</date><time>14:15</time><pddistrict>CENTRAL</pddistrict><resolution>ARREST, BOOKED</resolution><address>FRONT ST / GREEN ST</address><x>-122.400252662923</x><y>37.8006075195541</y><location human_address="{&quot;address&quot;:&quot;&quot;,&quot;city&quot;:&quot;&quot;,&quot;state&quot;:&quot;&quot;,&quot;zip&quot;:&quot;&quot;}" latitude="37.8006075195541" longitude="-122.400252662923" needs_recoding="false"/></row>