<?xml version="1.0" encoding="UTF-8"?><row _id="12592149" _uuid="98ABCB78-0676-4CB2-94C2-DC84AE82C6EE" _position="12592149" _address="http://data.sfgov.org/resource/ritf-b9ki/12592149"><incidntnum>150492195</incidntnum><category>SUSPICIOUS OCC</category><descript>INVESTIGATIVE DETENTION</descript><dayofweek>Friday</dayofweek><date>2015-06-05T00:00:00</date><time>18:29</time><pddistrict>SOUTHERN</pddistrict><resolution>NONE</resolution><address>800 Block of MARKET ST</address><x>-122.406520987144</x><y>37.7850629421661</y><location human_address="{&quot;address&quot;:&quot;&quot;,&quot;city&quot;:&quot;&quot;,&quot;state&quot;:&quot;&quot;,&quot;zip&quot;:&quot;&quot;}" latitude="37.7850629421661" longitude="-122.406520987144" needs_recoding="false"/></row>