<?xml version="1.0" encoding="UTF-8"?><row _id="12572390" _uuid="F379BD15-F91A-4324-B4E8-4A7A9D6310AB" _position="12572390" _address="http://data.sfgov.org/resource/ritf-b9ki/12572390"><incidntnum>150414989</incidntnum><category>OTHER OFFENSES</category><descript>CONSPIRACY</descript><dayofweek>Wednesday</dayofweek><date>2015-05-13T00:00:00</date><time>02:22</time><pddistrict>TARAVAL</pddistrict><resolution>ARREST, BOOKED</resolution><address>34TH AV / VICENTE ST</address><x>-122.491524311669</x><y>37.7386133211681</y><location human_address="{&quot;address&quot;:&quot;&quot;,&quot;city&quot;:&quot;&quot;,&quot;state&quot;:&quot;&quot;,&quot;zip&quot;:&quot;&quot;}" latitude="37.7386133211681" longitude="-122.491524311669" needs_recoding="false"/></row>