<?xml version="1.0" encoding="UTF-8"?><row _id="12583487" _uuid="EA47CDE1-31BA-45C5-92B5-91721E0C2D2E" _position="12583487" _address="http://data.sfgov.org/resource/ritf-b9ki/12583487"><incidntnum>150426752</incidntnum><category>OTHER OFFENSES</category><descript>RESISTING ARREST</descript><dayofweek>Saturday</dayofweek><date>2015-05-16T00:00:00</date><time>16:45</time><pddistrict>NORTHERN</pddistrict><resolution>NONE</resolution><address>1900 Block of UNION ST</address><x>-122.430987283243</x><y>37.79760610926</y><location human_address="{&quot;address&quot;:&quot;&quot;,&quot;city&quot;:&quot;&quot;,&quot;state&quot;:&quot;&quot;,&quot;zip&quot;:&quot;&quot;}" latitude="37.79760610926" longitude="-122.430987283243" needs_recoding="false"/></row>