<?xml version="1.0" encoding="UTF-8"?><row _id="12586787" _uuid="6CDD55C6-086B-48D7-B59C-6A6583A745AF" _position="12586787" _address="http://data.sfgov.org/resource/ritf-b9ki/12586787"><incidntnum>150448392</incidntnum><category>VANDALISM</category><descript>MALICIOUS MISCHIEF, VANDALISM OF VEHICLES</descript><dayofweek>Saturday</dayofweek><date>2015-05-23T00:00:00</date><time>02:50</time><pddistrict>MISSION</pddistrict><resolution>ARREST, BOOKED</resolution><address>600 Block of CAPP ST</address><x>-122.417802962628</x><y>37.7562822236574</y><location human_address="{&quot;address&quot;:&quot;&quot;,&quot;city&quot;:&quot;&quot;,&quot;state&quot;:&quot;&quot;,&quot;zip&quot;:&quot;&quot;}" latitude="37.7562822236574" longitude="-122.417802962628" needs_recoding="false"/></row>