<?xml version="1.0" encoding="UTF-8"?><row _id="12577562" _uuid="402CAC88-A56D-4E80-A3CF-A6EE565FF896" _position="12577562" _address="http://data.sfgov.org/resource/ritf-b9ki/12577562"><incidntnum>150395981</incidntnum><category>VANDALISM</category><descript>MALICIOUS MISCHIEF, BREAKING WINDOWS</descript><dayofweek>Wednesday</dayofweek><date>2015-05-06T00:00:00</date><time>17:00</time><pddistrict>BAYVIEW</pddistrict><resolution>NONE</resolution><address>1400 Block of EVANS AV</address><x>-122.385748602368</x><y>37.7413301917564</y><location human_address="{&quot;address&quot;:&quot;&quot;,&quot;city&quot;:&quot;&quot;,&quot;state&quot;:&quot;&quot;,&quot;zip&quot;:&quot;&quot;}" latitude="37.7413301917564" longitude="-122.385748602368" needs_recoding="false"/></row>