<?xml version="1.0" encoding="UTF-8"?><row _id="12584070" _uuid="0FEE6DD8-8A87-493D-86ED-5919E258C8D4" _position="12584070" _address="http://data.sfgov.org/resource/ritf-b9ki/12584070"><incidntnum>156123148</incidntnum><category>LARCENY/THEFT</category><descript>GRAND THEFT FROM LOCKED AUTO</descript><dayofweek>Sunday</dayofweek><date>2015-05-17T00:00:00</date><time>15:08</time><pddistrict>NORTHERN</pddistrict><resolution>NONE</resolution><address>1000 Block of VANNESS AV</address><x>-122.421203512</x><y>37.7854812046447</y><location human_address="{&quot;address&quot;:&quot;&quot;,&quot;city&quot;:&quot;&quot;,&quot;state&quot;:&quot;&quot;,&quot;zip&quot;:&quot;&quot;}" latitude="37.7854812046447" longitude="-122.421203512" needs_recoding="false"/></row>