<?xml version="1.0" encoding="UTF-8"?><row _id="12585165" _uuid="81587FCA-C09A-4F73-9588-96F82524A206" _position="12585165" _address="http://data.sfgov.org/resource/ritf-b9ki/12585165"><incidntnum>150441089</incidntnum><category>LARCENY/THEFT</category><descript>GRAND THEFT FROM LOCKED AUTO</descript><dayofweek>Wednesday</dayofweek><date>2015-05-20T00:00:00</date><time>21:26</time><pddistrict>PARK</pddistrict><resolution>NONE</resolution><address>2600 Block of GEARY BL</address><x>-122.446612978839</x><y>37.7822458223917</y><location human_address="{&quot;address&quot;:&quot;&quot;,&quot;city&quot;:&quot;&quot;,&quot;state&quot;:&quot;&quot;,&quot;zip&quot;:&quot;&quot;}" latitude="37.7822458223917" longitude="-122.446612978839" needs_recoding="false"/></row>