<?xml version="1.0" encoding="UTF-8"?><row _id="12578695" _uuid="96F61CE2-1BA2-455D-8D84-43A8D7413AB9" _position="12578695" _address="http://data.sfgov.org/resource/ritf-b9ki/12578695"><incidntnum>150415197</incidntnum><category>ROBBERY</category><descript>ROBBERY ON THE STREET, STRONGARM</descript><dayofweek>Wednesday</dayofweek><date>2015-05-13T00:00:00</date><time>07:10</time><pddistrict>BAYVIEW</pddistrict><resolution>NONE</resolution><address>1500 Block of SILVER AV</address><x>-122.406092270691</x><y>37.7323483235069</y><location human_address="{&quot;address&quot;:&quot;&quot;,&quot;city&quot;:&quot;&quot;,&quot;state&quot;:&quot;&quot;,&quot;zip&quot;:&quot;&quot;}" latitude="37.7323483235069" longitude="-122.406092270691" needs_recoding="false"/></row>