<?xml version="1.0" encoding="UTF-8"?><row _id="12582503" _uuid="448AB567-1D92-49B7-984D-00543BE307C6" _position="12582503" _address="http://data.sfgov.org/resource/ritf-b9ki/12582503"><incidntnum>150420964</incidntnum><category>NON-CRIMINAL</category><descript>AIDED CASE</descript><dayofweek>Thursday</dayofweek><date>2015-05-14T00:00:00</date><time>20:34</time><pddistrict>TARAVAL</pddistrict><resolution>NONE</resolution><address>3700 Block of PACHECO ST</address><x>-122.500335110636</x><y>37.7495030636812</y><location human_address="{&quot;address&quot;:&quot;&quot;,&quot;city&quot;:&quot;&quot;,&quot;state&quot;:&quot;&quot;,&quot;zip&quot;:&quot;&quot;}" latitude="37.7495030636812" longitude="-122.500335110636" needs_recoding="false"/></row>