<?xml version="1.0" encoding="UTF-8"?><row _id="12594612" _uuid="8EFF53BB-BDE3-456F-9415-2257459959F5" _position="12594612" _address="http://data.sfgov.org/resource/ritf-b9ki/12594612"><incidntnum>156143431</incidntnum><category>VANDALISM</category><descript>MALICIOUS MISCHIEF, VANDALISM</descript><dayofweek>Thursday</dayofweek><date>2015-05-14T00:00:00</date><time>13:30</time><pddistrict>PARK</pddistrict><resolution>NONE</resolution><address>1900 Block of FELL ST</address><x>-122.44999176585</x><y>37.7725254861887</y><location human_address="{&quot;address&quot;:&quot;&quot;,&quot;city&quot;:&quot;&quot;,&quot;state&quot;:&quot;&quot;,&quot;zip&quot;:&quot;&quot;}" latitude="37.7725254861887" longitude="-122.44999176585" needs_recoding="false"/></row>