<?xml version="1.0" encoding="UTF-8"?><row _id="12571764" _uuid="D0D16C43-0FDD-464D-908F-4B39E5FDCBDD" _position="12571764" _address="http://data.sfgov.org/resource/ritf-b9ki/12571764"><incidntnum>150393775</incidntnum><category>WARRANTS</category><descript>WARRANT ARREST</descript><dayofweek>Wednesday</dayofweek><date>2015-05-06T00:00:00</date><time>11:09</time><pddistrict>TENDERLOIN</pddistrict><resolution>ARREST, BOOKED</resolution><address>LEAVENWORTH ST / MCALLISTER ST</address><x>-122.413679376888</x><y>37.7809258336852</y><location human_address="{&quot;address&quot;:&quot;&quot;,&quot;city&quot;:&quot;&quot;,&quot;state&quot;:&quot;&quot;,&quot;zip&quot;:&quot;&quot;}" latitude="37.7809258336852" longitude="-122.413679376888" needs_recoding="false"/></row>