<?xml version="1.0" encoding="UTF-8"?><row _id="12582644" _uuid="9D0B8C4B-03DA-4ED8-81A3-6E532862D391" _position="12582644" _address="http://data.sfgov.org/resource/ritf-b9ki/12582644"><incidntnum>150421304</incidntnum><category>DRUG/NARCOTIC</category><descript>HYPODERMIC NEEDLE OR SYRINGE, POSSESSION</descript><dayofweek>Thursday</dayofweek><date>2015-05-14T00:00:00</date><time>22:48</time><pddistrict>NORTHERN</pddistrict><resolution>ARREST, BOOKED</resolution><address>VANNESS AV / MARKET ST</address><x>-122.419257894814</x><y>37.7751462916539</y><location human_address="{&quot;address&quot;:&quot;&quot;,&quot;city&quot;:&quot;&quot;,&quot;state&quot;:&quot;&quot;,&quot;zip&quot;:&quot;&quot;}" latitude="37.7751462916539" longitude="-122.419257894814" needs_recoding="false"/></row>