<?xml version="1.0" encoding="UTF-8"?><row _id="12577492" _uuid="E9FCEB9A-D62B-42CA-A518-2444E9FC92CD" _position="12577492" _address="http://data.sfgov.org/resource/ritf-b9ki/12577492"><incidntnum>150395066</incidntnum><category>NON-CRIMINAL</category><descript>FOUND PROPERTY</descript><dayofweek>Wednesday</dayofweek><date>2015-05-06T00:00:00</date><time>06:45</time><pddistrict>MISSION</pddistrict><resolution>NONE</resolution><address>2300 Block of 16TH ST</address><x>-122.409529913278</x><y>37.7657184395282</y><location human_address="{&quot;address&quot;:&quot;&quot;,&quot;city&quot;:&quot;&quot;,&quot;state&quot;:&quot;&quot;,&quot;zip&quot;:&quot;&quot;}" latitude="37.7657184395282" longitude="-122.409529913278" needs_recoding="false"/></row>