<?xml version="1.0" encoding="UTF-8"?><row _id="12588714" _uuid="D15C1AF1-2164-4BCA-BEDE-A379DEC95A4D" _position="12588714" _address="http://data.sfgov.org/resource/ritf-b9ki/12588714"><incidntnum>150466770</incidntnum><category>LARCENY/THEFT</category><descript>PETTY THEFT SHOPLIFTING</descript><dayofweek>Thursday</dayofweek><date>2015-05-28T00:00:00</date><time>17:40</time><pddistrict>SOUTHERN</pddistrict><resolution>ARREST, BOOKED</resolution><address>900 Block of MARKET ST</address><x>-122.408421116922</x><y>37.7835699386918</y><location human_address="{&quot;address&quot;:&quot;&quot;,&quot;city&quot;:&quot;&quot;,&quot;state&quot;:&quot;&quot;,&quot;zip&quot;:&quot;&quot;}" latitude="37.7835699386918" longitude="-122.408421116922" needs_recoding="false"/></row>