<?xml version="1.0" encoding="UTF-8"?><row _id="12589648" _uuid="8284F13D-A2A0-4D07-8FC3-CBBCCDDA65BA" _position="12589648" _address="http://data.sfgov.org/resource/ritf-b9ki/12589648"><incidntnum>150472711</incidntnum><category>DRUG/NARCOTIC</category><descript>POSSESSION OF METH-AMPHETAMINE</descript><dayofweek>Saturday</dayofweek><date>2015-05-30T00:00:00</date><time>18:07</time><pddistrict>INGLESIDE</pddistrict><resolution>ARREST, BOOKED</resolution><address>0 Block of EXCELSIOR AV</address><x>-122.433197393938</x><y>37.7260971758409</y><location human_address="{&quot;address&quot;:&quot;&quot;,&quot;city&quot;:&quot;&quot;,&quot;state&quot;:&quot;&quot;,&quot;zip&quot;:&quot;&quot;}" latitude="37.7260971758409" longitude="-122.433197393938" needs_recoding="false"/></row>