<?xml version="1.0" encoding="UTF-8"?><row _id="12584680" _uuid="C42FE3CE-3B52-49BA-BDAE-84C8F5022299" _position="12584680" _address="http://data.sfgov.org/resource/ritf-b9ki/12584680"><incidntnum>156121619</incidntnum><category>LARCENY/THEFT</category><descript>GRAND THEFT FROM LOCKED AUTO</descript><dayofweek>Tuesday</dayofweek><date>2015-05-19T00:00:00</date><time>17:20</time><pddistrict>BAYVIEW</pddistrict><resolution>NONE</resolution><address>ILLINOIS ST / 22ND ST</address><x>-122.387316279433</x><y>37.7580021664589</y><location human_address="{&quot;address&quot;:&quot;&quot;,&quot;city&quot;:&quot;&quot;,&quot;state&quot;:&quot;&quot;,&quot;zip&quot;:&quot;&quot;}" latitude="37.7580021664589" longitude="-122.387316279433" needs_recoding="false"/></row>