<?xml version="1.0" encoding="UTF-8"?><row _id="12585970" _uuid="3003ECB1-20B3-4A23-8280-85DD22B5074E" _position="12585970" _address="http://data.sfgov.org/resource/ritf-b9ki/12585970"><incidntnum>150428877</incidntnum><category>NON-CRIMINAL</category><descript>LOST PROPERTY</descript><dayofweek>Saturday</dayofweek><date>2015-05-16T00:00:00</date><time>23:00</time><pddistrict>MISSION</pddistrict><resolution>NONE</resolution><address>600 Block of VALENCIA ST</address><x>-122.421550176461</x><y>37.7621307247611</y><location human_address="{&quot;address&quot;:&quot;&quot;,&quot;city&quot;:&quot;&quot;,&quot;state&quot;:&quot;&quot;,&quot;zip&quot;:&quot;&quot;}" latitude="37.7621307247611" longitude="-122.421550176461" needs_recoding="false"/></row>