<?xml version="1.0" encoding="UTF-8"?><row _id="12578147" _uuid="583D39BF-AD20-4A0D-935B-3AEC51A1C508" _position="12578147" _address="http://data.sfgov.org/resource/ritf-b9ki/12578147"><incidntnum>150406221</incidntnum><category>ASSAULT</category><descript>BATTERY</descript><dayofweek>Sunday</dayofweek><date>2015-05-10T00:00:00</date><time>02:12</time><pddistrict>NORTHERN</pddistrict><resolution>NONE</resolution><address>1300 Block of WEBSTER ST</address><x>-122.431046366089</x><y>37.7830295716044</y><location human_address="{&quot;address&quot;:&quot;&quot;,&quot;city&quot;:&quot;&quot;,&quot;state&quot;:&quot;&quot;,&quot;zip&quot;:&quot;&quot;}" latitude="37.7830295716044" longitude="-122.431046366089" needs_recoding="false"/></row>