<?xml version="1.0" encoding="UTF-8"?><row _id="12583847" _uuid="83406408-8948-4029-B066-3769F4E2C6FA" _position="12583847" _address="http://data.sfgov.org/resource/ritf-b9ki/12583847"><incidntnum>150430123</incidntnum><category>LARCENY/THEFT</category><descript>GRAND THEFT FROM LOCKED AUTO</descript><dayofweek>Sunday</dayofweek><date>2015-05-17T00:00:00</date><time>15:00</time><pddistrict>RICHMOND</pddistrict><resolution>NONE</resolution><address>500 Block of JOHNFKENNEDY DR</address><x>-122.466204667893</x><y>37.7725405391593</y><location human_address="{&quot;address&quot;:&quot;&quot;,&quot;city&quot;:&quot;&quot;,&quot;state&quot;:&quot;&quot;,&quot;zip&quot;:&quot;&quot;}" latitude="37.7725405391593" longitude="-122.466204667893" needs_recoding="false"/></row>