<?xml version="1.0" encoding="UTF-8"?><row _id="12573423" _uuid="DB925CCC-2AAA-4C79-81B0-DF0AB4D7657C" _position="12573423" _address="http://data.sfgov.org/resource/ritf-b9ki/12573423"><incidntnum>156119119</incidntnum><category>LARCENY/THEFT</category><descript>GRAND THEFT FROM LOCKED AUTO</descript><dayofweek>Thursday</dayofweek><date>2015-05-07T00:00:00</date><time>21:00</time><pddistrict>PARK</pddistrict><resolution>NONE</resolution><address>STJOSEPHS AV / ELLIS ST</address><x>-122.441340525823</x><y>37.7812344891521</y><location human_address="{&quot;address&quot;:&quot;&quot;,&quot;city&quot;:&quot;&quot;,&quot;state&quot;:&quot;&quot;,&quot;zip&quot;:&quot;&quot;}" latitude="37.7812344891521" longitude="-122.441340525823" needs_recoding="false"/></row>