<?xml version="1.0" encoding="UTF-8"?><row _id="12577615" _uuid="89FE379D-4DDF-421E-A6A8-E44383772348" _position="12577615" _address="http://data.sfgov.org/resource/ritf-b9ki/12577615"><incidntnum>150396898</incidntnum><category>ASSAULT</category><descript>BATTERY</descript><dayofweek>Thursday</dayofweek><date>2015-05-07T00:00:00</date><time>11:10</time><pddistrict>MISSION</pddistrict><resolution>ARREST, BOOKED</resolution><address>3100 Block of 24TH ST</address><x>-122.414623849785</x><y>37.7524180928571</y><location human_address="{&quot;address&quot;:&quot;&quot;,&quot;city&quot;:&quot;&quot;,&quot;state&quot;:&quot;&quot;,&quot;zip&quot;:&quot;&quot;}" latitude="37.7524180928571" longitude="-122.414623849785" needs_recoding="false"/></row>