<?xml version="1.0" encoding="UTF-8"?><row _id="12577624" _uuid="486E5FE9-B15F-42AA-AFC1-98E2EBD289D2" _position="12577624" _address="http://data.sfgov.org/resource/ritf-b9ki/12577624"><incidntnum>150397056</incidntnum><category>SUSPICIOUS OCC</category><descript>SUSPICIOUS OCCURRENCE</descript><dayofweek>Thursday</dayofweek><date>2015-05-07T00:00:00</date><time>10:15</time><pddistrict>PARK</pddistrict><resolution>NONE</resolution><address>1300 Block of 7TH AV</address><x>-122.464036682659</x><y>37.7631850405353</y><location human_address="{&quot;address&quot;:&quot;&quot;,&quot;city&quot;:&quot;&quot;,&quot;state&quot;:&quot;&quot;,&quot;zip&quot;:&quot;&quot;}" latitude="37.7631850405353" longitude="-122.464036682659" needs_recoding="false"/></row>