<?xml version="1.0" encoding="UTF-8"?><row _id="12583349" _uuid="DA7BE659-8A52-4D35-AB2F-E2B43EFB44BE" _position="12583349" _address="http://data.sfgov.org/resource/ritf-b9ki/12583349"><incidntnum>150425083</incidntnum><category>VANDALISM</category><descript>MALICIOUS MISCHIEF, VANDALISM</descript><dayofweek>Saturday</dayofweek><date>2015-05-16T00:00:00</date><time>04:34</time><pddistrict>CENTRAL</pddistrict><resolution>ARREST, BOOKED</resolution><address>400 Block of PACIFIC AV</address><x>-122.403270501514</x><y>37.7972930314052</y><location human_address="{&quot;address&quot;:&quot;&quot;,&quot;city&quot;:&quot;&quot;,&quot;state&quot;:&quot;&quot;,&quot;zip&quot;:&quot;&quot;}" latitude="37.7972930314052" longitude="-122.403270501514" needs_recoding="false"/></row>