<?xml version="1.0" encoding="UTF-8"?><row _id="12571952" _uuid="D1001D71-C9CF-4902-862A-9963B1BA6CA6" _position="12571952" _address="http://data.sfgov.org/resource/ritf-b9ki/12571952"><incidntnum>150400370</incidntnum><category>LARCENY/THEFT</category><descript>PETTY THEFT OF PROPERTY</descript><dayofweek>Wednesday</dayofweek><date>2015-05-06T00:00:00</date><time>14:00</time><pddistrict>BAYVIEW</pddistrict><resolution>NONE</resolution><address>INNES AV / EARL ST</address><x>-122.372013936604</x><y>37.7298789539444</y><location human_address="{&quot;address&quot;:&quot;&quot;,&quot;city&quot;:&quot;&quot;,&quot;state&quot;:&quot;&quot;,&quot;zip&quot;:&quot;&quot;}" latitude="37.7298789539444" longitude="-122.372013936604" needs_recoding="false"/></row>