<?xml version="1.0" encoding="UTF-8"?><row _id="12582703" _uuid="FBE24FD9-C146-4869-813A-A57C6EF2E9F2" _position="12582703" _address="http://data.sfgov.org/resource/ritf-b9ki/12582703"><incidntnum>150424251</incidntnum><category>LARCENY/THEFT</category><descript>PETTY THEFT FROM LOCKED AUTO</descript><dayofweek>Friday</dayofweek><date>2015-05-15T00:00:00</date><time>18:25</time><pddistrict>TARAVAL</pddistrict><resolution>NONE</resolution><address>LAKE MERCED BL / BROTHERHOOD WAY</address><x>-122.485226315294</x><y>37.7146945275773</y><location human_address="{&quot;address&quot;:&quot;&quot;,&quot;city&quot;:&quot;&quot;,&quot;state&quot;:&quot;&quot;,&quot;zip&quot;:&quot;&quot;}" latitude="37.7146945275773" longitude="-122.485226315294" needs_recoding="false"/></row>