<?xml version="1.0" encoding="UTF-8"?><row _id="12579876" _uuid="31EC8F89-6A85-4E9E-8DAF-25BAE6CB61C9" _position="12579876" _address="http://data.sfgov.org/resource/ritf-b9ki/12579876"><incidntnum>156113547</incidntnum><category>LARCENY/THEFT</category><descript>GRAND THEFT FROM LOCKED AUTO</descript><dayofweek>Monday</dayofweek><date>2015-05-11T00:00:00</date><time>04:15</time><pddistrict>NORTHERN</pddistrict><resolution>NONE</resolution><address>0 Block of CHURCH ST</address><x>-122.429110027872</x><y>37.7698988323411</y><location human_address="{&quot;address&quot;:&quot;&quot;,&quot;city&quot;:&quot;&quot;,&quot;state&quot;:&quot;&quot;,&quot;zip&quot;:&quot;&quot;}" latitude="37.7698988323411" longitude="-122.429110027872" needs_recoding="false"/></row>