<?xml version="1.0" encoding="UTF-8"?><row _id="12578133" _uuid="483B0510-136F-4A7E-89C6-5DEDD50B1321" _position="12578133" _address="http://data.sfgov.org/resource/ritf-b9ki/12578133"><incidntnum>150406049</incidntnum><category>VANDALISM</category><descript>MALICIOUS MISCHIEF, BREAKING WINDOWS</descript><dayofweek>Sunday</dayofweek><date>2015-05-10T00:00:00</date><time>00:20</time><pddistrict>INGLESIDE</pddistrict><resolution>NONE</resolution><address>200 Block of BLYTHDALE AV</address><x>-122.420556751442</x><y>37.7108945814914</y><location human_address="{&quot;address&quot;:&quot;&quot;,&quot;city&quot;:&quot;&quot;,&quot;state&quot;:&quot;&quot;,&quot;zip&quot;:&quot;&quot;}" latitude="37.7108945814914" longitude="-122.420556751442" needs_recoding="false"/></row>