<?xml version="1.0" encoding="UTF-8"?><row _id="12572069" _uuid="B653D1AD-E3CC-49E7-9D69-F2F17E25714D" _position="12572069" _address="http://data.sfgov.org/resource/ritf-b9ki/12572069"><incidntnum>150404504</incidntnum><category>DRUG/NARCOTIC</category><descript>POSSESSION OF BASE/ROCK COCAINE FOR SALE</descript><dayofweek>Saturday</dayofweek><date>2015-05-09T00:00:00</date><time>14:31</time><pddistrict>NORTHERN</pddistrict><resolution>ARREST, BOOKED</resolution><address>LARKIN ST / OFARRELL ST</address><x>-122.417903977564</x><y>37.7851670875517</y><location human_address="{&quot;address&quot;:&quot;&quot;,&quot;city&quot;:&quot;&quot;,&quot;state&quot;:&quot;&quot;,&quot;zip&quot;:&quot;&quot;}" latitude="37.7851670875517" longitude="-122.417903977564" needs_recoding="false"/></row>