<?xml version="1.0" encoding="UTF-8"?><row _id="12586472" _uuid="16F9AC4F-5044-4D21-B605-AD5DDC245694" _position="12586472" _address="http://data.sfgov.org/resource/ritf-b9ki/12586472"><incidntnum>156128875</incidntnum><category>LARCENY/THEFT</category><descript>GRAND THEFT OF PROPERTY</descript><dayofweek>Sunday</dayofweek><date>2015-05-17T00:00:00</date><time>07:45</time><pddistrict>SOUTHERN</pddistrict><resolution>NONE</resolution><address>MISSION ST / MAIN ST</address><x>-122.394943493875</x><y>37.7918424690001</y><location human_address="{&quot;address&quot;:&quot;&quot;,&quot;city&quot;:&quot;&quot;,&quot;state&quot;:&quot;&quot;,&quot;zip&quot;:&quot;&quot;}" latitude="37.7918424690001" longitude="-122.394943493875" needs_recoding="false"/></row>