<?xml version="1.0" encoding="UTF-8"?><row _id="12607439" _uuid="3675C1F5-1EE6-4271-A49E-8EC5E77947D2" _position="12607439" _address="http://data.sfgov.org/resource/ritf-b9ki/12607439"><incidntnum>150624768</incidntnum><category>OTHER OFFENSES</category><descript>LOST/STOLEN LICENSE PLATE</descript><dayofweek>Sunday</dayofweek><date>2015-05-17T00:00:00</date><time>18:30</time><pddistrict>INGLESIDE</pddistrict><resolution>NONE</resolution><address>0 Block of RANDALL ST</address><x>-122.424132371027</x><y>37.7399245637954</y><location human_address="{&quot;address&quot;:&quot;&quot;,&quot;city&quot;:&quot;&quot;,&quot;state&quot;:&quot;&quot;,&quot;zip&quot;:&quot;&quot;}" latitude="37.7399245637954" longitude="-122.424132371027" needs_recoding="false"/></row>