<?xml version="1.0" encoding="UTF-8"?><row _id="12571860" _uuid="D3C76686-7AB7-4E73-B940-5ACA45436113" _position="12571860" _address="http://data.sfgov.org/resource/ritf-b9ki/12571860"><incidntnum>150397539</incidntnum><category>DRUG/NARCOTIC</category><descript>POSSESSION OF MARIJUANA</descript><dayofweek>Thursday</dayofweek><date>2015-05-07T00:00:00</date><time>14:27</time><pddistrict>SOUTHERN</pddistrict><resolution>ARREST, BOOKED</resolution><address>MARKET ST / 5THSTNORTH ST</address><x>-122.408068345148</x><y>37.7839916768161</y><location human_address="{&quot;address&quot;:&quot;&quot;,&quot;city&quot;:&quot;&quot;,&quot;state&quot;:&quot;&quot;,&quot;zip&quot;:&quot;&quot;}" latitude="37.7839916768161" longitude="-122.408068345148" needs_recoding="false"/></row>