<?xml version="1.0" encoding="UTF-8"?><row _id="12582077" _uuid="87FFFD02-A9D5-42E1-8DE9-280E98DB73AD" _position="12582077" _address="http://data.sfgov.org/resource/ritf-b9ki/12582077"><incidntnum>150416769</incidntnum><category>SUSPICIOUS OCC</category><descript>INVESTIGATIVE DETENTION</descript><dayofweek>Wednesday</dayofweek><date>2015-05-13T00:00:00</date><time>16:10</time><pddistrict>INGLESIDE</pddistrict><resolution>NONE</resolution><address>0 Block of TIFFANY AV</address><x>-122.421228786449</x><y>37.7452607746654</y><location human_address="{&quot;address&quot;:&quot;&quot;,&quot;city&quot;:&quot;&quot;,&quot;state&quot;:&quot;&quot;,&quot;zip&quot;:&quot;&quot;}" latitude="37.7452607746654" longitude="-122.421228786449" needs_recoding="false"/></row>