<?xml version="1.0" encoding="UTF-8"?><row _id="12586127" _uuid="1665C5C5-C419-4A9E-A0DA-242B2C55E5C2" _position="12586127" _address="http://data.sfgov.org/resource/ritf-b9ki/12586127"><incidntnum>150458733</incidntnum><category>ASSAULT</category><descript>BATTERY</descript><dayofweek>Friday</dayofweek><date>2015-05-22T00:00:00</date><time>10:00</time><pddistrict>NORTHERN</pddistrict><resolution>CLEARED-CONTACT JUVENILE FOR MORE INFO</resolution><address>3500 Block of FILLMORE ST</address><x>-122.436328202384</x><y>37.8017515400431</y><location human_address="{&quot;address&quot;:&quot;&quot;,&quot;city&quot;:&quot;&quot;,&quot;state&quot;:&quot;&quot;,&quot;zip&quot;:&quot;&quot;}" latitude="37.8017515400431" longitude="-122.436328202384" needs_recoding="false"/></row>