<?xml version="1.0" encoding="UTF-8"?><row _id="12587898" _uuid="9031120E-3386-4F7C-856E-F4382D31AD65" _position="12587898" _address="http://data.sfgov.org/resource/ritf-b9ki/12587898"><incidntnum>150459355</incidntnum><category>ASSAULT</category><descript>BATTERY</descript><dayofweek>Tuesday</dayofweek><date>2015-05-26T00:00:00</date><time>14:30</time><pddistrict>TENDERLOIN</pddistrict><resolution>NONE</resolution><address>300 Block of TURK ST</address><x>-122.41487855905</x><y>37.7826335031541</y><location human_address="{&quot;address&quot;:&quot;&quot;,&quot;city&quot;:&quot;&quot;,&quot;state&quot;:&quot;&quot;,&quot;zip&quot;:&quot;&quot;}" latitude="37.7826335031541" longitude="-122.41487855905" needs_recoding="false"/></row>