<?xml version="1.0" encoding="UTF-8"?><row _id="12572146" _uuid="EAD8F989-F6FF-4627-9B56-0B34A1B48AFD" _position="12572146" _address="http://data.sfgov.org/resource/ritf-b9ki/12572146"><incidntnum>150406497</incidntnum><category>OTHER OFFENSES</category><descript>DRIVERS LICENSE, SUSPENDED OR REVOKED</descript><dayofweek>Sunday</dayofweek><date>2015-05-10T00:00:00</date><time>07:02</time><pddistrict>MISSION</pddistrict><resolution>ARREST, BOOKED</resolution><address>MISSION ST / 16TH ST</address><x>-122.419671780296</x><y>37.7650501214668</y><location human_address="{&quot;address&quot;:&quot;&quot;,&quot;city&quot;:&quot;&quot;,&quot;state&quot;:&quot;&quot;,&quot;zip&quot;:&quot;&quot;}" latitude="37.7650501214668" longitude="-122.419671780296" needs_recoding="false"/></row>