<?xml version="1.0" encoding="UTF-8"?><row _id="12577651" _uuid="515B5177-BDF7-4F65-BED2-1DAB8396AEB7" _position="12577651" _address="http://data.sfgov.org/resource/ritf-b9ki/12577651"><incidntnum>150397573</incidntnum><category>WARRANTS</category><descript>ENROUTE TO DEPARTMENT OF CORRECTIONS</descript><dayofweek>Thursday</dayofweek><date>2015-05-07T00:00:00</date><time>14:30</time><pddistrict>TENDERLOIN</pddistrict><resolution>ARREST, BOOKED</resolution><address>400 Block of OFARRELL ST</address><x>-122.412563218508</x><y>37.7857850619382</y><location human_address="{&quot;address&quot;:&quot;&quot;,&quot;city&quot;:&quot;&quot;,&quot;state&quot;:&quot;&quot;,&quot;zip&quot;:&quot;&quot;}" latitude="37.7857850619382" longitude="-122.412563218508" needs_recoding="false"/></row>