<?xml version="1.0" encoding="UTF-8"?><row _id="12583815" _uuid="D1FEF333-88DC-4F87-B8CC-7A0F0B1C5761" _position="12583815" _address="http://data.sfgov.org/resource/ritf-b9ki/12583815"><incidntnum>150444685</incidntnum><category>FRAUD</category><descript>FALSE PRETENSES, GRAND THEFT</descript><dayofweek>Friday</dayofweek><date>2015-05-15T00:00:00</date><time>02:00</time><pddistrict>TENDERLOIN</pddistrict><resolution>NONE</resolution><address>TURK ST / JONES ST</address><x>-122.412414263581</x><y>37.7830037964534</y><location human_address="{&quot;address&quot;:&quot;&quot;,&quot;city&quot;:&quot;&quot;,&quot;state&quot;:&quot;&quot;,&quot;zip&quot;:&quot;&quot;}" latitude="37.7830037964534" longitude="-122.412414263581" needs_recoding="false"/></row>