<?xml version="1.0" encoding="UTF-8"?><row _id="12577749" _uuid="B085D88F-617B-43BF-ABF3-B39E8544D4A1" _position="12577749" _address="http://data.sfgov.org/resource/ritf-b9ki/12577749"><incidntnum>150399212</incidntnum><category>NON-CRIMINAL</category><descript>FOUND PROPERTY</descript><dayofweek>Thursday</dayofweek><date>2015-05-07T00:00:00</date><time>17:00</time><pddistrict>CENTRAL</pddistrict><resolution>NONE</resolution><address>2500 Block of HYDE ST</address><x>-122.420053927347</x><y>37.804526805518</y><location human_address="{&quot;address&quot;:&quot;&quot;,&quot;city&quot;:&quot;&quot;,&quot;state&quot;:&quot;&quot;,&quot;zip&quot;:&quot;&quot;}" latitude="37.804526805518" longitude="-122.420053927347" needs_recoding="false"/></row>