<?xml version="1.0" encoding="UTF-8"?><row _id="12580758" _uuid="755A9452-039C-493D-94C0-5340D6E42558" _position="12580758" _address="http://data.sfgov.org/resource/ritf-b9ki/12580758"><incidntnum>150410197</incidntnum><category>ASSAULT</category><descript>THREATS AGAINST LIFE</descript><dayofweek>Monday</dayofweek><date>2015-05-11T00:00:00</date><time>15:44</time><pddistrict>MISSION</pddistrict><resolution>NONE</resolution><address>3100 Block of CESAR CHAVEZ ST</address><x>-122.412601127917</x><y>37.7483769641531</y><location human_address="{&quot;address&quot;:&quot;&quot;,&quot;city&quot;:&quot;&quot;,&quot;state&quot;:&quot;&quot;,&quot;zip&quot;:&quot;&quot;}" latitude="37.7483769641531" longitude="-122.412601127917" needs_recoding="false"/></row>