<?xml version="1.0" encoding="UTF-8"?><row _id="12572441" _uuid="EFB8CD87-568D-420B-8B82-5B1B499A58FF" _position="12572441" _address="http://data.sfgov.org/resource/ritf-b9ki/12572441"><incidntnum>150416468</incidntnum><category>SECONDARY CODES</category><descript>JUVENILE INVOLVED</descript><dayofweek>Wednesday</dayofweek><date>2015-05-13T00:00:00</date><time>09:40</time><pddistrict>INGLESIDE</pddistrict><resolution>NONE</resolution><address>CRESCENT AV / FOLSOM ST</address><x>-122.413689986582</x><y>37.7347306984732</y><location human_address="{&quot;address&quot;:&quot;&quot;,&quot;city&quot;:&quot;&quot;,&quot;state&quot;:&quot;&quot;,&quot;zip&quot;:&quot;&quot;}" latitude="37.7347306984732" longitude="-122.413689986582" needs_recoding="false"/></row>