<?xml version="1.0" encoding="UTF-8"?><row _id="12584960" _uuid="BB8EDA0E-73AF-4E07-B5ED-0F7895AEB6FD" _position="12584960" _address="http://data.sfgov.org/resource/ritf-b9ki/12584960"><incidntnum>150438406</incidntnum><category>OTHER OFFENSES</category><descript>DRIVERS LICENSE, SUSPENDED OR REVOKED</descript><dayofweek>Wednesday</dayofweek><date>2015-05-20T00:00:00</date><time>07:24</time><pddistrict>MISSION</pddistrict><resolution>ARREST, BOOKED</resolution><address>GUERRERO ST / 20TH ST</address><x>-122.423488307268</x><y>37.7583650668235</y><location human_address="{&quot;address&quot;:&quot;&quot;,&quot;city&quot;:&quot;&quot;,&quot;state&quot;:&quot;&quot;,&quot;zip&quot;:&quot;&quot;}" latitude="37.7583650668235" longitude="-122.423488307268" needs_recoding="false"/></row>