<?xml version="1.0" encoding="UTF-8"?><row _id="12586002" _uuid="C4F3FA38-8F1E-4F2A-8582-5C06872C912D" _position="12586002" _address="http://data.sfgov.org/resource/ritf-b9ki/12586002"><incidntnum>150444798</incidntnum><category>BURGLARY</category><descript>BURGLARY OF STORE, UNLAWFUL ENTRY</descript><dayofweek>Friday</dayofweek><date>2015-05-22T00:00:00</date><time>06:00</time><pddistrict>SOUTHERN</pddistrict><resolution>NONE</resolution><address>100 Block of NEWMONTGOMERY ST</address><x>-122.399689492621</x><y>37.7868609000277</y><location human_address="{&quot;address&quot;:&quot;&quot;,&quot;city&quot;:&quot;&quot;,&quot;state&quot;:&quot;&quot;,&quot;zip&quot;:&quot;&quot;}" latitude="37.7868609000277" longitude="-122.399689492621" needs_recoding="false"/></row>