<?xml version="1.0" encoding="UTF-8"?><row _id="12573343" _uuid="EB7AFAF4-CFB6-461D-BE46-5DFC85062FB8" _position="12573343" _address="http://data.sfgov.org/resource/ritf-b9ki/12573343"><incidntnum>156114147</incidntnum><category>LARCENY/THEFT</category><descript>GRAND THEFT FROM LOCKED AUTO</descript><dayofweek>Wednesday</dayofweek><date>2015-05-06T00:00:00</date><time>13:00</time><pddistrict>CENTRAL</pddistrict><resolution>NONE</resolution><address>GRANT AV / CHESTNUT ST</address><x>-122.408335794054</x><y>37.8043665967987</y><location human_address="{&quot;address&quot;:&quot;&quot;,&quot;city&quot;:&quot;&quot;,&quot;state&quot;:&quot;&quot;,&quot;zip&quot;:&quot;&quot;}" latitude="37.8043665967987" longitude="-122.408335794054" needs_recoding="false"/></row>