<?xml version="1.0" encoding="UTF-8"?><row _id="12580665" _uuid="6399E100-40DB-4CA0-804E-6FB9DDE44015" _position="12580665" _address="http://data.sfgov.org/resource/ritf-b9ki/12580665"><incidntnum>150397040</incidntnum><category>VEHICLE THEFT</category><descript>STOLEN TRUCK</descript><dayofweek>Thursday</dayofweek><date>2015-05-07T00:00:00</date><time>10:30</time><pddistrict>CENTRAL</pddistrict><resolution>NONE</resolution><address>0 Block of WAYNE PL</address><x>-122.4110305582</x><y>37.7967253951014</y><location human_address="{&quot;address&quot;:&quot;&quot;,&quot;city&quot;:&quot;&quot;,&quot;state&quot;:&quot;&quot;,&quot;zip&quot;:&quot;&quot;}" latitude="37.7967253951014" longitude="-122.4110305582" needs_recoding="false"/></row>