<?xml version="1.0" encoding="UTF-8"?><row _id="12587553" _uuid="6D3370C0-0A0B-4C25-B2DD-2E634DEB2DD8" _position="12587553" _address="http://data.sfgov.org/resource/ritf-b9ki/12587553"><incidntnum>150456953</incidntnum><category>VANDALISM</category><descript>MALICIOUS MISCHIEF, VANDALISM</descript><dayofweek>Monday</dayofweek><date>2015-05-25T00:00:00</date><time>11:00</time><pddistrict>RICHMOND</pddistrict><resolution>NONE</resolution><address>300 Block of 5TH AV</address><x>-122.463210168307</x><y>37.7820144487195</y><location human_address="{&quot;address&quot;:&quot;&quot;,&quot;city&quot;:&quot;&quot;,&quot;state&quot;:&quot;&quot;,&quot;zip&quot;:&quot;&quot;}" latitude="37.7820144487195" longitude="-122.463210168307" needs_recoding="false"/></row>