<?xml version="1.0" encoding="UTF-8"?><row _id="12591450" _uuid="72AF625C-74D0-42D6-8F18-178A4149835A" _position="12591450" _address="http://data.sfgov.org/resource/ritf-b9ki/12591450"><incidntnum>150479717</incidntnum><category>SUSPICIOUS OCC</category><descript>SUSPICIOUS OCCURRENCE</descript><dayofweek>Monday</dayofweek><date>2015-06-01T00:00:00</date><time>20:15</time><pddistrict>INGLESIDE</pddistrict><resolution>NONE</resolution><address>0 Block of NAPLES ST</address><x>-122.425956016271</x><y>37.7279052131552</y><location human_address="{&quot;address&quot;:&quot;&quot;,&quot;city&quot;:&quot;&quot;,&quot;state&quot;:&quot;&quot;,&quot;zip&quot;:&quot;&quot;}" latitude="37.7279052131552" longitude="-122.425956016271" needs_recoding="false"/></row>