<?xml version="1.0" encoding="UTF-8"?><row _id="12587490" _uuid="0C9689CB-0D87-4A4C-90AE-D7C40DFAD108" _position="12587490" _address="http://data.sfgov.org/resource/ritf-b9ki/12587490"><incidntnum>150454662</incidntnum><category>LARCENY/THEFT</category><descript>GRAND THEFT FROM PERSON</descript><dayofweek>Monday</dayofweek><date>2015-05-25T00:00:00</date><time>00:30</time><pddistrict>MISSION</pddistrict><resolution>NONE</resolution><address>2200 Block of MISSION ST</address><x>-122.419212198636</x><y>37.7610244167023</y><location human_address="{&quot;address&quot;:&quot;&quot;,&quot;city&quot;:&quot;&quot;,&quot;state&quot;:&quot;&quot;,&quot;zip&quot;:&quot;&quot;}" latitude="37.7610244167023" longitude="-122.419212198636" needs_recoding="false"/></row>