<?xml version="1.0" encoding="UTF-8"?><row _id="12587768" _uuid="A68AFB1B-D190-4D44-AC8E-49E6531C288F" _position="12587768" _address="http://data.sfgov.org/resource/ritf-b9ki/12587768"><incidntnum>150457666</incidntnum><category>LARCENY/THEFT</category><descript>ATTEMPTED THEFT FROM LOCKED VEHICLE</descript><dayofweek>Tuesday</dayofweek><date>2015-05-26T00:00:00</date><time>00:01</time><pddistrict>PARK</pddistrict><resolution>NONE</resolution><address>BEAVER ST / NOE ST</address><x>-122.433180741696</x><y>37.7650600768925</y><location human_address="{&quot;address&quot;:&quot;&quot;,&quot;city&quot;:&quot;&quot;,&quot;state&quot;:&quot;&quot;,&quot;zip&quot;:&quot;&quot;}" latitude="37.7650600768925" longitude="-122.433180741696" needs_recoding="false"/></row>