<?xml version="1.0" encoding="UTF-8"?><row _id="12589367" _uuid="BB9C1C38-80F4-49A6-9B1C-C3827B48CA20" _position="12589367" _address="http://data.sfgov.org/resource/ritf-b9ki/12589367"><incidntnum>150471917</incidntnum><category>LARCENY/THEFT</category><descript>GRAND THEFT PICKPOCKET</descript><dayofweek>Saturday</dayofweek><date>2015-05-30T00:00:00</date><time>13:00</time><pddistrict>NORTHERN</pddistrict><resolution>NONE</resolution><address>EDDY ST / VANNESS AV</address><x>-122.420818330445</x><y>37.7828946450912</y><location human_address="{&quot;address&quot;:&quot;&quot;,&quot;city&quot;:&quot;&quot;,&quot;state&quot;:&quot;&quot;,&quot;zip&quot;:&quot;&quot;}" latitude="37.7828946450912" longitude="-122.420818330445" needs_recoding="false"/></row>