<?xml version="1.0" encoding="UTF-8"?><row _id="12583726" _uuid="1508EBA3-C0DC-4E11-A0D8-4F7322AE5168" _position="12583726" _address="http://data.sfgov.org/resource/ritf-b9ki/12583726"><incidntnum>150428548</incidntnum><category>OTHER OFFENSES</category><descript>DRIVERS LICENSE, SUSPENDED OR REVOKED</descript><dayofweek>Sunday</dayofweek><date>2015-05-17T00:00:00</date><time>08:50</time><pddistrict>MISSION</pddistrict><resolution>ARREST, BOOKED</resolution><address>CASTRO ST / 20TH ST</address><x>-122.434698065318</x><y>37.7576871393715</y><location human_address="{&quot;address&quot;:&quot;&quot;,&quot;city&quot;:&quot;&quot;,&quot;state&quot;:&quot;&quot;,&quot;zip&quot;:&quot;&quot;}" latitude="37.7576871393715" longitude="-122.434698065318" needs_recoding="false"/></row>