<?xml version="1.0" encoding="UTF-8"?><row _id="12592174" _uuid="90C9EDC8-9F5A-4EBD-BC0E-DE79403D5E29" _position="12592174" _address="http://data.sfgov.org/resource/ritf-b9ki/12592174"><incidntnum>150490917</incidntnum><category>OTHER OFFENSES</category><descript>SCHOOL PROPERTY, DISTURBANCE ON</descript><dayofweek>Friday</dayofweek><date>2015-06-05T00:00:00</date><time>11:15</time><pddistrict>BAYVIEW</pddistrict><resolution>NONE</resolution><address>1700 Block of CESAR CHAVEZ ST</address><x>-122.39434785768</x><y>37.7499131969111</y><location human_address="{&quot;address&quot;:&quot;&quot;,&quot;city&quot;:&quot;&quot;,&quot;state&quot;:&quot;&quot;,&quot;zip&quot;:&quot;&quot;}" latitude="37.7499131969111" longitude="-122.39434785768" needs_recoding="false"/></row>