<?xml version="1.0" encoding="UTF-8"?><row _id="12579770" _uuid="10F7B716-8702-4DAF-A903-330A1E193605" _position="12579770" _address="http://data.sfgov.org/resource/ritf-b9ki/12579770"><incidntnum>156111171</incidntnum><category>LARCENY/THEFT</category><descript>GRAND THEFT FROM LOCKED AUTO</descript><dayofweek>Thursday</dayofweek><date>2015-05-07T00:00:00</date><time>23:15</time><pddistrict>NORTHERN</pddistrict><resolution>NONE</resolution><address>1300 Block of BUSH ST</address><x>-122.419486234049</x><y>37.7887480806774</y><location human_address="{&quot;address&quot;:&quot;&quot;,&quot;city&quot;:&quot;&quot;,&quot;state&quot;:&quot;&quot;,&quot;zip&quot;:&quot;&quot;}" latitude="37.7887480806774" longitude="-122.419486234049" needs_recoding="false"/></row>