<?xml version="1.0" encoding="UTF-8"?><row _id="12577374" _uuid="89158E0E-9D6F-4B45-9EE2-25F89E17427D" _position="12577374" _address="http://data.sfgov.org/resource/ritf-b9ki/12577374"><incidntnum>150392880</incidntnum><category>LARCENY/THEFT</category><descript>GRAND THEFT FROM PERSON</descript><dayofweek>Tuesday</dayofweek><date>2015-05-05T00:00:00</date><time>20:00</time><pddistrict>CENTRAL</pddistrict><resolution>NONE</resolution><address>400 Block of THE EMBARCADERONORTH ST</address><x>-122.396374439116</x><y>37.7980532528058</y><location human_address="{&quot;address&quot;:&quot;&quot;,&quot;city&quot;:&quot;&quot;,&quot;state&quot;:&quot;&quot;,&quot;zip&quot;:&quot;&quot;}" latitude="37.7980532528058" longitude="-122.396374439116" needs_recoding="false"/></row>