<?xml version="1.0" encoding="UTF-8"?><row _id="12582829" _uuid="50805CEA-1054-4F9C-90D6-4AD345195378" _position="12582829" _address="http://data.sfgov.org/resource/ritf-b9ki/12582829"><incidntnum>150421699</incidntnum><category>ROBBERY</category><descript>ROBBERY OF A RESIDENCE WITH BODILY FORCE</descript><dayofweek>Friday</dayofweek><date>2015-05-15T00:00:00</date><time>02:45</time><pddistrict>PARK</pddistrict><resolution>ARREST, BOOKED</resolution><address>500 Block of DUBOCE AV</address><x>-122.432031780241</x><y>37.7692223718808</y><location human_address="{&quot;address&quot;:&quot;&quot;,&quot;city&quot;:&quot;&quot;,&quot;state&quot;:&quot;&quot;,&quot;zip&quot;:&quot;&quot;}" latitude="37.7692223718808" longitude="-122.432031780241" needs_recoding="false"/></row>