<?xml version="1.0" encoding="UTF-8"?><row _id="12595432" _uuid="00B458D5-BE9F-492F-8F47-6EE27EB1B932" _position="12595432" _address="http://data.sfgov.org/resource/ritf-b9ki/12595432"><incidntnum>150515424</incidntnum><category>ASSAULT</category><descript>AGGRAVATED ASSAULT WITH A KNIFE</descript><dayofweek>Saturday</dayofweek><date>2015-06-13T00:00:00</date><time>04:47</time><pddistrict>INGLESIDE</pddistrict><resolution>NONE</resolution><address>4400 Block of MISSION ST</address><x>-122.433862258402</x><y>37.726027299009</y><location human_address="{&quot;address&quot;:&quot;&quot;,&quot;city&quot;:&quot;&quot;,&quot;state&quot;:&quot;&quot;,&quot;zip&quot;:&quot;&quot;}" latitude="37.726027299009" longitude="-122.433862258402" needs_recoding="false"/></row>