<?xml version="1.0" encoding="UTF-8"?><row _id="12671535" _uuid="654B9CAD-6F66-4CA4-9EF4-4B3E322F82A8" _position="12671535" _address="http://data.sfgov.org/resource/ritf-b9ki/12671535"><incidntnum>151084921</incidntnum><category>VEHICLE THEFT</category><descript>STOLEN MOTORCYCLE</descript><dayofweek>Monday</dayofweek><date>2015-05-25T00:00:00</date><time>22:00</time><pddistrict>MISSION</pddistrict><resolution>NONE</resolution><address>21ST ST / YORK ST</address><x>-122.408654644282</x><y>37.7576502944224</y><location human_address="{&quot;address&quot;:&quot;&quot;,&quot;city&quot;:&quot;&quot;,&quot;state&quot;:&quot;&quot;,&quot;zip&quot;:&quot;&quot;}" latitude="37.7576502944224" longitude="-122.408654644282" needs_recoding="false"/></row>