<?xml version="1.0" encoding="UTF-8"?><row _id="12571692" _uuid="ECC4BFDE-5966-462D-831E-C8E3CD2A2BD4" _position="12571692" _address="http://data.sfgov.org/resource/ritf-b9ki/12571692"><incidntnum>150391785</incidntnum><category>OTHER OFFENSES</category><descript>POSSESSION OF BURGLARY TOOLS</descript><dayofweek>Tuesday</dayofweek><date>2015-05-05T00:00:00</date><time>19:58</time><pddistrict>MISSION</pddistrict><resolution>ARREST, BOOKED</resolution><address>19TH ST / SHOTWELL ST</address><x>-122.415929849548</x><y>37.7604330003754</y><location human_address="{&quot;address&quot;:&quot;&quot;,&quot;city&quot;:&quot;&quot;,&quot;state&quot;:&quot;&quot;,&quot;zip&quot;:&quot;&quot;}" latitude="37.7604330003754" longitude="-122.415929849548" needs_recoding="false"/></row>