<?xml version="1.0" encoding="UTF-8"?><row _id="12586994" _uuid="F33F05E6-6287-4919-95F0-1EFCE8C58351" _position="12586994" _address="http://data.sfgov.org/resource/ritf-b9ki/12586994"><incidntnum>150463970</incidntnum><category>VEHICLE THEFT</category><descript>STOLEN AUTOMOBILE</descript><dayofweek>Sunday</dayofweek><date>2015-05-24T00:00:00</date><time>14:00</time><pddistrict>CENTRAL</pddistrict><resolution>NONE</resolution><address>SACRAMENTO ST / LEAVENWORTH ST</address><x>-122.415937762031</x><y>37.7921322486354</y><location human_address="{&quot;address&quot;:&quot;&quot;,&quot;city&quot;:&quot;&quot;,&quot;state&quot;:&quot;&quot;,&quot;zip&quot;:&quot;&quot;}" latitude="37.7921322486354" longitude="-122.415937762031" needs_recoding="false"/></row>