<?xml version="1.0" encoding="UTF-8"?><row _id="12577720" _uuid="6EB83879-A8A8-468F-9C6A-586E994550DF" _position="12577720" _address="http://data.sfgov.org/resource/ritf-b9ki/12577720"><incidntnum>150398844</incidntnum><category>WEAPON LAWS</category><descript>EXHIBITING DEADLY WEAPON IN A THREATING MANNER</descript><dayofweek>Thursday</dayofweek><date>2015-05-07T00:00:00</date><time>18:32</time><pddistrict>BAYVIEW</pddistrict><resolution>ARREST, BOOKED</resolution><address>1700 Block of OAKDALE AV</address><x>-122.393131022392</x><y>37.7362497231109</y><location human_address="{&quot;address&quot;:&quot;&quot;,&quot;city&quot;:&quot;&quot;,&quot;state&quot;:&quot;&quot;,&quot;zip&quot;:&quot;&quot;}" latitude="37.7362497231109" longitude="-122.393131022392" needs_recoding="false"/></row>