<?xml version="1.0" encoding="UTF-8"?><row _id="12577648" _uuid="16EF8924-A8A5-4CAD-B3BA-5CD9C581677F" _position="12577648" _address="http://data.sfgov.org/resource/ritf-b9ki/12577648"><incidntnum>150397432</incidntnum><category>VEHICLE THEFT</category><descript>STOLEN AUTOMOBILE</descript><dayofweek>Wednesday</dayofweek><date>2015-05-06T00:00:00</date><time>22:00</time><pddistrict>BAYVIEW</pddistrict><resolution>NONE</resolution><address>400 Block of ELMIRA ST</address><x>-122.403211006015</x><y>37.7314594433015</y><location human_address="{&quot;address&quot;:&quot;&quot;,&quot;city&quot;:&quot;&quot;,&quot;state&quot;:&quot;&quot;,&quot;zip&quot;:&quot;&quot;}" latitude="37.7314594433015" longitude="-122.403211006015" needs_recoding="false"/></row>