<?xml version="1.0" encoding="UTF-8"?><row _id="12573246" _uuid="882EB282-A6F6-40B1-B053-BB0367FBC8FD" _position="12573246" _address="http://data.sfgov.org/resource/ritf-b9ki/12573246"><incidntnum>156110929</incidntnum><category>LARCENY/THEFT</category><descript>GRAND THEFT FROM UNLOCKED AUTO</descript><dayofweek>Thursday</dayofweek><date>2015-05-07T00:00:00</date><time>20:30</time><pddistrict>CENTRAL</pddistrict><resolution>NONE</resolution><address>CLAY ST / FRONT ST</address><x>-122.399154429147</x><y>37.7951616422936</y><location human_address="{&quot;address&quot;:&quot;&quot;,&quot;city&quot;:&quot;&quot;,&quot;state&quot;:&quot;&quot;,&quot;zip&quot;:&quot;&quot;}" latitude="37.7951616422936" longitude="-122.399154429147" needs_recoding="false"/></row>