<?xml version="1.0" encoding="UTF-8"?><row _id="12595533" _uuid="7397FF4F-52C5-4A35-A2A0-880FBB3F1E75" _position="12595533" _address="http://data.sfgov.org/resource/ritf-b9ki/12595533"><incidntnum>150508275</incidntnum><category>LARCENY/THEFT</category><descript>GRAND THEFT FROM LOCKED AUTO</descript><dayofweek>Wednesday</dayofweek><date>2015-06-10T00:00:00</date><time>21:00</time><pddistrict>MISSION</pddistrict><resolution>NONE</resolution><address>1700 Block of HARRISON ST</address><x>-122.413354187018</x><y>37.7690748003847</y><location human_address="{&quot;address&quot;:&quot;&quot;,&quot;city&quot;:&quot;&quot;,&quot;state&quot;:&quot;&quot;,&quot;zip&quot;:&quot;&quot;}" latitude="37.7690748003847" longitude="-122.413354187018" needs_recoding="false"/></row>