<?xml version="1.0" encoding="UTF-8"?><row _id="12586213" _uuid="AD86309F-1EDC-4876-971C-3E2B7725D446" _position="12586213" _address="http://data.sfgov.org/resource/ritf-b9ki/12586213"><incidntnum>150464467</incidntnum><category>LARCENY/THEFT</category><descript>GRAND THEFT FROM LOCKED AUTO</descript><dayofweek>Friday</dayofweek><date>2015-05-22T00:00:00</date><time>06:30</time><pddistrict>TARAVAL</pddistrict><resolution>NONE</resolution><address>1800 Block of 37TH AV</address><x>-122.495763095559</x><y>37.7524376292346</y><location human_address="{&quot;address&quot;:&quot;&quot;,&quot;city&quot;:&quot;&quot;,&quot;state&quot;:&quot;&quot;,&quot;zip&quot;:&quot;&quot;}" latitude="37.7524376292346" longitude="-122.495763095559" needs_recoding="false"/></row>