<?xml version="1.0" encoding="UTF-8"?><row _id="12583339" _uuid="42FAC166-8635-43B7-A747-B0D16EA2C6F6" _position="12583339" _address="http://data.sfgov.org/resource/ritf-b9ki/12583339"><incidntnum>150424831</incidntnum><category>NON-CRIMINAL</category><descript>AIDED CASE, MENTAL DISTURBED</descript><dayofweek>Saturday</dayofweek><date>2015-05-16T00:00:00</date><time>01:40</time><pddistrict>BAYVIEW</pddistrict><resolution>NONE</resolution><address>100 Block of THORNTON AV</address><x>-122.393441784119</x><y>37.7308811280003</y><location human_address="{&quot;address&quot;:&quot;&quot;,&quot;city&quot;:&quot;&quot;,&quot;state&quot;:&quot;&quot;,&quot;zip&quot;:&quot;&quot;}" latitude="37.7308811280003" longitude="-122.393441784119" needs_recoding="false"/></row>