<?xml version="1.0" encoding="UTF-8"?><row _id="12585141" _uuid="63A0D2F9-BD6C-4054-84E6-C85A2E3585F2" _position="12585141" _address="http://data.sfgov.org/resource/ritf-b9ki/12585141"><incidntnum>150439404</incidntnum><category>ARSON</category><descript>ARSON</descript><dayofweek>Wednesday</dayofweek><date>2015-05-20T00:00:00</date><time>12:00</time><pddistrict>BAYVIEW</pddistrict><resolution>NONE</resolution><address>0 Block of CONKLING ST</address><x>-122.401968361773</x><y>37.7356138034783</y><location human_address="{&quot;address&quot;:&quot;&quot;,&quot;city&quot;:&quot;&quot;,&quot;state&quot;:&quot;&quot;,&quot;zip&quot;:&quot;&quot;}" latitude="37.7356138034783" longitude="-122.401968361773" needs_recoding="false"/></row>