<?xml version="1.0" encoding="UTF-8"?><row _id="12578247" _uuid="0B69EB1E-8BC0-41D6-ADAC-FDFAA9EF1D41" _position="12578247" _address="http://data.sfgov.org/resource/ritf-b9ki/12578247"><incidntnum>150407746</incidntnum><category>LARCENY/THEFT</category><descript>PETTY THEFT FROM A BUILDING</descript><dayofweek>Sunday</dayofweek><date>2015-05-10T00:00:00</date><time>18:15</time><pddistrict>TARAVAL</pddistrict><resolution>NONE</resolution><address>600 Block of IRVING ST</address><x>-122.464722568832</x><y>37.7641617177631</y><location human_address="{&quot;address&quot;:&quot;&quot;,&quot;city&quot;:&quot;&quot;,&quot;state&quot;:&quot;&quot;,&quot;zip&quot;:&quot;&quot;}" latitude="37.7641617177631" longitude="-122.464722568832" needs_recoding="false"/></row>