<?xml version="1.0" encoding="UTF-8"?><row _id="12581182" _uuid="F3EC5A6D-CC7E-44C9-8479-B570A03810E9" _position="12581182" _address="http://data.sfgov.org/resource/ritf-b9ki/12581182"><incidntnum>150395834</incidntnum><category>OTHER OFFENSES</category><descript>EVADING A POLICE VEHICLE OR BICYCLE</descript><dayofweek>Thursday</dayofweek><date>2015-05-07T00:00:00</date><time>00:32</time><pddistrict>SOUTHERN</pddistrict><resolution>NONE</resolution><address>5TH ST / BRYANT ST</address><x>-122.400302421513</x><y>37.7777992290419</y><location human_address="{&quot;address&quot;:&quot;&quot;,&quot;city&quot;:&quot;&quot;,&quot;state&quot;:&quot;&quot;,&quot;zip&quot;:&quot;&quot;}" latitude="37.7777992290419" longitude="-122.400302421513" needs_recoding="false"/></row>