<?xml version="1.0" encoding="UTF-8"?><row _id="12577599" _uuid="64ACD591-89B5-47BE-9475-96256BF0BE62" _position="12577599" _address="http://data.sfgov.org/resource/ritf-b9ki/12577599"><incidntnum>150396581</incidntnum><category>ASSAULT</category><descript>BATTERY</descript><dayofweek>Thursday</dayofweek><date>2015-05-07T00:00:00</date><time>09:30</time><pddistrict>MISSION</pddistrict><resolution>NONE</resolution><address>500 Block of NOE ST</address><x>-122.432823612921</x><y>37.760618201641</y><location human_address="{&quot;address&quot;:&quot;&quot;,&quot;city&quot;:&quot;&quot;,&quot;state&quot;:&quot;&quot;,&quot;zip&quot;:&quot;&quot;}" latitude="37.760618201641" longitude="-122.432823612921" needs_recoding="false"/></row>