<?xml version="1.0" encoding="UTF-8"?><row _id="12577577" _uuid="39A4409B-27A8-4029-9A8C-35D4C152CBD3" _position="12577577" _address="http://data.sfgov.org/resource/ritf-b9ki/12577577"><incidntnum>150396202</incidntnum><category>MISSING PERSON</category><descript>MISSING JUVENILE</descript><dayofweek>Thursday</dayofweek><date>2015-05-07T00:00:00</date><time>07:23</time><pddistrict>RICHMOND</pddistrict><resolution>UNFOUNDED</resolution><address>800 Block of EUCLID AV</address><x>-122.458490740585</x><y>37.7837951529214</y><location human_address="{&quot;address&quot;:&quot;&quot;,&quot;city&quot;:&quot;&quot;,&quot;state&quot;:&quot;&quot;,&quot;zip&quot;:&quot;&quot;}" latitude="37.7837951529214" longitude="-122.458490740585" needs_recoding="false"/></row>