<?xml version="1.0" encoding="UTF-8"?><row _id="12582537" _uuid="D50B4EED-B922-4BFC-BC56-2423B6514B5F" _position="12582537" _address="http://data.sfgov.org/resource/ritf-b9ki/12582537"><incidntnum>150426150</incidntnum><category>LARCENY/THEFT</category><descript>GRAND THEFT FROM A BUILDING</descript><dayofweek>Thursday</dayofweek><date>2015-05-14T00:00:00</date><time>23:00</time><pddistrict>NORTHERN</pddistrict><resolution>NONE</resolution><address>1200 Block of POLK ST</address><x>-122.420326993863</x><y>37.7884521578132</y><location human_address="{&quot;address&quot;:&quot;&quot;,&quot;city&quot;:&quot;&quot;,&quot;state&quot;:&quot;&quot;,&quot;zip&quot;:&quot;&quot;}" latitude="37.7884521578132" longitude="-122.420326993863" needs_recoding="false"/></row>