<?xml version="1.0" encoding="UTF-8"?><row _id="12588459" _uuid="2B863CF4-D9CC-480B-9635-32E4F80E70CA" _position="12588459" _address="http://data.sfgov.org/resource/ritf-b9ki/12588459"><incidntnum>150462449</incidntnum><category>LARCENY/THEFT</category><descript>THEFT OF UTILITY SERVICES</descript><dayofweek>Wednesday</dayofweek><date>2015-05-27T00:00:00</date><time>15:29</time><pddistrict>TARAVAL</pddistrict><resolution>NONE</resolution><address>1400 Block of PACHECO ST</address><x>-122.475668466234</x><y>37.7505890975358</y><location human_address="{&quot;address&quot;:&quot;&quot;,&quot;city&quot;:&quot;&quot;,&quot;state&quot;:&quot;&quot;,&quot;zip&quot;:&quot;&quot;}" latitude="37.7505890975358" longitude="-122.475668466234" needs_recoding="false"/></row>