<?xml version="1.0" encoding="UTF-8"?><row _id="12583178" _uuid="A7921F7F-24DF-4233-A2E0-B18DC75DF09E" _position="12583178" _address="http://data.sfgov.org/resource/ritf-b9ki/12583178"><incidntnum>150426398</incidntnum><category>OTHER OFFENSES</category><descript>DRIVERS LICENSE, SUSPENDED OR REVOKED</descript><dayofweek>Saturday</dayofweek><date>2015-05-16T00:00:00</date><time>15:22</time><pddistrict>CENTRAL</pddistrict><resolution>ARREST, BOOKED</resolution><address>GEARY ST / POWELL ST</address><x>-122.408231026261</x><y>37.787359494956</y><location human_address="{&quot;address&quot;:&quot;&quot;,&quot;city&quot;:&quot;&quot;,&quot;state&quot;:&quot;&quot;,&quot;zip&quot;:&quot;&quot;}" latitude="37.787359494956" longitude="-122.408231026261" needs_recoding="false"/></row>