<?xml version="1.0" encoding="UTF-8"?><row _id="12572038" _uuid="D048B003-2B90-4FBC-9DEC-DCBEF72374FC" _position="12572038" _address="http://data.sfgov.org/resource/ritf-b9ki/12572038"><incidntnum>150403512</incidntnum><category>FRAUD</category><descript>CREDIT CARD, THEFT BY USE OF</descript><dayofweek>Thursday</dayofweek><date>2015-05-07T00:00:00</date><time>05:45</time><pddistrict>BAYVIEW</pddistrict><resolution>NONE</resolution><address>SELBY ST / OAKDALE AV</address><x>-122.399686082806</x><y>37.739901780585</y><location human_address="{&quot;address&quot;:&quot;&quot;,&quot;city&quot;:&quot;&quot;,&quot;state&quot;:&quot;&quot;,&quot;zip&quot;:&quot;&quot;}" latitude="37.739901780585" longitude="-122.399686082806" needs_recoding="false"/></row>