<?xml version="1.0" encoding="UTF-8"?><row _id="12578826" _uuid="12CCCD6E-17BB-4F5E-BC84-64D489F10A71" _position="12578826" _address="http://data.sfgov.org/resource/ritf-b9ki/12578826"><incidntnum>150417513</incidntnum><category>WARRANTS</category><descript>ENROUTE TO OUTSIDE JURISDICTION</descript><dayofweek>Wednesday</dayofweek><date>2015-05-13T00:00:00</date><time>19:11</time><pddistrict>TENDERLOIN</pddistrict><resolution>NONE</resolution><address>400 Block of HYDE ST</address><x>-122.416235852379</x><y>37.7849125738476</y><location human_address="{&quot;address&quot;:&quot;&quot;,&quot;city&quot;:&quot;&quot;,&quot;state&quot;:&quot;&quot;,&quot;zip&quot;:&quot;&quot;}" latitude="37.7849125738476" longitude="-122.416235852379" needs_recoding="false"/></row>