<?xml version="1.0" encoding="UTF-8"?><row _id="12587930" _uuid="92EF9C4C-954C-4B37-936D-1B67B8999DAA" _position="12587930" _address="http://data.sfgov.org/resource/ritf-b9ki/12587930"><incidntnum>150459979</incidntnum><category>LARCENY/THEFT</category><descript>PETTY THEFT BICYCLE</descript><dayofweek>Tuesday</dayofweek><date>2015-05-26T00:00:00</date><time>18:00</time><pddistrict>TARAVAL</pddistrict><resolution>NONE</resolution><address>600 Block of IRVING ST</address><x>-122.464714929262</x><y>37.7640520313658</y><location human_address="{&quot;address&quot;:&quot;&quot;,&quot;city&quot;:&quot;&quot;,&quot;state&quot;:&quot;&quot;,&quot;zip&quot;:&quot;&quot;}" latitude="37.7640520313658" longitude="-122.464714929262" needs_recoding="false"/></row>