<?xml version="1.0" encoding="UTF-8"?><row _id="12585794" _uuid="00A70672-5845-47FB-BDA0-4003C60AE054" _position="12585794" _address="http://data.sfgov.org/resource/ritf-b9ki/12585794"><incidntnum>150446465</incidntnum><category>VEHICLE THEFT</category><descript>STOLEN AUTOMOBILE</descript><dayofweek>Friday</dayofweek><date>2015-05-22T00:00:00</date><time>07:50</time><pddistrict>TARAVAL</pddistrict><resolution>NONE</resolution><address>JUNIPERO SERRA BL / OCEAN AV</address><x>-122.471796877153</x><y>37.7310310952757</y><location human_address="{&quot;address&quot;:&quot;&quot;,&quot;city&quot;:&quot;&quot;,&quot;state&quot;:&quot;&quot;,&quot;zip&quot;:&quot;&quot;}" latitude="37.7310310952757" longitude="-122.471796877153" needs_recoding="false"/></row>