<?xml version="1.0" encoding="UTF-8"?><row _id="12583318" _uuid="479EE8EF-CC60-442C-8A70-6BC3A8B87224" _position="12583318" _address="http://data.sfgov.org/resource/ritf-b9ki/12583318"><incidntnum>156120683</incidntnum><category>LARCENY/THEFT</category><descript>GRAND THEFT OF PROPERTY</descript><dayofweek>Saturday</dayofweek><date>2015-05-16T00:00:00</date><time>21:45</time><pddistrict>SOUTHERN</pddistrict><resolution>NONE</resolution><address>7TH ST / HOWARD ST</address><x>-122.409391574893</x><y>37.7779765037999</y><location human_address="{&quot;address&quot;:&quot;&quot;,&quot;city&quot;:&quot;&quot;,&quot;state&quot;:&quot;&quot;,&quot;zip&quot;:&quot;&quot;}" latitude="37.7779765037999" longitude="-122.409391574893" needs_recoding="false"/></row>