<?xml version="1.0" encoding="UTF-8"?><row _id="12598054" _uuid="040A898A-39D9-4DAE-9A05-24579094C2CC" _position="12598054" _address="http://data.sfgov.org/resource/ritf-b9ki/12598054"><incidntnum>150545095</incidntnum><category>VEHICLE THEFT</category><descript>STOLEN AUTOMOBILE</descript><dayofweek>Friday</dayofweek><date>2015-06-19T00:00:00</date><time>12:00</time><pddistrict>MISSION</pddistrict><resolution>NONE</resolution><address>FLORIDA ST / 25TH ST</address><x>-122.40991630881</x><y>37.7511443775426</y><location human_address="{&quot;address&quot;:&quot;&quot;,&quot;city&quot;:&quot;&quot;,&quot;state&quot;:&quot;&quot;,&quot;zip&quot;:&quot;&quot;}" latitude="37.7511443775426" longitude="-122.40991630881" needs_recoding="false"/></row>