<?xml version="1.0" encoding="UTF-8"?><row _id="12578796" _uuid="77B9EDDA-5774-4333-BC11-C705B1634718" _position="12578796" _address="http://data.sfgov.org/resource/ritf-b9ki/12578796"><incidntnum>150417143</incidntnum><category>ASSAULT</category><descript>THREATS AGAINST LIFE</descript><dayofweek>Wednesday</dayofweek><date>2015-05-13T00:00:00</date><time>17:40</time><pddistrict>CENTRAL</pddistrict><resolution>NONE</resolution><address>1400 Block of STOCKTON ST</address><x>-122.409031505971</x><y>37.7992531925554</y><location human_address="{&quot;address&quot;:&quot;&quot;,&quot;city&quot;:&quot;&quot;,&quot;state&quot;:&quot;&quot;,&quot;zip&quot;:&quot;&quot;}" latitude="37.7992531925554" longitude="-122.409031505971" needs_recoding="false"/></row>