<?xml version="1.0" encoding="UTF-8"?><row _id="12583589" _uuid="A7905941-BDF4-441A-99A9-EB9588D288A5" _position="12583589" _address="http://data.sfgov.org/resource/ritf-b9ki/12583589"><incidntnum>156122112</incidntnum><category>NON-CRIMINAL</category><descript>LOST PROPERTY</descript><dayofweek>Tuesday</dayofweek><date>2015-05-12T00:00:00</date><time>12:00</time><pddistrict>SOUTHERN</pddistrict><resolution>NONE</resolution><address>0 Block of 6TH ST</address><x>-122.409011206639</x><y>37.7811340568243</y><location human_address="{&quot;address&quot;:&quot;&quot;,&quot;city&quot;:&quot;&quot;,&quot;state&quot;:&quot;&quot;,&quot;zip&quot;:&quot;&quot;}" latitude="37.7811340568243" longitude="-122.409011206639" needs_recoding="false"/></row>