<?xml version="1.0" encoding="UTF-8"?><row _id="12579901" _uuid="E5C82CF4-539B-4C0D-8FB8-891D1DD73DF6" _position="12579901" _address="http://data.sfgov.org/resource/ritf-b9ki/12579901"><incidntnum>156113939</incidntnum><category>LARCENY/THEFT</category><descript>GRAND THEFT FROM LOCKED AUTO</descript><dayofweek>Monday</dayofweek><date>2015-05-11T00:00:00</date><time>16:30</time><pddistrict>BAYVIEW</pddistrict><resolution>NONE</resolution><address>800 Block of CHINABASIN ST</address><x>-122.386775025935</x><y>37.765377517215</y><location human_address="{&quot;address&quot;:&quot;&quot;,&quot;city&quot;:&quot;&quot;,&quot;state&quot;:&quot;&quot;,&quot;zip&quot;:&quot;&quot;}" latitude="37.765377517215" longitude="-122.386775025935" needs_recoding="false"/></row>