<?xml version="1.0" encoding="UTF-8"?><row _id="12579853" _uuid="FB8DD3C2-E86B-4AB1-88A4-F71D96EB7CB1" _position="12579853" _address="http://data.sfgov.org/resource/ritf-b9ki/12579853"><incidntnum>156112862</incidntnum><category>OTHER OFFENSES</category><descript>OBSCENE PHONE CALLS(S)</descript><dayofweek>Thursday</dayofweek><date>2015-05-07T00:00:00</date><time>18:34</time><pddistrict>RICHMOND</pddistrict><resolution>NONE</resolution><address>3000 Block of WASHINGTON ST</address><x>-122.443482004718</x><y>37.7903767369327</y><location human_address="{&quot;address&quot;:&quot;&quot;,&quot;city&quot;:&quot;&quot;,&quot;state&quot;:&quot;&quot;,&quot;zip&quot;:&quot;&quot;}" latitude="37.7903767369327" longitude="-122.443482004718" needs_recoding="false"/></row>