<?xml version="1.0" encoding="UTF-8"?><row _id="12571750" _uuid="67EEB0BE-9D56-4C65-94AA-339BD43FBFC9" _position="12571750" _address="http://data.sfgov.org/resource/ritf-b9ki/12571750"><incidntnum>150393349</incidntnum><category>ROBBERY</category><descript>ROBBERY ON THE STREET WITH A DANGEROUS WEAPON</descript><dayofweek>Wednesday</dayofweek><date>2015-05-06T00:00:00</date><time>01:30</time><pddistrict>TENDERLOIN</pddistrict><resolution>NONE</resolution><address>OFARRELL ST / JONES ST</address><x>-122.412970537591</x><y>37.7857883766888</y><location human_address="{&quot;address&quot;:&quot;&quot;,&quot;city&quot;:&quot;&quot;,&quot;state&quot;:&quot;&quot;,&quot;zip&quot;:&quot;&quot;}" latitude="37.7857883766888" longitude="-122.412970537591" needs_recoding="false"/></row>