<?xml version="1.0" encoding="UTF-8"?><row _id="12578608" _uuid="23E09A68-7187-4850-863F-A282CD022D45" _position="12578608" _address="http://data.sfgov.org/resource/ritf-b9ki/12578608"><incidntnum>150413793</incidntnum><category>NON-CRIMINAL</category><descript>AIDED CASE, MENTAL DISTURBED</descript><dayofweek>Tuesday</dayofweek><date>2015-05-12T00:00:00</date><time>16:24</time><pddistrict>CENTRAL</pddistrict><resolution>NONE</resolution><address>900 Block of MASON ST</address><x>-122.410845624227</x><y>37.7923158747647</y><location human_address="{&quot;address&quot;:&quot;&quot;,&quot;city&quot;:&quot;&quot;,&quot;state&quot;:&quot;&quot;,&quot;zip&quot;:&quot;&quot;}" latitude="37.7923158747647" longitude="-122.410845624227" needs_recoding="false"/></row>