<?xml version="1.0" encoding="UTF-8"?><row _id="12578090" _uuid="32B86788-8FE2-40BF-BEEB-94D79952A786" _position="12578090" _address="http://data.sfgov.org/resource/ritf-b9ki/12578090"><incidntnum>150405461</incidntnum><category>NON-CRIMINAL</category><descript>AIDED CASE</descript><dayofweek>Saturday</dayofweek><date>2015-05-09T00:00:00</date><time>19:50</time><pddistrict>TARAVAL</pddistrict><resolution>NONE</resolution><address>1700 Block of 11TH AV</address><x>-122.46779680272</x><y>37.7555414681071</y><location human_address="{&quot;address&quot;:&quot;&quot;,&quot;city&quot;:&quot;&quot;,&quot;state&quot;:&quot;&quot;,&quot;zip&quot;:&quot;&quot;}" latitude="37.7555414681071" longitude="-122.46779680272" needs_recoding="false"/></row>