<?xml version="1.0" encoding="UTF-8"?><row _id="12584396" _uuid="4927403E-6B02-44EF-B9E5-F9567DEF5F80" _position="12584396" _address="http://data.sfgov.org/resource/ritf-b9ki/12584396"><incidntnum>156120304</incidntnum><category>LARCENY/THEFT</category><descript>GRAND THEFT FROM LOCKED AUTO</descript><dayofweek>Monday</dayofweek><date>2015-05-18T00:00:00</date><time>09:50</time><pddistrict>CENTRAL</pddistrict><resolution>NONE</resolution><address>600 Block of JONES ST</address><x>-122.413162802096</x><y>37.7870801005292</y><location human_address="{&quot;address&quot;:&quot;&quot;,&quot;city&quot;:&quot;&quot;,&quot;state&quot;:&quot;&quot;,&quot;zip&quot;:&quot;&quot;}" latitude="37.7870801005292" longitude="-122.413162802096" needs_recoding="false"/></row>