<?xml version="1.0" encoding="UTF-8"?><row _id="12578252" _uuid="540871EF-CDAB-47EA-A14F-42DEA84EC630" _position="12578252" _address="http://data.sfgov.org/resource/ritf-b9ki/12578252"><incidntnum>150407865</incidntnum><category>LARCENY/THEFT</category><descript>PETTY THEFT SHOPLIFTING</descript><dayofweek>Saturday</dayofweek><date>2015-05-09T00:00:00</date><time>16:00</time><pddistrict>NORTHERN</pddistrict><resolution>NONE</resolution><address>2200 Block of POLK ST</address><x>-122.421940116946</x><y>37.7971438884686</y><location human_address="{&quot;address&quot;:&quot;&quot;,&quot;city&quot;:&quot;&quot;,&quot;state&quot;:&quot;&quot;,&quot;zip&quot;:&quot;&quot;}" latitude="37.7971438884686" longitude="-122.421940116946" needs_recoding="false"/></row>