<?xml version="1.0" encoding="UTF-8"?><row _id="12578735" _uuid="EB8B01B0-C7AA-4291-ADCC-EC5B27427B9F" _position="12578735" _address="http://data.sfgov.org/resource/ritf-b9ki/12578735"><incidntnum>150415896</incidntnum><category>BURGLARY</category><descript>BURGLARY, UNLAWFUL ENTRY</descript><dayofweek>Wednesday</dayofweek><date>2015-05-13T00:00:00</date><time>10:00</time><pddistrict>MISSION</pddistrict><resolution>NONE</resolution><address>2000 Block of MISSION ST</address><x>-122.419520367886</x><y>37.764228935718</y><location human_address="{&quot;address&quot;:&quot;&quot;,&quot;city&quot;:&quot;&quot;,&quot;state&quot;:&quot;&quot;,&quot;zip&quot;:&quot;&quot;}" latitude="37.764228935718" longitude="-122.419520367886" needs_recoding="false"/></row>