<?xml version="1.0" encoding="UTF-8"?><row _id="12579731" _uuid="DC19AF9E-4111-4286-83DE-45DF1603D414" _position="12579731" _address="http://data.sfgov.org/resource/ritf-b9ki/12579731"><incidntnum>156110480</incidntnum><category>LARCENY/THEFT</category><descript>PETTY THEFT OF PROPERTY</descript><dayofweek>Thursday</dayofweek><date>2015-05-07T00:00:00</date><time>06:00</time><pddistrict>CENTRAL</pddistrict><resolution>NONE</resolution><address>400 Block of JEFFERSON ST</address><x>-122.419919493342</x><y>37.8076403511907</y><location human_address="{&quot;address&quot;:&quot;&quot;,&quot;city&quot;:&quot;&quot;,&quot;state&quot;:&quot;&quot;,&quot;zip&quot;:&quot;&quot;}" latitude="37.8076403511907" longitude="-122.419919493342" needs_recoding="false"/></row>