<?xml version="1.0" encoding="UTF-8"?><row _id="12583535" _uuid="A62D669B-F1A4-4776-BD3C-BF5C917D652E" _position="12583535" _address="http://data.sfgov.org/resource/ritf-b9ki/12583535"><incidntnum>150432323</incidntnum><category>NON-CRIMINAL</category><descript>DEATH REPORT, CAUSE UNKNOWN</descript><dayofweek>Saturday</dayofweek><date>2015-05-16T00:00:00</date><time>11:40</time><pddistrict>NORTHERN</pddistrict><resolution>NONE</resolution><address>600 Block of LAGUNA ST</address><x>-122.426475204178</x><y>37.7771565804365</y><location human_address="{&quot;address&quot;:&quot;&quot;,&quot;city&quot;:&quot;&quot;,&quot;state&quot;:&quot;&quot;,&quot;zip&quot;:&quot;&quot;}" latitude="37.7771565804365" longitude="-122.426475204178" needs_recoding="false"/></row>