<?xml version="1.0" encoding="UTF-8"?><row _id="12582399" _uuid="08D17A7A-0B40-40E3-8FDC-BC586D290630" _position="12582399" _address="http://data.sfgov.org/resource/ritf-b9ki/12582399"><incidntnum>150418408</incidntnum><category>OTHER OFFENSES</category><descript>RESISTING ARREST</descript><dayofweek>Thursday</dayofweek><date>2015-05-14T00:00:00</date><time>04:35</time><pddistrict>SOUTHERN</pddistrict><resolution>ARREST, BOOKED</resolution><address>100 Block of HAWTHORNE ST</address><x>-122.396973279071</x><y>37.7840808105217</y><location human_address="{&quot;address&quot;:&quot;&quot;,&quot;city&quot;:&quot;&quot;,&quot;state&quot;:&quot;&quot;,&quot;zip&quot;:&quot;&quot;}" latitude="37.7840808105217" longitude="-122.396973279071" needs_recoding="false"/></row>