<?xml version="1.0" encoding="UTF-8"?><row _id="12578582" _uuid="CA85C526-60CD-4012-B269-13BC5C4808FC" _position="12578582" _address="http://data.sfgov.org/resource/ritf-b9ki/12578582"><incidntnum>150413442</incidntnum><category>LARCENY/THEFT</category><descript>GRAND THEFT FROM LOCKED AUTO</descript><dayofweek>Tuesday</dayofweek><date>2015-05-12T00:00:00</date><time>09:00</time><pddistrict>CENTRAL</pddistrict><resolution>NONE</resolution><address>300 Block of BEACH ST</address><x>-122.414822317443</x><y>37.8074314598723</y><location human_address="{&quot;address&quot;:&quot;&quot;,&quot;city&quot;:&quot;&quot;,&quot;state&quot;:&quot;&quot;,&quot;zip&quot;:&quot;&quot;}" latitude="37.8074314598723" longitude="-122.414822317443" needs_recoding="false"/></row>