<?xml version="1.0" encoding="UTF-8"?><row _id="12577469" _uuid="9CE0888F-687A-48DC-BB54-380304773FF5" _position="12577469" _address="http://data.sfgov.org/resource/ritf-b9ki/12577469"><incidntnum>150394654</incidntnum><category>DISORDERLY CONDUCT</category><descript>DISTURBING THE PEACE, SWEARING</descript><dayofweek>Wednesday</dayofweek><date>2015-05-06T00:00:00</date><time>17:15</time><pddistrict>MISSION</pddistrict><resolution>ARREST, BOOKED</resolution><address>1000 Block of POTRERO AV</address><x>-122.406539115148</x><y>37.7564864109309</y><location human_address="{&quot;address&quot;:&quot;&quot;,&quot;city&quot;:&quot;&quot;,&quot;state&quot;:&quot;&quot;,&quot;zip&quot;:&quot;&quot;}" latitude="37.7564864109309" longitude="-122.406539115148" needs_recoding="false"/></row>