<?xml version="1.0" encoding="UTF-8"?><row _id="12586654" _uuid="46EEE2E8-D70B-487E-8883-191ECDC7A14D" _position="12586654" _address="http://data.sfgov.org/resource/ritf-b9ki/12586654"><incidntnum>150451464</incidntnum><category>TRESPASS</category><descript>TRESPASSING</descript><dayofweek>Saturday</dayofweek><date>2015-05-23T00:00:00</date><time>12:39</time><pddistrict>CENTRAL</pddistrict><resolution>NONE</resolution><address>100 Block of JEFFERSON ST</address><x>-122.414988252591</x><y>37.8082613305439</y><location human_address="{&quot;address&quot;:&quot;&quot;,&quot;city&quot;:&quot;&quot;,&quot;state&quot;:&quot;&quot;,&quot;zip&quot;:&quot;&quot;}" latitude="37.8082613305439" longitude="-122.414988252591" needs_recoding="false"/></row>