<?xml version="1.0" encoding="UTF-8"?><row _id="12579997" _uuid="FB57EB00-61DC-4A41-BDF6-3FA0ACEDBC48" _position="12579997" _address="http://data.sfgov.org/resource/ritf-b9ki/12579997"><incidntnum>156116438</incidntnum><category>NON-CRIMINAL</category><descript>LOST PROPERTY</descript><dayofweek>Wednesday</dayofweek><date>2015-05-06T00:00:00</date><time>05:20</time><pddistrict>TENDERLOIN</pddistrict><resolution>NONE</resolution><address>300 Block of GOLDEN GATE AV</address><x>-122.416351987352</x><y>37.7816031438671</y><location human_address="{&quot;address&quot;:&quot;&quot;,&quot;city&quot;:&quot;&quot;,&quot;state&quot;:&quot;&quot;,&quot;zip&quot;:&quot;&quot;}" latitude="37.7816031438671" longitude="-122.416351987352" needs_recoding="false"/></row>