<?xml version="1.0" encoding="UTF-8"?><row _id="12571883" _uuid="4F218E8F-4D6D-4DD4-B5F2-C433F523EF77" _position="12571883" _address="http://data.sfgov.org/resource/ritf-b9ki/12571883"><incidntnum>150398032</incidntnum><category>WEAPON LAWS</category><descript>POSS OF PROHIBITED WEAPON</descript><dayofweek>Thursday</dayofweek><date>2015-05-07T00:00:00</date><time>16:12</time><pddistrict>PARK</pddistrict><resolution>ARREST, BOOKED</resolution><address>HAIGHT ST / ASHBURY ST</address><x>-122.446933310975</x><y>37.7700061988358</y><location human_address="{&quot;address&quot;:&quot;&quot;,&quot;city&quot;:&quot;&quot;,&quot;state&quot;:&quot;&quot;,&quot;zip&quot;:&quot;&quot;}" latitude="37.7700061988358" longitude="-122.446933310975" needs_recoding="false"/></row>