<?xml version="1.0" encoding="UTF-8"?><row _id="12582574" _uuid="34FB943D-59F7-4077-B189-80FF6B4CC7D7" _position="12582574" _address="http://data.sfgov.org/resource/ritf-b9ki/12582574"><incidntnum>150422095</incidntnum><category>VEHICLE THEFT</category><descript>STOLEN AUTOMOBILE</descript><dayofweek>Thursday</dayofweek><date>2015-05-14T00:00:00</date><time>21:30</time><pddistrict>BAYVIEW</pddistrict><resolution>NONE</resolution><address>2000 Block of OAKDALE AV</address><x>-122.398787492126</x><y>37.7393294944378</y><location human_address="{&quot;address&quot;:&quot;&quot;,&quot;city&quot;:&quot;&quot;,&quot;state&quot;:&quot;&quot;,&quot;zip&quot;:&quot;&quot;}" latitude="37.7393294944378" longitude="-122.398787492126" needs_recoding="false"/></row>