<?xml version="1.0" encoding="UTF-8"?><row _id="12582091" _uuid="E99B9360-2C2E-4EE3-B601-888505F5B03F" _position="12582091" _address="http://data.sfgov.org/resource/ritf-b9ki/12582091"><incidntnum>150418709</incidntnum><category>OTHER OFFENSES</category><descript>VIOLATION OF RESTRAINING ORDER</descript><dayofweek>Wednesday</dayofweek><date>2015-05-13T00:00:00</date><time>00:01</time><pddistrict>INGLESIDE</pddistrict><resolution>NONE</resolution><address>400 Block of EDINBURGH ST</address><x>-122.431371314076</x><y>37.7219675742406</y><location human_address="{&quot;address&quot;:&quot;&quot;,&quot;city&quot;:&quot;&quot;,&quot;state&quot;:&quot;&quot;,&quot;zip&quot;:&quot;&quot;}" latitude="37.7219675742406" longitude="-122.431371314076" needs_recoding="false"/></row>