<?xml version="1.0" encoding="UTF-8"?><row _id="12580012" _uuid="0E2A44E5-441D-4F35-B7DA-83A540A5C83E" _position="12580012" _address="http://data.sfgov.org/resource/ritf-b9ki/12580012"><incidntnum>156117583</incidntnum><category>LARCENY/THEFT</category><descript>GRAND THEFT FROM UNLOCKED AUTO</descript><dayofweek>Sunday</dayofweek><date>2015-05-10T00:00:00</date><time>12:21</time><pddistrict>INGLESIDE</pddistrict><resolution>NONE</resolution><address>100 Block of RIDGEWOOD AV</address><x>-122.453340819787</x><y>37.7311097191486</y><location human_address="{&quot;address&quot;:&quot;&quot;,&quot;city&quot;:&quot;&quot;,&quot;state&quot;:&quot;&quot;,&quot;zip&quot;:&quot;&quot;}" latitude="37.7311097191486" longitude="-122.453340819787" needs_recoding="false"/></row>