<?xml version="1.0" encoding="UTF-8"?><row _id="12587244" _uuid="6C88E27E-59D8-46B2-BFAE-A5394E468664" _position="12587244" _address="http://data.sfgov.org/resource/ritf-b9ki/12587244"><incidntnum>150453335</incidntnum><category>OTHER OFFENSES</category><descript>FALSE PERSONATION</descript><dayofweek>Sunday</dayofweek><date>2015-05-24T00:00:00</date><time>09:00</time><pddistrict>SOUTHERN</pddistrict><resolution>NONE</resolution><address>HAWTHORNE ST / FOLSOM ST</address><x>-122.397816589532</x><y>37.7846680653938</y><location human_address="{&quot;address&quot;:&quot;&quot;,&quot;city&quot;:&quot;&quot;,&quot;state&quot;:&quot;&quot;,&quot;zip&quot;:&quot;&quot;}" latitude="37.7846680653938" longitude="-122.397816589532" needs_recoding="false"/></row>