<?xml version="1.0" encoding="UTF-8"?><row _id="12584280" _uuid="CBF87C98-1D71-440D-AF41-5050E87D294A" _position="12584280" _address="http://data.sfgov.org/resource/ritf-b9ki/12584280"><incidntnum>150431466</incidntnum><category>WEAPON LAWS</category><descript>CARRYING A CONCEALED WEAPON</descript><dayofweek>Monday</dayofweek><date>2015-05-18T00:00:00</date><time>02:23</time><pddistrict>CENTRAL</pddistrict><resolution>ARREST, BOOKED</resolution><address>1500 Block of CLAY ST</address><x>-122.418156901165</x><y>37.7926970176404</y><location human_address="{&quot;address&quot;:&quot;&quot;,&quot;city&quot;:&quot;&quot;,&quot;state&quot;:&quot;&quot;,&quot;zip&quot;:&quot;&quot;}" latitude="37.7926970176404" longitude="-122.418156901165" needs_recoding="false"/></row>