<?xml version="1.0" encoding="UTF-8"?><row _id="12585388" _uuid="96875E83-3D10-47AD-B458-36A412CE4B2E" _position="12585388" _address="http://data.sfgov.org/resource/ritf-b9ki/12585388"><incidntnum>156124798</incidntnum><category>LARCENY/THEFT</category><descript>GRAND THEFT FROM LOCKED AUTO</descript><dayofweek>Thursday</dayofweek><date>2015-05-21T00:00:00</date><time>16:00</time><pddistrict>SOUTHERN</pddistrict><resolution>NONE</resolution><address>BRYANT ST / THE EMBARCADEROSOUTH ST</address><x>-122.388007401911</x><y>37.7871027247566</y><location human_address="{&quot;address&quot;:&quot;&quot;,&quot;city&quot;:&quot;&quot;,&quot;state&quot;:&quot;&quot;,&quot;zip&quot;:&quot;&quot;}" latitude="37.7871027247566" longitude="-122.388007401911" needs_recoding="false"/></row>