<?xml version="1.0" encoding="UTF-8"?><row _id="12589523" _uuid="8345B510-0560-414B-A874-6ECA2C0DF3C5" _position="12589523" _address="http://data.sfgov.org/resource/ritf-b9ki/12589523"><incidntnum>150473593</incidntnum><category>BURGLARY</category><descript>BURGLARY,RESIDENCE UNDER CONSTRT, FORCIBLE ENTRY</descript><dayofweek>Saturday</dayofweek><date>2015-05-30T00:00:00</date><time>23:35</time><pddistrict>BAYVIEW</pddistrict><resolution>NONE</resolution><address>1300 Block of PALOU AV</address><x>-122.38628498364</x><y>37.7312896874195</y><location human_address="{&quot;address&quot;:&quot;&quot;,&quot;city&quot;:&quot;&quot;,&quot;state&quot;:&quot;&quot;,&quot;zip&quot;:&quot;&quot;}" latitude="37.7312896874195" longitude="-122.38628498364" needs_recoding="false"/></row>