<?xml version="1.0" encoding="UTF-8"?><row _id="12571824" _uuid="A263B80B-FAAC-45C1-9C21-8D303A7C979E" _position="12571824" _address="http://data.sfgov.org/resource/ritf-b9ki/12571824"><incidntnum>150396086</incidntnum><category>NON-CRIMINAL</category><descript>FOUND PROPERTY</descript><dayofweek>Wednesday</dayofweek><date>2015-05-06T00:00:00</date><time>11:00</time><pddistrict>PARK</pddistrict><resolution>NONE</resolution><address>HENRY ST / CASTRO ST</address><x>-122.43555114473</x><y>37.7665264937025</y><location human_address="{&quot;address&quot;:&quot;&quot;,&quot;city&quot;:&quot;&quot;,&quot;state&quot;:&quot;&quot;,&quot;zip&quot;:&quot;&quot;}" latitude="37.7665264937025" longitude="-122.43555114473" needs_recoding="false"/></row>