<?xml version="1.0" encoding="UTF-8"?><row _id="12582661" _uuid="28D509B4-5883-42DA-BAF6-4606C999F34A" _position="12582661" _address="http://data.sfgov.org/resource/ritf-b9ki/12582661"><incidntnum>150422619</incidntnum><category>OTHER OFFENSES</category><descript>SCHOOL PROPERTY, DISTURBANCE ON</descript><dayofweek>Thursday</dayofweek><date>2015-05-14T00:00:00</date><time>14:30</time><pddistrict>NORTHERN</pddistrict><resolution>NONE</resolution><address>1100 Block of FRANCISCO ST</address><x>-122.42412350881</x><y>37.8033613356362</y><location human_address="{&quot;address&quot;:&quot;&quot;,&quot;city&quot;:&quot;&quot;,&quot;state&quot;:&quot;&quot;,&quot;zip&quot;:&quot;&quot;}" latitude="37.8033613356362" longitude="-122.42412350881" needs_recoding="false"/></row>