<?xml version="1.0" encoding="UTF-8"?><row _id="12572003" _uuid="0BF44476-61D4-4808-A5F1-12813ADC4A0E" _position="12572003" _address="http://data.sfgov.org/resource/ritf-b9ki/12572003"><incidntnum>150402542</incidntnum><category>OTHER OFFENSES</category><descript>DRIVERS LICENSE, SUSPENDED OR REVOKED</descript><dayofweek>Friday</dayofweek><date>2015-05-08T00:00:00</date><time>21:16</time><pddistrict>INGLESIDE</pddistrict><resolution>ARREST, CITED</resolution><address>MISSION ST / EXCELSIOR AV</address><x>-122.433623421746</x><y>37.7262358304722</y><location human_address="{&quot;address&quot;:&quot;&quot;,&quot;city&quot;:&quot;&quot;,&quot;state&quot;:&quot;&quot;,&quot;zip&quot;:&quot;&quot;}" latitude="37.7262358304722" longitude="-122.433623421746" needs_recoding="false"/></row>