<?xml version="1.0" encoding="UTF-8"?><row _id="12579792" _uuid="4A076652-32EC-4D64-AC40-45899DE586F2" _position="12579792" _address="http://data.sfgov.org/resource/ritf-b9ki/12579792"><incidntnum>156111698</incidntnum><category>LARCENY/THEFT</category><descript>GRAND THEFT FROM LOCKED AUTO</descript><dayofweek>Friday</dayofweek><date>2015-05-08T00:00:00</date><time>01:20</time><pddistrict>SOUTHERN</pddistrict><resolution>NONE</resolution><address>500 Block of HOWARD ST</address><x>-122.398143526066</x><y>37.7869461751428</y><location human_address="{&quot;address&quot;:&quot;&quot;,&quot;city&quot;:&quot;&quot;,&quot;state&quot;:&quot;&quot;,&quot;zip&quot;:&quot;&quot;}" latitude="37.7869461751428" longitude="-122.398143526066" needs_recoding="false"/></row>