<?xml version="1.0" encoding="UTF-8"?><row _id="12589196" _uuid="E438BD90-B02E-4FD6-8C87-2928F362239C" _position="12589196" _address="http://data.sfgov.org/resource/ritf-b9ki/12589196"><incidntnum>150485253</incidntnum><category>MISSING PERSON</category><descript>MISSING ADULT</descript><dayofweek>Monday</dayofweek><date>2015-05-18T00:00:00</date><time>00:01</time><pddistrict>TENDERLOIN</pddistrict><resolution>NONE</resolution><address>200 Block of LEAVENWORTH ST</address><x>-122.414217804322</x><y>37.7832593295025</y><location human_address="{&quot;address&quot;:&quot;&quot;,&quot;city&quot;:&quot;&quot;,&quot;state&quot;:&quot;&quot;,&quot;zip&quot;:&quot;&quot;}" latitude="37.7832593295025" longitude="-122.414217804322" needs_recoding="false"/></row>