<?xml version="1.0" encoding="UTF-8"?><row _id="12589105" _uuid="0D66EEDC-0154-4367-82B9-50D466B35B83" _position="12589105" _address="http://data.sfgov.org/resource/ritf-b9ki/12589105"><incidntnum>150469633</incidntnum><category>ASSAULT</category><descript>BATTERY</descript><dayofweek>Friday</dayofweek><date>2015-05-29T00:00:00</date><time>18:10</time><pddistrict>SOUTHERN</pddistrict><resolution>NONE</resolution><address>0 Block of 5TH ST</address><x>-122.407382686506</x><y>37.7833716368249</y><location human_address="{&quot;address&quot;:&quot;&quot;,&quot;city&quot;:&quot;&quot;,&quot;state&quot;:&quot;&quot;,&quot;zip&quot;:&quot;&quot;}" latitude="37.7833716368249" longitude="-122.407382686506" needs_recoding="false"/></row>