<?xml version="1.0" encoding="UTF-8"?><row _id="12580788" _uuid="67BCCEC7-4FB8-4047-9287-6A520A3B7D59" _position="12580788" _address="http://data.sfgov.org/resource/ritf-b9ki/12580788"><incidntnum>150413549</incidntnum><category>LARCENY/THEFT</category><descript>GRAND THEFT SHOPLIFTING</descript><dayofweek>Tuesday</dayofweek><date>2015-05-12T00:00:00</date><time>15:25</time><pddistrict>BAYVIEW</pddistrict><resolution>NONE</resolution><address>1000 Block of 3RD ST</address><x>-122.389874469393</x><y>37.7754128608632</y><location human_address="{&quot;address&quot;:&quot;&quot;,&quot;city&quot;:&quot;&quot;,&quot;state&quot;:&quot;&quot;,&quot;zip&quot;:&quot;&quot;}" latitude="37.7754128608632" longitude="-122.389874469393" needs_recoding="false"/></row>