<?xml version="1.0" encoding="UTF-8"?><row _id="12588448" _uuid="E7898C1B-D963-4D3B-B32E-36A8AC390338" _position="12588448" _address="http://data.sfgov.org/resource/ritf-b9ki/12588448"><incidntnum>150463146</incidntnum><category>SUSPICIOUS OCC</category><descript>INVESTIGATIVE DETENTION</descript><dayofweek>Wednesday</dayofweek><date>2015-05-27T00:00:00</date><time>16:43</time><pddistrict>MISSION</pddistrict><resolution>NONE</resolution><address>2300 Block of 16TH ST</address><x>-122.409529913278</x><y>37.7657184395282</y><location human_address="{&quot;address&quot;:&quot;&quot;,&quot;city&quot;:&quot;&quot;,&quot;state&quot;:&quot;&quot;,&quot;zip&quot;:&quot;&quot;}" latitude="37.7657184395282" longitude="-122.409529913278" needs_recoding="false"/></row>