<?xml version="1.0" encoding="UTF-8"?><row _id="12580725" _uuid="4F980096-3C5A-41B3-BCCD-59911B007F0B" _position="12580725" _address="http://data.sfgov.org/resource/ritf-b9ki/12580725"><incidntnum>150405342</incidntnum><category>VEHICLE THEFT</category><descript>STOLEN AUTOMOBILE</descript><dayofweek>Friday</dayofweek><date>2015-05-08T00:00:00</date><time>17:00</time><pddistrict>TARAVAL</pddistrict><resolution>NONE</resolution><address>3200 Block of JUDAH ST</address><x>-122.496832619948</x><y>37.7608812255848</y><location human_address="{&quot;address&quot;:&quot;&quot;,&quot;city&quot;:&quot;&quot;,&quot;state&quot;:&quot;&quot;,&quot;zip&quot;:&quot;&quot;}" latitude="37.7608812255848" longitude="-122.496832619948" needs_recoding="false"/></row>