<?xml version="1.0" encoding="UTF-8"?><row _id="12582556" _uuid="3B2234AD-EBCF-4EC1-8750-6D2C7B4B59E5" _position="12582556" _address="http://data.sfgov.org/resource/ritf-b9ki/12582556"><incidntnum>150418420</incidntnum><category>ROBBERY</category><descript>ATTEMPTED ROBBERY WITH A GUN</descript><dayofweek>Thursday</dayofweek><date>2015-05-14T00:00:00</date><time>05:30</time><pddistrict>SOUTHERN</pddistrict><resolution>NONE</resolution><address>0 Block of 3RD ST</address><x>-122.403284843106</x><y>37.787306416019</y><location human_address="{&quot;address&quot;:&quot;&quot;,&quot;city&quot;:&quot;&quot;,&quot;state&quot;:&quot;&quot;,&quot;zip&quot;:&quot;&quot;}" latitude="37.787306416019" longitude="-122.403284843106" needs_recoding="false"/></row>