<?xml version="1.0" encoding="UTF-8"?><row _id="12584930" _uuid="C81E6EBA-63B2-4058-BF2C-F07F715DB03E" _position="12584930" _address="http://data.sfgov.org/resource/ritf-b9ki/12584930"><incidntnum>150438337</incidntnum><category>OTHER OFFENSES</category><descript>FRAUDULENT GAME OR TRICK, OBTAINING MONEY OR PROPERTY</descript><dayofweek>Tuesday</dayofweek><date>2015-05-19T00:00:00</date><time>14:00</time><pddistrict>RICHMOND</pddistrict><resolution>NONE</resolution><address>4TH AV / GEARY BL</address><x>-122.462141270182</x><y>37.7811098899332</y><location human_address="{&quot;address&quot;:&quot;&quot;,&quot;city&quot;:&quot;&quot;,&quot;state&quot;:&quot;&quot;,&quot;zip&quot;:&quot;&quot;}" latitude="37.7811098899332" longitude="-122.462141270182" needs_recoding="false"/></row>