<?xml version="1.0" encoding="UTF-8"?><row _id="12577428" _uuid="A5170471-A7BB-4ED9-BA06-44031E1072A1" _position="12577428" _address="http://data.sfgov.org/resource/ritf-b9ki/12577428"><incidntnum>150393957</incidntnum><category>LARCENY/THEFT</category><descript>GRAND THEFT FROM PERSON</descript><dayofweek>Wednesday</dayofweek><date>2015-05-06T00:00:00</date><time>10:00</time><pddistrict>SOUTHERN</pddistrict><resolution>NONE</resolution><address>800 Block of BRYANT ST</address><x>-122.403404791479</x><y>37.775420706711</y><location human_address="{&quot;address&quot;:&quot;&quot;,&quot;city&quot;:&quot;&quot;,&quot;state&quot;:&quot;&quot;,&quot;zip&quot;:&quot;&quot;}" latitude="37.775420706711" longitude="-122.403404791479" needs_recoding="false"/></row>