<?xml version="1.0" encoding="UTF-8"?><row _id="12578118" _uuid="1164D37F-0F00-4B66-AC2E-4B02501CB9E8" _position="12578118" _address="http://data.sfgov.org/resource/ritf-b9ki/12578118"><incidntnum>150405803</incidntnum><category>OTHER OFFENSES</category><descript>DRIVERS LICENSE, SUSPENDED OR REVOKED</descript><dayofweek>Saturday</dayofweek><date>2015-05-09T00:00:00</date><time>23:20</time><pddistrict>SOUTHERN</pddistrict><resolution>ARREST, BOOKED</resolution><address>800 Block of BRYANT ST</address><x>-122.403404791479</x><y>37.775420706711</y><location human_address="{&quot;address&quot;:&quot;&quot;,&quot;city&quot;:&quot;&quot;,&quot;state&quot;:&quot;&quot;,&quot;zip&quot;:&quot;&quot;}" latitude="37.775420706711" longitude="-122.403404791479" needs_recoding="false"/></row>