<?xml version="1.0" encoding="UTF-8"?><row _id="12584624" _uuid="9D9430CB-6503-4B40-BFCB-26FBBB3180B4" _position="12584624" _address="http://data.sfgov.org/resource/ritf-b9ki/12584624"><incidntnum>150436206</incidntnum><category>WARRANTS</category><descript>WARRANT ARREST</descript><dayofweek>Tuesday</dayofweek><date>2015-05-19T00:00:00</date><time>12:39</time><pddistrict>NORTHERN</pddistrict><resolution>ARREST, BOOKED</resolution><address>LOMBARD ST / DIVISADERO ST</address><x>-122.442649696374</x><y>37.798999247001</y><location human_address="{&quot;address&quot;:&quot;&quot;,&quot;city&quot;:&quot;&quot;,&quot;state&quot;:&quot;&quot;,&quot;zip&quot;:&quot;&quot;}" latitude="37.798999247001" longitude="-122.442649696374" needs_recoding="false"/></row>