<?xml version="1.0" encoding="UTF-8"?><row _id="12571963" _uuid="3612B609-63EE-445E-8025-654FEF00BC31" _position="12571963" _address="http://data.sfgov.org/resource/ritf-b9ki/12571963"><incidntnum>150400831</incidntnum><category>NON-CRIMINAL</category><descript>AIDED CASE, MENTAL DISTURBED</descript><dayofweek>Friday</dayofweek><date>2015-05-08T00:00:00</date><time>12:25</time><pddistrict>SOUTHERN</pddistrict><resolution>NONE</resolution><address>DORE ST / FOLSOM ST</address><x>-122.412226329199</x><y>37.7732855303603</y><location human_address="{&quot;address&quot;:&quot;&quot;,&quot;city&quot;:&quot;&quot;,&quot;state&quot;:&quot;&quot;,&quot;zip&quot;:&quot;&quot;}" latitude="37.7732855303603" longitude="-122.412226329199" needs_recoding="false"/></row>