<?xml version="1.0" encoding="UTF-8"?><row _id="12580992" _uuid="17B4CA51-6FC7-43B7-B13F-CFD49B6A78AB" _position="12580992" _address="http://data.sfgov.org/resource/ritf-b9ki/12580992"><incidntnum>156115866</incidntnum><category>LARCENY/THEFT</category><descript>PETTY THEFT OF PROPERTY</descript><dayofweek>Wednesday</dayofweek><date>2015-05-06T00:00:00</date><time>15:10</time><pddistrict>TARAVAL</pddistrict><resolution>NONE</resolution><address>3800 Block of ORTEGA ST</address><x>-122.504746135239</x><y>37.7510631562151</y><location human_address="{&quot;address&quot;:&quot;&quot;,&quot;city&quot;:&quot;&quot;,&quot;state&quot;:&quot;&quot;,&quot;zip&quot;:&quot;&quot;}" latitude="37.7510631562151" longitude="-122.504746135239" needs_recoding="false"/></row>