<?xml version="1.0" encoding="UTF-8"?><row _id="12582426" _uuid="A97F5BA9-99A3-4542-A230-A9128FF9A78A" _position="12582426" _address="http://data.sfgov.org/resource/ritf-b9ki/12582426"><incidntnum>150419224</incidntnum><category>LARCENY/THEFT</category><descript>PETTY THEFT SHOPLIFTING</descript><dayofweek>Thursday</dayofweek><date>2015-05-14T00:00:00</date><time>12:00</time><pddistrict>MISSION</pddistrict><resolution>ARREST, BOOKED</resolution><address>1800 Block of FOLSOM ST</address><x>-122.415605496237</x><y>37.7677177520665</y><location human_address="{&quot;address&quot;:&quot;&quot;,&quot;city&quot;:&quot;&quot;,&quot;state&quot;:&quot;&quot;,&quot;zip&quot;:&quot;&quot;}" latitude="37.7677177520665" longitude="-122.415605496237" needs_recoding="false"/></row>