<?xml version="1.0" encoding="UTF-8"?><row _id="12572078" _uuid="96A669D9-ED6D-4E20-BD3D-F546EA7296E3" _position="12572078" _address="http://data.sfgov.org/resource/ritf-b9ki/12572078"><incidntnum>150404805</incidntnum><category>LARCENY/THEFT</category><descript>PETTY THEFT FROM LOCKED AUTO</descript><dayofweek>Friday</dayofweek><date>2015-05-08T00:00:00</date><time>19:30</time><pddistrict>NORTHERN</pddistrict><resolution>NONE</resolution><address>FULTON ST / OCTAVIA ST</address><x>-122.425000578155</x><y>37.7785384966058</y><location human_address="{&quot;address&quot;:&quot;&quot;,&quot;city&quot;:&quot;&quot;,&quot;state&quot;:&quot;&quot;,&quot;zip&quot;:&quot;&quot;}" latitude="37.7785384966058" longitude="-122.425000578155" needs_recoding="false"/></row>