<?xml version="1.0" encoding="UTF-8"?><row _id="12577766" _uuid="4906060F-4866-4278-9FAE-5E980C0FBFC8" _position="12577766" _address="http://data.sfgov.org/resource/ritf-b9ki/12577766"><incidntnum>150399529</incidntnum><category>MISSING PERSON</category><descript>FOUND PERSON</descript><dayofweek>Thursday</dayofweek><date>2015-05-07T00:00:00</date><time>22:40</time><pddistrict>PARK</pddistrict><resolution>NONE</resolution><address>1200 Block of PAGE ST</address><x>-122.441393701114</x><y>37.7717273141771</y><location human_address="{&quot;address&quot;:&quot;&quot;,&quot;city&quot;:&quot;&quot;,&quot;state&quot;:&quot;&quot;,&quot;zip&quot;:&quot;&quot;}" latitude="37.7717273141771" longitude="-122.441393701114" needs_recoding="false"/></row>