<?xml version="1.0" encoding="UTF-8"?><row _id="12577480" _uuid="4DAB9839-6C1C-4DC3-A6DB-30677A45CD79" _position="12577480" _address="http://data.sfgov.org/resource/ritf-b9ki/12577480"><incidntnum>150394858</incidntnum><category>ASSAULT</category><descript>AGGRAVATED ASSAULT WITH A DEADLY WEAPON</descript><dayofweek>Wednesday</dayofweek><date>2015-05-06T00:00:00</date><time>18:00</time><pddistrict>INGLESIDE</pddistrict><resolution>NONE</resolution><address>100 Block of TUCKER AV</address><x>-122.406955614145</x><y>37.7162766822917</y><location human_address="{&quot;address&quot;:&quot;&quot;,&quot;city&quot;:&quot;&quot;,&quot;state&quot;:&quot;&quot;,&quot;zip&quot;:&quot;&quot;}" latitude="37.7162766822917" longitude="-122.406955614145" needs_recoding="false"/></row>