<?xml version="1.0" encoding="UTF-8"?><row _id="12571882" _uuid="A3F5BEDA-FCE1-4DB4-9F04-A33EDF054297" _position="12571882" _address="http://data.sfgov.org/resource/ritf-b9ki/12571882"><incidntnum>150398004</incidntnum><category>OTHER OFFENSES</category><descript>TRAFFIC VIOLATION ARREST</descript><dayofweek>Thursday</dayofweek><date>2015-05-07T00:00:00</date><time>16:00</time><pddistrict>CENTRAL</pddistrict><resolution>ARREST, CITED</resolution><address>LOMBARD ST / POWELL ST</address><x>-122.411393095746</x><y>37.8030342846773</y><location human_address="{&quot;address&quot;:&quot;&quot;,&quot;city&quot;:&quot;&quot;,&quot;state&quot;:&quot;&quot;,&quot;zip&quot;:&quot;&quot;}" latitude="37.8030342846773" longitude="-122.411393095746" needs_recoding="false"/></row>