<?xml version="1.0" encoding="UTF-8"?><row _id="12578062" _uuid="9085CC41-D527-4BFE-9CC8-D43CE4ADE592" _position="12578062" _address="http://data.sfgov.org/resource/ritf-b9ki/12578062"><incidntnum>150405041</incidntnum><category>VEHICLE THEFT</category><descript>STOLEN AND RECOVERED VEHICLE</descript><dayofweek>Thursday</dayofweek><date>2015-05-07T00:00:00</date><time>21:30</time><pddistrict>SOUTHERN</pddistrict><resolution>NONE</resolution><address>800 Block of BRYANT ST</address><x>-122.403404791479</x><y>37.775420706711</y><location human_address="{&quot;address&quot;:&quot;&quot;,&quot;city&quot;:&quot;&quot;,&quot;state&quot;:&quot;&quot;,&quot;zip&quot;:&quot;&quot;}" latitude="37.775420706711" longitude="-122.403404791479" needs_recoding="false"/></row>