<?xml version="1.0" encoding="UTF-8"?><row _id="12586009" _uuid="C32362F7-06DA-42FD-A3B1-0B5BAF5AE46F" _position="12586009" _address="http://data.sfgov.org/resource/ritf-b9ki/12586009"><incidntnum>150445257</incidntnum><category>WARRANTS</category><descript>ENROUTE TO PAROLE OFFICER</descript><dayofweek>Friday</dayofweek><date>2015-05-22T00:00:00</date><time>10:01</time><pddistrict>TARAVAL</pddistrict><resolution>ARREST, BOOKED</resolution><address>1200 Block of 9TH AV</address><x>-122.466444373211</x><y>37.7649596797552</y><location human_address="{&quot;address&quot;:&quot;&quot;,&quot;city&quot;:&quot;&quot;,&quot;state&quot;:&quot;&quot;,&quot;zip&quot;:&quot;&quot;}" latitude="37.7649596797552" longitude="-122.466444373211" needs_recoding="false"/></row>