<?xml version="1.0" encoding="UTF-8"?><row _id="12587127" _uuid="5E4DAD0F-A40F-409E-BC84-D73DACB830CD" _position="12587127" _address="http://data.sfgov.org/resource/ritf-b9ki/12587127"><incidntnum>150453426</incidntnum><category>OTHER OFFENSES</category><descript>RESISTING ARREST</descript><dayofweek>Sunday</dayofweek><date>2015-05-24T00:00:00</date><time>17:09</time><pddistrict>PARK</pddistrict><resolution>ARREST, BOOKED</resolution><address>1500 Block of HAIGHT ST</address><x>-122.447783070559</x><y>37.7699549503465</y><location human_address="{&quot;address&quot;:&quot;&quot;,&quot;city&quot;:&quot;&quot;,&quot;state&quot;:&quot;&quot;,&quot;zip&quot;:&quot;&quot;}" latitude="37.7699549503465" longitude="-122.447783070559" needs_recoding="false"/></row>