<?xml version="1.0" encoding="UTF-8"?><row _id="12584685" _uuid="AB089EDC-85F9-4A3B-B5EB-B2848E48EF4B" _position="12584685" _address="http://data.sfgov.org/resource/ritf-b9ki/12584685"><incidntnum>156121017</incidntnum><category>LARCENY/THEFT</category><descript>GRAND THEFT FROM LOCKED AUTO</descript><dayofweek>Tuesday</dayofweek><date>2015-05-19T00:00:00</date><time>18:45</time><pddistrict>NORTHERN</pddistrict><resolution>NONE</resolution><address>CHESTNUT ST / SCOTT ST</address><x>-122.441178352537</x><y>37.8001881690514</y><location human_address="{&quot;address&quot;:&quot;&quot;,&quot;city&quot;:&quot;&quot;,&quot;state&quot;:&quot;&quot;,&quot;zip&quot;:&quot;&quot;}" latitude="37.8001881690514" longitude="-122.441178352537" needs_recoding="false"/></row>