<?xml version="1.0" encoding="UTF-8"?><row _id="12586469" _uuid="77F1EECA-2BA0-4FB7-8303-8DD466D6A28E" _position="12586469" _address="http://data.sfgov.org/resource/ritf-b9ki/12586469"><incidntnum>156128825</incidntnum><category>LARCENY/THEFT</category><descript>GRAND THEFT FROM LOCKED AUTO</descript><dayofweek>Sunday</dayofweek><date>2015-05-17T00:00:00</date><time>02:00</time><pddistrict>SOUTHERN</pddistrict><resolution>NONE</resolution><address>16TH ST / RHODEISLAND ST</address><x>-122.402687653213</x><y>37.7660754132449</y><location human_address="{&quot;address&quot;:&quot;&quot;,&quot;city&quot;:&quot;&quot;,&quot;state&quot;:&quot;&quot;,&quot;zip&quot;:&quot;&quot;}" latitude="37.7660754132449" longitude="-122.402687653213" needs_recoding="false"/></row>