<?xml version="1.0" encoding="UTF-8"?><row _id="12578526" _uuid="69F307C3-C986-4DC8-9834-414FC56B7E83" _position="12578526" _address="http://data.sfgov.org/resource/ritf-b9ki/12578526"><incidntnum>150412591</incidntnum><category>ASSAULT</category><descript>BATTERY</descript><dayofweek>Tuesday</dayofweek><date>2015-05-12T00:00:00</date><time>10:35</time><pddistrict>PARK</pddistrict><resolution>NONE</resolution><address>800 Block of BRODERICK ST</address><x>-122.440053582454</x><y>37.7780666635823</y><location human_address="{&quot;address&quot;:&quot;&quot;,&quot;city&quot;:&quot;&quot;,&quot;state&quot;:&quot;&quot;,&quot;zip&quot;:&quot;&quot;}" latitude="37.7780666635823" longitude="-122.440053582454" needs_recoding="false"/></row>