<?xml version="1.0" encoding="UTF-8"?><row _id="12585913" _uuid="8C852CDA-39C4-44ED-995A-F85789422FE5" _position="12585913" _address="http://data.sfgov.org/resource/ritf-b9ki/12585913"><incidntnum>150445605</incidntnum><category>NON-CRIMINAL</category><descript>AIDED CASE, MENTAL DISTURBED</descript><dayofweek>Friday</dayofweek><date>2015-05-22T00:00:00</date><time>12:12</time><pddistrict>MISSION</pddistrict><resolution>NONE</resolution><address>2000 Block of MARKET ST</address><x>-122.427682264817</x><y>37.7683148008502</y><location human_address="{&quot;address&quot;:&quot;&quot;,&quot;city&quot;:&quot;&quot;,&quot;state&quot;:&quot;&quot;,&quot;zip&quot;:&quot;&quot;}" latitude="37.7683148008502" longitude="-122.427682264817" needs_recoding="false"/></row>