<?xml version="1.0" encoding="UTF-8"?><row _id="12571934" _uuid="E12E9AE1-A329-485E-826A-616263568256" _position="12571934" _address="http://data.sfgov.org/resource/ritf-b9ki/12571934"><incidntnum>150399911</incidntnum><category>LARCENY/THEFT</category><descript>PETTY THEFT FROM LOCKED AUTO</descript><dayofweek>Friday</dayofweek><date>2015-05-08T00:00:00</date><time>03:45</time><pddistrict>CENTRAL</pddistrict><resolution>NONE</resolution><address>COLUMBUS AV / KEARNY ST</address><x>-122.405291680009</x><y>37.7969085528868</y><location human_address="{&quot;address&quot;:&quot;&quot;,&quot;city&quot;:&quot;&quot;,&quot;state&quot;:&quot;&quot;,&quot;zip&quot;:&quot;&quot;}" latitude="37.7969085528868" longitude="-122.405291680009" needs_recoding="false"/></row>