<?xml version="1.0" encoding="UTF-8"?><row _id="12584279" _uuid="33E9DB7B-B269-4C11-8C84-9515961094B3" _position="12584279" _address="http://data.sfgov.org/resource/ritf-b9ki/12584279"><incidntnum>150431450</incidntnum><category>SUSPICIOUS OCC</category><descript>SUSPICIOUS OCCURRENCE</descript><dayofweek>Monday</dayofweek><date>2015-05-18T00:00:00</date><time>00:30</time><pddistrict>TENDERLOIN</pddistrict><resolution>NONE</resolution><address>100 Block of TAYLOR ST</address><x>-122.410791677645</x><y>37.7836952269749</y><location human_address="{&quot;address&quot;:&quot;&quot;,&quot;city&quot;:&quot;&quot;,&quot;state&quot;:&quot;&quot;,&quot;zip&quot;:&quot;&quot;}" latitude="37.7836952269749" longitude="-122.410791677645" needs_recoding="false"/></row>