<?xml version="1.0" encoding="UTF-8"?><row _id="12583159" _uuid="B577BA8A-80BF-410B-91BE-4F1076287493" _position="12583159" _address="http://data.sfgov.org/resource/ritf-b9ki/12583159"><incidntnum>150424825</incidntnum><category>DRUG/NARCOTIC</category><descript>POSSESSION OF MARIJUANA</descript><dayofweek>Saturday</dayofweek><date>2015-05-16T00:00:00</date><time>01:30</time><pddistrict>NORTHERN</pddistrict><resolution>ARREST, BOOKED</resolution><address>CLAY ST / POLK ST</address><x>-122.421056878203</x><y>37.7923840813812</y><location human_address="{&quot;address&quot;:&quot;&quot;,&quot;city&quot;:&quot;&quot;,&quot;state&quot;:&quot;&quot;,&quot;zip&quot;:&quot;&quot;}" latitude="37.7923840813812" longitude="-122.421056878203" needs_recoding="false"/></row>