<?xml version="1.0" encoding="UTF-8"?><row _id="12577819" _uuid="28A33E67-A6E0-43F0-A365-4DA6CCC57E08" _position="12577819" _address="http://data.sfgov.org/resource/ritf-b9ki/12577819"><incidntnum>150400461</incidntnum><category>ASSAULT</category><descript>AGGRAVATED ASSAULT WITH A KNIFE</descript><dayofweek>Friday</dayofweek><date>2015-05-08T00:00:00</date><time>10:20</time><pddistrict>BAYVIEW</pddistrict><resolution>NONE</resolution><address>700 Block of KIRKWOOD AV</address><x>-122.374019331833</x><y>37.729203356539</y><location human_address="{&quot;address&quot;:&quot;&quot;,&quot;city&quot;:&quot;&quot;,&quot;state&quot;:&quot;&quot;,&quot;zip&quot;:&quot;&quot;}" latitude="37.729203356539" longitude="-122.374019331833" needs_recoding="false"/></row>