<?xml version="1.0" encoding="UTF-8"?><row _id="12583376" _uuid="0ABE1E47-598C-449B-8E8C-361442567F64" _position="12583376" _address="http://data.sfgov.org/resource/ritf-b9ki/12583376"><incidntnum>150426229</incidntnum><category>WARRANTS</category><descript>ENROUTE TO OUTSIDE JURISDICTION</descript><dayofweek>Saturday</dayofweek><date>2015-05-16T00:00:00</date><time>11:19</time><pddistrict>CENTRAL</pddistrict><resolution>ARREST, BOOKED</resolution><address>500 Block of BROADWAY ST</address><x>-122.405863212632</x><y>37.7980228452184</y><location human_address="{&quot;address&quot;:&quot;&quot;,&quot;city&quot;:&quot;&quot;,&quot;state&quot;:&quot;&quot;,&quot;zip&quot;:&quot;&quot;}" latitude="37.7980228452184" longitude="-122.405863212632" needs_recoding="false"/></row>