<?xml version="1.0" encoding="UTF-8"?><row _id="12582461" _uuid="3BD4BF67-7532-4689-B4EB-43CFCF887A8A" _position="12582461" _address="http://data.sfgov.org/resource/ritf-b9ki/12582461"><incidntnum>150420124</incidntnum><category>ASSAULT</category><descript>CHILD ABUSE (PHYSICAL)</descript><dayofweek>Thursday</dayofweek><date>2015-05-14T00:00:00</date><time>07:20</time><pddistrict>TENDERLOIN</pddistrict><resolution>NONE</resolution><address>300 Block of TURK ST</address><x>-122.41487855905</x><y>37.7826335031541</y><location human_address="{&quot;address&quot;:&quot;&quot;,&quot;city&quot;:&quot;&quot;,&quot;state&quot;:&quot;&quot;,&quot;zip&quot;:&quot;&quot;}" latitude="37.7826335031541" longitude="-122.41487855905" needs_recoding="false"/></row>