<?xml version="1.0" encoding="UTF-8"?><row _id="12596077" _uuid="E0AA4BAA-9965-4F37-927D-18431AAF0C19" _position="12596077" _address="http://data.sfgov.org/resource/ritf-b9ki/12596077"><incidntnum>150519874</incidntnum><category>VEHICLE THEFT</category><descript>STOLEN MOTORCYCLE</descript><dayofweek>Sunday</dayofweek><date>2015-06-14T00:00:00</date><time>02:00</time><pddistrict>INGLESIDE</pddistrict><resolution>NONE</resolution><address>200 Block of HOLLYPARK CR</address><x>-122.418860969819</x><y>37.7375161241247</y><location human_address="{&quot;address&quot;:&quot;&quot;,&quot;city&quot;:&quot;&quot;,&quot;state&quot;:&quot;&quot;,&quot;zip&quot;:&quot;&quot;}" latitude="37.7375161241247" longitude="-122.418860969819" needs_recoding="false"/></row>