<?xml version="1.0" encoding="UTF-8"?><row _id="12584207" _uuid="10BD9923-044F-4BA9-BA66-2883BE6D3BDE" _position="12584207" _address="http://data.sfgov.org/resource/ritf-b9ki/12584207"><incidntnum>151380111</incidntnum><category>NON-CRIMINAL</category><descript>FOUND PROPERTY</descript><dayofweek>Monday</dayofweek><date>2015-05-18T00:00:00</date><time>00:51</time><pddistrict>NORTHERN</pddistrict><resolution>NONE</resolution><address>FRANKLIN ST / MCALLISTER ST</address><x>-122.421893134467</x><y>37.779891233614</y><location human_address="{&quot;address&quot;:&quot;&quot;,&quot;city&quot;:&quot;&quot;,&quot;state&quot;:&quot;&quot;,&quot;zip&quot;:&quot;&quot;}" latitude="37.779891233614" longitude="-122.421893134467" needs_recoding="false"/></row>