<?xml version="1.0" encoding="UTF-8"?><row _id="12582492" _uuid="2EB728ED-FD8D-418E-B102-95A4EFED4F3D" _position="12582492" _address="http://data.sfgov.org/resource/ritf-b9ki/12582492"><incidntnum>150420839</incidntnum><category>NON-CRIMINAL</category><descript>AIDED CASE, MENTAL DISTURBED</descript><dayofweek>Thursday</dayofweek><date>2015-05-14T00:00:00</date><time>19:50</time><pddistrict>TENDERLOIN</pddistrict><resolution>NONE</resolution><address>100 Block of OFARRELL ST</address><x>-122.407244087032</x><y>37.7865647607685</y><location human_address="{&quot;address&quot;:&quot;&quot;,&quot;city&quot;:&quot;&quot;,&quot;state&quot;:&quot;&quot;,&quot;zip&quot;:&quot;&quot;}" latitude="37.7865647607685" longitude="-122.407244087032" needs_recoding="false"/></row>