<?xml version="1.0" encoding="UTF-8"?><row _id="12587144" _uuid="8E0CBB9A-513F-49F7-BE33-EB7D93EAFED0" _position="12587144" _address="http://data.sfgov.org/resource/ritf-b9ki/12587144"><incidntnum>150454305</incidntnum><category>ROBBERY</category><descript>ROBBERY, ARMED WITH A KNIFE</descript><dayofweek>Sunday</dayofweek><date>2015-05-24T00:00:00</date><time>22:00</time><pddistrict>NORTHERN</pddistrict><resolution>NONE</resolution><address>1000 Block of FILLMORE ST</address><x>-122.431790993089</x><y>37.7791157410597</y><location human_address="{&quot;address&quot;:&quot;&quot;,&quot;city&quot;:&quot;&quot;,&quot;state&quot;:&quot;&quot;,&quot;zip&quot;:&quot;&quot;}" latitude="37.7791157410597" longitude="-122.431790993089" needs_recoding="false"/></row>