<?xml version="1.0" encoding="UTF-8"?><row _id="12580670" _uuid="4C090A50-B14C-4572-A6D2-E2421C5BFCB2" _position="12580670" _address="http://data.sfgov.org/resource/ritf-b9ki/12580670"><incidntnum>150397363</incidntnum><category>VEHICLE THEFT</category><descript>STOLEN AUTOMOBILE</descript><dayofweek>Wednesday</dayofweek><date>2015-05-06T00:00:00</date><time>17:00</time><pddistrict>INGLESIDE</pddistrict><resolution>NONE</resolution><address>0 Block of MILTON ST</address><x>-122.429524768408</x><y>37.7336051356548</y><location human_address="{&quot;address&quot;:&quot;&quot;,&quot;city&quot;:&quot;&quot;,&quot;state&quot;:&quot;&quot;,&quot;zip&quot;:&quot;&quot;}" latitude="37.7336051356548" longitude="-122.429524768408" needs_recoding="false"/></row>