<?xml version="1.0" encoding="UTF-8"?><row _id="12584297" _uuid="33C660C9-29A0-4BEF-AE8E-5E4864F73156" _position="12584297" _address="http://data.sfgov.org/resource/ritf-b9ki/12584297"><incidntnum>150433086</incidntnum><category>BURGLARY</category><descript>BURGLARY OF STORE, UNLAWFUL ENTRY</descript><dayofweek>Monday</dayofweek><date>2015-05-18T00:00:00</date><time>15:00</time><pddistrict>CENTRAL</pddistrict><resolution>NONE</resolution><address>300 Block of SUTTER ST</address><x>-122.40618184105</x><y>37.7894765068014</y><location human_address="{&quot;address&quot;:&quot;&quot;,&quot;city&quot;:&quot;&quot;,&quot;state&quot;:&quot;&quot;,&quot;zip&quot;:&quot;&quot;}" latitude="37.7894765068014" longitude="-122.40618184105" needs_recoding="false"/></row>