<?xml version="1.0" encoding="UTF-8"?><row _id="12572267" _uuid="645C644E-E717-408B-B9BA-5CB4036382D9" _position="12572267" _address="http://data.sfgov.org/resource/ritf-b9ki/12572267"><incidntnum>150410824</incidntnum><category>MISSING PERSON</category><descript>FOUND PERSON</descript><dayofweek>Monday</dayofweek><date>2015-05-11T00:00:00</date><time>19:32</time><pddistrict>SOUTHERN</pddistrict><resolution>UNFOUNDED</resolution><address>10TH ST / HARRISON ST</address><x>-122.411279189969</x><y>37.7715785765043</y><location human_address="{&quot;address&quot;:&quot;&quot;,&quot;city&quot;:&quot;&quot;,&quot;state&quot;:&quot;&quot;,&quot;zip&quot;:&quot;&quot;}" latitude="37.7715785765043" longitude="-122.411279189969" needs_recoding="false"/></row>