<?xml version="1.0" encoding="UTF-8"?><row _id="12583464" _uuid="1D402283-5B13-4B41-915A-288515F843C4" _position="12583464" _address="http://data.sfgov.org/resource/ritf-b9ki/12583464"><incidntnum>150427744</incidntnum><category>FRAUD</category><descript>DEFRAUDING AN INNKEEPER</descript><dayofweek>Saturday</dayofweek><date>2015-05-16T00:00:00</date><time>22:00</time><pddistrict>RICHMOND</pddistrict><resolution>NONE</resolution><address>3300 Block of GEARY BL</address><x>-122.454715495025</x><y>37.7813970325524</y><location human_address="{&quot;address&quot;:&quot;&quot;,&quot;city&quot;:&quot;&quot;,&quot;state&quot;:&quot;&quot;,&quot;zip&quot;:&quot;&quot;}" latitude="37.7813970325524" longitude="-122.454715495025" needs_recoding="false"/></row>