<?xml version="1.0" encoding="UTF-8"?><row _id="12582667" _uuid="5894429B-549C-45F2-AF0C-E43FC26A2C22" _position="12582667" _address="http://data.sfgov.org/resource/ritf-b9ki/12582667"><incidntnum>150438973</incidntnum><category>ASSAULT</category><descript>ELDER ADULT OR DEPENDENT ABUSE (NOT EMBEZZLEMENT OR THEFT)</descript><dayofweek>Thursday</dayofweek><date>2015-05-14T00:00:00</date><time>00:01</time><pddistrict>BAYVIEW</pddistrict><resolution>NONE</resolution><address>600 Block of KANSAS ST</address><x>-122.403161251408</x><y>37.7615234591434</y><location human_address="{&quot;address&quot;:&quot;&quot;,&quot;city&quot;:&quot;&quot;,&quot;state&quot;:&quot;&quot;,&quot;zip&quot;:&quot;&quot;}" latitude="37.7615234591434" longitude="-122.403161251408" needs_recoding="false"/></row>