<?xml version="1.0" encoding="UTF-8"?><row _id="12588287" _uuid="5445AC22-5D17-47F4-B453-63325AF94B0F" _position="12588287" _address="http://data.sfgov.org/resource/ritf-b9ki/12588287"><incidntnum>150462671</incidntnum><category>LARCENY/THEFT</category><descript>GRAND THEFT FROM PERSON</descript><dayofweek>Wednesday</dayofweek><date>2015-05-27T00:00:00</date><time>16:07</time><pddistrict>NORTHERN</pddistrict><resolution>NONE</resolution><address>700 Block of POLK ST</address><x>-122.419387180576</x><y>37.7837899781799</y><location human_address="{&quot;address&quot;:&quot;&quot;,&quot;city&quot;:&quot;&quot;,&quot;state&quot;:&quot;&quot;,&quot;zip&quot;:&quot;&quot;}" latitude="37.7837899781799" longitude="-122.419387180576" needs_recoding="false"/></row>