<?xml version="1.0" encoding="UTF-8"?><row _id="12583663" _uuid="2DD7C832-6390-4A2D-93FC-8EAFF19BC260" _position="12583663" _address="http://data.sfgov.org/resource/ritf-b9ki/12583663"><incidntnum>150425083</incidntnum><category>STOLEN PROPERTY</category><descript>STOLEN PROPERTY, POSSESSION WITH KNOWLEDGE, RECEIVING</descript><dayofweek>Saturday</dayofweek><date>2015-05-16T00:00:00</date><time>04:34</time><pddistrict>CENTRAL</pddistrict><resolution>ARREST, BOOKED</resolution><address>400 Block of PACIFIC AV</address><x>-122.403270501514</x><y>37.7972930314052</y><location human_address="{&quot;address&quot;:&quot;&quot;,&quot;city&quot;:&quot;&quot;,&quot;state&quot;:&quot;&quot;,&quot;zip&quot;:&quot;&quot;}" latitude="37.7972930314052" longitude="-122.403270501514" needs_recoding="false"/></row>