<?xml version="1.0" encoding="UTF-8"?><row _id="12584261" _uuid="D07E0470-8E9C-42BA-816F-725C8B6DBA06" _position="12584261" _address="http://data.sfgov.org/resource/ritf-b9ki/12584261"><incidntnum>150434749</incidntnum><category>VEHICLE THEFT</category><descript>STOLEN AUTOMOBILE</descript><dayofweek>Monday</dayofweek><date>2015-05-18T00:00:00</date><time>00:05</time><pddistrict>NORTHERN</pddistrict><resolution>NONE</resolution><address>FILLMORE ST / CALIFORNIA ST</address><x>-122.433843066298</x><y>37.7889062433785</y><location human_address="{&quot;address&quot;:&quot;&quot;,&quot;city&quot;:&quot;&quot;,&quot;state&quot;:&quot;&quot;,&quot;zip&quot;:&quot;&quot;}" latitude="37.7889062433785" longitude="-122.433843066298" needs_recoding="false"/></row>