<?xml version="1.0" encoding="UTF-8"?><row _id="12583480" _uuid="0964F9ED-D7DE-4BC2-B50F-581A14D22AB2" _position="12583480" _address="http://data.sfgov.org/resource/ritf-b9ki/12583480"><incidntnum>159002292</incidntnum><category>ASSAULT</category><descript>INFLICT INJURY ON COHABITEE</descript><dayofweek>Saturday</dayofweek><date>2015-05-16T00:00:00</date><time>15:30</time><pddistrict>TARAVAL</pddistrict><resolution>ARREST, BOOKED</resolution><address>800 Block of FONT BL</address><x>-122.483569270838</x><y>37.7230650556781</y><location human_address="{&quot;address&quot;:&quot;&quot;,&quot;city&quot;:&quot;&quot;,&quot;state&quot;:&quot;&quot;,&quot;zip&quot;:&quot;&quot;}" latitude="37.7230650556781" longitude="-122.483569270838" needs_recoding="false"/></row>