<?xml version="1.0" encoding="UTF-8"?><row _id="12581192" _uuid="7217C2B4-ABF1-4602-8EB7-FB0717B8744C" _position="12581192" _address="http://data.sfgov.org/resource/ritf-b9ki/12581192"><incidntnum>150400007</incidntnum><category>ASSAULT</category><descript>BATTERY WITH SERIOUS INJURIES</descript><dayofweek>Friday</dayofweek><date>2015-05-08T00:00:00</date><time>06:30</time><pddistrict>MISSION</pddistrict><resolution>NONE</resolution><address>16TH ST / POTRERO AV</address><x>-122.407538332319</x><y>37.7657827544276</y><location human_address="{&quot;address&quot;:&quot;&quot;,&quot;city&quot;:&quot;&quot;,&quot;state&quot;:&quot;&quot;,&quot;zip&quot;:&quot;&quot;}" latitude="37.7657827544276" longitude="-122.407538332319" needs_recoding="false"/></row>