<?xml version="1.0" encoding="UTF-8"?><row _id="12582048" _uuid="41833C63-4523-4935-B201-EFE9C56C03A9" _position="12582048" _address="http://data.sfgov.org/resource/ritf-b9ki/12582048"><incidntnum>150412080</incidntnum><category>OTHER OFFENSES</category><descript>FALSE PERSONATION AND CHEAT CRIMES (GENERAL)</descript><dayofweek>Wednesday</dayofweek><date>2015-05-06T00:00:00</date><time>20:00</time><pddistrict>RICHMOND</pddistrict><resolution>NONE</resolution><address>600 Block of 10TH AV</address><x>-122.468155139436</x><y>37.7760917531552</y><location human_address="{&quot;address&quot;:&quot;&quot;,&quot;city&quot;:&quot;&quot;,&quot;state&quot;:&quot;&quot;,&quot;zip&quot;:&quot;&quot;}" latitude="37.7760917531552" longitude="-122.468155139436" needs_recoding="false"/></row>