<?xml version="1.0" encoding="UTF-8"?><row _id="12578439" _uuid="669527AB-D85E-4CCF-B594-CDD767D3138A" _position="12578439" _address="http://data.sfgov.org/resource/ritf-b9ki/12578439"><incidntnum>150411060</incidntnum><category>BURGLARY</category><descript>BURGLARY OF APARTMENT HOUSE, UNLAWFUL ENTRY</descript><dayofweek>Monday</dayofweek><date>2015-05-11T00:00:00</date><time>09:00</time><pddistrict>CENTRAL</pddistrict><resolution>NONE</resolution><address>800 Block of LEAVENWORTH ST</address><x>-122.415348738908</x><y>37.7888542050467</y><location human_address="{&quot;address&quot;:&quot;&quot;,&quot;city&quot;:&quot;&quot;,&quot;state&quot;:&quot;&quot;,&quot;zip&quot;:&quot;&quot;}" latitude="37.7888542050467" longitude="-122.415348738908" needs_recoding="false"/></row>