<?xml version="1.0" encoding="UTF-8"?><row _id="12586409" _uuid="66464AB2-CF99-47E2-BA9A-F75CCA2E7656" _position="12586409" _address="http://data.sfgov.org/resource/ritf-b9ki/12586409"><incidntnum>150451470</incidntnum><category>OTHER OFFENSES</category><descript>DRIVERS LICENSE, SUSPENDED OR REVOKED</descript><dayofweek>Saturday</dayofweek><date>2015-05-23T00:00:00</date><time>23:45</time><pddistrict>BAYVIEW</pddistrict><resolution>ARREST, BOOKED</resolution><address>CESAR CHAVEZ ST / MINNESOTA ST</address><x>-122.389479582052</x><y>37.7501470579452</y><location human_address="{&quot;address&quot;:&quot;&quot;,&quot;city&quot;:&quot;&quot;,&quot;state&quot;:&quot;&quot;,&quot;zip&quot;:&quot;&quot;}" latitude="37.7501470579452" longitude="-122.389479582052" needs_recoding="false"/></row>