<?xml version="1.0" encoding="UTF-8"?><row _id="12583093" _uuid="D161599B-E8D2-44FE-B314-93E666CA5BB8" _position="12583093" _address="http://data.sfgov.org/resource/ritf-b9ki/12583093"><incidntnum>150425992</incidntnum><category>VEHICLE THEFT</category><descript>STOLEN MOTORCYCLE</descript><dayofweek>Friday</dayofweek><date>2015-05-15T00:00:00</date><time>17:00</time><pddistrict>TARAVAL</pddistrict><resolution>NONE</resolution><address>1600 Block of KIRKHAM ST</address><x>-122.478477442553</x><y>37.7597056655337</y><location human_address="{&quot;address&quot;:&quot;&quot;,&quot;city&quot;:&quot;&quot;,&quot;state&quot;:&quot;&quot;,&quot;zip&quot;:&quot;&quot;}" latitude="37.7597056655337" longitude="-122.478477442553" needs_recoding="false"/></row>