<?xml version="1.0" encoding="UTF-8"?><row _id="12578030" _uuid="C7D58AAC-C196-412D-A645-049E90C6FFC6" _position="12578030" _address="http://data.sfgov.org/resource/ritf-b9ki/12578030"><incidntnum>150404526</incidntnum><category>LARCENY/THEFT</category><descript>GRAND THEFT FROM LOCKED AUTO</descript><dayofweek>Saturday</dayofweek><date>2015-05-09T00:00:00</date><time>14:20</time><pddistrict>PARK</pddistrict><resolution>NONE</resolution><address>2000 Block of HAYES ST</address><x>-122.450176550463</x><y>37.7734724813862</y><location human_address="{&quot;address&quot;:&quot;&quot;,&quot;city&quot;:&quot;&quot;,&quot;state&quot;:&quot;&quot;,&quot;zip&quot;:&quot;&quot;}" latitude="37.7734724813862" longitude="-122.450176550463" needs_recoding="false"/></row>