<?xml version="1.0" encoding="UTF-8"?><row _id="12572336" _uuid="F5DECA0D-4E57-4655-A775-043923144D89" _position="12572336" _address="http://data.sfgov.org/resource/ritf-b9ki/12572336"><incidntnum>150413282</incidntnum><category>VEHICLE THEFT</category><descript>STOLEN AUTOMOBILE</descript><dayofweek>Friday</dayofweek><date>2015-05-08T00:00:00</date><time>13:15</time><pddistrict>TARAVAL</pddistrict><resolution>NONE</resolution><address>46TH AV / WAWONA ST</address><x>-122.50422604819</x><y>37.7361811307956</y><location human_address="{&quot;address&quot;:&quot;&quot;,&quot;city&quot;:&quot;&quot;,&quot;state&quot;:&quot;&quot;,&quot;zip&quot;:&quot;&quot;}" latitude="37.7361811307956" longitude="-122.50422604819" needs_recoding="false"/></row>