<?xml version="1.0" encoding="UTF-8"?><row _id="12592054" _uuid="7EF7FDAF-D864-42A2-90FA-E97933AF2284" _position="12592054" _address="http://data.sfgov.org/resource/ritf-b9ki/12592054"><incidntnum>156134311</incidntnum><category>LARCENY/THEFT</category><descript>GRAND THEFT FROM LOCKED AUTO</descript><dayofweek>Wednesday</dayofweek><date>2015-06-03T00:00:00</date><time>21:00</time><pddistrict>CENTRAL</pddistrict><resolution>NONE</resolution><address>500 Block of THE EMBARCADERONORTH ST</address><x>-122.398586934103</x><y>37.7999893077504</y><location human_address="{&quot;address&quot;:&quot;&quot;,&quot;city&quot;:&quot;&quot;,&quot;state&quot;:&quot;&quot;,&quot;zip&quot;:&quot;&quot;}" latitude="37.7999893077504" longitude="-122.398586934103" needs_recoding="false"/></row>