<?xml version="1.0" encoding="UTF-8"?><row _id="12584678" _uuid="788E8A87-72C9-4FD8-A57C-F01829B2BC6F" _position="12584678" _address="http://data.sfgov.org/resource/ritf-b9ki/12584678"><incidntnum>150449823</incidntnum><category>NON-CRIMINAL</category><descript>LOST PROPERTY</descript><dayofweek>Tuesday</dayofweek><date>2015-05-19T00:00:00</date><time>08:30</time><pddistrict>CENTRAL</pddistrict><resolution>NONE</resolution><address>SUTTER ST / STOCKTON ST</address><x>-122.406958660602</x><y>37.789434763004</y><location human_address="{&quot;address&quot;:&quot;&quot;,&quot;city&quot;:&quot;&quot;,&quot;state&quot;:&quot;&quot;,&quot;zip&quot;:&quot;&quot;}" latitude="37.789434763004" longitude="-122.406958660602" needs_recoding="false"/></row>