<?xml version="1.0" encoding="UTF-8"?><row _id="12572500" _uuid="EA3E393B-7D7D-4ABE-A943-BB77973F7991" _position="12572500" _address="http://data.sfgov.org/resource/ritf-b9ki/12572500"><incidntnum>150420403</incidntnum><category>OTHER OFFENSES</category><descript>RECKLESS DRIVING</descript><dayofweek>Wednesday</dayofweek><date>2015-05-13T00:00:00</date><time>16:15</time><pddistrict>BAYVIEW</pddistrict><resolution>NONE</resolution><address>INDUSTRIAL ST / BARNEVELD AV</address><x>-122.404259582016</x><y>37.7387127054982</y><location human_address="{&quot;address&quot;:&quot;&quot;,&quot;city&quot;:&quot;&quot;,&quot;state&quot;:&quot;&quot;,&quot;zip&quot;:&quot;&quot;}" latitude="37.7387127054982" longitude="-122.404259582016" needs_recoding="false"/></row>