<?xml version="1.0" encoding="UTF-8"?><row _id="12582393" _uuid="C5C9E757-240A-4C8A-8888-91B177F00C94" _position="12582393" _address="http://data.sfgov.org/resource/ritf-b9ki/12582393"><incidntnum>156120263</incidntnum><category>LARCENY/THEFT</category><descript>GRAND THEFT OF PROPERTY</descript><dayofweek>Thursday</dayofweek><date>2015-05-14T00:00:00</date><time>18:00</time><pddistrict>CENTRAL</pddistrict><resolution>NONE</resolution><address>COLUMBUS AV / BROADWAY ST</address><x>-122.406669739951</x><y>37.7978641744394</y><location human_address="{&quot;address&quot;:&quot;&quot;,&quot;city&quot;:&quot;&quot;,&quot;state&quot;:&quot;&quot;,&quot;zip&quot;:&quot;&quot;}" latitude="37.7978641744394" longitude="-122.406669739951" needs_recoding="false"/></row>