<?xml version="1.0" encoding="UTF-8"?><row _id="12582946" _uuid="D28ED83B-478E-4A0D-8AE6-606256268EDB" _position="12582946" _address="http://data.sfgov.org/resource/ritf-b9ki/12582946"><incidntnum>156118763</incidntnum><category>LARCENY/THEFT</category><descript>PETTY THEFT OF PROPERTY</descript><dayofweek>Friday</dayofweek><date>2015-05-15T00:00:00</date><time>23:45</time><pddistrict>NORTHERN</pddistrict><resolution>NONE</resolution><address>3100 Block of FILLMORE ST</address><x>-122.43575101831</x><y>37.7987282178823</y><location human_address="{&quot;address&quot;:&quot;&quot;,&quot;city&quot;:&quot;&quot;,&quot;state&quot;:&quot;&quot;,&quot;zip&quot;:&quot;&quot;}" latitude="37.7987282178823" longitude="-122.43575101831" needs_recoding="false"/></row>