<?xml version="1.0" encoding="UTF-8"?><row _id="12585531" _uuid="35EC3879-192B-4DFF-B742-250E983A1E9E" _position="12585531" _address="http://data.sfgov.org/resource/ritf-b9ki/12585531"><incidntnum>150443665</incidntnum><category>WEAPON LAWS</category><descript>POSS OF DEADLY WEAPON WITH INTENT TO ASSAULT</descript><dayofweek>Thursday</dayofweek><date>2015-05-21T00:00:00</date><time>19:55</time><pddistrict>SOUTHERN</pddistrict><resolution>ARREST, BOOKED</resolution><address>800 Block of MARKET ST</address><x>-122.407633520742</x><y>37.7841893501425</y><location human_address="{&quot;address&quot;:&quot;&quot;,&quot;city&quot;:&quot;&quot;,&quot;state&quot;:&quot;&quot;,&quot;zip&quot;:&quot;&quot;}" latitude="37.7841893501425" longitude="-122.407633520742" needs_recoding="false"/></row>