<?xml version="1.0" encoding="UTF-8"?><row _id="12582460" _uuid="22D719A1-3A6D-444C-8ACA-752A6AFF8F74" _position="12582460" _address="http://data.sfgov.org/resource/ritf-b9ki/12582460"><incidntnum>150420118</incidntnum><category>OTHER OFFENSES</category><descript>TRAFFIC VIOLATION ARREST</descript><dayofweek>Thursday</dayofweek><date>2015-05-14T00:00:00</date><time>15:35</time><pddistrict>NORTHERN</pddistrict><resolution>ARREST, BOOKED</resolution><address>2500 Block of FILLMORE ST</address><x>-122.434579028616</x><y>37.792926508556</y><location human_address="{&quot;address&quot;:&quot;&quot;,&quot;city&quot;:&quot;&quot;,&quot;state&quot;:&quot;&quot;,&quot;zip&quot;:&quot;&quot;}" latitude="37.792926508556" longitude="-122.434579028616" needs_recoding="false"/></row>