<?xml version="1.0" encoding="UTF-8"?><row _id="12582444" _uuid="71D8CDAC-89F1-445A-8A07-F7110BE35E59" _position="12582444" _address="http://data.sfgov.org/resource/ritf-b9ki/12582444"><incidntnum>150419713</incidntnum><category>NON-CRIMINAL</category><descript>FOUND PROPERTY</descript><dayofweek>Thursday</dayofweek><date>2015-05-14T00:00:00</date><time>13:09</time><pddistrict>RICHMOND</pddistrict><resolution>ARREST, BOOKED</resolution><address>300 Block of 15TH AV</address><x>-122.474092681598</x><y>37.7811931466485</y><location human_address="{&quot;address&quot;:&quot;&quot;,&quot;city&quot;:&quot;&quot;,&quot;state&quot;:&quot;&quot;,&quot;zip&quot;:&quot;&quot;}" latitude="37.7811931466485" longitude="-122.474092681598" needs_recoding="false"/></row>