<?xml version="1.0" encoding="UTF-8"?><row _id="12582344" _uuid="E9D36503-74BE-4697-8AE7-5D5907B0E321" _position="12582344" _address="http://data.sfgov.org/resource/ritf-b9ki/12582344"><incidntnum>156116927</incidntnum><category>LARCENY/THEFT</category><descript>GRAND THEFT FROM LOCKED AUTO</descript><dayofweek>Thursday</dayofweek><date>2015-05-14T00:00:00</date><time>21:00</time><pddistrict>CENTRAL</pddistrict><resolution>NONE</resolution><address>SACRAMENTO ST / TAYLOR ST</address><x>-122.412653223062</x><y>37.7925509103928</y><location human_address="{&quot;address&quot;:&quot;&quot;,&quot;city&quot;:&quot;&quot;,&quot;state&quot;:&quot;&quot;,&quot;zip&quot;:&quot;&quot;}" latitude="37.7925509103928" longitude="-122.412653223062" needs_recoding="false"/></row>