<?xml version="1.0" encoding="UTF-8"?><row _id="12587429" _uuid="79560DE1-1A00-4291-A0CA-81B7D2621814" _position="12587429" _address="http://data.sfgov.org/resource/ritf-b9ki/12587429"><incidntnum>150454678</incidntnum><category>OTHER OFFENSES</category><descript>CONSPIRACY</descript><dayofweek>Monday</dayofweek><date>2015-05-25T00:00:00</date><time>01:13</time><pddistrict>BAYVIEW</pddistrict><resolution>ARREST, BOOKED</resolution><address>1400 Block of QUESADA AV</address><x>-122.386768853234</x><y>37.7307541873099</y><location human_address="{&quot;address&quot;:&quot;&quot;,&quot;city&quot;:&quot;&quot;,&quot;state&quot;:&quot;&quot;,&quot;zip&quot;:&quot;&quot;}" latitude="37.7307541873099" longitude="-122.386768853234" needs_recoding="false"/></row>