<?xml version="1.0" encoding="UTF-8"?><row _id="12577513" _uuid="06010916-0FBD-4AF6-9486-E9C94817A473" _position="12577513" _address="http://data.sfgov.org/resource/ritf-b9ki/12577513"><incidntnum>150395414</incidntnum><category>VEHICLE THEFT</category><descript>STOLEN AUTOMOBILE</descript><dayofweek>Wednesday</dayofweek><date>2015-05-06T00:00:00</date><time>19:50</time><pddistrict>RICHMOND</pddistrict><resolution>ARREST, BOOKED</resolution><address>700 Block of PRESIDIO AV</address><x>-122.446264333485</x><y>37.7849034219604</y><location human_address="{&quot;address&quot;:&quot;&quot;,&quot;city&quot;:&quot;&quot;,&quot;state&quot;:&quot;&quot;,&quot;zip&quot;:&quot;&quot;}" latitude="37.7849034219604" longitude="-122.446264333485" needs_recoding="false"/></row>