<?xml version="1.0" encoding="UTF-8"?><row _id="12572464" _uuid="EC00A8B4-A57B-4811-B091-BAAF6169A68E" _position="12572464" _address="http://data.sfgov.org/resource/ritf-b9ki/12572464"><incidntnum>150417632</incidntnum><category>ASSAULT</category><descript>AGGRAVATED ASSAULT WITH BODILY FORCE</descript><dayofweek>Wednesday</dayofweek><date>2015-05-13T00:00:00</date><time>19:33</time><pddistrict>BAYVIEW</pddistrict><resolution>NONE</resolution><address>23RD ST / WISCONSIN ST</address><x>-122.398695589689</x><y>37.7547456011189</y><location human_address="{&quot;address&quot;:&quot;&quot;,&quot;city&quot;:&quot;&quot;,&quot;state&quot;:&quot;&quot;,&quot;zip&quot;:&quot;&quot;}" latitude="37.7547456011189" longitude="-122.398695589689" needs_recoding="false"/></row>