<?xml version="1.0" encoding="UTF-8"?><row _id="12583445" _uuid="8353D387-664E-4E65-852E-D79250660110" _position="12583445" _address="http://data.sfgov.org/resource/ritf-b9ki/12583445"><incidntnum>150426611</incidntnum><category>VANDALISM</category><descript>MALICIOUS MISCHIEF, VANDALISM</descript><dayofweek>Saturday</dayofweek><date>2015-05-16T00:00:00</date><time>16:08</time><pddistrict>RICHMOND</pddistrict><resolution>ARREST, BOOKED</resolution><address>2100 Block of SUTTER ST</address><x>-122.43574226156</x><y>37.7857157633495</y><location human_address="{&quot;address&quot;:&quot;&quot;,&quot;city&quot;:&quot;&quot;,&quot;state&quot;:&quot;&quot;,&quot;zip&quot;:&quot;&quot;}" latitude="37.7857157633495" longitude="-122.43574226156" needs_recoding="false"/></row>