<?xml version="1.0" encoding="UTF-8"?><row _id="12572085" _uuid="DA1C7416-CEC5-4082-9202-C3C4364A1E9A" _position="12572085" _address="http://data.sfgov.org/resource/ritf-b9ki/12572085"><incidntnum>150404930</incidntnum><category>LARCENY/THEFT</category><descript>GRAND THEFT FROM LOCKED AUTO</descript><dayofweek>Saturday</dayofweek><date>2015-05-09T00:00:00</date><time>09:30</time><pddistrict>RICHMOND</pddistrict><resolution>NONE</resolution><address>LINCOLN WY / GREAT HY</address><x>-122.510339992198</x><y>37.7640000597982</y><location human_address="{&quot;address&quot;:&quot;&quot;,&quot;city&quot;:&quot;&quot;,&quot;state&quot;:&quot;&quot;,&quot;zip&quot;:&quot;&quot;}" latitude="37.7640000597982" longitude="-122.510339992198" needs_recoding="false"/></row>