<?xml version="1.0" encoding="UTF-8"?><row _id="12578255" _uuid="1153639C-36E0-4A92-BDA4-CEF597F72F0D" _position="12578255" _address="http://data.sfgov.org/resource/ritf-b9ki/12578255"><incidntnum>150407934</incidntnum><category>NON-CRIMINAL</category><descript>LOST PROPERTY</descript><dayofweek>Sunday</dayofweek><date>2015-05-10T00:00:00</date><time>16:15</time><pddistrict>CENTRAL</pddistrict><resolution>NONE</resolution><address>2500 Block of POWELL ST</address><x>-122.412496867032</x><y>37.8081576930541</y><location human_address="{&quot;address&quot;:&quot;&quot;,&quot;city&quot;:&quot;&quot;,&quot;state&quot;:&quot;&quot;,&quot;zip&quot;:&quot;&quot;}" latitude="37.8081576930541" longitude="-122.412496867032" needs_recoding="false"/></row>