<?xml version="1.0" encoding="UTF-8"?><row _id="12572029" _uuid="52F6E777-BE60-4BC5-9EEF-3D6625E0EFC3" _position="12572029" _address="http://data.sfgov.org/resource/ritf-b9ki/12572029"><incidntnum>150403170</incidntnum><category>WARRANTS</category><descript>WARRANT ARREST</descript><dayofweek>Saturday</dayofweek><date>2015-05-09T00:00:00</date><time>00:14</time><pddistrict>MISSION</pddistrict><resolution>ARREST, BOOKED</resolution><address>24TH ST / OSAGE ST</address><x>-122.419018144895</x><y>37.7522051632838</y><location human_address="{&quot;address&quot;:&quot;&quot;,&quot;city&quot;:&quot;&quot;,&quot;state&quot;:&quot;&quot;,&quot;zip&quot;:&quot;&quot;}" latitude="37.7522051632838" longitude="-122.419018144895" needs_recoding="false"/></row>