<?xml version="1.0" encoding="UTF-8"?><row _id="12593113" _uuid="B4FD2413-2460-4C34-83C8-08177328BA11" _position="12593113" _address="http://data.sfgov.org/resource/ritf-b9ki/12593113"><incidntnum>150526001</incidntnum><category>NON-CRIMINAL</category><descript>STAY AWAY OR COURT ORDER, NON-DV RELATED</descript><dayofweek>Thursday</dayofweek><date>2015-05-07T00:00:00</date><time>04:51</time><pddistrict>MISSION</pddistrict><resolution>NONE</resolution><address>700 Block of ELIZABETH ST</address><x>-122.437479508669</x><y>37.7518382452261</y><location human_address="{&quot;address&quot;:&quot;&quot;,&quot;city&quot;:&quot;&quot;,&quot;state&quot;:&quot;&quot;,&quot;zip&quot;:&quot;&quot;}" latitude="37.7518382452261" longitude="-122.437479508669" needs_recoding="false"/></row>