<?xml version="1.0" encoding="UTF-8"?><row _id="12571984" _uuid="A0EDF617-CC61-4CA5-ADF6-C5093C713783" _position="12571984" _address="http://data.sfgov.org/resource/ritf-b9ki/12571984"><incidntnum>150401908</incidntnum><category>ASSAULT</category><descript>BATTERY</descript><dayofweek>Friday</dayofweek><date>2015-05-08T00:00:00</date><time>17:23</time><pddistrict>RICHMOND</pddistrict><resolution>NONE</resolution><address>GEARY BL / PARKPRESIDIO BL</address><x>-122.472311439611</x><y>37.7806545051192</y><location human_address="{&quot;address&quot;:&quot;&quot;,&quot;city&quot;:&quot;&quot;,&quot;state&quot;:&quot;&quot;,&quot;zip&quot;:&quot;&quot;}" latitude="37.7806545051192" longitude="-122.472311439611" needs_recoding="false"/></row>