<?xml version="1.0" encoding="UTF-8"?><row _id="12572451" _uuid="4806B548-AF67-4F78-8703-3112AC1C5E3C" _position="12572451" _address="http://data.sfgov.org/resource/ritf-b9ki/12572451"><incidntnum>150417046</incidntnum><category>OTHER OFFENSES</category><descript>DRIVERS LICENSE, SUSPENDED OR REVOKED</descript><dayofweek>Wednesday</dayofweek><date>2015-05-13T00:00:00</date><time>17:28</time><pddistrict>MISSION</pddistrict><resolution>ARREST, BOOKED</resolution><address>23RD ST / VERMONT ST</address><x>-122.403524795218</x><y>37.7544534411473</y><location human_address="{&quot;address&quot;:&quot;&quot;,&quot;city&quot;:&quot;&quot;,&quot;state&quot;:&quot;&quot;,&quot;zip&quot;:&quot;&quot;}" latitude="37.7544534411473" longitude="-122.403524795218" needs_recoding="false"/></row>