<?xml version="1.0" encoding="UTF-8"?><row _id="12571955" _uuid="693AB9E1-6FD7-4EBA-A1EF-86C3E1CF7BD1" _position="12571955" _address="http://data.sfgov.org/resource/ritf-b9ki/12571955"><incidntnum>150400499</incidntnum><category>ROBBERY</category><descript>ROBBERY ON THE STREET WITH A KNIFE</descript><dayofweek>Thursday</dayofweek><date>2015-05-07T00:00:00</date><time>23:30</time><pddistrict>INGLESIDE</pddistrict><resolution>NONE</resolution><address>APPLETON AV / GLADYS ST</address><x>-122.42335380154</x><y>37.7386030946958</y><location human_address="{&quot;address&quot;:&quot;&quot;,&quot;city&quot;:&quot;&quot;,&quot;state&quot;:&quot;&quot;,&quot;zip&quot;:&quot;&quot;}" latitude="37.7386030946958" longitude="-122.42335380154" needs_recoding="false"/></row>