<?xml version="1.0" encoding="UTF-8"?><row _id="12577409" _uuid="EE609318-D61D-456C-81A0-734FD543C82A" _position="12577409" _address="http://data.sfgov.org/resource/ritf-b9ki/12577409"><incidntnum>150393656</incidntnum><category>SUSPICIOUS OCC</category><descript>SUSPICIOUS OCCURRENCE</descript><dayofweek>Wednesday</dayofweek><date>2015-05-06T00:00:00</date><time>11:42</time><pddistrict>SOUTHERN</pddistrict><resolution>NONE</resolution><address>0 Block of MINT ST</address><x>-122.407829844146</x><y>37.7826402567843</y><location human_address="{&quot;address&quot;:&quot;&quot;,&quot;city&quot;:&quot;&quot;,&quot;state&quot;:&quot;&quot;,&quot;zip&quot;:&quot;&quot;}" latitude="37.7826402567843" longitude="-122.407829844146" needs_recoding="false"/></row>