<?xml version="1.0" encoding="UTF-8"?><row _id="12588626" _uuid="DC489FA2-5A31-4FD0-9DBF-1EC12D53ACB4" _position="12588626" _address="http://data.sfgov.org/resource/ritf-b9ki/12588626"><incidntnum>150401629</incidntnum><category>ROBBERY</category><descript>ROBBERY OF A COMMERCIAL ESTABLISHMENT W/ A KNIFE</descript><dayofweek>Friday</dayofweek><date>2015-05-08T00:00:00</date><time>16:05</time><pddistrict>NORTHERN</pddistrict><resolution>ARREST, BOOKED</resolution><address>2100 Block of POLK ST</address><x>-122.421798040888</x><y>37.7964404207928</y><location human_address="{&quot;address&quot;:&quot;&quot;,&quot;city&quot;:&quot;&quot;,&quot;state&quot;:&quot;&quot;,&quot;zip&quot;:&quot;&quot;}" latitude="37.7964404207928" longitude="-122.421798040888" needs_recoding="false"/></row>