<?xml version="1.0" encoding="UTF-8"?><row _id="12582389" _uuid="9901FFF8-88FA-4DC0-A9A8-5E4368558C1E" _position="12582389" _address="http://data.sfgov.org/resource/ritf-b9ki/12582389"><incidntnum>156117721</incidntnum><category>LARCENY/THEFT</category><descript>GRAND THEFT FROM LOCKED AUTO</descript><dayofweek>Thursday</dayofweek><date>2015-05-14T00:00:00</date><time>20:00</time><pddistrict>BAYVIEW</pddistrict><resolution>NONE</resolution><address>ILLINOIS ST / 20TH ST</address><x>-122.387571306252</x><y>37.7605499565144</y><location human_address="{&quot;address&quot;:&quot;&quot;,&quot;city&quot;:&quot;&quot;,&quot;state&quot;:&quot;&quot;,&quot;zip&quot;:&quot;&quot;}" latitude="37.7605499565144" longitude="-122.387571306252" needs_recoding="false"/></row>