<?xml version="1.0" encoding="UTF-8"?><row _id="12578798" _uuid="C67EF92E-46AA-431A-9BE5-5ADDC3F06B00" _position="12578798" _address="http://data.sfgov.org/resource/ritf-b9ki/12578798"><incidntnum>150417165</incidntnum><category>MISSING PERSON</category><descript>FOUND PERSON</descript><dayofweek>Monday</dayofweek><date>2015-05-11T00:00:00</date><time>12:00</time><pddistrict>BAYVIEW</pddistrict><resolution>NONE</resolution><address>200 Block of WILLIAMS AV</address><x>-122.397744427103</x><y>37.7299346936044</y><location human_address="{&quot;address&quot;:&quot;&quot;,&quot;city&quot;:&quot;&quot;,&quot;state&quot;:&quot;&quot;,&quot;zip&quot;:&quot;&quot;}" latitude="37.7299346936044" longitude="-122.397744427103" needs_recoding="false"/></row>