<?xml version="1.0" encoding="UTF-8"?><row _id="12578568" _uuid="3CC4C317-E1F4-4EB5-B29F-F6B0CD872E10" _position="12578568" _address="http://data.sfgov.org/resource/ritf-b9ki/12578568"><incidntnum>150413135</incidntnum><category>VANDALISM</category><descript>MALICIOUS MISCHIEF, VANDALISM OF VEHICLES</descript><dayofweek>Monday</dayofweek><date>2015-05-11T00:00:00</date><time>17:00</time><pddistrict>BAYVIEW</pddistrict><resolution>NONE</resolution><address>1500 Block of REVERE AV</address><x>-122.389286347131</x><y>37.7310998921861</y><location human_address="{&quot;address&quot;:&quot;&quot;,&quot;city&quot;:&quot;&quot;,&quot;state&quot;:&quot;&quot;,&quot;zip&quot;:&quot;&quot;}" latitude="37.7310998921861" longitude="-122.389286347131" needs_recoding="false"/></row>