<?xml version="1.0" encoding="UTF-8"?><row _id="12586176" _uuid="743DFF87-E245-451A-8551-138062E99158" _position="12586176" _address="http://data.sfgov.org/resource/ritf-b9ki/12586176"><incidntnum>156127394</incidntnum><category>LARCENY/THEFT</category><descript>GRAND THEFT FROM LOCKED AUTO</descript><dayofweek>Friday</dayofweek><date>2015-05-22T00:00:00</date><time>12:15</time><pddistrict>RICHMOND</pddistrict><resolution>NONE</resolution><address>1000 Block of GREAT HY</address><x>-122.510225749052</x><y>37.7672442209616</y><location human_address="{&quot;address&quot;:&quot;&quot;,&quot;city&quot;:&quot;&quot;,&quot;state&quot;:&quot;&quot;,&quot;zip&quot;:&quot;&quot;}" latitude="37.7672442209616" longitude="-122.510225749052" needs_recoding="false"/></row>