<?xml version="1.0" encoding="UTF-8"?><row _id="12573356" _uuid="418B94EE-5FC2-46E2-AFF9-A9B166F490F0" _position="12573356" _address="http://data.sfgov.org/resource/ritf-b9ki/12573356"><incidntnum>156114426</incidntnum><category>LARCENY/THEFT</category><descript>GRAND THEFT FROM LOCKED AUTO</descript><dayofweek>Monday</dayofweek><date>2015-05-11T00:00:00</date><time>22:15</time><pddistrict>SOUTHERN</pddistrict><resolution>NONE</resolution><address>2ND ST / BRANNAN ST</address><x>-122.392082305321</x><y>37.7818457722573</y><location human_address="{&quot;address&quot;:&quot;&quot;,&quot;city&quot;:&quot;&quot;,&quot;state&quot;:&quot;&quot;,&quot;zip&quot;:&quot;&quot;}" latitude="37.7818457722573" longitude="-122.392082305321" needs_recoding="false"/></row>