<?xml version="1.0" encoding="UTF-8"?><row _id="12589460" _uuid="A760D0D3-8DC5-408A-A207-C04BEA5F89F2" _position="12589460" _address="http://data.sfgov.org/resource/ritf-b9ki/12589460"><incidntnum>156130347</incidntnum><category>LARCENY/THEFT</category><descript>GRAND THEFT FROM UNLOCKED AUTO</descript><dayofweek>Saturday</dayofweek><date>2015-05-30T00:00:00</date><time>17:35</time><pddistrict>NORTHERN</pddistrict><resolution>NONE</resolution><address>VANNESS AV / ELLIS ST</address><x>-122.421011927709</x><y>37.7838226942199</y><location human_address="{&quot;address&quot;:&quot;&quot;,&quot;city&quot;:&quot;&quot;,&quot;state&quot;:&quot;&quot;,&quot;zip&quot;:&quot;&quot;}" latitude="37.7838226942199" longitude="-122.421011927709" needs_recoding="false"/></row>