<?xml version="1.0" encoding="UTF-8"?><row _id="12578395" _uuid="63455594-AB8B-4626-A4E9-E7C91BC98FD5" _position="12578395" _address="http://data.sfgov.org/resource/ritf-b9ki/12578395"><incidntnum>150410404</incidntnum><category>LARCENY/THEFT</category><descript>GRAND THEFT FROM A BUILDING</descript><dayofweek>Monday</dayofweek><date>2015-05-11T00:00:00</date><time>12:00</time><pddistrict>TARAVAL</pddistrict><resolution>NONE</resolution><address>2200 Block of LINCOLN WY</address><x>-122.48208139933</x><y>37.7651473174026</y><location human_address="{&quot;address&quot;:&quot;&quot;,&quot;city&quot;:&quot;&quot;,&quot;state&quot;:&quot;&quot;,&quot;zip&quot;:&quot;&quot;}" latitude="37.7651473174026" longitude="-122.48208139933" needs_recoding="false"/></row>