<?xml version="1.0" encoding="UTF-8"?><row _id="12579988" _uuid="27573A15-BD8C-453C-9C1C-BEDB9600D319" _position="12579988" _address="http://data.sfgov.org/resource/ritf-b9ki/12579988"><incidntnum>156116206</incidntnum><category>LARCENY/THEFT</category><descript>GRAND THEFT FROM LOCKED AUTO</descript><dayofweek>Wednesday</dayofweek><date>2015-05-13T00:00:00</date><time>21:00</time><pddistrict>NORTHERN</pddistrict><resolution>NONE</resolution><address>2000 Block of BUSH ST</address><x>-122.431017557027</x><y>37.7873880712241</y><location human_address="{&quot;address&quot;:&quot;&quot;,&quot;city&quot;:&quot;&quot;,&quot;state&quot;:&quot;&quot;,&quot;zip&quot;:&quot;&quot;}" latitude="37.7873880712241" longitude="-122.431017557027" needs_recoding="false"/></row>