<?xml version="1.0" encoding="UTF-8"?><row _id="12578640" _uuid="83BDBA13-BEA1-42A0-BA80-AD224772CD79" _position="12578640" _address="http://data.sfgov.org/resource/ritf-b9ki/12578640"><incidntnum>150414274</incidntnum><category>NON-CRIMINAL</category><descript>DEATH REPORT, CAUSE UNKNOWN</descript><dayofweek>Sunday</dayofweek><date>2015-05-10T00:00:00</date><time>21:30</time><pddistrict>RICHMOND</pddistrict><resolution>NONE</resolution><address>200 Block of 11TH AV</address><x>-122.469906688039</x><y>37.7836161897605</y><location human_address="{&quot;address&quot;:&quot;&quot;,&quot;city&quot;:&quot;&quot;,&quot;state&quot;:&quot;&quot;,&quot;zip&quot;:&quot;&quot;}" latitude="37.7836161897605" longitude="-122.469906688039" needs_recoding="false"/></row>