<?xml version="1.0" encoding="UTF-8"?><row _id="12590704" _uuid="85FE3C6A-BAC5-4849-A7E7-F3BFF8880D8E" _position="12590704" _address="http://data.sfgov.org/resource/ritf-b9ki/12590704"><incidntnum>150485015</incidntnum><category>VEHICLE THEFT</category><descript>STOLEN AUTOMOBILE</descript><dayofweek>Tuesday</dayofweek><date>2015-06-02T00:00:00</date><time>15:30</time><pddistrict>PARK</pddistrict><resolution>NONE</resolution><address>PAGE ST / CENTRAL AV</address><x>-122.443836928905</x><y>37.7713565990267</y><location human_address="{&quot;address&quot;:&quot;&quot;,&quot;city&quot;:&quot;&quot;,&quot;state&quot;:&quot;&quot;,&quot;zip&quot;:&quot;&quot;}" latitude="37.7713565990267" longitude="-122.443836928905" needs_recoding="false"/></row>