<?xml version="1.0" encoding="UTF-8"?><row _id="12580037" _uuid="02253B46-D3A5-4F8A-80AD-778A9FA8FAC8" _position="12580037" _address="http://data.sfgov.org/resource/ritf-b9ki/12580037"><incidntnum>156118616</incidntnum><category>LARCENY/THEFT</category><descript>PETTY THEFT OF PROPERTY</descript><dayofweek>Friday</dayofweek><date>2015-05-08T00:00:00</date><time>19:00</time><pddistrict>NORTHERN</pddistrict><resolution>NONE</resolution><address>1200 Block of VANNESS AV</address><x>-122.421441956086</x><y>37.7868516471087</y><location human_address="{&quot;address&quot;:&quot;&quot;,&quot;city&quot;:&quot;&quot;,&quot;state&quot;:&quot;&quot;,&quot;zip&quot;:&quot;&quot;}" latitude="37.7868516471087" longitude="-122.421441956086" needs_recoding="false"/></row>