<?xml version="1.0" encoding="UTF-8"?><row _id="12571809" _uuid="BB995A49-B244-49A5-9A78-7DF61CACBBE5" _position="12571809" _address="http://data.sfgov.org/resource/ritf-b9ki/12571809"><incidntnum>150395373</incidntnum><category>OTHER OFFENSES</category><descript>TRAFFIC VIOLATION ARREST</descript><dayofweek>Wednesday</dayofweek><date>2015-05-06T00:00:00</date><time>19:30</time><pddistrict>RICHMOND</pddistrict><resolution>ARREST, BOOKED</resolution><address>GEARY BL / BLAKE ST</address><x>-122.451120163516</x><y>37.7819822800826</y><location human_address="{&quot;address&quot;:&quot;&quot;,&quot;city&quot;:&quot;&quot;,&quot;state&quot;:&quot;&quot;,&quot;zip&quot;:&quot;&quot;}" latitude="37.7819822800826" longitude="-122.451120163516" needs_recoding="false"/></row>