<?xml version="1.0" encoding="UTF-8"?><row _id="12580987" _uuid="6AE61316-F196-4684-969A-7EAF8985C5F1" _position="12580987" _address="http://data.sfgov.org/resource/ritf-b9ki/12580987"><incidntnum>156114658</incidntnum><category>LARCENY/THEFT</category><descript>GRAND THEFT FROM LOCKED AUTO</descript><dayofweek>Saturday</dayofweek><date>2015-05-09T00:00:00</date><time>19:00</time><pddistrict>CENTRAL</pddistrict><resolution>NONE</resolution><address>200 Block of FRANCISCO ST</address><x>-122.409820680645</x><y>37.8050816627849</y><location human_address="{&quot;address&quot;:&quot;&quot;,&quot;city&quot;:&quot;&quot;,&quot;state&quot;:&quot;&quot;,&quot;zip&quot;:&quot;&quot;}" latitude="37.8050816627849" longitude="-122.409820680645" needs_recoding="false"/></row>