<?xml version="1.0" encoding="UTF-8"?><row _id="12587916" _uuid="AD1F5A70-8BCB-4421-B825-332D0E9E35C9" _position="12587916" _address="http://data.sfgov.org/resource/ritf-b9ki/12587916"><incidntnum>150459543</incidntnum><category>ASSAULT</category><descript>STALKING</descript><dayofweek>Tuesday</dayofweek><date>2015-05-26T00:00:00</date><time>06:38</time><pddistrict>RICHMOND</pddistrict><resolution>NONE</resolution><address>4100 Block of CLEMENT ST</address><x>-122.50363781312</x><y>37.7812059887529</y><location human_address="{&quot;address&quot;:&quot;&quot;,&quot;city&quot;:&quot;&quot;,&quot;state&quot;:&quot;&quot;,&quot;zip&quot;:&quot;&quot;}" latitude="37.7812059887529" longitude="-122.50363781312" needs_recoding="false"/></row>