<?xml version="1.0" encoding="UTF-8"?><row _id="12583345" _uuid="64B6BCF9-86DF-4319-A03C-E4D7BCA9E1BD" _position="12583345" _address="http://data.sfgov.org/resource/ritf-b9ki/12583345"><incidntnum>150425077</incidntnum><category>VANDALISM</category><descript>MALICIOUS MISCHIEF, VANDALISM OF VEHICLES</descript><dayofweek>Saturday</dayofweek><date>2015-05-16T00:00:00</date><time>04:50</time><pddistrict>BAYVIEW</pddistrict><resolution>NONE</resolution><address>1100 Block of CAROLINA ST</address><x>-122.399479292854</x><y>37.7541123443338</y><location human_address="{&quot;address&quot;:&quot;&quot;,&quot;city&quot;:&quot;&quot;,&quot;state&quot;:&quot;&quot;,&quot;zip&quot;:&quot;&quot;}" latitude="37.7541123443338" longitude="-122.399479292854" needs_recoding="false"/></row>