<?xml version="1.0" encoding="UTF-8"?><row _id="12586640" _uuid="EC366FED-C2A2-4C3C-A3F5-2FF4B855E448" _position="12586640" _address="http://data.sfgov.org/resource/ritf-b9ki/12586640"><incidntnum>150450842</incidntnum><category>KIDNAPPING</category><descript>FALSE IMPRISONMENT</descript><dayofweek>Saturday</dayofweek><date>2015-05-23T00:00:00</date><time>19:50</time><pddistrict>RICHMOND</pddistrict><resolution>ARREST, BOOKED</resolution><address>700 Block of LA PLAYA ST</address><x>-122.510032525985</x><y>37.7741786514476</y><location human_address="{&quot;address&quot;:&quot;&quot;,&quot;city&quot;:&quot;&quot;,&quot;state&quot;:&quot;&quot;,&quot;zip&quot;:&quot;&quot;}" latitude="37.7741786514476" longitude="-122.510032525985" needs_recoding="false"/></row>