<?xml version="1.0" encoding="UTF-8"?><row _id="12586741" _uuid="67A53817-EBA7-4D33-8B9D-0CADE8D9996A" _position="12586741" _address="http://data.sfgov.org/resource/ritf-b9ki/12586741"><incidntnum>150475812</incidntnum><category>OTHER OFFENSES</category><descript>LOST/STOLEN LICENSE PLATE</descript><dayofweek>Friday</dayofweek><date>2015-05-15T00:00:00</date><time>12:00</time><pddistrict>MISSION</pddistrict><resolution>NONE</resolution><address>3000 Block of MISSION ST</address><x>-122.418024880085</x><y>37.7485868840572</y><location human_address="{&quot;address&quot;:&quot;&quot;,&quot;city&quot;:&quot;&quot;,&quot;state&quot;:&quot;&quot;,&quot;zip&quot;:&quot;&quot;}" latitude="37.7485868840572" longitude="-122.418024880085" needs_recoding="false"/></row>