<?xml version="1.0" encoding="UTF-8"?><row _id="12579705" _uuid="CB4837A2-F5E5-47C0-8DF2-C526FE81CA47" _position="12579705" _address="http://data.sfgov.org/resource/ritf-b9ki/12579705"><incidntnum>156109853</incidntnum><category>LARCENY/THEFT</category><descript>PETTY THEFT OF PROPERTY</descript><dayofweek>Wednesday</dayofweek><date>2015-05-06T00:00:00</date><time>19:00</time><pddistrict>CENTRAL</pddistrict><resolution>NONE</resolution><address>300 Block of PACIFIC AV</address><x>-122.401474290362</x><y>37.7976323512271</y><location human_address="{&quot;address&quot;:&quot;&quot;,&quot;city&quot;:&quot;&quot;,&quot;state&quot;:&quot;&quot;,&quot;zip&quot;:&quot;&quot;}" latitude="37.7976323512271" longitude="-122.401474290362" needs_recoding="false"/></row>