<?xml version="1.0" encoding="UTF-8"?><row _id="12588619" _uuid="7FF812A8-D1EC-4E8B-B82C-3152816FDA85" _position="12588619" _address="http://data.sfgov.org/resource/ritf-b9ki/12588619"><incidntnum>150466504</incidntnum><category>ASSAULT</category><descript>THREATS AGAINST LIFE</descript><dayofweek>Thursday</dayofweek><date>2015-05-28T00:00:00</date><time>19:05</time><pddistrict>BAYVIEW</pddistrict><resolution>NONE</resolution><address>1800 Block of PALOU AV</address><x>-122.395161979914</x><y>37.7364571443964</y><location human_address="{&quot;address&quot;:&quot;&quot;,&quot;city&quot;:&quot;&quot;,&quot;state&quot;:&quot;&quot;,&quot;zip&quot;:&quot;&quot;}" latitude="37.7364571443964" longitude="-122.395161979914" needs_recoding="false"/></row>