<?xml version="1.0" encoding="UTF-8"?><row _id="12586126" _uuid="54B95D5A-5223-42CA-B564-5B074A70FDEF" _position="12586126" _address="http://data.sfgov.org/resource/ritf-b9ki/12586126"><incidntnum>150458614</incidntnum><category>ASSAULT</category><descript>INFLICT INJURY ON COHABITEE</descript><dayofweek>Friday</dayofweek><date>2015-05-22T00:00:00</date><time>21:30</time><pddistrict>SOUTHERN</pddistrict><resolution>NONE</resolution><address>1100 Block of MARKET ST</address><x>-122.41371122073</x><y>37.7796660426062</y><location human_address="{&quot;address&quot;:&quot;&quot;,&quot;city&quot;:&quot;&quot;,&quot;state&quot;:&quot;&quot;,&quot;zip&quot;:&quot;&quot;}" latitude="37.7796660426062" longitude="-122.41371122073" needs_recoding="false"/></row>