<?xml version="1.0" encoding="UTF-8"?><row _id="12578470" _uuid="532AC92B-C22C-42E8-85BF-76358CBB37A4" _position="12578470" _address="http://data.sfgov.org/resource/ritf-b9ki/12578470"><incidntnum>150411634</incidntnum><category>NON-CRIMINAL</category><descript>AIDED CASE, MENTAL DISTURBED</descript><dayofweek>Monday</dayofweek><date>2015-05-11T00:00:00</date><time>20:30</time><pddistrict>PARK</pddistrict><resolution>NONE</resolution><address>1700 Block of MCALLISTER ST</address><x>-122.440879521853</x><y>37.7775321935218</y><location human_address="{&quot;address&quot;:&quot;&quot;,&quot;city&quot;:&quot;&quot;,&quot;state&quot;:&quot;&quot;,&quot;zip&quot;:&quot;&quot;}" latitude="37.7775321935218" longitude="-122.440879521853" needs_recoding="false"/></row>