<?xml version="1.0" encoding="UTF-8"?><row _id="12573287" _uuid="57F7E149-3877-416B-8D54-58970B1C20C3" _position="12573287" _address="http://data.sfgov.org/resource/ritf-b9ki/12573287"><incidntnum>156112163</incidntnum><category>VANDALISM</category><descript>MALICIOUS MISCHIEF, VANDALISM</descript><dayofweek>Friday</dayofweek><date>2015-05-08T00:00:00</date><time>22:00</time><pddistrict>SOUTHERN</pddistrict><resolution>NONE</resolution><address>HARRIET ST / HOWARD ST</address><x>-122.407695601664</x><y>37.7793169815841</y><location human_address="{&quot;address&quot;:&quot;&quot;,&quot;city&quot;:&quot;&quot;,&quot;state&quot;:&quot;&quot;,&quot;zip&quot;:&quot;&quot;}" latitude="37.7793169815841" longitude="-122.407695601664" needs_recoding="false"/></row>