<?xml version="1.0" encoding="UTF-8"?><row _id="12577478" _uuid="A5D05A6F-CCF9-402C-81FB-AFC3B20BAC19" _position="12577478" _address="http://data.sfgov.org/resource/ritf-b9ki/12577478"><incidntnum>150394814</incidntnum><category>MISSING PERSON</category><descript>FOUND PERSON</descript><dayofweek>Wednesday</dayofweek><date>2015-05-06T00:00:00</date><time>18:02</time><pddistrict>SOUTHERN</pddistrict><resolution>NONE</resolution><address>0 Block of THE EMBARCADERONORTH ST</address><x>-122.388379873919</x><y>37.7833104067015</y><location human_address="{&quot;address&quot;:&quot;&quot;,&quot;city&quot;:&quot;&quot;,&quot;state&quot;:&quot;&quot;,&quot;zip&quot;:&quot;&quot;}" latitude="37.7833104067015" longitude="-122.388379873919" needs_recoding="false"/></row>