<?xml version="1.0" encoding="UTF-8"?><row _id="12582075" _uuid="1C03C90D-F128-456F-B5B0-7B9D895997FB" _position="12582075" _address="http://data.sfgov.org/resource/ritf-b9ki/12582075"><incidntnum>150416656</incidntnum><category>ASSAULT</category><descript>BATTERY, FORMER SPOUSE OR DATING RELATIONSHIP</descript><dayofweek>Wednesday</dayofweek><date>2015-05-13T00:00:00</date><time>15:40</time><pddistrict>PARK</pddistrict><resolution>NONE</resolution><address>1700 Block of MCALLISTER ST</address><x>-122.440879521853</x><y>37.7775321935218</y><location human_address="{&quot;address&quot;:&quot;&quot;,&quot;city&quot;:&quot;&quot;,&quot;state&quot;:&quot;&quot;,&quot;zip&quot;:&quot;&quot;}" latitude="37.7775321935218" longitude="-122.440879521853" needs_recoding="false"/></row>