<?xml version="1.0" encoding="UTF-8"?><row _id="12589137" _uuid="FC85ECDA-ABE2-4663-B602-E68ACC7F4A2D" _position="12589137" _address="http://data.sfgov.org/resource/ritf-b9ki/12589137"><incidntnum>150470185</incidntnum><category>NON-CRIMINAL</category><descript>AIDED CASE, MENTAL DISTURBED</descript><dayofweek>Friday</dayofweek><date>2015-05-29T00:00:00</date><time>21:35</time><pddistrict>MISSION</pddistrict><resolution>NONE</resolution><address>3300 Block of CESAR CHAVEZ ST</address><x>-122.417059385145</x><y>37.7480778892528</y><location human_address="{&quot;address&quot;:&quot;&quot;,&quot;city&quot;:&quot;&quot;,&quot;state&quot;:&quot;&quot;,&quot;zip&quot;:&quot;&quot;}" latitude="37.7480778892528" longitude="-122.417059385145" needs_recoding="false"/></row>