<?xml version="1.0" encoding="UTF-8"?><row _id="12572155" _uuid="DFBEE208-5F5B-434F-92D9-62D6F79423A0" _position="12572155" _address="http://data.sfgov.org/resource/ritf-b9ki/12572155"><incidntnum>150406732</incidntnum><category>OTHER OFFENSES</category><descript>TRAFFIC VIOLATION</descript><dayofweek>Sunday</dayofweek><date>2015-05-10T00:00:00</date><time>11:07</time><pddistrict>NORTHERN</pddistrict><resolution>ARREST, BOOKED</resolution><address>VANNESS AV / OFARRELL ST</address><x>-122.421195221815</x><y>37.7847536577561</y><location human_address="{&quot;address&quot;:&quot;&quot;,&quot;city&quot;:&quot;&quot;,&quot;state&quot;:&quot;&quot;,&quot;zip&quot;:&quot;&quot;}" latitude="37.7847536577561" longitude="-122.421195221815" needs_recoding="false"/></row>