<?xml version="1.0" encoding="UTF-8"?><row _id="12584203" _uuid="BB6EBE40-50D6-4A45-AF4C-8D634DF0FDDD" _position="12584203" _address="http://data.sfgov.org/resource/ritf-b9ki/12584203"><incidntnum>150434200</incidntnum><category>ROBBERY</category><descript>ATTEMPTED ROBBERY ON THE STREET W/DEADLY WEAPON</descript><dayofweek>Monday</dayofweek><date>2015-05-18T00:00:00</date><time>21:14</time><pddistrict>INGLESIDE</pddistrict><resolution>NONE</resolution><address>FELTON ST / BOWDOIN ST</address><x>-122.411506325773</x><y>37.7282311959459</y><location human_address="{&quot;address&quot;:&quot;&quot;,&quot;city&quot;:&quot;&quot;,&quot;state&quot;:&quot;&quot;,&quot;zip&quot;:&quot;&quot;}" latitude="37.7282311959459" longitude="-122.411506325773" needs_recoding="false"/></row>