<?xml version="1.0" encoding="UTF-8"?><row _id="12577817" _uuid="13193613-56CA-4B9A-95D9-E9335FE43155" _position="12577817" _address="http://data.sfgov.org/resource/ritf-b9ki/12577817"><incidntnum>150400392</incidntnum><category>NON-CRIMINAL</category><descript>LOST PROPERTY</descript><dayofweek>Wednesday</dayofweek><date>2015-05-06T00:00:00</date><time>12:00</time><pddistrict>TENDERLOIN</pddistrict><resolution>NONE</resolution><address>300 Block of MASON ST</address><x>-122.409660751795</x><y>37.7864394524764</y><location human_address="{&quot;address&quot;:&quot;&quot;,&quot;city&quot;:&quot;&quot;,&quot;state&quot;:&quot;&quot;,&quot;zip&quot;:&quot;&quot;}" latitude="37.7864394524764" longitude="-122.409660751795" needs_recoding="false"/></row>