<?xml version="1.0" encoding="UTF-8"?><row _id="12587502" _uuid="E02C7E91-9C68-4359-A45F-6680870C0C47" _position="12587502" _address="http://data.sfgov.org/resource/ritf-b9ki/12587502"><incidntnum>150455206</incidntnum><category>WARRANTS</category><descript>WARRANT ARREST</descript><dayofweek>Monday</dayofweek><date>2015-05-25T00:00:00</date><time>09:51</time><pddistrict>INGLESIDE</pddistrict><resolution>NONE</resolution><address>0 Block of RUDDEN AV</address><x>-122.441468690174</x><y>37.7243190596784</y><location human_address="{&quot;address&quot;:&quot;&quot;,&quot;city&quot;:&quot;&quot;,&quot;state&quot;:&quot;&quot;,&quot;zip&quot;:&quot;&quot;}" latitude="37.7243190596784" longitude="-122.441468690174" needs_recoding="false"/></row>