<?xml version="1.0" encoding="UTF-8"?><row _id="12572057" _uuid="C3E515F6-3E7B-404B-B492-A8F359A778DE" _position="12572057" _address="http://data.sfgov.org/resource/ritf-b9ki/12572057"><incidntnum>150404065</incidntnum><category>VEHICLE THEFT</category><descript>STOLEN AUTOMOBILE</descript><dayofweek>Friday</dayofweek><date>2015-05-08T00:00:00</date><time>21:00</time><pddistrict>NORTHERN</pddistrict><resolution>NONE</resolution><address>CAPRA WY / MALLORCA WY</address><x>-122.438621320362</x><y>37.8028892454572</y><location human_address="{&quot;address&quot;:&quot;&quot;,&quot;city&quot;:&quot;&quot;,&quot;state&quot;:&quot;&quot;,&quot;zip&quot;:&quot;&quot;}" latitude="37.8028892454572" longitude="-122.438621320362" needs_recoding="false"/></row>