<?xml version="1.0" encoding="UTF-8"?><row _id="12584489" _uuid="90E4A6DB-2546-433B-B9AD-DC35071D46C1" _position="12584489" _address="http://data.sfgov.org/resource/ritf-b9ki/12584489"><incidntnum>156122253</incidntnum><category>LARCENY/THEFT</category><descript>GRAND THEFT FROM UNLOCKED AUTO</descript><dayofweek>Monday</dayofweek><date>2015-05-18T00:00:00</date><time>09:15</time><pddistrict>SOUTHERN</pddistrict><resolution>NONE</resolution><address>200 Block of MARKET ST</address><x>-122.397034190089</x><y>37.7928236509312</y><location human_address="{&quot;address&quot;:&quot;&quot;,&quot;city&quot;:&quot;&quot;,&quot;state&quot;:&quot;&quot;,&quot;zip&quot;:&quot;&quot;}" latitude="37.7928236509312" longitude="-122.397034190089" needs_recoding="false"/></row>