<?xml version="1.0" encoding="UTF-8"?><row _id="12582719" _uuid="DA6E3348-3C9C-47AD-800E-F90001464012" _position="12582719" _address="http://data.sfgov.org/resource/ritf-b9ki/12582719"><incidntnum>150425920</incidntnum><category>LARCENY/THEFT</category><descript>GRAND THEFT PICKPOCKET</descript><dayofweek>Friday</dayofweek><date>2015-05-15T00:00:00</date><time>15:30</time><pddistrict>NORTHERN</pddistrict><resolution>NONE</resolution><address>CALIFORNIA ST / VANNESS AV</address><x>-122.422330464198</x><y>37.790369068882</y><location human_address="{&quot;address&quot;:&quot;&quot;,&quot;city&quot;:&quot;&quot;,&quot;state&quot;:&quot;&quot;,&quot;zip&quot;:&quot;&quot;}" latitude="37.790369068882" longitude="-122.422330464198" needs_recoding="false"/></row>