<?xml version="1.0" encoding="UTF-8"?><row _id="12588627" _uuid="264901C0-865E-4D87-8EBF-3E3A516835C8" _position="12588627" _address="http://data.sfgov.org/resource/ritf-b9ki/12588627"><incidntnum>150401629</incidntnum><category>ROBBERY</category><descript>ROBBERY OF A CHAIN STORE WITH A DANGEROUS WEAPON</descript><dayofweek>Friday</dayofweek><date>2015-05-08T00:00:00</date><time>16:05</time><pddistrict>NORTHERN</pddistrict><resolution>ARREST, BOOKED</resolution><address>2100 Block of POLK ST</address><x>-122.421798040888</x><y>37.7964404207928</y><location human_address="{&quot;address&quot;:&quot;&quot;,&quot;city&quot;:&quot;&quot;,&quot;state&quot;:&quot;&quot;,&quot;zip&quot;:&quot;&quot;}" latitude="37.7964404207928" longitude="-122.421798040888" needs_recoding="false"/></row>