<?xml version="1.0" encoding="UTF-8"?><row _id="12585313" _uuid="B755FAE0-F30F-4B4F-9CB7-F2BFF136ACDB" _position="12585313" _address="http://data.sfgov.org/resource/ritf-b9ki/12585313"><incidntnum>150441459</incidntnum><category>WARRANTS</category><descript>ENROUTE TO OUTSIDE JURISDICTION</descript><dayofweek>Thursday</dayofweek><date>2015-05-21T00:00:00</date><time>01:20</time><pddistrict>CENTRAL</pddistrict><resolution>ARREST, BOOKED</resolution><address>PINE ST / LEAVENWORTH ST</address><x>-122.415560469006</x><y>37.7902540013683</y><location human_address="{&quot;address&quot;:&quot;&quot;,&quot;city&quot;:&quot;&quot;,&quot;state&quot;:&quot;&quot;,&quot;zip&quot;:&quot;&quot;}" latitude="37.7902540013683" longitude="-122.415560469006" needs_recoding="false"/></row>