<?xml version="1.0" encoding="UTF-8"?><row _id="12582695" _uuid="502E5E9E-B9B4-4A25-A4AE-3AFC65D9DE47" _position="12582695" _address="http://data.sfgov.org/resource/ritf-b9ki/12582695"><incidntnum>150423811</incidntnum><category>OTHER OFFENSES</category><descript>RESISTING ARREST</descript><dayofweek>Friday</dayofweek><date>2015-05-15T00:00:00</date><time>18:43</time><pddistrict>TENDERLOIN</pddistrict><resolution>ARREST, BOOKED</resolution><address>TURK ST / JONES ST</address><x>-122.412414263581</x><y>37.7830037964534</y><location human_address="{&quot;address&quot;:&quot;&quot;,&quot;city&quot;:&quot;&quot;,&quot;state&quot;:&quot;&quot;,&quot;zip&quot;:&quot;&quot;}" latitude="37.7830037964534" longitude="-122.412414263581" needs_recoding="false"/></row>