<?xml version="1.0" encoding="UTF-8"?><row _id="12582065" _uuid="EE6470BC-9AB1-4292-A839-F2A8B3DDD41D" _position="12582065" _address="http://data.sfgov.org/resource/ritf-b9ki/12582065"><incidntnum>150415084</incidntnum><category>ROBBERY</category><descript>ROBBERY,  ATM, GUN</descript><dayofweek>Wednesday</dayofweek><date>2015-05-13T00:00:00</date><time>04:45</time><pddistrict>SOUTHERN</pddistrict><resolution>NONE</resolution><address>1500 Block of MARKET ST</address><x>-122.419666717917</x><y>37.7746823329875</y><location human_address="{&quot;address&quot;:&quot;&quot;,&quot;city&quot;:&quot;&quot;,&quot;state&quot;:&quot;&quot;,&quot;zip&quot;:&quot;&quot;}" latitude="37.7746823329875" longitude="-122.419666717917" needs_recoding="false"/></row>