<?xml version="1.0" encoding="UTF-8"?><row _id="12577886" _uuid="F510D090-86CE-4EC1-9F1B-C8A4E9A1B53E" _position="12577886" _address="http://data.sfgov.org/resource/ritf-b9ki/12577886"><incidntnum>150401839</incidntnum><category>ASSAULT</category><descript>THREATENING PHONE CALL(S)</descript><dayofweek>Friday</dayofweek><date>2015-05-08T00:00:00</date><time>16:40</time><pddistrict>TARAVAL</pddistrict><resolution>NONE</resolution><address>1300 Block of 43RD AV</address><x>-122.502708098898</x><y>37.7614820910625</y><location human_address="{&quot;address&quot;:&quot;&quot;,&quot;city&quot;:&quot;&quot;,&quot;state&quot;:&quot;&quot;,&quot;zip&quot;:&quot;&quot;}" latitude="37.7614820910625" longitude="-122.502708098898" needs_recoding="false"/></row>