<?xml version="1.0" encoding="UTF-8"?><row _id="12585231" _uuid="82F3361D-35E9-4320-8C6F-0517C0D3E13E" _position="12585231" _address="http://data.sfgov.org/resource/ritf-b9ki/12585231"><incidntnum>150441211</incidntnum><category>LARCENY/THEFT</category><descript>PETTY THEFT FROM LOCKED AUTO</descript><dayofweek>Wednesday</dayofweek><date>2015-05-20T00:00:00</date><time>19:00</time><pddistrict>MISSION</pddistrict><resolution>NONE</resolution><address>0 Block of COLLINGWOOD ST</address><x>-122.436107579123</x><y>37.7614706791054</y><location human_address="{&quot;address&quot;:&quot;&quot;,&quot;city&quot;:&quot;&quot;,&quot;state&quot;:&quot;&quot;,&quot;zip&quot;:&quot;&quot;}" latitude="37.7614706791054" longitude="-122.436107579123" needs_recoding="false"/></row>