<?xml version="1.0" encoding="UTF-8"?><row _id="12578467" _uuid="0AC88A9B-6D51-4ABF-9689-6B0A6F97315F" _position="12578467" _address="http://data.sfgov.org/resource/ritf-b9ki/12578467"><incidntnum>150411521</incidntnum><category>VANDALISM</category><descript>MALICIOUS MISCHIEF, VANDALISM OF VEHICLES</descript><dayofweek>Monday</dayofweek><date>2015-05-11T00:00:00</date><time>23:20</time><pddistrict>MISSION</pddistrict><resolution>NONE</resolution><address>500 Block of GUERRERO ST</address><x>-122.424036887526</x><y>37.7627513875316</y><location human_address="{&quot;address&quot;:&quot;&quot;,&quot;city&quot;:&quot;&quot;,&quot;state&quot;:&quot;&quot;,&quot;zip&quot;:&quot;&quot;}" latitude="37.7627513875316" longitude="-122.424036887526" needs_recoding="false"/></row>