<?xml version="1.0" encoding="UTF-8"?><row _id="12572468" _uuid="E757B72D-FCD4-4B94-A693-BCB3826BF37F" _position="12572468" _address="http://data.sfgov.org/resource/ritf-b9ki/12572468"><incidntnum>150417789</incidntnum><category>NON-CRIMINAL</category><descript>COURTESY REPORT</descript><dayofweek>Saturday</dayofweek><date>2015-05-09T00:00:00</date><time>12:00</time><pddistrict>SOUTHERN</pddistrict><resolution>NONE</resolution><address>HARRISON ST / 3RD ST</address><x>-122.397388784826</x><y>37.7825543452426</y><location human_address="{&quot;address&quot;:&quot;&quot;,&quot;city&quot;:&quot;&quot;,&quot;state&quot;:&quot;&quot;,&quot;zip&quot;:&quot;&quot;}" latitude="37.7825543452426" longitude="-122.397388784826" needs_recoding="false"/></row>