<?xml version="1.0" encoding="UTF-8"?><row _id="12583929" _uuid="E5A60C67-E914-4F4F-82DA-F4D7487179F5" _position="12583929" _address="http://data.sfgov.org/resource/ritf-b9ki/12583929"><incidntnum>150430957</incidntnum><category>LARCENY/THEFT</category><descript>PETTY THEFT FROM LOCKED AUTO</descript><dayofweek>Sunday</dayofweek><date>2015-05-17T00:00:00</date><time>20:00</time><pddistrict>CENTRAL</pddistrict><resolution>NONE</resolution><address>400 Block of NORTHPOINT ST</address><x>-122.414613835412</x><y>37.8063927876763</y><location human_address="{&quot;address&quot;:&quot;&quot;,&quot;city&quot;:&quot;&quot;,&quot;state&quot;:&quot;&quot;,&quot;zip&quot;:&quot;&quot;}" latitude="37.8063927876763" longitude="-122.414613835412" needs_recoding="false"/></row>