<?xml version="1.0" encoding="UTF-8"?><row _id="12572505" _uuid="8E4C0B60-B8B3-4EF7-886D-8F18CB8793BB" _position="12572505" _address="http://data.sfgov.org/resource/ritf-b9ki/12572505"><incidntnum>150422346</incidntnum><category>VEHICLE THEFT</category><descript>STOLEN TRUCK</descript><dayofweek>Tuesday</dayofweek><date>2015-05-12T00:00:00</date><time>09:30</time><pddistrict>BAYVIEW</pddistrict><resolution>NONE</resolution><address>SILLIMAN ST / SOMERSET ST</address><x>-122.409046086887</x><y>37.7302021806471</y><location human_address="{&quot;address&quot;:&quot;&quot;,&quot;city&quot;:&quot;&quot;,&quot;state&quot;:&quot;&quot;,&quot;zip&quot;:&quot;&quot;}" latitude="37.7302021806471" longitude="-122.409046086887" needs_recoding="false"/></row>