<?xml version="1.0" encoding="UTF-8"?><row _id="12594022" _uuid="B26E4BA6-CD96-4078-B498-FBC5F8017F6F" _position="12594022" _address="http://data.sfgov.org/resource/ritf-b9ki/12594022"><incidntnum>150506746</incidntnum><category>ASSAULT</category><descript>BATTERY</descript><dayofweek>Wednesday</dayofweek><date>2015-06-10T00:00:00</date><time>12:05</time><pddistrict>SOUTHERN</pddistrict><resolution>NONE</resolution><address>300 Block of MARKET ST</address><x>-122.39792044402</x><y>37.7921256222625</y><location human_address="{&quot;address&quot;:&quot;&quot;,&quot;city&quot;:&quot;&quot;,&quot;state&quot;:&quot;&quot;,&quot;zip&quot;:&quot;&quot;}" latitude="37.7921256222625" longitude="-122.39792044402" needs_recoding="false"/></row>