<?xml version="1.0" encoding="UTF-8"?><row _id="12578524" _uuid="101F6677-9EC5-4149-BF27-4CA1813AFE63" _position="12578524" _address="http://data.sfgov.org/resource/ritf-b9ki/12578524"><incidntnum>150412557</incidntnum><category>FRAUD</category><descript>CREDIT CARD, THEFT BY USE OF</descript><dayofweek>Saturday</dayofweek><date>2015-05-09T00:00:00</date><time>21:46</time><pddistrict>SOUTHERN</pddistrict><resolution>NONE</resolution><address>0 Block of 3RD ST</address><x>-122.402835528142</x><y>37.7868009028384</y><location human_address="{&quot;address&quot;:&quot;&quot;,&quot;city&quot;:&quot;&quot;,&quot;state&quot;:&quot;&quot;,&quot;zip&quot;:&quot;&quot;}" latitude="37.7868009028384" longitude="-122.402835528142" needs_recoding="false"/></row>