<?xml version="1.0" encoding="UTF-8"?><row _id="12578659" _uuid="A6815993-12F2-442E-83E4-4CB89A8B41FA" _position="12578659" _address="http://data.sfgov.org/resource/ritf-b9ki/12578659"><incidntnum>150414484</incidntnum><category>VEHICLE THEFT</category><descript>STOLEN AUTOMOBILE</descript><dayofweek>Tuesday</dayofweek><date>2015-05-12T00:00:00</date><time>19:00</time><pddistrict>MISSION</pddistrict><resolution>NONE</resolution><address>3100 Block of 17TH ST</address><x>-122.415686183131</x><y>37.7636111708805</y><location human_address="{&quot;address&quot;:&quot;&quot;,&quot;city&quot;:&quot;&quot;,&quot;state&quot;:&quot;&quot;,&quot;zip&quot;:&quot;&quot;}" latitude="37.7636111708805" longitude="-122.415686183131" needs_recoding="false"/></row>