<?xml version="1.0" encoding="UTF-8"?><row _id="12578503" _uuid="3D7D4E4B-1A8B-4B9F-8656-0EAC32E5B993" _position="12578503" _address="http://data.sfgov.org/resource/ritf-b9ki/12578503"><incidntnum>150412228</incidntnum><category>NON-CRIMINAL</category><descript>AIDED CASE, MENTAL DISTURBED</descript><dayofweek>Tuesday</dayofweek><date>2015-05-12T00:00:00</date><time>08:55</time><pddistrict>TENDERLOIN</pddistrict><resolution>NONE</resolution><address>100 Block of JONES ST</address><x>-122.412249767634</x><y>37.782556330202</y><location human_address="{&quot;address&quot;:&quot;&quot;,&quot;city&quot;:&quot;&quot;,&quot;state&quot;:&quot;&quot;,&quot;zip&quot;:&quot;&quot;}" latitude="37.782556330202" longitude="-122.412249767634" needs_recoding="false"/></row>