<?xml version="1.0" encoding="UTF-8"?><row _id="12582247" _uuid="C9854499-1085-46E8-B0CE-68763CADD152" _position="12582247" _address="http://data.sfgov.org/resource/ritf-b9ki/12582247"><incidntnum>150406356</incidntnum><category>OTHER OFFENSES</category><descript>VIOLATION OF RESTRAINING ORDER</descript><dayofweek>Sunday</dayofweek><date>2015-05-10T00:00:00</date><time>03:42</time><pddistrict>NORTHERN</pddistrict><resolution>NONE</resolution><address>1600 Block of WEBSTER ST</address><x>-122.431612703437</x><y>37.7858329476013</y><location human_address="{&quot;address&quot;:&quot;&quot;,&quot;city&quot;:&quot;&quot;,&quot;state&quot;:&quot;&quot;,&quot;zip&quot;:&quot;&quot;}" latitude="37.7858329476013" longitude="-122.431612703437" needs_recoding="false"/></row>