<?xml version="1.0" encoding="UTF-8"?><row _id="12584009" _uuid="B21914DD-20C2-481B-80A6-C2EC2CE03B49" _position="12584009" _address="http://data.sfgov.org/resource/ritf-b9ki/12584009"><incidntnum>150437232</incidntnum><category>LARCENY/THEFT</category><descript>PETTY THEFT OF PROPERTY</descript><dayofweek>Sunday</dayofweek><date>2015-05-17T00:00:00</date><time>00:05</time><pddistrict>TARAVAL</pddistrict><resolution>NONE</resolution><address>1600 Block of 47TH AV</address><x>-122.506738808355</x><y>37.7556938548753</y><location human_address="{&quot;address&quot;:&quot;&quot;,&quot;city&quot;:&quot;&quot;,&quot;state&quot;:&quot;&quot;,&quot;zip&quot;:&quot;&quot;}" latitude="37.7556938548753" longitude="-122.506738808355" needs_recoding="false"/></row>