<?xml version="1.0" encoding="UTF-8"?><row _id="12579953" _uuid="3977048B-347F-47D9-BDF1-9EF32246357B" _position="12579953" _address="http://data.sfgov.org/resource/ritf-b9ki/12579953"><incidntnum>156114915</incidntnum><category>LARCENY/THEFT</category><descript>GRAND THEFT FROM LOCKED AUTO</descript><dayofweek>Monday</dayofweek><date>2015-05-11T00:00:00</date><time>00:01</time><pddistrict>PARK</pddistrict><resolution>NONE</resolution><address>0 Block of HATTIE ST</address><x>-122.440942789065</x><y>37.7613658877424</y><location human_address="{&quot;address&quot;:&quot;&quot;,&quot;city&quot;:&quot;&quot;,&quot;state&quot;:&quot;&quot;,&quot;zip&quot;:&quot;&quot;}" latitude="37.7613658877424" longitude="-122.440942789065" needs_recoding="false"/></row>