<?xml version="1.0" encoding="UTF-8"?><row _id="12572490" _uuid="31E2D0C9-3F2A-42D7-B260-3ADBA0F02FBA" _position="12572490" _address="http://data.sfgov.org/resource/ritf-b9ki/12572490"><incidntnum>150418812</incidntnum><category>VANDALISM</category><descript>MALICIOUS MISCHIEF, VANDALISM OF VEHICLES</descript><dayofweek>Wednesday</dayofweek><date>2015-05-13T00:00:00</date><time>13:30</time><pddistrict>TARAVAL</pddistrict><resolution>NONE</resolution><address>25TH AV / NORIEGA ST</address><x>-122.482898694106</x><y>37.7539550259728</y><location human_address="{&quot;address&quot;:&quot;&quot;,&quot;city&quot;:&quot;&quot;,&quot;state&quot;:&quot;&quot;,&quot;zip&quot;:&quot;&quot;}" latitude="37.7539550259728" longitude="-122.482898694106" needs_recoding="false"/></row>