<?xml version="1.0" encoding="UTF-8"?><row _id="12667730" _uuid="6A182BA2-59AE-43F0-9B0B-41E00CCABE84" _position="12667730" _address="http://data.sfgov.org/resource/ritf-b9ki/12667730"><incidntnum>150416678</incidntnum><category>OTHER OFFENSES</category><descript>VIOLATION OF MUNICIPAL CODE</descript><dayofweek>Wednesday</dayofweek><date>2015-05-13T00:00:00</date><time>14:30</time><pddistrict>NORTHERN</pddistrict><resolution>ARREST, BOOKED</resolution><address>300 Block of MCALLISTER ST</address><x>-122.417777932619</x><y>37.7803089893403</y><location human_address="{&quot;address&quot;:&quot;&quot;,&quot;city&quot;:&quot;&quot;,&quot;state&quot;:&quot;&quot;,&quot;zip&quot;:&quot;&quot;}" latitude="37.7803089893403" longitude="-122.417777932619" needs_recoding="false"/></row>