<?xml version="1.0" encoding="UTF-8"?><row _id="12579925" _uuid="CB3E5C0B-978B-4A1D-9A55-FD0601497079" _position="12579925" _address="http://data.sfgov.org/resource/ritf-b9ki/12579925"><incidntnum>156114454</incidntnum><category>LARCENY/THEFT</category><descript>GRAND THEFT FROM LOCKED AUTO</descript><dayofweek>Wednesday</dayofweek><date>2015-05-06T00:00:00</date><time>17:30</time><pddistrict>SOUTHERN</pddistrict><resolution>NONE</resolution><address>0 Block of RHODEISLAND ST</address><x>-122.402912219207</x><y>37.7692311554953</y><location human_address="{&quot;address&quot;:&quot;&quot;,&quot;city&quot;:&quot;&quot;,&quot;state&quot;:&quot;&quot;,&quot;zip&quot;:&quot;&quot;}" latitude="37.7692311554953" longitude="-122.402912219207" needs_recoding="false"/></row>