<?xml version="1.0" encoding="UTF-8"?><row _id="12642022" _uuid="E9DF9545-37A5-4EF5-B886-0B88DF9EB891" _position="12642022" _address="http://data.sfgov.org/resource/ritf-b9ki/12642022"><incidntnum>150408625</incidntnum><category>NON-CRIMINAL</category><descript>CASE CLOSURE</descript><dayofweek>Thursday</dayofweek><date>2015-05-07T00:00:00</date><time>17:00</time><pddistrict>SOUTHERN</pddistrict><resolution>ARREST, BOOKED</resolution><address>700 Block of MARKET ST</address><x>-122.405294845215</x><y>37.7863072236365</y><location human_address="{&quot;address&quot;:&quot;&quot;,&quot;city&quot;:&quot;&quot;,&quot;state&quot;:&quot;&quot;,&quot;zip&quot;:&quot;&quot;}" latitude="37.7863072236365" longitude="-122.405294845215" needs_recoding="false"/></row>