<?xml version="1.0" encoding="UTF-8"?><row _id="12591764" _uuid="6C8268A3-CB6A-4334-B5A7-6D953B1164A1" _position="12591764" _address="http://data.sfgov.org/resource/ritf-b9ki/12591764"><incidntnum>156134327</incidntnum><category>LARCENY/THEFT</category><descript>GRAND THEFT FROM UNLOCKED AUTO</descript><dayofweek>Wednesday</dayofweek><date>2015-05-13T00:00:00</date><time>09:15</time><pddistrict>CENTRAL</pddistrict><resolution>NONE</resolution><address>PACIFIC AV / COLUMBUS AV</address><x>-122.405517223277</x><y>37.7970642284992</y><location human_address="{&quot;address&quot;:&quot;&quot;,&quot;city&quot;:&quot;&quot;,&quot;state&quot;:&quot;&quot;,&quot;zip&quot;:&quot;&quot;}" latitude="37.7970642284992" longitude="-122.405517223277" needs_recoding="false"/></row>