<?xml version="1.0" encoding="UTF-8"?><row _id="12588648" _uuid="6AC3A7FD-CFE6-4A07-BDD4-C97B9A0CB2CE" _position="12588648" _address="http://data.sfgov.org/resource/ritf-b9ki/12588648"><incidntnum>150465261</incidntnum><category>ASSAULT</category><descript>THREATS AGAINST LIFE</descript><dayofweek>Thursday</dayofweek><date>2015-05-28T00:00:00</date><time>12:40</time><pddistrict>PARK</pddistrict><resolution>ARREST, BOOKED</resolution><address>900 Block of BRODERICK ST</address><x>-122.440375167502</x><y>37.7789754234886</y><location human_address="{&quot;address&quot;:&quot;&quot;,&quot;city&quot;:&quot;&quot;,&quot;state&quot;:&quot;&quot;,&quot;zip&quot;:&quot;&quot;}" latitude="37.7789754234886" longitude="-122.440375167502" needs_recoding="false"/></row>