<?xml version="1.0" encoding="UTF-8"?><row _id="12588913" _uuid="D4307465-056A-4058-9333-4AC75935F19C" _position="12588913" _address="http://data.sfgov.org/resource/ritf-b9ki/12588913"><incidntnum>150432254</incidntnum><category>WARRANTS</category><descript>WARRANT ARREST</descript><dayofweek>Tuesday</dayofweek><date>2015-05-19T00:00:00</date><time>09:55</time><pddistrict>TENDERLOIN</pddistrict><resolution>NONE</resolution><address>TURK ST / JONES ST</address><x>-122.412414263581</x><y>37.7830037964534</y><location human_address="{&quot;address&quot;:&quot;&quot;,&quot;city&quot;:&quot;&quot;,&quot;state&quot;:&quot;&quot;,&quot;zip&quot;:&quot;&quot;}" latitude="37.7830037964534" longitude="-122.412414263581" needs_recoding="false"/></row>