<?xml version="1.0" encoding="UTF-8"?><row _id="12578682" _uuid="D93592F6-E98A-45FF-9757-69A80E668472" _position="12578682" _address="http://data.sfgov.org/resource/ritf-b9ki/12578682"><incidntnum>150415006</incidntnum><category>LARCENY/THEFT</category><descript>PETTY THEFT FROM LOCKED AUTO</descript><dayofweek>Tuesday</dayofweek><date>2015-05-12T00:00:00</date><time>18:30</time><pddistrict>CENTRAL</pddistrict><resolution>NONE</resolution><address>300 Block of BROADWAY ST</address><x>-122.402686064513</x><y>37.7984277959861</y><location human_address="{&quot;address&quot;:&quot;&quot;,&quot;city&quot;:&quot;&quot;,&quot;state&quot;:&quot;&quot;,&quot;zip&quot;:&quot;&quot;}" latitude="37.7984277959861" longitude="-122.402686064513" needs_recoding="false"/></row>