<?xml version="1.0" encoding="UTF-8"?><row _id="12582007" _uuid="0AB8C577-ED7E-4B62-8336-8817D04368A0" _position="12582007" _address="http://data.sfgov.org/resource/ritf-b9ki/12582007"><incidntnum>150406522</incidntnum><category>TRESPASS</category><descript>LODGING WITHOUT PERMISSION</descript><dayofweek>Sunday</dayofweek><date>2015-05-10T00:00:00</date><time>08:40</time><pddistrict>TENDERLOIN</pddistrict><resolution>NONE</resolution><address>0 Block of GROVE ST</address><x>-122.41565370001</x><y>37.7787196511256</y><location human_address="{&quot;address&quot;:&quot;&quot;,&quot;city&quot;:&quot;&quot;,&quot;state&quot;:&quot;&quot;,&quot;zip&quot;:&quot;&quot;}" latitude="37.7787196511256" longitude="-122.41565370001" needs_recoding="false"/></row>