<?xml version="1.0" encoding="UTF-8"?><row _id="12587854" _uuid="6C7E79ED-7636-4775-85A5-D64F2D3F8D03" _position="12587854" _address="http://data.sfgov.org/resource/ritf-b9ki/12587854"><incidntnum>150457826</incidntnum><category>BURGLARY</category><descript>BURGLARY, FORCIBLE ENTRY</descript><dayofweek>Tuesday</dayofweek><date>2015-05-26T00:00:00</date><time>02:20</time><pddistrict>SOUTHERN</pddistrict><resolution>NONE</resolution><address>900 Block of BRANNAN ST</address><x>-122.406277073987</x><y>37.7707000250114</y><location human_address="{&quot;address&quot;:&quot;&quot;,&quot;city&quot;:&quot;&quot;,&quot;state&quot;:&quot;&quot;,&quot;zip&quot;:&quot;&quot;}" latitude="37.7707000250114" longitude="-122.406277073987" needs_recoding="false"/></row>