<?xml version="1.0" encoding="UTF-8"?><row _id="12571784" _uuid="C42145AD-6D4C-43FC-B35F-9FA297FE8AB9" _position="12571784" _address="http://data.sfgov.org/resource/ritf-b9ki/12571784"><incidntnum>150394682</incidntnum><category>MISSING PERSON</category><descript>FOUND PERSON</descript><dayofweek>Wednesday</dayofweek><date>2015-05-06T00:00:00</date><time>15:45</time><pddistrict>TENDERLOIN</pddistrict><resolution>NONE</resolution><address>GOLDEN GATE AV / HYDE ST</address><x>-122.415508242782</x><y>37.7816542806076</y><location human_address="{&quot;address&quot;:&quot;&quot;,&quot;city&quot;:&quot;&quot;,&quot;state&quot;:&quot;&quot;,&quot;zip&quot;:&quot;&quot;}" latitude="37.7816542806076" longitude="-122.415508242782" needs_recoding="false"/></row>