<?xml version="1.0" encoding="UTF-8"?><row _id="12572387" _uuid="D13BB328-280B-42E7-979D-925753CF2B6E" _position="12572387" _address="http://data.sfgov.org/resource/ritf-b9ki/12572387"><incidntnum>150414901</incidntnum><category>ROBBERY</category><descript>ROBBERY, BODILY FORCE</descript><dayofweek>Wednesday</dayofweek><date>2015-05-13T00:00:00</date><time>01:00</time><pddistrict>SOUTHERN</pddistrict><resolution>NONE</resolution><address>3RD ST / MISSION ST</address><x>-122.402027706948</x><y>37.7862483456629</y><location human_address="{&quot;address&quot;:&quot;&quot;,&quot;city&quot;:&quot;&quot;,&quot;state&quot;:&quot;&quot;,&quot;zip&quot;:&quot;&quot;}" latitude="37.7862483456629" longitude="-122.402027706948" needs_recoding="false"/></row>