<?xml version="1.0" encoding="UTF-8"?><row _id="12578732" _uuid="7FE88D78-F9FB-4FD2-A090-9BADD04B4466" _position="12578732" _address="http://data.sfgov.org/resource/ritf-b9ki/12578732"><incidntnum>150415846</incidntnum><category>LARCENY/THEFT</category><descript>GRAND THEFT FROM A BUILDING</descript><dayofweek>Monday</dayofweek><date>2015-05-11T00:00:00</date><time>08:00</time><pddistrict>SOUTHERN</pddistrict><resolution>NONE</resolution><address>700 Block of NATOMA ST</address><x>-122.412904380868</x><y>37.7759981805312</y><location human_address="{&quot;address&quot;:&quot;&quot;,&quot;city&quot;:&quot;&quot;,&quot;state&quot;:&quot;&quot;,&quot;zip&quot;:&quot;&quot;}" latitude="37.7759981805312" longitude="-122.412904380868" needs_recoding="false"/></row>