<?xml version="1.0" encoding="UTF-8"?><row _id="12571974" _uuid="22DB431D-0EAB-4375-81B9-190C5B527434" _position="12571974" _address="http://data.sfgov.org/resource/ritf-b9ki/12571974"><incidntnum>150401334</incidntnum><category>NON-CRIMINAL</category><descript>AIDED CASE, DOG BITE</descript><dayofweek>Friday</dayofweek><date>2015-05-08T00:00:00</date><time>13:45</time><pddistrict>PARK</pddistrict><resolution>NONE</resolution><address>OAK ST / ASHBURY ST</address><x>-122.447314537469</x><y>37.7718760580638</y><location human_address="{&quot;address&quot;:&quot;&quot;,&quot;city&quot;:&quot;&quot;,&quot;state&quot;:&quot;&quot;,&quot;zip&quot;:&quot;&quot;}" latitude="37.7718760580638" longitude="-122.447314537469" needs_recoding="false"/></row>