<?xml version="1.0" encoding="UTF-8"?><row _id="12582828" _uuid="6B96DB26-4E96-4486-9E94-5542677A36AC" _position="12582828" _address="http://data.sfgov.org/resource/ritf-b9ki/12582828"><incidntnum>150421661</incidntnum><category>NON-CRIMINAL</category><descript>FOUND PROPERTY</descript><dayofweek>Friday</dayofweek><date>2015-05-15T00:00:00</date><time>02:30</time><pddistrict>MISSION</pddistrict><resolution>NONE</resolution><address>2300 Block of FOLSOM ST</address><x>-122.41469551481</x><y>37.7596861764245</y><location human_address="{&quot;address&quot;:&quot;&quot;,&quot;city&quot;:&quot;&quot;,&quot;state&quot;:&quot;&quot;,&quot;zip&quot;:&quot;&quot;}" latitude="37.7596861764245" longitude="-122.41469551481" needs_recoding="false"/></row>