<?xml version="1.0" encoding="UTF-8"?><row _id="12577465" _uuid="12149973-95ED-44D1-BB58-491E18DB9858" _position="12577465" _address="http://data.sfgov.org/resource/ritf-b9ki/12577465"><incidntnum>150394563</incidntnum><category>LARCENY/THEFT</category><descript>PETTY THEFT FROM A BUILDING</descript><dayofweek>Wednesday</dayofweek><date>2015-05-06T00:00:00</date><time>15:30</time><pddistrict>SOUTHERN</pddistrict><resolution>NONE</resolution><address>400 Block of MISSION ST</address><x>-122.397189384316</x><y>37.7901440738063</y><location human_address="{&quot;address&quot;:&quot;&quot;,&quot;city&quot;:&quot;&quot;,&quot;state&quot;:&quot;&quot;,&quot;zip&quot;:&quot;&quot;}" latitude="37.7901440738063" longitude="-122.397189384316" needs_recoding="false"/></row>