<?xml version="1.0" encoding="UTF-8"?><row _id="12572278" _uuid="E21DAEDB-D208-4F34-9889-1E3FA7039A12" _position="12572278" _address="http://data.sfgov.org/resource/ritf-b9ki/12572278"><incidntnum>150410971</incidntnum><category>OTHER OFFENSES</category><descript>TRAFFIC VIOLATION</descript><dayofweek>Monday</dayofweek><date>2015-05-11T00:00:00</date><time>19:55</time><pddistrict>SOUTHERN</pddistrict><resolution>ARREST, BOOKED</resolution><address>HARRISON ST / 10TH ST</address><x>-122.411279189969</x><y>37.7715785765043</y><location human_address="{&quot;address&quot;:&quot;&quot;,&quot;city&quot;:&quot;&quot;,&quot;state&quot;:&quot;&quot;,&quot;zip&quot;:&quot;&quot;}" latitude="37.7715785765043" longitude="-122.411279189969" needs_recoding="false"/></row>