<?xml version="1.0" encoding="UTF-8"?><row _id="12581205" _uuid="BEB5B415-620A-47C8-8B06-7A79FDD7F67E" _position="12581205" _address="http://data.sfgov.org/resource/ritf-b9ki/12581205"><incidntnum>150402564</incidntnum><category>SUSPICIOUS OCC</category><descript>INVESTIGATIVE DETENTION</descript><dayofweek>Friday</dayofweek><date>2015-05-08T00:00:00</date><time>20:25</time><pddistrict>BAYVIEW</pddistrict><resolution>NONE</resolution><address>THORNTON AV / WATERVILLE ST</address><x>-122.402028913597</x><y>37.7310243839772</y><location human_address="{&quot;address&quot;:&quot;&quot;,&quot;city&quot;:&quot;&quot;,&quot;state&quot;:&quot;&quot;,&quot;zip&quot;:&quot;&quot;}" latitude="37.7310243839772" longitude="-122.402028913597" needs_recoding="false"/></row>