<?xml version="1.0" encoding="UTF-8"?><row _id="12583422" _uuid="686D1A41-DC86-4CE5-830F-B2028FE69343" _position="12583422" _address="http://data.sfgov.org/resource/ritf-b9ki/12583422"><incidntnum>156118735</incidntnum><category>LARCENY/THEFT</category><descript>PETTY THEFT OF PROPERTY</descript><dayofweek>Saturday</dayofweek><date>2015-05-16T00:00:00</date><time>00:01</time><pddistrict>NORTHERN</pddistrict><resolution>NONE</resolution><address>1300 Block of POLK ST</address><x>-122.420515681408</x><y>37.7893840503369</y><location human_address="{&quot;address&quot;:&quot;&quot;,&quot;city&quot;:&quot;&quot;,&quot;state&quot;:&quot;&quot;,&quot;zip&quot;:&quot;&quot;}" latitude="37.7893840503369" longitude="-122.420515681408" needs_recoding="false"/></row>