<?xml version="1.0" encoding="UTF-8"?><row _id="12578238" _uuid="515F0ECE-EF47-4FCE-9A43-1BC506637B65" _position="12578238" _address="http://data.sfgov.org/resource/ritf-b9ki/12578238"><incidntnum>150407586</incidntnum><category>NON-CRIMINAL</category><descript>AIDED CASE, MENTAL DISTURBED</descript><dayofweek>Sunday</dayofweek><date>2015-05-10T00:00:00</date><time>16:55</time><pddistrict>MISSION</pddistrict><resolution>NONE</resolution><address>200 Block of 13TH ST</address><x>-122.417949217834</x><y>37.7697208630457</y><location human_address="{&quot;address&quot;:&quot;&quot;,&quot;city&quot;:&quot;&quot;,&quot;state&quot;:&quot;&quot;,&quot;zip&quot;:&quot;&quot;}" latitude="37.7697208630457" longitude="-122.417949217834" needs_recoding="false"/></row>