<?xml version="1.0" encoding="UTF-8"?><row _id="12583440" _uuid="BB4D99AE-ADB6-48A9-B1D9-21CD8E157C6A" _position="12583440" _address="http://data.sfgov.org/resource/ritf-b9ki/12583440"><incidntnum>150426495</incidntnum><category>NON-CRIMINAL</category><descript>AIDED CASE</descript><dayofweek>Saturday</dayofweek><date>2015-05-16T00:00:00</date><time>14:59</time><pddistrict>TARAVAL</pddistrict><resolution>UNFOUNDED</resolution><address>1400 Block of 42ND AV</address><x>-122.501502160824</x><y>37.7596658144363</y><location human_address="{&quot;address&quot;:&quot;&quot;,&quot;city&quot;:&quot;&quot;,&quot;state&quot;:&quot;&quot;,&quot;zip&quot;:&quot;&quot;}" latitude="37.7596658144363" longitude="-122.501502160824" needs_recoding="false"/></row>