<?xml version="1.0" encoding="UTF-8"?><row _id="12577705" _uuid="302C8768-C99C-4CF3-A8BB-5EEA58659872" _position="12577705" _address="http://data.sfgov.org/resource/ritf-b9ki/12577705"><incidntnum>150398612</incidntnum><category>LARCENY/THEFT</category><descript>PETTY THEFT OF PROPERTY</descript><dayofweek>Thursday</dayofweek><date>2015-05-07T00:00:00</date><time>15:20</time><pddistrict>MISSION</pddistrict><resolution>NONE</resolution><address>3500 Block of 21ST ST</address><x>-122.426204934798</x><y>37.7566507678161</y><location human_address="{&quot;address&quot;:&quot;&quot;,&quot;city&quot;:&quot;&quot;,&quot;state&quot;:&quot;&quot;,&quot;zip&quot;:&quot;&quot;}" latitude="37.7566507678161" longitude="-122.426204934798" needs_recoding="false"/></row>