<?xml version="1.0" encoding="UTF-8"?><row _id="12573367" _uuid="30FB4426-762D-4088-A87A-F9AF451275F9" _position="12573367" _address="http://data.sfgov.org/resource/ritf-b9ki/12573367"><incidntnum>156114727</incidntnum><category>LARCENY/THEFT</category><descript>GRAND THEFT FROM LOCKED AUTO</descript><dayofweek>Monday</dayofweek><date>2015-05-11T00:00:00</date><time>16:00</time><pddistrict>CENTRAL</pddistrict><resolution>NONE</resolution><address>BUSH ST / MARK LN</address><x>-122.40477156799</x><y>37.7906677629217</y><location human_address="{&quot;address&quot;:&quot;&quot;,&quot;city&quot;:&quot;&quot;,&quot;state&quot;:&quot;&quot;,&quot;zip&quot;:&quot;&quot;}" latitude="37.7906677629217" longitude="-122.40477156799" needs_recoding="false"/></row>