<?xml version="1.0" encoding="UTF-8"?><row _id="12577904" _uuid="99A9ACAB-8BBA-4014-AAB8-806B69914477" _position="12577904" _address="http://data.sfgov.org/resource/ritf-b9ki/12577904"><incidntnum>150402069</incidntnum><category>ASSAULT</category><descript>INFLICT INJURY ON COHABITEE</descript><dayofweek>Friday</dayofweek><date>2015-05-08T00:00:00</date><time>17:50</time><pddistrict>CENTRAL</pddistrict><resolution>ARREST, BOOKED</resolution><address>700 Block of POST ST</address><x>-122.41420144235</x><y>37.7876109394648</y><location human_address="{&quot;address&quot;:&quot;&quot;,&quot;city&quot;:&quot;&quot;,&quot;state&quot;:&quot;&quot;,&quot;zip&quot;:&quot;&quot;}" latitude="37.7876109394648" longitude="-122.41420144235" needs_recoding="false"/></row>