<?xml version="1.0" encoding="UTF-8"?><row _id="12584765" _uuid="2434CC5D-585F-4CF0-B034-FA1FA89B1CFD" _position="12584765" _address="http://data.sfgov.org/resource/ritf-b9ki/12584765"><incidntnum>150437674</incidntnum><category>LARCENY/THEFT</category><descript>PETTY THEFT FROM LOCKED AUTO</descript><dayofweek>Tuesday</dayofweek><date>2015-05-19T00:00:00</date><time>16:00</time><pddistrict>SOUTHERN</pddistrict><resolution>NONE</resolution><address>900 Block of HOWARD ST</address><x>-122.40529891114</x><y>37.7811328608446</y><location human_address="{&quot;address&quot;:&quot;&quot;,&quot;city&quot;:&quot;&quot;,&quot;state&quot;:&quot;&quot;,&quot;zip&quot;:&quot;&quot;}" latitude="37.7811328608446" longitude="-122.40529891114" needs_recoding="false"/></row>