<?xml version="1.0" encoding="UTF-8"?><row _id="12658922" _uuid="BF730322-7625-49C0-9133-79C58C1F411A" _position="12658922" _address="http://data.sfgov.org/resource/ritf-b9ki/12658922"><incidntnum>150998206</incidntnum><category>SEX OFFENSES, FORCIBLE</category><descript>SEXUAL ASSAULT, AGGRAVATED, OF CHILD</descript><dayofweek>Friday</dayofweek><date>2015-05-15T00:00:00</date><time>12:00</time><pddistrict>PARK</pddistrict><resolution>NONE</resolution><address>1400 Block of SCOTT ST</address><x>-122.437674432179</x><y>37.7832091367301</y><location human_address="{&quot;address&quot;:&quot;&quot;,&quot;city&quot;:&quot;&quot;,&quot;state&quot;:&quot;&quot;,&quot;zip&quot;:&quot;&quot;}" latitude="37.7832091367301" longitude="-122.437674432179" needs_recoding="false"/></row>