<?xml version="1.0" encoding="UTF-8"?><row _id="12582403" _uuid="FE650252-814C-4E01-B82D-C28A0B72D0D9" _position="12582403" _address="http://data.sfgov.org/resource/ritf-b9ki/12582403"><incidntnum>150418464</incidntnum><category>WARRANTS</category><descript>ENROUTE TO OUTSIDE JURISDICTION</descript><dayofweek>Thursday</dayofweek><date>2015-05-14T00:00:00</date><time>07:33</time><pddistrict>BAYVIEW</pddistrict><resolution>ARREST, BOOKED</resolution><address>1400 Block of MENDELL ST</address><x>-122.390577977348</x><y>37.7342439948771</y><location human_address="{&quot;address&quot;:&quot;&quot;,&quot;city&quot;:&quot;&quot;,&quot;state&quot;:&quot;&quot;,&quot;zip&quot;:&quot;&quot;}" latitude="37.7342439948771" longitude="-122.390577977348" needs_recoding="false"/></row>