<?xml version="1.0" encoding="UTF-8"?><row _id="12578927" _uuid="B84BCCCE-E39D-4DA9-BE7A-09F8C6754E4C" _position="12578927" _address="http://data.sfgov.org/resource/ritf-b9ki/12578927"><incidntnum>150422415</incidntnum><category>FRAUD</category><descript>CREDIT CARD, THEFT BY USE OF</descript><dayofweek>Monday</dayofweek><date>2015-05-11T00:00:00</date><time>11:00</time><pddistrict>MISSION</pddistrict><resolution>NONE</resolution><address>400 Block of DOLORES ST</address><x>-122.426341418233</x><y>37.7625793109203</y><location human_address="{&quot;address&quot;:&quot;&quot;,&quot;city&quot;:&quot;&quot;,&quot;state&quot;:&quot;&quot;,&quot;zip&quot;:&quot;&quot;}" latitude="37.7625793109203" longitude="-122.426341418233" needs_recoding="false"/></row>