<?xml version="1.0" encoding="UTF-8"?><row _id="12584939" _uuid="124E6433-1B93-4830-B615-6FE5D1199AAF" _position="12584939" _address="http://data.sfgov.org/resource/ritf-b9ki/12584939"><incidntnum>150437981</incidntnum><category>STOLEN PROPERTY</category><descript>STOLEN PROPERTY, POSSESSION WITH KNOWLEDGE, RECEIVING</descript><dayofweek>Tuesday</dayofweek><date>2015-05-19T00:00:00</date><time>23:49</time><pddistrict>TARAVAL</pddistrict><resolution>ARREST, BOOKED</resolution><address>400 Block of WAWONA ST</address><x>-122.47262773374</x><y>37.7375193250045</y><location human_address="{&quot;address&quot;:&quot;&quot;,&quot;city&quot;:&quot;&quot;,&quot;state&quot;:&quot;&quot;,&quot;zip&quot;:&quot;&quot;}" latitude="37.7375193250045" longitude="-122.47262773374" needs_recoding="false"/></row>