<?xml version="1.0" encoding="UTF-8"?><row _id="12573276" _uuid="439859BE-83AA-4B77-BDFA-93FFEECCC04B" _position="12573276" _address="http://data.sfgov.org/resource/ritf-b9ki/12573276"><incidntnum>156111905</incidntnum><category>LARCENY/THEFT</category><descript>GRAND THEFT FROM LOCKED AUTO</descript><dayofweek>Friday</dayofweek><date>2015-05-08T00:00:00</date><time>18:45</time><pddistrict>SOUTHERN</pddistrict><resolution>NONE</resolution><address>FOLSOM ST / DORE ST</address><x>-122.412226329199</x><y>37.7732855303603</y><location human_address="{&quot;address&quot;:&quot;&quot;,&quot;city&quot;:&quot;&quot;,&quot;state&quot;:&quot;&quot;,&quot;zip&quot;:&quot;&quot;}" latitude="37.7732855303603" longitude="-122.412226329199" needs_recoding="false"/></row>