<?xml version="1.0" encoding="UTF-8"?><row _id="12572254" _uuid="53A01047-96CB-4ECD-A47C-61D7CB90EC31" _position="12572254" _address="http://data.sfgov.org/resource/ritf-b9ki/12572254"><incidntnum>150410432</incidntnum><category>ASSAULT</category><descript>BATTERY</descript><dayofweek>Monday</dayofweek><date>2015-05-11T00:00:00</date><time>17:11</time><pddistrict>SOUTHERN</pddistrict><resolution>NONE</resolution><address>MARKET ST / 11TH ST</address><x>-122.418698328939</x><y>37.7755894130051</y><location human_address="{&quot;address&quot;:&quot;&quot;,&quot;city&quot;:&quot;&quot;,&quot;state&quot;:&quot;&quot;,&quot;zip&quot;:&quot;&quot;}" latitude="37.7755894130051" longitude="-122.418698328939" needs_recoding="false"/></row>