<?xml version="1.0" encoding="UTF-8"?><row _id="12571735" _uuid="21AA1145-5E57-4D67-9286-C7189A65FE6C" _position="12571735" _address="http://data.sfgov.org/resource/ritf-b9ki/12571735"><incidntnum>150392874</incidntnum><category>VEHICLE THEFT</category><descript>STOLEN AUTOMOBILE</descript><dayofweek>Wednesday</dayofweek><date>2015-05-06T00:00:00</date><time>02:00</time><pddistrict>SOUTHERN</pddistrict><resolution>NONE</resolution><address>HARRISON ST / 2ND ST</address><x>-122.395163154488</x><y>37.7843096998676</y><location human_address="{&quot;address&quot;:&quot;&quot;,&quot;city&quot;:&quot;&quot;,&quot;state&quot;:&quot;&quot;,&quot;zip&quot;:&quot;&quot;}" latitude="37.7843096998676" longitude="-122.395163154488" needs_recoding="false"/></row>