<?xml version="1.0" encoding="UTF-8"?><row _id="12578055" _uuid="7AE8B0C3-E0D8-4CE2-860A-1F24874B8A75" _position="12578055" _address="http://data.sfgov.org/resource/ritf-b9ki/12578055"><incidntnum>150404849</incidntnum><category>OTHER OFFENSES</category><descript>MISCELLANEOUS INVESTIGATION</descript><dayofweek>Saturday</dayofweek><date>2015-05-09T00:00:00</date><time>16:29</time><pddistrict>MISSION</pddistrict><resolution>NONE</resolution><address>500 Block of DIAMOND ST</address><x>-122.436559386518</x><y>37.7531455522676</y><location human_address="{&quot;address&quot;:&quot;&quot;,&quot;city&quot;:&quot;&quot;,&quot;state&quot;:&quot;&quot;,&quot;zip&quot;:&quot;&quot;}" latitude="37.7531455522676" longitude="-122.436559386518" needs_recoding="false"/></row>