<?xml version="1.0" encoding="UTF-8"?><row _id="12571822" _uuid="1785B3C0-1B26-4DAF-8357-DCA6971F8C3F" _position="12571822" _address="http://data.sfgov.org/resource/ritf-b9ki/12571822"><incidntnum>150395969</incidntnum><category>OTHER OFFENSES</category><descript>DRIVERS LICENSE, SUSPENDED OR REVOKED</descript><dayofweek>Thursday</dayofweek><date>2015-05-07T00:00:00</date><time>04:03</time><pddistrict>INGLESIDE</pddistrict><resolution>ARREST, BOOKED</resolution><address>MISSION ST / EXCELSIOR AV</address><x>-122.433623421746</x><y>37.7262358304722</y><location human_address="{&quot;address&quot;:&quot;&quot;,&quot;city&quot;:&quot;&quot;,&quot;state&quot;:&quot;&quot;,&quot;zip&quot;:&quot;&quot;}" latitude="37.7262358304722" longitude="-122.433623421746" needs_recoding="false"/></row>