<?xml version="1.0" encoding="UTF-8"?><row _id="12583667" _uuid="1AB33B36-E2D5-4165-9E4D-42F43E73BD93" _position="12583667" _address="http://data.sfgov.org/resource/ritf-b9ki/12583667"><incidntnum>150425641</incidntnum><category>NON-CRIMINAL</category><descript>AIDED CASE -PROPERTY FOR DESTRUCTION</descript><dayofweek>Saturday</dayofweek><date>2015-05-16T00:00:00</date><time>12:30</time><pddistrict>RICHMOND</pddistrict><resolution>NONE</resolution><address>400 Block of 6TH AV</address><x>-122.464279879446</x><y>37.7800332991006</y><location human_address="{&quot;address&quot;:&quot;&quot;,&quot;city&quot;:&quot;&quot;,&quot;state&quot;:&quot;&quot;,&quot;zip&quot;:&quot;&quot;}" latitude="37.7800332991006" longitude="-122.464279879446" needs_recoding="false"/></row>