<?xml version="1.0" encoding="UTF-8"?><row _id="12580771" _uuid="FFDFC45C-2492-4C89-A116-43175F88ABD8" _position="12580771" _address="http://data.sfgov.org/resource/ritf-b9ki/12580771"><incidntnum>150411355</incidntnum><category>MISSING PERSON</category><descript>MISSING JUVENILE</descript><dayofweek>Monday</dayofweek><date>2015-05-11T00:00:00</date><time>11:00</time><pddistrict>INGLESIDE</pddistrict><resolution>NONE</resolution><address>200 Block of CAYUGA AV</address><x>-122.433421886296</x><y>37.7303897123459</y><location human_address="{&quot;address&quot;:&quot;&quot;,&quot;city&quot;:&quot;&quot;,&quot;state&quot;:&quot;&quot;,&quot;zip&quot;:&quot;&quot;}" latitude="37.7303897123459" longitude="-122.433421886296" needs_recoding="false"/></row>