<?xml version="1.0" encoding="UTF-8"?><row _id="12578430" _uuid="90AB7FA3-BDB5-48A3-B36D-81A75FB00949" _position="12578430" _address="http://data.sfgov.org/resource/ritf-b9ki/12578430"><incidntnum>150410880</incidntnum><category>NON-CRIMINAL</category><descript>AIDED CASE, MENTAL DISTURBED</descript><dayofweek>Monday</dayofweek><date>2015-05-11T00:00:00</date><time>19:19</time><pddistrict>SOUTHERN</pddistrict><resolution>NONE</resolution><address>300 Block of 4TH ST</address><x>-122.399833846531</x><y>37.7810432179334</y><location human_address="{&quot;address&quot;:&quot;&quot;,&quot;city&quot;:&quot;&quot;,&quot;state&quot;:&quot;&quot;,&quot;zip&quot;:&quot;&quot;}" latitude="37.7810432179334" longitude="-122.399833846531" needs_recoding="false"/></row>