<?xml version="1.0" encoding="UTF-8"?><row _id="12572237" _uuid="96C7F0C7-ED80-4014-80FF-3872FEF53642" _position="12572237" _address="http://data.sfgov.org/resource/ritf-b9ki/12572237"><incidntnum>150409479</incidntnum><category>NON-CRIMINAL</category><descript>AIDED CASE, MENTAL DISTURBED</descript><dayofweek>Monday</dayofweek><date>2015-05-11T00:00:00</date><time>12:30</time><pddistrict>CENTRAL</pddistrict><resolution>NONE</resolution><address>CLAY ST / DRUMM ST</address><x>-122.39677370876</x><y>37.7954664098031</y><location human_address="{&quot;address&quot;:&quot;&quot;,&quot;city&quot;:&quot;&quot;,&quot;state&quot;:&quot;&quot;,&quot;zip&quot;:&quot;&quot;}" latitude="37.7954664098031" longitude="-122.39677370876" needs_recoding="false"/></row>