<?xml version="1.0" encoding="UTF-8"?><row _id="12583005" _uuid="3459B525-AF7A-4272-BFCA-F5CC2FC29211" _position="12583005" _address="http://data.sfgov.org/resource/ritf-b9ki/12583005"><incidntnum>150422716</incidntnum><category>OTHER OFFENSES</category><descript>RESISTING ARREST</descript><dayofweek>Friday</dayofweek><date>2015-05-15T00:00:00</date><time>11:10</time><pddistrict>MISSION</pddistrict><resolution>ARREST, BOOKED</resolution><address>2900 Block of 19TH ST</address><x>-122.411346390261</x><y>37.7604595002625</y><location human_address="{&quot;address&quot;:&quot;&quot;,&quot;city&quot;:&quot;&quot;,&quot;state&quot;:&quot;&quot;,&quot;zip&quot;:&quot;&quot;}" latitude="37.7604595002625" longitude="-122.411346390261" needs_recoding="false"/></row>