<?xml version="1.0" encoding="UTF-8"?><row _id="12586551" _uuid="DF8F3AF8-E9BC-4BAB-A9FE-590E52585FD3" _position="12586551" _address="http://data.sfgov.org/resource/ritf-b9ki/12586551"><incidntnum>150451492</incidntnum><category>NON-CRIMINAL</category><descript>AIDED CASE, MENTAL DISTURBED</descript><dayofweek>Saturday</dayofweek><date>2015-05-23T00:00:00</date><time>23:59</time><pddistrict>CENTRAL</pddistrict><resolution>NONE</resolution><address>800 Block of PINE ST</address><x>-122.409804474418</x><y>37.7909286115977</y><location human_address="{&quot;address&quot;:&quot;&quot;,&quot;city&quot;:&quot;&quot;,&quot;state&quot;:&quot;&quot;,&quot;zip&quot;:&quot;&quot;}" latitude="37.7909286115977" longitude="-122.409804474418" needs_recoding="false"/></row>