<?xml version="1.0" encoding="UTF-8"?><row _id="12578747" _uuid="CAB2D9EC-F9B2-4DA3-9803-1BDB2A27D06B" _position="12578747" _address="http://data.sfgov.org/resource/ritf-b9ki/12578747"><incidntnum>150416076</incidntnum><category>KIDNAPPING</category><descript>FALSE IMPRISONMENT</descript><dayofweek>Wednesday</dayofweek><date>2015-05-13T00:00:00</date><time>12:21</time><pddistrict>INGLESIDE</pddistrict><resolution>ARREST, BOOKED</resolution><address>1500 Block of DOLORES ST</address><x>-122.424347725679</x><y>37.7450456172368</y><location human_address="{&quot;address&quot;:&quot;&quot;,&quot;city&quot;:&quot;&quot;,&quot;state&quot;:&quot;&quot;,&quot;zip&quot;:&quot;&quot;}" latitude="37.7450456172368" longitude="-122.424347725679" needs_recoding="false"/></row>