<?xml version="1.0" encoding="UTF-8"?><row _id="12585157" _uuid="2EB9056D-2D8F-4628-8213-5529ACE0854F" _position="12585157" _address="http://data.sfgov.org/resource/ritf-b9ki/12585157"><incidntnum>150440586</incidntnum><category>FRAUD</category><descript>CREDIT CARD, THEFT BY USE OF</descript><dayofweek>Wednesday</dayofweek><date>2015-05-20T00:00:00</date><time>13:10</time><pddistrict>BAYVIEW</pddistrict><resolution>NONE</resolution><address>800 Block of DEHARO ST</address><x>-122.401103224031</x><y>37.7589134434313</y><location human_address="{&quot;address&quot;:&quot;&quot;,&quot;city&quot;:&quot;&quot;,&quot;state&quot;:&quot;&quot;,&quot;zip&quot;:&quot;&quot;}" latitude="37.7589134434313" longitude="-122.401103224031" needs_recoding="false"/></row>