<?xml version="1.0" encoding="UTF-8"?><row _id="12582554" _uuid="730544BF-5495-497B-97DA-92DCB8D48824" _position="12582554" _address="http://data.sfgov.org/resource/ritf-b9ki/12582554"><incidntnum>150419296</incidntnum><category>WARRANTS</category><descript>WARRANT ARREST</descript><dayofweek>Thursday</dayofweek><date>2015-05-14T00:00:00</date><time>12:19</time><pddistrict>BAYVIEW</pddistrict><resolution>NONE</resolution><address>800 Block of JAMESTOWN AV</address><x>-122.390320616729</x><y>37.7165863993193</y><location human_address="{&quot;address&quot;:&quot;&quot;,&quot;city&quot;:&quot;&quot;,&quot;state&quot;:&quot;&quot;,&quot;zip&quot;:&quot;&quot;}" latitude="37.7165863993193" longitude="-122.390320616729" needs_recoding="false"/></row>