<?xml version="1.0" encoding="UTF-8"?><row _id="12583836" _uuid="27B92578-7721-42E5-B7C4-105C3BB833E2" _position="12583836" _address="http://data.sfgov.org/resource/ritf-b9ki/12583836"><incidntnum>150428156</incidntnum><category>OTHER OFFENSES</category><descript>TRAFFIC VIOLATION ARREST</descript><dayofweek>Sunday</dayofweek><date>2015-05-17T00:00:00</date><time>03:17</time><pddistrict>TENDERLOIN</pddistrict><resolution>ARREST, BOOKED</resolution><address>100 Block of LEAVENWORTH ST</address><x>-122.413893155951</x><y>37.782346520673</y><location human_address="{&quot;address&quot;:&quot;&quot;,&quot;city&quot;:&quot;&quot;,&quot;state&quot;:&quot;&quot;,&quot;zip&quot;:&quot;&quot;}" latitude="37.782346520673" longitude="-122.413893155951" needs_recoding="false"/></row>