<?xml version="1.0" encoding="UTF-8"?><row _id="12583314" _uuid="B042132D-C8A8-4292-9994-4FAAA9362EB9" _position="12583314" _address="http://data.sfgov.org/resource/ritf-b9ki/12583314"><incidntnum>156115634</incidntnum><category>NON-CRIMINAL</category><descript>LOST PROPERTY</descript><dayofweek>Wednesday</dayofweek><date>2015-05-13T00:00:00</date><time>11:50</time><pddistrict>SOUTHERN</pddistrict><resolution>NONE</resolution><address>THE EMBARCADERONORTH ST / MARKET ST</address><x>-122.393983685228</x><y>37.795060765295</y><location human_address="{&quot;address&quot;:&quot;&quot;,&quot;city&quot;:&quot;&quot;,&quot;state&quot;:&quot;&quot;,&quot;zip&quot;:&quot;&quot;}" latitude="37.795060765295" longitude="-122.393983685228" needs_recoding="false"/></row>