<?xml version="1.0" encoding="UTF-8"?><row _id="12582585" _uuid="337F5ED5-CD7F-4DD6-BAE8-94344767D0DA" _position="12582585" _address="http://data.sfgov.org/resource/ritf-b9ki/12582585"><incidntnum>150423861</incidntnum><category>VEHICLE THEFT</category><descript>STOLEN AUTOMOBILE</descript><dayofweek>Thursday</dayofweek><date>2015-05-14T00:00:00</date><time>09:00</time><pddistrict>BAYVIEW</pddistrict><resolution>NONE</resolution><address>0 Block of CHARTEROAK AV</address><x>-122.404686545316</x><y>37.7365866116543</y><location human_address="{&quot;address&quot;:&quot;&quot;,&quot;city&quot;:&quot;&quot;,&quot;state&quot;:&quot;&quot;,&quot;zip&quot;:&quot;&quot;}" latitude="37.7365866116543" longitude="-122.404686545316" needs_recoding="false"/></row>