<?xml version="1.0" encoding="UTF-8"?><row _id="12577827" _uuid="B70AA282-5244-47B0-A8EF-7DDD2B733B19" _position="12577827" _address="http://data.sfgov.org/resource/ritf-b9ki/12577827"><incidntnum>150400609</incidntnum><category>LARCENY/THEFT</category><descript>GRAND THEFT PICKPOCKET</descript><dayofweek>Thursday</dayofweek><date>2015-05-07T00:00:00</date><time>23:30</time><pddistrict>MISSION</pddistrict><resolution>NONE</resolution><address>2300 Block of MARKET ST</address><x>-122.434229003953</x><y>37.7634850137846</y><location human_address="{&quot;address&quot;:&quot;&quot;,&quot;city&quot;:&quot;&quot;,&quot;state&quot;:&quot;&quot;,&quot;zip&quot;:&quot;&quot;}" latitude="37.7634850137846" longitude="-122.434229003953" needs_recoding="false"/></row>