<?xml version="1.0" encoding="UTF-8"?><row _id="12578186" _uuid="36A0A131-87D4-44E2-94F6-67847DCE153E" _position="12578186" _address="http://data.sfgov.org/resource/ritf-b9ki/12578186"><incidntnum>150406657</incidntnum><category>OTHER OFFENSES</category><descript>RESISTING ARREST</descript><dayofweek>Sunday</dayofweek><date>2015-05-10T00:00:00</date><time>09:45</time><pddistrict>CENTRAL</pddistrict><resolution>ARREST, BOOKED</resolution><address>1100 Block of CALIFORNIA ST</address><x>-122.413288872508</x><y>37.7914655329997</y><location human_address="{&quot;address&quot;:&quot;&quot;,&quot;city&quot;:&quot;&quot;,&quot;state&quot;:&quot;&quot;,&quot;zip&quot;:&quot;&quot;}" latitude="37.7914655329997" longitude="-122.413288872508" needs_recoding="false"/></row>