<?xml version="1.0" encoding="UTF-8"?><row _id="12590465" _uuid="3226CB8A-452A-402F-BC23-1D012CCFF9AF" _position="12590465" _address="http://data.sfgov.org/resource/ritf-b9ki/12590465"><incidntnum>150479626</incidntnum><category>ASSAULT</category><descript>AGGRAVATED ASSAULT WITH A DEADLY WEAPON</descript><dayofweek>Monday</dayofweek><date>2015-06-01T00:00:00</date><time>21:30</time><pddistrict>BAYVIEW</pddistrict><resolution>ARREST, BOOKED</resolution><address>1800 Block of 25TH ST</address><x>-122.397486915671</x><y>37.752197092814</y><location human_address="{&quot;address&quot;:&quot;&quot;,&quot;city&quot;:&quot;&quot;,&quot;state&quot;:&quot;&quot;,&quot;zip&quot;:&quot;&quot;}" latitude="37.752197092814" longitude="-122.397486915671" needs_recoding="false"/></row>