<?xml version="1.0" encoding="UTF-8"?><row _id="12583296" _uuid="3396261B-E8EC-4C60-8825-3FD379191166" _position="12583296" _address="http://data.sfgov.org/resource/ritf-b9ki/12583296"><incidntnum>150440166</incidntnum><category>VANDALISM</category><descript>MALICIOUS MISCHIEF, VANDALISM OF VEHICLES</descript><dayofweek>Saturday</dayofweek><date>2015-05-16T00:00:00</date><time>23:00</time><pddistrict>INGLESIDE</pddistrict><resolution>NONE</resolution><address>SILVER AV / MISSION ST</address><x>-122.431295002963</x><y>37.7287297938303</y><location human_address="{&quot;address&quot;:&quot;&quot;,&quot;city&quot;:&quot;&quot;,&quot;state&quot;:&quot;&quot;,&quot;zip&quot;:&quot;&quot;}" latitude="37.7287297938303" longitude="-122.431295002963" needs_recoding="false"/></row>