<?xml version="1.0" encoding="UTF-8"?><row _id="12589851" _uuid="D578061B-0C9A-494A-99A4-2E16CEC999A5" _position="12589851" _address="http://data.sfgov.org/resource/ritf-b9ki/12589851"><incidntnum>150497703</incidntnum><category>OTHER OFFENSES</category><descript>FRAUDULENT GAME OR TRICK, OBTAINING MONEY OR PROPERTY</descript><dayofweek>Sunday</dayofweek><date>2015-05-10T00:00:00</date><time>12:00</time><pddistrict>NORTHERN</pddistrict><resolution>NONE</resolution><address>0 Block of CHURCH ST</address><x>-122.429110027872</x><y>37.7698988323411</y><location human_address="{&quot;address&quot;:&quot;&quot;,&quot;city&quot;:&quot;&quot;,&quot;state&quot;:&quot;&quot;,&quot;zip&quot;:&quot;&quot;}" latitude="37.7698988323411" longitude="-122.429110027872" needs_recoding="false"/></row>