<?xml version="1.0" encoding="UTF-8"?><row _id="12572351" _uuid="9761AC22-BFC9-4516-BA0A-321ACE57F6DE" _position="12572351" _address="http://data.sfgov.org/resource/ritf-b9ki/12572351"><incidntnum>150413709</incidntnum><category>OTHER OFFENSES</category><descript>DRIVERS LICENSE, SUSPENDED OR REVOKED</descript><dayofweek>Tuesday</dayofweek><date>2015-05-12T00:00:00</date><time>17:09</time><pddistrict>SOUTHERN</pddistrict><resolution>ARREST, BOOKED</resolution><address>2ND ST / HARRISON ST</address><x>-122.395163154488</x><y>37.7843096998676</y><location human_address="{&quot;address&quot;:&quot;&quot;,&quot;city&quot;:&quot;&quot;,&quot;state&quot;:&quot;&quot;,&quot;zip&quot;:&quot;&quot;}" latitude="37.7843096998676" longitude="-122.395163154488" needs_recoding="false"/></row>