<?xml version="1.0" encoding="UTF-8"?><row _id="12589896" _uuid="0FCC03D4-2633-476C-BBAC-62875C1E453E" _position="12589896" _address="http://data.sfgov.org/resource/ritf-b9ki/12589896"><incidntnum>150474369</incidntnum><category>DISORDERLY CONDUCT</category><descript>COMMITTING PUBLIC NUISANCE</descript><dayofweek>Sunday</dayofweek><date>2015-05-31T00:00:00</date><time>09:17</time><pddistrict>SOUTHERN</pddistrict><resolution>ARREST, BOOKED</resolution><address>8TH ST / BRANNAN ST</address><x>-122.405427162783</x><y>37.7712969876277</y><location human_address="{&quot;address&quot;:&quot;&quot;,&quot;city&quot;:&quot;&quot;,&quot;state&quot;:&quot;&quot;,&quot;zip&quot;:&quot;&quot;}" latitude="37.7712969876277" longitude="-122.405427162783" needs_recoding="false"/></row>