<?xml version="1.0" encoding="UTF-8"?><row _id="12588382" _uuid="A61BA44C-C9A0-4247-96AE-517B398F0980" _position="12588382" _address="http://data.sfgov.org/resource/ritf-b9ki/12588382"><incidntnum>156132644</incidntnum><category>LARCENY/THEFT</category><descript>GRAND THEFT OF PROPERTY</descript><dayofweek>Wednesday</dayofweek><date>2015-05-27T00:00:00</date><time>17:30</time><pddistrict>TENDERLOIN</pddistrict><resolution>NONE</resolution><address>100 Block of POWELL ST</address><x>-122.407877787733</x><y>37.7859680076775</y><location human_address="{&quot;address&quot;:&quot;&quot;,&quot;city&quot;:&quot;&quot;,&quot;state&quot;:&quot;&quot;,&quot;zip&quot;:&quot;&quot;}" latitude="37.7859680076775" longitude="-122.407877787733" needs_recoding="false"/></row>