<?xml version="1.0" encoding="UTF-8"?><row _id="12578179" _uuid="03DF92B5-5622-44D6-9E88-BE2E90E5DB93" _position="12578179" _address="http://data.sfgov.org/resource/ritf-b9ki/12578179"><incidntnum>150406588</incidntnum><category>DRUG/NARCOTIC</category><descript>POSSESSION OF CONTROLLED SUBSTANCE</descript><dayofweek>Sunday</dayofweek><date>2015-05-10T00:00:00</date><time>09:24</time><pddistrict>INGLESIDE</pddistrict><resolution>ARREST, BOOKED</resolution><address>4100 Block of MISSION ST</address><x>-122.429614852533</x><y>37.730269701982</y><location human_address="{&quot;address&quot;:&quot;&quot;,&quot;city&quot;:&quot;&quot;,&quot;state&quot;:&quot;&quot;,&quot;zip&quot;:&quot;&quot;}" latitude="37.730269701982" longitude="-122.429614852533" needs_recoding="false"/></row>