<?xml version="1.0" encoding="UTF-8"?><row _id="12571953" _uuid="360FCE8B-B61F-46F6-A39F-CCEF70395E29" _position="12571953" _address="http://data.sfgov.org/resource/ritf-b9ki/12571953"><incidntnum>150400411</incidntnum><category>NON-CRIMINAL</category><descript>AIDED CASE, MENTAL DISTURBED</descript><dayofweek>Friday</dayofweek><date>2015-05-08T00:00:00</date><time>07:53</time><pddistrict>PARK</pddistrict><resolution>NONE</resolution><address>ASHBURY ST / WALLER ST</address><x>-122.446746271794</x><y>37.7690753300241</y><location human_address="{&quot;address&quot;:&quot;&quot;,&quot;city&quot;:&quot;&quot;,&quot;state&quot;:&quot;&quot;,&quot;zip&quot;:&quot;&quot;}" latitude="37.7690753300241" longitude="-122.446746271794" needs_recoding="false"/></row>