<?xml version="1.0" encoding="UTF-8"?><row _id="12580713" _uuid="7E806068-95CC-44F2-8920-54D3261D0584" _position="12580713" _address="http://data.sfgov.org/resource/ritf-b9ki/12580713"><incidntnum>150403540</incidntnum><category>NON-CRIMINAL</category><descript>FOUND PROPERTY</descript><dayofweek>Saturday</dayofweek><date>2015-05-09T00:00:00</date><time>06:50</time><pddistrict>TENDERLOIN</pddistrict><resolution>NONE</resolution><address>100 Block of JONES ST</address><x>-122.412249767634</x><y>37.782556330202</y><location human_address="{&quot;address&quot;:&quot;&quot;,&quot;city&quot;:&quot;&quot;,&quot;state&quot;:&quot;&quot;,&quot;zip&quot;:&quot;&quot;}" latitude="37.782556330202" longitude="-122.412249767634" needs_recoding="false"/></row>