<?xml version="1.0" encoding="UTF-8"?><row _id="12584979" _uuid="D9815631-35D8-4531-8605-F103E7C1653A" _position="12584979" _address="http://data.sfgov.org/resource/ritf-b9ki/12584979"><incidntnum>150439921</incidntnum><category>OTHER OFFENSES</category><descript>DRIVERS LICENSE, SUSPENDED OR REVOKED</descript><dayofweek>Wednesday</dayofweek><date>2015-05-20T00:00:00</date><time>04:12</time><pddistrict>SOUTHERN</pddistrict><resolution>ARREST, BOOKED</resolution><address>2ND ST / BRYANT ST</address><x>-122.393622739343</x><y>37.7830791191471</y><location human_address="{&quot;address&quot;:&quot;&quot;,&quot;city&quot;:&quot;&quot;,&quot;state&quot;:&quot;&quot;,&quot;zip&quot;:&quot;&quot;}" latitude="37.7830791191471" longitude="-122.393622739343" needs_recoding="false"/></row>