<?xml version="1.0" encoding="UTF-8"?><row _id="12578396" _uuid="72AE980E-EE50-4CE7-8D00-3F66D8B023F9" _position="12578396" _address="http://data.sfgov.org/resource/ritf-b9ki/12578396"><incidntnum>150410410</incidntnum><category>LARCENY/THEFT</category><descript>PETTY THEFT SHOPLIFTING</descript><dayofweek>Monday</dayofweek><date>2015-05-11T00:00:00</date><time>14:46</time><pddistrict>CENTRAL</pddistrict><resolution>NONE</resolution><address>200 Block of POST ST</address><x>-122.406000218489</x><y>37.7885406192723</y><location human_address="{&quot;address&quot;:&quot;&quot;,&quot;city&quot;:&quot;&quot;,&quot;state&quot;:&quot;&quot;,&quot;zip&quot;:&quot;&quot;}" latitude="37.7885406192723" longitude="-122.406000218489" needs_recoding="false"/></row>