<?xml version="1.0" encoding="UTF-8"?><row _id="12590128" _uuid="0F1B86F1-B422-45FF-BAA5-C431ED094A2C" _position="12590128" _address="http://data.sfgov.org/resource/ritf-b9ki/12590128"><incidntnum>150488558</incidntnum><category>LARCENY/THEFT</category><descript>PETTY THEFT FROM A BUILDING</descript><dayofweek>Sunday</dayofweek><date>2015-05-31T00:00:00</date><time>13:00</time><pddistrict>PARK</pddistrict><resolution>NONE</resolution><address>1800 Block of PAGE ST</address><x>-122.451236373142</x><y>37.7703598019817</y><location human_address="{&quot;address&quot;:&quot;&quot;,&quot;city&quot;:&quot;&quot;,&quot;state&quot;:&quot;&quot;,&quot;zip&quot;:&quot;&quot;}" latitude="37.7703598019817" longitude="-122.451236373142" needs_recoding="false"/></row>