<?xml version="1.0" encoding="UTF-8"?><row _id="12571978" _uuid="C5258A6E-16EB-496A-B7AE-AFD86C380AF2" _position="12571978" _address="http://data.sfgov.org/resource/ritf-b9ki/12571978"><incidntnum>150401594</incidntnum><category>LARCENY/THEFT</category><descript>GRAND THEFT PICKPOCKET</descript><dayofweek>Friday</dayofweek><date>2015-05-08T00:00:00</date><time>15:30</time><pddistrict>CENTRAL</pddistrict><resolution>NONE</resolution><address>STOCKTON ST / PACIFIC AV</address><x>-122.408433097286</x><y>37.7967039278443</y><location human_address="{&quot;address&quot;:&quot;&quot;,&quot;city&quot;:&quot;&quot;,&quot;state&quot;:&quot;&quot;,&quot;zip&quot;:&quot;&quot;}" latitude="37.7967039278443" longitude="-122.408433097286" needs_recoding="false"/></row>