<?xml version="1.0" encoding="UTF-8"?><row _id="12583648" _uuid="86564F78-BDCD-46BD-BA6A-23912B7F0C08" _position="12583648" _address="http://data.sfgov.org/resource/ritf-b9ki/12583648"><incidntnum>150424869</incidntnum><category>WEAPON LAWS</category><descript>FIREARM WITH ALTERED IDENTIFICATION</descript><dayofweek>Saturday</dayofweek><date>2015-05-16T00:00:00</date><time>01:50</time><pddistrict>NORTHERN</pddistrict><resolution>ARREST, BOOKED</resolution><address>GREENWICH ST / WEBSTER ST</address><x>-122.434227824983</x><y>37.7991596610394</y><location human_address="{&quot;address&quot;:&quot;&quot;,&quot;city&quot;:&quot;&quot;,&quot;state&quot;:&quot;&quot;,&quot;zip&quot;:&quot;&quot;}" latitude="37.7991596610394" longitude="-122.434227824983" needs_recoding="false"/></row>