<?xml version="1.0" encoding="UTF-8"?><row _id="12583797" _uuid="3047F29F-ED7A-4C89-AA07-22314EB5228F" _position="12583797" _address="http://data.sfgov.org/resource/ritf-b9ki/12583797"><incidntnum>156120150</incidntnum><category>LARCENY/THEFT</category><descript>GRAND THEFT FROM LOCKED AUTO</descript><dayofweek>Sunday</dayofweek><date>2015-05-17T00:00:00</date><time>19:40</time><pddistrict>CENTRAL</pddistrict><resolution>NONE</resolution><address>BAY ST / KEARNY ST</address><x>-122.407149304657</x><y>37.806426731679</y><location human_address="{&quot;address&quot;:&quot;&quot;,&quot;city&quot;:&quot;&quot;,&quot;state&quot;:&quot;&quot;,&quot;zip&quot;:&quot;&quot;}" latitude="37.806426731679" longitude="-122.407149304657" needs_recoding="false"/></row>