<?xml version="1.0" encoding="UTF-8"?><row _id="12586053" _uuid="67A8FC4B-B906-4414-AD12-1D6897E6B220" _position="12586053" _address="http://data.sfgov.org/resource/ritf-b9ki/12586053"><incidntnum>150447435</incidntnum><category>SUSPICIOUS OCC</category><descript>SUSPICIOUS OCCURRENCE</descript><dayofweek>Friday</dayofweek><date>2015-05-22T00:00:00</date><time>19:06</time><pddistrict>BAYVIEW</pddistrict><resolution>NONE</resolution><address>1500 Block of SHAFTER AV</address><x>-122.389768984951</x><y>37.7305636925712</y><location human_address="{&quot;address&quot;:&quot;&quot;,&quot;city&quot;:&quot;&quot;,&quot;state&quot;:&quot;&quot;,&quot;zip&quot;:&quot;&quot;}" latitude="37.7305636925712" longitude="-122.389768984951" needs_recoding="false"/></row>