<?xml version="1.0" encoding="UTF-8"?><row _id="12584496" _uuid="439DB89F-1D93-4A9D-B400-7F274516BEE6" _position="12584496" _address="http://data.sfgov.org/resource/ritf-b9ki/12584496"><incidntnum>150434539</incidntnum><category>MISSING PERSON</category><descript>FOUND PERSON</descript><dayofweek>Monday</dayofweek><date>2015-05-18T00:00:00</date><time>08:30</time><pddistrict>TARAVAL</pddistrict><resolution>NONE</resolution><address>100 Block of TARAVAL ST</address><x>-122.466458192036</x><y>37.743577781095</y><location human_address="{&quot;address&quot;:&quot;&quot;,&quot;city&quot;:&quot;&quot;,&quot;state&quot;:&quot;&quot;,&quot;zip&quot;:&quot;&quot;}" latitude="37.743577781095" longitude="-122.466458192036" needs_recoding="false"/></row>