<?xml version="1.0" encoding="UTF-8"?><row _id="12582501" _uuid="A6A62D5E-120C-42F5-8F1F-57B4C1CA76C8" _position="12582501" _address="http://data.sfgov.org/resource/ritf-b9ki/12582501"><incidntnum>150420958</incidntnum><category>LARCENY/THEFT</category><descript>PETTY THEFT FROM LOCKED AUTO</descript><dayofweek>Thursday</dayofweek><date>2015-05-14T00:00:00</date><time>17:45</time><pddistrict>NORTHERN</pddistrict><resolution>NONE</resolution><address>1700 Block of POST ST</address><x>-122.430600096373</x><y>37.7855207172313</y><location human_address="{&quot;address&quot;:&quot;&quot;,&quot;city&quot;:&quot;&quot;,&quot;state&quot;:&quot;&quot;,&quot;zip&quot;:&quot;&quot;}" latitude="37.7855207172313" longitude="-122.430600096373" needs_recoding="false"/></row>