<?xml version="1.0" encoding="UTF-8"?><row _id="12604742" _uuid="6A192C48-6F87-43A0-BA77-DAD56BD20373" _position="12604742" _address="http://data.sfgov.org/resource/ritf-b9ki/12604742"><incidntnum>156167801</incidntnum><category>LARCENY/THEFT</category><descript>GRAND THEFT FROM UNLOCKED AUTO</descript><dayofweek>Friday</dayofweek><date>2015-05-08T00:00:00</date><time>18:15</time><pddistrict>SOUTHERN</pddistrict><resolution>NONE</resolution><address>BRYANT ST / 5TH ST</address><x>-122.400302421513</x><y>37.7777992290419</y><location human_address="{&quot;address&quot;:&quot;&quot;,&quot;city&quot;:&quot;&quot;,&quot;state&quot;:&quot;&quot;,&quot;zip&quot;:&quot;&quot;}" latitude="37.7777992290419" longitude="-122.400302421513" needs_recoding="false"/></row>