<?xml version="1.0" encoding="UTF-8"?><row _id="12578753" _uuid="D17C7C43-E94E-48C2-99AF-7A06D3E423DA" _position="12578753" _address="http://data.sfgov.org/resource/ritf-b9ki/12578753"><incidntnum>150416242</incidntnum><category>ROBBERY</category><descript>ROBBERY OF A CHAIN STORE WITH A DANGEROUS WEAPON</descript><dayofweek>Wednesday</dayofweek><date>2015-05-13T00:00:00</date><time>13:58</time><pddistrict>CENTRAL</pddistrict><resolution>JUVENILE BOOKED</resolution><address>300 Block of BAY ST</address><x>-122.412803753</x><y>37.8057739875696</y><location human_address="{&quot;address&quot;:&quot;&quot;,&quot;city&quot;:&quot;&quot;,&quot;state&quot;:&quot;&quot;,&quot;zip&quot;:&quot;&quot;}" latitude="37.8057739875696" longitude="-122.412803753" needs_recoding="false"/></row>