<?xml version="1.0" encoding="UTF-8"?><row _id="12579838" _uuid="9356EB7E-27B3-46BC-A3BF-176B5DA20DB8" _position="12579838" _address="http://data.sfgov.org/resource/ritf-b9ki/12579838"><incidntnum>156112561</incidntnum><category>LARCENY/THEFT</category><descript>GRAND THEFT FROM LOCKED AUTO</descript><dayofweek>Sunday</dayofweek><date>2015-05-10T00:00:00</date><time>00:01</time><pddistrict>SOUTHERN</pddistrict><resolution>NONE</resolution><address>1400 Block of HOWARD ST</address><x>-122.414927187814</x><y>37.773523978923</y><location human_address="{&quot;address&quot;:&quot;&quot;,&quot;city&quot;:&quot;&quot;,&quot;state&quot;:&quot;&quot;,&quot;zip&quot;:&quot;&quot;}" latitude="37.773523978923" longitude="-122.414927187814" needs_recoding="false"/></row>