<?xml version="1.0" encoding="UTF-8"?><row _id="12583861" _uuid="5602D3C7-2190-43E5-ADE6-58B0B3190E58" _position="12583861" _address="http://data.sfgov.org/resource/ritf-b9ki/12583861"><incidntnum>150428338</incidntnum><category>WARRANTS</category><descript>WARRANT ARREST</descript><dayofweek>Sunday</dayofweek><date>2015-05-17T00:00:00</date><time>05:25</time><pddistrict>MISSION</pddistrict><resolution>ARREST, BOOKED</resolution><address>3900 Block of 17TH ST</address><x>-122.434659092708</x><y>37.762462765244</y><location human_address="{&quot;address&quot;:&quot;&quot;,&quot;city&quot;:&quot;&quot;,&quot;state&quot;:&quot;&quot;,&quot;zip&quot;:&quot;&quot;}" latitude="37.762462765244" longitude="-122.434659092708" needs_recoding="false"/></row>