<?xml version="1.0" encoding="UTF-8"?><row _id="12578506" _uuid="9D90CFC7-3A10-4E0A-951A-3BE7A75E43DC" _position="12578506" _address="http://data.sfgov.org/resource/ritf-b9ki/12578506"><incidntnum>150412256</incidntnum><category>ASSAULT</category><descript>BATTERY</descript><dayofweek>Tuesday</dayofweek><date>2015-05-12T00:00:00</date><time>09:15</time><pddistrict>MISSION</pddistrict><resolution>ARREST, BOOKED</resolution><address>100 Block of EUREKA ST</address><x>-122.438256384623</x><y>37.7598729839802</y><location human_address="{&quot;address&quot;:&quot;&quot;,&quot;city&quot;:&quot;&quot;,&quot;state&quot;:&quot;&quot;,&quot;zip&quot;:&quot;&quot;}" latitude="37.7598729839802" longitude="-122.438256384623" needs_recoding="false"/></row>