<?xml version="1.0" encoding="UTF-8"?><row _id="12578209" _uuid="BDD51AED-71CC-42A6-ABC7-895C75124F99" _position="12578209" _address="http://data.sfgov.org/resource/ritf-b9ki/12578209"><incidntnum>150407069</incidntnum><category>NON-CRIMINAL</category><descript>LOST PROPERTY</descript><dayofweek>Friday</dayofweek><date>2015-05-08T00:00:00</date><time>22:00</time><pddistrict>TARAVAL</pddistrict><resolution>NONE</resolution><address>0 Block of WESTPORTAL AV</address><x>-122.466448582438</x><y>37.7403329886376</y><location human_address="{&quot;address&quot;:&quot;&quot;,&quot;city&quot;:&quot;&quot;,&quot;state&quot;:&quot;&quot;,&quot;zip&quot;:&quot;&quot;}" latitude="37.7403329886376" longitude="-122.466448582438" needs_recoding="false"/></row>