<?xml version="1.0" encoding="UTF-8"?><row _id="12582894" _uuid="5DDA3A47-6FE2-4213-92C8-A9244B331589" _position="12582894" _address="http://data.sfgov.org/resource/ritf-b9ki/12582894"><incidntnum>150424239</incidntnum><category>NON-CRIMINAL</category><descript>AIDED CASE, MENTAL DISTURBED</descript><dayofweek>Friday</dayofweek><date>2015-05-15T00:00:00</date><time>21:00</time><pddistrict>SOUTHERN</pddistrict><resolution>NONE</resolution><address>1300 Block of MISSION ST</address><x>-122.415757039196</x><y>37.7754692820041</y><location human_address="{&quot;address&quot;:&quot;&quot;,&quot;city&quot;:&quot;&quot;,&quot;state&quot;:&quot;&quot;,&quot;zip&quot;:&quot;&quot;}" latitude="37.7754692820041" longitude="-122.415757039196" needs_recoding="false"/></row>