<?xml version="1.0" encoding="UTF-8"?><row _id="12581242" _uuid="E017EA6C-EE15-4566-8C5B-B51A0DDDCD7E" _position="12581242" _address="http://data.sfgov.org/resource/ritf-b9ki/12581242"><incidntnum>150417795</incidntnum><category>SUSPICIOUS OCC</category><descript>INVESTIGATIVE DETENTION</descript><dayofweek>Wednesday</dayofweek><date>2015-05-13T00:00:00</date><time>19:30</time><pddistrict>SOUTHERN</pddistrict><resolution>NONE</resolution><address>OTIS ST / GOUGH ST</address><x>-122.420347208832</x><y>37.7717690722244</y><location human_address="{&quot;address&quot;:&quot;&quot;,&quot;city&quot;:&quot;&quot;,&quot;state&quot;:&quot;&quot;,&quot;zip&quot;:&quot;&quot;}" latitude="37.7717690722244" longitude="-122.420347208832" needs_recoding="false"/></row>