<?xml version="1.0" encoding="UTF-8"?><row _id="12572104" _uuid="1EDBDD62-D3B7-47E5-A1B9-56D66656B172" _position="12572104" _address="http://data.sfgov.org/resource/ritf-b9ki/12572104"><incidntnum>150405320</incidntnum><category>DRUG/NARCOTIC</category><descript>POSSESSION OF NARCOTICS PARAPHERNALIA</descript><dayofweek>Saturday</dayofweek><date>2015-05-09T00:00:00</date><time>19:11</time><pddistrict>NORTHERN</pddistrict><resolution>ARREST, BOOKED</resolution><address>POLK ST / HEMLOCK ST</address><x>-122.420021471047</x><y>37.7872807076108</y><location human_address="{&quot;address&quot;:&quot;&quot;,&quot;city&quot;:&quot;&quot;,&quot;state&quot;:&quot;&quot;,&quot;zip&quot;:&quot;&quot;}" latitude="37.7872807076108" longitude="-122.420021471047" needs_recoding="false"/></row>