<?xml version="1.0" encoding="UTF-8"?><row _id="12580776" _uuid="CDDF66DE-828F-453F-BFDD-9B0150DC3F42" _position="12580776" _address="http://data.sfgov.org/resource/ritf-b9ki/12580776"><incidntnum>150411684</incidntnum><category>OTHER OFFENSES</category><descript>POSSESSION OF BURGLARY TOOLS</descript><dayofweek>Tuesday</dayofweek><date>2015-05-12T00:00:00</date><time>01:01</time><pddistrict>BAYVIEW</pddistrict><resolution>ARREST, BOOKED</resolution><address>100 Block of FELTON ST</address><x>-122.406114628105</x><y>37.7296971009232</y><location human_address="{&quot;address&quot;:&quot;&quot;,&quot;city&quot;:&quot;&quot;,&quot;state&quot;:&quot;&quot;,&quot;zip&quot;:&quot;&quot;}" latitude="37.7296971009232" longitude="-122.406114628105" needs_recoding="false"/></row>