<?xml version="1.0" encoding="UTF-8"?><row _id="12598879" _uuid="E4D551FD-65B0-4AC2-9B5A-8F08C39CE744" _position="12598879" _address="http://data.sfgov.org/resource/ritf-b9ki/12598879"><incidntnum>150542405</incidntnum><category>DRUG/NARCOTIC</category><descript>POSSESSION OF NARCOTICS PARAPHERNALIA</descript><dayofweek>Sunday</dayofweek><date>2015-06-21T00:00:00</date><time>22:21</time><pddistrict>NORTHERN</pddistrict><resolution>ARREST, BOOKED</resolution><address>POLK ST / ELLIS ST</address><x>-122.419366294797</x><y>37.7840280452032</y><location human_address="{&quot;address&quot;:&quot;&quot;,&quot;city&quot;:&quot;&quot;,&quot;state&quot;:&quot;&quot;,&quot;zip&quot;:&quot;&quot;}" latitude="37.7840280452032" longitude="-122.419366294797" needs_recoding="false"/></row>