<?xml version="1.0" encoding="UTF-8"?><row _id="12577725" _uuid="A44FC213-CE26-47A4-8096-EAE70025AC5F" _position="12577725" _address="http://data.sfgov.org/resource/ritf-b9ki/12577725"><incidntnum>150398872</incidntnum><category>ASSAULT</category><descript>INFLICT INJURY ON COHABITEE</descript><dayofweek>Thursday</dayofweek><date>2015-05-07T00:00:00</date><time>08:30</time><pddistrict>TARAVAL</pddistrict><resolution>ARREST, BOOKED</resolution><address>300 Block of BYXBEE ST</address><x>-122.46993389202</x><y>37.7206664009232</y><location human_address="{&quot;address&quot;:&quot;&quot;,&quot;city&quot;:&quot;&quot;,&quot;state&quot;:&quot;&quot;,&quot;zip&quot;:&quot;&quot;}" latitude="37.7206664009232" longitude="-122.46993389202" needs_recoding="false"/></row>