<?xml version="1.0" encoding="UTF-8"?><row _id="12586896" _uuid="1B3F152B-5FCD-41B9-9E62-87813F4DA162" _position="12586896" _address="http://data.sfgov.org/resource/ritf-b9ki/12586896"><incidntnum>150462712</incidntnum><category>LARCENY/THEFT</category><descript>THEFT OF ANIMALS (GENERAL)</descript><dayofweek>Friday</dayofweek><date>2015-05-22T00:00:00</date><time>20:43</time><pddistrict>MISSION</pddistrict><resolution>NONE</resolution><address>3700 Block of 25TH ST</address><x>-122.423283062895</x><y>37.7503931278259</y><location human_address="{&quot;address&quot;:&quot;&quot;,&quot;city&quot;:&quot;&quot;,&quot;state&quot;:&quot;&quot;,&quot;zip&quot;:&quot;&quot;}" latitude="37.7503931278259" longitude="-122.423283062895" needs_recoding="false"/></row>