<?xml version="1.0" encoding="UTF-8"?><row _id="12578372" _uuid="CE98A05C-8732-4117-832E-D834CA170CDF" _position="12578372" _address="http://data.sfgov.org/resource/ritf-b9ki/12578372"><incidntnum>150409996</incidntnum><category>VANDALISM</category><descript>MALICIOUS MISCHIEF, VANDALISM</descript><dayofweek>Monday</dayofweek><date>2015-05-11T00:00:00</date><time>14:49</time><pddistrict>SOUTHERN</pddistrict><resolution>ARREST, BOOKED</resolution><address>1500 Block of MISSION ST</address><x>-122.417975390351</x><y>37.7737509379648</y><location human_address="{&quot;address&quot;:&quot;&quot;,&quot;city&quot;:&quot;&quot;,&quot;state&quot;:&quot;&quot;,&quot;zip&quot;:&quot;&quot;}" latitude="37.7737509379648" longitude="-122.417975390351" needs_recoding="false"/></row>