<?xml version="1.0" encoding="UTF-8"?><row _id="12578098" _uuid="7E98F6EE-EF34-42AC-9927-BB45316E71D0" _position="12578098" _address="http://data.sfgov.org/resource/ritf-b9ki/12578098"><incidntnum>150405546</incidntnum><category>WARRANTS</category><descript>ENROUTE TO PAROLE OFFICER</descript><dayofweek>Saturday</dayofweek><date>2015-05-09T00:00:00</date><time>21:14</time><pddistrict>BAYVIEW</pddistrict><resolution>ARREST, BOOKED</resolution><address>1400 Block of THOMAS AV</address><x>-122.388542831272</x><y>37.7287892888548</y><location human_address="{&quot;address&quot;:&quot;&quot;,&quot;city&quot;:&quot;&quot;,&quot;state&quot;:&quot;&quot;,&quot;zip&quot;:&quot;&quot;}" latitude="37.7287892888548" longitude="-122.388542831272" needs_recoding="false"/></row>