<?xml version="1.0" encoding="UTF-8"?><row _id="12585085" _uuid="1C013339-40B0-4A34-9ADB-7D937A7F8392" _position="12585085" _address="http://data.sfgov.org/resource/ritf-b9ki/12585085"><incidntnum>150438600</incidntnum><category>LARCENY/THEFT</category><descript>PETTY THEFT FROM A BUILDING</descript><dayofweek>Wednesday</dayofweek><date>2015-05-20T00:00:00</date><time>06:00</time><pddistrict>MISSION</pddistrict><resolution>NONE</resolution><address>3300 Block of 18TH ST</address><x>-122.417730376662</x><y>37.7619893172394</y><location human_address="{&quot;address&quot;:&quot;&quot;,&quot;city&quot;:&quot;&quot;,&quot;state&quot;:&quot;&quot;,&quot;zip&quot;:&quot;&quot;}" latitude="37.7619893172394" longitude="-122.417730376662" needs_recoding="false"/></row>