<?xml version="1.0" encoding="UTF-8"?><row _id="12583747" _uuid="556DED87-9852-457E-AD55-103C48537DD8" _position="12583747" _address="http://data.sfgov.org/resource/ritf-b9ki/12583747"><incidntnum>150429803</incidntnum><category>LARCENY/THEFT</category><descript>PETTY THEFT FROM LOCKED AUTO</descript><dayofweek>Sunday</dayofweek><date>2015-05-17T00:00:00</date><time>11:30</time><pddistrict>TARAVAL</pddistrict><resolution>NONE</resolution><address>JUNIPERO SERRA BL / GARFIELD ST</address><x>-122.472442065698</x><y>37.7196340990275</y><location human_address="{&quot;address&quot;:&quot;&quot;,&quot;city&quot;:&quot;&quot;,&quot;state&quot;:&quot;&quot;,&quot;zip&quot;:&quot;&quot;}" latitude="37.7196340990275" longitude="-122.472442065698" needs_recoding="false"/></row>