<?xml version="1.0" encoding="UTF-8"?><row _id="12579978" _uuid="0FAF3922-EC94-4E42-A91D-927934235233" _position="12579978" _address="http://data.sfgov.org/resource/ritf-b9ki/12579978"><incidntnum>156115703</incidntnum><category>LARCENY/THEFT</category><descript>PETTY THEFT OF PROPERTY</descript><dayofweek>Monday</dayofweek><date>2015-05-11T00:00:00</date><time>11:00</time><pddistrict>RICHMOND</pddistrict><resolution>NONE</resolution><address>3200 Block of BALBOA ST</address><x>-122.493588244515</x><y>37.7759407137274</y><location human_address="{&quot;address&quot;:&quot;&quot;,&quot;city&quot;:&quot;&quot;,&quot;state&quot;:&quot;&quot;,&quot;zip&quot;:&quot;&quot;}" latitude="37.7759407137274" longitude="-122.493588244515" needs_recoding="false"/></row>