<?xml version="1.0" encoding="UTF-8"?><row _id="12581212" _uuid="5132A380-E48D-46D2-97C0-72BA85AEF236" _position="12581212" _address="http://data.sfgov.org/resource/ritf-b9ki/12581212"><incidntnum>150404071</incidntnum><category>ASSAULT</category><descript>BATTERY, FORMER SPOUSE OR DATING RELATIONSHIP</descript><dayofweek>Saturday</dayofweek><date>2015-05-09T00:00:00</date><time>10:38</time><pddistrict>TARAVAL</pddistrict><resolution>ARREST, BOOKED</resolution><address>TAPIA DR / SERRANO DR</address><x>-122.481421262227</x><y>37.7190548749472</y><location human_address="{&quot;address&quot;:&quot;&quot;,&quot;city&quot;:&quot;&quot;,&quot;state&quot;:&quot;&quot;,&quot;zip&quot;:&quot;&quot;}" latitude="37.7190548749472" longitude="-122.481421262227" needs_recoding="false"/></row>