<?xml version="1.0" encoding="UTF-8"?><row _id="12585937" _uuid="821E1441-CECB-40C6-BFA2-5DB91BD73F97" _position="12585937" _address="http://data.sfgov.org/resource/ritf-b9ki/12585937"><incidntnum>150447532</incidntnum><category>LARCENY/THEFT</category><descript>GRAND THEFT FROM PERSON</descript><dayofweek>Friday</dayofweek><date>2015-05-22T00:00:00</date><time>16:00</time><pddistrict>CENTRAL</pddistrict><resolution>NONE</resolution><address>1000 Block of SUTTER ST</address><x>-122.417650682357</x><y>37.7880158477339</y><location human_address="{&quot;address&quot;:&quot;&quot;,&quot;city&quot;:&quot;&quot;,&quot;state&quot;:&quot;&quot;,&quot;zip&quot;:&quot;&quot;}" latitude="37.7880158477339" longitude="-122.417650682357" needs_recoding="false"/></row>