<?xml version="1.0" encoding="UTF-8"?><row _id="12583443" _uuid="DADD2E2E-2015-4609-82BF-3C69FC8A7EA9" _position="12583443" _address="http://data.sfgov.org/resource/ritf-b9ki/12583443"><incidntnum>150426586</incidntnum><category>LARCENY/THEFT</category><descript>PETTY THEFT OF PROPERTY</descript><dayofweek>Saturday</dayofweek><date>2015-05-16T00:00:00</date><time>14:46</time><pddistrict>TARAVAL</pddistrict><resolution>NONE</resolution><address>200 Block of VICTORIA ST</address><x>-122.465379737846</x><y>37.7152193506189</y><location human_address="{&quot;address&quot;:&quot;&quot;,&quot;city&quot;:&quot;&quot;,&quot;state&quot;:&quot;&quot;,&quot;zip&quot;:&quot;&quot;}" latitude="37.7152193506189" longitude="-122.465379737846" needs_recoding="false"/></row>