<?xml version="1.0" encoding="UTF-8"?><row _id="12577494" _uuid="E9E1AC00-590E-4D39-ACB4-06DDF624FE63" _position="12577494" _address="http://data.sfgov.org/resource/ritf-b9ki/12577494"><incidntnum>150395094</incidntnum><category>LIQUOR LAWS</category><descript>CONSUMING ALCOHOL IN PUBLIC VIEW</descript><dayofweek>Wednesday</dayofweek><date>2015-05-06T00:00:00</date><time>19:06</time><pddistrict>MISSION</pddistrict><resolution>NONE</resolution><address>2000 Block of MISSION ST</address><x>-122.419520367886</x><y>37.764228935718</y><location human_address="{&quot;address&quot;:&quot;&quot;,&quot;city&quot;:&quot;&quot;,&quot;state&quot;:&quot;&quot;,&quot;zip&quot;:&quot;&quot;}" latitude="37.764228935718" longitude="-122.419520367886" needs_recoding="false"/></row>