<?xml version="1.0" encoding="UTF-8"?><row _id="12584312" _uuid="01794916-134E-4DE6-AC4C-FAA3B32BCBF2" _position="12584312" _address="http://data.sfgov.org/resource/ritf-b9ki/12584312"><incidntnum>150431563</incidntnum><category>ROBBERY</category><descript>ROBBERY ON THE STREET WITH A GUN</descript><dayofweek>Monday</dayofweek><date>2015-05-18T00:00:00</date><time>05:45</time><pddistrict>INGLESIDE</pddistrict><resolution>NONE</resolution><address>1200 Block of GIRARD ST</address><x>-122.400429640823</x><y>37.7171464036619</y><location human_address="{&quot;address&quot;:&quot;&quot;,&quot;city&quot;:&quot;&quot;,&quot;state&quot;:&quot;&quot;,&quot;zip&quot;:&quot;&quot;}" latitude="37.7171464036619" longitude="-122.400429640823" needs_recoding="false"/></row>