<?xml version="1.0" encoding="UTF-8"?><row _id="12582014" _uuid="1CA7A5CC-EE02-4BB6-8493-9B1E72BB30EC" _position="12582014" _address="http://data.sfgov.org/resource/ritf-b9ki/12582014"><incidntnum>150408443</incidntnum><category>OTHER OFFENSES</category><descript>VIOLATION OF RESTRAINING ORDER</descript><dayofweek>Monday</dayofweek><date>2015-05-11T00:00:00</date><time>01:15</time><pddistrict>SOUTHERN</pddistrict><resolution>ARREST, BOOKED</resolution><address>1100 Block of HOWARD ST</address><x>-122.411359138357</x><y>37.7764944808779</y><location human_address="{&quot;address&quot;:&quot;&quot;,&quot;city&quot;:&quot;&quot;,&quot;state&quot;:&quot;&quot;,&quot;zip&quot;:&quot;&quot;}" latitude="37.7764944808779" longitude="-122.411359138357" needs_recoding="false"/></row>