<?xml version="1.0" encoding="UTF-8"?><row _id="12571878" _uuid="D9F245EB-BF4A-4679-92C6-11C962128E2C" _position="12571878" _address="http://data.sfgov.org/resource/ritf-b9ki/12571878"><incidntnum>150397909</incidntnum><category>WARRANTS</category><descript>WARRANT ARREST</descript><dayofweek>Thursday</dayofweek><date>2015-05-07T00:00:00</date><time>15:28</time><pddistrict>TENDERLOIN</pddistrict><resolution>ARREST, BOOKED</resolution><address>LEAVENWORTH ST / GOLDEN GATE AV</address><x>-122.413869632554</x><y>37.7818621883021</y><location human_address="{&quot;address&quot;:&quot;&quot;,&quot;city&quot;:&quot;&quot;,&quot;state&quot;:&quot;&quot;,&quot;zip&quot;:&quot;&quot;}" latitude="37.7818621883021" longitude="-122.413869632554" needs_recoding="false"/></row>