<?xml version="1.0" encoding="UTF-8"?><row _id="12583101" _uuid="2F4BE3E8-E133-4B3A-9AB0-FA30A98DE574" _position="12583101" _address="http://data.sfgov.org/resource/ritf-b9ki/12583101"><incidntnum>150438149</incidntnum><category>VEHICLE THEFT</category><descript>STOLEN AUTOMOBILE</descript><dayofweek>Friday</dayofweek><date>2015-05-15T00:00:00</date><time>06:00</time><pddistrict>INGLESIDE</pddistrict><resolution>ARREST, BOOKED</resolution><address>0 Block of PROSPECT AV</address><x>-122.417607034171</x><y>37.7452689967253</y><location human_address="{&quot;address&quot;:&quot;&quot;,&quot;city&quot;:&quot;&quot;,&quot;state&quot;:&quot;&quot;,&quot;zip&quot;:&quot;&quot;}" latitude="37.7452689967253" longitude="-122.417607034171" needs_recoding="false"/></row>