<?xml version="1.0" encoding="UTF-8"?><row _id="12585309" _uuid="BEB8D1FF-046D-4F0B-B7D5-AAE3CBCEB83A" _position="12585309" _address="http://data.sfgov.org/resource/ritf-b9ki/12585309"><incidntnum>150404275</incidntnum><category>OTHER OFFENSES</category><descript>TRAFFIC VIOLATION ARREST</descript><dayofweek>Saturday</dayofweek><date>2015-05-09T00:00:00</date><time>10:52</time><pddistrict>BAYVIEW</pddistrict><resolution>ARREST, CITED</resolution><address>EVANS AV / PHELPS ST</address><x>-122.388456834121</x><y>37.7429830266541</y><location human_address="{&quot;address&quot;:&quot;&quot;,&quot;city&quot;:&quot;&quot;,&quot;state&quot;:&quot;&quot;,&quot;zip&quot;:&quot;&quot;}" latitude="37.7429830266541" longitude="-122.388456834121" needs_recoding="false"/></row>