<?xml version="1.0" encoding="UTF-8"?><row _id="12589331" _uuid="F963D9C9-893A-4010-B8F4-D01A8A326C17" _position="12589331" _address="http://data.sfgov.org/resource/ritf-b9ki/12589331"><incidntnum>150469746</incidntnum><category>FRAUD</category><descript>FALSE CLAIMS, PRESENTING TO GOVERNMENT</descript><dayofweek>Friday</dayofweek><date>2015-05-29T00:00:00</date><time>13:00</time><pddistrict>TARAVAL</pddistrict><resolution>NONE</resolution><address>1600 Block of 46TH AV</address><x>-122.50566777802</x><y>37.7557412058944</y><location human_address="{&quot;address&quot;:&quot;&quot;,&quot;city&quot;:&quot;&quot;,&quot;state&quot;:&quot;&quot;,&quot;zip&quot;:&quot;&quot;}" latitude="37.7557412058944" longitude="-122.50566777802" needs_recoding="false"/></row>