<?xml version="1.0" encoding="UTF-8"?><row _id="12584776" _uuid="92973F55-4F5D-4FDA-906D-3448328E57B0" _position="12584776" _address="http://data.sfgov.org/resource/ritf-b9ki/12584776"><incidntnum>150438343</incidntnum><category>BURGLARY</category><descript>BURGLARY, FORCIBLE ENTRY</descript><dayofweek>Tuesday</dayofweek><date>2015-05-19T00:00:00</date><time>19:00</time><pddistrict>TARAVAL</pddistrict><resolution>NONE</resolution><address>3400 Block of TARAVAL ST</address><x>-122.503027070912</x><y>37.7418918309598</y><location human_address="{&quot;address&quot;:&quot;&quot;,&quot;city&quot;:&quot;&quot;,&quot;state&quot;:&quot;&quot;,&quot;zip&quot;:&quot;&quot;}" latitude="37.7418918309598" longitude="-122.503027070912" needs_recoding="false"/></row>