<?xml version="1.0" encoding="UTF-8"?><row _id="12584999" _uuid="54AC005B-A6F4-4792-9302-0D8B871AA77C" _position="12584999" _address="http://data.sfgov.org/resource/ritf-b9ki/12584999"><incidntnum>150441227</incidntnum><category>WARRANTS</category><descript>WARRANT ARREST</descript><dayofweek>Wednesday</dayofweek><date>2015-05-20T00:00:00</date><time>23:40</time><pddistrict>SOUTHERN</pddistrict><resolution>ARREST, BOOKED</resolution><address>2ND ST / KING ST</address><x>-122.389595283252</x><y>37.7798611974198</y><location human_address="{&quot;address&quot;:&quot;&quot;,&quot;city&quot;:&quot;&quot;,&quot;state&quot;:&quot;&quot;,&quot;zip&quot;:&quot;&quot;}" latitude="37.7798611974198" longitude="-122.389595283252" needs_recoding="false"/></row>