<?xml version="1.0" encoding="UTF-8"?><row _id="12573291" _uuid="F1D28571-11A6-4BA2-A432-133EFC8658C0" _position="12573291" _address="http://data.sfgov.org/resource/ritf-b9ki/12573291"><incidntnum>156112282</incidntnum><category>NON-CRIMINAL</category><descript>LOST PROPERTY</descript><dayofweek>Sunday</dayofweek><date>2015-05-10T00:00:00</date><time>13:00</time><pddistrict>SOUTHERN</pddistrict><resolution>NONE</resolution><address>7TH ST / MINNA ST</address><x>-122.410405602135</x><y>37.7787841486033</y><location human_address="{&quot;address&quot;:&quot;&quot;,&quot;city&quot;:&quot;&quot;,&quot;state&quot;:&quot;&quot;,&quot;zip&quot;:&quot;&quot;}" latitude="37.7787841486033" longitude="-122.410405602135" needs_recoding="false"/></row>