<?xml version="1.0" encoding="UTF-8"?><row _id="12592005" _uuid="F1EDCB20-9666-4079-B538-919D82DFEDE1" _position="12592005" _address="http://data.sfgov.org/resource/ritf-b9ki/12592005"><incidntnum>150510208</incidntnum><category>LARCENY/THEFT</category><descript>GRAND THEFT OF PROPERTY</descript><dayofweek>Saturday</dayofweek><date>2015-05-09T00:00:00</date><time>12:45</time><pddistrict>INGLESIDE</pddistrict><resolution>NONE</resolution><address>100 Block of DETROIT ST</address><x>-122.444211541</x><y>37.7286860598834</y><location human_address="{&quot;address&quot;:&quot;&quot;,&quot;city&quot;:&quot;&quot;,&quot;state&quot;:&quot;&quot;,&quot;zip&quot;:&quot;&quot;}" latitude="37.7286860598834" longitude="-122.444211541" needs_recoding="false"/></row>