<?xml version="1.0" encoding="UTF-8"?><row _id="12589205" _uuid="9138B964-E652-4785-B588-4A7942BBFF8D" _position="12589205" _address="http://data.sfgov.org/resource/ritf-b9ki/12589205"><incidntnum>150488495</incidntnum><category>LARCENY/THEFT</category><descript>PETTY THEFT FROM A BUILDING</descript><dayofweek>Wednesday</dayofweek><date>2015-05-06T00:00:00</date><time>10:00</time><pddistrict>PARK</pddistrict><resolution>NONE</resolution><address>0 Block of ORD CT</address><x>-122.440906613041</x><y>37.7639200417485</y><location human_address="{&quot;address&quot;:&quot;&quot;,&quot;city&quot;:&quot;&quot;,&quot;state&quot;:&quot;&quot;,&quot;zip&quot;:&quot;&quot;}" latitude="37.7639200417485" longitude="-122.440906613041" needs_recoding="false"/></row>