<?xml version="1.0" encoding="UTF-8"?><row _id="12571814" _uuid="C34C2A26-FAA2-476C-B674-A5771C9DEE73" _position="12571814" _address="http://data.sfgov.org/resource/ritf-b9ki/12571814"><incidntnum>150395630</incidntnum><category>ROBBERY</category><descript>ROBBERY, ARMED WITH A GUN</descript><dayofweek>Wednesday</dayofweek><date>2015-05-06T00:00:00</date><time>22:30</time><pddistrict>NORTHERN</pddistrict><resolution>NONE</resolution><address>ELM ST / GOUGH ST</address><x>-122.423827339369</x><y>37.7810765702666</y><location human_address="{&quot;address&quot;:&quot;&quot;,&quot;city&quot;:&quot;&quot;,&quot;state&quot;:&quot;&quot;,&quot;zip&quot;:&quot;&quot;}" latitude="37.7810765702666" longitude="-122.423827339369" needs_recoding="false"/></row>