<?xml version="1.0" encoding="UTF-8"?><row _id="12573436" _uuid="4B8332E5-67B0-426F-AE15-D732E6888472" _position="12573436" _address="http://data.sfgov.org/resource/ritf-b9ki/12573436"><incidntnum>159002004</incidntnum><category>OTHER OFFENSES</category><descript>DRIVERS LICENSE, SUSPENDED OR REVOKED</descript><dayofweek>Wednesday</dayofweek><date>2015-05-06T00:00:00</date><time>10:20</time><pddistrict>TARAVAL</pddistrict><resolution>ARREST, BOOKED</resolution><address>19TH AV / SLOAT BL</address><x>-122.475102006298</x><y>37.734623708357</y><location human_address="{&quot;address&quot;:&quot;&quot;,&quot;city&quot;:&quot;&quot;,&quot;state&quot;:&quot;&quot;,&quot;zip&quot;:&quot;&quot;}" latitude="37.734623708357" longitude="-122.475102006298" needs_recoding="false"/></row>