<?xml version="1.0" encoding="UTF-8"?><row _id="12577699" _uuid="02CBDD8A-8902-405B-BCA4-58E24DA90435" _position="12577699" _address="http://data.sfgov.org/resource/ritf-b9ki/12577699"><incidntnum>150398399</incidntnum><category>WARRANTS</category><descript>ENROUTE TO DEPARTMENT OF CORRECTIONS</descript><dayofweek>Thursday</dayofweek><date>2015-05-07T00:00:00</date><time>17:27</time><pddistrict>TENDERLOIN</pddistrict><resolution>ARREST, BOOKED</resolution><address>400 Block of ELLIS ST</address><x>-122.413609328985</x><y>37.784696907904</y><location human_address="{&quot;address&quot;:&quot;&quot;,&quot;city&quot;:&quot;&quot;,&quot;state&quot;:&quot;&quot;,&quot;zip&quot;:&quot;&quot;}" latitude="37.784696907904" longitude="-122.413609328985" needs_recoding="false"/></row>