<?xml version="1.0" encoding="UTF-8"?><row _id="12582551" _uuid="4F773185-F371-4072-B0A9-3173715AEC53" _position="12582551" _address="http://data.sfgov.org/resource/ritf-b9ki/12582551"><incidntnum>156118741</incidntnum><category>LARCENY/THEFT</category><descript>GRAND THEFT FROM LOCKED AUTO</descript><dayofweek>Thursday</dayofweek><date>2015-05-14T00:00:00</date><time>17:00</time><pddistrict>NORTHERN</pddistrict><resolution>NONE</resolution><address>2000 Block of JEFFERSON ST</address><x>-122.446305054535</x><y>37.8043736825278</y><location human_address="{&quot;address&quot;:&quot;&quot;,&quot;city&quot;:&quot;&quot;,&quot;state&quot;:&quot;&quot;,&quot;zip&quot;:&quot;&quot;}" latitude="37.8043736825278" longitude="-122.446305054535" needs_recoding="false"/></row>