<?xml version="1.0" encoding="UTF-8"?><row _id="12579768" _uuid="4D792030-AA0B-46DC-9062-E3EECCBF7356" _position="12579768" _address="http://data.sfgov.org/resource/ritf-b9ki/12579768"><incidntnum>156111137</incidntnum><category>LARCENY/THEFT</category><descript>GRAND THEFT FROM LOCKED AUTO</descript><dayofweek>Thursday</dayofweek><date>2015-05-07T00:00:00</date><time>18:10</time><pddistrict>NORTHERN</pddistrict><resolution>NONE</resolution><address>600 Block of WEBSTER ST</address><x>-122.429491244174</x><y>37.776766314435</y><location human_address="{&quot;address&quot;:&quot;&quot;,&quot;city&quot;:&quot;&quot;,&quot;state&quot;:&quot;&quot;,&quot;zip&quot;:&quot;&quot;}" latitude="37.776766314435" longitude="-122.429491244174" needs_recoding="false"/></row>