<?xml version="1.0" encoding="UTF-8"?><row _id="12573346" _uuid="A3A7B87A-D2E8-498F-B058-59B44334A67C" _position="12573346" _address="http://data.sfgov.org/resource/ritf-b9ki/12573346"><incidntnum>156114222</incidntnum><category>LARCENY/THEFT</category><descript>GRAND THEFT FROM LOCKED AUTO</descript><dayofweek>Monday</dayofweek><date>2015-05-11T00:00:00</date><time>23:00</time><pddistrict>TARAVAL</pddistrict><resolution>NONE</resolution><address>MORAGA ST / 8TH AV</address><x>-122.486245450953</x><y>37.7556814488296</y><location human_address="{&quot;address&quot;:&quot;&quot;,&quot;city&quot;:&quot;&quot;,&quot;state&quot;:&quot;&quot;,&quot;zip&quot;:&quot;&quot;}" latitude="37.7556814488296" longitude="-122.486245450953" needs_recoding="false"/></row>