<?xml version="1.0" encoding="UTF-8"?><row _id="12577774" _uuid="65787EA1-92D4-4C22-80BE-0B7FBD9AE35D" _position="12577774" _address="http://data.sfgov.org/resource/ritf-b9ki/12577774"><incidntnum>150399648</incidntnum><category>ASSAULT</category><descript>BATTERY</descript><dayofweek>Friday</dayofweek><date>2015-05-08T00:00:00</date><time>00:10</time><pddistrict>TENDERLOIN</pddistrict><resolution>NONE</resolution><address>200 Block of OFARRELL ST</address><x>-122.408496298209</x><y>37.786296190453</y><location human_address="{&quot;address&quot;:&quot;&quot;,&quot;city&quot;:&quot;&quot;,&quot;state&quot;:&quot;&quot;,&quot;zip&quot;:&quot;&quot;}" latitude="37.786296190453" longitude="-122.408496298209" needs_recoding="false"/></row>