<?xml version="1.0" encoding="UTF-8"?><row _id="12589210" _uuid="4745375D-501D-474C-BACC-B7069DC67B38" _position="12589210" _address="http://data.sfgov.org/resource/ritf-b9ki/12589210"><incidntnum>150490622</incidntnum><category>VEHICLE THEFT</category><descript>STOLEN AUTOMOBILE</descript><dayofweek>Thursday</dayofweek><date>2015-05-28T00:00:00</date><time>11:30</time><pddistrict>INGLESIDE</pddistrict><resolution>NONE</resolution><address>300 Block of PRECITA AV</address><x>-122.41246383674</x><y>37.7472920540286</y><location human_address="{&quot;address&quot;:&quot;&quot;,&quot;city&quot;:&quot;&quot;,&quot;state&quot;:&quot;&quot;,&quot;zip&quot;:&quot;&quot;}" latitude="37.7472920540286" longitude="-122.41246383674" needs_recoding="false"/></row>