<?xml version="1.0" encoding="UTF-8"?><row _id="12584026" _uuid="DC5AF46F-2461-4B67-A115-79CE5E8952B8" _position="12584026" _address="http://data.sfgov.org/resource/ritf-b9ki/12584026"><incidntnum>150410250</incidntnum><category>MISSING PERSON</category><descript>FOUND PERSON</descript><dayofweek>Monday</dayofweek><date>2015-05-11T00:00:00</date><time>14:00</time><pddistrict>PARK</pddistrict><resolution>NONE</resolution><address>2100 Block of GROVE ST</address><x>-122.451993022879</x><y>37.774088474589</y><location human_address="{&quot;address&quot;:&quot;&quot;,&quot;city&quot;:&quot;&quot;,&quot;state&quot;:&quot;&quot;,&quot;zip&quot;:&quot;&quot;}" latitude="37.774088474589" longitude="-122.451993022879" needs_recoding="false"/></row>