<?xml version="1.0" encoding="UTF-8"?><row _id="12584350" _uuid="3C001468-1952-4999-852B-BA49A4E216A5" _position="12584350" _address="http://data.sfgov.org/resource/ritf-b9ki/12584350"><incidntnum>150434084</incidntnum><category>NON-CRIMINAL</category><descript>FOUND PROPERTY</descript><dayofweek>Monday</dayofweek><date>2015-05-18T00:00:00</date><time>19:15</time><pddistrict>NORTHERN</pddistrict><resolution>NONE</resolution><address>0 Block of VANNESS AV</address><x>-122.419609427562</x><y>37.7761348421429</y><location human_address="{&quot;address&quot;:&quot;&quot;,&quot;city&quot;:&quot;&quot;,&quot;state&quot;:&quot;&quot;,&quot;zip&quot;:&quot;&quot;}" latitude="37.7761348421429" longitude="-122.419609427562" needs_recoding="false"/></row>