<?xml version="1.0" encoding="UTF-8"?><row _id="12578011" _uuid="262BBE8D-8903-4345-A8EA-E4ADFC904566" _position="12578011" _address="http://data.sfgov.org/resource/ritf-b9ki/12578011"><incidntnum>150404190</incidntnum><category>VEHICLE THEFT</category><descript>STOLEN AUTOMOBILE</descript><dayofweek>Friday</dayofweek><date>2015-05-08T00:00:00</date><time>23:00</time><pddistrict>INGLESIDE</pddistrict><resolution>NONE</resolution><address>0 Block of SANJUAN AV</address><x>-122.43622001281</x><y>37.7243766140428</y><location human_address="{&quot;address&quot;:&quot;&quot;,&quot;city&quot;:&quot;&quot;,&quot;state&quot;:&quot;&quot;,&quot;zip&quot;:&quot;&quot;}" latitude="37.7243766140428" longitude="-122.43622001281" needs_recoding="false"/></row>