<?xml version="1.0" encoding="UTF-8"?><row _id="12585166" _uuid="755D0E17-FEFC-4916-8C73-19DE515F945E" _position="12585166" _address="http://data.sfgov.org/resource/ritf-b9ki/12585166"><incidntnum>150441114</incidntnum><category>LARCENY/THEFT</category><descript>GRAND THEFT FROM PERSON</descript><dayofweek>Wednesday</dayofweek><date>2015-05-20T00:00:00</date><time>22:50</time><pddistrict>SOUTHERN</pddistrict><resolution>NONE</resolution><address>900 Block of MARKET ST</address><x>-122.408595110869</x><y>37.7837069301545</y><location human_address="{&quot;address&quot;:&quot;&quot;,&quot;city&quot;:&quot;&quot;,&quot;state&quot;:&quot;&quot;,&quot;zip&quot;:&quot;&quot;}" latitude="37.7837069301545" longitude="-122.408595110869" needs_recoding="false"/></row>