<?xml version="1.0" encoding="UTF-8"?><row _id="12589179" _uuid="C3390C07-1179-4814-87B1-B5A83AE9ED87" _position="12589179" _address="http://data.sfgov.org/resource/ritf-b9ki/12589179"><incidntnum>150481994</incidntnum><category>NON-CRIMINAL</category><descript>AIDED CASE, INJURED PERSON</descript><dayofweek>Monday</dayofweek><date>2015-05-18T00:00:00</date><time>00:01</time><pddistrict>TARAVAL</pddistrict><resolution>NONE</resolution><address>1200 Block of LA PLAYA ST</address><x>-122.509265276857</x><y>37.7630727687234</y><location human_address="{&quot;address&quot;:&quot;&quot;,&quot;city&quot;:&quot;&quot;,&quot;state&quot;:&quot;&quot;,&quot;zip&quot;:&quot;&quot;}" latitude="37.7630727687234" longitude="-122.509265276857" needs_recoding="false"/></row>