<?xml version="1.0" encoding="UTF-8"?><row _id="12571948" _uuid="78775201-C85F-4580-B040-027EB1255924" _position="12571948" _address="http://data.sfgov.org/resource/ritf-b9ki/12571948"><incidntnum>150400267</incidntnum><category>WEAPON LAWS</category><descript>POSS OF PROHIBITED WEAPON</descript><dayofweek>Friday</dayofweek><date>2015-05-08T00:00:00</date><time>08:55</time><pddistrict>MISSION</pddistrict><resolution>ARREST, BOOKED</resolution><address>16TH ST / MISSION ST</address><x>-122.419671780296</x><y>37.7650501214668</y><location human_address="{&quot;address&quot;:&quot;&quot;,&quot;city&quot;:&quot;&quot;,&quot;state&quot;:&quot;&quot;,&quot;zip&quot;:&quot;&quot;}" latitude="37.7650501214668" longitude="-122.419671780296" needs_recoding="false"/></row>