<?xml version="1.0" encoding="UTF-8"?><row _id="12582634" _uuid="2320BA4C-D3CC-4E89-ADFB-8746ABB8C051" _position="12582634" _address="http://data.sfgov.org/resource/ritf-b9ki/12582634"><incidntnum>150434062</incidntnum><category>VEHICLE THEFT</category><descript>STOLEN AUTOMOBILE</descript><dayofweek>Thursday</dayofweek><date>2015-05-14T00:00:00</date><time>20:00</time><pddistrict>INGLESIDE</pddistrict><resolution>NONE</resolution><address>100 Block of 29TH ST</address><x>-122.423548877173</x><y>37.74394400245</y><location human_address="{&quot;address&quot;:&quot;&quot;,&quot;city&quot;:&quot;&quot;,&quot;state&quot;:&quot;&quot;,&quot;zip&quot;:&quot;&quot;}" latitude="37.74394400245" longitude="-122.423548877173" needs_recoding="false"/></row>