<?xml version="1.0" encoding="UTF-8"?><row _id="12572121" _uuid="4D8EA0E1-1522-4861-83FF-314A5E6CAF0E" _position="12572121" _address="http://data.sfgov.org/resource/ritf-b9ki/12572121"><incidntnum>150405831</incidntnum><category>VEHICLE THEFT</category><descript>STOLEN AUTOMOBILE</descript><dayofweek>Saturday</dayofweek><date>2015-05-09T00:00:00</date><time>18:40</time><pddistrict>NORTHERN</pddistrict><resolution>NONE</resolution><address>VANNESS AV / FELL ST</address><x>-122.419507546169</x><y>37.7763700981455</y><location human_address="{&quot;address&quot;:&quot;&quot;,&quot;city&quot;:&quot;&quot;,&quot;state&quot;:&quot;&quot;,&quot;zip&quot;:&quot;&quot;}" latitude="37.7763700981455" longitude="-122.419507546169" needs_recoding="false"/></row>