<?xml version="1.0" encoding="UTF-8"?><row _id="12571751" _uuid="FD6422CF-402F-409D-BDE6-C5F25EAD942D" _position="12571751" _address="http://data.sfgov.org/resource/ritf-b9ki/12571751"><incidntnum>150393399</incidntnum><category>DRUG/NARCOTIC</category><descript>POSSESSION OF BASE/ROCK COCAINE</descript><dayofweek>Wednesday</dayofweek><date>2015-05-06T00:00:00</date><time>10:40</time><pddistrict>NORTHERN</pddistrict><resolution>ARREST, BOOKED</resolution><address>LARKIN ST / GEARY ST</address><x>-122.418090766692</x><y>37.7861007451645</y><location human_address="{&quot;address&quot;:&quot;&quot;,&quot;city&quot;:&quot;&quot;,&quot;state&quot;:&quot;&quot;,&quot;zip&quot;:&quot;&quot;}" latitude="37.7861007451645" longitude="-122.418090766692" needs_recoding="false"/></row>