<?xml version="1.0" encoding="UTF-8"?><row _id="12572466" _uuid="06DD85F3-D491-40E7-957D-7E8E53DAB0B0" _position="12572466" _address="http://data.sfgov.org/resource/ritf-b9ki/12572466"><incidntnum>150417660</incidntnum><category>LARCENY/THEFT</category><descript>GRAND THEFT FROM PERSON</descript><dayofweek>Wednesday</dayofweek><date>2015-05-13T00:00:00</date><time>20:00</time><pddistrict>TARAVAL</pddistrict><resolution>NONE</resolution><address>LINCOLN WY / 14TH AV</address><x>-122.471799827428</x><y>37.7656866988298</y><location human_address="{&quot;address&quot;:&quot;&quot;,&quot;city&quot;:&quot;&quot;,&quot;state&quot;:&quot;&quot;,&quot;zip&quot;:&quot;&quot;}" latitude="37.7656866988298" longitude="-122.471799827428" needs_recoding="false"/></row>