<?xml version="1.0" encoding="UTF-8"?><row _id="12587673" _uuid="8F342A1C-575D-48CE-B12D-11183AC20AC5" _position="12587673" _address="http://data.sfgov.org/resource/ritf-b9ki/12587673"><incidntnum>150454941</incidntnum><category>NON-CRIMINAL</category><descript>FOUND PROPERTY</descript><dayofweek>Monday</dayofweek><date>2015-05-25T00:00:00</date><time>07:24</time><pddistrict>INGLESIDE</pddistrict><resolution>NONE</resolution><address>300 Block of MOSCOW ST</address><x>-122.427008291894</x><y>37.7219984531037</y><location human_address="{&quot;address&quot;:&quot;&quot;,&quot;city&quot;:&quot;&quot;,&quot;state&quot;:&quot;&quot;,&quot;zip&quot;:&quot;&quot;}" latitude="37.7219984531037" longitude="-122.427008291894" needs_recoding="false"/></row>