<?xml version="1.0" encoding="UTF-8"?><row _id="12584176" _uuid="C4E74CA4-9CDB-4EC2-8BB4-7854481F1D7E" _position="12584176" _address="http://data.sfgov.org/resource/ritf-b9ki/12584176"><incidntnum>150431347</incidntnum><category>OTHER OFFENSES</category><descript>DRIVERS LICENSE, SUSPENDED OR REVOKED</descript><dayofweek>Monday</dayofweek><date>2015-05-18T00:00:00</date><time>00:10</time><pddistrict>MISSION</pddistrict><resolution>ARREST, BOOKED</resolution><address>MISSION ST / 19TH ST</address><x>-122.419208249507</x><y>37.7602340753605</y><location human_address="{&quot;address&quot;:&quot;&quot;,&quot;city&quot;:&quot;&quot;,&quot;state&quot;:&quot;&quot;,&quot;zip&quot;:&quot;&quot;}" latitude="37.7602340753605" longitude="-122.419208249507" needs_recoding="false"/></row>