<?xml version="1.0" encoding="UTF-8"?><row _id="12585832" _uuid="62F34A4D-6653-42F8-A8FD-887482267405" _position="12585832" _address="http://data.sfgov.org/resource/ritf-b9ki/12585832"><incidntnum>150447861</incidntnum><category>NON-CRIMINAL</category><descript>AIDED CASE, MENTAL DISTURBED</descript><dayofweek>Friday</dayofweek><date>2015-05-22T00:00:00</date><time>22:09</time><pddistrict>TENDERLOIN</pddistrict><resolution>NONE</resolution><address>POWELL ST / OFARRELL ST</address><x>-122.408040474858</x><y>37.7864094033618</y><location human_address="{&quot;address&quot;:&quot;&quot;,&quot;city&quot;:&quot;&quot;,&quot;state&quot;:&quot;&quot;,&quot;zip&quot;:&quot;&quot;}" latitude="37.7864094033618" longitude="-122.408040474858" needs_recoding="false"/></row>