<?xml version="1.0" encoding="UTF-8"?><row _id="12586381" _uuid="C2BB8247-681C-4C1F-96E4-02C7B5432536" _position="12586381" _address="http://data.sfgov.org/resource/ritf-b9ki/12586381"><incidntnum>150450820</incidntnum><category>ASSAULT</category><descript>AGGRAVATED ASSAULT WITH A GUN</descript><dayofweek>Saturday</dayofweek><date>2015-05-23T00:00:00</date><time>20:25</time><pddistrict>MISSION</pddistrict><resolution>ARREST, BOOKED</resolution><address>24TH ST / HAMPSHIRE ST</address><x>-122.407294221804</x><y>37.7529064152226</y><location human_address="{&quot;address&quot;:&quot;&quot;,&quot;city&quot;:&quot;&quot;,&quot;state&quot;:&quot;&quot;,&quot;zip&quot;:&quot;&quot;}" latitude="37.7529064152226" longitude="-122.407294221804" needs_recoding="false"/></row>