<?xml version="1.0" encoding="UTF-8"?><row _id="12578451" _uuid="C9A735C7-29AC-481D-B1CC-787828413999" _position="12578451" _address="http://data.sfgov.org/resource/ritf-b9ki/12578451"><incidntnum>150411270</incidntnum><category>VANDALISM</category><descript>MALICIOUS MISCHIEF, GRAFFITI</descript><dayofweek>Monday</dayofweek><date>2015-05-11T00:00:00</date><time>22:12</time><pddistrict>MISSION</pddistrict><resolution>JUVENILE BOOKED</resolution><address>2100 Block of MISSION ST</address><x>-122.419470488515</x><y>37.7622701739914</y><location human_address="{&quot;address&quot;:&quot;&quot;,&quot;city&quot;:&quot;&quot;,&quot;state&quot;:&quot;&quot;,&quot;zip&quot;:&quot;&quot;}" latitude="37.7622701739914" longitude="-122.419470488515" needs_recoding="false"/></row>