<?xml version="1.0" encoding="UTF-8"?><row _id="12572170" _uuid="596C538A-C3C4-423D-89A7-B34446E8520F" _position="12572170" _address="http://data.sfgov.org/resource/ritf-b9ki/12572170"><incidntnum>150407326</incidntnum><category>LARCENY/THEFT</category><descript>PETTY THEFT FROM LOCKED AUTO</descript><dayofweek>Sunday</dayofweek><date>2015-05-10T00:00:00</date><time>10:45</time><pddistrict>TENDERLOIN</pddistrict><resolution>NONE</resolution><address>LARKIN ST / GROVE ST</address><x>-122.416583456133</x><y>37.7786591541508</y><location human_address="{&quot;address&quot;:&quot;&quot;,&quot;city&quot;:&quot;&quot;,&quot;state&quot;:&quot;&quot;,&quot;zip&quot;:&quot;&quot;}" latitude="37.7786591541508" longitude="-122.416583456133" needs_recoding="false"/></row>