<?xml version="1.0" encoding="UTF-8"?><row _id="12592232" _uuid="2F41D130-DC2A-4174-8B38-14DE64A60466" _position="12592232" _address="http://data.sfgov.org/resource/ritf-b9ki/12592232"><incidntnum>150495735</incidntnum><category>LARCENY/THEFT</category><descript>GRAND THEFT FROM LOCKED AUTO</descript><dayofweek>Saturday</dayofweek><date>2015-06-06T00:00:00</date><time>17:00</time><pddistrict>NORTHERN</pddistrict><resolution>NONE</resolution><address>TURK ST / FILLMORE ST</address><x>-122.432142776025</x><y>37.780495583709</y><location human_address="{&quot;address&quot;:&quot;&quot;,&quot;city&quot;:&quot;&quot;,&quot;state&quot;:&quot;&quot;,&quot;zip&quot;:&quot;&quot;}" latitude="37.780495583709" longitude="-122.432142776025" needs_recoding="false"/></row>