<?xml version="1.0" encoding="UTF-8"?><row _id="12586402" _uuid="18A84655-8701-435F-BA1E-EBD207D345CC" _position="12586402" _address="http://data.sfgov.org/resource/ritf-b9ki/12586402"><incidntnum>150451210</incidntnum><category>LARCENY/THEFT</category><descript>PETTY THEFT FROM LOCKED AUTO</descript><dayofweek>Saturday</dayofweek><date>2015-05-23T00:00:00</date><time>22:26</time><pddistrict>TENDERLOIN</pddistrict><resolution>NONE</resolution><address>LARKIN ST / GROVE ST</address><x>-122.416583456133</x><y>37.7786591541508</y><location human_address="{&quot;address&quot;:&quot;&quot;,&quot;city&quot;:&quot;&quot;,&quot;state&quot;:&quot;&quot;,&quot;zip&quot;:&quot;&quot;}" latitude="37.7786591541508" longitude="-122.416583456133" needs_recoding="false"/></row>