<?xml version="1.0" encoding="UTF-8"?><row _id="12585535" _uuid="CC6A52A9-1DF6-4293-A10F-2B2C63E9687F" _position="12585535" _address="http://data.sfgov.org/resource/ritf-b9ki/12585535"><incidntnum>150443756</incidntnum><category>LARCENY/THEFT</category><descript>PETTY THEFT SHOPLIFTING</descript><dayofweek>Thursday</dayofweek><date>2015-05-21T00:00:00</date><time>18:45</time><pddistrict>TENDERLOIN</pddistrict><resolution>JUVENILE BOOKED</resolution><address>100 Block of OFARRELL ST</address><x>-122.407244087032</x><y>37.7865647607685</y><location human_address="{&quot;address&quot;:&quot;&quot;,&quot;city&quot;:&quot;&quot;,&quot;state&quot;:&quot;&quot;,&quot;zip&quot;:&quot;&quot;}" latitude="37.7865647607685" longitude="-122.407244087032" needs_recoding="false"/></row>