<?xml version="1.0" encoding="UTF-8"?><row _id="12578417" _uuid="070ED51E-F758-42C6-B68E-90614355D5FD" _position="12578417" _address="http://data.sfgov.org/resource/ritf-b9ki/12578417"><incidntnum>150410749</incidntnum><category>WEAPON LAWS</category><descript>POSS OF LOADED FIREARM</descript><dayofweek>Monday</dayofweek><date>2015-05-11T00:00:00</date><time>18:58</time><pddistrict>INGLESIDE</pddistrict><resolution>ARREST, BOOKED</resolution><address>0 Block of SENECA AV</address><x>-122.440461791091</x><y>37.7180273553834</y><location human_address="{&quot;address&quot;:&quot;&quot;,&quot;city&quot;:&quot;&quot;,&quot;state&quot;:&quot;&quot;,&quot;zip&quot;:&quot;&quot;}" latitude="37.7180273553834" longitude="-122.440461791091" needs_recoding="false"/></row>