<?xml version="1.0" encoding="UTF-8"?><row _id="12578646" _uuid="0CF03B8B-E445-4112-B309-AEF652FC9F2B" _position="12578646" _address="http://data.sfgov.org/resource/ritf-b9ki/12578646"><incidntnum>150414337</incidntnum><category>NON-CRIMINAL</category><descript>AIDED CASE, SICK PERSON</descript><dayofweek>Tuesday</dayofweek><date>2015-05-12T00:00:00</date><time>20:35</time><pddistrict>TENDERLOIN</pddistrict><resolution>NONE</resolution><address>100 Block of EDDY ST</address><x>-122.410135236377</x><y>37.7841889075267</y><location human_address="{&quot;address&quot;:&quot;&quot;,&quot;city&quot;:&quot;&quot;,&quot;state&quot;:&quot;&quot;,&quot;zip&quot;:&quot;&quot;}" latitude="37.7841889075267" longitude="-122.410135236377" needs_recoding="false"/></row>