<?xml version="1.0" encoding="UTF-8"?><row _id="12585423" _uuid="CA5A73C4-56E0-4488-885E-6DF63F312E92" _position="12585423" _address="http://data.sfgov.org/resource/ritf-b9ki/12585423"><incidntnum>150443455</incidntnum><category>BURGLARY</category><descript>BURGLARY OF APARTMENT HOUSE, FORCIBLE ENTRY</descript><dayofweek>Thursday</dayofweek><date>2015-05-21T00:00:00</date><time>02:00</time><pddistrict>MISSION</pddistrict><resolution>NONE</resolution><address>2100 Block of MARKET ST</address><x>-122.429788986988</x><y>37.7666521474762</y><location human_address="{&quot;address&quot;:&quot;&quot;,&quot;city&quot;:&quot;&quot;,&quot;state&quot;:&quot;&quot;,&quot;zip&quot;:&quot;&quot;}" latitude="37.7666521474762" longitude="-122.429788986988" needs_recoding="false"/></row>