<?xml version="1.0" encoding="UTF-8"?><row _id="12600261" _uuid="1A8ACB63-DAA3-40E8-9E80-FEDFB6A2925D" _position="12600261" _address="http://data.sfgov.org/resource/ritf-b9ki/12600261"><incidntnum>150550066</incidntnum><category>ASSAULT</category><descript>AGGRAVATED ASSAULT WITH BODILY FORCE</descript><dayofweek>Wednesday</dayofweek><date>2015-06-24T00:00:00</date><time>03:26</time><pddistrict>NORTHERN</pddistrict><resolution>NONE</resolution><address>900 Block of POLK ST</address><x>-122.419620657238</x><y>37.785672286426</y><location human_address="{&quot;address&quot;:&quot;&quot;,&quot;city&quot;:&quot;&quot;,&quot;state&quot;:&quot;&quot;,&quot;zip&quot;:&quot;&quot;}" latitude="37.785672286426" longitude="-122.419620657238" needs_recoding="false"/></row>