<?xml version="1.0" encoding="UTF-8"?><row _id="12577620" _uuid="A44CEF58-FF57-429C-94BD-FBA1580F0760" _position="12577620" _address="http://data.sfgov.org/resource/ritf-b9ki/12577620"><incidntnum>150396951</incidntnum><category>TRESPASS</category><descript>TRESPASSING</descript><dayofweek>Thursday</dayofweek><date>2015-05-07T00:00:00</date><time>11:40</time><pddistrict>SOUTHERN</pddistrict><resolution>ARREST, BOOKED</resolution><address>700 Block of MISSION ST</address><x>-122.403070000847</x><y>37.7852686309087</y><location human_address="{&quot;address&quot;:&quot;&quot;,&quot;city&quot;:&quot;&quot;,&quot;state&quot;:&quot;&quot;,&quot;zip&quot;:&quot;&quot;}" latitude="37.7852686309087" longitude="-122.403070000847" needs_recoding="false"/></row>