<?xml version="1.0" encoding="UTF-8"?><row _id="12584455" _uuid="50B813B9-C80C-4609-A8C3-E8720A594D75" _position="12584455" _address="http://data.sfgov.org/resource/ritf-b9ki/12584455"><incidntnum>150439749</incidntnum><category>NON-CRIMINAL</category><descript>LOST PROPERTY</descript><dayofweek>Monday</dayofweek><date>2015-05-18T00:00:00</date><time>12:30</time><pddistrict>CENTRAL</pddistrict><resolution>NONE</resolution><address>800 Block of KEARNY ST</address><x>-122.40498359935</x><y>37.7957863362398</y><location human_address="{&quot;address&quot;:&quot;&quot;,&quot;city&quot;:&quot;&quot;,&quot;state&quot;:&quot;&quot;,&quot;zip&quot;:&quot;&quot;}" latitude="37.7957863362398" longitude="-122.40498359935" needs_recoding="false"/></row>