<?xml version="1.0" encoding="UTF-8"?><row _id="12578710" _uuid="3D6587AE-7671-424B-8EF3-94BF51F0CF5D" _position="12578710" _address="http://data.sfgov.org/resource/ritf-b9ki/12578710"><incidntnum>150415482</incidntnum><category>VEHICLE THEFT</category><descript>STOLEN MOTORCYCLE</descript><dayofweek>Tuesday</dayofweek><date>2015-05-12T00:00:00</date><time>21:45</time><pddistrict>NORTHERN</pddistrict><resolution>NONE</resolution><address>0 Block of SANCHEZ ST</address><x>-122.43120329125</x><y>37.7684456939511</y><location human_address="{&quot;address&quot;:&quot;&quot;,&quot;city&quot;:&quot;&quot;,&quot;state&quot;:&quot;&quot;,&quot;zip&quot;:&quot;&quot;}" latitude="37.7684456939511" longitude="-122.43120329125" needs_recoding="false"/></row>