<?xml version="1.0" encoding="UTF-8"?><row _id="12586965" _uuid="3E90B885-1A04-4244-8569-E954F4A5160B" _position="12586965" _address="http://data.sfgov.org/resource/ritf-b9ki/12586965"><incidntnum>150452945</incidntnum><category>LARCENY/THEFT</category><descript>GRAND THEFT FROM LOCKED AUTO</descript><dayofweek>Sunday</dayofweek><date>2015-05-24T00:00:00</date><time>13:00</time><pddistrict>SOUTHERN</pddistrict><resolution>NONE</resolution><address>TOWNSEND ST / 2ND ST</address><x>-122.390531404145</x><y>37.7806070798477</y><location human_address="{&quot;address&quot;:&quot;&quot;,&quot;city&quot;:&quot;&quot;,&quot;state&quot;:&quot;&quot;,&quot;zip&quot;:&quot;&quot;}" latitude="37.7806070798477" longitude="-122.390531404145" needs_recoding="false"/></row>