<?xml version="1.0" encoding="UTF-8"?><row _id="12577564" _uuid="6F1A88CA-8DC6-4339-AAF9-B68ACDB80CC8" _position="12577564" _address="http://data.sfgov.org/resource/ritf-b9ki/12577564"><incidntnum>150396008</incidntnum><category>VEHICLE THEFT</category><descript>STOLEN AUTOMOBILE</descript><dayofweek>Wednesday</dayofweek><date>2015-05-06T00:00:00</date><time>20:00</time><pddistrict>SOUTHERN</pddistrict><resolution>NONE</resolution><address>200 Block of INTERSTATE80 HY</address><x>-122.365565425353</x><y>37.8096707013239</y><location human_address="{&quot;address&quot;:&quot;&quot;,&quot;city&quot;:&quot;&quot;,&quot;state&quot;:&quot;&quot;,&quot;zip&quot;:&quot;&quot;}" latitude="37.8096707013239" longitude="-122.365565425353" needs_recoding="false"/></row>