<?xml version="1.0" encoding="UTF-8"?><row _id="12583835" _uuid="A09C32B2-3628-4B48-94A3-8190435D81F8" _position="12583835" _address="http://data.sfgov.org/resource/ritf-b9ki/12583835"><incidntnum>150427982</incidntnum><category>ASSAULT</category><descript>BATTERY</descript><dayofweek>Sunday</dayofweek><date>2015-05-17T00:00:00</date><time>00:55</time><pddistrict>PARK</pddistrict><resolution>ARREST, BOOKED</resolution><address>400 Block of STANYAN ST</address><x>-122.454403066889</x><y>37.7738178294781</y><location human_address="{&quot;address&quot;:&quot;&quot;,&quot;city&quot;:&quot;&quot;,&quot;state&quot;:&quot;&quot;,&quot;zip&quot;:&quot;&quot;}" latitude="37.7738178294781" longitude="-122.454403066889" needs_recoding="false"/></row>