<?xml version="1.0" encoding="UTF-8"?><row _id="12592910" _uuid="10E85756-5FC6-46C7-8277-E62109CC1600" _position="12592910" _address="http://data.sfgov.org/resource/ritf-b9ki/12592910"><incidntnum>150496959</incidntnum><category>LARCENY/THEFT</category><descript>PETTY THEFT OF PROPERTY</descript><dayofweek>Sunday</dayofweek><date>2015-06-07T00:00:00</date><time>09:00</time><pddistrict>RICHMOND</pddistrict><resolution>NONE</resolution><address>3200 Block of BALBOA ST</address><x>-122.493588244515</x><y>37.7759407137274</y><location human_address="{&quot;address&quot;:&quot;&quot;,&quot;city&quot;:&quot;&quot;,&quot;state&quot;:&quot;&quot;,&quot;zip&quot;:&quot;&quot;}" latitude="37.7759407137274" longitude="-122.493588244515" needs_recoding="false"/></row>