<?xml version="1.0" encoding="UTF-8"?><row _id="12578606" _uuid="E1509211-B8EC-43D0-A5EF-2E3847F0DBF2" _position="12578606" _address="http://data.sfgov.org/resource/ritf-b9ki/12578606"><incidntnum>150413771</incidntnum><category>LARCENY/THEFT</category><descript>PETTY THEFT SHOPLIFTING</descript><dayofweek>Tuesday</dayofweek><date>2015-05-12T00:00:00</date><time>18:11</time><pddistrict>CENTRAL</pddistrict><resolution>ARREST, BOOKED</resolution><address>300 Block of POST ST</address><x>-122.407612885387</x><y>37.7884486019705</y><location human_address="{&quot;address&quot;:&quot;&quot;,&quot;city&quot;:&quot;&quot;,&quot;state&quot;:&quot;&quot;,&quot;zip&quot;:&quot;&quot;}" latitude="37.7884486019705" longitude="-122.407612885387" needs_recoding="false"/></row>