<?xml version="1.0" encoding="UTF-8"?><row _id="12583226" _uuid="FF343514-BCDF-4462-9861-70D33C9167B3" _position="12583226" _address="http://data.sfgov.org/resource/ritf-b9ki/12583226"><incidntnum>150424819</incidntnum><category>OTHER OFFENSES</category><descript>TRAFFIC VIOLATION ARREST</descript><dayofweek>Saturday</dayofweek><date>2015-05-16T00:00:00</date><time>00:23</time><pddistrict>TARAVAL</pddistrict><resolution>ARREST, BOOKED</resolution><address>19TH AV / SLOAT BL</address><x>-122.475102006298</x><y>37.734623708357</y><location human_address="{&quot;address&quot;:&quot;&quot;,&quot;city&quot;:&quot;&quot;,&quot;state&quot;:&quot;&quot;,&quot;zip&quot;:&quot;&quot;}" latitude="37.734623708357" longitude="-122.475102006298" needs_recoding="false"/></row>