<?xml version="1.0" encoding="UTF-8"?><row _id="12578996" _uuid="06CCC11F-655C-4DC2-A15D-25526AA6DCED" _position="12578996" _address="http://data.sfgov.org/resource/ritf-b9ki/12578996"><incidntnum>150438826</incidntnum><category>LARCENY/THEFT</category><descript>PETTY THEFT FROM A BUILDING</descript><dayofweek>Monday</dayofweek><date>2015-05-11T00:00:00</date><time>08:40</time><pddistrict>MISSION</pddistrict><resolution>NONE</resolution><address>2400 Block of MISSION ST</address><x>-122.419025267752</x><y>37.7576134671742</y><location human_address="{&quot;address&quot;:&quot;&quot;,&quot;city&quot;:&quot;&quot;,&quot;state&quot;:&quot;&quot;,&quot;zip&quot;:&quot;&quot;}" latitude="37.7576134671742" longitude="-122.419025267752" needs_recoding="false"/></row>