<?xml version="1.0" encoding="UTF-8"?><row _id="12582524" _uuid="87E3B115-7A3E-47AE-944C-5322E7E4F70C" _position="12582524" _address="http://data.sfgov.org/resource/ritf-b9ki/12582524"><incidntnum>150421401</incidntnum><category>VEHICLE THEFT</category><descript>STOLEN AUTOMOBILE</descript><dayofweek>Thursday</dayofweek><date>2015-05-14T00:00:00</date><time>18:54</time><pddistrict>SOUTHERN</pddistrict><resolution>NONE</resolution><address>800 Block of MISSION ST</address><x>-122.405395493939</x><y>37.7835100715421</y><location human_address="{&quot;address&quot;:&quot;&quot;,&quot;city&quot;:&quot;&quot;,&quot;state&quot;:&quot;&quot;,&quot;zip&quot;:&quot;&quot;}" latitude="37.7835100715421" longitude="-122.405395493939" needs_recoding="false"/></row>