<?xml version="1.0" encoding="UTF-8"?><row _id="12582938" _uuid="25CC2BFD-22AD-4C7D-BA49-EBB27606A9BD" _position="12582938" _address="http://data.sfgov.org/resource/ritf-b9ki/12582938"><incidntnum>156117389</incidntnum><category>LARCENY/THEFT</category><descript>GRAND THEFT FROM LOCKED AUTO</descript><dayofweek>Friday</dayofweek><date>2015-05-15T00:00:00</date><time>15:30</time><pddistrict>TARAVAL</pddistrict><resolution>NONE</resolution><address>0 Block of SADOWA ST</address><x>-122.455367874722</x><y>37.7122701540559</y><location human_address="{&quot;address&quot;:&quot;&quot;,&quot;city&quot;:&quot;&quot;,&quot;state&quot;:&quot;&quot;,&quot;zip&quot;:&quot;&quot;}" latitude="37.7122701540559" longitude="-122.455367874722" needs_recoding="false"/></row>