<?xml version="1.0" encoding="UTF-8"?><row _id="12583982" _uuid="A6246926-271F-47DA-85C9-16F6D69A13B6" _position="12583982" _address="http://data.sfgov.org/resource/ritf-b9ki/12583982"><incidntnum>150429251</incidntnum><category>NON-CRIMINAL</category><descript>AIDED CASE, MENTAL DISTURBED</descript><dayofweek>Sunday</dayofweek><date>2015-05-17T00:00:00</date><time>13:21</time><pddistrict>INGLESIDE</pddistrict><resolution>NONE</resolution><address>4900 Block of MISSION ST</address><x>-122.43910409951</x><y>37.7188312165165</y><location human_address="{&quot;address&quot;:&quot;&quot;,&quot;city&quot;:&quot;&quot;,&quot;state&quot;:&quot;&quot;,&quot;zip&quot;:&quot;&quot;}" latitude="37.7188312165165" longitude="-122.43910409951" needs_recoding="false"/></row>