<?xml version="1.0" encoding="UTF-8"?><row _id="12571689" _uuid="41192C1E-9A3B-4E15-B2B5-E7BD46160A95" _position="12571689" _address="http://data.sfgov.org/resource/ritf-b9ki/12571689"><incidntnum>150391707</incidntnum><category>NON-CRIMINAL</category><descript>AIDED CASE</descript><dayofweek>Tuesday</dayofweek><date>2015-05-05T00:00:00</date><time>19:28</time><pddistrict>MISSION</pddistrict><resolution>NONE</resolution><address>24TH ST / MISSION ST</address><x>-122.418448186101</x><y>37.7522391652625</y><location human_address="{&quot;address&quot;:&quot;&quot;,&quot;city&quot;:&quot;&quot;,&quot;state&quot;:&quot;&quot;,&quot;zip&quot;:&quot;&quot;}" latitude="37.7522391652625" longitude="-122.418448186101" needs_recoding="false"/></row>