<?xml version="1.0" encoding="UTF-8"?><row _id="12604957" _uuid="CCBD2E2B-754F-4056-9796-C8190E5D4922" _position="12604957" _address="http://data.sfgov.org/resource/ritf-b9ki/12604957"><incidntnum>156167798</incidntnum><category>LARCENY/THEFT</category><descript>GRAND THEFT FROM UNLOCKED AUTO</descript><dayofweek>Saturday</dayofweek><date>2015-05-16T00:00:00</date><time>22:00</time><pddistrict>SOUTHERN</pddistrict><resolution>NONE</resolution><address>700 Block of FOLSOM ST</address><x>-122.399724574663</x><y>37.7832351787318</y><location human_address="{&quot;address&quot;:&quot;&quot;,&quot;city&quot;:&quot;&quot;,&quot;state&quot;:&quot;&quot;,&quot;zip&quot;:&quot;&quot;}" latitude="37.7832351787318" longitude="-122.399724574663" needs_recoding="false"/></row>