<?xml version="1.0" encoding="UTF-8"?><row _id="12582047" _uuid="8291F744-7B61-4244-B2E9-3B70DC42DF99" _position="12582047" _address="http://data.sfgov.org/resource/ritf-b9ki/12582047"><incidntnum>150412002</incidntnum><category>OTHER OFFENSES</category><descript>FRAUDULENT GAME OR TRICK, OBTAINING MONEY OR PROPERTY</descript><dayofweek>Monday</dayofweek><date>2015-05-11T00:00:00</date><time>14:30</time><pddistrict>TARAVAL</pddistrict><resolution>NONE</resolution><address>400 Block of URBANO DR</address><x>-122.470136768598</x><y>37.7246284241725</y><location human_address="{&quot;address&quot;:&quot;&quot;,&quot;city&quot;:&quot;&quot;,&quot;state&quot;:&quot;&quot;,&quot;zip&quot;:&quot;&quot;}" latitude="37.7246284241725" longitude="-122.470136768598" needs_recoding="false"/></row>