<?xml version="1.0" encoding="UTF-8"?><row _id="12589202" _uuid="E4F078E1-8107-4CFC-8327-DD993F0B27AA" _position="12589202" _address="http://data.sfgov.org/resource/ritf-b9ki/12589202"><incidntnum>150486223</incidntnum><category>MISSING PERSON</category><descript>MISSING JUVENILE</descript><dayofweek>Thursday</dayofweek><date>2015-05-14T00:00:00</date><time>15:00</time><pddistrict>TARAVAL</pddistrict><resolution>CLEARED-CONTACT JUVENILE FOR MORE INFO</resolution><address>200 Block of ORIZABA AV</address><x>-122.462511777864</x><y>37.7124216201572</y><location human_address="{&quot;address&quot;:&quot;&quot;,&quot;city&quot;:&quot;&quot;,&quot;state&quot;:&quot;&quot;,&quot;zip&quot;:&quot;&quot;}" latitude="37.7124216201572" longitude="-122.462511777864" needs_recoding="false"/></row>