<?xml version="1.0" encoding="UTF-8"?><row _id="12571919" _uuid="E828DDF2-258C-4AF3-A95F-458E34E3B025" _position="12571919" _address="http://data.sfgov.org/resource/ritf-b9ki/12571919"><incidntnum>150399541</incidntnum><category>LARCENY/THEFT</category><descript>GRAND THEFT FROM LOCKED AUTO</descript><dayofweek>Thursday</dayofweek><date>2015-05-07T00:00:00</date><time>20:00</time><pddistrict>CENTRAL</pddistrict><resolution>NONE</resolution><address>GREEN ST / FRONT ST</address><x>-122.400252662923</x><y>37.8006075195541</y><location human_address="{&quot;address&quot;:&quot;&quot;,&quot;city&quot;:&quot;&quot;,&quot;state&quot;:&quot;&quot;,&quot;zip&quot;:&quot;&quot;}" latitude="37.8006075195541" longitude="-122.400252662923" needs_recoding="false"/></row>