<?xml version="1.0" encoding="UTF-8"?><row _id="12573390" _uuid="302DCA12-8000-4191-9711-6A724EFD1BC3" _position="12573390" _address="http://data.sfgov.org/resource/ritf-b9ki/12573390"><incidntnum>156116074</incidntnum><category>LARCENY/THEFT</category><descript>GRAND THEFT FROM LOCKED AUTO</descript><dayofweek>Friday</dayofweek><date>2015-05-08T00:00:00</date><time>18:00</time><pddistrict>PARK</pddistrict><resolution>NONE</resolution><address>GEARY BL / PRESIDIO AV</address><x>-122.445820722284</x><y>37.7824873967177</y><location human_address="{&quot;address&quot;:&quot;&quot;,&quot;city&quot;:&quot;&quot;,&quot;state&quot;:&quot;&quot;,&quot;zip&quot;:&quot;&quot;}" latitude="37.7824873967177" longitude="-122.445820722284" needs_recoding="false"/></row>