<?xml version="1.0" encoding="UTF-8"?><row _id="12577456" _uuid="F94DBD61-4B61-4264-9B7D-308A3AD84C0A" _position="12577456" _address="http://data.sfgov.org/resource/ritf-b9ki/12577456"><incidntnum>150394472</incidntnum><category>ASSAULT</category><descript>THREATS AGAINST LIFE</descript><dayofweek>Tuesday</dayofweek><date>2015-05-05T00:00:00</date><time>22:00</time><pddistrict>TENDERLOIN</pddistrict><resolution>ARREST, BOOKED</resolution><address>300 Block of EDDY ST</address><x>-122.413790972781</x><y>37.7838365565348</y><location human_address="{&quot;address&quot;:&quot;&quot;,&quot;city&quot;:&quot;&quot;,&quot;state&quot;:&quot;&quot;,&quot;zip&quot;:&quot;&quot;}" latitude="37.7838365565348" longitude="-122.413790972781" needs_recoding="false"/></row>