<?xml version="1.0" encoding="UTF-8"?><row _id="12572356" _uuid="C5EC5426-18EA-423A-895F-89D2759312D1" _position="12572356" _address="http://data.sfgov.org/resource/ritf-b9ki/12572356"><incidntnum>150413840</incidntnum><category>OTHER OFFENSES</category><descript>TRAFFIC VIOLATION</descript><dayofweek>Tuesday</dayofweek><date>2015-05-12T00:00:00</date><time>17:51</time><pddistrict>TENDERLOIN</pddistrict><resolution>ARREST, BOOKED</resolution><address>HYDE ST / ELLIS ST</address><x>-122.416075285051</x><y>37.7844496612791</y><location human_address="{&quot;address&quot;:&quot;&quot;,&quot;city&quot;:&quot;&quot;,&quot;state&quot;:&quot;&quot;,&quot;zip&quot;:&quot;&quot;}" latitude="37.7844496612791" longitude="-122.416075285051" needs_recoding="false"/></row>