<?xml version="1.0" encoding="UTF-8"?><row _id="12581189" _uuid="ADA69B96-6BE0-4C13-B8D3-3FA36950C087" _position="12581189" _address="http://data.sfgov.org/resource/ritf-b9ki/12581189"><incidntnum>150399030</incidntnum><category>SUSPICIOUS OCC</category><descript>INVESTIGATIVE DETENTION</descript><dayofweek>Thursday</dayofweek><date>2015-05-07T00:00:00</date><time>19:45</time><pddistrict>MISSION</pddistrict><resolution>NONE</resolution><address>SAN BRUNO AV / 25TH ST</address><x>-122.40424331738</x><y>37.7518459968875</y><location human_address="{&quot;address&quot;:&quot;&quot;,&quot;city&quot;:&quot;&quot;,&quot;state&quot;:&quot;&quot;,&quot;zip&quot;:&quot;&quot;}" latitude="37.7518459968875" longitude="-122.40424331738" needs_recoding="false"/></row>