<?xml version="1.0" encoding="UTF-8"?><row _id="12604034" _uuid="8B162D6E-707A-479E-B65A-4E4AAC43DA54" _position="12604034" _address="http://data.sfgov.org/resource/ritf-b9ki/12604034"><incidntnum>150597795</incidntnum><category>FRAUD</category><descript>FALSE PRETENSES, GRAND THEFT</descript><dayofweek>Tuesday</dayofweek><date>2015-05-12T00:00:00</date><time>15:00</time><pddistrict>TARAVAL</pddistrict><resolution>NONE</resolution><address>2100 Block of 15TH AV</address><x>-122.471614076013</x><y>37.7478887512754</y><location human_address="{&quot;address&quot;:&quot;&quot;,&quot;city&quot;:&quot;&quot;,&quot;state&quot;:&quot;&quot;,&quot;zip&quot;:&quot;&quot;}" latitude="37.7478887512754" longitude="-122.471614076013" needs_recoding="false"/></row>