<?xml version="1.0" encoding="UTF-8"?><row _id="12578067" _uuid="A20B7675-19D5-41FA-87BF-5C45BEE018DD" _position="12578067" _address="http://data.sfgov.org/resource/ritf-b9ki/12578067"><incidntnum>150405104</incidntnum><category>BURGLARY</category><descript>BURGLARY,STORE UNDER CONSTRUCTION, FORCIBLE ENTRY</descript><dayofweek>Friday</dayofweek><date>2015-05-08T00:00:00</date><time>20:00</time><pddistrict>BAYVIEW</pddistrict><resolution>NONE</resolution><address>1700 Block of EGBERT AV</address><x>-122.39829749119</x><y>37.7266121225967</y><location human_address="{&quot;address&quot;:&quot;&quot;,&quot;city&quot;:&quot;&quot;,&quot;state&quot;:&quot;&quot;,&quot;zip&quot;:&quot;&quot;}" latitude="37.7266121225967" longitude="-122.39829749119" needs_recoding="false"/></row>