<?xml version="1.0" encoding="UTF-8"?><row _id="12581229" _uuid="BF04E4F3-FA0F-42A0-9763-51027BA56FCD" _position="12581229" _address="http://data.sfgov.org/resource/ritf-b9ki/12581229"><incidntnum>150409918</incidntnum><category>STOLEN PROPERTY</category><descript>STOLEN PROPERTY, POSSESSION WITH KNOWLEDGE, RECEIVING</descript><dayofweek>Monday</dayofweek><date>2015-05-11T00:00:00</date><time>14:51</time><pddistrict>SOUTHERN</pddistrict><resolution>ARREST, BOOKED</resolution><address>MINNA ST / 5TH ST</address><x>-122.405934320038</x><y>37.782295644598</y><location human_address="{&quot;address&quot;:&quot;&quot;,&quot;city&quot;:&quot;&quot;,&quot;state&quot;:&quot;&quot;,&quot;zip&quot;:&quot;&quot;}" latitude="37.782295644598" longitude="-122.405934320038" needs_recoding="false"/></row>