<?xml version="1.0" encoding="UTF-8"?><row _id="12572483" _uuid="DE2B2CF4-4E01-4A01-9545-43B333422C9F" _position="12572483" _address="http://data.sfgov.org/resource/ritf-b9ki/12572483"><incidntnum>150418549</incidntnum><category>VANDALISM</category><descript>MALICIOUS MISCHIEF, VANDALISM OF VEHICLES</descript><dayofweek>Wednesday</dayofweek><date>2015-05-13T00:00:00</date><time>22:30</time><pddistrict>TENDERLOIN</pddistrict><resolution>NONE</resolution><address>TURK ST / JONES ST</address><x>-122.412414263581</x><y>37.7830037964534</y><location human_address="{&quot;address&quot;:&quot;&quot;,&quot;city&quot;:&quot;&quot;,&quot;state&quot;:&quot;&quot;,&quot;zip&quot;:&quot;&quot;}" latitude="37.7830037964534" longitude="-122.412414263581" needs_recoding="false"/></row>