<?xml version="1.0" encoding="UTF-8"?><row _id="12610457" _uuid="A8B4A09D-E01C-4108-B9C3-27517F096567" _position="12610457" _address="http://data.sfgov.org/resource/ritf-b9ki/12610457"><incidntnum>150507095</incidntnum><category>NON-CRIMINAL</category><descript>CASE CLOSURE</descript><dayofweek>Friday</dayofweek><date>2015-05-15T00:00:00</date><time>00:01</time><pddistrict>TENDERLOIN</pddistrict><resolution>NONE</resolution><address>100 Block of HYDE ST</address><x>-122.415669661443</x><y>37.7821198488931</y><location human_address="{&quot;address&quot;:&quot;&quot;,&quot;city&quot;:&quot;&quot;,&quot;state&quot;:&quot;&quot;,&quot;zip&quot;:&quot;&quot;}" latitude="37.7821198488931" longitude="-122.415669661443" needs_recoding="false"/></row>