<?xml version="1.0" encoding="UTF-8"?><row _id="12591255" _uuid="B5FFA5FC-8383-445E-B00C-6929C5D3E765" _position="12591255" _address="http://data.sfgov.org/resource/ritf-b9ki/12591255"><incidntnum>150486762</incidntnum><category>WEAPON LAWS</category><descript>WEAPON, ASSAULT, POSSESSION, MANUFACTURE, OR SALE</descript><dayofweek>Wednesday</dayofweek><date>2015-06-03T00:00:00</date><time>23:32</time><pddistrict>SOUTHERN</pddistrict><resolution>ARREST, BOOKED</resolution><address>0 Block of 4TH ST</address><x>-122.404956956375</x><y>37.7851178563953</y><location human_address="{&quot;address&quot;:&quot;&quot;,&quot;city&quot;:&quot;&quot;,&quot;state&quot;:&quot;&quot;,&quot;zip&quot;:&quot;&quot;}" latitude="37.7851178563953" longitude="-122.404956956375" needs_recoding="false"/></row>