<?xml version="1.0" encoding="UTF-8"?><row _id="12583078" _uuid="97B62C78-CC97-4DA4-8AE7-01520B2B3006" _position="12583078" _address="http://data.sfgov.org/resource/ritf-b9ki/12583078"><incidntnum>150423980</incidntnum><category>OTHER OFFENSES</category><descript>MISCELLANEOUS INVESTIGATION</descript><dayofweek>Friday</dayofweek><date>2015-05-15T00:00:00</date><time>18:50</time><pddistrict>TARAVAL</pddistrict><resolution>NONE</resolution><address>400 Block of KIRKHAM ST</address><x>-122.465522160917</x><y>37.7602797190358</y><location human_address="{&quot;address&quot;:&quot;&quot;,&quot;city&quot;:&quot;&quot;,&quot;state&quot;:&quot;&quot;,&quot;zip&quot;:&quot;&quot;}" latitude="37.7602797190358" longitude="-122.465522160917" needs_recoding="false"/></row>