<?xml version="1.0" encoding="UTF-8"?><row _id="12571709" _uuid="214E5407-AB1A-47A2-B02E-364926B70724" _position="12571709" _address="http://data.sfgov.org/resource/ritf-b9ki/12571709"><incidntnum>150392266</incidntnum><category>OTHER OFFENSES</category><descript>DRIVERS LICENSE, SUSPENDED OR REVOKED</descript><dayofweek>Tuesday</dayofweek><date>2015-05-05T00:00:00</date><time>23:58</time><pddistrict>MISSION</pddistrict><resolution>ARREST, BOOKED</resolution><address>MISSION ST / 23RD ST</address><x>-122.418596727459</x><y>37.7538382048501</y><location human_address="{&quot;address&quot;:&quot;&quot;,&quot;city&quot;:&quot;&quot;,&quot;state&quot;:&quot;&quot;,&quot;zip&quot;:&quot;&quot;}" latitude="37.7538382048501" longitude="-122.418596727459" needs_recoding="false"/></row>