<?xml version="1.0" encoding="UTF-8"?><row _id="12577981" _uuid="59138BDA-C6E3-4F8A-B270-01DDC224307E" _position="12577981" _address="http://data.sfgov.org/resource/ritf-b9ki/12577981"><incidntnum>150403493</incidntnum><category>MISSING PERSON</category><descript>MISSING JUVENILE</descript><dayofweek>Saturday</dayofweek><date>2015-05-09T00:00:00</date><time>00:23</time><pddistrict>SOUTHERN</pddistrict><resolution>NONE</resolution><address>0 Block of MOSS ST</address><x>-122.407999186749</x><y>37.7778241673064</y><location human_address="{&quot;address&quot;:&quot;&quot;,&quot;city&quot;:&quot;&quot;,&quot;state&quot;:&quot;&quot;,&quot;zip&quot;:&quot;&quot;}" latitude="37.7778241673064" longitude="-122.407999186749" needs_recoding="false"/></row>