<?xml version="1.0" encoding="UTF-8"?><row _id="12578697" _uuid="0E54ADED-BC22-4663-8241-73C2345DEE96" _position="12578697" _address="http://data.sfgov.org/resource/ritf-b9ki/12578697"><incidntnum>150415216</incidntnum><category>LARCENY/THEFT</category><descript>PETTY THEFT FROM LOCKED AUTO</descript><dayofweek>Tuesday</dayofweek><date>2015-05-12T00:00:00</date><time>22:00</time><pddistrict>CENTRAL</pddistrict><resolution>NONE</resolution><address>800 Block of SANSOME ST</address><x>-122.402204951701</x><y>37.7979674610453</y><location human_address="{&quot;address&quot;:&quot;&quot;,&quot;city&quot;:&quot;&quot;,&quot;state&quot;:&quot;&quot;,&quot;zip&quot;:&quot;&quot;}" latitude="37.7979674610453" longitude="-122.402204951701" needs_recoding="false"/></row>