<?xml version="1.0" encoding="UTF-8"?><row _id="12593652" _uuid="F8BF6B6C-E216-4AC6-907E-60D87425164E" _position="12593652" _address="http://data.sfgov.org/resource/ritf-b9ki/12593652"><incidntnum>156139866</incidntnum><category>LARCENY/THEFT</category><descript>GRAND THEFT FROM LOCKED AUTO</descript><dayofweek>Tuesday</dayofweek><date>2015-06-09T00:00:00</date><time>15:00</time><pddistrict>TARAVAL</pddistrict><resolution>NONE</resolution><address>22ND AV / SLOAT BL</address><x>-122.477982448114</x><y>37.7345946149873</y><location human_address="{&quot;address&quot;:&quot;&quot;,&quot;city&quot;:&quot;&quot;,&quot;state&quot;:&quot;&quot;,&quot;zip&quot;:&quot;&quot;}" latitude="37.7345946149873" longitude="-122.477982448114" needs_recoding="false"/></row>