<?xml version="1.0" encoding="UTF-8"?><row _id="12610851" _uuid="7E139582-E1B6-46BB-8245-E94DB5DA7F16" _position="12610851" _address="http://data.sfgov.org/resource/ritf-b9ki/12610851"><incidntnum>150646665</incidntnum><category>NON-CRIMINAL</category><descript>LOST PROPERTY</descript><dayofweek>Saturday</dayofweek><date>2015-05-23T00:00:00</date><time>16:00</time><pddistrict>TARAVAL</pddistrict><resolution>NONE</resolution><address>100 Block of MIRAMAR AV</address><x>-122.458249653315</x><y>37.7209509913653</y><location human_address="{&quot;address&quot;:&quot;&quot;,&quot;city&quot;:&quot;&quot;,&quot;state&quot;:&quot;&quot;,&quot;zip&quot;:&quot;&quot;}" latitude="37.7209509913653" longitude="-122.458249653315" needs_recoding="false"/></row>