<?xml version="1.0" encoding="UTF-8"?><row _id="12581174" _uuid="1D6E57CE-CCE3-4806-93EC-54A4E5FFBFBC" _position="12581174" _address="http://data.sfgov.org/resource/ritf-b9ki/12581174"><incidntnum>150392379</incidntnum><category>BURGLARY</category><descript>BURGLARY, VEHICLE (ARREST MADE)</descript><dayofweek>Wednesday</dayofweek><date>2015-05-06T00:00:00</date><time>00:59</time><pddistrict>NORTHERN</pddistrict><resolution>ARREST, BOOKED</resolution><address>FRANKLIN ST / PACIFIC AV</address><x>-122.424873688619</x><y>37.7946072650051</y><location human_address="{&quot;address&quot;:&quot;&quot;,&quot;city&quot;:&quot;&quot;,&quot;state&quot;:&quot;&quot;,&quot;zip&quot;:&quot;&quot;}" latitude="37.7946072650051" longitude="-122.424873688619" needs_recoding="false"/></row>