<?xml version="1.0" encoding="UTF-8"?><row _id="12579968" _uuid="A1179E63-7C83-4002-85FF-8FA5C27D3C27" _position="12579968" _address="http://data.sfgov.org/resource/ritf-b9ki/12579968"><incidntnum>156115402</incidntnum><category>LARCENY/THEFT</category><descript>GRAND THEFT FROM LOCKED AUTO</descript><dayofweek>Tuesday</dayofweek><date>2015-05-12T00:00:00</date><time>17:00</time><pddistrict>NORTHERN</pddistrict><resolution>NONE</resolution><address>0 Block of FELL ST</address><x>-122.418500584434</x><y>37.7764380944444</y><location human_address="{&quot;address&quot;:&quot;&quot;,&quot;city&quot;:&quot;&quot;,&quot;state&quot;:&quot;&quot;,&quot;zip&quot;:&quot;&quot;}" latitude="37.7764380944444" longitude="-122.418500584434" needs_recoding="false"/></row>