{"type":"Feature", "properties":{"created_us":null, "direct":"2W", "barrier":null, "double":0, "fy":0, "dir":null, "streetname":"COLUMBUS", "cnn":4293000, "from_st":"GRANT AV", "length":0.06, "innovative":null, "date_last_":null, "time_last_":null, "year_insta":2005, "shape_leng":301.66523308, "update_yr":0, "number_":"11", "objectid_1":1266, "notes":null, "sm_sweeper":0, "last_edite":null, "to_st":"VALLEJO ST", "qtr":0, "street_":"Columbus Ave", "date_creat":null, "time_creat":null, "type":"AVE", "shape_len":301.665233075, "facility_t":"BIKE ROUTE", "contraflow":0, "sharrow":1, "objectid":1279, "surface_tr":null, "region":"LINESTRING(-122.40708 37.798152,-122.40787 37.798697)", "name":"BIKE ROUTE - COLUMBUS", "description":{"Length":0.06, "Type":"AVE", "Runs Along":"Columbus Ave", "Start Street":"GRANT AV", "End Street":"VALLEJO ST"}}, "geometry":{"type":"LineString", "coordinates":[[-122.407082925866, 37.7981520565191], [-122.407869496389, 37.7986968612981]]}}