{"type":"Feature", "properties":{"created_us":null, "direct":"2W", "barrier":null, "double":1, "fy":0, "dir":null, "streetname":"RALSTON", "cnn":19656000, "from_st":"LINCOLN BLVD", "length":0.18, "innovative":null, "date_last_":null, "time_last_":null, "year_insta":0, "shape_leng":957.91768632, "update_yr":0, "number_":"61", "objectid_1":3957, "notes":"PRESIDIO", "sm_sweeper":0, "last_edite":null, "to_st":"BATTERY DYNAMITE RD", "qtr":0, "street_":"Ralston Ave", "date_creat":null, "time_creat":null, "type":"AVE", "shape_len":957.91768632, "facility_t":"BIKE ROUTE", "contraflow":0, "sharrow":0, "objectid":1481, "surface_tr":null, "region":"LINESTRING(-122.47581 37.803653,-122.47559 37.803492,-122.47557 37.801682,-122.47561 37.80148,-122.4757 37.80111)", "name":"BIKE ROUTE - RALSTON", "description":{"Length":0.18, "Type":"AVE", "Runs Along":"Ralston Ave", "Start Street":"LINCOLN BLVD", "End Street":"BATTERY DYNAMITE RD"}}, "geometry":{"type":"LineString", "coordinates":[[-122.475810177914, 37.8036533624198], [-122.475586890336, 37.8034920521164], [-122.475568632472, 37.8016822918465], [-122.47560625427, 37.8014803163809], [-122.475696814059, 37.8011100606043]]}}