{"type":"Feature", "properties":{"created_us":null, "direct":"2W", "barrier":null, "double":0, "fy":0, "dir":null, "streetname":"TRANSVERSE", "cnn":12673000, "from_st":"MIDDLE DR", "length":0.16, "innovative":null, "date_last_":null, "time_last_":null, "year_insta":0, "shape_leng":832.65950223, "update_yr":0, "number_":"75", "objectid_1":718, "notes":null, "sm_sweeper":0, "last_edite":null, "to_st":"OVERLOOK DR", "qtr":0, "street_":"Transverse Dr", "date_creat":null, "time_creat":null, "type":"DR", "shape_len":832.659502243, "facility_t":"BIKE ROUTE", "contraflow":0, "sharrow":0, "objectid":722, "surface_tr":null, "region":"LINESTRING(-122.47969 37.767762,-122.47916 37.768635,-122.47909 37.768826,-122.47905 37.768997,-122.47909 37.769215,-122.47917 37.769396,-122.47923 37.769521,-122.47946 37.769877)", "name":"BIKE ROUTE - TRANSVERSE", "description":{"Length":0.16, "Type":"DR", "Runs Along":"Transverse Dr", "Start Street":"MIDDLE DR", "End Street":"OVERLOOK DR"}}, "geometry":{"type":"LineString", "coordinates":[[-122.479685369808, 37.7677621052277], [-122.479161620679, 37.7686346080959], [-122.479085627591, 37.7688263518333], [-122.479054483683, 37.768996751218], [-122.479089493026, 37.7692149442696], [-122.47916894105, 37.7693963563887], [-122.47923066701, 37.7695214399298], [-122.479463553804, 37.7698769669841]]}}