{"type":"Feature", "properties":{"created_us":null, "direct":"2W", "barrier":null, "double":1, "fy":0, "dir":null, "streetname":"8TH", "cnn":417000, "from_st":"BRANNAN ST", "length":0.12, "innovative":null, "date_last_":null, "time_last_":null, "year_insta":1998, "shape_leng":633.77443043, "update_yr":0, "number_":"30", "objectid_1":4232, "notes":"1", "sm_sweeper":0, "last_edite":null, "to_st":"TOWNSEND ST", "qtr":0, "street_":"8th St", "date_creat":null, "time_creat":null, "type":"ST", "shape_len":633.774430417, "facility_t":"BIKE LANE", "contraflow":0, "sharrow":0, "objectid":1790, "surface_tr":null, "region":"LINESTRING(-122.40542 37.771296,-122.40388 37.770063)", "name":"BIKE LANE - 8TH", "description":{"Length":0.12, "Type":"ST", "Runs Along":"8th St", "Start Street":"BRANNAN ST", "End Street":"TOWNSEND ST"}}, "geometry":{"type":"LineString", "coordinates":[[-122.405424734567, 37.771296352761], [-122.403877700653, 37.7700628663317]]}}