{"type":"Feature", "properties":{"created_us":null, "direct":"2W", "barrier":null, "double":1, "fy":0, "dir":null, "streetname":"TOWNSEND", "cnn":12666000, "from_st":"7TH ST", "length":0.17, "innovative":null, "date_last_":null, "time_last_":null, "year_insta":2010, "shape_leng":905.6084846, "update_yr":0, "number_":"23", "objectid_1":4230, "notes":"1", "sm_sweeper":0, "last_edite":null, "to_st":"DIVISION ST", "qtr":0, "street_":"Townsend St", "date_creat":null, "time_creat":null, "type":"ST", "shape_len":905.608484594, "facility_t":"BIKE LANE", "contraflow":0, "sharrow":0, "objectid":1788, "surface_tr":null, "region":"LINESTRING(-122.40166 37.771817,-122.40388 37.770063)", "name":"BIKE LANE - TOWNSEND", "description":{"Length":0.17, "Type":"ST", "Runs Along":"Townsend St", "Start Street":"7TH ST", "End Street":"DIVISION ST"}}, "geometry":{"type":"LineString", "coordinates":[[-122.401656681074, 37.7718171253767], [-122.403877700653, 37.7700628663317]]}}