{"type":"Feature", "properties":{"created_us":null, "direct":"2W", "barrier":null, "double":1, "fy":0, "dir":null, "streetname":"SKYLINE", "cnn":11938000, "from_st":"SLOAT BLVD", "length":0.2, "innovative":null, "date_last_":null, "time_last_":null, "year_insta":0, "shape_leng":1079.695795, "update_yr":0, "number_":"95", "objectid_1":2751, "notes":"1", "sm_sweeper":0, "last_edite":null, "to_st":"LAKE MERCED BLVD", "qtr":0, "street_":"Skyline Blvd", "date_creat":null, "time_creat":null, "type":"BLVD", "shape_len":1079.695795, "facility_t":"BIKE ROUTE", "contraflow":0, "sharrow":0, "objectid":237, "surface_tr":null, "region":"LINESTRING(-122.49664 37.733771,-122.49676 37.733586,-122.49746 37.733013,-122.49811 37.732268,-122.49819 37.731912,-122.49819 37.731533,-122.49814 37.731374,-122.498 37.731278)", "name":"BIKE ROUTE - SKYLINE", "description":{"Length":0.2, "Type":"BLVD", "Runs Along":"Skyline Blvd", "Start Street":"SLOAT BLVD", "End Street":"LAKE MERCED BLVD"}}, "geometry":{"type":"LineString", "coordinates":[[-122.496635996941, 37.7337708426027], [-122.496759944866, 37.7335862960493], [-122.497455764781, 37.7330132643893], [-122.498106916203, 37.7322678920447], [-122.498193238871, 37.7319121380384], [-122.498189462031, 37.7315332244327], [-122.498143504448, 37.7313738075964], [-122.498001636502, 37.7312778324593]]}}