{"type":"Feature", "properties":{"created_us":null, "direct":"2W", "barrier":null, "double":0, "fy":0, "dir":null, "streetname":"CLAY", "cnn":4083000, "from_st":"BATTERY ST", "length":0.06, "innovative":null, "date_last_":null, "time_last_":null, "year_insta":2010, "shape_leng":342.54014267, "update_yr":0, "number_":"11", "objectid_1":489, "notes":null, "sm_sweeper":0, "last_edite":null, "to_st":"SANSOME ST", "qtr":0, "street_":"Clay St", "date_creat":null, "time_creat":null, "type":"ST", "shape_len":342.540142673, "facility_t":"BIKE ROUTE", "contraflow":0, "sharrow":1, "objectid":491, "surface_tr":null, "region":"LINESTRING(-122.40033 37.795013,-122.40046 37.794961,-122.40138 37.794849,-122.40149 37.794839)", "name":"BIKE ROUTE - CLAY", "description":{"Length":0.06, "Type":"ST", "Runs Along":"Clay St", "Start Street":"BATTERY ST", "End Street":"SANSOME ST"}}, "geometry":{"type":"LineString", "coordinates":[[-122.400329332836, 37.7950131497684], [-122.400459769378, 37.7949605239753], [-122.401377747471, 37.7948489220454], [-122.401487580651, 37.7948394988032]]}}