{"type":"Feature", "properties":{"created_us":null, "direct":"2W", "barrier":null, "double":0, "fy":0, "dir":null, "streetname":"ILLINOIS", "cnn":7166000, "from_st":"MARIPOSA ST", "length":0.09, "innovative":null, "date_last_":null, "time_last_":null, "year_insta":2011, "shape_leng":464.55801645, "update_yr":0, "number_":"70", "objectid_1":2431, "notes":null, "sm_sweeper":0, "last_edite":null, "to_st":"18TH ST", "qtr":0, "street_":"Illinois St", "date_creat":null, "time_creat":null, "type":"ST", "shape_len":464.558016444, "facility_t":"BIKE LANE", "contraflow":0, "sharrow":0, "objectid":2468, "surface_tr":null, "region":"LINESTRING(-122.38792 37.764379,-122.38779 37.763107)", "name":"BIKE LANE - ILLINOIS", "description":{"Length":0.09, "Type":"ST", "Runs Along":"Illinois St", "Start Street":"MARIPOSA ST", "End Street":"18TH ST"}}, "geometry":{"type":"LineString", "coordinates":[[-122.387916811112, 37.7643793706766], [-122.387794795697, 37.7631072171944]]}}