{"type":"Feature", "properties":{"created_us":null, "direct":"2W", "barrier":null, "double":0, "fy":0, "dir":"N", "streetname":"SCOTT", "cnn":11684000, "from_st":"HAIGHT ST", "length":0.07, "innovative":"WIGGLE IMPROVEMENTS", "date_last_":null, "time_last_":null, "year_insta":2000, "shape_leng":346.1078703, "update_yr":0, "number_":"20", "objectid_1":2312, "notes":null, "sm_sweeper":0, "last_edite":null, "to_st":"PAGE ST", "qtr":0, "street_":"Scott St", "date_creat":null, "time_creat":null, "type":"ST", "shape_len":346.107870295, "facility_t":"BIKE LANE", "contraflow":0, "sharrow":1, "objectid":2344, "surface_tr":"GREEN-BACKED SHARROWS", "region":"LINESTRING(-122.43537 37.771479,-122.43556 37.772418)", "name":"BIKE LANE - SCOTT", "description":{"Length":0.07, "Type":"ST", "Runs Along":"Scott St", "Start Street":"HAIGHT ST", "End Street":"PAGE ST"}}, "geometry":{"type":"LineString", "coordinates":[[-122.435372982864, 37.7714794845559], [-122.435563320266, 37.7724179298657]]}}