{"type":"Feature", "properties":{"created_us":null, "direct":"2W", "barrier":null, "double":1, "fy":0, "dir":null, "streetname":"17TH", "cnn":806000, "from_st":"SANCHEZ ST", "length":0.04, "innovative":null, "date_last_":null, "time_last_":null, "year_insta":0, "shape_leng":237.17804691, "update_yr":0, "number_":"40", "objectid_1":3150, "notes":"1", "sm_sweeper":0, "last_edite":null, "to_st":"PROSPER ST", "qtr":0, "street_":"17th St", "date_creat":null, "time_creat":null, "type":"ST", "shape_len":237.178046902, "facility_t":"BIKE ROUTE", "contraflow":0, "sharrow":0, "objectid":651, "surface_tr":null, "region":"LINESTRING(-122.43073 37.762753,-122.43154 37.762703)", "name":"BIKE ROUTE - 17TH", "description":{"Length":0.04, "Type":"ST", "Runs Along":"17th St", "Start Street":"SANCHEZ ST", "End Street":"PROSPER ST"}}, "geometry":{"type":"LineString", "coordinates":[[-122.430726723355, 37.7627526703488], [-122.431544840032, 37.7627031740605]]}}