{"type":"Feature", "properties":{"created_us":null, "direct":"2W", "barrier":null, "double":1, "fy":0, "dir":null, "streetname":"VICENTE", "cnn":13245000, "from_st":"19TH AV", "length":0.06, "innovative":null, "date_last_":null, "time_last_":null, "year_insta":2006, "shape_leng":311.88691659, "update_yr":0, "number_":"60", "objectid_1":3535, "notes":"1", "sm_sweeper":0, "last_edite":null, "to_st":"20TH AV", "qtr":0, "street_":"Vicente St", "date_creat":null, "time_creat":null, "type":"ST", "shape_len":311.886916589, "facility_t":"BIKE ROUTE", "contraflow":0, "sharrow":1, "objectid":1048, "surface_tr":null, "region":"LINESTRING(-122.47541 37.739325,-122.47649 37.739277)", "name":"BIKE ROUTE - VICENTE", "description":{"Length":0.06, "Type":"ST", "Runs Along":"Vicente St", "Start Street":"19TH AV", "End Street":"20TH AV"}}, "geometry":{"type":"LineString", "coordinates":[[-122.475409074751, 37.7393254326343], [-122.476485968559, 37.7392773414794]]}}