{"type":"Feature", "properties":{"created_us":null, "direct":"2W", "barrier":null, "double":1, "fy":0, "dir":"E", "streetname":"CABRILLO", "cnn":3515000, "from_st":"48TH AV", "length":0.06, "innovative":null, "date_last_":null, "time_last_":null, "year_insta":1997, "shape_leng":312.40636346, "update_yr":0, "number_":"20", "objectid_1":2297, "notes":"1", "sm_sweeper":0, "last_edite":null, "to_st":"LA PLAYA ST", "qtr":0, "street_":"Cabrillo St", "date_creat":null, "time_creat":null, "type":"ST", "shape_len":312.406363465, "facility_t":"BIKE ROUTE", "contraflow":0, "sharrow":1, "objectid":2329, "surface_tr":null, "region":"LINESTRING(-122.50896 37.773309,-122.51004 37.773259)", "name":"BIKE ROUTE - CABRILLO", "description":{"Length":0.06, "Type":"ST", "Runs Along":"Cabrillo St", "Start Street":"48TH AV", "End Street":"LA PLAYA ST"}}, "geometry":{"type":"LineString", "coordinates":[[-122.508957872127, 37.773308989409], [-122.51003695605, 37.7732594694464]]}}