{"type":"Feature", "properties":{"created_us":null, "direct":"2W", "barrier":null, "double":0, "fy":0, "dir":null, "streetname":"BAYSHORE", "cnn":2801101, "from_st":"CORTLAND AV", "length":0.02, "innovative":"BUFFERED BIKE LANE", "date_last_":null, "time_last_":null, "year_insta":2012, "shape_leng":115.06226688, "update_yr":0, "number_":"25", "objectid_1":1556, "notes":null, "sm_sweeper":0, "last_edite":null, "to_st":"WATERLOO ST", "qtr":0, "street_":"Bayshore Blvd", "date_creat":null, "time_creat":null, "type":"BLVD", "shape_len":115.062266885, "facility_t":"BIKE LANE", "contraflow":0, "sharrow":0, "objectid":1574, "surface_tr":null, "region":"LINESTRING(-122.40698 37.739566,-122.40701 37.739251)", "name":"BIKE LANE - BAYSHORE", "description":{"Length":0.02, "Type":"BLVD", "Runs Along":"Bayshore Blvd", "Start Street":"CORTLAND AV", "End Street":"WATERLOO ST"}}, "geometry":{"type":"LineString", "coordinates":[[-122.406978585141, 37.7395662723375], [-122.407007383822, 37.7392510991927]]}}