{"type":"Feature", "properties":{"created_us":null, "direct":"2W", "barrier":null, "double":1, "fy":0, "dir":null, "streetname":"SILVER", "cnn":11904000, "from_st":"HARVARD ST", "length":0.06, "innovative":null, "date_last_":null, "time_last_":null, "year_insta":2005, "shape_leng":309.64506029, "update_yr":0, "number_":"70", "objectid_1":3450, "notes":"1", "sm_sweeper":0, "last_edite":null, "to_st":"SUNGLOW LN", "qtr":0, "street_":"Silver Ave", "date_creat":null, "time_creat":null, "type":"AVE", "shape_len":309.645060285, "facility_t":"BIKE ROUTE", "contraflow":0, "sharrow":1, "objectid":963, "surface_tr":null, "region":"LINESTRING(-122.4216 37.728876,-122.42053 37.728928)", "name":"BIKE ROUTE - SILVER", "description":{"Length":0.06, "Type":"AVE", "Runs Along":"Silver Ave", "Start Street":"HARVARD ST", "End Street":"SUNGLOW LN"}}, "geometry":{"type":"LineString", "coordinates":[[-122.421596616146, 37.728875965484], [-122.420527949568, 37.7289282525479]]}}