{"type":"Feature", "properties":{"created_us":null, "direct":"2W", "barrier":null, "double":0, "fy":0, "dir":null, "streetname":"SUTTER", "cnn":12318000, "from_st":"TRINITY ST", "length":0.07, "innovative":null, "date_last_":null, "time_last_":null, "year_insta":2010, "shape_leng":383.03088769, "update_yr":0, "number_":"16", "objectid_1":479, "notes":null, "sm_sweeper":0, "last_edite":null, "to_st":"KEARNY ST", "qtr":0, "street_":"Sutter St", "date_creat":null, "time_creat":null, "type":"ST", "shape_len":383.030887697, "facility_t":"BIKE ROUTE", "contraflow":0, "sharrow":1, "objectid":481, "surface_tr":null, "region":"LINESTRING(-122.40253 37.789996,-122.40384 37.789829)", "name":"BIKE ROUTE - SUTTER", "description":{"Length":0.07, "Type":"ST", "Runs Along":"Sutter St", "Start Street":"TRINITY ST", "End Street":"KEARNY ST"}}, "geometry":{"type":"LineString", "coordinates":[[-122.402532679431, 37.7899955408976], [-122.403841564398, 37.7898293389283]]}}