{"type":"Feature", "properties":{"created_us":null, "direct":"2W", "barrier":null, "double":1, "fy":0, "dir":null, "streetname":"CORBETT", "cnn":4386000, "from_st":"COPPER AL", "length":0.06, "innovative":null, "date_last_":null, "time_last_":null, "year_insta":2010, "shape_leng":292.91248228, "update_yr":0, "number_":"50", "objectid_1":3179, "notes":"1", "sm_sweeper":0, "last_edite":null, "to_st":"GRAYSTONE TERR", "qtr":0, "street_":"Corbett Ave", "date_creat":null, "time_creat":null, "type":"AVE", "shape_len":292.91248229, "facility_t":"BIKE ROUTE", "contraflow":0, "sharrow":1, "objectid":680, "surface_tr":null, "region":"LINESTRING(-122.44351 37.757016,-122.44328 37.756234)", "name":"BIKE ROUTE - CORBETT", "description":{"Length":0.06, "Type":"AVE", "Runs Along":"Corbett Ave", "Start Street":"COPPER AL", "End Street":"GRAYSTONE TERR"}}, "geometry":{"type":"LineString", "coordinates":[[-122.44351311542, 37.7570158986524], [-122.44327613334, 37.7562337723994]]}}