{"type":"Feature", "properties":{"created_us":null, "direct":"2W", "barrier":null, "double":0, "fy":0, "dir":null, "streetname":"CLAYTON", "cnn":4132000, "from_st":"HAIGHT ST", "length":0.07, "innovative":null, "date_last_":null, "time_last_":null, "year_insta":2010, "shape_leng":344.17482174, "update_yr":0, "number_":"55", "objectid_1":778, "notes":null, "sm_sweeper":0, "last_edite":null, "to_st":"WALLER ST", "qtr":0, "street_":"Clayton St", "date_creat":null, "time_creat":null, "type":"ST", "shape_len":344.17482175, "facility_t":"BIKE ROUTE", "contraflow":0, "sharrow":1, "objectid":785, "surface_tr":null, "region":"LINESTRING(-122.44858 37.769798,-122.44839 37.768865)", "name":"BIKE ROUTE - CLAYTON", "description":{"Length":0.07, "Type":"ST", "Runs Along":"Clayton St", "Start Street":"HAIGHT ST", "End Street":"WALLER ST"}}, "geometry":{"type":"LineString", "coordinates":[[-122.448578815972, 37.7697978508787], [-122.448389685741, 37.7688646288942]]}}