{"type":"Feature", "properties":{"created_us":null, "direct":"2W", "barrier":null, "double":0, "fy":14, "dir":null, "streetname":"CESAR CHAVEZ", "cnn":2490102, "from_st":"SAN JOSE AV", "length":0.06, "innovative":null, "date_last_":null, "time_last_":null, "year_insta":2014, "shape_leng":318.94017591, "update_yr":2014, "number_":"60", "objectid_1":605, "notes":null, "sm_sweeper":0, "last_edite":null, "to_st":"GUERRERO ST", "qtr":3, "street_":"Cesar Chavez St", "date_creat":null, "time_creat":null, "type":"ST", "shape_len":318.940175901, "facility_t":"BIKE LANE", "contraflow":0, "sharrow":0, "objectid":607, "surface_tr":null, "region":"LINESTRING(-122.42139 37.748073,-122.42249 37.748013)", "name":"BIKE LANE - CESAR CHAVEZ", "description":{"Length":0.06, "Type":"ST", "Runs Along":"Cesar Chavez St", "Start Street":"SAN JOSE AV", "End Street":"GUERRERO ST"}}, "geometry":{"type":"LineString", "coordinates":[[-122.421386768155, 37.7480726397449], [-122.422487363808, 37.7480134498002]]}}