{"type":"Feature", "properties":{"created_us":null, "direct":"2W", "barrier":null, "double":0, "fy":0, "dir":null, "streetname":"MARKET", "cnn":8742202, "from_st":"BATTERY ST", "length":0.04, "innovative":null, "date_last_":null, "time_last_":null, "year_insta":2006, "shape_leng":233.47972463, "update_yr":0, "number_":"50", "objectid_1":456, "notes":null, "sm_sweeper":0, "last_edite":null, "to_st":"SUTTER ST", "qtr":0, "street_":"Market St", "date_creat":null, "time_creat":null, "type":"ST", "shape_len":233.479724636, "facility_t":"BIKE ROUTE", "contraflow":0, "sharrow":1, "objectid":458, "surface_tr":null, "region":"LINESTRING(-122.39948 37.790744,-122.40007 37.790304)", "name":"BIKE ROUTE - MARKET", "description":{"Length":0.04, "Type":"ST", "Runs Along":"Market St", "Start Street":"BATTERY ST", "End Street":"SUTTER ST"}}, "geometry":{"type":"LineString", "coordinates":[[-122.399480001771, 37.790744297341], [-122.400067227803, 37.7903038589204]]}}