{"type":"Feature", "properties":{"created_us":null, "direct":"2W", "barrier":null, "double":0, "fy":0, "dir":null, "streetname":"INDIANA", "cnn":7201000, "from_st":"ARMY ST", "length":0.09, "innovative":null, "date_last_":null, "time_last_":null, "year_insta":1997, "shape_leng":487.04675339, "update_yr":0, "number_":"45", "objectid_1":1688, "notes":null, "sm_sweeper":0, "last_edite":null, "to_st":"MARIN ST", "qtr":0, "street_":"Indiana St", "date_creat":null, "time_creat":null, "type":"ST", "shape_len":487.046753391, "facility_t":"BIKE LANE", "contraflow":0, "sharrow":0, "objectid":1717, "surface_tr":null, "region":"LINESTRING(-122.39043 37.750118,-122.3903 37.748785)", "name":"BIKE LANE - INDIANA", "description":{"Length":0.09, "Type":"ST", "Runs Along":"Indiana St", "Start Street":"ARMY ST", "End Street":"MARIN ST"}}, "geometry":{"type":"LineString", "coordinates":[[-122.390433037715, 37.7501183419837], [-122.390296005321, 37.748785173828]]}}