{"type":"Feature", "properties":{"created_us":null, "direct":"2W", "barrier":null, "double":1, "fy":0, "dir":null, "streetname":"16TH", "cnn":706000, "from_st":"8TH ST", "length":0.03, "innovative":null, "date_last_":null, "time_last_":null, "year_insta":1996, "shape_leng":179.82408257, "update_yr":0, "number_":"40", "objectid_1":4576, "notes":"1", "sm_sweeper":0, "last_edite":null, "to_st":"WISCONSIN ST", "qtr":0, "street_":"16th St", "date_creat":null, "time_creat":null, "type":"ST", "shape_len":179.824082577, "facility_t":"BIKE LANE", "contraflow":0, "sharrow":0, "objectid":2198, "surface_tr":null, "region":"LINESTRING(-122.39914 37.766289,-122.39976 37.76625)", "name":"BIKE LANE - 16TH", "description":{"Length":0.03, "Type":"ST", "Runs Along":"16th St", "Start Street":"8TH ST", "End Street":"WISCONSIN ST"}}, "geometry":{"type":"LineString", "coordinates":[[-122.399140785841, 37.7662891766528], [-122.399760959938, 37.7662502520603]]}}