{"type":"Feature", "properties":{"created_us":null, "direct":"2W", "barrier":null, "double":1, "fy":0, "dir":null, "streetname":"EL CAMINO DEL MAR", "cnn":5125102, "from_st":"MC LAREN AV", "length":0.02, "innovative":null, "date_last_":null, "time_last_":null, "year_insta":0, "shape_leng":94.35658398, "update_yr":0, "number_":"65", "objectid_1":3237, "notes":"1", "sm_sweeper":0, "last_edite":null, "to_st":"30TH AV", "qtr":0, "street_":"El Camino Del Mar", "date_creat":null, "time_creat":null, "type":null, "shape_len":94.3565839758, "facility_t":"BIKE ROUTE", "contraflow":0, "sharrow":0, "objectid":741, "surface_tr":null, "region":"LINESTRING(-122.49025 37.786364,-122.49038 37.786314,-122.49056 37.786283)", "name":"BIKE ROUTE - EL CAMINO DEL MAR", "description":{"Length":0.02, "Type":null, "Runs Along":"El Camino Del Mar", "Start Street":"MC LAREN AV", "End Street":"30TH AV"}}, "geometry":{"type":"LineString", "coordinates":[[-122.490253813456, 37.7863641882336], [-122.490377914613, 37.7863142830466], [-122.490561088596, 37.7862828929354]]}}