{"type":"Feature", "properties":{"created_us":null, "direct":"2W", "barrier":null, "double":1, "fy":0, "dir":null, "streetname":"SILVER", "cnn":11896000, "from_st":"CRAUT ST", "length":0.03, "innovative":null, "date_last_":null, "time_last_":null, "year_insta":2005, "shape_leng":182.04562794, "update_yr":0, "number_":"70", "objectid_1":3443, "notes":"1", "sm_sweeper":0, "last_edite":null, "to_st":"MADRID ST", "qtr":0, "street_":"Silver Ave", "date_creat":null, "time_creat":null, "type":"AVE", "shape_len":182.045627939, "facility_t":"BIKE ROUTE", "contraflow":0, "sharrow":1, "objectid":956, "surface_tr":null, "region":"LINESTRING(-122.42821 37.728545,-122.42758 37.728566)", "name":"BIKE ROUTE - SILVER", "description":{"Length":0.03, "Type":"AVE", "Runs Along":"Silver Ave", "Start Street":"CRAUT ST", "End Street":"MADRID ST"}}, "geometry":{"type":"LineString", "coordinates":[[-122.428208901727, 37.7285451372938], [-122.427579990602, 37.7285663022675]]}}