{"type":"Feature", "properties":{"created_us":null, "direct":"2W", "barrier":null, "double":1, "fy":0, "dir":null, "streetname":"CABRILLO", "cnn":3499000, "from_st":"32ND AV", "length":0.06, "innovative":null, "date_last_":null, "time_last_":null, "year_insta":1997, "shape_leng":312.39126966, "update_yr":0, "number_":"20", "objectid_1":4684, "notes":"1", "sm_sweeper":0, "last_edite":null, "to_st":"33RD AV", "qtr":0, "street_":"Cabrillo St", "date_creat":null, "time_creat":null, "type":"ST", "shape_len":312.391269662, "facility_t":"BIKE LANE", "contraflow":0, "sharrow":0, "objectid":2314, "surface_tr":null, "region":"LINESTRING(-122.49182 37.774094,-122.4929 37.774045)", "name":"BIKE LANE - CABRILLO", "description":{"Length":0.06, "Type":"ST", "Runs Along":"Cabrillo St", "Start Street":"32ND AV", "End Street":"33RD AV"}}, "geometry":{"type":"LineString", "coordinates":[[-122.491823754856, 37.7740939544732], [-122.492902809406, 37.7740445931227]]}}