{"type":"Feature", "properties":{"created_us":null, "direct":"2W", "barrier":null, "double":1, "fy":0, "dir":null, "streetname":"16TH", "cnn":709000, "from_st":"DE HARO ST", "length":0.05, "innovative":null, "date_last_":null, "time_last_":null, "year_insta":1996, "shape_leng":279.57412364, "update_yr":0, "number_":"33", "objectid_1":4583, "notes":"1", "sm_sweeper":0, "last_edite":null, "to_st":"RHODE ISLAND ST", "qtr":0, "street_":"16th St", "date_creat":null, "time_creat":null, "type":"ST", "shape_len":279.574123637, "facility_t":"BIKE LANE", "contraflow":0, "sharrow":0, "objectid":2205, "surface_tr":null, "region":"LINESTRING(-122.40172 37.766133,-122.40268 37.766075)", "name":"BIKE LANE - 16TH", "description":{"Length":0.05, "Type":"ST", "Runs Along":"16th St", "Start Street":"DE HARO ST", "End Street":"RHODE ISLAND ST"}}, "geometry":{"type":"LineString", "coordinates":[[-122.401720515196, 37.7661325205971], [-122.402684956973, 37.7660746075321]]}}