{"type":"Feature", "properties":{"created_us":null, "direct":"2W", "barrier":null, "double":0, "fy":0, "dir":null, "streetname":"CLEMENT", "cnn":4188000, "from_st":"39TH AV", "length":0.06, "innovative":null, "date_last_":null, "time_last_":null, "year_insta":2004, "shape_leng":311.06003809, "update_yr":0, "number_":"95", "objectid_1":1407, "notes":null, "sm_sweeper":0, "last_edite":null, "to_st":"40TH AV", "qtr":0, "street_":"Clement St", "date_creat":null, "time_creat":null, "type":"ST", "shape_len":311.06003809, "facility_t":"BIKE ROUTE", "contraflow":0, "sharrow":1, "objectid":1424, "surface_tr":null, "region":"LINESTRING(-122.49987 37.781327,-122.50095 37.781277)", "name":"BIKE ROUTE - CLEMENT", "description":{"Length":0.06, "Type":"ST", "Runs Along":"Clement St", "Start Street":"39TH AV", "End Street":"40TH AV"}}, "geometry":{"type":"LineString", "coordinates":[[-122.499870570753, 37.7813271962073], [-122.500945050881, 37.7812769456813]]}}