{"type":"Feature", "properties":{"created_us":null, "direct":"2W", "barrier":null, "double":1, "fy":0, "dir":null, "streetname":"PORTOLA", "cnn":10618104, "from_st":"MARNE AV", "length":0.04, "innovative":null, "date_last_":null, "time_last_":null, "year_insta":2011, "shape_leng":211.33432988, "update_yr":0, "number_":"50", "objectid_1":2883, "notes":"1", "sm_sweeper":0, "last_edite":null, "to_st":"KENSINGTON WY", "qtr":0, "street_":"Portola Dr", "date_creat":null, "time_creat":null, "type":"DR", "shape_len":211.334329864, "facility_t":"BIKE LANE", "contraflow":0, "sharrow":0, "objectid":371, "surface_tr":null, "region":"LINESTRING(-122.4582 37.740694,-122.45844 37.740628,-122.4589 37.740535)", "name":"BIKE LANE - PORTOLA", "description":{"Length":0.04, "Type":"DR", "Runs Along":"Portola Dr", "Start Street":"MARNE AV", "End Street":"KENSINGTON WY"}}, "geometry":{"type":"LineString", "coordinates":[[-122.458202332914, 37.7406939245105], [-122.458441662907, 37.740627670049], [-122.458904664453, 37.7405352219102]]}}