{"type":"Feature", "properties":{"created_us":null, "direct":"2W", "barrier":null, "double":0, "fy":0, "dir":"W", "streetname":"OCEAN", "cnn":9815202, "from_st":"I-280 SOUTH OFF-RAMP", "length":0.02, "innovative":null, "date_last_":null, "time_last_":null, "year_insta":2010, "shape_leng":113.39749068, "update_yr":0, "number_":"84", "objectid_1":4968, "notes":null, "sm_sweeper":0, "last_edite":null, "to_st":"HOWTH ST", "qtr":0, "street_":"Ocean Ave", "date_creat":null, "time_creat":null, "type":"AVE", "shape_len":113.397490685, "facility_t":"BIKE ROUTE", "contraflow":0, "sharrow":1, "objectid":2096, "surface_tr":null, "region":"LINESTRING(-122.44917 37.722981,-122.44956 37.722961)", "name":"BIKE ROUTE - OCEAN", "description":{"Length":0.02, "Type":"AVE", "Runs Along":"Ocean Ave", "Start Street":"I-280 SOUTH OFF-RAMP", "End Street":"HOWTH ST"}}, "geometry":{"type":"LineString", "coordinates":[[-122.449167341607, 37.722981179586], [-122.449558618759, 37.7229613197147]]}}