{"type":"Feature", "properties":{"created_us":null, "direct":"2W", "barrier":null, "double":1, "fy":0, "dir":null, "streetname":"22ND", "cnn":1197000, "from_st":"FAIR OAKS ST", "length":0.03, "innovative":null, "date_last_":null, "time_last_":null, "year_insta":2010, "shape_leng":154.47662432, "update_yr":0, "number_":"44", "objectid_1":3818, "notes":"1", "sm_sweeper":0, "last_edite":null, "to_st":"QUANE ST", "qtr":0, "street_":"22nd St", "date_creat":null, "time_creat":null, "type":"ST", "shape_len":154.476624325, "facility_t":"BIKE ROUTE", "contraflow":0, "sharrow":1, "objectid":1333, "surface_tr":null, "region":"LINESTRING(-122.42429 37.755106,-122.42482 37.755075)", "name":"BIKE ROUTE - 22ND", "description":{"Length":0.03, "Type":"ST", "Runs Along":"22nd St", "Start Street":"FAIR OAKS ST", "End Street":"QUANE ST"}}, "geometry":{"type":"LineString", "coordinates":[[-122.424289761941, 37.7551057631203], [-122.424822692119, 37.7550749831289]]}}