{"type":"Feature", "properties":{"created_us":null, "direct":"2W", "barrier":null, "double":0, "fy":0, "dir":null, "streetname":"TOWNSEND", "cnn":12659000, "from_st":"3RD ST", "length":0.04, "innovative":null, "date_last_":null, "time_last_":null, "year_insta":2010, "shape_leng":219.01120632, "update_yr":0, "number_":"23", "objectid_1":2020, "notes":null, "sm_sweeper":0, "last_edite":null, "to_st":"RITCH ST", "qtr":0, "street_":"Townsend St", "date_creat":null, "time_creat":null, "type":"ST", "shape_len":219.011206332, "facility_t":"BIKE LANE", "contraflow":0, "sharrow":0, "objectid":2051, "surface_tr":null, "region":"LINESTRING(-122.39275 37.778852,-122.39329 37.778427)", "name":"BIKE LANE - TOWNSEND", "description":{"Length":0.04, "Type":"ST", "Runs Along":"Townsend St", "Start Street":"3RD ST", "End Street":"RITCH ST"}}, "geometry":{"type":"LineString", "coordinates":[[-122.39274978677, 37.7788517175201], [-122.393286996334, 37.7784274905253]]}}