{"type":"Feature", "properties":{"created_us":null, "direct":"2W", "barrier":null, "double":0, "fy":0, "dir":null, "streetname":"17TH", "cnn":800000, "from_st":"HARTFORD ST", "length":0.07, "innovative":null, "date_last_":null, "time_last_":null, "year_insta":0, "shape_leng":348.60103567, "update_yr":0, "number_":"40", "objectid_1":636, "notes":null, "sm_sweeper":0, "last_edite":null, "to_st":"CASTRO ST", "qtr":0, "street_":"17th St", "date_creat":null, "time_creat":null, "type":"ST", "shape_len":348.601035679, "facility_t":"BIKE ROUTE", "contraflow":0, "sharrow":0, "objectid":640, "surface_tr":null, "region":"LINESTRING(-122.43406 37.762551,-122.43494 37.762502,-122.43519 37.762671)", "name":"BIKE ROUTE - 17TH", "description":{"Length":0.07, "Type":"ST", "Runs Along":"17th St", "Start Street":"HARTFORD ST", "End Street":"CASTRO ST"}}, "geometry":{"type":"LineString", "coordinates":[[-122.43406238745, 37.7625508247441], [-122.434939553135, 37.7625023131495], [-122.435187962251, 37.7626707072141]]}}