{"type":"Feature", "properties":{"created_us":null, "direct":"2W", "barrier":null, "double":1, "fy":0, "dir":null, "streetname":"FONT", "cnn":5722201, "from_st":"HOLLOWAY AV", "length":0.1, "innovative":null, "date_last_":null, "time_last_":null, "year_insta":0, "shape_leng":534.23874411, "update_yr":0, "number_":"885", "objectid_1":3364, "notes":"1", "sm_sweeper":0, "last_edite":null, "to_st":"TAPIA DR", "qtr":0, "street_":"Font Blvd", "date_creat":null, "time_creat":null, "type":"BLVD", "shape_len":534.238744106, "facility_t":"BIKE ROUTE", "contraflow":0, "sharrow":0, "objectid":872, "surface_tr":null, "region":"LINESTRING(-122.48106 37.720703,-122.48231 37.721785)", "name":"BIKE ROUTE - FONT", "description":{"Length":0.1, "Type":"BLVD", "Runs Along":"Font Blvd", "Start Street":"HOLLOWAY AV", "End Street":"TAPIA DR"}}, "geometry":{"type":"LineString", "coordinates":[[-122.481058032117, 37.7207027275563], [-122.482305620565, 37.7217846865894]]}}