{"type":"Feature", "properties":{"created_us":null, "direct":"2W", "barrier":null, "double":0, "fy":0, "dir":null, "streetname":"MARINA", "cnn":8708201, "from_st":"BRODERICK ST", "length":0.09, "innovative":null, "date_last_":null, "time_last_":null, "year_insta":2012, "shape_leng":478.92811894, "update_yr":0, "number_":"2", "objectid_1":806, "notes":null, "sm_sweeper":0, "last_edite":null, "to_st":"BAKER ST", "qtr":0, "street_":"Marina Blvd", "date_creat":null, "time_creat":null, "type":"BLVD", "shape_len":478.92811893, "facility_t":"BIKE ROUTE", "contraflow":0, "sharrow":1, "objectid":813, "surface_tr":null, "region":"LINESTRING(-122.44565 37.805368,-122.44729 37.80516)", "name":"BIKE ROUTE - MARINA", "description":{"Length":0.09, "Type":"BLVD", "Runs Along":"Marina Blvd", "Start Street":"BRODERICK ST", "End Street":"BAKER ST"}}, "geometry":{"type":"LineString", "coordinates":[[-122.445650063836, 37.8053684667705], [-122.447286871122, 37.8051600897744]]}}