{"type":"Feature", "properties":{"created_us":null, "direct":"2W", "barrier":null, "double":0, "fy":14, "dir":null, "streetname":"FOLSOM", "cnn":5674000, "from_st":"LANGTON ST", "length":0.04, "innovative":"BUFFERED BIKE LANE", "date_last_":null, "time_last_":null, "year_insta":2002, "shape_leng":189.1817306, "update_yr":2014, "number_":"30", "objectid_1":1777, "notes":null, "sm_sweeper":0, "last_edite":null, "to_st":"HALLAM ST", "qtr":0, "street_":"Folsom St", "date_creat":null, "time_creat":null, "type":"ST", "shape_len":189.181730591, "facility_t":"BIKE LANE", "contraflow":0, "sharrow":0, "objectid":1808, "surface_tr":null, "region":"LINESTRING(-122.40838 37.776318,-122.40885 37.775953)", "name":"BIKE LANE - FOLSOM", "description":{"Length":0.04, "Type":"ST", "Runs Along":"Folsom St", "Start Street":"LANGTON ST", "End Street":"HALLAM ST"}}, "geometry":{"type":"LineString", "coordinates":[[-122.40838011352, 37.7763183873445], [-122.408845749522, 37.7759532294324]]}}