{"type":"Feature", "properties":{"created_us":null, "direct":"2W", "barrier":null, "double":0, "fy":0, "dir":null, "streetname":"CLEMENT", "cnn":4183000, "from_st":"33RD AV", "length":0.06, "innovative":null, "date_last_":null, "time_last_":null, "year_insta":2010, "shape_leng":310.74250046, "update_yr":0, "number_":"95", "objectid_1":1412, "notes":null, "sm_sweeper":0, "last_edite":null, "to_st":"34TH AV", "qtr":0, "street_":"Clement St", "date_creat":null, "time_creat":null, "type":"ST", "shape_len":310.742500466, "facility_t":"BIKE ROUTE", "contraflow":0, "sharrow":1, "objectid":1429, "surface_tr":null, "region":"LINESTRING(-122.49345 37.781627,-122.49452 37.781577)", "name":"BIKE ROUTE - CLEMENT", "description":{"Length":0.06, "Type":"ST", "Runs Along":"Clement St", "Start Street":"33RD AV", "End Street":"34TH AV"}}, "geometry":{"type":"LineString", "coordinates":[[-122.493446345082, 37.7816272386665], [-122.494519751604, 37.7815772948081]]}}