{"type":"Feature", "properties":{"created_us":null, "direct":"2W", "barrier":null, "double":1, "fy":0, "dir":null, "streetname":"KIRKHAM", "cnn":7852000, "from_st":"14TH AV", "length":0.06, "innovative":null, "date_last_":null, "time_last_":null, "year_insta":2010, "shape_leng":300.42418973, "update_yr":0, "number_":"40", "objectid_1":4647, "notes":"1", "sm_sweeper":0, "last_edite":null, "to_st":"15TH AV", "qtr":0, "street_":"Kirkham St", "date_creat":null, "time_creat":null, "type":"ST", "shape_len":300.424189715, "facility_t":"BIKE LANE", "contraflow":0, "sharrow":0, "objectid":2273, "surface_tr":null, "region":"LINESTRING(-122.47141 37.760076,-122.47245 37.760029)", "name":"BIKE LANE - KIRKHAM", "description":{"Length":0.06, "Type":"ST", "Runs Along":"Kirkham St", "Start Street":"14TH AV", "End Street":"15TH AV"}}, "geometry":{"type":"LineString", "coordinates":[[-122.471408571877, 37.7600755726766], [-122.472446173543, 37.7600292074005]]}}