{"type":"Feature", "properties":{"created_us":null, "direct":"2W", "barrier":null, "double":0, "fy":0, "dir":null, "streetname":"CLAYTON", "cnn":4130000, "from_st":"PAGE ST", "length":0.06, "innovative":null, "date_last_":null, "time_last_":null, "year_insta":2010, "shape_leng":341.79857966, "update_yr":0, "number_":"55", "objectid_1":1593, "notes":null, "sm_sweeper":0, "last_edite":null, "to_st":"OAK ST", "qtr":0, "street_":"Clayton St", "date_creat":null, "time_creat":null, "type":"ST", "shape_len":341.798579669, "facility_t":"BIKE ROUTE", "contraflow":0, "sharrow":1, "objectid":1613, "surface_tr":null, "region":"LINESTRING(-122.44896 37.771669,-122.44878 37.770741)", "name":"BIKE ROUTE - CLAYTON", "description":{"Length":0.06, "Type":"ST", "Runs Along":"Clayton St", "Start Street":"PAGE ST", "End Street":"OAK ST"}}, "geometry":{"type":"LineString", "coordinates":[[-122.448957994151, 37.7716687395977], [-122.448779309188, 37.7707408224267]]}}