{"type":"Feature", "properties":{"created_us":null, "direct":"2W", "barrier":null, "double":1, "fy":0, "dir":null, "streetname":"HOFFMAN", "cnn":6938000, "from_st":"ALVARADO ST", "length":0.06, "innovative":null, "date_last_":null, "time_last_":null, "year_insta":0, "shape_leng":294.35860395, "update_yr":0, "number_":"49", "objectid_1":4156, "notes":"1", "sm_sweeper":0, "last_edite":null, "to_st":"23RD ST", "qtr":0, "street_":"Hoffman Ave", "date_creat":null, "time_creat":null, "type":"AVE", "shape_len":294.358603962, "facility_t":"BIKE ROUTE", "contraflow":0, "sharrow":1, "objectid":1689, "surface_tr":null, "region":"LINESTRING(-122.44085 37.753304,-122.44077 37.752498)", "name":"BIKE ROUTE - HOFFMAN", "description":{"Length":0.06, "Type":"AVE", "Runs Along":"Hoffman Ave", "Start Street":"ALVARADO ST", "End Street":"23RD ST"}}, "geometry":{"type":"LineString", "coordinates":[[-122.440853227442, 37.7533041922045], [-122.440773510821, 37.7524982624503]]}}