{"type":"Feature", "properties":{"created_us":null, "direct":"2W", "barrier":null, "double":0, "fy":0, "dir":"N", "streetname":"SCOTT", "cnn":11685000, "from_st":"PAGE ST", "length":0.06, "innovative":null, "date_last_":null, "time_last_":null, "year_insta":2003, "shape_leng":342.1755781, "update_yr":0, "number_":"47", "objectid_1":2311, "notes":null, "sm_sweeper":0, "last_edite":null, "to_st":"OAK ST", "qtr":0, "street_":"Scott St", "date_creat":null, "time_creat":null, "type":"ST", "shape_len":342.175578099, "facility_t":"BIKE LANE", "contraflow":0, "sharrow":0, "objectid":2343, "surface_tr":null, "region":"LINESTRING(-122.43556 37.772418,-122.43575 37.773346)", "name":"BIKE LANE - SCOTT", "description":{"Length":0.06, "Type":"ST", "Runs Along":"Scott St", "Start Street":"PAGE ST", "End Street":"OAK ST"}}, "geometry":{"type":"LineString", "coordinates":[[-122.435563320266, 37.7724179298657], [-122.435751498753, 37.7733457127522]]}}