{"type":"Feature", "properties":{"created_us":null, "direct":"2W", "barrier":null, "double":0, "fy":0, "dir":"N", "streetname":"KANSAS", "cnn":7739000, "from_st":"25TH ST", "length":0.1, "innovative":null, "date_last_":null, "time_last_":null, "year_insta":2010, "shape_leng":503.88523166, "update_yr":0, "number_":"25", "objectid_1":1846, "notes":null, "sm_sweeper":0, "last_edite":null, "to_st":"26TH ST", "qtr":0, "street_":"Kansas St", "date_creat":null, "time_creat":null, "type":"ST", "shape_len":503.885231653, "facility_t":"BIKE LANE", "contraflow":0, "sharrow":0, "objectid":1877, "surface_tr":null, "region":"LINESTRING(-122.40231 37.751961,-122.40218 37.750581)", "name":"BIKE LANE - KANSAS", "description":{"Length":0.1, "Type":"ST", "Runs Along":"Kansas St", "Start Street":"25TH ST", "End Street":"26TH ST"}}, "geometry":{"type":"LineString", "coordinates":[[-122.402314716263, 37.7519606808409], [-122.402183518229, 37.7505807624023]]}}