{"type":"Feature", "properties":{"created_us":null, "direct":"2W", "barrier":null, "double":1, "fy":0, "dir":null, "streetname":"VICENTE", "cnn":13259000, "from_st":"33RD AV", "length":0.06, "innovative":null, "date_last_":null, "time_last_":null, "year_insta":2006, "shape_leng":316.16249352, "update_yr":0, "number_":"60", "objectid_1":3539, "notes":"1", "sm_sweeper":0, "last_edite":null, "to_st":"34TH AV", "qtr":0, "street_":"Vicente St", "date_creat":null, "time_creat":null, "type":"ST", "shape_len":316.162493514, "facility_t":"BIKE ROUTE", "contraflow":0, "sharrow":1, "objectid":1052, "surface_tr":null, "region":"LINESTRING(-122.49043 37.738663,-122.49152 37.738614)", "name":"BIKE ROUTE - VICENTE", "description":{"Length":0.06, "Type":"ST", "Runs Along":"Vicente St", "Start Street":"33RD AV", "End Street":"34TH AV"}}, "geometry":{"type":"LineString", "coordinates":[[-122.49043222525, 37.7386626199993], [-122.491523898917, 37.7386142486636]]}}