{"type":"Feature", "properties":{"created_us":null, "direct":"2W", "barrier":null, "double":1, "fy":0, "dir":"E", "streetname":"23RD", "cnn":1252000, "from_st":"UTAH ST", "length":0.05, "innovative":null, "date_last_":null, "time_last_":null, "year_insta":2012, "shape_leng":289.48598856, "update_yr":0, "number_":"525", "objectid_1":3129, "notes":"1", "sm_sweeper":0, "last_edite":null, "to_st":"POTRERO AV", "qtr":0, "street_":"23rd St", "date_creat":null, "time_creat":null, "type":"ST", "shape_len":289.485988567, "facility_t":"BIKE LANE", "contraflow":0, "sharrow":0, "objectid":624, "surface_tr":null, "region":"LINESTRING(-122.40545 37.754337,-122.40645 37.754277)", "name":"BIKE LANE - 23RD", "description":{"Length":0.05, "Type":"ST", "Runs Along":"23rd St", "Start Street":"UTAH ST", "End Street":"POTRERO AV"}}, "geometry":{"type":"LineString", "coordinates":[[-122.405454171892, 37.7543372313745], [-122.406452616245, 37.7542769335487]]}}