{"type":"Feature", "properties":{"created_us":null, "direct":"2W", "barrier":null, "double":0, "fy":0, "dir":null, "streetname":"POLK", "cnn":10554000, "from_st":"TURK ST", "length":0.07, "innovative":null, "date_last_":null, "time_last_":null, "year_insta":2006, "shape_leng":343.74947405, "update_yr":0, "number_":"25", "objectid_1":2131, "notes":null, "sm_sweeper":0, "last_edite":null, "to_st":"EDDY ST", "qtr":0, "street_":"Polk St", "date_creat":null, "time_creat":null, "type":"ST", "shape_len":343.749474038, "facility_t":"BIKE LANE", "contraflow":0, "sharrow":0, "objectid":2162, "surface_tr":null, "region":"LINESTRING(-122.41899 37.782169,-122.41918 37.783101)", "name":"BIKE LANE - POLK", "description":{"Length":0.07, "Type":"ST", "Runs Along":"Polk St", "Start Street":"TURK ST", "End Street":"EDDY ST"}}, "geometry":{"type":"LineString", "coordinates":[[-122.41899327239, 37.7821692701044], [-122.419181703923, 37.7831014001665]]}}