{"type":"Feature", "properties":{"created_us":null, "direct":"2W", "barrier":null, "double":0, "fy":0, "dir":null, "streetname":"MARKET", "cnn":8738201, "from_st":"DRUMM ST", "length":0.02, "innovative":null, "date_last_":null, "time_last_":null, "year_insta":2006, "shape_leng":82.37896816, "update_yr":0, "number_":"50", "objectid_1":1626, "notes":null, "sm_sweeper":0, "last_edite":null, "to_st":"MAIN ST", "qtr":0, "street_":"Market St", "date_creat":null, "time_creat":null, "type":"ST", "shape_len":82.3789681556, "facility_t":"BIKE ROUTE", "contraflow":0, "sharrow":1, "objectid":1646, "surface_tr":null, "region":"LINESTRING(-122.3963 37.793256,-122.3965 37.793097)", "name":"BIKE ROUTE - MARKET", "description":{"Length":0.02, "Type":"ST", "Runs Along":"Market St", "Start Street":"DRUMM ST", "End Street":"MAIN ST"}}, "geometry":{"type":"LineString", "coordinates":[[-122.396302004329, 37.7932563499192], [-122.396504486662, 37.7930970823122]]}}