{"type":"Feature", "properties":{"created_us":null, "direct":"2W", "barrier":null, "double":0, "fy":0, "dir":null, "streetname":"MARIPOSA", "cnn":8716002, "from_st":"I-280 ON-RAMP", "length":0.03, "innovative":null, "date_last_":null, "time_last_":null, "year_insta":2010, "shape_leng":161.19923424, "update_yr":0, "number_":"23", "objectid_1":1544, "notes":null, "sm_sweeper":0, "last_edite":null, "to_st":"PENNSYLVANIA ST", "qtr":0, "street_":"Mariposa St", "date_creat":null, "time_creat":null, "type":"ST", "shape_len":161.19923424, "facility_t":"BIKE ROUTE", "contraflow":0, "sharrow":1, "objectid":1561, "surface_tr":null, "region":"LINESTRING(-122.39317 37.764056,-122.39373 37.764021)", "name":"BIKE ROUTE - MARIPOSA", "description":{"Length":0.03, "Type":"ST", "Runs Along":"Mariposa St", "Start Street":"I-280 ON-RAMP", "End Street":"PENNSYLVANIA ST"}}, "geometry":{"type":"LineString", "coordinates":[[-122.393173808507, 37.7640555993291], [-122.393729795685, 37.764021342893]]}}