{"type":"Feature", "properties":{"created_us":null, "direct":"2W", "barrier":null, "double":1, "fy":0, "dir":null, "streetname":"DOWNEY", "cnn":4965000, "from_st":"FREDERICK ST", "length":0.1, "innovative":null, "date_last_":null, "time_last_":null, "year_insta":2010, "shape_leng":543.47476232, "update_yr":0, "number_":"50", "objectid_1":4121, "notes":"1", "sm_sweeper":0, "last_edite":null, "to_st":"ASHBURY ST", "qtr":0, "street_":"Downey St", "date_creat":null, "time_creat":null, "type":"ST", "shape_len":543.474762324, "facility_t":"BIKE ROUTE", "contraflow":0, "sharrow":1, "objectid":1649, "surface_tr":null, "region":"LINESTRING(-122.44681 37.765182,-122.4465 37.763708)", "name":"BIKE ROUTE - DOWNEY", "description":{"Length":0.1, "Type":"ST", "Runs Along":"Downey St", "Start Street":"FREDERICK ST", "End Street":"ASHBURY ST"}}, "geometry":{"type":"LineString", "coordinates":[[-122.446805450368, 37.7651817304697], [-122.446504705889, 37.763708381193]]}}