{"type":"Feature", "properties":{"created_us":null, "direct":"2W", "barrier":"SAFE-HIT POSTS", "double":0, "fy":0, "dir":null, "streetname":"MARKET", "cnn":8753201, "from_st":"LARKIN ST", "length":0.09, "innovative":"SEPARATED BIKEWAY", "date_last_":null, "time_last_":null, "year_insta":2002, "shape_leng":492.59286066, "update_yr":0, "number_":"50", "objectid_1":2144, "notes":null, "sm_sweeper":1, "last_edite":null, "to_st":"POLK ST", "qtr":0, "street_":"Market St", "date_creat":null, "time_creat":null, "type":"ST", "shape_len":492.592860657, "facility_t":"BIKE LANE", "contraflow":0, "sharrow":0, "objectid":2175, "surface_tr":"GREEN PAINT", "region":"LINESTRING(-122.41629 37.777494,-122.4175 37.776541)", "name":"BIKE LANE - MARKET", "description":{"Length":0.09, "Type":"ST", "Runs Along":"Market St", "Start Street":"LARKIN ST", "End Street":"POLK ST"}}, "geometry":{"type":"LineString", "coordinates":[[-122.416291701612, 37.7774938426971], [-122.41750146266, 37.7765408936264]]}}