{"type":"Feature", "properties":{"created_us":null, "direct":"2W", "barrier":null, "double":1, "fy":0, "dir":null, "streetname":"CLEARFIELD", "cnn":4145000, "from_st":"MORNINGSIDE DR", "length":0.12, "innovative":null, "date_last_":null, "time_last_":null, "year_insta":2010, "shape_leng":645.93228573, "update_yr":0, "number_":"86", "objectid_1":2757, "notes":"1", "sm_sweeper":0, "last_edite":null, "to_st":"OCEAN AV", "qtr":0, "street_":"Clearfield Dr", "date_creat":null, "time_creat":null, "type":"DR", "shape_len":645.932285731, "facility_t":"BIKE ROUTE", "contraflow":0, "sharrow":1, "objectid":243, "surface_tr":null, "region":"LINESTRING(-122.49156 37.733781,-122.49144 37.73201)", "name":"BIKE ROUTE - CLEARFIELD", "description":{"Length":0.12, "Type":"DR", "Runs Along":"Clearfield Dr", "Start Street":"MORNINGSIDE DR", "End Street":"OCEAN AV"}}, "geometry":{"type":"LineString", "coordinates":[[-122.491559885965, 37.7337812744249], [-122.49143641758, 37.7320100255005]]}}