{"type":"Feature", "properties":{"created_us":null, "direct":"2W", "barrier":null, "double":1, "fy":0, "dir":null, "streetname":"ALHAMBRA", "cnn":2190000, "from_st":"MALLORCA WY", "length":0.12, "innovative":null, "date_last_":null, "time_last_":null, "year_insta":0, "shape_leng":619.21018476, "update_yr":0, "number_":"6", "objectid_1":3032, "notes":"1", "sm_sweeper":0, "last_edite":null, "to_st":"PIERCE ST", "qtr":0, "street_":"Alhambra St", "date_creat":null, "time_creat":null, "type":"ST", "shape_len":619.210184749, "facility_t":"BIKE ROUTE", "contraflow":0, "sharrow":0, "objectid":525, "surface_tr":null, "region":"LINESTRING(-122.438 37.802557,-122.43805 37.802511,-122.43878 37.801994,-122.4397 37.801537)", "name":"BIKE ROUTE - ALHAMBRA", "description":{"Length":0.12, "Type":"ST", "Runs Along":"Alhambra St", "Start Street":"MALLORCA WY", "End Street":"PIERCE ST"}}, "geometry":{"type":"LineString", "coordinates":[[-122.438000201291, 37.8025572828145], [-122.438049140754, 37.8025110491355], [-122.438782958953, 37.8019944997548], [-122.439703767697, 37.8015374271596]]}}