{"type":"Feature", "properties":{"created_us":null, "direct":"2W", "barrier":null, "double":1, "fy":0, "dir":null, "streetname":"QUINT", "cnn":10833000, "from_st":"OAKDALE AV", "length":0.03, "innovative":null, "date_last_":null, "time_last_":null, "year_insta":2005, "shape_leng":141.80137884, "update_yr":0, "number_":"5", "objectid_1":3577, "notes":"1", "sm_sweeper":0, "last_edite":null, "to_st":"DRUMMOND AL", "qtr":0, "street_":"Quint St", "date_creat":null, "time_creat":null, "type":"ST", "shape_len":141.801378843, "facility_t":"BIKE ROUTE", "contraflow":0, "sharrow":1, "objectid":1090, "surface_tr":null, "region":"LINESTRING(-122.39594 37.737784,-122.39623 37.737468)", "name":"BIKE ROUTE - QUINT", "description":{"Length":0.03, "Type":"ST", "Runs Along":"Quint St", "Start Street":"OAKDALE AV", "End Street":"DRUMMOND AL"}}, "geometry":{"type":"LineString", "coordinates":[[-122.395944826611, 37.7377840545238], [-122.39623174512, 37.7374682348953]]}}