{"type":"Feature", "properties":{"created_us":null, "direct":"1W", "barrier":null, "double":0, "fy":0, "dir":"W", "streetname":"HOWARD", "cnn":7035000, "from_st":"2ND ST", "length":0.06, "innovative":null, "date_last_":null, "time_last_":null, "year_insta":1997, "shape_leng":293.78521129, "update_yr":0, "number_":"30", "objectid_1":2031, "notes":null, "sm_sweeper":0, "last_edite":null, "to_st":"NEW MONTGOMERY ST", "qtr":0, "street_":"Howard St", "date_creat":null, "time_creat":null, "type":"ST", "shape_len":293.785211292, "facility_t":"BIKE LANE", "contraflow":0, "sharrow":0, "objectid":2062, "surface_tr":null, "region":"LINESTRING(-122.39826 37.786779,-122.39898 37.786209)", "name":"BIKE LANE - HOWARD", "description":{"Length":0.06, "Type":"ST", "Runs Along":"Howard St", "Start Street":"2ND ST", "End Street":"NEW MONTGOMERY ST"}}, "geometry":{"type":"LineString", "coordinates":[[-122.39825696334, 37.7867789495504], [-122.398977168251, 37.7862094923592]]}}