{"type":"Feature", "properties":{"created_us":null, "direct":"2W", "barrier":null, "double":1, "fy":0, "dir":null, "streetname":"34TH", "cnn":1755000, "from_st":"QUINTARA ST", "length":0.13, "innovative":null, "date_last_":null, "time_last_":null, "year_insta":2011, "shape_leng":680.35944978, "update_yr":0, "number_":"85", "objectid_1":3196, "notes":"1", "sm_sweeper":0, "last_edite":null, "to_st":"RIVERA ST", "qtr":0, "street_":"34th Ave", "date_creat":null, "time_creat":null, "type":"AVE", "shape_len":680.359449774, "facility_t":"BIKE ROUTE", "contraflow":0, "sharrow":1, "objectid":697, "surface_tr":null, "region":"LINESTRING(-122.49216 37.747936,-122.49203 37.74607)", "name":"BIKE ROUTE - 34TH", "description":{"Length":0.13, "Type":"AVE", "Runs Along":"34th Ave", "Start Street":"QUINTARA ST", "End Street":"RIVERA ST"}}, "geometry":{"type":"LineString", "coordinates":[[-122.492155917897, 37.7479356947396], [-122.492026852624, 37.7460700012909]]}}