{"type":"Feature", "properties":{"created_us":null, "direct":"2W", "barrier":null, "double":0, "fy":0, "dir":null, "streetname":"DOUGLASS", "cnn":4941000, "from_st":"17TH ST", "length":0.06, "innovative":null, "date_last_":null, "time_last_":null, "year_insta":0, "shape_leng":292.99128721, "update_yr":0, "number_":"49", "objectid_1":690, "notes":null, "sm_sweeper":0, "last_edite":null, "to_st":"MARKET ST", "qtr":0, "street_":"Douglass St", "date_creat":null, "time_creat":null, "type":"ST", "shape_len":292.991287198, "facility_t":"BIKE ROUTE", "contraflow":0, "sharrow":0, "objectid":694, "surface_tr":null, "region":"LINESTRING(-122.43949 37.762227,-122.43941 37.761425)", "name":"BIKE ROUTE - DOUGLASS", "description":{"Length":0.06, "Type":"ST", "Runs Along":"Douglass St", "Start Street":"17TH ST", "End Street":"MARKET ST"}}, "geometry":{"type":"LineString", "coordinates":[[-122.439491322709, 37.7622268671039], [-122.439413851522, 37.7614245660789]]}}