{"type":"Feature", "properties":{"created_us":null, "direct":"2W", "barrier":null, "double":1, "fy":0, "dir":null, "streetname":"GREENWICH", "cnn":6522000, "from_st":"SCOTT ST", "length":0.09, "innovative":null, "date_last_":null, "time_last_":null, "year_insta":2009, "shape_leng":488.61049748, "update_yr":0, "number_":"6", "objectid_1":4008, "notes":"1", "sm_sweeper":0, "last_edite":null, "to_st":"DIVISADERO ST", "qtr":0, "street_":"Greenwich St", "date_creat":null, "time_creat":null, "type":"ST", "shape_len":488.610497479, "facility_t":"BIKE ROUTE", "contraflow":0, "sharrow":1, "objectid":1532, "surface_tr":null, "region":"LINESTRING(-122.4408 37.798324,-122.44247 37.798112)", "name":"BIKE ROUTE - GREENWICH", "description":{"Length":0.09, "Type":"ST", "Runs Along":"Greenwich St", "Start Street":"SCOTT ST", "End Street":"DIVISADERO ST"}}, "geometry":{"type":"LineString", "coordinates":[[-122.440798148585, 37.7983244162924], [-122.442467913734, 37.7981119517533]]}}