{"type":"Feature", "properties":{"created_us":null, "direct":"2W", "barrier":null, "double":1, "fy":0, "dir":null, "streetname":"EUREKA", "cnn":5317000, "from_st":"MARKET ST", "length":0.07, "innovative":null, "date_last_":null, "time_last_":null, "year_insta":2010, "shape_leng":369.3614861, "update_yr":0, "number_":"49", "objectid_1":3190, "notes":"1", "sm_sweeper":0, "last_edite":null, "to_st":"18TH ST", "qtr":0, "street_":"Eureka St", "date_creat":null, "time_creat":null, "type":"ST", "shape_len":369.361486089, "facility_t":"BIKE ROUTE", "contraflow":0, "sharrow":1, "objectid":691, "surface_tr":null, "region":"LINESTRING(-122.43836 37.761704,-122.43827 37.760692)", "name":"BIKE ROUTE - EUREKA", "description":{"Length":0.07, "Type":"ST", "Runs Along":"Eureka St", "Start Street":"MARKET ST", "End Street":"18TH ST"}}, "geometry":{"type":"LineString", "coordinates":[[-122.438362146328, 37.7617037993059], [-122.438265381992, 37.7606923183924]]}}