{"type":"Feature", "properties":{"created_us":null, "direct":"1W", "barrier":null, "double":0, "fy":0, "dir":"W", "streetname":"HOWARD", "cnn":7049000, "from_st":"RAUSCH ST", "length":0.04, "innovative":"BUFFERED BIKE LANE", "date_last_":null, "time_last_":null, "year_insta":2005, "shape_leng":207.54779226, "update_yr":2015, "number_":"30", "objectid_1":1790, "notes":null, "sm_sweeper":0, "last_edite":null, "to_st":"SUMNER ST", "qtr":0, "street_":"Howard St", "date_creat":null, "time_creat":null, "type":"ST", "shape_len":207.547792252, "facility_t":"BIKE LANE", "contraflow":0, "sharrow":0, "objectid":1821, "surface_tr":null, "region":"LINESTRING(-122.41051 37.777092,-122.41101 37.77669)", "name":"BIKE LANE - HOWARD", "description":{"Length":0.04, "Type":"ST", "Runs Along":"Howard St", "Start Street":"RAUSCH ST", "End Street":"SUMNER ST"}}, "geometry":{"type":"LineString", "coordinates":[[-122.410505752923, 37.7770921851764], [-122.411014418191, 37.7766898329108]]}}