{"type":"Feature", "properties":{"created_us":null, "direct":"2W", "barrier":null, "double":1, "fy":0, "dir":null, "streetname":"23RD", "cnn":1214000, "from_st":"GEARY BLVD", "length":0.13, "innovative":null, "date_last_":null, "time_last_":null, "year_insta":2010, "shape_leng":702.65358252, "update_yr":0, "number_":"85", "objectid_1":3231, "notes":"1", "sm_sweeper":0, "last_edite":null, "to_st":"ANZA ST", "qtr":0, "street_":"23rd Ave", "date_creat":null, "time_creat":null, "type":"AVE", "shape_len":702.65358251, "facility_t":"BIKE ROUTE", "contraflow":0, "sharrow":1, "objectid":734, "surface_tr":null, "region":"LINESTRING(-122.48259 37.780189,-122.48245 37.778263)", "name":"BIKE ROUTE - 23RD", "description":{"Length":0.13, "Type":"AVE", "Runs Along":"23rd Ave", "Start Street":"GEARY BLVD", "End Street":"ANZA ST"}}, "geometry":{"type":"LineString", "coordinates":[[-122.482591528688, 37.7801894714335], [-122.482452960444, 37.7782628852887]]}}