{"type":"Feature", "properties":{"created_us":null, "direct":"2W", "barrier":null, "double":1, "fy":0, "dir":"EB", "streetname":"LAKE", "cnn":8021000, "from_st":"FUNSTON AV", "length":0.02, "innovative":null, "date_last_":null, "time_last_":null, "year_insta":2000, "shape_leng":127.46239064, "update_yr":0, "number_":"10", "objectid_1":4400, "notes":"1", "sm_sweeper":0, "last_edite":null, "to_st":"PARK PRESIDIO BLVD", "qtr":0, "street_":"Lake St", "date_creat":null, "time_creat":null, "type":"ST", "shape_len":127.462390629, "facility_t":"BIKE ROUTE", "contraflow":0, "sharrow":0, "objectid":1993, "surface_tr":null, "region":"LINESTRING(-122.47219 37.786333,-122.47263 37.786315)", "name":"BIKE ROUTE - LAKE", "description":{"Length":0.02, "Type":"ST", "Runs Along":"Lake St", "Start Street":"FUNSTON AV", "End Street":"PARK PRESIDIO BLVD"}}, "geometry":{"type":"LineString", "coordinates":[[-122.472185338536, 37.7863334960356], [-122.472625790318, 37.7863148065003]]}}