{"type":"Feature", "properties":{"created_us":null, "direct":"2W", "barrier":null, "double":0, "fy":0, "dir":null, "streetname":"ALEMANY", "cnn":2161101, "from_st":"SILVER AV", "length":0.05, "innovative":null, "date_last_":null, "time_last_":null, "year_insta":2005, "shape_leng":241.88464129, "update_yr":0, "number_":"40", "objectid_1":2427, "notes":null, "sm_sweeper":0, "last_edite":null, "to_st":"TINGLEY ST", "qtr":0, "street_":"Alemany Blvd", "date_creat":null, "time_creat":null, "type":"BLVD", "shape_len":241.884641286, "facility_t":"BIKE LANE", "contraflow":0, "sharrow":0, "objectid":2463, "surface_tr":null, "region":"LINESTRING(-122.43339 37.729776,-122.4337 37.729542,-122.43397 37.729303)", "name":"BIKE LANE - ALEMANY", "description":{"Length":0.05, "Type":"BLVD", "Runs Along":"Alemany Blvd", "Start Street":"SILVER AV", "End Street":"TINGLEY ST"}}, "geometry":{"type":"LineString", "coordinates":[[-122.433386844008, 37.729775575785], [-122.433699239384, 37.7295421318873], [-122.433974473616, 37.7293034932505]]}}