{"type":"Feature", "properties":{"created_us":null, "direct":"2W", "barrier":null, "double":0, "fy":0, "dir":null, "streetname":"SILVER", "cnn":11922000, "from_st":"BRUSSELS ST", "length":0.05, "innovative":null, "date_last_":null, "time_last_":null, "year_insta":2005, "shape_leng":240.09221851, "update_yr":0, "number_":"70", "objectid_1":302, "notes":null, "sm_sweeper":0, "last_edite":null, "to_st":"BARNEVELD AV", "qtr":0, "street_":"Silver Ave", "date_creat":null, "time_creat":null, "type":"AVE", "shape_len":240.092218499, "facility_t":"BIKE ROUTE", "contraflow":0, "sharrow":1, "objectid":301, "surface_tr":null, "region":"LINESTRING(-122.40754 37.731847,-122.40676 37.732083)", "name":"BIKE ROUTE - SILVER", "description":{"Length":0.05, "Type":"AVE", "Runs Along":"Silver Ave", "Start Street":"BRUSSELS ST", "End Street":"BARNEVELD AV"}}, "geometry":{"type":"LineString", "coordinates":[[-122.407538972087, 37.7318467275095], [-122.406763716111, 37.7320826698844]]}}