{"type":"Feature", "properties":{"created_us":null, "direct":"2W", "barrier":null, "double":0, "fy":14, "dir":"E", "streetname":"HOLLOWAY", "cnn":6987000, "from_st":"BYXBEE ST", "length":0.05, "innovative":null, "date_last_":null, "time_last_":null, "year_insta":2014, "shape_leng":260.96895696, "update_yr":2014, "number_":"90", "objectid_1":915, "notes":null, "sm_sweeper":0, "last_edite":null, "to_st":"MONTICELLO ST", "qtr":3, "street_":"Holloway Ave", "date_creat":null, "time_creat":null, "type":"AVE", "shape_len":260.968956958, "facility_t":"BIKE LANE", "contraflow":0, "sharrow":0, "objectid":928, "surface_tr":null, "region":"LINESTRING(-122.46988 37.721643,-122.47078 37.721637)", "name":"BIKE LANE - HOLLOWAY", "description":{"Length":0.05, "Type":"AVE", "Runs Along":"Holloway Ave", "Start Street":"BYXBEE ST", "End Street":"MONTICELLO ST"}}, "geometry":{"type":"LineString", "coordinates":[[-122.469876769577, 37.7216434438729], [-122.470779028146, 37.721637300932]]}}