{"type":"Feature", "properties":{"created_us":null, "direct":"2W", "barrier":null, "double":0, "fy":0, "dir":null, "streetname":"PAGE", "cnn":10172000, "from_st":"LAGUNA ST", "length":0.09, "innovative":null, "date_last_":null, "time_last_":null, "year_insta":2006, "shape_leng":485.09228788, "update_yr":0, "number_":"32", "objectid_1":569, "notes":null, "sm_sweeper":0, "last_edite":null, "to_st":"BUCHANAN ST", "qtr":0, "street_":"Page St", "date_creat":null, "time_creat":null, "type":"ST", "shape_len":485.092287877, "facility_t":"BIKE ROUTE", "contraflow":0, "sharrow":1, "objectid":571, "surface_tr":null, "region":"LINESTRING(-122.4257 37.773666,-122.42736 37.773455)", "name":"BIKE ROUTE - PAGE", "description":{"Length":0.09, "Type":"ST", "Runs Along":"Page St", "Start Street":"LAGUNA ST", "End Street":"BUCHANAN ST"}}, "geometry":{"type":"LineString", "coordinates":[[-122.425700209785, 37.7736662295687], [-122.427357435646, 37.7734554623437]]}}