{"type":"Feature", "properties":{"created_us":null, "direct":"2W", "barrier":null, "double":1, "fy":0, "dir":null, "streetname":"BAY", "cnn":2791000, "from_st":"WEBSTER ST", "length":0.1, "innovative":null, "date_last_":null, "time_last_":null, "year_insta":1999, "shape_leng":503.51407067, "update_yr":0, "number_":"4", "objectid_1":4519, "notes":"1", "sm_sweeper":0, "last_edite":null, "to_st":"FILLMORE ST", "qtr":0, "street_":"Bay St", "date_creat":null, "time_creat":null, "type":"ST", "shape_len":503.514070674, "facility_t":"BIKE LANE", "contraflow":0, "sharrow":0, "objectid":2133, "surface_tr":null, "region":"LINESTRING(-122.43497 37.802848,-122.43669 37.802628)", "name":"BIKE LANE - BAY", "description":{"Length":0.1, "Type":"ST", "Runs Along":"Bay St", "Start Street":"WEBSTER ST", "End Street":"FILLMORE ST"}}, "geometry":{"type":"LineString", "coordinates":[[-122.434972575667, 37.8028475148899], [-122.436693347157, 37.8026284240881]]}}