{"type":"Feature", "properties":{"created_us":null, "direct":"2W", "barrier":null, "double":0, "fy":0, "dir":null, "streetname":"STOCKTON", "cnn":12204000, "from_st":"SACRAMENTO ST", "length":0.06, "innovative":null, "date_last_":null, "time_last_":null, "year_insta":0, "shape_leng":325.16116827, "update_yr":0, "number_":"17", "objectid_1":1110, "notes":null, "sm_sweeper":0, "last_edite":null, "to_st":"CLAY ST", "qtr":0, "street_":"Stockton St", "date_creat":null, "time_creat":null, "type":"ST", "shape_len":325.161168267, "facility_t":"BIKE ROUTE", "contraflow":0, "sharrow":0, "objectid":1123, "surface_tr":null, "region":"LINESTRING(-122.40773 37.793178,-122.4079 37.79406)", "name":"BIKE ROUTE - STOCKTON", "description":{"Length":0.06, "Type":"ST", "Runs Along":"Stockton St", "Start Street":"SACRAMENTO ST", "End Street":"CLAY ST"}}, "geometry":{"type":"LineString", "coordinates":[[-122.407727186474, 37.7931783017583], [-122.407903302053, 37.7940602973864]]}}