{"type":"Feature", "properties":{"created_us":null, "direct":"2W", "barrier":null, "double":0, "fy":0, "dir":null, "streetname":"ORTEGA", "cnn":10017000, "from_st":"29TH AVE", "length":0.06, "innovative":null, "date_last_":null, "time_last_":null, "year_insta":2014, "shape_leng":315.676334, "update_yr":0, "number_":"O", "objectid_1":25, "notes":null, "sm_sweeper":0, "last_edite":null, "to_st":"30TH AVE", "qtr":0, "street_":"Ortega St", "date_creat":null, "time_creat":null, "type":"ST", "shape_len":315.676450053, "facility_t":"BIKE LANE", "contraflow":0, "sharrow":0, "objectid":5041, "surface_tr":null, "region":"LINESTRING(-122.48705 37.751903,-122.48814 37.751854)", "name":"BIKE LANE - ORTEGA", "description":{"Length":0.06, "Type":"ST", "Runs Along":"Ortega St", "Start Street":"29TH AVE", "End Street":"30TH AVE"}}, "geometry":{"type":"LineString", "coordinates":[[-122.487053067089, 37.7519032693069], [-122.488143190728, 37.7518540422945]]}}