{"type":"Feature", "properties":{"created_us":null, "direct":"2W", "barrier":null, "double":0, "fy":0, "dir":null, "streetname":"2ND", "cnn":141000, "from_st":"STILLMAN ST", "length":0.04, "innovative":null, "date_last_":null, "time_last_":null, "year_insta":0, "shape_leng":218.39814678, "update_yr":0, "number_":"11", "objectid_1":826, "notes":null, "sm_sweeper":0, "last_edite":null, "to_st":"BRYANT ST", "qtr":0, "street_":"2nd St", "date_creat":null, "time_creat":null, "type":"ST", "shape_len":218.398146784, "facility_t":"BIKE ROUTE", "contraflow":0, "sharrow":0, "objectid":834, "surface_tr":null, "region":"LINESTRING(-122.39415 37.783504,-122.39362 37.783078)", "name":"BIKE ROUTE - 2ND", "description":{"Length":0.04, "Type":"ST", "Runs Along":"2nd St", "Start Street":"STILLMAN ST", "End Street":"BRYANT ST"}}, "geometry":{"type":"LineString", "coordinates":[[-122.394150514978, 37.7835035092519], [-122.393618075266, 37.7830778541703]]}}