{"type":"Feature", "properties":{"created_us":null, "direct":"2W", "barrier":null, "double":0, "fy":0, "dir":null, "streetname":"34TH", "cnn":1757000, "from_st":"SANTIAGO ST", "length":0.13, "innovative":null, "date_last_":null, "time_last_":null, "year_insta":2011, "shape_leng":680.79656387, "update_yr":0, "number_":"85", "objectid_1":862, "notes":null, "sm_sweeper":0, "last_edite":null, "to_st":"TARAVAL ST", "qtr":0, "street_":"34th Ave", "date_creat":null, "time_creat":null, "type":"AVE", "shape_len":680.796563874, "facility_t":"BIKE ROUTE", "contraflow":0, "sharrow":1, "objectid":870, "surface_tr":null, "region":"LINESTRING(-122.4919 37.74421,-122.49177 37.742343)", "name":"BIKE ROUTE - 34TH", "description":{"Length":0.13, "Type":"AVE", "Runs Along":"34th Ave", "Start Street":"SANTIAGO ST", "End Street":"TARAVAL ST"}}, "geometry":{"type":"LineString", "coordinates":[[-122.491900740321, 37.7442096061458], [-122.491767894562, 37.7423428767608]]}}