{"type":"Feature", "properties":{"created_us":null, "direct":"2W", "barrier":null, "double":0, "fy":0, "dir":null, "streetname":"JOHN F KENNEDY", "cnn":7545000, "from_st":"CHAIN OF LAKES DR", "length":0.08, "innovative":null, "date_last_":null, "time_last_":null, "year_insta":0, "shape_leng":424.94430241, "update_yr":0, "number_":"30", "objectid_1":1373, "notes":null, "sm_sweeper":0, "last_edite":null, "to_st":"CHAIN OF LAKES DR", "qtr":0, "street_":"John F Kennedy Dr", "date_creat":null, "time_creat":null, "type":"DR", "shape_len":424.944302407, "facility_t":"BIKE ROUTE", "contraflow":0, "sharrow":0, "objectid":1390, "surface_tr":null, "region":"LINESTRING(-122.50046 37.768157,-122.50183 37.767726)", "name":"BIKE ROUTE - JOHN F KENNEDY", "description":{"Length":0.08, "Type":"DR", "Runs Along":"John F Kennedy Dr", "Start Street":"CHAIN OF LAKES DR", "End Street":"CHAIN OF LAKES DR"}}, "geometry":{"type":"LineString", "coordinates":[[-122.500459829359, 37.768156875512], [-122.501826349025, 37.7677264809102]]}}