{"type":"Feature", "properties":{"created_us":null, "direct":"2W", "barrier":null, "double":0, "fy":0, "dir":null, "streetname":"UNNAMED #103", "cnn":12975000, "from_st":"MARINA BLVD", "length":0.03, "innovative":null, "date_last_":null, "time_last_":null, "year_insta":2000, "shape_leng":153.45212725, "update_yr":0, "number_":"2", "objectid_1":805, "notes":null, "sm_sweeper":0, "last_edite":null, "to_st":"LYON ST", "qtr":0, "street_":null, "date_creat":null, "time_creat":null, "type":null, "shape_len":153.452127241, "facility_t":"BIKE ROUTE", "contraflow":0, "sharrow":0, "objectid":812, "surface_tr":null, "region":"LINESTRING(-122.44781 37.805103,-122.44832 37.804994)", "name":"BIKE ROUTE - UNNAMED #103", "description":{"Length":0.03, "Type":null, "Runs Along":null, "Start Street":"MARINA BLVD", "End Street":"LYON ST"}}, "geometry":{"type":"LineString", "coordinates":[[-122.447808303627, 37.8051034755158], [-122.44832116155, 37.8049938251203]]}}