{"type":"Feature", "properties":{"created_us":null, "direct":"2W", "barrier":null, "double":0, "fy":0, "dir":null, "streetname":"WEBSTER", "cnn":13551000, "from_st":"PACIFIC AV", "length":0.06, "innovative":null, "date_last_":null, "time_last_":null, "year_insta":2010, "shape_leng":338.03004444, "update_yr":0, "number_":"10", "objectid_1":1160, "notes":null, "sm_sweeper":0, "last_edite":null, "to_st":"BROADWAY", "qtr":0, "street_":"Webster St", "date_creat":null, "time_creat":null, "type":"ST", "shape_len":338.030044436, "facility_t":"BIKE ROUTE", "contraflow":0, "sharrow":1, "objectid":1173, "surface_tr":null, "region":"LINESTRING(-122.43309 37.793558,-122.43327 37.794474)", "name":"BIKE ROUTE - WEBSTER", "description":{"Length":0.06, "Type":"ST", "Runs Along":"Webster St", "Start Street":"PACIFIC AV", "End Street":"BROADWAY"}}, "geometry":{"type":"LineString", "coordinates":[[-122.433088416401, 37.7935575543121], [-122.433274225357, 37.7944741116278]]}}