{"type":"Feature", "properties":{"created_us":null, "direct":"2W", "barrier":null, "double":1, "fy":0, "dir":null, "streetname":"PACIFIC", "cnn":10144000, "from_st":"HYDE ST", "length":0.05, "innovative":null, "date_last_":null, "time_last_":null, "year_insta":2010, "shape_leng":240.5983949, "update_yr":0, "number_":"90", "objectid_1":3358, "notes":"1", "sm_sweeper":0, "last_edite":null, "to_st":"MC CORMICK PL", "qtr":0, "street_":"Pacific Ave", "date_creat":null, "time_creat":null, "type":"AVE", "shape_len":240.598394892, "facility_t":"BIKE ROUTE", "contraflow":0, "sharrow":1, "objectid":866, "surface_tr":null, "region":"LINESTRING(-122.41829 37.795464,-122.41912 37.79536)", "name":"BIKE ROUTE - PACIFIC", "description":{"Length":0.05, "Type":"AVE", "Runs Along":"Pacific Ave", "Start Street":"HYDE ST", "End Street":"MC CORMICK PL"}}, "geometry":{"type":"LineString", "coordinates":[[-122.418293499189, 37.7954635843308], [-122.419115908432, 37.7953600856855]]}}