{"type":"Feature", "properties":{"created_us":null, "direct":"2W", "barrier":null, "double":0, "fy":0, "dir":null, "streetname":"SILVER", "cnn":11921000, "from_st":"GOETTINGEN ST", "length":0.06, "innovative":null, "date_last_":null, "time_last_":null, "year_insta":2005, "shape_leng":300.39436237, "update_yr":0, "number_":"70", "objectid_1":303, "notes":null, "sm_sweeper":0, "last_edite":null, "to_st":"BRUSSELS ST", "qtr":0, "street_":"Silver Ave", "date_creat":null, "time_creat":null, "type":"AVE", "shape_len":300.394362369, "facility_t":"BIKE ROUTE", "contraflow":0, "sharrow":1, "objectid":302, "surface_tr":null, "region":"LINESTRING(-122.40851 37.731552,-122.40754 37.731847)", "name":"BIKE ROUTE - SILVER", "description":{"Length":0.06, "Type":"AVE", "Runs Along":"Silver Ave", "Start Street":"GOETTINGEN ST", "End Street":"BRUSSELS ST"}}, "geometry":{"type":"LineString", "coordinates":[[-122.408508936148, 37.7315515177574], [-122.407538972087, 37.7318467275095]]}}