{"type":"Feature", "properties":{"created_us":null, "direct":"2W", "barrier":null, "double":1, "fy":0, "dir":null, "streetname":"ARGUELLO", "cnn":2415000, "from_st":"WASHINGTON ST", "length":0.06, "innovative":null, "date_last_":null, "time_last_":null, "year_insta":2000, "shape_leng":322.59960988, "update_yr":0, "number_":"4", "objectid_1":4438, "notes":"1", "sm_sweeper":0, "last_edite":null, "to_st":"CLAY ST", "qtr":0, "street_":"Arguello Blvd", "date_creat":null, "time_creat":null, "type":"BLVD", "shape_len":322.599609882, "facility_t":"BIKE LANE", "contraflow":0, "sharrow":0, "objectid":2038, "surface_tr":null, "region":"LINESTRING(-122.45939 37.788405,-122.45932 37.787521)", "name":"BIKE LANE - ARGUELLO", "description":{"Length":0.06, "Type":"BLVD", "Runs Along":"Arguello Blvd", "Start Street":"WASHINGTON ST", "End Street":"CLAY ST"}}, "geometry":{"type":"LineString", "coordinates":[[-122.459387615333, 37.7884052181822], [-122.459323509377, 37.7875207145617]]}}