{"type":"Feature", "properties":{"created_us":null, "direct":"2W", "barrier":null, "double":0, "fy":0, "dir":null, "streetname":"CLEARFIELD", "cnn":4146000, "from_st":"OCEAN AV", "length":0.09, "innovative":null, "date_last_":null, "time_last_":null, "year_insta":2010, "shape_leng":476.48087397, "update_yr":0, "number_":"85", "objectid_1":245, "notes":null, "sm_sweeper":0, "last_edite":null, "to_st":"EUCALYPTUS DR", "qtr":0, "street_":"Clearfield Dr", "date_creat":null, "time_creat":null, "type":"DR", "shape_len":476.480873982, "facility_t":"BIKE ROUTE", "contraflow":0, "sharrow":1, "objectid":242, "surface_tr":null, "region":"LINESTRING(-122.49144 37.73201,-122.49135 37.730704)", "name":"BIKE ROUTE - CLEARFIELD", "description":{"Length":0.09, "Type":"DR", "Runs Along":"Clearfield Dr", "Start Street":"OCEAN AV", "End Street":"EUCALYPTUS DR"}}, "geometry":{"type":"LineString", "coordinates":[[-122.491436430372, 37.7320102064332], [-122.491345355724, 37.7307036197927]]}}