{"type":"Feature", "properties":{"created_us":null, "direct":"2W", "barrier":null, "double":0, "fy":0, "dir":null, "streetname":"INDUSTRIAL ST ON RAMP", "cnn":7213000, "from_st":null, "length":0.04, "innovative":null, "date_last_":null, "time_last_":null, "year_insta":2005, "shape_leng":193.9310991, "update_yr":0, "number_":"45", "objectid_1":30, "notes":null, "sm_sweeper":0, "last_edite":null, "to_st":null, "qtr":0, "street_":"Industrial St", "date_creat":null, "time_creat":null, "type":"AVE", "shape_len":193.931099106, "facility_t":"BIKE ROUTE", "contraflow":0, "sharrow":1, "objectid":4, "surface_tr":null, "region":"LINESTRING(-122.40725 37.737566,-122.40725 37.737744,-122.40719 37.737812,-122.40707 37.737859,-122.40691 37.737966)", "name":"BIKE ROUTE - INDUSTRIAL ST ON RAMP", "description":{"Length":0.04, "Type":"AVE", "Runs Along":"Industrial St", "Start Street":null, "End Street":null}}, "geometry":{"type":"LineString", "coordinates":[[-122.407252348916, 37.7375658162797], [-122.407251515008, 37.7377442309187], [-122.407185570774, 37.7378119300878], [-122.407073070344, 37.7378588886476], [-122.406910503957, 37.7379658666688]]}}