{"type":"Feature", "properties":{"created_us":null, "direct":"2W", "barrier":null, "double":1, "fy":0, "dir":null, "streetname":"MARKET", "cnn":8766101, "from_st":"SANCHEZ ST", "length":0.18, "innovative":null, "date_last_":null, "time_last_":null, "year_insta":2005, "shape_leng":928.03189687, "update_yr":0, "number_":"45", "objectid_1":4787, "notes":"1", "sm_sweeper":0, "last_edite":null, "to_st":"NOE ST", "qtr":0, "street_":"Market St", "date_creat":null, "time_creat":null, "type":"ST", "shape_len":928.031896872, "facility_t":"BIKE LANE", "contraflow":0, "sharrow":0, "objectid":2442, "surface_tr":null, "region":"LINESTRING(-122.43082 37.766014,-122.43307 37.764196)", "name":"BIKE LANE - MARKET", "description":{"Length":0.18, "Type":"ST", "Runs Along":"Market St", "Start Street":"SANCHEZ ST", "End Street":"NOE ST"}}, "geometry":{"type":"LineString", "coordinates":[[-122.430824395878, 37.7660137309872], [-122.433074471093, 37.7641957131852]]}}