{"type":"Feature", "properties":{"created_us":null, "direct":"2W", "barrier":null, "double":1, "fy":0, "dir":null, "streetname":"PRESIDIO", "cnn":10766000, "from_st":"CALIFORNIA ST", "length":0.07, "innovative":null, "date_last_":null, "time_last_":null, "year_insta":2006, "shape_leng":353.34479125, "update_yr":0, "number_":"10", "objectid_1":3295, "notes":"1", "sm_sweeper":0, "last_edite":null, "to_st":"PINE ST", "qtr":0, "street_":"Presidio Blvd", "date_creat":null, "time_creat":null, "type":"BLVD", "shape_len":353.344791252, "facility_t":"BIKE ROUTE", "contraflow":0, "sharrow":1, "objectid":801, "surface_tr":null, "region":"LINESTRING(-122.44679 37.787262,-122.44661 37.786302)", "name":"BIKE ROUTE - PRESIDIO", "description":{"Length":0.07, "Type":"BLVD", "Runs Along":"Presidio Blvd", "Start Street":"CALIFORNIA ST", "End Street":"PINE ST"}}, "geometry":{"type":"LineString", "coordinates":[[-122.446792779773, 37.7872618533626], [-122.446610466078, 37.7863022983935]]}}