{"type":"Feature", "properties":{"created_us":null, "direct":"2W", "barrier":null, "double":1, "fy":0, "dir":null, "streetname":"CLEARFIELD", "cnn":4147000, "from_st":"EUCALYPTUS DR", "length":0.08, "innovative":null, "date_last_":null, "time_last_":null, "year_insta":2010, "shape_leng":402.53614914, "update_yr":0, "number_":"885", "objectid_1":2753, "notes":"1", "sm_sweeper":0, "last_edite":null, "to_st":"GELLERT DR", "qtr":0, "street_":"Clearfield Dr", "date_creat":null, "time_creat":null, "type":"DR", "shape_len":402.536149124, "facility_t":"BIKE ROUTE", "contraflow":0, "sharrow":1, "objectid":239, "surface_tr":null, "region":"LINESTRING(-122.49135 37.730704,-122.49131 37.730417,-122.49117 37.730134,-122.49098 37.729925,-122.4908 37.729808,-122.49076 37.729745)", "name":"BIKE ROUTE - CLEARFIELD", "description":{"Length":0.08, "Type":"DR", "Runs Along":"Clearfield Dr", "Start Street":"EUCALYPTUS DR", "End Street":"GELLERT DR"}}, "geometry":{"type":"LineString", "coordinates":[[-122.491345355724, 37.7307036197927], [-122.491313324565, 37.7304170058488], [-122.491171707397, 37.7301341501915], [-122.490977862693, 37.7299246221718], [-122.490797923367, 37.7298076720283], [-122.490761323856, 37.729745433598]]}}