{"type":"Feature", "properties":{"created_us":null, "direct":"2W", "barrier":null, "double":1, "fy":0, "dir":null, "streetname":"LOOMIS", "cnn":8485000, "from_st":"FLOWER ST", "length":0.21, "innovative":null, "date_last_":null, "time_last_":null, "year_insta":2005, "shape_leng":1126.50628318, "update_yr":0, "number_":"25", "objectid_1":2680, "notes":"1", "sm_sweeper":0, "last_edite":null, "to_st":"WATERLOO ST", "qtr":0, "street_":"Loomis St", "date_creat":null, "time_creat":null, "type":"ST", "shape_len":1126.50628319, "facility_t":"BIKE ROUTE", "contraflow":0, "sharrow":1, "objectid":157, "surface_tr":null, "region":"LINESTRING(-122.4046 37.742118,-122.40546 37.740338,-122.40557 37.739155)", "name":"BIKE ROUTE - LOOMIS", "description":{"Length":0.21, "Type":"ST", "Runs Along":"Loomis St", "Start Street":"FLOWER ST", "End Street":"WATERLOO ST"}}, "geometry":{"type":"LineString", "coordinates":[[-122.404599544992, 37.7421183134109], [-122.40546341006, 37.7403377697914], [-122.405570928107, 37.7391551885581]]}}