{"type":"Feature", "properties":{"created_us":null, "direct":"2W", "barrier":null, "double":0, "fy":0, "dir":null, "streetname":"JOHN F KENNEDY", "cnn":7546000, "from_st":"CHAIN OF LAKES DR", "length":0.26, "innovative":null, "date_last_":null, "time_last_":null, "year_insta":0, "shape_leng":1349.18880275, "update_yr":0, "number_":"30", "objectid_1":1377, "notes":null, "sm_sweeper":0, "last_edite":null, "to_st":"MCCLAINS BEND", "qtr":0, "street_":"John F Kennedy Dr", "date_creat":null, "time_creat":null, "type":"DR", "shape_len":1349.18880275, "facility_t":"BIKE ROUTE", "contraflow":0, "sharrow":0, "objectid":1394, "surface_tr":null, "region":"LINESTRING(-122.50183 37.767726,-122.50221 37.767615,-122.50257 37.767535,-122.50456 37.767058,-122.5063 37.766678)", "name":"BIKE ROUTE - JOHN F KENNEDY", "description":{"Length":0.26, "Type":"DR", "Runs Along":"John F Kennedy Dr", "Start Street":"CHAIN OF LAKES DR", "End Street":"MCCLAINS BEND"}}, "geometry":{"type":"LineString", "coordinates":[[-122.501826349025, 37.7677264809102], [-122.502212277108, 37.7676151043181], [-122.502565601766, 37.767534638464], [-122.50455566888, 37.7670576715584], [-122.506302009281, 37.7666780657589]]}}