{"type":"Feature", "properties":{"created_us":null, "direct":"2W", "barrier":null, "double":1, "fy":0, "dir":null, "streetname":"VALENCIA", "cnn":13060000, "from_st":"16TH ST", "length":0.11, "innovative":"GREEN WAVE", "date_last_":null, "time_last_":null, "year_insta":1974, "shape_leng":590.70496046, "update_yr":0, "number_":"45", "objectid_1":4338, "notes":"1", "sm_sweeper":0, "last_edite":null, "to_st":"17TH ST", "qtr":0, "street_":"Valencia St", "date_creat":null, "time_creat":null, "type":"ST", "shape_len":590.704960445, "facility_t":"BIKE LANE", "contraflow":0, "sharrow":0, "objectid":1922, "surface_tr":null, "region":"LINESTRING(-122.42189 37.764917,-122.42173 37.7633)", "name":"BIKE LANE - VALENCIA", "description":{"Length":0.11, "Type":"ST", "Runs Along":"Valencia St", "Start Street":"16TH ST", "End Street":"17TH ST"}}, "geometry":{"type":"LineString", "coordinates":[[-122.421886446074, 37.7649173781137], [-122.42173152136, 37.7632997683065]]}}