{"type":"Feature", "properties":{"created_us":null, "direct":"2W", "barrier":null, "double":0, "fy":0, "dir":null, "streetname":"OCEAN", "cnn":9824101, "from_st":"GRANADA AV", "length":0.01, "innovative":null, "date_last_":null, "time_last_":null, "year_insta":2006, "shape_leng":51.45856732, "update_yr":0, "number_":"84", "objectid_1":890, "notes":null, "sm_sweeper":0, "last_edite":null, "to_st":"GRANADA AV", "qtr":0, "street_":"Ocean Ave", "date_creat":null, "time_creat":null, "type":"AVE", "shape_len":51.4585673241, "facility_t":"BIKE ROUTE", "contraflow":0, "sharrow":1, "objectid":903, "surface_tr":null, "region":"LINESTRING(-122.45717 37.724102,-122.45734 37.724138)", "name":"BIKE ROUTE - OCEAN", "description":{"Length":0.01, "Type":"AVE", "Runs Along":"Ocean Ave", "Start Street":"GRANADA AV", "End Street":"GRANADA AV"}}, "geometry":{"type":"LineString", "coordinates":[[-122.457169001077, 37.7241016839787], [-122.457340952796, 37.7241379874337]]}}