{"type":"Feature", "properties":{"created_us":null, "direct":"2W", "barrier":null, "double":1, "fy":0, "dir":null, "streetname":"JERSEY", "cnn":7512000, "from_st":"NOE ST", "length":0.12, "innovative":null, "date_last_":null, "time_last_":null, "year_insta":2010, "shape_leng":641.51821461, "update_yr":0, "number_":"60", "objectid_1":3782, "notes":"1", "sm_sweeper":0, "last_edite":null, "to_st":"CASTRO ST", "qtr":0, "street_":"Jersey St", "date_creat":null, "time_creat":null, "type":"ST", "shape_len":641.518214612, "facility_t":"BIKE ROUTE", "contraflow":0, "sharrow":1, "objectid":1296, "surface_tr":null, "region":"LINESTRING(-122.43179 37.750628,-122.43401 37.750495)", "name":"BIKE ROUTE - JERSEY", "description":{"Length":0.12, "Type":"ST", "Runs Along":"Jersey St", "Start Street":"NOE ST", "End Street":"CASTRO ST"}}, "geometry":{"type":"LineString", "coordinates":[[-122.431793997272, 37.750628343604], [-122.43400651758, 37.7504949247396]]}}