{"type":"Feature", "properties":{"created_us":null, "direct":"2W", "barrier":null, "double":1, "fy":0, "dir":null, "streetname":"PACIFIC", "cnn":10140000, "from_st":"PHOENIX TERR", "length":0.04, "innovative":null, "date_last_":null, "time_last_":null, "year_insta":2010, "shape_leng":212.96969931, "update_yr":0, "number_":"11", "objectid_1":3086, "notes":"1", "sm_sweeper":0, "last_edite":null, "to_st":"JONES ST", "qtr":0, "street_":"Pacific Ave", "date_creat":null, "time_creat":null, "type":"AVE", "shape_len":212.969699307, "facility_t":"BIKE ROUTE", "contraflow":0, "sharrow":1, "objectid":579, "surface_tr":null, "region":"LINESTRING(-122.41428 37.795969,-122.41501 37.795877)", "name":"BIKE ROUTE - PACIFIC", "description":{"Length":0.04, "Type":"AVE", "Runs Along":"Pacific Ave", "Start Street":"PHOENIX TERR", "End Street":"JONES ST"}}, "geometry":{"type":"LineString", "coordinates":[[-122.414277475512, 37.7959689078143], [-122.415005454719, 37.7958773186699]]}}