{"type":"Feature", "properties":{"created_us":null, "direct":"2W", "barrier":null, "double":0, "fy":0, "dir":null, "streetname":"5TH", "cnn":296000, "from_st":"HOWARD ST", "length":0.04, "innovative":null, "date_last_":null, "time_last_":null, "year_insta":2009, "shape_leng":217.12706972, "update_yr":0, "number_":"61", "objectid_1":506, "notes":null, "sm_sweeper":0, "last_edite":null, "to_st":"TEHAMA ST", "qtr":0, "street_":"5th St", "date_creat":null, "time_creat":null, "type":"ST", "shape_len":217.127069721, "facility_t":"BIKE ROUTE", "contraflow":0, "sharrow":1, "objectid":508, "surface_tr":null, "region":"LINESTRING(-122.40493 37.7815,-122.4044 37.781077)", "name":"BIKE ROUTE - 5TH", "description":{"Length":0.04, "Type":"ST", "Runs Along":"5th St", "Start Street":"HOWARD ST", "End Street":"TEHAMA ST"}}, "geometry":{"type":"LineString", "coordinates":[[-122.404933346756, 37.7814995084968], [-122.404403682267, 37.7810765969487]]}}