{"type":"Feature", "properties":{"created_us":null, "direct":"2W", "barrier":null, "double":1, "fy":0, "dir":null, "streetname":"MC ALLISTER", "cnn":8905000, "from_st":"BRODERICK ST", "length":0.09, "innovative":null, "date_last_":null, "time_last_":null, "year_insta":0, "shape_leng":483.52635872, "update_yr":0, "number_":"20", "objectid_1":3985, "notes":"1", "sm_sweeper":0, "last_edite":null, "to_st":"BAKER ST", "qtr":0, "street_":"Mc Allister St", "date_creat":null, "time_creat":null, "type":"ST", "shape_len":483.526358715, "facility_t":"BIKE ROUTE", "contraflow":0, "sharrow":0, "objectid":1509, "surface_tr":null, "region":"LINESTRING(-122.44003 37.777587,-122.44168 37.777373)", "name":"BIKE ROUTE - MC ALLISTER", "description":{"Length":0.09, "Type":"ST", "Runs Along":"Mc Allister St", "Start Street":"BRODERICK ST", "End Street":"BAKER ST"}}, "geometry":{"type":"LineString", "coordinates":[[-122.44002692196, 37.7775867677464], [-122.441678193966, 37.7773732845825]]}}