{"type":"Feature", "properties":{"created_us":null, "direct":"2W", "barrier":null, "double":1, "fy":14, "dir":null, "streetname":"SLOAT", "cnn":11961201, "from_st":"41ST AV", "length":0.06, "innovative":null, "date_last_":null, "time_last_":null, "year_insta":2013, "shape_leng":332.25926587, "update_yr":2014, "number_":"50", "objectid_1":3515, "notes":"1", "sm_sweeper":0, "last_edite":null, "to_st":"42ND AV", "qtr":1, "street_":"Sloat Blvd", "date_creat":null, "time_creat":null, "type":"BLVD", "shape_len":332.259265859, "facility_t":"BIKE LANE", "contraflow":0, "sharrow":0, "objectid":1028, "surface_tr":null, "region":"LINESTRING(-122.4992 37.734312,-122.49943 37.734472,-122.50014 37.734828)", "name":"BIKE LANE - SLOAT", "description":{"Length":0.06, "Type":"BLVD", "Runs Along":"Sloat Blvd", "Start Street":"41ST AV", "End Street":"42ND AV"}}, "geometry":{"type":"LineString", "coordinates":[[-122.499196335772, 37.734311616142], [-122.499430330684, 37.7344718503726], [-122.50014091436, 37.7348276313346]]}}