{"type":"Feature", "properties":{"created_us":null, "direct":"2W", "barrier":null, "double":1, "fy":0, "dir":null, "streetname":"CHAIN OF LAKES", "cnn":3881000, "from_st":"FULTON ST", "length":0.05, "innovative":null, "date_last_":null, "time_last_":null, "year_insta":0, "shape_leng":285.94646702, "update_yr":0, "number_":"34", "objectid_1":2723, "notes":"1", "sm_sweeper":0, "last_edite":null, "to_st":"CHAIN OF LAKES ACCESS RD", "qtr":0, "street_":"Chain Of Lakes Dr", "date_creat":null, "time_creat":null, "type":"DR", "shape_len":285.946467021, "facility_t":"BIKE ROUTE", "contraflow":0, "sharrow":0, "objectid":201, "surface_tr":null, "region":"LINESTRING(-122.50347 37.771689,-122.50341 37.771554,-122.50328 37.771452,-122.50273 37.771211)", "name":"BIKE ROUTE - CHAIN OF LAKES", "description":{"Length":0.05, "Type":"DR", "Runs Along":"Chain Of Lakes Dr", "Start Street":"FULTON ST", "End Street":"CHAIN OF LAKES ACCESS RD"}}, "geometry":{"type":"LineString", "coordinates":[[-122.503472690639, 37.7716893806197], [-122.503411192409, 37.7715536652503], [-122.503279558599, 37.7714518286692], [-122.502734281262, 37.7712113123763]]}}