{"type":"Feature", "properties":{"created_us":null, "direct":"2W", "barrier":null, "double":0, "fy":0, "dir":null, "streetname":"OCEAN", "cnn":9849000, "from_st":"LAGUNITAS DR", "length":0.05, "innovative":null, "date_last_":null, "time_last_":null, "year_insta":2006, "shape_leng":248.60741251, "update_yr":0, "number_":"84", "objectid_1":871, "notes":null, "sm_sweeper":0, "last_edite":null, "to_st":"19TH AV", "qtr":0, "street_":"Ocean Ave", "date_creat":null, "time_creat":null, "type":"AVE", "shape_len":248.607412511, "facility_t":"BIKE ROUTE", "contraflow":0, "sharrow":1, "objectid":884, "surface_tr":null, "region":"LINESTRING(-122.47421 37.73212,-122.47495 37.732456)", "name":"BIKE ROUTE - OCEAN", "description":{"Length":0.05, "Type":"AVE", "Runs Along":"Ocean Ave", "Start Street":"LAGUNITAS DR", "End Street":"19TH AV"}}, "geometry":{"type":"LineString", "coordinates":[[-122.47420634713, 37.7321199991529], [-122.474954620788, 37.7324561378993]]}}