{"type":"Feature", "properties":{"created_us":"JENWONG", "direct":"2W", "barrier":null, "double":1, "fy":2015, "dir":null, "streetname":"EUCLID", "cnn":5291000, "from_st":"MANZANITA AV", "length":0.05, "innovative":null, "date_last_":"2015/11/12", "time_last_":"08:00:00.000", "year_insta":2015, "shape_leng":264.11914958, "update_yr":0, "number_":null, "objectid_1":5129, "notes":"1", "sm_sweeper":0, "last_edite":"JENWONG", "to_st":"COLLINS ST", "qtr":4, "street_":"Euclid St", "date_creat":"2015/07/07", "time_creat":"07:00:00.000", "type":"AVE", "shape_len":264.119149581, "facility_t":"BIKE LANE", "contraflow":0, "sharrow":0, "objectid":0, "surface_tr":null, "region":"LINESTRING(-122.45101 37.784275,-122.45014 37.784481)", "name":"BIKE LANE - EUCLID", "description":{"Length":0.05, "Type":"AVE", "Runs Along":"Euclid St", "Start Street":"MANZANITA AV", "End Street":"COLLINS ST"}}, "geometry":{"type":"LineString", "coordinates":[[-122.451012147127, 37.7842752735251], [-122.45013568599, 37.7844809023779]]}}