{"type":"Feature", "properties":{"created_us":null, "direct":"2W", "barrier":null, "double":0, "fy":0, "dir":null, "streetname":"LAGUNA HONDA", "cnn":7995000, "from_st":"BALCETA AV", "length":0.06, "innovative":null, "date_last_":null, "time_last_":null, "year_insta":2010, "shape_leng":307.72072025, "update_yr":0, "number_":"60", "objectid_1":1917, "notes":null, "sm_sweeper":0, "last_edite":null, "to_st":"HERNANDEZ AV", "qtr":0, "street_":"Laguna Honda Blvd", "date_creat":null, "time_creat":null, "type":"BLVD", "shape_len":307.720720253, "facility_t":"BIKE LANE", "contraflow":0, "sharrow":0, "objectid":1948, "surface_tr":null, "region":"LINESTRING(-122.45739 37.74549,-122.45718 37.745401,-122.45697 37.745109,-122.45685 37.744808)", "name":"BIKE LANE - LAGUNA HONDA", "description":{"Length":0.06, "Type":"BLVD", "Runs Along":"Laguna Honda Blvd", "Start Street":"BALCETA AV", "End Street":"HERNANDEZ AV"}}, "geometry":{"type":"LineString", "coordinates":[[-122.457394356545, 37.7454903879265], [-122.457182747435, 37.7454014131871], [-122.456965978606, 37.7451091018618], [-122.456847951646, 37.7448075846208]]}}