{"type":"Feature", "properties":{"created_us":null, "direct":"2W", "barrier":null, "double":1, "fy":0, "dir":null, "streetname":"3RD", "cnn":206101, "from_st":"INNES AV", "length":0.04, "innovative":null, "date_last_":null, "time_last_":null, "year_insta":2012, "shape_leng":192.55665839, "update_yr":0, "number_":"5", "objectid_1":2936, "notes":"1", "sm_sweeper":0, "last_edite":null, "to_st":"NEWHALL ST", "qtr":0, "street_":"3rd St", "date_creat":null, "time_creat":null, "type":"ST", "shape_len":192.556658389, "facility_t":"BIKE ROUTE", "contraflow":0, "sharrow":1, "objectid":427, "surface_tr":null, "region":"LINESTRING(-122.38903 37.739533,-122.38919 37.73902)", "name":"BIKE ROUTE - 3RD", "description":{"Length":0.04, "Type":"ST", "Runs Along":"3rd St", "Start Street":"INNES AV", "End Street":"NEWHALL ST"}}, "geometry":{"type":"LineString", "coordinates":[[-122.389030967121, 37.7395334481628], [-122.389189328309, 37.7390197903593]]}}