{"type":"Feature", "properties":{"created_us":null, "direct":"2W", "barrier":null, "double":0, "fy":0, "dir":null, "streetname":"PALOU", "cnn":10223000, "from_st":"NEWHALL ST", "length":0.12, "innovative":null, "date_last_":null, "time_last_":null, "year_insta":2010, "shape_leng":642.2259385, "update_yr":0, "number_":"7", "objectid_1":1621, "notes":null, "sm_sweeper":0, "last_edite":null, "to_st":"3RD ST", "qtr":0, "street_":"Palou Ave", "date_creat":null, "time_creat":null, "type":"AVE", "shape_len":642.225938508, "facility_t":"BIKE ROUTE", "contraflow":0, "sharrow":1, "objectid":1641, "surface_tr":null, "region":"LINESTRING(-122.39097 37.734014,-122.39278 37.735038)", "name":"BIKE ROUTE - PALOU", "description":{"Length":0.12, "Type":"AVE", "Runs Along":"Palou Ave", "Start Street":"NEWHALL ST", "End Street":"3RD ST"}}, "geometry":{"type":"LineString", "coordinates":[[-122.390967890238, 37.7340138723174], [-122.392775931038, 37.7350381012263]]}}