{"type":"Feature", "properties":{"created_us":null, "direct":"2W", "barrier":null, "double":0, "fy":0, "dir":null, "streetname":"CHENERY", "cnn":3920000, "from_st":"CHARLES ST", "length":0.12, "innovative":null, "date_last_":null, "time_last_":null, "year_insta":2010, "shape_leng":630.78559506, "update_yr":0, "number_":"45", "objectid_1":932, "notes":null, "sm_sweeper":0, "last_edite":null, "to_st":"MIGUEL ST", "qtr":0, "street_":"Chenery St", "date_creat":null, "time_creat":null, "type":"ST", "shape_len":630.785595064, "facility_t":"BIKE ROUTE", "contraflow":0, "sharrow":1, "objectid":945, "surface_tr":null, "region":"LINESTRING(-122.42608 37.738358,-122.42643 37.738047,-122.42771 37.737214)", "name":"BIKE ROUTE - CHENERY", "description":{"Length":0.12, "Type":"ST", "Runs Along":"Chenery St", "Start Street":"CHARLES ST", "End Street":"MIGUEL ST"}}, "geometry":{"type":"LineString", "coordinates":[[-122.426075575618, 37.7383577378903], [-122.426426422603, 37.7380466628637], [-122.427707346512, 37.7372137367239]]}}