{"type":"Feature", "properties":{"created_us":null, "direct":"2W", "barrier":null, "double":0, "fy":0, "dir":null, "streetname":"ULLOA", "cnn":12789000, "from_st":"FOREST SIDE AV", "length":0.03, "innovative":null, "date_last_":null, "time_last_":null, "year_insta":2000, "shape_leng":136.27467957, "update_yr":0, "number_":"68", "objectid_1":1745, "notes":null, "sm_sweeper":0, "last_edite":null, "to_st":"FUNSTON AV", "qtr":0, "street_":"Ulloa St", "date_creat":null, "time_creat":null, "type":"ST", "shape_len":136.274679565, "facility_t":"BIKE LANE", "contraflow":0, "sharrow":0, "objectid":1776, "surface_tr":null, "region":"LINESTRING(-122.46856 37.741503,-122.46867 37.741488,-122.46903 37.741472)", "name":"BIKE LANE - ULLOA", "description":{"Length":0.03, "Type":"ST", "Runs Along":"Ulloa St", "Start Street":"FOREST SIDE AV", "End Street":"FUNSTON AV"}}, "geometry":{"type":"LineString", "coordinates":[[-122.46856109909, 37.7415033457446], [-122.468671689366, 37.7414877389881], [-122.469030114146, 37.7414720608867]]}}