{"type":"Feature", "properties":{"created_us":null, "direct":"2W", "barrier":null, "double":0, "fy":0, "dir":null, "streetname":"SLOAT", "cnn":11959105, "from_st":"SUNSET BLVD ON-RAMP", "length":0.08, "innovative":null, "date_last_":null, "time_last_":null, "year_insta":2012, "shape_leng":402.24266692, "update_yr":0, "number_":"50", "objectid_1":392, "notes":null, "sm_sweeper":0, "last_edite":null, "to_st":"39TH AV", "qtr":0, "street_":"Sloat Blvd", "date_creat":null, "time_creat":null, "type":"BLVD", "shape_len":402.242666931, "facility_t":"BIKE ROUTE", "contraflow":0, "sharrow":1, "objectid":391, "surface_tr":null, "region":"LINESTRING(-122.49527 37.733748,-122.49646 37.733694,-122.49664 37.733771)", "name":"BIKE ROUTE - SLOAT", "description":{"Length":0.08, "Type":"BLVD", "Runs Along":"Sloat Blvd", "Start Street":"SUNSET BLVD ON-RAMP", "End Street":"39TH AV"}}, "geometry":{"type":"LineString", "coordinates":[[-122.495271425459, 37.7337478099968], [-122.496458569336, 37.7336943014124], [-122.496635996941, 37.7337708426027]]}}