{"type":"Feature", "properties":{"created_us":null, "direct":"2W", "barrier":null, "double":1, "fy":0, "dir":null, "streetname":"WEBSTER", "cnn":13532201, "from_st":"FULTON ST", "length":0.07, "innovative":null, "date_last_":"2015/10/09", "time_last_":"07:00:00.000", "year_insta":2000, "shape_leng":344.02309979, "update_yr":0, "number_":"345", "objectid_1":4529, "notes":"1", "sm_sweeper":0, "last_edite":"JENWONG", "to_st":"MC ALLISTER ST", "qtr":0, "street_":"Webster St", "date_creat":null, "time_creat":null, "type":"ST", "shape_len":344.023099774, "facility_t":"BIKE LANE", "contraflow":0, "sharrow":0, "objectid":2146, "surface_tr":null, "region":"LINESTRING(-122.42985 37.777919,-122.43005 37.778851)", "name":"BIKE LANE - WEBSTER", "description":{"Length":0.07, "Type":"ST", "Runs Along":"Webster St", "Start Street":"FULTON ST", "End Street":"MC ALLISTER ST"}}, "geometry":{"type":"LineString", "coordinates":[[-122.429849200074, 37.7779192957187], [-122.430047265325, 37.7788509281331]]}}