{"type":"Feature", "properties":{"created_us":null, "direct":"2W", "barrier":null, "double":0, "fy":0, "dir":null, "streetname":"7TH", "cnn":364000, "from_st":"MORAGA ST", "length":0.01, "innovative":null, "date_last_":null, "time_last_":null, "year_insta":2003, "shape_leng":51.65759713, "update_yr":0, "number_":"20", "objectid_1":2388, "notes":null, "sm_sweeper":0, "last_edite":null, "to_st":"NORIEGA ST", "qtr":0, "street_":"7th Ave", "date_creat":null, "time_creat":null, "type":"AVE", "shape_len":51.6575971314, "facility_t":"BIKE LANE", "contraflow":0, "sharrow":0, "objectid":2423, "surface_tr":null, "region":"LINESTRING(-122.46365 37.756677,-122.46364 37.756536)", "name":"BIKE LANE - 7TH", "description":{"Length":0.01, "Type":"AVE", "Runs Along":"7th Ave", "Start Street":"MORAGA ST", "End Street":"NORIEGA ST"}}, "geometry":{"type":"LineString", "coordinates":[[-122.463651621265, 37.7566774504513], [-122.463641647687, 37.7565358019289]]}}