{"type":"Feature", "properties":{"created_us":null, "direct":"2W", "barrier":null, "double":0, "fy":0, "dir":null, "streetname":"GREENWICH", "cnn":6516000, "from_st":"LAGUNA ST", "length":0.09, "innovative":null, "date_last_":null, "time_last_":null, "year_insta":2009, "shape_leng":481.53255688, "update_yr":0, "number_":"6", "objectid_1":1173, "notes":null, "sm_sweeper":0, "last_edite":null, "to_st":"BUCHANAN ST", "qtr":0, "street_":"Greenwich St", "date_creat":null, "time_creat":null, "type":"ST", "shape_len":481.532556889, "facility_t":"BIKE ROUTE", "contraflow":0, "sharrow":1, "objectid":1186, "surface_tr":null, "region":"LINESTRING(-122.43094 37.799579,-122.43258 37.79937)", "name":"BIKE ROUTE - GREENWICH", "description":{"Length":0.09, "Type":"ST", "Runs Along":"Greenwich St", "Start Street":"LAGUNA ST", "End Street":"BUCHANAN ST"}}, "geometry":{"type":"LineString", "coordinates":[[-122.430935122801, 37.7995789873999], [-122.432580752716, 37.7993697239062]]}}