{"type":"Feature", "properties":{"created_us":null, "direct":"2W", "barrier":null, "double":0, "fy":0, "dir":null, "streetname":"SILVER", "cnn":11934000, "from_st":"TOPEKA AV", "length":0.04, "innovative":null, "date_last_":null, "time_last_":null, "year_insta":2005, "shape_leng":207.69718578, "update_yr":0, "number_":"70", "objectid_1":341, "notes":null, "sm_sweeper":0, "last_edite":null, "to_st":"THOMAS AV", "qtr":0, "street_":"Silver Ave", "date_creat":null, "time_creat":null, "type":"AVE", "shape_len":207.697185769, "facility_t":"BIKE ROUTE", "contraflow":0, "sharrow":1, "objectid":340, "surface_tr":null, "region":"LINESTRING(-122.40095 37.735261,-122.40036 37.735581)", "name":"BIKE ROUTE - SILVER", "description":{"Length":0.04, "Type":"AVE", "Runs Along":"Silver Ave", "Start Street":"TOPEKA AV", "End Street":"THOMAS AV"}}, "geometry":{"type":"LineString", "coordinates":[[-122.400952394439, 37.735261395059], [-122.400357335736, 37.7355808218731]]}}