{"type":"Feature", "properties":{"created_us":null, "direct":"1W", "barrier":null, "double":0, "fy":0, "dir":"E", "streetname":"ORTEGA", "cnn":10027000, "from_st":"38TH AVE", "length":0.06, "innovative":"BUFFERED BIKE LANE", "date_last_":null, "time_last_":null, "year_insta":2014, "shape_leng":309.37044, "update_yr":0, "number_":"O", "objectid_1":4999, "notes":null, "sm_sweeper":0, "last_edite":null, "to_st":"39TH AVE", "qtr":0, "street_":"Ortega St", "date_creat":null, "time_creat":null, "type":"ST", "shape_len":309.370485271, "facility_t":"BIKE LANE", "contraflow":0, "sharrow":0, "objectid":4968, "surface_tr":null, "region":"LINESTRING(-122.4967 37.751476,-122.49777 37.751426)", "name":"BIKE LANE - ORTEGA", "description":{"Length":0.06, "Type":"ST", "Runs Along":"Ortega St", "Start Street":"38TH AVE", "End Street":"39TH AVE"}}, "geometry":{"type":"LineString", "coordinates":[[-122.496702184365, 37.7514760797554], [-122.497770415709, 37.7514263268999]]}}