{"type":"Feature", "properties":{"created_us":null, "direct":"2W", "barrier":null, "double":0, "fy":0, "dir":null, "streetname":"BROADWAY", "cnn":3143000, "from_st":"DAVIS ST", "length":0.07, "innovative":null, "date_last_":null, "time_last_":null, "year_insta":2005, "shape_leng":344.75727918, "update_yr":0, "number_":"10", "objectid_1":1102, "notes":null, "sm_sweeper":0, "last_edite":null, "to_st":"FRONT ST", "qtr":0, "street_":"Broadway", "date_creat":null, "time_creat":null, "type":"ST", "shape_len":344.757279188, "facility_t":"BIKE ROUTE", "contraflow":0, "sharrow":1, "objectid":1115, "surface_tr":null, "region":"LINESTRING(-122.3987 37.798881,-122.39987 37.798729)", "name":"BIKE ROUTE - BROADWAY", "description":{"Length":0.07, "Type":"ST", "Runs Along":"Broadway", "Start Street":"DAVIS ST", "End Street":"FRONT ST"}}, "geometry":{"type":"LineString", "coordinates":[[-122.398695702169, 37.7988809671109], [-122.399873458369, 37.7987290013538]]}}