{"type":"Feature", "properties":{"created_us":null, "direct":"2W", "barrier":null, "double":1, "fy":0, "dir":"N", "streetname":"BAYSHORE", "cnn":2801103, "from_st":"MARENGO ST", "length":0.03, "innovative":null, "date_last_":null, "time_last_":null, "year_insta":2012, "shape_leng":184.02364405, "update_yr":0, "number_":"70", "objectid_1":4050, "notes":"1", "sm_sweeper":0, "last_edite":null, "to_st":"INDUSTRIAL ST", "qtr":0, "street_":"Bayshore Blvd", "date_creat":null, "time_creat":null, "type":"BLVD", "shape_len":184.023644058, "facility_t":"BIKE ROUTE", "contraflow":0, "sharrow":1, "objectid":1575, "surface_tr":null, "region":"LINESTRING(-122.40699 37.738467,-122.40691 37.737966)", "name":"BIKE ROUTE - BAYSHORE", "description":{"Length":0.03, "Type":"BLVD", "Runs Along":"Bayshore Blvd", "Start Street":"MARENGO ST", "End Street":"INDUSTRIAL ST"}}, "geometry":{"type":"LineString", "coordinates":[[-122.40699075811, 37.7384672262695], [-122.406910503957, 37.7379658666688]]}}