{"type":"Feature", "properties":{"created_us":null, "direct":"2W", "barrier":null, "double":1, "fy":0, "dir":null, "streetname":"COLUMBUS", "cnn":4298000, "from_st":"FILBERT ST", "length":0.08, "innovative":null, "date_last_":null, "time_last_":null, "year_insta":2005, "shape_leng":446.45324733, "update_yr":0, "number_":"11", "objectid_1":3749, "notes":"1", "sm_sweeper":0, "last_edite":null, "to_st":"GREENWICH ST", "qtr":0, "street_":"Columbus Ave", "date_creat":null, "time_creat":null, "type":"AVE", "shape_len":446.453247323, "facility_t":"BIKE ROUTE", "contraflow":0, "sharrow":1, "objectid":1262, "surface_tr":null, "region":"LINESTRING(-122.41138 37.801125,-122.41254 37.801931)", "name":"BIKE ROUTE - COLUMBUS", "description":{"Length":0.08, "Type":"AVE", "Runs Along":"Columbus Ave", "Start Street":"FILBERT ST", "End Street":"GREENWICH ST"}}, "geometry":{"type":"LineString", "coordinates":[[-122.411376270658, 37.8011251324666], [-122.412541278235, 37.8019306366057]]}}