{"type":"Feature", "properties":{"created_us":null, "direct":"2W", "barrier":null, "double":0, "fy":0, "dir":null, "streetname":"PACIFIC", "cnn":10141000, "from_st":"JONES ST", "length":0.09, "innovative":null, "date_last_":null, "time_last_":null, "year_insta":2010, "shape_leng":481.91810201, "update_yr":0, "number_":"10", "objectid_1":597, "notes":null, "sm_sweeper":0, "last_edite":null, "to_st":"LEAVENWORTH ST", "qtr":0, "street_":"Pacific Ave", "date_creat":null, "time_creat":null, "type":"AVE", "shape_len":481.918102012, "facility_t":"BIKE ROUTE", "contraflow":0, "sharrow":1, "objectid":599, "surface_tr":null, "region":"LINESTRING(-122.41501 37.795877,-122.41665 37.79567)", "name":"BIKE ROUTE - PACIFIC", "description":{"Length":0.09, "Type":"AVE", "Runs Along":"Pacific Ave", "Start Street":"JONES ST", "End Street":"LEAVENWORTH ST"}}, "geometry":{"type":"LineString", "coordinates":[[-122.415005454719, 37.7958773186699], [-122.416652754797, 37.7956700510767]]}}