{"type":"Feature", "properties":{"created_us":null, "direct":"2W", "barrier":null, "double":1, "fy":0, "dir":null, "streetname":"8TH", "cnn":390000, "from_st":"GEARY BLVD", "length":0.13, "innovative":null, "date_last_":null, "time_last_":null, "year_insta":2005, "shape_leng":704.13629945, "update_yr":0, "number_":"730", "objectid_1":2722, "notes":"1", "sm_sweeper":0, "last_edite":null, "to_st":"ANZA ST", "qtr":0, "street_":"8th Ave", "date_creat":null, "time_creat":null, "type":"AVE", "shape_len":704.136299443, "facility_t":"BIKE ROUTE", "contraflow":0, "sharrow":1, "objectid":199, "surface_tr":null, "region":"LINESTRING(-122.46643 37.780925,-122.46629 37.778994)", "name":"BIKE ROUTE - 8TH", "description":{"Length":0.13, "Type":"AVE", "Runs Along":"8th Ave", "Start Street":"GEARY BLVD", "End Street":"ANZA ST"}}, "geometry":{"type":"LineString", "coordinates":[[-122.466426902828, 37.7809245870092], [-122.466288100252, 37.7789939330049]]}}