{"type":"Feature", "properties":{"created_us":null, "direct":"2W", "barrier":null, "double":0, "fy":0, "dir":null, "streetname":"4TH", "cnn":267000, "from_st":"TOWNSEND ST", "length":0.03, "innovative":null, "date_last_":null, "time_last_":null, "year_insta":0, "shape_leng":180.64807821, "update_yr":0, "number_":"19", "objectid_1":837, "notes":null, "sm_sweeper":0, "last_edite":null, "to_st":"JEWETT ST", "qtr":0, "street_":"4th St", "date_creat":null, "time_creat":null, "type":"ST", "shape_len":180.648078193, "facility_t":"BIKE ROUTE", "contraflow":0, "sharrow":0, "objectid":845, "surface_tr":null, "region":"LINESTRING(-122.39498 37.777089,-122.39454 37.776737)", "name":"BIKE ROUTE - 4TH", "description":{"Length":0.03, "Type":"ST", "Runs Along":"4th St", "Start Street":"TOWNSEND ST", "End Street":"JEWETT ST"}}, "geometry":{"type":"LineString", "coordinates":[[-122.39498148051, 37.7770893329093], [-122.394540925511, 37.7767373977864]]}}