{"type":"Feature", "properties":{"created_us":null, "direct":"2W", "barrier":null, "double":0, "fy":0, "dir":null, "streetname":"WEBSTER", "cnn":13536101, "from_st":"EDDY ST", "length":0.06, "innovative":null, "date_last_":"2015/10/09", "time_last_":"07:00:00.000", "year_insta":2000, "shape_leng":340.94785146, "update_yr":0, "number_":"345", "objectid_1":2117, "notes":null, "sm_sweeper":0, "last_edite":"JENWONG", "to_st":"ELLIS ST", "qtr":0, "street_":"Webster St", "date_creat":null, "time_creat":null, "type":"ST", "shape_len":340.947851461, "facility_t":"BIKE LANE", "contraflow":0, "sharrow":0, "objectid":2148, "surface_tr":null, "region":"LINESTRING(-122.43061 37.781646,-122.4308 37.78257)", "name":"BIKE LANE - WEBSTER", "description":{"Length":0.06, "Type":"ST", "Runs Along":"Webster St", "Start Street":"EDDY ST", "End Street":"ELLIS ST"}}, "geometry":{"type":"LineString", "coordinates":[[-122.430609199157, 37.7816455843088], [-122.430797881017, 37.7825698887026]]}}