{"type":"Feature", "properties":{"created_us":null, "direct":"2W", "barrier":null, "double":0, "fy":0, "dir":null, "streetname":"GENNESSEE", "cnn":6154000, "from_st":"JUDSON AV", "length":0.05, "innovative":null, "date_last_":null, "time_last_":null, "year_insta":2010, "shape_leng":256.67239662, "update_yr":0, "number_":"70", "objectid_1":994, "notes":null, "sm_sweeper":0, "last_edite":null, "to_st":"STAPLES AV", "qtr":0, "street_":"Gennessee St", "date_creat":null, "time_creat":null, "type":"ST", "shape_len":256.672396609, "facility_t":"BIKE ROUTE", "contraflow":0, "sharrow":1, "objectid":1007, "surface_tr":null, "region":"LINESTRING(-122.45111 37.728358,-122.45113 37.729062)", "name":"BIKE ROUTE - GENNESSEE", "description":{"Length":0.05, "Type":"ST", "Runs Along":"Gennessee St", "Start Street":"JUDSON AV", "End Street":"STAPLES AV"}}, "geometry":{"type":"LineString", "coordinates":[[-122.451112560273, 37.7283575506419], [-122.451131306393, 37.7290623081202]]}}