{"type":"Feature", "properties":{"created_us":null, "direct":"2W", "barrier":null, "double":0, "fy":0, "dir":null, "streetname":null, "cnn":0, "from_st":null, "length":0.38, "innovative":null, "date_last_":null, "time_last_":null, "year_insta":0, "shape_leng":2023.38908728, "update_yr":0, "number_":"91", "objectid_1":57, "notes":"Not City Maintained (OTHER PATH)", "sm_sweeper":0, "last_edite":null, "to_st":null, "qtr":0, "street_":null, "date_creat":null, "time_creat":null, "type":null, "shape_len":2023.38908729, "facility_t":"BIKE PATH", "contraflow":0, "sharrow":0, "objectid":32, "surface_tr":null, "region":"LINESTRING(-122.50229 37.711766,-122.50424 37.717105)", "name":"BIKE PATH - null", "description":{"Length":0.38, "Type":null, "Runs Along":null, "Start Street":null, "End Street":null}}, "geometry":{"type":"LineString", "coordinates":[[-122.502291969532, 37.7117663744121], [-122.504235260152, 37.7171046030214]]}}