{"type":"Feature", "properties":{"created_us":null, "direct":"1W", "barrier":null, "double":1, "fy":2014, "dir":"S", "streetname":"POLK", "cnn":10548000, "from_st":"LECH WALESA ST", "length":0.04, "innovative":null, "date_last_":null, "time_last_":null, "year_insta":2002, "shape_leng":190.48604238, "update_yr":2014, "number_":"95", "objectid_1":4904, "notes":"1", "sm_sweeper":0, "last_edite":null, "to_st":"GROVE ST", "qtr":4, "street_":"Polk St", "date_creat":null, "time_creat":null, "type":"ST", "shape_len":190.486042384, "facility_t":"BIKE LANE", "contraflow":0, "sharrow":0, "objectid":2179, "surface_tr":"GREEN PAINT", "region":"LINESTRING(-122.41814 37.777971,-122.41823 37.778489)", "name":"BIKE LANE - POLK", "description":{"Length":0.04, "Type":"ST", "Runs Along":"Polk St", "Start Street":"LECH WALESA ST", "End Street":"GROVE ST"}}, "geometry":{"type":"LineString", "coordinates":[[-122.418138569198, 37.7779706634629], [-122.418226581728, 37.7784891171141]]}}