{"type":"Feature", "properties":{"created_us":null, "direct":"2W", "barrier":null, "double":0, "fy":0, "dir":null, "streetname":"CABRILLO", "cnn":3500000, "from_st":"33RD AV", "length":0.06, "innovative":null, "date_last_":null, "time_last_":null, "year_insta":1997, "shape_leng":308.44213993, "update_yr":0, "number_":"20", "objectid_1":2283, "notes":null, "sm_sweeper":0, "last_edite":null, "to_st":"34TH AV", "qtr":0, "street_":"Cabrillo St", "date_creat":null, "time_creat":null, "type":"ST", "shape_len":308.442139928, "facility_t":"BIKE LANE", "contraflow":0, "sharrow":0, "objectid":2315, "surface_tr":null, "region":"LINESTRING(-122.4929 37.774045,-122.49397 37.773996)", "name":"BIKE LANE - CABRILLO", "description":{"Length":0.06, "Type":"ST", "Runs Along":"Cabrillo St", "Start Street":"33RD AV", "End Street":"34TH AV"}}, "geometry":{"type":"LineString", "coordinates":[[-122.492902809406, 37.7740445931227], [-122.493968221652, 37.7739958473695]]}}