{"type":"Feature", "properties":{"created_us":null, "direct":"2W", "barrier":null, "double":1, "fy":0, "dir":null, "streetname":"LINCOLN", "cnn":19435000, "from_st":"LINCOLN BLVD", "length":0.12, "innovative":null, "date_last_":null, "time_last_":null, "year_insta":2002, "shape_leng":638.94249099, "update_yr":0, "number_":"10", "objectid_1":4388, "notes":"PRESIDIO", "sm_sweeper":0, "last_edite":null, "to_st":"BOWLEY ST", "qtr":0, "street_":"Lincoln Blvd", "date_creat":null, "time_creat":null, "type":"BLVD", "shape_len":638.942490993, "facility_t":"BIKE LANE", "contraflow":0, "sharrow":0, "objectid":1980, "surface_tr":null, "region":"LINESTRING(-122.48415 37.787665,-122.48365 37.787773,-122.48316 37.78797,-122.4828 37.788208,-122.48254 37.788431,-122.48239 37.788635)", "name":"BIKE LANE - LINCOLN", "description":{"Length":0.12, "Type":"BLVD", "Runs Along":"Lincoln Blvd", "Start Street":"LINCOLN BLVD", "End Street":"BOWLEY ST"}}, "geometry":{"type":"LineString", "coordinates":[[-122.484146100853, 37.7876648732589], [-122.483648880171, 37.7877733624478], [-122.483159415933, 37.7879702331601], [-122.482799796536, 37.7882079194752], [-122.482542256292, 37.7884310187408], [-122.482393179401, 37.7886352714494]]}}