{"type":"Feature", "properties":{"created_us":null, "direct":"2W", "barrier":null, "double":1, "fy":0, "dir":null, "streetname":"34TH", "cnn":1752000, "from_st":"NORIEGA ST", "length":0.13, "innovative":null, "date_last_":null, "time_last_":null, "year_insta":2011, "shape_leng":681.94222027, "update_yr":0, "number_":"85", "objectid_1":3202, "notes":"1", "sm_sweeper":0, "last_edite":null, "to_st":"ORTEGA ST", "qtr":0, "street_":"34th Ave", "date_creat":null, "time_creat":null, "type":"AVE", "shape_len":681.94222026, "facility_t":"BIKE ROUTE", "contraflow":0, "sharrow":1, "objectid":703, "surface_tr":null, "region":"LINESTRING(-122.49255 37.753532,-122.49242 37.751662)", "name":"BIKE ROUTE - 34TH", "description":{"Length":0.13, "Type":"AVE", "Runs Along":"34th Ave", "Start Street":"NORIEGA ST", "End Street":"ORTEGA ST"}}, "geometry":{"type":"LineString", "coordinates":[[-122.492547868936, 37.7535320114246], [-122.492417458943, 37.7516620247613]]}}