{"type":"Feature", "properties":{"created_us":null, "direct":"2W", "barrier":null, "double":1, "fy":0, "dir":null, "streetname":"ARGUELLO", "cnn":2427000, "from_st":"GOLDEN GATE AV", "length":0.04, "innovative":null, "date_last_":null, "time_last_":null, "year_insta":2000, "shape_leng":208.61849176, "update_yr":0, "number_":"65", "objectid_1":4377, "notes":"1", "sm_sweeper":0, "last_edite":null, "to_st":"CABRILLO ST", "qtr":0, "street_":"Arguello Blvd", "date_creat":null, "time_creat":null, "type":"BLVD", "shape_len":208.618491764, "facility_t":"BIKE LANE", "contraflow":0, "sharrow":0, "objectid":1967, "surface_tr":null, "region":"LINESTRING(-122.4585 37.77619,-122.45846 37.775618)", "name":"BIKE LANE - ARGUELLO", "description":{"Length":0.04, "Type":"BLVD", "Runs Along":"Arguello Blvd", "Start Street":"GOLDEN GATE AV", "End Street":"CABRILLO ST"}}, "geometry":{"type":"LineString", "coordinates":[[-122.458504636893, 37.7761904058431], [-122.458462901515, 37.7756184275252]]}}