{"type":"Feature", "properties":{"created_us":null, "direct":"2W", "barrier":null, "double":1, "fy":0, "dir":null, "streetname":"INNES", "cnn":19397000, "from_st":"DONAHUE ST", "length":0.14, "innovative":null, "date_last_":null, "time_last_":null, "year_insta":0, "shape_leng":743.23215434, "update_yr":0, "number_":"10", "objectid_1":3601, "notes":"1", "sm_sweeper":0, "last_edite":null, "to_st":"EARL ST", "qtr":0, "street_":"Innes Ave", "date_creat":null, "time_creat":null, "type":"AVE", "shape_len":743.232154342, "facility_t":"BIKE ROUTE", "contraflow":0, "sharrow":0, "objectid":1114, "surface_tr":null, "region":"LINESTRING(-122.36982 37.729174,-122.36994 37.729081,-122.37048 37.729034,-122.37054 37.729062,-122.37201 37.729874)", "name":"BIKE ROUTE - INNES", "description":{"Length":0.14, "Type":"AVE", "Runs Along":"Innes Ave", "Start Street":"DONAHUE ST", "End Street":"EARL ST"}}, "geometry":{"type":"LineString", "coordinates":[[-122.369817394126, 37.7291740781245], [-122.369939748188, 37.7290807466945], [-122.370477566172, 37.7290335470448], [-122.370544817365, 37.7290616795611], [-122.372005697481, 37.7298738750502]]}}