{"type":"Feature", "properties":{"created_us":null, "direct":"2W", "barrier":null, "double":0, "fy":0, "dir":null, "streetname":"CESAR CHAVEZ", "cnn":2472000, "from_st":"IOWA ST", "length":0.05, "innovative":null, "date_last_":null, "time_last_":null, "year_insta":2002, "shape_leng":282.03946959, "update_yr":0, "number_":"60", "objectid_1":2332, "notes":null, "sm_sweeper":0, "last_edite":null, "to_st":"PENNSYLVANIA AV", "qtr":0, "street_":"Cesar Chavez St", "date_creat":null, "time_creat":null, "type":"ST", "shape_len":282.039469582, "facility_t":"BIKE LANE", "contraflow":0, "sharrow":0, "objectid":2365, "surface_tr":null, "region":"LINESTRING(-122.39142 37.750141,-122.39193 37.750087,-122.39238 37.750022)", "name":"BIKE LANE - CESAR CHAVEZ", "description":{"Length":0.05, "Type":"ST", "Runs Along":"Cesar Chavez St", "Start Street":"IOWA ST", "End Street":"PENNSYLVANIA AV"}}, "geometry":{"type":"LineString", "coordinates":[[-122.391418367927, 37.7501406062418], [-122.391929933929, 37.7500868597357], [-122.392381992761, 37.7500215054348]]}}