{"type":"Feature", "properties":{"created_us":null, "direct":"2W", "barrier":null, "double":0, "fy":0, "dir":null, "streetname":"SILVER", "cnn":11915000, "from_st":"BOWDOIN ST", "length":0.02, "innovative":null, "date_last_":null, "time_last_":null, "year_insta":2005, "shape_leng":94.13802507, "update_yr":0, "number_":"70", "objectid_1":307, "notes":null, "sm_sweeper":0, "last_edite":null, "to_st":"BOWDOIN ST", "qtr":0, "street_":"Silver Ave", "date_creat":null, "time_creat":null, "type":"AVE", "shape_len":94.1380250677, "facility_t":"BIKE ROUTE", "contraflow":0, "sharrow":1, "objectid":306, "surface_tr":null, "region":"LINESTRING(-122.41263 37.730138,-122.41234 37.730249)", "name":"BIKE ROUTE - SILVER", "description":{"Length":0.02, "Type":"AVE", "Runs Along":"Silver Ave", "Start Street":"BOWDOIN ST", "End Street":"BOWDOIN ST"}}, "geometry":{"type":"LineString", "coordinates":[[-122.412631803402, 37.7301376095688], [-122.412338174571, 37.7302492079259]]}}