{"type":"Feature", "properties":{"created_us":null, "direct":"2W", "barrier":null, "double":0, "fy":0, "dir":"NB", "streetname":"POLK", "cnn":10577000, "from_st":"VALLEJO ST", "length":0.03, "innovative":null, "date_last_":null, "time_last_":null, "year_insta":2005, "shape_leng":173.65297785, "update_yr":0, "number_":"25", "objectid_1":1150, "notes":null, "sm_sweeper":0, "last_edite":null, "to_st":"BONITA ST", "qtr":0, "street_":"Polk St", "date_creat":null, "time_creat":null, "type":"ST", "shape_len":173.652977858, "facility_t":"BIKE ROUTE", "contraflow":0, "sharrow":1, "objectid":1163, "surface_tr":null, "region":"LINESTRING(-122.42196 37.7969,-122.42206 37.797371)", "name":"BIKE ROUTE - POLK", "description":{"Length":0.03, "Type":"ST", "Runs Along":"Polk St", "Start Street":"VALLEJO ST", "End Street":"BONITA ST"}}, "geometry":{"type":"LineString", "coordinates":[[-122.42196091068, 37.7968997476538], [-122.42205601753, 37.797370646432]]}}