{"type":"Feature", "properties":{"created_us":null, "direct":"2W", "barrier":null, "double":0, "fy":0, "dir":null, "streetname":"EVANS", "cnn":5337000, "from_st":"RANKIN ST", "length":0.09, "innovative":null, "date_last_":null, "time_last_":null, "year_insta":2006, "shape_leng":464.96119922, "update_yr":0, "number_":"68", "objectid_1":848, "notes":null, "sm_sweeper":0, "last_edite":null, "to_st":"SELBY ST", "qtr":0, "street_":"Evans Ave", "date_creat":null, "time_creat":null, "type":"AVE", "shape_len":464.961199214, "facility_t":"BIKE ROUTE", "contraflow":0, "sharrow":1, "objectid":856, "surface_tr":null, "region":"LINESTRING(-122.39218 37.745101,-122.39349 37.745845)", "name":"BIKE ROUTE - EVANS", "description":{"Length":0.09, "Type":"AVE", "Runs Along":"Evans Ave", "Start Street":"RANKIN ST", "End Street":"SELBY ST"}}, "geometry":{"type":"LineString", "coordinates":[[-122.392182340152, 37.7451009983747], [-122.393489555609, 37.7458447100745]]}}