{"type":"Feature", "properties":{"created_us":null, "direct":"2W", "barrier":null, "double":0, "fy":0, "dir":null, "streetname":"CESAR CHAVEZ", "cnn":2471000, "from_st":"INDIANA ST", "length":0.05, "innovative":null, "date_last_":null, "time_last_":null, "year_insta":2002, "shape_leng":284.99221017, "update_yr":0, "number_":"60", "objectid_1":2331, "notes":null, "sm_sweeper":0, "last_edite":null, "to_st":"IOWA ST", "qtr":0, "street_":"Cesar Chavez St", "date_creat":null, "time_creat":null, "type":"ST", "shape_len":284.992210172, "facility_t":"BIKE LANE", "contraflow":0, "sharrow":0, "objectid":2364, "surface_tr":null, "region":"LINESTRING(-122.39043 37.750118,-122.39142 37.750141)", "name":"BIKE LANE - CESAR CHAVEZ", "description":{"Length":0.05, "Type":"ST", "Runs Along":"Cesar Chavez St", "Start Street":"INDIANA ST", "End Street":"IOWA ST"}}, "geometry":{"type":"LineString", "coordinates":[[-122.390433037715, 37.7501183419837], [-122.391418367927, 37.7501406062418]]}}