{"type":"Feature", "properties":{"created_us":null, "direct":"2W", "barrier":null, "double":1, "fy":0, "dir":null, "streetname":"CORBETT", "cnn":4383000, "from_st":"19TH ST", "length":0.06, "innovative":null, "date_last_":null, "time_last_":null, "year_insta":2010, "shape_leng":295.75807906, "update_yr":0, "number_":"50", "objectid_1":3186, "notes":"1", "sm_sweeper":0, "last_edite":null, "to_st":"CLAYTON ST", "qtr":0, "street_":"Corbett Ave", "date_creat":null, "time_creat":null, "type":"AVE", "shape_len":295.758079069, "facility_t":"BIKE ROUTE", "contraflow":0, "sharrow":1, "objectid":687, "surface_tr":null, "region":"LINESTRING(-122.44586 37.759484,-122.44611 37.759041,-122.44602 37.758722)", "name":"BIKE ROUTE - CORBETT", "description":{"Length":0.06, "Type":"AVE", "Runs Along":"Corbett Ave", "Start Street":"19TH ST", "End Street":"CLAYTON ST"}}, "geometry":{"type":"LineString", "coordinates":[[-122.445863884776, 37.7594835279665], [-122.44611405797, 37.7590409657786], [-122.446020580269, 37.7587223282998]]}}