{"type":"Feature", "properties":{"created_us":null, "direct":"2W", "barrier":null, "double":1, "fy":0, "dir":"E", "streetname":"CESAR CHAVEZ", "cnn":2478201, "from_st":"KANSAS ST", "length":0.05, "innovative":null, "date_last_":null, "time_last_":null, "year_insta":2012, "shape_leng":238.00083201, "update_yr":0, "number_":"525", "objectid_1":4059, "notes":"1", "sm_sweeper":0, "last_edite":null, "to_st":"BAYSHORE BLVD", "qtr":0, "street_":"Cesar Chavez St", "date_creat":null, "time_creat":null, "type":"ST", "shape_len":238.000832014, "facility_t":"BIKE ROUTE", "contraflow":0, "sharrow":0, "objectid":1585, "surface_tr":null, "region":"LINESTRING(-122.40206 37.749397,-122.40219 37.749427,-122.40272 37.749505,-122.40287 37.749478)", "name":"BIKE ROUTE - CESAR CHAVEZ", "description":{"Length":0.05, "Type":"ST", "Runs Along":"Cesar Chavez St", "Start Street":"KANSAS ST", "End Street":"BAYSHORE BLVD"}}, "geometry":{"type":"LineString", "coordinates":[[-122.402061634424, 37.7493966792932], [-122.402190277789, 37.7494267637342], [-122.402724246984, 37.7495053002785], [-122.402866309318, 37.749478459082]]}}