{"type":"Feature", "properties":{"created_us":null, "direct":"2W", "barrier":null, "double":1, "fy":0, "dir":null, "streetname":"WALLER", "cnn":13376000, "from_st":"DOWNEY ST", "length":0.04, "innovative":null, "date_last_":null, "time_last_":null, "year_insta":2010, "shape_leng":229.87727794, "update_yr":0, "number_":"55", "objectid_1":3286, "notes":"1", "sm_sweeper":0, "last_edite":null, "to_st":"CLAYTON ST", "qtr":0, "street_":"Waller St", "date_creat":null, "time_creat":null, "type":"ST", "shape_len":229.877277942, "facility_t":"BIKE ROUTE", "contraflow":0, "sharrow":1, "objectid":792, "surface_tr":null, "region":"LINESTRING(-122.44757 37.768969,-122.44835 37.768869)", "name":"BIKE ROUTE - WALLER", "description":{"Length":0.04, "Type":"ST", "Runs Along":"Waller St", "Start Street":"DOWNEY ST", "End Street":"CLAYTON ST"}}, "geometry":{"type":"LineString", "coordinates":[[-122.447567739551, 37.7689694385422], [-122.448352972462, 37.7688693110655]]}}