{"type":"Feature", "properties":{"created_us":null, "direct":"2W", "barrier":null, "double":1, "fy":0, "dir":null, "streetname":"BAYSHORE", "cnn":2824201, "from_st":"SAN BRUNO AV", "length":0.05, "innovative":null, "date_last_":null, "time_last_":null, "year_insta":2005, "shape_leng":256.4241178, "update_yr":0, "number_":"68", "objectid_1":4219, "notes":"1", "sm_sweeper":0, "last_edite":null, "to_st":"RAYMOND AV", "qtr":0, "street_":"Bay Shore Blvd", "date_creat":null, "time_creat":null, "type":"BLVD", "shape_len":256.424117797, "facility_t":"BIKE LANE", "contraflow":0, "sharrow":0, "objectid":1767, "surface_tr":null, "region":"LINESTRING(-122.40246 37.712179,-122.40262 37.712127,-122.40289 37.712023,-122.40305 37.711923,-122.40318 37.711794)", "name":"BIKE LANE - BAYSHORE", "description":{"Length":0.05, "Type":"BLVD", "Runs Along":"Bay Shore Blvd", "Start Street":"SAN BRUNO AV", "End Street":"RAYMOND AV"}}, "geometry":{"type":"LineString", "coordinates":[[-122.402459479045, 37.7121794860438], [-122.402615491163, 37.7121273167398], [-122.402891307836, 37.7120225999549], [-122.403050698496, 37.7119229603036], [-122.403182439622, 37.7117943927126]]}}