{"type":"Feature", "properties":{"created_us":null, "direct":"2W", "barrier":null, "double":0, "fy":0, "dir":null, "streetname":"WEBSTER", "cnn":13537101, "from_st":"ELLIS ST", "length":0.07, "innovative":null, "date_last_":"2015/10/09", "time_last_":"07:00:00.000", "year_insta":2000, "shape_leng":345.94654723, "update_yr":0, "number_":"345", "objectid_1":2118, "notes":null, "sm_sweeper":0, "last_edite":"JENWONG", "to_st":"O FARRELL ST", "qtr":0, "street_":"Webster St", "date_creat":null, "time_creat":null, "type":"ST", "shape_len":345.946547231, "facility_t":"BIKE LANE", "contraflow":0, "sharrow":0, "objectid":2149, "surface_tr":null, "region":"LINESTRING(-122.4308 37.78257,-122.43099 37.783508)", "name":"BIKE LANE - WEBSTER", "description":{"Length":0.07, "Type":"ST", "Runs Along":"Webster St", "Start Street":"ELLIS ST", "End Street":"O FARRELL ST"}}, "geometry":{"type":"LineString", "coordinates":[[-122.430797881017, 37.7825698887026], [-122.430989253701, 37.7835077543383]]}}