{"type":"Feature", "properties":{"created_us":null, "direct":"2W", "barrier":null, "double":1, "fy":0, "dir":null, "streetname":"HEARST", "cnn":6866000, "from_st":"FOERSTER ST", "length":0.12, "innovative":null, "date_last_":null, "time_last_":null, "year_insta":2010, "shape_leng":659.47297152, "update_yr":0, "number_":"770", "objectid_1":3491, "notes":"1", "sm_sweeper":0, "last_edite":null, "to_st":"GENNESSEE ST", "qtr":0, "street_":"Hearst Ave", "date_creat":null, "time_creat":null, "type":"AVE", "shape_len":659.472971531, "facility_t":"BIKE ROUTE", "contraflow":0, "sharrow":1, "objectid":1004, "surface_tr":null, "region":"LINESTRING(-122.44886 37.73069,-122.45114 37.730681)", "name":"BIKE ROUTE - HEARST", "description":{"Length":0.12, "Type":"AVE", "Runs Along":"Hearst Ave", "Start Street":"FOERSTER ST", "End Street":"GENNESSEE ST"}}, "geometry":{"type":"LineString", "coordinates":[[-122.448860455806, 37.7306901892329], [-122.451140811051, 37.7306811095604]]}}