{"type":"Feature", "properties":{"created_us":null, "direct":"2W", "barrier":null, "double":1, "fy":0, "dir":null, "streetname":"MARKET", "cnn":8762101, "from_st":"DUBOCE AV", "length":0.05, "innovative":null, "date_last_":null, "time_last_":null, "year_insta":2000, "shape_leng":262.44812941, "update_yr":0, "number_":"45", "objectid_1":4316, "notes":"1", "sm_sweeper":0, "last_edite":null, "to_st":"DOLORES ST", "qtr":0, "street_":"Market St", "date_creat":null, "time_creat":null, "type":"ST", "shape_len":262.44812941, "facility_t":"BIKE LANE", "contraflow":0, "sharrow":0, "objectid":1898, "surface_tr":null, "region":"LINESTRING(-122.42631 37.769603,-122.42693 37.769075)", "name":"BIKE LANE - MARKET", "description":{"Length":0.05, "Type":"ST", "Runs Along":"Market St", "Start Street":"DUBOCE AV", "End Street":"DOLORES ST"}}, "geometry":{"type":"LineString", "coordinates":[[-122.426309438151, 37.7696025973151], [-122.426928645653, 37.7690754290343]]}}