{"type":"Feature", "properties":{"created_us":null, "direct":"2W", "barrier":null, "double":0, "fy":0, "dir":null, "streetname":"LAKE", "cnn":8038000, "from_st":"28TH AV", "length":0.06, "innovative":null, "date_last_":null, "time_last_":null, "year_insta":2012, "shape_leng":312.86101179, "update_yr":0, "number_":"10", "objectid_1":1436, "notes":null, "sm_sweeper":0, "last_edite":null, "to_st":"29TH AV", "qtr":0, "street_":"Lake St", "date_creat":null, "time_creat":null, "type":"ST", "shape_len":312.861011787, "facility_t":"BIKE ROUTE", "contraflow":0, "sharrow":1, "objectid":1453, "surface_tr":null, "region":"LINESTRING(-122.48832 37.785206,-122.48849 37.785156,-122.4889 37.785115,-122.48939 37.785088)", "name":"BIKE ROUTE - LAKE", "description":{"Length":0.06, "Type":"ST", "Runs Along":"Lake St", "Start Street":"28TH AV", "End Street":"29TH AV"}}, "geometry":{"type":"LineString", "coordinates":[[-122.488324815495, 37.7852055834872], [-122.488486234255, 37.785156451437], [-122.488897990055, 37.7851148268373], [-122.489391500725, 37.7850880128284]]}}