{"type":"Feature", "properties":{"created_us":null, "direct":"2W", "barrier":null, "double":0, "fy":0, "dir":null, "streetname":"ORTEGA", "cnn":10030000, "from_st":"41ST AVE", "length":0.06, "innovative":null, "date_last_":null, "time_last_":null, "year_insta":2014, "shape_leng":310.707054, "update_yr":0, "number_":"O", "objectid_1":5002, "notes":null, "sm_sweeper":0, "last_edite":null, "to_st":"42ND AVE", "qtr":0, "street_":"Ortega St", "date_creat":null, "time_creat":null, "type":"ST", "shape_len":310.70730306, "facility_t":"BIKE LANE", "contraflow":0, "sharrow":0, "objectid":4971, "surface_tr":null, "region":"LINESTRING(-122.49991 37.751334,-122.50099 37.751286)", "name":"BIKE LANE - ORTEGA", "description":{"Length":0.06, "Type":"ST", "Runs Along":"Ortega St", "Start Street":"41ST AVE", "End Street":"42ND AVE"}}, "geometry":{"type":"LineString", "coordinates":[[-122.499914456683, 37.7513337661135], [-122.500987488713, 37.7512863944799]]}}