{"type":"Feature", "properties":{"created_us":null, "direct":"2W", "barrier":null, "double":1, "fy":0, "dir":null, "streetname":"3RD", "cnn":198201, "from_st":"CARGO WY", "length":0.08, "innovative":null, "date_last_":null, "time_last_":null, "year_insta":2012, "shape_leng":396.74325004, "update_yr":0, "number_":"68", "objectid_1":4020, "notes":"1", "sm_sweeper":0, "last_edite":null, "to_st":"BURKE AV", "qtr":0, "street_":"3rd St", "date_creat":null, "time_creat":null, "type":"ST", "shape_len":396.743250046, "facility_t":"BIKE ROUTE", "contraflow":0, "sharrow":1, "objectid":1544, "surface_tr":null, "region":"LINESTRING(-122.38717 37.746157,-122.38711 37.745225,-122.38713 37.74507)", "name":"BIKE ROUTE - 3RD", "description":{"Length":0.08, "Type":"ST", "Runs Along":"3rd St", "Start Street":"CARGO WY", "End Street":"BURKE AV"}}, "geometry":{"type":"LineString", "coordinates":[[-122.387173361183, 37.7461573874941], [-122.387105399014, 37.7452246110926], [-122.387128521967, 37.7450704402341]]}}