{"type":"Feature", "properties":{"created_us":null, "direct":"2W", "barrier":null, "double":0, "fy":0, "dir":null, "streetname":"CABRILLO", "cnn":3484000, "from_st":"17TH AV", "length":0.06, "innovative":null, "date_last_":null, "time_last_":null, "year_insta":1984, "shape_leng":312.24976839, "update_yr":0, "number_":"20", "objectid_1":2267, "notes":null, "sm_sweeper":0, "last_edite":null, "to_st":"18TH AV", "qtr":0, "street_":"Cabrillo St", "date_creat":null, "time_creat":null, "type":"ST", "shape_len":312.249768392, "facility_t":"BIKE LANE", "contraflow":0, "sharrow":0, "objectid":2299, "surface_tr":null, "region":"LINESTRING(-122.47575 37.774828,-122.47683 37.774779)", "name":"BIKE LANE - CABRILLO", "description":{"Length":0.06, "Type":"ST", "Runs Along":"Cabrillo St", "Start Street":"17TH AV", "End Street":"18TH AV"}}, "geometry":{"type":"LineString", "coordinates":[[-122.475750968707, 37.7748280181645], [-122.47682955583, 37.7747788265384]]}}