{"type":"Feature", "properties":{"created_us":null, "direct":"2W", "barrier":null, "double":0, "fy":0, "dir":null, "streetname":"CLAY", "cnn":4113000, "from_st":"STEINER ST", "length":0.09, "innovative":null, "date_last_":null, "time_last_":null, "year_insta":2010, "shape_leng":481.76331914, "update_yr":0, "number_":"10", "objectid_1":1179, "notes":null, "sm_sweeper":0, "last_edite":null, "to_st":"PIERCE ST", "qtr":0, "street_":"Clay St", "date_creat":null, "time_creat":null, "type":"ST", "shape_len":481.763319131, "facility_t":"BIKE ROUTE", "contraflow":0, "sharrow":1, "objectid":1192, "surface_tr":null, "region":"LINESTRING(-122.43585 37.790502,-122.4375 37.790292)", "name":"BIKE ROUTE - CLAY", "description":{"Length":0.09, "Type":"ST", "Runs Along":"Clay St", "Start Street":"STEINER ST", "End Street":"PIERCE ST"}}, "geometry":{"type":"LineString", "coordinates":[[-122.435848960255, 37.7905017993343], [-122.43749516025, 37.79029234949]]}}