{"type":"Feature", "properties":{"created_us":null, "direct":"2W", "barrier":null, "double":1, "fy":0, "dir":null, "streetname":"LAKE MERCED", "cnn":8052101, "from_st":"BROTHERHOOD WY", "length":0.23, "innovative":null, "date_last_":null, "time_last_":null, "year_insta":0, "shape_leng":1230.01702023, "update_yr":0, "number_":"885", "objectid_1":2615, "notes":"1", "sm_sweeper":0, "last_edite":null, "to_st":"LAKE MERCED HILL", "qtr":0, "street_":"Lake Merced Blvd", "date_creat":null, "time_creat":null, "type":"BLVD", "shape_len":1230.01702024, "facility_t":"BIKE PATH", "contraflow":0, "sharrow":0, "objectid":82, "surface_tr":null, "region":"LINESTRING(-122.48523 37.714695,-122.48538 37.711319)", "name":"BIKE PATH - LAKE MERCED", "description":{"Length":0.23, "Type":"BLVD", "Runs Along":"Lake Merced Blvd", "Start Street":"BROTHERHOOD WY", "End Street":"LAKE MERCED HILL"}}, "geometry":{"type":"LineString", "coordinates":[[-122.485228934843, 37.7146945128242], [-122.485383501105, 37.7113186674678]]}}