{"type":"Feature", "properties":{"created_us":null, "direct":"2W", "barrier":null, "double":1, "fy":0, "dir":null, "streetname":"SHERIDAN", "cnn":19684000, "from_st":"MONTGOMERY ST", "length":0.05, "innovative":null, "date_last_":null, "time_last_":null, "year_insta":0, "shape_leng":242.06460303, "update_yr":0, "number_":"61", "objectid_1":3926, "notes":"PRESIDIO", "sm_sweeper":0, "last_edite":null, "to_st":"TAYLOR RD", "qtr":0, "street_":"Sheridan Ave", "date_creat":null, "time_creat":null, "type":"AVE", "shape_len":242.064603032, "facility_t":"BIKE ROUTE", "contraflow":0, "sharrow":0, "objectid":1449, "surface_tr":null, "region":"LINESTRING(-122.45958 37.799488,-122.46015 37.799795,-122.46025 37.79988)", "name":"BIKE ROUTE - SHERIDAN", "description":{"Length":0.05, "Type":"AVE", "Runs Along":"Sheridan Ave", "Start Street":"MONTGOMERY ST", "End Street":"TAYLOR RD"}}, "geometry":{"type":"LineString", "coordinates":[[-122.459577275877, 37.7994877702542], [-122.460152503703, 37.7997953959431], [-122.460249182129, 37.7998802169456]]}}