{"type":"Feature", "properties":{"created_us":null, "direct":"2W", "barrier":null, "double":1, "fy":0, "dir":null, "streetname":"SILVER", "cnn":11907000, "from_st":"YALE ST", "length":0.07, "innovative":null, "date_last_":null, "time_last_":null, "year_insta":2005, "shape_leng":347.48912775, "update_yr":0, "number_":"70", "objectid_1":3440, "notes":"1", "sm_sweeper":0, "last_edite":null, "to_st":"AMHERST ST", "qtr":0, "street_":"Silver Ave", "date_creat":null, "time_creat":null, "type":"AVE", "shape_len":347.489127756, "facility_t":"BIKE ROUTE", "contraflow":0, "sharrow":1, "objectid":953, "surface_tr":null, "region":"LINESTRING(-122.41838 37.729039,-122.41721 37.72884)", "name":"BIKE ROUTE - SILVER", "description":{"Length":0.07, "Type":"AVE", "Runs Along":"Silver Ave", "Start Street":"YALE ST", "End Street":"AMHERST ST"}}, "geometry":{"type":"LineString", "coordinates":[[-122.418381308252, 37.7290387628895], [-122.417205988946, 37.7288404425057]]}}