{"type":"Feature", "properties":{"created_us":null, "direct":"2W", "barrier":null, "double":0, "fy":0, "dir":null, "streetname":"MARKET", "cnn":8763101, "from_st":"14TH ST", "length":0.02, "innovative":null, "date_last_":null, "time_last_":null, "year_insta":1974, "shape_leng":118.88888878, "update_yr":0, "number_":"36", "objectid_1":2178, "notes":null, "sm_sweeper":0, "last_edite":null, "to_st":"CHURCH ST", "qtr":0, "street_":"Market St", "date_creat":null, "time_creat":null, "type":"ST", "shape_len":118.888888783, "facility_t":"BIKE LANE", "contraflow":0, "sharrow":0, "objectid":2209, "surface_tr":null, "region":"LINESTRING(-122.42866 37.767735,-122.42895 37.767504)", "name":"BIKE LANE - MARKET", "description":{"Length":0.02, "Type":"ST", "Runs Along":"Market St", "Start Street":"14TH ST", "End Street":"CHURCH ST"}}, "geometry":{"type":"LineString", "coordinates":[[-122.428657163146, 37.7677348880667], [-122.428948566471, 37.7675044595872]]}}