{"type":"Feature", "properties":{"created_us":null, "direct":"2W", "barrier":null, "double":1, "fy":0, "dir":null, "streetname":"KIRKHAM", "cnn":7878000, "from_st":"38TH AV", "length":0.06, "innovative":null, "date_last_":null, "time_last_":null, "year_insta":2010, "shape_leng":310.15763252, "update_yr":0, "number_":"40", "objectid_1":4623, "notes":"1", "sm_sweeper":0, "last_edite":null, "to_st":"39TH AV", "qtr":0, "street_":"Kirkham St", "date_creat":null, "time_creat":null, "type":"ST", "shape_len":310.157632514, "facility_t":"BIKE LANE", "contraflow":0, "sharrow":0, "objectid":2249, "surface_tr":null, "region":"LINESTRING(-122.49722 37.758934,-122.49829 37.758888)", "name":"BIKE LANE - KIRKHAM", "description":{"Length":0.06, "Type":"ST", "Runs Along":"Kirkham St", "Start Street":"38TH AV", "End Street":"39TH AV"}}, "geometry":{"type":"LineString", "coordinates":[[-122.497221909524, 37.7589344121647], [-122.498293186764, 37.7588876113534]]}}