{"type":"Feature", "properties":{"created_us":null, "direct":"2W", "barrier":null, "double":0, "fy":0, "dir":null, "streetname":"WASHINGTON", "cnn":19909000, "from_st":"NAUMAN RD", "length":0.06, "innovative":null, "date_last_":null, "time_last_":null, "year_insta":2006, "shape_leng":324.41751493, "update_yr":0, "number_":"65", "objectid_1":752, "notes":"PRESIDIO", "sm_sweeper":0, "last_edite":null, "to_st":"DEEMS RD", "qtr":0, "street_":"Washington Blvd", "date_creat":null, "time_creat":null, "type":"BLVD", "shape_len":324.417514927, "facility_t":"BIKE LANE", "contraflow":0, "sharrow":0, "objectid":759, "surface_tr":null, "region":"LINESTRING(-122.46425 37.795178,-122.46415 37.79506,-122.46386 37.794867,-122.46332 37.794732)", "name":"BIKE LANE - WASHINGTON", "description":{"Length":0.06, "Type":"BLVD", "Runs Along":"Washington Blvd", "Start Street":"NAUMAN RD", "End Street":"DEEMS RD"}}, "geometry":{"type":"LineString", "coordinates":[[-122.464246378162, 37.7951784958687], [-122.464152118907, 37.795059920344], [-122.463862747035, 37.7948674614619], [-122.463320524689, 37.7947318201182]]}}