{"type":"Feature", "properties":{"created_us":null, "direct":"2W", "barrier":null, "double":1, "fy":0, "dir":null, "streetname":"LAKE", "cnn":8019000, "from_st":"11TH AV", "length":0.06, "innovative":null, "date_last_":null, "time_last_":null, "year_insta":1971, "shape_leng":309.98614975, "update_yr":0, "number_":"10", "objectid_1":4399, "notes":"1", "sm_sweeper":0, "last_edite":null, "to_st":"12TH AV", "qtr":0, "street_":"Lake St", "date_creat":null, "time_creat":null, "type":"ST", "shape_len":309.986149749, "facility_t":"BIKE LANE", "contraflow":0, "sharrow":0, "objectid":1992, "surface_tr":null, "region":"LINESTRING(-122.47004 37.786437,-122.47111 37.786387)", "name":"BIKE LANE - LAKE", "description":{"Length":0.06, "Type":"ST", "Runs Along":"Lake St", "Start Street":"11TH AV", "End Street":"12TH AV"}}, "geometry":{"type":"LineString", "coordinates":[[-122.470043746797, 37.7864371471959], [-122.471114603944, 37.7863872432743]]}}