{"type":"Feature", "properties":{"created_us":null, "direct":"2W", "barrier":null, "double":1, "fy":0, "dir":null, "streetname":"CLAY", "cnn":4114000, "from_st":"PIERCE ST", "length":0.09, "innovative":null, "date_last_":null, "time_last_":null, "year_insta":2010, "shape_leng":480.31461417, "update_yr":0, "number_":"10", "objectid_1":3678, "notes":"1", "sm_sweeper":0, "last_edite":null, "to_st":"SCOTT ST", "qtr":0, "street_":"Clay St", "date_creat":null, "time_creat":null, "type":"ST", "shape_len":480.314614175, "facility_t":"BIKE ROUTE", "contraflow":0, "sharrow":1, "objectid":1191, "surface_tr":null, "region":"LINESTRING(-122.4375 37.790292,-122.43914 37.790081)", "name":"BIKE ROUTE - CLAY", "description":{"Length":0.09, "Type":"ST", "Runs Along":"Clay St", "Start Street":"PIERCE ST", "End Street":"SCOTT ST"}}, "geometry":{"type":"LineString", "coordinates":[[-122.43749516025, 37.79029234949], [-122.439135983072, 37.7900814499889]]}}