{"type":"Feature", "properties":{"created_us":null, "direct":"2W", "barrier":null, "double":1, "fy":0, "dir":null, "streetname":"WALLER", "cnn":13364000, "from_st":"POTOMAC ST", "length":0.05, "innovative":"WIGGLE IMPROVEMENTS", "date_last_":null, "time_last_":null, "year_insta":0, "shape_leng":242.93861574, "update_yr":0, "number_":"47", "objectid_1":3063, "notes":"1", "sm_sweeper":0, "last_edite":null, "to_st":"PIERCE ST", "qtr":0, "street_":"Waller St", "date_creat":null, "time_creat":null, "type":"ST", "shape_len":242.938615749, "facility_t":"BIKE ROUTE", "contraflow":0, "sharrow":1, "objectid":556, "surface_tr":"GREEN-BACKED SHARROWS", "region":"LINESTRING(-122.43272 37.770861,-122.43355 37.770755)", "name":"BIKE ROUTE - WALLER", "description":{"Length":0.05, "Type":"ST", "Runs Along":"Waller St", "Start Street":"POTOMAC ST", "End Street":"PIERCE ST"}}, "geometry":{"type":"LineString", "coordinates":[[-122.432717262602, 37.7708609119428], [-122.433547160122, 37.770755231687]]}}