{"type":"Feature", "properties":{"created_us":null, "direct":"2W", "barrier":null, "double":1, "fy":0, "dir":null, "streetname":"VICENTE", "cnn":13258000, "from_st":"32ND AV", "length":0.06, "innovative":null, "date_last_":null, "time_last_":null, "year_insta":2006, "shape_leng":311.47402785, "update_yr":0, "number_":"60", "objectid_1":3540, "notes":"1", "sm_sweeper":0, "last_edite":null, "to_st":"33RD AV", "qtr":0, "street_":"Vicente St", "date_creat":null, "time_creat":null, "type":"ST", "shape_len":311.47402785, "facility_t":"BIKE ROUTE", "contraflow":0, "sharrow":1, "objectid":1053, "surface_tr":null, "region":"LINESTRING(-122.48936 37.73871,-122.49043 37.738663)", "name":"BIKE ROUTE - VICENTE", "description":{"Length":0.06, "Type":"ST", "Runs Along":"Vicente St", "Start Street":"32ND AV", "End Street":"33RD AV"}}, "geometry":{"type":"LineString", "coordinates":[[-122.489356738965, 37.7387102644854], [-122.49043222525, 37.7386626199993]]}}