{"type":"Feature", "properties":{"created_us":null, "direct":"2W", "barrier":null, "double":0, "fy":0, "dir":null, "streetname":"TURK", "cnn":12744000, "from_st":"ROSELYN TERR", "length":0.03, "innovative":null, "date_last_":null, "time_last_":null, "year_insta":2005, "shape_leng":142.09340281, "update_yr":0, "number_":"20", "objectid_1":2316, "notes":null, "sm_sweeper":0, "last_edite":null, "to_st":"KITTREDGE TERR", "qtr":0, "street_":"Turk St", "date_creat":null, "time_creat":null, "type":"ST", "shape_len":142.093402808, "facility_t":"BIKE LANE", "contraflow":0, "sharrow":0, "objectid":2348, "surface_tr":null, "region":"LINESTRING(-122.45017 37.778226,-122.45065 37.778165)", "name":"BIKE LANE - TURK", "description":{"Length":0.03, "Type":"ST", "Runs Along":"Turk St", "Start Street":"ROSELYN TERR", "End Street":"KITTREDGE TERR"}}, "geometry":{"type":"LineString", "coordinates":[[-122.450169294948, 37.7782260783842], [-122.450654812465, 37.7781645988205]]}}