{"type":"Feature", "properties":{"created_us":null, "direct":"2W", "barrier":null, "double":0, "fy":0, "dir":null, "streetname":"GOLDEN GATE", "cnn":6278000, "from_st":"BAKER ST", "length":0.09, "innovative":null, "date_last_":null, "time_last_":null, "year_insta":2003, "shape_leng":480.48790047, "update_yr":0, "number_":"30", "objectid_1":1678, "notes":null, "sm_sweeper":0, "last_edite":null, "to_st":"LYON ST", "qtr":0, "street_":"Golden Gate Ave", "date_creat":null, "time_creat":null, "type":"AVE", "shape_len":480.487900462, "facility_t":"BIKE LANE", "contraflow":0, "sharrow":0, "objectid":1707, "surface_tr":null, "region":"LINESTRING(-122.44187 37.7783,-122.44351 37.778089)", "name":"BIKE LANE - GOLDEN GATE", "description":{"Length":0.09, "Type":"AVE", "Runs Along":"Golden Gate Ave", "Start Street":"BAKER ST", "End Street":"LYON ST"}}, "geometry":{"type":"LineString", "coordinates":[[-122.441865640892, 37.7782995536505], [-122.443506920226, 37.7780892134449]]}}