{"type":"Feature", "properties":{"created_us":null, "direct":"1W", "barrier":null, "double":1, "fy":0, "dir":null, "streetname":"GREENOUGH", "cnn":19151000, "from_st":null, "length":0.06, "innovative":null, "date_last_":null, "time_last_":null, "year_insta":0, "shape_leng":321.92336523, "update_yr":0, "number_":"4", "objectid_1":4954, "notes":"PRESIDIO", "sm_sweeper":0, "last_edite":null, "to_st":null, "qtr":0, "street_":"Greenough Ave", "date_creat":null, "time_creat":null, "type":"AVE", "shape_len":321.923365222, "facility_t":"BIKE ROUTE", "contraflow":0, "sharrow":0, "objectid":0, "surface_tr":null, "region":"LINESTRING(-122.475 37.7992,-122.47515 37.799422,-122.47521 37.799587,-122.47523 37.799757,-122.47516 37.799872,-122.47499 37.799961)", "name":"BIKE ROUTE - GREENOUGH", "description":{"Length":0.06, "Type":"AVE", "Runs Along":"Greenough Ave", "Start Street":null, "End Street":null}}, "geometry":{"type":"LineString", "coordinates":[[-122.475001371426, 37.7992004003696], [-122.475146974143, 37.7994221052545], [-122.475207232071, 37.7995867013668], [-122.4752323378, 37.799756550087], [-122.475164823918, 37.7998719724002], [-122.474990734673, 37.7999611893984]]}}