{"type":"Feature", "properties":{"created_us":null, "direct":"2W", "barrier":null, "double":0, "fy":0, "dir":null, "streetname":"HOLLOWAY", "cnn":6990000, "from_st":"LUNADO WY", "length":0.01, "innovative":null, "date_last_":null, "time_last_":null, "year_insta":0, "shape_leng":64.65023445, "update_yr":0, "number_":"90", "objectid_1":262, "notes":null, "sm_sweeper":0, "last_edite":null, "to_st":"UNNAMED #102", "qtr":0, "street_":"Holloway Ave", "date_creat":null, "time_creat":null, "type":"AVE", "shape_len":64.6502344425, "facility_t":"BIKE LANE", "contraflow":0, "sharrow":0, "objectid":261, "surface_tr":null, "region":"LINESTRING(-122.47176 37.721671,-122.47198 37.721661)", "name":"BIKE LANE - HOLLOWAY", "description":{"Length":0.01, "Type":"AVE", "Runs Along":"Holloway Ave", "Start Street":"LUNADO WY", "End Street":"UNNAMED #102"}}, "geometry":{"type":"LineString", "coordinates":[[-122.471760271552, 37.7216712038725], [-122.471983398979, 37.721660603271]]}}