{"type":"Feature", "properties":{"created_us":null, "direct":"2W", "barrier":null, "double":1, "fy":0, "dir":null, "streetname":"GILMAN", "cnn":6184000, "from_st":"DONAHUE ST", "length":0.12, "innovative":null, "date_last_":null, "time_last_":null, "year_insta":0, "shape_leng":659.82377861, "update_yr":0, "number_":"805", "objectid_1":4063, "notes":"1", "sm_sweeper":0, "last_edite":null, "to_st":"EARL ST", "qtr":0, "street_":"Gilman Ave", "date_creat":null, "time_creat":null, "type":"AVE", "shape_len":659.823778607, "facility_t":"BIKE ROUTE", "contraflow":0, "sharrow":0, "objectid":1591, "surface_tr":null, "region":"LINESTRING(-122.38252 37.715065,-122.3844 37.716091)", "name":"BIKE ROUTE - GILMAN", "description":{"Length":0.12, "Type":"AVE", "Runs Along":"Gilman Ave", "Start Street":"DONAHUE ST", "End Street":"EARL ST"}}, "geometry":{"type":"LineString", "coordinates":[[-122.382522057281, 37.7150645874484], [-122.384402011038, 37.7160909680395]]}}