{"type":"Feature", "properties":{"created_us":null, "direct":"2W", "barrier":null, "double":1, "fy":0, "dir":null, "streetname":"POST", "cnn":10646000, "from_st":"WEBSTER ST", "length":0.1, "innovative":null, "date_last_":null, "time_last_":null, "year_insta":2010, "shape_leng":502.70586914, "update_yr":0, "number_":"16", "objectid_1":3047, "notes":"1", "sm_sweeper":0, "last_edite":null, "to_st":"FILLMORE ST", "qtr":0, "street_":"Post St", "date_creat":null, "time_creat":null, "type":"ST", "shape_len":502.705869138, "facility_t":"BIKE ROUTE", "contraflow":0, "sharrow":1, "objectid":540, "surface_tr":null, "region":"LINESTRING(-122.43137 37.785373,-122.43308 37.785151)", "name":"BIKE ROUTE - POST", "description":{"Length":0.1, "Type":"ST", "Runs Along":"Post St", "Start Street":"WEBSTER ST", "End Street":"FILLMORE ST"}}, "geometry":{"type":"LineString", "coordinates":[[-122.431366396897, 37.7853726471393], [-122.433083397989, 37.785150940124]]}}