{"type":"Feature", "properties":{"created_us":null, "direct":"2W", "barrier":null, "double":1, "fy":0, "dir":null, "streetname":"BATTERY", "cnn":2753000, "from_st":"PINE ST", "length":0.07, "innovative":null, "date_last_":null, "time_last_":null, "year_insta":2010, "shape_leng":350.90769194, "update_yr":0, "number_":"50", "objectid_1":3634, "notes":"1", "sm_sweeper":0, "last_edite":null, "to_st":"CALIFORNIA ST", "qtr":0, "street_":"Battery St", "date_creat":null, "time_creat":null, "type":"ST", "shape_len":350.907691951, "facility_t":"BIKE ROUTE", "contraflow":0, "sharrow":1, "objectid":1147, "surface_tr":null, "region":"LINESTRING(-122.39976 37.792258,-122.39996 37.793209)", "name":"BIKE ROUTE - BATTERY", "description":{"Length":0.07, "Type":"ST", "Runs Along":"Battery St", "Start Street":"PINE ST", "End Street":"CALIFORNIA ST"}}, "geometry":{"type":"LineString", "coordinates":[[-122.399763352954, 37.7922579480912], [-122.39995873585, 37.7932091018452]]}}