{"type":"Feature", "properties":{"created_us":null, "direct":"2W", "barrier":null, "double":0, "fy":0, "dir":null, "streetname":"3RD", "cnn":225102, "from_st":"DONNER AV", "length":0.05, "innovative":null, "date_last_":null, "time_last_":null, "year_insta":2012, "shape_leng":289.97934044, "update_yr":0, "number_":"5", "objectid_1":1057, "notes":null, "sm_sweeper":0, "last_edite":null, "to_st":"EGBERT AV", "qtr":0, "street_":"3rd St", "date_creat":null, "time_creat":null, "type":"ST", "shape_len":289.979340439, "facility_t":"BIKE ROUTE", "contraflow":0, "sharrow":1, "objectid":1070, "surface_tr":null, "region":"LINESTRING(-122.39458 37.724721,-122.39493 37.723973)", "name":"BIKE ROUTE - 3RD", "description":{"Length":0.05, "Type":"ST", "Runs Along":"3rd St", "Start Street":"DONNER AV", "End Street":"EGBERT AV"}}, "geometry":{"type":"LineString", "coordinates":[[-122.394583751477, 37.7247210738048], [-122.394926152296, 37.7239725637985]]}}