{"type":"Feature", "properties":{"created_us":null, "direct":"2W", "barrier":"SAFE-HIT POSTS", "double":0, "fy":0, "dir":"S", "streetname":"BAYSHORE", "cnn":2806000, "from_st":"THORNTON AV", "length":0.06, "innovative":"SEPARATED BIKEWAY", "date_last_":null, "time_last_":null, "year_insta":2014, "shape_leng":296.42723544, "update_yr":0, "number_":"25", "objectid_1":332, "notes":null, "sm_sweeper":1, "last_edite":null, "to_st":"QUINT ST", "qtr":0, "street_":"Bayshore Blvd", "date_creat":null, "time_creat":null, "type":"BLVD", "shape_len":296.427235437, "facility_t":"BIKE LANE", "contraflow":0, "sharrow":0, "objectid":331, "surface_tr":null, "region":"LINESTRING(-122.4034 37.730658,-122.40302 37.729902)", "name":"BIKE LANE - BAYSHORE", "description":{"Length":0.06, "Type":"BLVD", "Runs Along":"Bayshore Blvd", "Start Street":"THORNTON AV", "End Street":"QUINT ST"}}, "geometry":{"type":"LineString", "coordinates":[[-122.40340046206, 37.7306583524184], [-122.403021621609, 37.7299019014898]]}}