{"type":"Feature", "properties":{"created_us":null, "direct":"2W", "barrier":null, "double":1, "fy":0, "dir":null, "streetname":"YORBA", "cnn":13756000, "from_st":"ALLEY", "length":0.03, "innovative":null, "date_last_":null, "time_last_":null, "year_insta":2010, "shape_leng":142.08502034, "update_yr":0, "number_":"85", "objectid_1":2901, "notes":"1", "sm_sweeper":0, "last_edite":null, "to_st":"34TH AV", "qtr":0, "street_":"Yorba St", "date_creat":null, "time_creat":null, "type":"ST", "shape_len":142.085020335, "facility_t":"BIKE ROUTE", "contraflow":0, "sharrow":1, "objectid":389, "surface_tr":null, "region":"LINESTRING(-122.49181 37.73528,-122.49173 37.735302,-122.49132 37.735327)", "name":"BIKE ROUTE - YORBA", "description":{"Length":0.03, "Type":"ST", "Runs Along":"Yorba St", "Start Street":"ALLEY", "End Street":"34TH AV"}}, "geometry":{"type":"LineString", "coordinates":[[-122.491805730574, 37.735279805981], [-122.491730212259, 37.7353017579238], [-122.491320518322, 37.735327018666]]}}