{"type":"Feature", "properties":{"created_us":null, "direct":"2W", "barrier":null, "double":0, "fy":0, "dir":null, "streetname":"PIERCE", "cnn":10418000, "from_st":"WALLER ST", "length":0.07, "innovative":"WIGGLE IMPROVEMENTS", "date_last_":null, "time_last_":null, "year_insta":0, "shape_leng":344.04062961, "update_yr":0, "number_":"30", "objectid_1":1589, "notes":null, "sm_sweeper":0, "last_edite":null, "to_st":"HAIGHT ST", "qtr":0, "street_":"Pierce St", "date_creat":null, "time_creat":null, "type":"ST", "shape_len":344.040629608, "facility_t":"BIKE ROUTE", "contraflow":0, "sharrow":1, "objectid":1609, "surface_tr":"GREEN-BACKED SHARROWS", "region":"LINESTRING(-122.43355 37.770755,-122.43373 37.771688)", "name":"BIKE ROUTE - PIERCE", "description":{"Length":0.07, "Type":"ST", "Runs Along":"Pierce St", "Start Street":"WALLER ST", "End Street":"HAIGHT ST"}}, "geometry":{"type":"LineString", "coordinates":[[-122.433547160122, 37.770755231687], [-122.433734772788, 37.77168827377]]}}