{"type":"Feature", "properties":{"created_us":null, "direct":"2W", "barrier":null, "double":0, "fy":0, "dir":null, "streetname":"FRANCISCO", "cnn":5779000, "from_st":"RICHARDSON AV", "length":0.03, "innovative":null, "date_last_":null, "time_last_":null, "year_insta":0, "shape_leng":141.28728794, "update_yr":0, "number_":"4", "objectid_1":1512, "notes":null, "sm_sweeper":0, "last_edite":null, "to_st":"LYON ST", "qtr":0, "street_":"Francisco St", "date_creat":null, "time_creat":null, "type":"ST", "shape_len":141.287287922, "facility_t":"BIKE ROUTE", "contraflow":0, "sharrow":0, "objectid":1529, "surface_tr":null, "region":"LINESTRING(-122.44713 37.800386,-122.44761 37.800324)", "name":"BIKE ROUTE - FRANCISCO", "description":{"Length":0.03, "Type":"ST", "Runs Along":"Francisco St", "Start Street":"RICHARDSON AV", "End Street":"LYON ST"}}, "geometry":{"type":"LineString", "coordinates":[[-122.447130573376, 37.8003858242639], [-122.447613279405, 37.8003237015749]]}}