{"type":"Feature", "properties":{"created_us":null, "direct":"2W", "barrier":null, "double":0, "fy":0, "dir":null, "streetname":"EUREKA", "cnn":5322000, "from_st":"21ST ST", "length":0.09, "innovative":null, "date_last_":null, "time_last_":null, "year_insta":2010, "shape_leng":454.72213986, "update_yr":0, "number_":"49", "objectid_1":675, "notes":null, "sm_sweeper":0, "last_edite":null, "to_st":"22ND ST", "qtr":0, "street_":"Eureka St", "date_creat":null, "time_creat":null, "type":"ST", "shape_len":454.722139857, "facility_t":"BIKE ROUTE", "contraflow":0, "sharrow":1, "objectid":679, "surface_tr":null, "region":"LINESTRING(-122.43777 37.755541,-122.43765 37.754296)", "name":"BIKE ROUTE - EUREKA", "description":{"Length":0.09, "Type":"ST", "Runs Along":"Eureka St", "Start Street":"21ST ST", "End Street":"22ND ST"}}, "geometry":{"type":"LineString", "coordinates":[[-122.43776923062, 37.755540691221], [-122.437648534549, 37.7542955482616]]}}