{"type":"Feature", "properties":{"created_us":null, "direct":"2W", "barrier":null, "double":1, "fy":0, "dir":null, "streetname":"FOLSOM", "cnn":5685000, "from_st":"12TH ST", "length":0.1, "innovative":null, "date_last_":null, "time_last_":null, "year_insta":1971, "shape_leng":505.49590372, "update_yr":0, "number_":"3", "objectid_1":4352, "notes":"1", "sm_sweeper":0, "last_edite":null, "to_st":"13TH ST", "qtr":0, "street_":"Folsom St", "date_creat":null, "time_creat":null, "type":"ST", "shape_len":505.495903722, "facility_t":"BIKE LANE", "contraflow":0, "sharrow":0, "objectid":1936, "surface_tr":null, "region":"LINESTRING(-122.415 37.770896,-122.41531 37.770359,-122.41558 37.769591)", "name":"BIKE LANE - FOLSOM", "description":{"Length":0.1, "Type":"ST", "Runs Along":"Folsom St", "Start Street":"12TH ST", "End Street":"13TH ST"}}, "geometry":{"type":"LineString", "coordinates":[[-122.414996654613, 37.7708961087648], [-122.415308453377, 37.7703587535448], [-122.415577016152, 37.7695911603344]]}}