{"type":"Feature", "properties":{"created_us":null, "direct":"2W", "barrier":null, "double":0, "fy":0, "dir":null, "streetname":"PORTOLA", "cnn":10622101, "from_st":"SANTA CLARA AV", "length":0.12, "innovative":null, "date_last_":null, "time_last_":null, "year_insta":2011, "shape_leng":620.5161673, "update_yr":0, "number_":"50", "objectid_1":381, "notes":null, "sm_sweeper":0, "last_edite":null, "to_st":"TERRACE DR", "qtr":0, "street_":"Portola Dr", "date_creat":null, "time_creat":null, "type":"DR", "shape_len":620.516167305, "facility_t":"BIKE LANE", "contraflow":0, "sharrow":0, "objectid":380, "surface_tr":null, "region":"LINESTRING(-122.46616 37.739236,-122.46673 37.738747,-122.46757 37.737956)", "name":"BIKE LANE - PORTOLA", "description":{"Length":0.12, "Type":"DR", "Runs Along":"Portola Dr", "Start Street":"SANTA CLARA AV", "End Street":"TERRACE DR"}}, "geometry":{"type":"LineString", "coordinates":[[-122.466157326937, 37.739235831392], [-122.466734855852, 37.738747167186], [-122.467573180901, 37.7379560409167]]}}