{"type":"Feature", "properties":{"created_us":null, "direct":"2W", "barrier":null, "double":1, "fy":0, "dir":null, "streetname":"3RD", "cnn":214101, "from_st":"QUESADA AV", "length":0.06, "innovative":null, "date_last_":null, "time_last_":null, "year_insta":2012, "shape_leng":299.06294363, "update_yr":0, "number_":"5", "objectid_1":2944, "notes":"1", "sm_sweeper":0, "last_edite":null, "to_st":"REVERE AV", "qtr":0, "street_":"3rd St", "date_creat":null, "time_creat":null, "type":"ST", "shape_len":299.062943622, "facility_t":"BIKE ROUTE", "contraflow":0, "sharrow":1, "objectid":435, "surface_tr":null, "region":"LINESTRING(-122.39124 37.733223,-122.39152 37.732432)", "name":"BIKE ROUTE - 3RD", "description":{"Length":0.06, "Type":"ST", "Runs Along":"3rd St", "Start Street":"QUESADA AV", "End Street":"REVERE AV"}}, "geometry":{"type":"LineString", "coordinates":[[-122.391244493203, 37.7332232621848], [-122.391521350512, 37.7324319081231]]}}