{"type":"Feature", "properties":{"created_us":null, "direct":"2W", "barrier":null, "double":1, "fy":0, "dir":null, "streetname":"CABRILLO", "cnn":3490000, "from_st":"23RD AV", "length":0.06, "innovative":null, "date_last_":null, "time_last_":null, "year_insta":1996, "shape_leng":310.03373573, "update_yr":0, "number_":"20", "objectid_1":4676, "notes":"1", "sm_sweeper":0, "last_edite":null, "to_st":"24TH AV", "qtr":0, "street_":"Cabrillo St", "date_creat":null, "time_creat":null, "type":"ST", "shape_len":310.033735717, "facility_t":"BIKE LANE", "contraflow":0, "sharrow":0, "objectid":2305, "surface_tr":null, "region":"LINESTRING(-122.48218 37.774534,-122.48325 37.774486)", "name":"BIKE LANE - CABRILLO", "description":{"Length":0.06, "Type":"ST", "Runs Along":"Cabrillo St", "Start Street":"23RD AV", "End Street":"24TH AV"}}, "geometry":{"type":"LineString", "coordinates":[[-122.482183771677, 37.7745344886278], [-122.483254695688, 37.774485588633]]}}