{"type":"Feature", "properties":{"created_us":null, "direct":"2W", "barrier":"SAFE-HIT POSTS", "double":0, "fy":0, "dir":null, "streetname":"MARKET", "cnn":8756101, "from_st":"PAGE ST", "length":0.03, "innovative":"SEPARATED BIKEWAY", "date_last_":null, "time_last_":null, "year_insta":2003, "shape_leng":181.18180922, "update_yr":0, "number_":"50", "objectid_1":1829, "notes":null, "sm_sweeper":1, "last_edite":null, "to_st":"FRANKLIN ST", "qtr":0, "street_":"Market St", "date_creat":null, "time_creat":null, "type":"ST", "shape_len":181.181809213, "facility_t":"BIKE LANE", "contraflow":0, "sharrow":0, "objectid":1860, "surface_tr":"GREEN PAINT", "region":"LINESTRING(-122.42025 37.774359,-122.4207 37.774008)", "name":"BIKE LANE - MARKET", "description":{"Length":0.03, "Type":"ST", "Runs Along":"Market St", "Start Street":"PAGE ST", "End Street":"FRANKLIN ST"}}, "geometry":{"type":"LineString", "coordinates":[[-122.420254279189, 37.7743586748015], [-122.420698773672, 37.7740078054887]]}}