{"type":"Feature", "properties":{"created_us":null, "direct":"2W", "barrier":null, "double":1, "fy":0, "dir":null, "streetname":"3RD", "cnn":211101, "from_st":"NEWCOMB AV", "length":0.06, "innovative":null, "date_last_":null, "time_last_":null, "year_insta":2012, "shape_leng":299.74696472, "update_yr":0, "number_":"7", "objectid_1":2946, "notes":"1", "sm_sweeper":0, "last_edite":null, "to_st":"OAKDALE AV", "qtr":0, "street_":"3rd St", "date_creat":null, "time_creat":null, "type":"ST", "shape_len":299.746964709, "facility_t":"BIKE ROUTE", "contraflow":0, "sharrow":1, "objectid":437, "surface_tr":null, "region":"LINESTRING(-122.39042 37.735591,-122.39069 37.734797)", "name":"BIKE ROUTE - 3RD", "description":{"Length":0.06, "Type":"ST", "Runs Along":"3rd St", "Start Street":"NEWCOMB AV", "End Street":"OAKDALE AV"}}, "geometry":{"type":"LineString", "coordinates":[[-122.390416263932, 37.7355905207579], [-122.390693772558, 37.7347973590503]]}}