{"type":"Feature", "properties":{"created_us":null, "direct":"2W", "barrier":"SAFE-HIT POSTS", "double":1, "fy":0, "dir":null, "streetname":"SAN JOSE", "cnn":11439201, "from_st":"RANDALL ST", "length":0.48, "innovative":"SEPARATED BIKEWAY", "date_last_":null, "time_last_":null, "year_insta":2005, "shape_leng":2527.46469623, "update_yr":0, "number_":"45", "objectid_1":4775, "notes":"1", "sm_sweeper":1, "last_edite":null, "to_st":"ROANOKE ST", "qtr":0, "street_":"San Jose Ave", "date_creat":null, "time_creat":null, "type":"AVE", "shape_len":2527.46469623, "facility_t":"BIKE LANE", "contraflow":0, "sharrow":0, "objectid":2427, "surface_tr":null, "region":"LINESTRING(-122.42415 37.739869,-122.42438 37.738988,-122.42462 37.738428,-122.42497 37.737819,-122.42551 37.737257,-122.42663 37.73631,-122.42771 37.735536,-122.4285 37.735014,-122.42939 37.734636)", "name":"BIKE LANE - SAN JOSE", "description":{"Length":0.48, "Type":"AVE", "Runs Along":"San Jose Ave", "Start Street":"RANDALL ST", "End Street":"ROANOKE ST"}}, "geometry":{"type":"LineString", "coordinates":[[-122.424147155297, 37.7398692296358], [-122.424375048434, 37.7389877339796], [-122.424621751167, 37.7384282676131], [-122.424971629333, 37.7378187166042], [-122.425514272588, 37.7372567172446], [-122.426627338258, 37.7363097208984], [-122.427710047963, 37.7355360632525], [-122.42849745329, 37.735013834089], [-122.429390651676, 37.7346360097834]]}}