{"type":"Feature", "properties":{"created_us":null, "direct":"2W", "barrier":null, "double":1, "fy":0, "dir":null, "streetname":"SILVER", "cnn":11893000, "from_st":"CAMELLIA AV", "length":0.07, "innovative":null, "date_last_":null, "time_last_":null, "year_insta":2005, "shape_leng":357.98953793, "update_yr":0, "number_":"70", "objectid_1":2790, "notes":"1", "sm_sweeper":0, "last_edite":null, "to_st":"MISSION ST", "qtr":0, "street_":"Silver Ave", "date_creat":null, "time_creat":null, "type":"AVE", "shape_len":357.989537937, "facility_t":"BIKE ROUTE", "contraflow":0, "sharrow":1, "objectid":278, "surface_tr":null, "region":"LINESTRING(-122.43233 37.729269,-122.43167 37.728955,-122.43129 37.72873)", "name":"BIKE ROUTE - SILVER", "description":{"Length":0.07, "Type":"AVE", "Runs Along":"Silver Ave", "Start Street":"CAMELLIA AV", "End Street":"MISSION ST"}}, "geometry":{"type":"LineString", "coordinates":[[-122.432326278299, 37.7292694592107], [-122.431666444877, 37.7289545692211], [-122.431293843768, 37.7287295483709]]}}