{"type":"Feature", "properties":{"created_us":null, "direct":"1W", "barrier":null, "double":1, "fy":0, "dir":null, "streetname":"GREENOUGH", "cnn":19150000, "from_st":null, "length":0.03, "innovative":null, "date_last_":null, "time_last_":null, "year_insta":0, "shape_leng":145.40241008, "update_yr":0, "number_":"4", "objectid_1":4953, "notes":"PRESIDIO", "sm_sweeper":0, "last_edite":null, "to_st":null, "qtr":0, "street_":"Greenough Ave", "date_creat":null, "time_creat":null, "type":"AVE", "shape_len":145.402410084, "facility_t":"BIKE ROUTE", "contraflow":0, "sharrow":0, "objectid":0, "surface_tr":null, "region":"LINESTRING(-122.47489 37.798825,-122.47488 37.799016,-122.475 37.7992)", "name":"BIKE ROUTE - GREENOUGH", "description":{"Length":0.03, "Type":"AVE", "Runs Along":"Greenough Ave", "Start Street":null, "End Street":null}}, "geometry":{"type":"LineString", "coordinates":[[-122.474888062665, 37.7988247056867], [-122.474880305607, 37.7990160565115], [-122.475001371426, 37.7992004003696]]}}