{"type":"Feature", "properties":{"created_us":null, "direct":"2W", "barrier":null, "double":0, "fy":0, "dir":null, "streetname":"SLOAT", "cnn":11951101, "from_st":"19TH AV", "length":0.06, "innovative":null, "date_last_":null, "time_last_":null, "year_insta":2011, "shape_leng":306.24613736, "update_yr":0, "number_":"50", "objectid_1":399, "notes":null, "sm_sweeper":0, "last_edite":null, "to_st":"20TH AV", "qtr":0, "street_":"Sloat Blvd", "date_creat":null, "time_creat":null, "type":"BLVD", "shape_len":306.246137359, "facility_t":"BIKE ROUTE", "contraflow":0, "sharrow":1, "objectid":399, "surface_tr":null, "region":"LINESTRING(-122.4751 37.734626,-122.47616 37.734614)", "name":"BIKE ROUTE - SLOAT", "description":{"Length":0.06, "Type":"BLVD", "Runs Along":"Sloat Blvd", "Start Street":"19TH AV", "End Street":"20TH AV"}}, "geometry":{"type":"LineString", "coordinates":[[-122.475102470099, 37.7346255723218], [-122.476161386182, 37.7346137336889]]}}