{"type":"Feature", "properties":{"created_us":null, "direct":"2W", "barrier":null, "double":0, "fy":0, "dir":null, "streetname":"PARK", "cnn":19588000, "from_st":"SCHOFIELD RD", "length":0.11, "innovative":null, "date_last_":null, "time_last_":null, "year_insta":2010, "shape_leng":577.79880755, "update_yr":0, "number_":"65", "objectid_1":2509, "notes":"PRESIDIO", "sm_sweeper":0, "last_edite":null, "to_st":"KOBBE AVE", "qtr":0, "street_":"Park Blvd", "date_creat":null, "time_creat":null, "type":"BLVD", "shape_len":577.798807561, "facility_t":"BIKE LANE", "contraflow":0, "sharrow":0, "objectid":2557, "surface_tr":null, "region":"LINESTRING(-122.46841 37.799361,-122.46864 37.799303,-122.46875 37.799223,-122.46903 37.798875,-122.46917 37.798605,-122.46917 37.798406,-122.46905 37.798043)", "name":"BIKE LANE - PARK", "description":{"Length":0.11, "Type":"BLVD", "Runs Along":"Park Blvd", "Start Street":"SCHOFIELD RD", "End Street":"KOBBE AVE"}}, "geometry":{"type":"LineString", "coordinates":[[-122.468411757355, 37.7993610869762], [-122.468636952087, 37.7993029542718], [-122.468748762616, 37.7992226091249], [-122.469027342132, 37.7988746035281], [-122.469166780886, 37.7986046541779], [-122.469172797704, 37.7984063169954], [-122.469046011551, 37.7980431871748]]}}