{"type":"Feature", "properties":{"created_us":null, "direct":"2W", "barrier":null, "double":1, "fy":0, "dir":null, "streetname":"BAKER", "cnn":2609000, "from_st":"GROVE ST", "length":0.06, "innovative":null, "date_last_":null, "time_last_":null, "year_insta":2000, "shape_leng":343.1017364, "update_yr":0, "number_":"65", "objectid_1":4427, "notes":"1", "sm_sweeper":0, "last_edite":null, "to_st":"FULTON ST", "qtr":0, "street_":"Baker St", "date_creat":null, "time_creat":null, "type":"ST", "shape_len":343.101736405, "facility_t":"BIKE LANE", "contraflow":0, "sharrow":0, "objectid":2027, "surface_tr":null, "region":"LINESTRING(-122.4413 37.775505,-122.44149 37.776435)", "name":"BIKE LANE - BAKER", "description":{"Length":0.06, "Type":"ST", "Runs Along":"Baker St", "Start Street":"GROVE ST", "End Street":"FULTON ST"}}, "geometry":{"type":"LineString", "coordinates":[[-122.441300063866, 37.7755046874805], [-122.441488326705, 37.7764350363118]]}}