{"type":"Feature", "properties":{"created_us":null, "direct":"2W", "barrier":null, "double":0, "fy":0, "dir":null, "streetname":"DUBOCE", "cnn":4987000, "from_st":"BELCHER ST", "length":0.07, "innovative":"WIGGLE IMPROVEMENTS", "date_last_":null, "time_last_":null, "year_insta":2006, "shape_leng":383.66323113, "update_yr":0, "number_":"350", "objectid_1":1645, "notes":null, "sm_sweeper":0, "last_edite":null, "to_st":"SANCHEZ ST", "qtr":0, "street_":"Duboce Ave", "date_creat":null, "time_creat":null, "type":"AVE", "shape_len":383.66323113, "facility_t":"BIKE ROUTE", "contraflow":0, "sharrow":1, "objectid":1668, "surface_tr":null, "region":"LINESTRING(-122.43025 37.769392,-122.43157 37.769307)", "name":"BIKE ROUTE - DUBOCE", "description":{"Length":0.07, "Type":"AVE", "Runs Along":"Duboce Ave", "Start Street":"BELCHER ST", "End Street":"SANCHEZ ST"}}, "geometry":{"type":"LineString", "coordinates":[[-122.430247361979, 37.7693922616992], [-122.431570380696, 37.7693071608347]]}}