{"type":"Feature", "properties":{"created_us":null, "direct":"2W", "barrier":null, "double":1, "fy":0, "dir":null, "streetname":"SUTTER", "cnn":12330000, "from_st":"POLK ST", "length":0.09, "innovative":null, "date_last_":null, "time_last_":null, "year_insta":2010, "shape_leng":480.53684601, "update_yr":0, "number_":"16", "objectid_1":3704, "notes":"1", "sm_sweeper":0, "last_edite":null, "to_st":"VAN NESS AV", "qtr":0, "street_":"Sutter St", "date_creat":null, "time_creat":null, "type":"ST", "shape_len":480.536846013, "facility_t":"BIKE ROUTE", "contraflow":0, "sharrow":1, "objectid":1217, "surface_tr":null, "region":"LINESTRING(-122.42012 37.787757,-122.42176 37.787548)", "name":"BIKE ROUTE - SUTTER", "description":{"Length":0.09, "Type":"ST", "Runs Along":"Sutter St", "Start Street":"POLK ST", "End Street":"VAN NESS AV"}}, "geometry":{"type":"LineString", "coordinates":[[-122.420116074558, 37.7877566525357], [-122.421758104488, 37.7875481396886]]}}