{"type":"Feature", "properties":{"created_us":null, "direct":"2W", "barrier":null, "double":0, "fy":0, "dir":"E", "streetname":"LINCOLN", "cnn":19457000, "from_st":"CRISSY FIELD AV", "length":0.04, "innovative":null, "date_last_":null, "time_last_":null, "year_insta":1999, "shape_leng":198.40489487, "update_yr":0, "number_":"4", "objectid_1":1984, "notes":"PRESIDIO", "sm_sweeper":0, "last_edite":null, "to_st":"UNNAMED #144", "qtr":0, "street_":"Lincoln Blvd", "date_creat":null, "time_creat":null, "type":"BLVD", "shape_len":198.404894874, "facility_t":"BIKE ROUTE", "contraflow":0, "sharrow":0, "objectid":2015, "surface_tr":null, "region":"LINESTRING(-122.46419 37.801831,-122.46355 37.801638)", "name":"BIKE ROUTE - LINCOLN", "description":{"Length":0.04, "Type":"BLVD", "Runs Along":"Lincoln Blvd", "Start Street":"CRISSY FIELD AV", "End Street":"UNNAMED #144"}}, "geometry":{"type":"LineString", "coordinates":[[-122.464187195493, 37.8018309023572], [-122.46354501102, 37.8016378755183]]}}