{"type":"Feature", "properties":{"created_us":null, "direct":"2W", "barrier":null, "double":0, "fy":0, "dir":null, "streetname":"GREENWICH", "cnn":6523000, "from_st":"DIVISADERO ST", "length":0.09, "innovative":null, "date_last_":null, "time_last_":null, "year_insta":2009, "shape_leng":488.80226231, "update_yr":0, "number_":"6", "objectid_1":1516, "notes":null, "sm_sweeper":0, "last_edite":null, "to_st":"BRODERICK ST", "qtr":0, "street_":"Greenwich St", "date_creat":null, "time_creat":null, "type":"ST", "shape_len":488.802262311, "facility_t":"BIKE ROUTE", "contraflow":0, "sharrow":1, "objectid":1533, "surface_tr":null, "region":"LINESTRING(-122.44247 37.798112,-122.44414 37.797899)", "name":"BIKE ROUTE - GREENWICH", "description":{"Length":0.09, "Type":"ST", "Runs Along":"Greenwich St", "Start Street":"DIVISADERO ST", "End Street":"BRODERICK ST"}}, "geometry":{"type":"LineString", "coordinates":[[-122.442467913734, 37.7981119517533], [-122.444138324755, 37.7978993806626]]}}