{"type":"Feature", "properties":{"created_us":null, "direct":"2W", "barrier":null, "double":0, "fy":0, "dir":null, "streetname":"15TH", "cnn":629000, "from_st":"ULLOA ST", "length":0.13, "innovative":null, "date_last_":null, "time_last_":null, "year_insta":2008, "shape_leng":681.22375491, "update_yr":0, "number_":"60", "objectid_1":1615, "notes":null, "sm_sweeper":0, "last_edite":null, "to_st":"VICENTE ST", "qtr":0, "street_":"15th Ave", "date_creat":null, "time_creat":null, "type":"AVE", "shape_len":681.223754919, "facility_t":"BIKE ROUTE", "contraflow":0, "sharrow":1, "objectid":1635, "surface_tr":null, "region":"LINESTRING(-122.47109 37.739515,-122.47123 37.741383)", "name":"BIKE ROUTE - 15TH", "description":{"Length":0.13, "Type":"AVE", "Runs Along":"15th Ave", "Start Street":"ULLOA ST", "End Street":"VICENTE ST"}}, "geometry":{"type":"LineString", "coordinates":[[-122.471094271729, 37.7395151491649], [-122.471225940746, 37.7413831068382]]}}