{"type":"Feature", "properties":{"created_us":null, "direct":"2W", "barrier":null, "double":0, "fy":0, "dir":null, "streetname":"OAKDALE", "cnn":9798000, "from_st":"LOOMIS ST", "length":0.04, "innovative":null, "date_last_":null, "time_last_":null, "year_insta":2002, "shape_leng":185.45965299, "update_yr":0, "number_":"25", "objectid_1":2080, "notes":null, "sm_sweeper":0, "last_edite":null, "to_st":"PATTERSON ST", "qtr":0, "street_":"Oakdale Ave", "date_creat":null, "time_creat":null, "type":"AVE", "shape_len":185.459652997, "facility_t":"BIKE LANE", "contraflow":0, "sharrow":0, "objectid":2111, "surface_tr":null, "region":"LINESTRING(-122.40431 37.742521,-122.40483 37.742817)", "name":"BIKE LANE - OAKDALE", "description":{"Length":0.04, "Type":"AVE", "Runs Along":"Oakdale Ave", "Start Street":"LOOMIS ST", "End Street":"PATTERSON ST"}}, "geometry":{"type":"LineString", "coordinates":[[-122.404306292294, 37.7425207341264], [-122.404828386512, 37.7428165984961]]}}