{"type":"Feature", "properties":{"created_us":null, "direct":"2W", "barrier":null, "double":0, "fy":0, "dir":null, "streetname":"ALEMANY", "cnn":2170102, "from_st":"GENEVA AVE", "length":0.04, "innovative":null, "date_last_":null, "time_last_":null, "year_insta":2006, "shape_leng":235.71451936, "update_yr":0, "number_":"45", "objectid_1":2410, "notes":null, "sm_sweeper":0, "last_edite":null, "to_st":"CHANCERY LN", "qtr":0, "street_":"Alemany Blvd", "date_creat":null, "time_creat":null, "type":"BLVD", "shape_len":235.714519343, "facility_t":"BIKE LANE", "contraflow":0, "sharrow":0, "objectid":2446, "surface_tr":null, "region":"LINESTRING(-122.44233 37.717833,-122.44291 37.717377)", "name":"BIKE LANE - ALEMANY", "description":{"Length":0.04, "Type":"BLVD", "Runs Along":"Alemany Blvd", "Start Street":"GENEVA AVE", "End Street":"CHANCERY LN"}}, "geometry":{"type":"LineString", "coordinates":[[-122.442328162871, 37.7178334453985], [-122.442906371535, 37.7173772607251]]}}