{"type":"Feature", "properties":{"created_us":null, "direct":"2W", "barrier":null, "double":0, "fy":0, "dir":"W", "streetname":"HOWARD", "cnn":7028000, "from_st":"STEUART ST", "length":0.07, "innovative":null, "date_last_":null, "time_last_":null, "year_insta":2012, "shape_leng":358.43972667, "update_yr":0, "number_":"30", "objectid_1":816, "notes":null, "sm_sweeper":0, "last_edite":null, "to_st":"SPEAR ST", "qtr":0, "street_":"Howard St", "date_creat":null, "time_creat":null, "type":"ST", "shape_len":358.439726659, "facility_t":"BIKE LANE", "contraflow":0, "sharrow":0, "objectid":824, "surface_tr":null, "region":"LINESTRING(-122.39165 37.792006,-122.39252 37.791311)", "name":"BIKE LANE - HOWARD", "description":{"Length":0.07, "Type":"ST", "Runs Along":"Howard St", "Start Street":"STEUART ST", "End Street":"SPEAR ST"}}, "geometry":{"type":"LineString", "coordinates":[[-122.391645797586, 37.7920057014846], [-122.392524623467, 37.7913109710962]]}}