{"type":"Feature", "properties":{"created_us":null, "direct":"2W", "barrier":null, "double":1, "fy":0, "dir":null, "streetname":"GENEVA", "cnn":6128201, "from_st":"HOWTH ST", "length":0.05, "innovative":null, "date_last_":null, "time_last_":null, "year_insta":2010, "shape_leng":266.57299494, "update_yr":0, "number_":"90", "objectid_1":2769, "notes":"1", "sm_sweeper":0, "last_edite":null, "to_st":"LOUISBURG ST", "qtr":0, "street_":"Geneva Ave", "date_creat":null, "time_creat":null, "type":"AVE", "shape_len":266.572994928, "facility_t":"BIKE ROUTE", "contraflow":0, "sharrow":1, "objectid":257, "surface_tr":null, "region":"LINESTRING(-122.45012 37.722083,-122.4493 37.721752)", "name":"BIKE ROUTE - GENEVA", "description":{"Length":0.05, "Type":"AVE", "Runs Along":"Geneva Ave", "Start Street":"HOWTH ST", "End Street":"LOUISBURG ST"}}, "geometry":{"type":"LineString", "coordinates":[[-122.450118226006, 37.7220827951278], [-122.449295742227, 37.7217524116099]]}}