{"type":"Feature", "properties":{"created_us":null, "direct":"2W", "barrier":null, "double":0, "fy":0, "dir":null, "streetname":"CABRILLO", "cnn":3475000, "from_st":"9TH AV", "length":0.06, "innovative":null, "date_last_":null, "time_last_":null, "year_insta":1997, "shape_leng":310.38075572, "update_yr":0, "number_":"20", "objectid_1":2258, "notes":null, "sm_sweeper":0, "last_edite":null, "to_st":"10TH AV", "qtr":0, "street_":"Cabrillo St", "date_creat":null, "time_creat":null, "type":"ST", "shape_len":310.38075571, "facility_t":"BIKE LANE", "contraflow":0, "sharrow":0, "objectid":2290, "surface_tr":null, "region":"LINESTRING(-122.46709 37.775223,-122.46816 37.775174)", "name":"BIKE LANE - CABRILLO", "description":{"Length":0.06, "Type":"ST", "Runs Along":"Cabrillo St", "Start Street":"9TH AV", "End Street":"10TH AV"}}, "geometry":{"type":"LineString", "coordinates":[[-122.467086295042, 37.7752228291183], [-122.468158437564, 37.7751740111034]]}}