{"type":"Feature", "properties":{"created_us":null, "direct":"2W", "barrier":null, "double":0, "fy":0, "dir":null, "streetname":"SLOAT", "cnn":11958101, "from_st":"LAKESHORE PZ", "length":0.05, "innovative":null, "date_last_":null, "time_last_":null, "year_insta":2012, "shape_leng":260.45792376, "update_yr":0, "number_":"50", "objectid_1":385, "notes":null, "sm_sweeper":0, "last_edite":null, "to_st":"CLEARFIELD DR", "qtr":0, "street_":"Sloat Blvd", "date_creat":null, "time_creat":null, "type":"BLVD", "shape_len":260.457923758, "facility_t":"BIKE ROUTE", "contraflow":0, "sharrow":1, "objectid":384, "surface_tr":null, "region":"LINESTRING(-122.49044 37.73405,-122.49134 37.734008)", "name":"BIKE ROUTE - SLOAT", "description":{"Length":0.05, "Type":"BLVD", "Runs Along":"Sloat Blvd", "Start Street":"LAKESHORE PZ", "End Street":"CLEARFIELD DR"}}, "geometry":{"type":"LineString", "coordinates":[[-122.490443544836, 37.7340504969536], [-122.491342618204, 37.7340078581755]]}}