{"type":"Feature", "properties":{"created_us":null, "direct":"2W", "barrier":null, "double":1, "fy":0, "dir":"N", "streetname":"GREAT HWY", "cnn":6434201, "from_st":"FULTON ST", "length":0.06, "innovative":"BUFFERED BIKE LANE", "date_last_":null, "time_last_":null, "year_insta":2010, "shape_leng":337.36828775, "update_yr":0, "number_":"30", "objectid_1":3856, "notes":"1", "sm_sweeper":0, "last_edite":null, "to_st":"JOHN F KENNEDY DR", "qtr":0, "street_":"Great Hwy", "date_creat":null, "time_creat":null, "type":null, "shape_len":337.368287749, "facility_t":"BIKE LANE", "contraflow":0, "sharrow":0, "objectid":1379, "surface_tr":null, "region":"LINESTRING(-122.51105 37.771342,-122.51097 37.771178,-122.51089 37.770607,-122.51093 37.770436)", "name":"BIKE LANE - GREAT HWY", "description":{"Length":0.06, "Type":null, "Runs Along":"Great Hwy", "Start Street":"FULTON ST", "End Street":"JOHN F KENNEDY DR"}}, "geometry":{"type":"LineString", "coordinates":[[-122.511053755711, 37.7713424996529], [-122.510966903673, 37.771178138532], [-122.510888979254, 37.7706074963564], [-122.510925947012, 37.7704356758334]]}}