{"type":"Feature", "properties":{"created_us":null, "direct":"2W", "barrier":null, "double":0, "fy":2014, "dir":"N", "streetname":"POLK", "cnn":10549000, "from_st":"GROVE ST", "length":0.12, "innovative":null, "date_last_":null, "time_last_":null, "year_insta":2000, "shape_leng":653.76192417, "update_yr":2014, "number_":"25", "objectid_1":2126, "notes":null, "sm_sweeper":0, "last_edite":null, "to_st":"MC ALLISTER ST", "qtr":4, "street_":"Polk St", "date_creat":null, "time_creat":null, "type":"ST", "shape_len":653.761924166, "facility_t":"BIKE LANE", "contraflow":0, "sharrow":0, "objectid":2157, "surface_tr":"GREEN PAINT", "region":"LINESTRING(-122.41823 37.778489,-122.4186 37.78026)", "name":"BIKE LANE - POLK", "description":{"Length":0.12, "Type":"ST", "Runs Along":"Polk St", "Start Street":"GROVE ST", "End Street":"MC ALLISTER ST"}}, "geometry":{"type":"LineString", "coordinates":[[-122.418226581728, 37.7784891171141], [-122.418598509186, 37.7802601329879]]}}