{"type":"Feature", "properties":{"created_us":null, "direct":"2W", "barrier":null, "double":0, "fy":0, "dir":null, "streetname":"LAKE", "cnn":8032000, "from_st":"23RD AV", "length":0.06, "innovative":null, "date_last_":null, "time_last_":null, "year_insta":1996, "shape_leng":311.01186025, "update_yr":0, "number_":"10", "objectid_1":1967, "notes":null, "sm_sweeper":0, "last_edite":null, "to_st":"24TH AV", "qtr":0, "street_":"Lake St", "date_creat":null, "time_creat":null, "type":"ST", "shape_len":311.011860247, "facility_t":"BIKE LANE", "contraflow":0, "sharrow":0, "objectid":1998, "surface_tr":null, "region":"LINESTRING(-122.483 37.785835,-122.48408 37.785795)", "name":"BIKE LANE - LAKE", "description":{"Length":0.06, "Type":"ST", "Runs Along":"Lake St", "Start Street":"23RD AV", "End Street":"24TH AV"}}, "geometry":{"type":"LineString", "coordinates":[[-122.483004748102, 37.7858346058879], [-122.484079805371, 37.7857945304425]]}}