{"type":"Feature", "properties":{"created_us":null, "direct":"2W", "barrier":null, "double":0, "fy":0, "dir":null, "streetname":"CALIFORNIA", "cnn":3546000, "from_st":"HELEN ST", "length":0.07, "innovative":null, "date_last_":null, "time_last_":null, "year_insta":2010, "shape_leng":378.96042046, "update_yr":0, "number_":"310", "objectid_1":472, "notes":null, "sm_sweeper":0, "last_edite":null, "to_st":"HYDE ST", "qtr":0, "street_":"California St", "date_creat":null, "time_creat":null, "type":"ST", "shape_len":378.960420453, "facility_t":"BIKE ROUTE", "contraflow":0, "sharrow":1, "objectid":474, "surface_tr":null, "region":"LINESTRING(-122.4161 37.791156,-122.41739 37.790973)", "name":"BIKE ROUTE - CALIFORNIA", "description":{"Length":0.07, "Type":"ST", "Runs Along":"California St", "Start Street":"HELEN ST", "End Street":"HYDE ST"}}, "geometry":{"type":"LineString", "coordinates":[[-122.416100319276, 37.7911562729993], [-122.417391336038, 37.7909731914447]]}}