{"type":"Feature", "properties":{"created_us":null, "direct":"2W", "barrier":null, "double":0, "fy":0, "dir":null, "streetname":"UNNAMED #134", "cnn":12983000, "from_st":"36TH AV", "length":0.03, "innovative":null, "date_last_":null, "time_last_":null, "year_insta":2012, "shape_leng":132.2860835, "update_yr":0, "number_":"30", "objectid_1":1374, "notes":null, "sm_sweeper":0, "last_edite":null, "to_st":"36TH AV", "qtr":0, "street_":null, "date_creat":null, "time_creat":null, "type":null, "shape_len":132.286083491, "facility_t":"BIKE ROUTE", "contraflow":0, "sharrow":0, "objectid":1391, "surface_tr":null, "region":"LINESTRING(-122.49491 37.770198,-122.49526 37.769967)", "name":"BIKE ROUTE - UNNAMED #134", "description":{"Length":0.03, "Type":null, "Runs Along":null, "Start Street":"36TH AV", "End Street":"36TH AV"}}, "geometry":{"type":"LineString", "coordinates":[[-122.494910299753, 37.7701980799271], [-122.495263465209, 37.7699670041818]]}}