{"type":"Feature", "properties":{"created_us":null, "direct":"2W", "barrier":null, "double":1, "fy":0, "dir":null, "streetname":"HARRISON", "cnn":6740000, "from_st":"13TH ST", "length":0.06, "innovative":null, "date_last_":null, "time_last_":null, "year_insta":1971, "shape_leng":303.23147746, "update_yr":0, "number_":"33", "objectid_1":4740, "notes":"1", "sm_sweeper":0, "last_edite":null, "to_st":"14TH ST", "qtr":0, "street_":"Harrison St", "date_creat":null, "time_creat":null, "type":"ST", "shape_len":303.231477469, "facility_t":"BIKE LANE", "contraflow":0, "sharrow":0, "objectid":2381, "surface_tr":null, "region":"LINESTRING(-122.41339 37.769502,-122.41343 37.769036,-122.4134 37.768671)", "name":"BIKE LANE - HARRISON", "description":{"Length":0.06, "Type":"ST", "Runs Along":"Harrison St", "Start Street":"13TH ST", "End Street":"14TH ST"}}, "geometry":{"type":"LineString", "coordinates":[[-122.4133852387, 37.7695020049096], [-122.413427022961, 37.7690361373527], [-122.413396247532, 37.7686712240218]]}}