{"type":"Feature", "properties":{"created_us":null, "direct":"2W", "barrier":null, "double":1, "fy":14, "dir":null, "streetname":"FOLSOM", "cnn":5675000, "from_st":"RAUSCH ST", "length":0.01, "innovative":"BUFFERED BIKE LANE", "date_last_":null, "time_last_":null, "year_insta":2005, "shape_leng":41.18239729, "update_yr":2014, "number_":"23", "objectid_1":4761, "notes":"1", "sm_sweeper":0, "last_edite":null, "to_st":"HALLAM ST", "qtr":0, "street_":"Folsom St", "date_creat":null, "time_creat":null, "type":"ST", "shape_len":41.1823972814, "facility_t":"BIKE LANE", "contraflow":0, "sharrow":0, "objectid":2406, "surface_tr":null, "region":"LINESTRING(-122.40895 37.775873,-122.40885 37.775953)", "name":"BIKE LANE - FOLSOM", "description":{"Length":0.01, "Type":"ST", "Runs Along":"Folsom St", "Start Street":"RAUSCH ST", "End Street":"HALLAM ST"}}, "geometry":{"type":"LineString", "coordinates":[[-122.408946744674, 37.7758734451999], [-122.408845749522, 37.7759532294324]]}}