{"type":"Feature", "properties":{"created_us":null, "direct":"2W", "barrier":null, "double":0, "fy":0, "dir":null, "streetname":"SILVER", "cnn":11901000, "from_st":"VIENNA ST", "length":0.03, "innovative":null, "date_last_":null, "time_last_":null, "year_insta":2005, "shape_leng":132.95469409, "update_yr":0, "number_":"70", "objectid_1":947, "notes":null, "sm_sweeper":0, "last_edite":null, "to_st":"MADISON ST", "qtr":0, "street_":"Silver Ave", "date_creat":null, "time_creat":null, "type":"AVE", "shape_len":132.954694086, "facility_t":"BIKE ROUTE", "contraflow":0, "sharrow":1, "objectid":960, "surface_tr":null, "region":"LINESTRING(-122.4242 37.728736,-122.42374 37.72876)", "name":"BIKE ROUTE - SILVER", "description":{"Length":0.03, "Type":"AVE", "Runs Along":"Silver Ave", "Start Street":"VIENNA ST", "End Street":"MADISON ST"}}, "geometry":{"type":"LineString", "coordinates":[[-122.424198686035, 37.7287355534732], [-122.423739981736, 37.7287599371015]]}}