{"type":"Feature", "properties":{"created_us":null, "direct":"2W", "barrier":null, "double":0, "fy":0, "dir":null, "streetname":"GRAND VIEW", "cnn":6372101, "from_st":"ROMAIN ST", "length":0.09, "innovative":null, "date_last_":null, "time_last_":null, "year_insta":2012, "shape_leng":460.03896003, "update_yr":0, "number_":"44", "objectid_1":669, "notes":null, "sm_sweeper":0, "last_edite":null, "to_st":"21ST ST", "qtr":0, "street_":"Grand View Ave", "date_creat":null, "time_creat":null, "type":"AVE", "shape_len":460.038960029, "facility_t":"BIKE ROUTE", "contraflow":0, "sharrow":1, "objectid":673, "surface_tr":null, "region":"LINESTRING(-122.44013 37.756423,-122.44006 37.755959,-122.44005 37.75581,-122.44016 37.755617,-122.44041 37.755229)", "name":"BIKE ROUTE - GRAND VIEW", "description":{"Length":0.09, "Type":"AVE", "Runs Along":"Grand View Ave", "Start Street":"ROMAIN ST", "End Street":"21ST ST"}}, "geometry":{"type":"LineString", "coordinates":[[-122.440133893954, 37.7564226847297], [-122.440056621134, 37.7559591475996], [-122.440052737255, 37.7558104193844], [-122.440163009663, 37.7556168911224], [-122.440409478495, 37.7552287549301]]}}