{"type":"Feature", "properties":{"created_us":null, "direct":"2W", "barrier":null, "double":1, "fy":0, "dir":null, "streetname":"MARKET", "cnn":8750201, "from_st":"TAYLOR ST", "length":0, "innovative":null, "date_last_":null, "time_last_":null, "year_insta":2006, "shape_leng":14.463523, "update_yr":0, "number_":"68", "objectid_1":4127, "notes":"1", "sm_sweeper":0, "last_edite":null, "to_st":"MC ALLISTER ST", "qtr":0, "street_":"Market St", "date_creat":null, "time_creat":null, "type":"ST", "shape_len":14.4635230031, "facility_t":"BIKE ROUTE", "contraflow":0, "sharrow":1, "objectid":1656, "surface_tr":null, "region":"LINESTRING(-122.41029 37.782231,-122.41033 37.782203)", "name":"BIKE ROUTE - MARKET", "description":{"Length":0, "Type":"ST", "Runs Along":"Market St", "Start Street":"TAYLOR ST", "End Street":"MC ALLISTER ST"}}, "geometry":{"type":"LineString", "coordinates":[[-122.410292026754, 37.7822305747143], [-122.410327704082, 37.782202717773]]}}