{"type":"Feature", "properties":{"created_us":null, "direct":"2W", "barrier":null, "double":1, "fy":0, "dir":null, "streetname":"KIRKHAM", "cnn":7846000, "from_st":"8TH AV", "length":0.06, "innovative":null, "date_last_":null, "time_last_":null, "year_insta":1997, "shape_leng":309.59302317, "update_yr":0, "number_":"5", "objectid_1":4652, "notes":"1", "sm_sweeper":0, "last_edite":null, "to_st":"9TH AV", "qtr":0, "street_":"Kirkham St", "date_creat":null, "time_creat":null, "type":"ST", "shape_len":309.593023168, "facility_t":"BIKE LANE", "contraflow":0, "sharrow":0, "objectid":2278, "surface_tr":null, "region":"LINESTRING(-122.46498 37.760358,-122.46605 37.760312)", "name":"BIKE LANE - KIRKHAM", "description":{"Length":0.06, "Type":"ST", "Runs Along":"Kirkham St", "Start Street":"8TH AV", "End Street":"9TH AV"}}, "geometry":{"type":"LineString", "coordinates":[[-122.464981054382, 37.760358460612], [-122.466050389032, 37.7603115587261]]}}