{"type":"Feature", "properties":{"created_us":null, "direct":"2W", "barrier":null, "double":0, "fy":0, "dir":null, "streetname":"COLUMBUS", "cnn":4289000, "from_st":"KEARNY ST", "length":0.02, "innovative":null, "date_last_":null, "time_last_":null, "year_insta":2005, "shape_leng":86.11830046, "update_yr":0, "number_":"11", "objectid_1":1270, "notes":null, "sm_sweeper":0, "last_edite":null, "to_st":"PACIFIC AV", "qtr":0, "street_":"Columbus Ave", "date_creat":null, "time_creat":null, "type":"AVE", "shape_len":86.1183004704, "facility_t":"BIKE ROUTE", "contraflow":0, "sharrow":1, "objectid":1283, "surface_tr":null, "region":"LINESTRING(-122.40529 37.796909,-122.40551 37.797065)", "name":"BIKE ROUTE - COLUMBUS", "description":{"Length":0.02, "Type":"AVE", "Runs Along":"Columbus Ave", "Start Street":"KEARNY ST", "End Street":"PACIFIC AV"}}, "geometry":{"type":"LineString", "coordinates":[[-122.405288397056, 37.7969090575524], [-122.405512935639, 37.7970645904741]]}}