{"type":"Feature", "properties":{"created_us":null, "direct":"2W", "barrier":null, "double":0, "fy":0, "dir":"E", "streetname":"SAGAMORE", "cnn":11282000, "from_st":"CAPITOL AV", "length":0.17, "innovative":null, "date_last_":null, "time_last_":null, "year_insta":2011, "shape_leng":884.53951625, "update_yr":0, "number_":"45", "objectid_1":1721, "notes":null, "sm_sweeper":0, "last_edite":null, "to_st":"SAGAMORE ST", "qtr":0, "street_":"Sagamore St", "date_creat":null, "time_creat":null, "type":"ST", "shape_len":884.539516253, "facility_t":"BIKE LANE", "contraflow":0, "sharrow":1, "objectid":1752, "surface_tr":null, "region":"LINESTRING(-122.45901 37.711387,-122.46206 37.711373)", "name":"BIKE LANE - SAGAMORE", "description":{"Length":0.17, "Type":"ST", "Runs Along":"Sagamore St", "Start Street":"CAPITOL AV", "End Street":"SAGAMORE ST"}}, "geometry":{"type":"LineString", "coordinates":[[-122.459005468043, 37.7113873298671], [-122.462063257466, 37.7113727292605]]}}