{"type":"Feature", "properties":{"created_us":null, "direct":"2W", "barrier":null, "double":0, "fy":14, "dir":"E", "streetname":"CESAR CHAVEZ", "cnn":2480101, "from_st":"HAMPSHIRE ST", "length":0.07, "innovative":"BUFFERED BIKE LANE", "date_last_":null, "time_last_":null, "year_insta":2014, "shape_leng":350.68583442, "update_yr":2014, "number_":"60", "objectid_1":1294, "notes":null, "sm_sweeper":0, "last_edite":null, "to_st":"PRECITA AV", "qtr":3, "street_":"Cesar Chavez St", "date_creat":null, "time_creat":null, "type":"ST", "shape_len":350.685834431, "facility_t":"BIKE LANE", "contraflow":0, "sharrow":0, "objectid":1309, "surface_tr":null, "region":"LINESTRING(-122.40676 37.748766,-122.40788 37.748405)", "name":"BIKE LANE - CESAR CHAVEZ", "description":{"Length":0.07, "Type":"ST", "Runs Along":"Cesar Chavez St", "Start Street":"HAMPSHIRE ST", "End Street":"PRECITA AV"}}, "geometry":{"type":"LineString", "coordinates":[[-122.406757777147, 37.7487664791022], [-122.407882028365, 37.748405000449]]}}