{"type":"Feature", "properties":{"created_us":"JENWONG", "direct":"2W", "barrier":null, "double":0, "fy":2016, "dir":"S", "streetname":"FOLSOM", "cnn":5701002, "from_st":"KAMILLE CT", "length":0.04, "innovative":null, "date_last_":"2015/11/12", "time_last_":"08:00:00.000", "year_insta":2015, "shape_leng":205.10202995, "update_yr":0, "number_":null, "objectid_1":5768, "notes":null, "sm_sweeper":0, "last_edite":"JENWONG", "to_st":"CESAR CHAVEZ ST", "qtr":2, "street_":"Folsom St", "date_creat":"2015/11/12", "time_creat":"08:00:00.000", "type":"ST", "shape_len":205.102029953, "facility_t":"BIKE LANE", "contraflow":0, "sharrow":0, "objectid":0, "surface_tr":null, "region":"LINESTRING(-122.41372 37.748817,-122.41367 37.748255)", "name":"BIKE LANE - FOLSOM", "description":{"Length":0.04, "Type":"ST", "Runs Along":"Folsom St", "Start Street":"KAMILLE CT", "End Street":"CESAR CHAVEZ ST"}}, "geometry":{"type":"LineString", "coordinates":[[-122.413723350933, 37.7488169461672], [-122.41366884452, 37.748255329252]]}}