{"type":"Feature", "properties":{"created_us":null, "direct":"2W", "barrier":null, "double":1, "fy":0, "dir":"W", "streetname":"EL CAMINO DEL MAR", "cnn":5122000, "from_st":"26TH AV", "length":0.06, "innovative":null, "date_last_":null, "time_last_":null, "year_insta":1997, "shape_leng":307.65017142, "update_yr":0, "number_":"4", "objectid_1":4908, "notes":"1", "sm_sweeper":0, "last_edite":null, "to_st":"27TH AV", "qtr":0, "street_":"El Camino Del Mar", "date_creat":null, "time_creat":null, "type":null, "shape_len":307.650171429, "facility_t":"BIKE LANE", "contraflow":0, "sharrow":0, "objectid":2004, "surface_tr":null, "region":"LINESTRING(-122.48636 37.787562,-122.48742 37.787512)", "name":"BIKE LANE - EL CAMINO DEL MAR", "description":{"Length":0.06, "Type":null, "Runs Along":"El Camino Del Mar", "Start Street":"26TH AV", "End Street":"27TH AV"}}, "geometry":{"type":"LineString", "coordinates":[[-122.486358957338, 37.7875617015245], [-122.487421758938, 37.7875121476209]]}}