{"type":"Feature", "properties":{"created_us":null, "direct":"2W", "barrier":null, "double":0, "fy":0, "dir":null, "streetname":"ASHBURY", "cnn":2516000, "from_st":"PIEDMONT ST", "length":0.07, "innovative":null, "date_last_":null, "time_last_":null, "year_insta":0, "shape_leng":392.70858467, "update_yr":0, "number_":"55", "objectid_1":775, "notes":null, "sm_sweeper":0, "last_edite":null, "to_st":"CLIFFORD TERR", "qtr":0, "street_":"Ashbury St", "date_creat":null, "time_creat":null, "type":"ST", "shape_len":392.708584679, "facility_t":"BIKE ROUTE", "contraflow":0, "sharrow":0, "objectid":782, "surface_tr":null, "region":"LINESTRING(-122.44596 37.765216,-122.44591 37.764956,-122.44584 37.764577,-122.44607 37.764188)", "name":"BIKE ROUTE - ASHBURY", "description":{"Length":0.07, "Type":"ST", "Runs Along":"Ashbury St", "Start Street":"PIEDMONT ST", "End Street":"CLIFFORD TERR"}}, "geometry":{"type":"LineString", "coordinates":[[-122.445962649294, 37.7652161856643], [-122.44591132059, 37.7649563990398], [-122.445838172276, 37.7645771476314], [-122.446073647395, 37.7641878226424]]}}