{"type":"Feature", "properties":{"created_us":null, "direct":"2W", "barrier":null, "double":1, "fy":14, "dir":null, "streetname":"FOLSOM", "cnn":5664000, "from_st":"4TH ST", "length":0.17, "innovative":"BUFFERED BIKE LANE", "date_last_":null, "time_last_":null, "year_insta":1997, "shape_leng":908.16573645, "update_yr":2014, "number_":"23", "objectid_1":4242, "notes":"1", "sm_sweeper":0, "last_edite":null, "to_st":"5TH ST", "qtr":0, "street_":"Folsom St", "date_creat":null, "time_creat":null, "type":"ST", "shape_len":908.165736457, "facility_t":"BIKE LANE", "contraflow":0, "sharrow":0, "objectid":1800, "surface_tr":null, "region":"LINESTRING(-122.40116 37.782024,-122.40339 37.780265)", "name":"BIKE LANE - FOLSOM", "description":{"Length":0.17, "Type":"ST", "Runs Along":"Folsom St", "Start Street":"4TH ST", "End Street":"5TH ST"}}, "geometry":{"type":"LineString", "coordinates":[[-122.401159718397, 37.7820242671253], [-122.403387209228, 37.7802649726996]]}}