{"type":"Feature", "properties":{"created_us":null, "direct":"2W", "barrier":null, "double":1, "fy":0, "dir":null, "streetname":"CABRILLO", "cnn":3488000, "from_st":"21ST AV", "length":0.06, "innovative":null, "date_last_":null, "time_last_":null, "year_insta":1996, "shape_leng":310.58988097, "update_yr":0, "number_":"20", "objectid_1":4674, "notes":"1", "sm_sweeper":0, "last_edite":null, "to_st":"22ND AV", "qtr":0, "street_":"Cabrillo St", "date_creat":null, "time_creat":null, "type":"ST", "shape_len":310.589880974, "facility_t":"BIKE LANE", "contraflow":0, "sharrow":0, "objectid":2303, "surface_tr":null, "region":"LINESTRING(-122.48004 37.774632,-122.48111 37.774583)", "name":"BIKE LANE - CABRILLO", "description":{"Length":0.06, "Type":"ST", "Runs Along":"Cabrillo St", "Start Street":"21ST AV", "End Street":"22ND AV"}}, "geometry":{"type":"LineString", "coordinates":[[-122.480040015432, 37.7746323472904], [-122.481112863281, 37.7745833786086]]}}