{"type":"Feature", "properties":{"created_us":null, "direct":"2W", "barrier":null, "double":1, "fy":0, "dir":null, "streetname":"JERSEY", "cnn":7508000, "from_st":"CHATTANOOGA ST", "length":0.06, "innovative":null, "date_last_":null, "time_last_":null, "year_insta":2010, "shape_leng":320.06918464, "update_yr":0, "number_":"45", "objectid_1":3790, "notes":"1", "sm_sweeper":0, "last_edite":null, "to_st":"CHURCH ST", "qtr":0, "street_":"Jersey St", "date_creat":null, "time_creat":null, "type":"ST", "shape_len":320.069184655, "facility_t":"BIKE ROUTE", "contraflow":0, "sharrow":1, "objectid":1304, "surface_tr":null, "region":"LINESTRING(-122.42625 37.750962,-122.42735 37.750896)", "name":"BIKE ROUTE - JERSEY", "description":{"Length":0.06, "Type":"ST", "Runs Along":"Jersey St", "Start Street":"CHATTANOOGA ST", "End Street":"CHURCH ST"}}, "geometry":{"type":"LineString", "coordinates":[[-122.426250742866, 37.7509623882683], [-122.427354636335, 37.7508958988645]]}}