{"type":"Feature", "properties":{"created_us":null, "direct":"2W", "barrier":null, "double":0, "fy":0, "dir":null, "streetname":"VALENCIA", "cnn":13065000, "from_st":"19TH ST", "length":0.05, "innovative":"GREEN WAVE", "date_last_":null, "time_last_":null, "year_insta":1995, "shape_leng":266.15115814, "update_yr":0, "number_":"45", "objectid_1":1886, "notes":null, "sm_sweeper":0, "last_edite":null, "to_st":"CUNNINGHAM PL", "qtr":0, "street_":"Valencia St", "date_creat":null, "time_creat":null, "type":"ST", "shape_len":266.151158143, "facility_t":"BIKE LANE", "contraflow":0, "sharrow":0, "objectid":1917, "surface_tr":null, "region":"LINESTRING(-122.42143 37.760101,-122.42136 37.759372)", "name":"BIKE LANE - VALENCIA", "description":{"Length":0.05, "Type":"ST", "Runs Along":"Valencia St", "Start Street":"19TH ST", "End Street":"CUNNINGHAM PL"}}, "geometry":{"type":"LineString", "coordinates":[[-122.421425212616, 37.7601012933512], [-122.421355417139, 37.759372453701]]}}