{"type":"Feature", "properties":{"created_us":null, "direct":"2W", "barrier":null, "double":1, "fy":0, "dir":null, "streetname":"2ND", "cnn":130000, "from_st":"STEVENSON ST", "length":0.04, "innovative":null, "date_last_":null, "time_last_":null, "year_insta":0, "shape_leng":191.84355037, "update_yr":0, "number_":"11", "objectid_1":3021, "notes":"1", "sm_sweeper":0, "last_edite":null, "to_st":"JESSIE ST", "qtr":0, "street_":"2nd St", "date_creat":null, "time_creat":null, "type":"ST", "shape_len":191.843550368, "facility_t":"BIKE ROUTE", "contraflow":0, "sharrow":0, "objectid":514, "surface_tr":null, "region":"LINESTRING(-122.40081 37.788815,-122.40034 37.788442)", "name":"BIKE ROUTE - 2ND", "description":{"Length":0.04, "Type":"ST", "Runs Along":"2nd St", "Start Street":"STEVENSON ST", "End Street":"JESSIE ST"}}, "geometry":{"type":"LineString", "coordinates":[[-122.400812303102, 37.7888154965714], [-122.400343849668, 37.7884421632641]]}}