{"type":"Feature", "properties":{"created_us":null, "direct":"2W", "barrier":null, "double":1, "fy":0, "dir":null, "streetname":"30TH", "cnn":1646000, "from_st":"FULTON ST", "length":0.02, "innovative":null, "date_last_":null, "time_last_":null, "year_insta":0, "shape_leng":125.53220912, "update_yr":0, "number_":"805", "objectid_1":4062, "notes":"1", "sm_sweeper":0, "last_edite":null, "to_st":"SPRECKELS LAKE DR", "qtr":0, "street_":"30th Ave", "date_creat":null, "time_creat":null, "type":"AVE", "shape_len":125.53220912, "facility_t":"BIKE ROUTE", "contraflow":0, "sharrow":0, "objectid":1589, "surface_tr":null, "region":"LINESTRING(-122.48954 37.772325,-122.48955 37.772159,-122.48957 37.771982)", "name":"BIKE ROUTE - 30TH", "description":{"Length":0.02, "Type":"AVE", "Runs Along":"30th Ave", "Start Street":"FULTON ST", "End Street":"SPRECKELS LAKE DR"}}, "geometry":{"type":"LineString", "coordinates":[[-122.489539480275, 37.7723254736456], [-122.489546623702, 37.7721589271023], [-122.489568110672, 37.7719816346067]]}}