{"type":"Feature", "properties":{"created_us":null, "direct":"2W", "barrier":null, "double":1, "fy":0, "dir":null, "streetname":"CESAR CHAVEZ", "cnn":2491000, "from_st":"GUERRERO ST", "length":0.13, "innovative":null, "date_last_":null, "time_last_":null, "year_insta":0, "shape_leng":663.67902786, "update_yr":0, "number_":"60", "objectid_1":3785, "notes":"1", "sm_sweeper":0, "last_edite":null, "to_st":"DOLORES ST", "qtr":0, "street_":"Cesar Chavez St", "date_creat":null, "time_creat":null, "type":"ST", "shape_len":663.679027862, "facility_t":"BIKE ROUTE", "contraflow":0, "sharrow":0, "objectid":1299, "surface_tr":null, "region":"LINESTRING(-122.42249 37.748013,-122.42288 37.747948,-122.42458 37.747847,-122.42477 37.74783)", "name":"BIKE ROUTE - CESAR CHAVEZ", "description":{"Length":0.13, "Type":"ST", "Runs Along":"Cesar Chavez St", "Start Street":"GUERRERO ST", "End Street":"DOLORES ST"}}, "geometry":{"type":"LineString", "coordinates":[[-122.422487363808, 37.7480134498002], [-122.422877976807, 37.7479480439138], [-122.424584382124, 37.7478473011097], [-122.424768281465, 37.7478303042592]]}}