{"type":"Feature", "properties":{"created_us":null, "direct":"1W", "barrier":"CONCRETE", "double":0, "fy":0, "dir":"E", "streetname":"OAK", "cnn":9762000, "from_st":"BAKER ST", "length":0.09, "innovative":"SEPARATED BIKEWAY", "date_last_":"2015/07/07", "time_last_":"07:00:00.000", "year_insta":2013, "shape_leng":481.95384023, "update_yr":2015, "number_":"30", "objectid_1":2477, "notes":null, "sm_sweeper":0, "last_edite":"JENWONG", "to_st":"BRODERICK ST", "qtr":0, "street_":"Oak St", "date_creat":null, "time_creat":null, "type":"ST", "shape_len":481.953840223, "facility_t":"BIKE LANE", "contraflow":0, "sharrow":0, "objectid":2523, "surface_tr":"GREEN PAINT", "region":"LINESTRING(-122.44074 37.772713,-122.43909 37.772922)", "name":"BIKE LANE - OAK", "description":{"Length":0.09, "Type":"ST", "Runs Along":"Oak St", "Start Street":"BAKER ST", "End Street":"BRODERICK ST"}}, "geometry":{"type":"LineString", "coordinates":[[-122.440735147428, 37.772712873894], [-122.439088600297, 37.7729219817565]]}}