{"type":"Feature", "properties":{"created_us":null, "direct":"2W", "barrier":null, "double":0, "fy":0, "dir":null, "streetname":"LAKE", "cnn":8014000, "from_st":"6TH AV", "length":0.06, "innovative":null, "date_last_":null, "time_last_":null, "year_insta":1997, "shape_leng":308.70174665, "update_yr":0, "number_":"10", "objectid_1":1954, "notes":null, "sm_sweeper":0, "last_edite":null, "to_st":"7TH AV", "qtr":0, "street_":"Lake St", "date_creat":null, "time_creat":null, "type":"ST", "shape_len":308.701746646, "facility_t":"BIKE LANE", "contraflow":0, "sharrow":0, "objectid":1985, "surface_tr":null, "region":"LINESTRING(-122.46469 37.78667,-122.46576 37.786627)", "name":"BIKE LANE - LAKE", "description":{"Length":0.06, "Type":"ST", "Runs Along":"Lake St", "Start Street":"6TH AV", "End Street":"7TH AV"}}, "geometry":{"type":"LineString", "coordinates":[[-122.464693460924, 37.7866704382557], [-122.46576033939, 37.786627327449]]}}