{"type":"Feature", "properties":{"created_us":null, "direct":"2W", "barrier":null, "double":1, "fy":14, "dir":null, "streetname":"FOLSOM", "cnn":5677000, "from_st":"RODGERS ST", "length":0.04, "innovative":"BUFFERED BIKE LANE", "date_last_":null, "time_last_":null, "year_insta":2005, "shape_leng":237.03108081, "update_yr":2014, "number_":"30", "objectid_1":4247, "notes":"1", "sm_sweeper":0, "last_edite":null, "to_st":"8TH ST", "qtr":0, "street_":"Folsom St", "date_creat":null, "time_creat":null, "type":"ST", "shape_len":237.031080801, "facility_t":"BIKE LANE", "contraflow":0, "sharrow":0, "objectid":1810, "surface_tr":null, "region":"LINESTRING(-122.40948 37.775451,-122.41006 37.774992)", "name":"BIKE LANE - FOLSOM", "description":{"Length":0.04, "Type":"ST", "Runs Along":"Folsom St", "Start Street":"RODGERS ST", "End Street":"8TH ST"}}, "geometry":{"type":"LineString", "coordinates":[[-122.409481487815, 37.7754510054521], [-122.410062770318, 37.7749917929238]]}}