{"type":"Feature", "properties":{"created_us":null, "direct":"2W", "barrier":null, "double":1, "fy":0, "dir":null, "streetname":"BROTHERHOOD", "cnn":3239101, "from_st":"ALEMANY BLVD", "length":0.2, "innovative":null, "date_last_":null, "time_last_":null, "year_insta":1997, "shape_leng":1055.75651551, "update_yr":0, "number_":"45", "objectid_1":4484, "notes":"1", "sm_sweeper":0, "last_edite":null, "to_st":"ARCH ST", "qtr":0, "street_":"Brotherhood Wy", "date_creat":null, "time_creat":null, "type":"WY", "shape_len":1055.75651552, "facility_t":"BIKE LANE", "contraflow":0, "sharrow":0, "objectid":2092, "surface_tr":null, "region":"LINESTRING(-122.46371 37.711722,-122.46406 37.711999,-122.46443 37.712223,-122.46504 37.712405,-122.46571 37.712451,-122.46707 37.712423)", "name":"BIKE LANE - BROTHERHOOD", "description":{"Length":0.2, "Type":"WY", "Runs Along":"Brotherhood Wy", "Start Street":"ALEMANY BLVD", "End Street":"ARCH ST"}}, "geometry":{"type":"LineString", "coordinates":[[-122.463707320765, 37.7117222209649], [-122.464055345254, 37.7119992033771], [-122.464426190476, 37.7122228646952], [-122.465035504643, 37.7124046911568], [-122.465705853911, 37.7124513298118], [-122.467073143699, 37.7124229957348]]}}