{"type":"Feature", "properties":{"created_us":null, "direct":"2W", "barrier":null, "double":1, "fy":0, "dir":"SB", "streetname":"POLK", "cnn":10573000, "from_st":"WASHINGTON ST", "length":0.06, "innovative":null, "date_last_":null, "time_last_":null, "year_insta":2005, "shape_leng":326.56380459, "update_yr":2015, "number_":"6", "objectid_1":3654, "notes":"1", "sm_sweeper":0, "last_edite":null, "to_st":"JACKSON ST", "qtr":0, "street_":"Polk St", "date_creat":null, "time_creat":null, "type":"ST", "shape_len":326.563804588, "facility_t":"BIKE LANE", "contraflow":0, "sharrow":1, "objectid":1167, "surface_tr":null, "region":"LINESTRING(-122.42123 37.793258,-122.4214 37.794144)", "name":"BIKE LANE - POLK", "description":{"Length":0.06, "Type":"ST", "Runs Along":"Polk St", "Start Street":"WASHINGTON ST", "End Street":"JACKSON ST"}}, "geometry":{"type":"LineString", "coordinates":[[-122.421229981026, 37.7932578677922], [-122.421404356316, 37.7941439801408]]}}