{"type":"Feature", "properties":{"created_us":null, "direct":"2W", "barrier":null, "double":1, "fy":0, "dir":null, "streetname":"KIRKHAM", "cnn":7887000, "from_st":"47TH AV", "length":0.06, "innovative":null, "date_last_":null, "time_last_":null, "year_insta":2010, "shape_leng":309.3166096, "update_yr":0, "number_":"40", "objectid_1":4617, "notes":"1", "sm_sweeper":0, "last_edite":null, "to_st":"48TH AV", "qtr":0, "street_":"Kirkham St", "date_creat":null, "time_creat":null, "type":"ST", "shape_len":309.316609592, "facility_t":"BIKE LANE", "contraflow":0, "sharrow":0, "objectid":2243, "surface_tr":null, "region":"LINESTRING(-122.50687 37.758513,-122.50794 37.758466)", "name":"BIKE LANE - KIRKHAM", "description":{"Length":0.06, "Type":"ST", "Runs Along":"Kirkham St", "Start Street":"47TH AV", "End Street":"48TH AV"}}, "geometry":{"type":"LineString", "coordinates":[[-122.506867952593, 37.7585126535215], [-122.50793631282, 37.7584658920388]]}}