{"type":"Feature", "properties":{"created_us":null, "direct":"2W", "barrier":null, "double":0, "fy":0, "dir":null, "streetname":"VICENTE", "cnn":13253000, "from_st":"27TH AV", "length":0.06, "innovative":null, "date_last_":null, "time_last_":null, "year_insta":2006, "shape_leng":310.36520867, "update_yr":0, "number_":"60", "objectid_1":1027, "notes":null, "sm_sweeper":0, "last_edite":null, "to_st":"28TH AV", "qtr":0, "street_":"Vicente St", "date_creat":null, "time_creat":null, "type":"ST", "shape_len":310.365208669, "facility_t":"BIKE ROUTE", "contraflow":0, "sharrow":1, "objectid":1040, "surface_tr":null, "region":"LINESTRING(-122.484 37.738947,-122.48507 37.7389)", "name":"BIKE ROUTE - VICENTE", "description":{"Length":0.06, "Type":"ST", "Runs Along":"Vicente St", "Start Street":"27TH AV", "End Street":"28TH AV"}}, "geometry":{"type":"LineString", "coordinates":[[-122.484002815536, 37.7389470954376], [-122.485074494116, 37.738899870501]]}}