{"type":"Feature", "properties":{"created_us":null, "direct":"2W", "barrier":null, "double":0, "fy":0, "dir":null, "streetname":"20TH", "cnn":1018000, "from_st":"ULLOA ST", "length":0.13, "innovative":null, "date_last_":null, "time_last_":null, "year_insta":2010, "shape_leng":678.8634903, "update_yr":0, "number_":"75", "objectid_1":413, "notes":null, "sm_sweeper":0, "last_edite":null, "to_st":"VICENTE ST", "qtr":0, "street_":"20th Ave", "date_creat":null, "time_creat":null, "type":"AVE", "shape_len":678.863490288, "facility_t":"BIKE ROUTE", "contraflow":0, "sharrow":1, "objectid":413, "surface_tr":null, "region":"LINESTRING(-122.47663 37.741138,-122.47649 37.739277)", "name":"BIKE ROUTE - 20TH", "description":{"Length":0.13, "Type":"AVE", "Runs Along":"20th Ave", "Start Street":"ULLOA ST", "End Street":"VICENTE ST"}}, "geometry":{"type":"LineString", "coordinates":[[-122.476630049186, 37.7411382270658], [-122.476485968559, 37.7392773414794]]}}