{"type":"Feature", "properties":{"created_us":null, "direct":"2W", "barrier":null, "double":0, "fy":0, "dir":null, "streetname":"PRESIDIO", "cnn":19645000, "from_st":"RAWLES ST", "length":0.1, "innovative":null, "date_last_":null, "time_last_":null, "year_insta":0, "shape_leng":529.40135739, "update_yr":0, "number_":"55", "objectid_1":1443, "notes":"PRESIDIO", "sm_sweeper":0, "last_edite":null, "to_st":"SHAFTER RD", "qtr":0, "street_":"Presidio Blvd", "date_creat":null, "time_creat":null, "type":"BLVD", "shape_len":529.401357397, "facility_t":"BIKE ROUTE", "contraflow":0, "sharrow":0, "objectid":1460, "surface_tr":null, "region":"LINESTRING(-122.44905 37.79501,-122.4493 37.795009,-122.44962 37.794919,-122.44983 37.79493,-122.4501 37.795008,-122.45044 37.79511,-122.45061 37.795197,-122.45074 37.795293)", "name":"BIKE ROUTE - PRESIDIO", "description":{"Length":0.1, "Type":"BLVD", "Runs Along":"Presidio Blvd", "Start Street":"RAWLES ST", "End Street":"SHAFTER RD"}}, "geometry":{"type":"LineString", "coordinates":[[-122.449051670053, 37.7950100659801], [-122.449302224247, 37.7950085369549], [-122.449615418744, 37.794918659734], [-122.449831681842, 37.7949304749341], [-122.450096368937, 37.7950081846205], [-122.450443406411, 37.7951101839464], [-122.450614933096, 37.7951966837067], [-122.450743240808, 37.7952926085057]]}}