{"type":"Feature", "properties":{"created_us":null, "direct":"2W", "barrier":null, "double":1, "fy":0, "dir":null, "streetname":"EL CAMINO DEL MAR", "cnn":19092000, "from_st":"SEAL ROCK DR", "length":0.06, "innovative":null, "date_last_":null, "time_last_":null, "year_insta":2012, "shape_leng":310.93098928, "update_yr":0, "number_":"69", "objectid_1":3239, "notes":"1", "sm_sweeper":0, "last_edite":null, "to_st":"POINT LOBOS AV", "qtr":0, "street_":"El Camino Del Mar", "date_creat":null, "time_creat":null, "type":null, "shape_len":310.930989277, "facility_t":"BIKE ROUTE", "contraflow":0, "sharrow":1, "objectid":744, "surface_tr":null, "region":"LINESTRING(-122.50988 37.780627,-122.50959 37.780173,-122.50943 37.779851)", "name":"BIKE ROUTE - EL CAMINO DEL MAR", "description":{"Length":0.06, "Type":null, "Runs Along":"El Camino Del Mar", "Start Street":"SEAL ROCK DR", "End Street":"POINT LOBOS AV"}}, "geometry":{"type":"LineString", "coordinates":[[-122.509879175373, 37.780627206726], [-122.509592770038, 37.7801725612598], [-122.509432940708, 37.7798510700205]]}}