{"type":"Feature", "properties":{"created_us":null, "direct":"2W", "barrier":null, "double":0, "fy":0, "dir":null, "streetname":"VICENTE", "cnn":13242000, "from_st":"16TH AV", "length":0.06, "innovative":null, "date_last_":null, "time_last_":null, "year_insta":2006, "shape_leng":310.28903687, "update_yr":0, "number_":"60", "objectid_1":1024, "notes":null, "sm_sweeper":0, "last_edite":null, "to_st":"17TH AV", "qtr":0, "street_":"Vicente St", "date_creat":null, "time_creat":null, "type":"ST", "shape_len":310.289036872, "facility_t":"BIKE ROUTE", "contraflow":0, "sharrow":1, "objectid":1037, "surface_tr":null, "region":"LINESTRING(-122.47222 37.739466,-122.47329 37.739419)", "name":"BIKE ROUTE - VICENTE", "description":{"Length":0.06, "Type":"ST", "Runs Along":"Vicente St", "Start Street":"16TH AV", "End Street":"17TH AV"}}, "geometry":{"type":"LineString", "coordinates":[[-122.472220856101, 37.7394656304464], [-122.473292286682, 37.7394185251743]]}}