{"type":"Feature", "properties":{"created_us":null, "direct":"2W", "barrier":null, "double":0, "fy":0, "dir":null, "streetname":"7TH", "cnn":358000, "from_st":"LINCOLN WAY", "length":0.06, "innovative":null, "date_last_":null, "time_last_":null, "year_insta":2009, "shape_leng":326.7277733, "update_yr":0, "number_":"65", "objectid_1":2465, "notes":null, "sm_sweeper":0, "last_edite":null, "to_st":"HUGO ST", "qtr":0, "street_":"7th Ave", "date_creat":null, "time_creat":null, "type":"AVE", "shape_len":326.727773299, "facility_t":"BIKE ROUTE", "contraflow":0, "sharrow":1, "objectid":2509, "surface_tr":null, "region":"LINESTRING(-122.4643 37.765963,-122.46424 37.765067)", "name":"BIKE ROUTE - 7TH", "description":{"Length":0.06, "Type":"AVE", "Runs Along":"7th Ave", "Start Street":"LINCOLN WAY", "End Street":"HUGO ST"}}, "geometry":{"type":"LineString", "coordinates":[[-122.46429682872, 37.7659628346766], [-122.464237375381, 37.7650667703664]]}}