{"type":"Feature", "properties":{"created_us":null, "direct":"2W", "barrier":null, "double":0, "fy":0, "dir":null, "streetname":"MONTEREY", "cnn":9282101, "from_st":"VALDEZ AV", "length":0.05, "innovative":null, "date_last_":null, "time_last_":null, "year_insta":2012, "shape_leng":251.29008161, "update_yr":0, "number_":"70", "objectid_1":999, "notes":null, "sm_sweeper":0, "last_edite":null, "to_st":"COLON AV", "qtr":0, "street_":"Monterey Blvd", "date_creat":null, "time_creat":null, "type":"BLVD", "shape_len":251.290081611, "facility_t":"BIKE ROUTE", "contraflow":0, "sharrow":1, "objectid":1012, "surface_tr":null, "region":"LINESTRING(-122.45576 37.731349,-122.45661 37.731188)", "name":"BIKE ROUTE - MONTEREY", "description":{"Length":0.05, "Type":"BLVD", "Runs Along":"Monterey Blvd", "Start Street":"VALDEZ AV", "End Street":"COLON AV"}}, "geometry":{"type":"LineString", "coordinates":[[-122.455762554675, 37.7313488024515], [-122.456607497574, 37.7311877336227]]}}