{"type":"Feature", "properties":{"created_us":null, "direct":"2W", "barrier":null, "double":0, "fy":0, "dir":null, "streetname":"MASON", "cnn":19522000, "from_st":"UNNAMED #63", "length":0.04, "innovative":null, "date_last_":null, "time_last_":null, "year_insta":0, "shape_leng":197.80104023, "update_yr":0, "number_":"2", "objectid_1":73, "notes":"PRESIDIO", "sm_sweeper":0, "last_edite":null, "to_st":"UNNAMED #64", "qtr":0, "street_":"Mason St", "date_creat":null, "time_creat":null, "type":"ST", "shape_len":197.801040216, "facility_t":"BIKE PATH", "contraflow":0, "sharrow":0, "objectid":54, "surface_tr":null, "region":"LINESTRING(-122.45092 37.804643,-122.45024 37.804727)", "name":"BIKE PATH - MASON", "description":{"Length":0.04, "Type":"ST", "Runs Along":"Mason St", "Start Street":"UNNAMED #63", "End Street":"UNNAMED #64"}}, "geometry":{"type":"LineString", "coordinates":[[-122.45092029627, 37.8046427136803], [-122.450244015529, 37.8047274197029]]}}