{"type":"Feature", "properties":{"created_us":null, "direct":"2W", "barrier":null, "double":0, "fy":0, "dir":null, "streetname":"CLIPPER", "cnn":4218000, "from_st":"CLIPPER TERR", "length":0.06, "innovative":null, "date_last_":null, "time_last_":null, "year_insta":2009, "shape_leng":310.07306492, "update_yr":0, "number_":"50", "objectid_1":1833, "notes":null, "sm_sweeper":0, "last_edite":null, "to_st":"HIGH ST", "qtr":0, "street_":"Clipper St", "date_creat":null, "time_creat":null, "type":"ST", "shape_len":310.073064922, "facility_t":"BIKE LANE", "contraflow":0, "sharrow":0, "objectid":1864, "surface_tr":null, "region":"LINESTRING(-122.44252 37.748183,-122.44258 37.748079,-122.44316 37.747504)", "name":"BIKE LANE - CLIPPER", "description":{"Length":0.06, "Type":"ST", "Runs Along":"Clipper St", "Start Street":"CLIPPER TERR", "End Street":"HIGH ST"}}, "geometry":{"type":"LineString", "coordinates":[[-122.442519008789, 37.7481832159354], [-122.442584207274, 37.7480793446295], [-122.443161821565, 37.7475043524427]]}}