{"type":"Feature", "properties":{"created_us":null, "direct":"2W", "barrier":null, "double":1, "fy":0, "dir":null, "streetname":"LAKE MERCED", "cnn":8054101, "from_st":"UNNAMED #129", "length":0.09, "innovative":null, "date_last_":null, "time_last_":null, "year_insta":0, "shape_leng":466.52115655, "update_yr":0, "number_":"885", "objectid_1":2614, "notes":"1", "sm_sweeper":0, "last_edite":null, "to_st":"JOHN MUIR DR", "qtr":0, "street_":"Lake Merced Blvd", "date_creat":null, "time_creat":null, "type":"BLVD", "shape_len":466.521156559, "facility_t":"BIKE PATH", "contraflow":0, "sharrow":0, "objectid":81, "surface_tr":null, "region":"LINESTRING(-122.48514 37.709238,-122.48515 37.708834,-122.48536 37.708582,-122.48551 37.708383,-122.48572 37.708086)", "name":"BIKE PATH - LAKE MERCED", "description":{"Length":0.09, "Type":"BLVD", "Runs Along":"Lake Merced Blvd", "Start Street":"UNNAMED #129", "End Street":"JOHN MUIR DR"}}, "geometry":{"type":"LineString", "coordinates":[[-122.485136377587, 37.7092380747906], [-122.485149071577, 37.7088337040597], [-122.485359480397, 37.7085823189973], [-122.485510691978, 37.7083829642451], [-122.485723865523, 37.7080857299098]]}}