{"type":"Feature", "properties":{"created_us":null, "direct":"2W", "barrier":null, "double":1, "fy":0, "dir":null, "streetname":"PRESIDIO", "cnn":10770000, "from_st":"POST ST", "length":0.07, "innovative":null, "date_last_":null, "time_last_":null, "year_insta":0, "shape_leng":368.04709462, "update_yr":0, "number_":"55", "objectid_1":3298, "notes":"1", "sm_sweeper":0, "last_edite":null, "to_st":"GEARY BLVD", "qtr":0, "street_":"Presidio Blvd", "date_creat":null, "time_creat":null, "type":"BLVD", "shape_len":368.047094625, "facility_t":"BIKE ROUTE", "contraflow":0, "sharrow":1, "objectid":804, "surface_tr":null, "region":"LINESTRING(-122.44603 37.783509,-122.44583 37.782512)", "name":"BIKE ROUTE - PRESIDIO", "description":{"Length":0.07, "Type":"BLVD", "Runs Along":"Presidio Blvd", "Start Street":"POST ST", "End Street":"GEARY BLVD"}}, "geometry":{"type":"LineString", "coordinates":[[-122.446033026488, 37.7835091991433], [-122.4458269252, 37.7825117423712]]}}