{"type":"Feature", "properties":{"created_us":null, "direct":"2W", "barrier":null, "double":0, "fy":0, "dir":null, "streetname":"CALIFORNIA", "cnn":3547000, "from_st":"HYDE ST", "length":0.09, "innovative":null, "date_last_":null, "time_last_":null, "year_insta":2010, "shape_leng":480.0593062, "update_yr":0, "number_":"310", "objectid_1":476, "notes":null, "sm_sweeper":0, "last_edite":null, "to_st":"LARKIN ST", "qtr":0, "street_":"California St", "date_creat":null, "time_creat":null, "type":"ST", "shape_len":480.059306198, "facility_t":"BIKE ROUTE", "contraflow":0, "sharrow":1, "objectid":478, "surface_tr":null, "region":"LINESTRING(-122.41739 37.790973,-122.41904 37.790788)", "name":"BIKE ROUTE - CALIFORNIA", "description":{"Length":0.09, "Type":"ST", "Runs Along":"California St", "Start Street":"HYDE ST", "End Street":"LARKIN ST"}}, "geometry":{"type":"LineString", "coordinates":[[-122.417391336038, 37.7909731914447], [-122.419036211241, 37.7907880545503]]}}