{"type":"Feature", "properties":{"created_us":null, "direct":"2W", "barrier":null, "double":0, "fy":0, "dir":null, "streetname":"ORTEGA", "cnn":10023000, "from_st":"35TH AVE", "length":0.06, "innovative":null, "date_last_":null, "time_last_":null, "year_insta":2014, "shape_leng":310.594081, "update_yr":0, "number_":"O", "objectid_1":5, "notes":null, "sm_sweeper":0, "last_edite":null, "to_st":"36TH AVE", "qtr":0, "street_":"Ortega St", "date_creat":null, "time_creat":null, "type":"ST", "shape_len":310.594086472, "facility_t":"BIKE LANE", "contraflow":0, "sharrow":0, "objectid":4964, "surface_tr":null, "region":"LINESTRING(-122.49349 37.751614,-122.49456 37.751568)", "name":"BIKE LANE - ORTEGA", "description":{"Length":0.06, "Type":"ST", "Runs Along":"Ortega St", "Start Street":"35TH AVE", "End Street":"36TH AVE"}}, "geometry":{"type":"LineString", "coordinates":[[-122.493488045031, 37.7516139049426], [-122.494560807612, 37.7515682592958]]}}