{"type":"Feature", "properties":{"created_us":null, "direct":"2W", "barrier":null, "double":0, "fy":0, "dir":null, "streetname":"SLOAT", "cnn":11955203, "from_st":"PALOS PL", "length":0.05, "innovative":"BUFFERED BIKE LANE", "date_last_":null, "time_last_":null, "year_insta":2011, "shape_leng":276.25291603, "update_yr":2012, "number_":"50", "objectid_1":1011, "notes":"Buffered in 2012", "sm_sweeper":0, "last_edite":null, "to_st":"ELMIRASOL PL", "qtr":0, "street_":"Sloat Blvd", "date_creat":null, "time_creat":null, "type":"BLVD", "shape_len":276.252916034, "facility_t":"BIKE LANE", "contraflow":0, "sharrow":0, "objectid":1024, "surface_tr":null, "region":"LINESTRING(-122.48498 37.734304,-122.48593 37.734247)", "name":"BIKE LANE - SLOAT", "description":{"Length":0.05, "Type":"BLVD", "Runs Along":"Sloat Blvd", "Start Street":"PALOS PL", "End Street":"ELMIRASOL PL"}}, "geometry":{"type":"LineString", "coordinates":[[-122.484980482317, 37.7343037003443], [-122.485933093125, 37.7342468356085]]}}