{"type":"Feature", "properties":{"created_us":null, "direct":"2W", "barrier":null, "double":0, "fy":0, "dir":null, "streetname":"PARNASSUS", "cnn":10292000, "from_st":"HILLPOINT AV", "length":0.05, "innovative":null, "date_last_":null, "time_last_":null, "year_insta":2005, "shape_leng":273.24357385, "update_yr":0, "number_":"40", "objectid_1":1474, "notes":null, "sm_sweeper":0, "last_edite":null, "to_st":"HILLWAY AV", "qtr":0, "street_":"Parnassus Ave", "date_creat":null, "time_creat":null, "type":"AVE", "shape_len":273.243573846, "facility_t":"BIKE ROUTE", "contraflow":0, "sharrow":1, "objectid":1491, "surface_tr":null, "region":"LINESTRING(-122.45578 37.76407,-122.45667 37.763815)", "name":"BIKE ROUTE - PARNASSUS", "description":{"Length":0.05, "Type":"AVE", "Runs Along":"Parnassus Ave", "Start Street":"HILLPOINT AV", "End Street":"HILLWAY AV"}}, "geometry":{"type":"LineString", "coordinates":[[-122.455781065544, 37.7640700698263], [-122.45666991173, 37.7638146885492]]}}