{"type":"Feature", "properties":{"created_us":null, "direct":"2W", "barrier":null, "double":1, "fy":0, "dir":null, "streetname":"ARGUELLO", "cnn":2424000, "from_st":"ANZA ST", "length":0.09, "innovative":null, "date_last_":null, "time_last_":null, "year_insta":1997, "shape_leng":483.15140496, "update_yr":0, "number_":"2", "objectid_1":4379, "notes":"1", "sm_sweeper":0, "last_edite":null, "to_st":"EDWARD ST", "qtr":0, "street_":"Arguello Blvd", "date_creat":null, "time_creat":null, "type":"BLVD", "shape_len":483.15140495, "facility_t":"BIKE LANE", "contraflow":0, "sharrow":0, "objectid":1969, "surface_tr":null, "region":"LINESTRING(-122.45873 37.779333,-122.45864 37.778008)", "name":"BIKE LANE - ARGUELLO", "description":{"Length":0.09, "Type":"BLVD", "Runs Along":"Arguello Blvd", "Start Street":"ANZA ST", "End Street":"EDWARD ST"}}, "geometry":{"type":"LineString", "coordinates":[[-122.458731622692, 37.7793331588346], [-122.458637895244, 37.7780083496424]]}}