{"type":"Feature", "properties":{"created_us":null, "direct":"2W", "barrier":null, "double":0, "fy":0, "dir":null, "streetname":"GREAT HWY", "cnn":6436201, "from_st":"LINCOLN WY", "length":1.33, "innovative":null, "date_last_":"2015/07/27", "time_last_":"07:00:00.000", "year_insta":0, "shape_leng":7045.38906099, "update_yr":0, "number_":"95", "objectid_1":1591, "notes":null, "sm_sweeper":0, "last_edite":"JENWONG", "to_st":"SLOAT BLVD", "qtr":0, "street_":"Great Hwy", "date_creat":null, "time_creat":null, "type":"HWY", "shape_len":7045.38906098, "facility_t":"BIKE LANE", "contraflow":0, "sharrow":0, "objectid":1611, "surface_tr":null, "region":"LINESTRING(-122.50921 37.75471,-122.50919 37.754602,-122.50871 37.750876,-122.50805 37.745677,-122.50683 37.736271,-122.50679 37.73562,-122.50672 37.73547)", "name":"BIKE LANE - GREAT HWY", "description":{"Length":1.33, "Type":"HWY", "Runs Along":"Great Hwy", "Start Street":"LINCOLN WY", "End Street":"SLOAT BLVD"}}, "geometry":{"type":"LineString", "coordinates":[[-122.509205737497, 37.7547099859728], [-122.509191774569, 37.754602411545], [-122.508707654403, 37.750876250265], [-122.508048470058, 37.7456767895322], [-122.506830466998, 37.7362707716447], [-122.506794689446, 37.7356199739554], [-122.506717428567, 37.7354697579176]]}}