{"type":"Feature", "properties":{"created_us":null, "direct":"2W", "barrier":null, "double":1, "fy":0, "dir":null, "streetname":"17TH", "cnn":799000, "from_st":"VALENCIA ST", "length":0.05, "innovative":null, "date_last_":null, "time_last_":null, "year_insta":2011, "shape_leng":280.32219235, "update_yr":0, "number_":"36", "objectid_1":4323, "notes":"1", "sm_sweeper":0, "last_edite":null, "to_st":"ALBION ST", "qtr":0, "street_":"17th St", "date_creat":null, "time_creat":null, "type":"ST", "shape_len":280.322192355, "facility_t":"BIKE LANE", "contraflow":0, "sharrow":0, "objectid":1905, "surface_tr":null, "region":"LINESTRING(-122.42173 37.7633,-122.4227 37.763243)", "name":"BIKE LANE - 17TH", "description":{"Length":0.05, "Type":"ST", "Runs Along":"17th St", "Start Street":"VALENCIA ST", "End Street":"ALBION ST"}}, "geometry":{"type":"LineString", "coordinates":[[-122.42173152136, 37.7632997683065], [-122.422698659315, 37.7632433229374]]}}