{"type":"Feature", "properties":{"created_us":null, "direct":"2W", "barrier":null, "double":0, "fy":0, "dir":null, "streetname":"SILVER", "cnn":11931000, "from_st":"SCOTIA AV", "length":0.03, "innovative":null, "date_last_":null, "time_last_":null, "year_insta":2005, "shape_leng":144.823262, "update_yr":0, "number_":"70", "objectid_1":346, "notes":null, "sm_sweeper":0, "last_edite":null, "to_st":"CONKLING ST", "qtr":0, "street_":"Silver Ave", "date_creat":null, "time_creat":null, "type":"AVE", "shape_len":144.823261996, "facility_t":"BIKE ROUTE", "contraflow":0, "sharrow":1, "objectid":345, "surface_tr":null, "region":"LINESTRING(-122.4022 37.734482,-122.40181 37.734727)", "name":"BIKE ROUTE - SILVER", "description":{"Length":0.03, "Type":"AVE", "Runs Along":"Silver Ave", "Start Street":"SCOTIA AV", "End Street":"CONKLING ST"}}, "geometry":{"type":"LineString", "coordinates":[[-122.402201724224, 37.7344815373624], [-122.401807982458, 37.7347273216385]]}}