{"type":"Feature", "properties":{"created_us":null, "direct":"2W", "barrier":null, "double":1, "fy":0, "dir":null, "streetname":"BEVERLY", "cnn":2969000, "from_st":"GARFIELD ST", "length":0.14, "innovative":null, "date_last_":null, "time_last_":null, "year_insta":2010, "shape_leng":724.98597838, "update_yr":0, "number_":"86", "objectid_1":3403, "notes":"1", "sm_sweeper":0, "last_edite":null, "to_st":"HOLLOWAY AV", "qtr":0, "street_":"Beverly St", "date_creat":null, "time_creat":null, "type":"ST", "shape_len":724.985978377, "facility_t":"BIKE ROUTE", "contraflow":0, "sharrow":1, "objectid":916, "surface_tr":null, "region":"LINESTRING(-122.47165 37.71964,-122.47167 37.721631)", "name":"BIKE ROUTE - BEVERLY", "description":{"Length":0.14, "Type":"ST", "Runs Along":"Beverly St", "Start Street":"GARFIELD ST", "End Street":"HOLLOWAY AV"}}, "geometry":{"type":"LineString", "coordinates":[[-122.471652114139, 37.7196402033013], [-122.471673586408, 37.7216312051611]]}}