{"type":"Feature", "properties":{"created_us":null, "direct":"2W", "barrier":null, "double":0, "fy":0, "dir":"E", "streetname":"OCEAN", "cnn":9816101, "from_st":"HOWTH ST", "length":0.11, "innovative":null, "date_last_":null, "time_last_":null, "year_insta":2010, "shape_leng":589.1224894, "update_yr":0, "number_":"45", "objectid_1":2067, "notes":null, "sm_sweeper":0, "last_edite":null, "to_st":"GENEVA AV", "qtr":0, "street_":"Ocean Ave", "date_creat":null, "time_creat":null, "type":"AVE", "shape_len":589.1224894, "facility_t":"BIKE LANE", "contraflow":0, "sharrow":0, "objectid":2098, "surface_tr":null, "region":"LINESTRING(-122.44956 37.722961,-122.4516 37.722992)", "name":"BIKE LANE - OCEAN", "description":{"Length":0.11, "Type":"AVE", "Runs Along":"Ocean Ave", "Start Street":"HOWTH ST", "End Street":"GENEVA AV"}}, "geometry":{"type":"LineString", "coordinates":[[-122.449558618759, 37.7229613197147], [-122.451595166179, 37.7229917840011]]}}