{"type":"Feature", "properties":{"created_us":null, "direct":"2W", "barrier":null, "double":1, "fy":0, "dir":null, "streetname":"FELL", "cnn":12891000, "from_st":"SHRADER ST", "length":0.1, "innovative":null, "date_last_":null, "time_last_":null, "year_insta":2005, "shape_leng":533.57032838, "update_yr":0, "number_":"23", "objectid_1":4766, "notes":"1", "sm_sweeper":0, "last_edite":null, "to_st":"STANYAN ST", "qtr":0, "street_":"Fell St", "date_creat":null, "time_creat":null, "type":"ST", "shape_len":533.570328384, "facility_t":"BIKE LANE", "contraflow":0, "sharrow":0, "objectid":2413, "surface_tr":null, "region":"LINESTRING(-122.45398 37.771428,-122.45387 37.771578,-122.45344 37.771756,-122.45244 37.77219)", "name":"BIKE LANE - FELL", "description":{"Length":0.1, "Type":"ST", "Runs Along":"Fell St", "Start Street":"SHRADER ST", "End Street":"STANYAN ST"}}, "geometry":{"type":"LineString", "coordinates":[[-122.453979436595, 37.7714284112667], [-122.45387237845, 37.7715780173185], [-122.453442355601, 37.7717557532484], [-122.452436883548, 37.7721896815647]]}}