{"type":"Feature", "properties":{"created_us":null, "direct":"2W", "barrier":null, "double":1, "fy":0, "dir":null, "streetname":"MISSION", "cnn":9082000, "from_st":"THE EMBARCADERO", "length":0.05, "innovative":null, "date_last_":null, "time_last_":null, "year_insta":2010, "shape_leng":277.94994074, "update_yr":0, "number_":"30", "objectid_1":3316, "notes":"1", "sm_sweeper":0, "last_edite":null, "to_st":"STEUART ST", "qtr":0, "street_":"Mission St", "date_creat":null, "time_creat":null, "type":"ST", "shape_len":277.949940738, "facility_t":"BIKE ROUTE", "contraflow":0, "sharrow":1, "objectid":823, "surface_tr":null, "region":"LINESTRING(-122.3925 37.793769,-122.39318 37.79323)", "name":"BIKE ROUTE - MISSION", "description":{"Length":0.05, "Type":"ST", "Runs Along":"Mission St", "Start Street":"THE EMBARCADERO", "End Street":"STEUART ST"}}, "geometry":{"type":"LineString", "coordinates":[[-122.392499329567, 37.7937688140692], [-122.393181331631, 37.7932304922355]]}}