{"type":"Feature", "properties":{"created_us":null, "direct":"2W", "barrier":null, "double":1, "fy":0, "dir":null, "streetname":"GOLDEN GATE", "cnn":6280000, "from_st":"CENTRAL AVE", "length":0.09, "innovative":null, "date_last_":null, "time_last_":null, "year_insta":2003, "shape_leng":495.00564186, "update_yr":0, "number_":"20", "objectid_1":4161, "notes":"1", "sm_sweeper":0, "last_edite":null, "to_st":"MASONIC AVE", "qtr":0, "street_":"Golden Gate Ave", "date_creat":null, "time_creat":null, "type":"AVE", "shape_len":495.005641852, "facility_t":"BIKE LANE", "contraflow":0, "sharrow":0, "objectid":1698, "surface_tr":null, "region":"LINESTRING(-122.44516 37.777887,-122.44685 37.777669)", "name":"BIKE LANE - GOLDEN GATE", "description":{"Length":0.09, "Type":"AVE", "Runs Along":"Golden Gate Ave", "Start Street":"CENTRAL AVE", "End Street":"MASONIC AVE"}}, "geometry":{"type":"LineString", "coordinates":[[-122.445155752991, 37.7778865067523], [-122.446846470332, 37.7776691090103]]}}