{"type":"Feature", "properties":{"created_us":null, "direct":"2W", "barrier":null, "double":1, "fy":0, "dir":null, "streetname":"CHENERY", "cnn":3917000, "from_st":"30TH ST", "length":0.16, "innovative":null, "date_last_":null, "time_last_":null, "year_insta":2010, "shape_leng":856.8986438, "update_yr":0, "number_":"45", "objectid_1":3433, "notes":"1", "sm_sweeper":0, "last_edite":null, "to_st":"RANDALL ST", "qtr":0, "street_":"Chenery St", "date_creat":null, "time_creat":null, "type":"ST", "shape_len":856.898643795, "facility_t":"BIKE ROUTE", "contraflow":0, "sharrow":1, "objectid":946, "surface_tr":null, "region":"LINESTRING(-122.42581 37.742141,-122.42558 37.739795)", "name":"BIKE ROUTE - CHENERY", "description":{"Length":0.16, "Type":"ST", "Runs Along":"Chenery St", "Start Street":"30TH ST", "End Street":"RANDALL ST"}}, "geometry":{"type":"LineString", "coordinates":[[-122.425813589736, 37.7421405908843], [-122.425577809257, 37.73979470406]]}}