{"type":"Feature", "properties":{"created_us":null, "direct":"2W", "barrier":null, "double":1, "fy":0, "dir":null, "streetname":"VALENCIA", "cnn":13062000, "from_st":"CLARION AL", "length":0.02, "innovative":"GREEN WAVE", "date_last_":null, "time_last_":null, "year_insta":1999, "shape_leng":123.42204045, "update_yr":0, "number_":"45", "objectid_1":4336, "notes":"1", "sm_sweeper":0, "last_edite":null, "to_st":"SYCAMORE ST", "qtr":0, "street_":"Valencia St", "date_creat":null, "time_creat":null, "type":"ST", "shape_len":123.422040458, "facility_t":"BIKE LANE", "contraflow":0, "sharrow":0, "objectid":1920, "surface_tr":null, "region":"LINESTRING(-122.42169 37.762917,-122.42166 37.762579)", "name":"BIKE LANE - VALENCIA", "description":{"Length":0.02, "Type":"ST", "Runs Along":"Valencia St", "Start Street":"CLARION AL", "End Street":"SYCAMORE ST"}}, "geometry":{"type":"LineString", "coordinates":[[-122.421694846294, 37.7629168152952], [-122.421662477134, 37.7625788314068]]}}