{"type":"Feature", "properties":{"created_us":null, "direct":"2W", "barrier":null, "double":1, "fy":0, "dir":null, "streetname":"CORBETT", "cnn":4389000, "from_st":"ROMAIN ST", "length":0.06, "innovative":null, "date_last_":null, "time_last_":null, "year_insta":2010, "shape_leng":329.55237235, "update_yr":0, "number_":"50", "objectid_1":3844, "notes":"1", "sm_sweeper":0, "last_edite":null, "to_st":"MORGAN AL", "qtr":0, "street_":"Corbett Ave", "date_creat":null, "time_creat":null, "type":"AVE", "shape_len":329.552372356, "facility_t":"BIKE ROUTE", "contraflow":0, "sharrow":1, "objectid":1363, "surface_tr":null, "region":"LINESTRING(-122.44293 37.755479,-122.44278 37.755404,-122.44255 37.755325,-122.44241 37.755214,-122.44235 37.755073,-122.44239 37.754816)", "name":"BIKE ROUTE - CORBETT", "description":{"Length":0.06, "Type":"AVE", "Runs Along":"Corbett Ave", "Start Street":"ROMAIN ST", "End Street":"MORGAN AL"}}, "geometry":{"type":"LineString", "coordinates":[[-122.442930584128, 37.7554789906625], [-122.442781039161, 37.7554040614504], [-122.442546180646, 37.7553249642023], [-122.442408671647, 37.7552141251019], [-122.442352748526, 37.7550725730317], [-122.442387125353, 37.7548158368531]]}}