{"type":"Feature", "properties":{"created_us":null, "direct":"2W", "barrier":null, "double":0, "fy":0, "dir":null, "streetname":"EUREKA", "cnn":5319000, "from_st":"19TH ST", "length":0, "innovative":null, "date_last_":null, "time_last_":null, "year_insta":2010, "shape_leng":12.43517892, "update_yr":0, "number_":"49", "objectid_1":1631, "notes":null, "sm_sweeper":0, "last_edite":null, "to_st":"20TH ST", "qtr":0, "street_":"Eureka St", "date_creat":null, "time_creat":null, "type":"ST", "shape_len":12.4351789214, "facility_t":"BIKE ROUTE", "contraflow":0, "sharrow":1, "objectid":1651, "surface_tr":null, "region":"LINESTRING(-122.43796 37.757525,-122.43796 37.757491)", "name":"BIKE ROUTE - EUREKA", "description":{"Length":0, "Type":"ST", "Runs Along":"Eureka St", "Start Street":"19TH ST", "End Street":"20TH ST"}}, "geometry":{"type":"LineString", "coordinates":[[-122.437962373367, 37.7575247717441], [-122.437959116029, 37.7574907184931]]}}