{"type":"Feature", "properties":{"created_us":null, "direct":"2W", "barrier":null, "double":0, "fy":0, "dir":"E", "streetname":"LINCOLN", "cnn":19473000, "from_st":"FUNSTON AV", "length":0.04, "innovative":null, "date_last_":null, "time_last_":null, "year_insta":2003, "shape_leng":198.16244913, "update_yr":0, "number_":"4", "objectid_1":2309, "notes":"PRESIDIO", "sm_sweeper":0, "last_edite":null, "to_st":"GIRARD RD", "qtr":0, "street_":"Lincoln Blvd", "date_creat":null, "time_creat":null, "type":"BLVD", "shape_len":198.162449135, "facility_t":"BIKE LANE", "contraflow":0, "sharrow":0, "objectid":2341, "surface_tr":null, "region":"LINESTRING(-122.45453 37.800858,-122.45415 37.800698,-122.45392 37.800604)", "name":"BIKE LANE - LINCOLN", "description":{"Length":0.04, "Type":"BLVD", "Runs Along":"Lincoln Blvd", "Start Street":"FUNSTON AV", "End Street":"GIRARD RD"}}, "geometry":{"type":"LineString", "coordinates":[[-122.454526783237, 37.8008581915994], [-122.454154575383, 37.8006976252937], [-122.453920259456, 37.8006042446306]]}}