{"type":"Feature", "properties":{"created_us":null, "direct":"1W", "barrier":null, "double":0, "fy":0, "dir":"W", "streetname":"ALEMANY", "cnn":2157201, "from_st":"PUTNAM ST", "length":0.19, "innovative":"BUFFERED BIKE LANE", "date_last_":null, "time_last_":null, "year_insta":2011, "shape_leng":1019.1549891, "update_yr":0, "number_":"45", "objectid_1":2503, "notes":null, "sm_sweeper":0, "last_edite":null, "to_st":"FOLSOM ST", "qtr":0, "street_":"Alemany Blvd", "date_creat":null, "time_creat":null, "type":"BLVD", "shape_len":1019.15498911, "facility_t":"BIKE LANE", "contraflow":0, "sharrow":0, "objectid":2550, "surface_tr":null, "region":"LINESTRING(-122.41083 37.734733,-122.41092 37.734734,-122.41285 37.733767,-122.41382 37.733278)", "name":"BIKE LANE - ALEMANY", "description":{"Length":0.19, "Type":"BLVD", "Runs Along":"Alemany Blvd", "Start Street":"PUTNAM ST", "End Street":"FOLSOM ST"}}, "geometry":{"type":"LineString", "coordinates":[[-122.410829500725, 37.7347329150881], [-122.410917288085, 37.734734199489], [-122.412845954919, 37.7337666133244], [-122.41382351953, 37.7332777224595]]}}