{"type":"Feature", "properties":{"created_us":null, "direct":"2W", "barrier":null, "double":0, "fy":0, "dir":null, "streetname":"22ND", "cnn":1182000, "from_st":"BRYANT ST", "length":0.05, "innovative":null, "date_last_":null, "time_last_":null, "year_insta":2010, "shape_leng":272.61420312, "update_yr":0, "number_":"44", "objectid_1":625, "notes":null, "sm_sweeper":0, "last_edite":null, "to_st":"FLORIDA ST", "qtr":0, "street_":"22nd St", "date_creat":null, "time_creat":null, "type":"ST", "shape_len":272.614203122, "facility_t":"BIKE ROUTE", "contraflow":0, "sharrow":1, "objectid":629, "surface_tr":null, "region":"LINESTRING(-122.40943 37.755998,-122.41037 37.755942)", "name":"BIKE ROUTE - 22ND", "description":{"Length":0.05, "Type":"ST", "Runs Along":"22nd St", "Start Street":"BRYANT ST", "End Street":"FLORIDA ST"}}, "geometry":{"type":"LineString", "coordinates":[[-122.409433068639, 37.7559984419958], [-122.410373353746, 37.7559417725136]]}}