{"type":"Feature", "properties":{"created_us":null, "direct":"2W", "barrier":null, "double":0, "fy":0, "dir":null, "streetname":"WINSTON", "cnn":13683000, "from_st":"BROADMOOR DR", "length":0.05, "innovative":null, "date_last_":null, "time_last_":null, "year_insta":2010, "shape_leng":256.52715647, "update_yr":0, "number_":"86", "objectid_1":247, "notes":null, "sm_sweeper":0, "last_edite":null, "to_st":"STONECREST DR", "qtr":0, "street_":"Winston Dr", "date_creat":null, "time_creat":null, "type":"DR", "shape_len":256.527156473, "facility_t":"BIKE ROUTE", "contraflow":0, "sharrow":1, "objectid":244, "surface_tr":null, "region":"LINESTRING(-122.47335 37.726855,-122.47423 37.726888)", "name":"BIKE ROUTE - WINSTON", "description":{"Length":0.05, "Type":"DR", "Runs Along":"Winston Dr", "Start Street":"BROADMOOR DR", "End Street":"STONECREST DR"}}, "geometry":{"type":"LineString", "coordinates":[[-122.473347163906, 37.7268548515575], [-122.474233172949, 37.7268880897688]]}}