{"type":"Feature", "properties":{"created_us":null, "direct":"2W", "barrier":null, "double":0, "fy":0, "dir":null, "streetname":"HARRISON", "cnn":6744000, "from_st":"15TH ST", "length":0.09, "innovative":null, "date_last_":null, "time_last_":null, "year_insta":1974, "shape_leng":466.55692085, "update_yr":0, "number_":"33", "objectid_1":2346, "notes":null, "sm_sweeper":0, "last_edite":null, "to_st":"TREAT AV", "qtr":0, "street_":"Harrison St", "date_creat":null, "time_creat":null, "type":"ST", "shape_len":466.556920843, "facility_t":"BIKE LANE", "contraflow":0, "sharrow":0, "objectid":2379, "surface_tr":null, "region":"LINESTRING(-122.41323 37.766725,-122.41311 37.765448)", "name":"BIKE LANE - HARRISON", "description":{"Length":0.09, "Type":"ST", "Runs Along":"Harrison St", "Start Street":"15TH ST", "End Street":"TREAT AV"}}, "geometry":{"type":"LineString", "coordinates":[[-122.413226979959, 37.7667252838864], [-122.413105242638, 37.7654476084767]]}}