{"type":"Feature", "properties":{"created_us":null, "direct":"2W", "barrier":null, "double":1, "fy":0, "dir":null, "streetname":"ASHBURY", "cnn":2515000, "from_st":"FREDERICK ST", "length":0.14, "innovative":null, "date_last_":null, "time_last_":null, "year_insta":0, "shape_leng":739.12840844, "update_yr":0, "number_":"20", "objectid_1":3290, "notes":"1", "sm_sweeper":0, "last_edite":null, "to_st":"PIEDMONT ST", "qtr":0, "street_":"Ashbury St", "date_creat":null, "time_creat":null, "type":"ST", "shape_len":739.128408441, "facility_t":"BIKE ROUTE", "contraflow":0, "sharrow":0, "objectid":796, "surface_tr":null, "region":"LINESTRING(-122.44637 37.76722,-122.44596 37.765216)", "name":"BIKE ROUTE - ASHBURY", "description":{"Length":0.14, "Type":"ST", "Runs Along":"Ashbury St", "Start Street":"FREDERICK ST", "End Street":"PIEDMONT ST"}}, "geometry":{"type":"LineString", "coordinates":[[-122.446369259266, 37.7672202570353], [-122.445962649294, 37.7652161856643]]}}