{"type":"Feature", "properties":{"created_us":null, "direct":"2W", "barrier":null, "double":1, "fy":0, "dir":null, "streetname":"TRANSVERSE", "cnn":12674000, "from_st":"OVERLOOK DR", "length":0.05, "innovative":null, "date_last_":null, "time_last_":null, "year_insta":0, "shape_leng":257.62146075, "update_yr":0, "number_":"75", "objectid_1":3212, "notes":"1", "sm_sweeper":0, "last_edite":null, "to_st":"JOHN F KENNEDY DR", "qtr":0, "street_":"Transverse Dr", "date_creat":null, "time_creat":null, "type":"DR", "shape_len":257.621460746, "facility_t":"BIKE ROUTE", "contraflow":0, "sharrow":0, "objectid":713, "surface_tr":null, "region":"LINESTRING(-122.47946 37.769877,-122.4799 37.770496)", "name":"BIKE ROUTE - TRANSVERSE", "description":{"Length":0.05, "Type":"DR", "Runs Along":"Transverse Dr", "Start Street":"OVERLOOK DR", "End Street":"JOHN F KENNEDY DR"}}, "geometry":{"type":"LineString", "coordinates":[[-122.479463553804, 37.7698769669841], [-122.479895427972, 37.7704958786978]]}}