{"type":"Feature", "properties":{"created_us":null, "direct":"1W", "barrier":null, "double":0, "fy":0, "dir":"SE", "streetname":"BEALE", "cnn":2867000, "from_st":"HARRISON", "length":0.12, "innovative":null, "date_last_":null, "time_last_":null, "year_insta":2009, "shape_leng":632.3519223, "update_yr":0, "number_":"50", "objectid_1":2500, "notes":null, "sm_sweeper":0, "last_edite":null, "to_st":"BRYANT ST", "qtr":0, "street_":"Beale St", "date_creat":null, "time_creat":null, "type":"ST", "shape_len":632.351922302, "facility_t":"BIKE LANE", "contraflow":0, "sharrow":0, "objectid":2547, "surface_tr":null, "region":"LINESTRING(-122.38964 37.786224,-122.39118 37.787455)", "name":"BIKE LANE - BEALE", "description":{"Length":0.12, "Type":"ST", "Runs Along":"Beale St", "Start Street":"HARRISON", "End Street":"BRYANT ST"}}, "geometry":{"type":"LineString", "coordinates":[[-122.389636641266, 37.7862237772271], [-122.391179658042, 37.7874551869709]]}}