{"type":"Feature", "properties":{"created_us":null, "direct":"2W", "barrier":null, "double":0, "fy":0, "dir":null, "streetname":"ORTEGA", "cnn":10022000, "from_st":"34TH AVE", "length":0.06, "innovative":null, "date_last_":null, "time_last_":null, "year_insta":2014, "shape_leng":310.015327, "update_yr":0, "number_":"O", "objectid_1":4994, "notes":null, "sm_sweeper":0, "last_edite":null, "to_st":"35TH AVE", "qtr":0, "street_":"Ortega St", "date_creat":null, "time_creat":null, "type":"ST", "shape_len":310.015154997, "facility_t":"BIKE LANE", "contraflow":0, "sharrow":0, "objectid":4963, "surface_tr":null, "region":"LINESTRING(-122.49242 37.751662,-122.49349 37.751614)", "name":"BIKE LANE - ORTEGA", "description":{"Length":0.06, "Type":"ST", "Runs Along":"Ortega St", "Start Street":"34TH AVE", "End Street":"35TH AVE"}}, "geometry":{"type":"LineString", "coordinates":[[-122.492417458943, 37.7516620247613], [-122.493488045031, 37.7516139049426]]}}