{"type":"Feature", "properties":{"created_us":null, "direct":"2W", "barrier":null, "double":0, "fy":0, "dir":null, "streetname":"SANSOME", "cnn":11544000, "from_st":"PINE ST", "length":0.07, "innovative":null, "date_last_":null, "time_last_":null, "year_insta":2009, "shape_leng":351.07684395, "update_yr":0, "number_":"11", "objectid_1":486, "notes":null, "sm_sweeper":0, "last_edite":null, "to_st":"CALIFORNIA ST", "qtr":0, "street_":"Sansome St", "date_creat":null, "time_creat":null, "type":"ST", "shape_len":351.076843951, "facility_t":"BIKE ROUTE", "contraflow":0, "sharrow":1, "objectid":488, "surface_tr":null, "region":"LINESTRING(-122.40093 37.792108,-122.40113 37.79306)", "name":"BIKE ROUTE - SANSOME", "description":{"Length":0.07, "Type":"ST", "Runs Along":"Sansome St", "Start Street":"PINE ST", "End Street":"CALIFORNIA ST"}}, "geometry":{"type":"LineString", "coordinates":[[-122.400933081728, 37.7921084035695], [-122.401126341676, 37.7930603009299]]}}