{"type":"Feature", "properties":{"created_us":null, "direct":"2W", "barrier":null, "double":1, "fy":0, "dir":null, "streetname":"CHENERY", "cnn":3922000, "from_st":"MATEO ST", "length":0.09, "innovative":null, "date_last_":null, "time_last_":null, "year_insta":2010, "shape_leng":474.96979156, "update_yr":0, "number_":"70", "objectid_1":2795, "notes":"1", "sm_sweeper":0, "last_edite":null, "to_st":"ROANOKE ST", "qtr":0, "street_":"Chenery St", "date_creat":null, "time_creat":null, "type":"ST", "shape_len":474.969791564, "facility_t":"BIKE ROUTE", "contraflow":0, "sharrow":1, "objectid":283, "surface_tr":null, "region":"LINESTRING(-122.42898 37.736388,-122.43025 37.73556)", "name":"BIKE ROUTE - CHENERY", "description":{"Length":0.09, "Type":"ST", "Runs Along":"Chenery St", "Start Street":"MATEO ST", "End Street":"ROANOKE ST"}}, "geometry":{"type":"LineString", "coordinates":[[-122.428977107682, 37.7363880354229], [-122.43024574506, 37.7355595048227]]}}