{"type":"Feature", "properties":{"created_us":null, "direct":"2W", "barrier":null, "double":1, "fy":0, "dir":null, "streetname":"GREAT HWY", "cnn":6436201, "from_st":"LINCOLN WY", "length":0.64, "innovative":null, "date_last_":null, "time_last_":null, "year_insta":0, "shape_leng":3404.64656622, "update_yr":0, "number_":"350", "objectid_1":4136, "notes":"1", "sm_sweeper":0, "last_edite":null, "to_st":"SLOAT BLVD", "qtr":0, "street_":"Great Hwy", "date_creat":null, "time_creat":null, "type":"HWY", "shape_len":3404.64656623, "facility_t":"BIKE ROUTE", "contraflow":0, "sharrow":0, "objectid":1666, "surface_tr":null, "region":"LINESTRING(-122.51034 37.764001,-122.51041 37.763868,-122.51017 37.762101,-122.50921 37.75471)", "name":"BIKE ROUTE - GREAT HWY", "description":{"Length":0.64, "Type":"HWY", "Runs Along":"Great Hwy", "Start Street":"LINCOLN WY", "End Street":"SLOAT BLVD"}}, "geometry":{"type":"LineString", "coordinates":[[-122.51034131919, 37.7640008341451], [-122.510407141706, 37.7638683182419], [-122.5101651778, 37.7621011870547], [-122.509205737497, 37.7547099859728]]}}