{"type":"Feature", "properties":{"created_us":null, "direct":"2W", "barrier":null, "double":1, "fy":0, "dir":null, "streetname":"CABRILLO", "cnn":3509000, "from_st":"42ND AV", "length":0.06, "innovative":null, "date_last_":null, "time_last_":null, "year_insta":1997, "shape_leng":310.74878303, "update_yr":0, "number_":"20", "objectid_1":4693, "notes":"1", "sm_sweeper":0, "last_edite":null, "to_st":"43RD AV", "qtr":0, "street_":"Cabrillo St", "date_creat":null, "time_creat":null, "type":"ST", "shape_len":310.748783019, "facility_t":"BIKE LANE", "contraflow":0, "sharrow":0, "objectid":2323, "surface_tr":null, "region":"LINESTRING(-122.50254 37.773604,-122.50361 37.773554)", "name":"BIKE LANE - CABRILLO", "description":{"Length":0.06, "Type":"ST", "Runs Along":"Cabrillo St", "Start Street":"42ND AV", "End Street":"43RD AV"}}, "geometry":{"type":"LineString", "coordinates":[[-122.502535218405, 37.7736035235146], [-122.503608585374, 37.7735543245794]]}}