{"type":"Feature", "properties":{"created_us":null, "direct":"2W", "barrier":null, "double":0, "fy":0, "dir":null, "streetname":"NORTH POINT", "cnn":9690000, "from_st":"MASON ST", "length":0.09, "innovative":null, "date_last_":null, "time_last_":null, "year_insta":2010, "shape_leng":481.39543329, "update_yr":0, "number_":"65", "objectid_1":2464, "notes":null, "sm_sweeper":0, "last_edite":null, "to_st":"TAYLOR ST", "qtr":0, "street_":"North Point St", "date_creat":null, "time_creat":null, "type":"ST", "shape_len":481.395433289, "facility_t":"BIKE LANE", "contraflow":0, "sharrow":0, "objectid":2508, "surface_tr":null, "region":"LINESTRING(-122.41379 37.806555,-122.41543 37.806343)", "name":"BIKE LANE - NORTH POINT", "description":{"Length":0.09, "Type":"ST", "Runs Along":"North Point St", "Start Street":"MASON ST", "End Street":"TAYLOR ST"}}, "geometry":{"type":"LineString", "coordinates":[[-122.413786659781, 37.806554632891], [-122.415431569702, 37.8063434294806]]}}