{"type":"Feature", "properties":{"created_us":null, "direct":"1W", "barrier":null, "double":0, "fy":0, "dir":"E", "streetname":"FRANCISCO", "cnn":5771000, "from_st":"VAN NESS AV", "length":0.09, "innovative":null, "date_last_":null, "time_last_":null, "year_insta":2000, "shape_leng":481.62607421, "update_yr":0, "number_":"4", "objectid_1":1818, "notes":null, "sm_sweeper":0, "last_edite":null, "to_st":"FRANKLIN ST", "qtr":0, "street_":"Francisco St", "date_creat":null, "time_creat":null, "type":"ST", "shape_len":481.626074209, "facility_t":"BIKE LANE", "contraflow":0, "sharrow":0, "objectid":1849, "surface_tr":null, "region":"LINESTRING(-122.42492 37.803206,-122.42657 37.802998)", "name":"BIKE LANE - FRANCISCO", "description":{"Length":0.09, "Type":"ST", "Runs Along":"Francisco St", "Start Street":"VAN NESS AV", "End Street":"FRANKLIN ST"}}, "geometry":{"type":"LineString", "coordinates":[[-122.424918803972, 37.803205507601], [-122.426565201219, 37.8029980304553]]}}