{"type":"Feature", "properties":{"created_us":null, "direct":"2W", "barrier":null, "double":0, "fy":0, "dir":null, "streetname":"FOLSOM", "cnn":5656000, "from_st":"GROTE PL", "length":0.04, "innovative":null, "date_last_":null, "time_last_":null, "year_insta":2000, "shape_leng":211.70837717, "update_yr":0, "number_":"30", "objectid_1":2026, "notes":null, "sm_sweeper":0, "last_edite":null, "to_st":"1ST ST", "qtr":0, "street_":"Folsom St", "date_creat":null, "time_creat":null, "type":"ST", "shape_len":211.708377182, "facility_t":"BIKE LANE", "contraflow":0, "sharrow":0, "objectid":2057, "surface_tr":null, "region":"LINESTRING(-122.39396 37.787708,-122.39448 37.787298)", "name":"BIKE LANE - FOLSOM", "description":{"Length":0.04, "Type":"ST", "Runs Along":"Folsom St", "Start Street":"GROTE PL", "End Street":"1ST ST"}}, "geometry":{"type":"LineString", "coordinates":[[-122.393961919562, 37.7877083000427], [-122.394481273548, 37.787298215734]]}}