{"type":"Feature", "properties":{"created_us":null, "direct":"2W", "barrier":null, "double":1, "fy":0, "dir":null, "streetname":"GENEVA", "cnn":6137101, "from_st":"GLORIA CT", "length":0.06, "innovative":null, "date_last_":null, "time_last_":null, "year_insta":2004, "shape_leng":340.27732002, "update_yr":0, "number_":"90", "objectid_1":2771, "notes":"1", "sm_sweeper":0, "last_edite":null, "to_st":"MISSION ST", "qtr":0, "street_":"Geneva Ave", "date_creat":null, "time_creat":null, "type":"AVE", "shape_len":340.277320032, "facility_t":"BIKE ROUTE", "contraflow":0, "sharrow":1, "objectid":259, "surface_tr":null, "region":"LINESTRING(-122.44162 37.717258,-122.44136 37.716971,-122.44112 37.716586,-122.44102 37.71646)", "name":"BIKE ROUTE - GENEVA", "description":{"Length":0.06, "Type":"AVE", "Runs Along":"Geneva Ave", "Start Street":"GLORIA CT", "End Street":"MISSION ST"}}, "geometry":{"type":"LineString", "coordinates":[[-122.441622840648, 37.7172581733236], [-122.441357462787, 37.7169712579506], [-122.441119763065, 37.7165855003604], [-122.441019562377, 37.7164595454274]]}}