{"type":"Feature", "properties":{"created_us":null, "direct":"2W", "barrier":null, "double":0, "fy":0, "dir":null, "streetname":"3RD", "cnn":225101, "from_st":"CARROLL AV", "length":0.06, "innovative":null, "date_last_":null, "time_last_":null, "year_insta":2012, "shape_leng":291.84662223, "update_yr":0, "number_":"5", "objectid_1":1056, "notes":null, "sm_sweeper":0, "last_edite":null, "to_st":"DONNER AV", "qtr":0, "street_":"3rd St", "date_creat":null, "time_creat":null, "type":"ST", "shape_len":291.846622236, "facility_t":"BIKE ROUTE", "contraflow":0, "sharrow":1, "objectid":1069, "surface_tr":null, "region":"LINESTRING(-122.39424 37.725476,-122.39458 37.724721)", "name":"BIKE ROUTE - 3RD", "description":{"Length":0.06, "Type":"ST", "Runs Along":"3rd St", "Start Street":"CARROLL AV", "End Street":"DONNER AV"}}, "geometry":{"type":"LineString", "coordinates":[[-122.394243493081, 37.7254756503261], [-122.394583751477, 37.7247210738048]]}}