{"type":"Feature", "properties":{"created_us":null, "direct":"2W", "barrier":null, "double":1, "fy":0, "dir":"N", "streetname":"BAYSHORE", "cnn":2813000, "from_st":"WOOLSEY ST", "length":0.14, "innovative":"BUFFERED BIKE LANE", "date_last_":null, "time_last_":null, "year_insta":2014, "shape_leng":720.25337474, "update_yr":0, "number_":"25", "objectid_1":2840, "notes":"1", "sm_sweeper":0, "last_edite":null, "to_st":"PAUL AV", "qtr":0, "street_":"Bayshore Blvd", "date_creat":null, "time_creat":null, "type":"BLVD", "shape_len":720.253374739, "facility_t":"BIKE LANE", "contraflow":0, "sharrow":0, "objectid":328, "surface_tr":null, "region":"LINESTRING(-122.40147 37.725516,-122.40118 37.724588,-122.40078 37.723616)", "name":"BIKE LANE - BAYSHORE", "description":{"Length":0.14, "Type":"BLVD", "Runs Along":"Bayshore Blvd", "Start Street":"WOOLSEY ST", "End Street":"PAUL AV"}}, "geometry":{"type":"LineString", "coordinates":[[-122.401471239964, 37.7255162892109], [-122.401182917426, 37.7245882541551], [-122.400784747648, 37.7236162087757]]}}