{"type":"Feature", "properties":{"created_us":null, "direct":"1W", "barrier":"CONCRETE", "double":0, "fy":0, "dir":"E", "streetname":"OAK", "cnn":9760000, "from_st":"SCOTT ST", "length":0.09, "innovative":"SEPARATED BIKEWAY", "date_last_":"2015/07/07", "time_last_":"07:00:00.000", "year_insta":2013, "shape_leng":489.23490255, "update_yr":2015, "number_":"45", "objectid_1":2479, "notes":null, "sm_sweeper":0, "last_edite":"JENWONG", "to_st":"DIVISADERO ST", "qtr":0, "street_":"Oak St", "date_creat":null, "time_creat":null, "type":"ST", "shape_len":489.234902545, "facility_t":"BIKE LANE", "contraflow":0, "sharrow":0, "objectid":2525, "surface_tr":"GREEN PAINT", "region":"LINESTRING(-122.43742 37.773133,-122.43575 37.773346)", "name":"BIKE LANE - OAK", "description":{"Length":0.09, "Type":"ST", "Runs Along":"Oak St", "Start Street":"SCOTT ST", "End Street":"DIVISADERO ST"}}, "geometry":{"type":"LineString", "coordinates":[[-122.437422939923, 37.7731334930576], [-122.435751498753, 37.7733457127522]]}}