{"type":"Feature", "properties":{"created_us":null, "direct":"2W", "barrier":null, "double":0, "fy":0, "dir":null, "streetname":"CLAY", "cnn":4085000, "from_st":"LEIDESDORFF ST", "length":0.04, "innovative":null, "date_last_":null, "time_last_":null, "year_insta":2010, "shape_leng":224.28733984, "update_yr":0, "number_":"11", "objectid_1":461, "notes":null, "sm_sweeper":0, "last_edite":null, "to_st":"MONTGOMERY ST", "qtr":0, "street_":"Clay St", "date_creat":null, "time_creat":null, "type":"ST", "shape_len":224.287339839, "facility_t":"BIKE ROUTE", "contraflow":0, "sharrow":1, "objectid":463, "surface_tr":null, "region":"LINESTRING(-122.40237 37.794771,-122.40314 37.794666)", "name":"BIKE ROUTE - CLAY", "description":{"Length":0.04, "Type":"ST", "Runs Along":"Clay St", "Start Street":"LEIDESDORFF ST", "End Street":"MONTGOMERY ST"}}, "geometry":{"type":"LineString", "coordinates":[[-122.402374350344, 37.7947709294589], [-122.403139295291, 37.7946662813683]]}}