{"type":"Feature", "properties":{"created_us":null, "direct":"2W", "barrier":null, "double":1, "fy":0, "dir":null, "streetname":"KIRKHAM", "cnn":7854000, "from_st":"16TH AV", "length":0.06, "innovative":null, "date_last_":null, "time_last_":null, "year_insta":2010, "shape_leng":310.38209654, "update_yr":0, "number_":"40", "objectid_1":4645, "notes":"1", "sm_sweeper":0, "last_edite":null, "to_st":"17TH AV", "qtr":0, "street_":"Kirkham St", "date_creat":null, "time_creat":null, "type":"ST", "shape_len":310.38209654, "facility_t":"BIKE LANE", "contraflow":0, "sharrow":0, "objectid":2271, "surface_tr":null, "region":"LINESTRING(-122.47365 37.759975,-122.47472 37.759927)", "name":"BIKE LANE - KIRKHAM", "description":{"Length":0.06, "Type":"ST", "Runs Along":"Kirkham St", "Start Street":"16TH AV", "End Street":"17TH AV"}}, "geometry":{"type":"LineString", "coordinates":[[-122.473652326664, 37.7599752998577], [-122.474724317907, 37.7599273769871]]}}