{"type":"Feature", "properties":{"created_us":null, "direct":"2W", "barrier":null, "double":1, "fy":0, "dir":null, "streetname":"VICENTE", "cnn":13255000, "from_st":"29TH AV", "length":0.06, "innovative":null, "date_last_":null, "time_last_":null, "year_insta":2006, "shape_leng":311.68805987, "update_yr":0, "number_":"60", "objectid_1":3542, "notes":"1", "sm_sweeper":0, "last_edite":null, "to_st":"30TH AV", "qtr":0, "street_":"Vicente St", "date_creat":null, "time_creat":null, "type":"ST", "shape_len":311.688059864, "facility_t":"BIKE ROUTE", "contraflow":0, "sharrow":1, "objectid":1055, "surface_tr":null, "region":"LINESTRING(-122.48614 37.738853,-122.48722 37.738805)", "name":"BIKE ROUTE - VICENTE", "description":{"Length":0.06, "Type":"ST", "Runs Along":"Vicente St", "Start Street":"29TH AV", "End Street":"30TH AV"}}, "geometry":{"type":"LineString", "coordinates":[[-122.486140768164, 37.7388526737237], [-122.487216997634, 37.7388050262968]]}}