{"type":"Feature", "properties":{"created_us":null, "direct":"2W", "barrier":null, "double":0, "fy":0, "dir":null, "streetname":"SLOAT", "cnn":11959102, "from_st":"35TH AV", "length":0.05, "innovative":null, "date_last_":null, "time_last_":null, "year_insta":2012, "shape_leng":266.4198328, "update_yr":0, "number_":"50", "objectid_1":395, "notes":null, "sm_sweeper":0, "last_edite":null, "to_st":"36TH AV", "qtr":0, "street_":"Sloat Blvd", "date_creat":null, "time_creat":null, "type":"BLVD", "shape_len":266.419832795, "facility_t":"BIKE ROUTE", "contraflow":0, "sharrow":1, "objectid":394, "surface_tr":null, "region":"LINESTRING(-122.49242 37.733879,-122.49334 37.733836)", "name":"BIKE ROUTE - SLOAT", "description":{"Length":0.05, "Type":"BLVD", "Runs Along":"Sloat Blvd", "Start Street":"35TH AV", "End Street":"36TH AV"}}, "geometry":{"type":"LineString", "coordinates":[[-122.492418050037, 37.7338789774814], [-122.493337780705, 37.7338364337209]]}}