{"type":"Feature", "properties":{"created_us":null, "direct":"2W", "barrier":null, "double":0, "fy":0, "dir":null, "streetname":"MASON", "cnn":19520000, "from_st":"MARSHALL ST", "length":0.07, "innovative":null, "date_last_":null, "time_last_":null, "year_insta":0, "shape_leng":381.92817573, "update_yr":0, "number_":"2", "objectid_1":78, "notes":"PRESIDIO", "sm_sweeper":0, "last_edite":null, "to_st":"ZANOWIZ ST", "qtr":0, "street_":"Mason St", "date_creat":null, "time_creat":null, "type":"ST", "shape_len":381.928175727, "facility_t":"BIKE PATH", "contraflow":0, "sharrow":0, "objectid":59, "surface_tr":null, "region":"LINESTRING(-122.45296 37.804388,-122.45166 37.80455)", "name":"BIKE PATH - MASON", "description":{"Length":0.07, "Type":"ST", "Runs Along":"Mason St", "Start Street":"MARSHALL ST", "End Street":"ZANOWIZ ST"}}, "geometry":{"type":"LineString", "coordinates":[[-122.452964667342, 37.8043883880279], [-122.451658524116, 37.8045502438046]]}}