{"type":"Feature", "properties":{"created_us":null, "direct":"2W", "barrier":null, "double":1, "fy":0, "dir":null, "streetname":"TURK", "cnn":12752000, "from_st":"WILLARD NORTH ST", "length":0.1, "innovative":null, "date_last_":null, "time_last_":null, "year_insta":2000, "shape_leng":503.22628977, "update_yr":0, "number_":"20", "objectid_1":4706, "notes":"1", "sm_sweeper":0, "last_edite":null, "to_st":"ARGUELLO BLVD", "qtr":0, "street_":"Turk St", "date_creat":null, "time_creat":null, "type":"ST", "shape_len":503.226289769, "facility_t":"BIKE LANE", "contraflow":0, "sharrow":0, "objectid":2345, "surface_tr":null, "region":"LINESTRING(-122.45686 37.777402,-122.45834 37.777214,-122.45858 37.777254)", "name":"BIKE LANE - TURK", "description":{"Length":0.1, "Type":"ST", "Runs Along":"Turk St", "Start Street":"WILLARD NORTH ST", "End Street":"ARGUELLO BLVD"}}, "geometry":{"type":"LineString", "coordinates":[[-122.456863367746, 37.7774019227012], [-122.458336844478, 37.7772142287459], [-122.458580630046, 37.7772539179323]]}}