{"type":"Feature", "properties":{"created_us":null, "direct":"2W", "barrier":null, "double":0, "fy":0, "dir":null, "streetname":"PACIFIC", "cnn":10137000, "from_st":"SALMON ST", "length":0.01, "innovative":null, "date_last_":null, "time_last_":null, "year_insta":2010, "shape_leng":74.9998984, "update_yr":0, "number_":"10", "objectid_1":594, "notes":null, "sm_sweeper":0, "last_edite":null, "to_st":"HIMMELMANN PL", "qtr":0, "street_":"Pacific Ave", "date_creat":null, "time_creat":null, "type":"AVE", "shape_len":74.9998984131, "facility_t":"BIKE ROUTE", "contraflow":0, "sharrow":1, "objectid":596, "surface_tr":null, "region":"LINESTRING(-122.41254 37.796187,-122.4128 37.796155)", "name":"BIKE ROUTE - PACIFIC", "description":{"Length":0.01, "Type":"AVE", "Runs Along":"Pacific Ave", "Start Street":"SALMON ST", "End Street":"HIMMELMANN PL"}}, "geometry":{"type":"LineString", "coordinates":[[-122.412540657035, 37.7961874018288], [-122.412797025567, 37.7961551518222]]}}