{"type":"Feature", "properties":{"created_us":null, "direct":"2W", "barrier":null, "double":1, "fy":0, "dir":null, "streetname":"ARGUELLO", "cnn":2423000, "from_st":"GEARY BLVD", "length":0.13, "innovative":null, "date_last_":null, "time_last_":null, "year_insta":2000, "shape_leng":701.49565037, "update_yr":0, "number_":"2", "objectid_1":4378, "notes":"1", "sm_sweeper":0, "last_edite":null, "to_st":"ANZA ST", "qtr":0, "street_":"Arguello Blvd", "date_creat":null, "time_creat":null, "type":"BLVD", "shape_len":701.495650368, "facility_t":"BIKE LANE", "contraflow":0, "sharrow":0, "objectid":1968, "surface_tr":null, "region":"LINESTRING(-122.45886 37.781257,-122.45873 37.779333)", "name":"BIKE LANE - ARGUELLO", "description":{"Length":0.13, "Type":"BLVD", "Runs Along":"Arguello Blvd", "Start Street":"GEARY BLVD", "End Street":"ANZA ST"}}, "geometry":{"type":"LineString", "coordinates":[[-122.458858660998, 37.7812570608804], [-122.458731622692, 37.7793331588346]]}}