{"type":"Feature", "properties":{"created_us":null, "direct":"2W", "barrier":null, "double":0, "fy":0, "dir":null, "streetname":"LOOMIS", "cnn":8484000, "from_st":"OAKDALE AVE", "length":0.03, "innovative":null, "date_last_":null, "time_last_":null, "year_insta":2005, "shape_leng":169.79861064, "update_yr":0, "number_":"25", "objectid_1":165, "notes":null, "sm_sweeper":0, "last_edite":null, "to_st":"FLOWER ST", "qtr":0, "street_":"Loomis St", "date_creat":null, "time_creat":null, "type":"ST", "shape_len":169.798610628, "facility_t":"BIKE ROUTE", "contraflow":0, "sharrow":1, "objectid":156, "surface_tr":null, "region":"LINESTRING(-122.40431 37.742521,-122.4044 37.742428,-122.4046 37.742118)", "name":"BIKE ROUTE - LOOMIS", "description":{"Length":0.03, "Type":"ST", "Runs Along":"Loomis St", "Start Street":"OAKDALE AVE", "End Street":"FLOWER ST"}}, "geometry":{"type":"LineString", "coordinates":[[-122.404306292294, 37.7425207341264], [-122.404396791515, 37.7424276391559], [-122.404599544992, 37.7421183134109]]}}