{"type":"Feature", "properties":{"created_us":null, "direct":"2W", "barrier":null, "double":0, "fy":0, "dir":null, "streetname":"TURK", "cnn":12744000, "from_st":"ROSELYN TERR", "length":0.02, "innovative":null, "date_last_":null, "time_last_":null, "year_insta":2005, "shape_leng":91.85685457, "update_yr":0, "number_":"170", "objectid_1":2385, "notes":null, "sm_sweeper":0, "last_edite":null, "to_st":"KITTREDGE TERR", "qtr":0, "street_":"Turk St", "date_creat":null, "time_creat":null, "type":"ST", "shape_len":91.8568545681, "facility_t":"BIKE LANE", "contraflow":0, "sharrow":0, "objectid":2420, "surface_tr":null, "region":"LINESTRING(-122.44977 37.778277,-122.45008 37.778237)", "name":"BIKE LANE - TURK", "description":{"Length":0.02, "Type":"ST", "Runs Along":"Turk St", "Start Street":"ROSELYN TERR", "End Street":"KITTREDGE TERR"}}, "geometry":{"type":"LineString", "coordinates":[[-122.449767078987, 37.7782770083156], [-122.450080944262, 37.7782372658641]]}}