{"type":"Feature", "properties":{"created_us":null, "direct":"2W", "barrier":null, "double":1, "fy":0, "dir":null, "streetname":"SAINT FRANCIS", "cnn":11296000, "from_st":"SAN FERNANDO WY", "length":0.05, "innovative":null, "date_last_":null, "time_last_":null, "year_insta":2010, "shape_leng":254.22515, "update_yr":0, "number_":"70", "objectid_1":2875, "notes":"1", "sm_sweeper":0, "last_edite":null, "to_st":"SAN LEANDRO WY", "qtr":0, "street_":"Saint Francis Blvd", "date_creat":null, "time_creat":null, "type":"BLVD", "shape_len":254.225149998, "facility_t":"BIKE ROUTE", "contraflow":0, "sharrow":1, "objectid":363, "surface_tr":null, "region":"LINESTRING(-122.46969 37.734786,-122.46881 37.734825)", "name":"BIKE ROUTE - SAINT FRANCIS", "description":{"Length":0.05, "Type":"BLVD", "Runs Along":"Saint Francis Blvd", "Start Street":"SAN FERNANDO WY", "End Street":"SAN LEANDRO WY"}}, "geometry":{"type":"LineString", "coordinates":[[-122.469686656416, 37.7347863925986], [-122.468808862349, 37.734824881828]]}}