{"type":"Feature", "properties":{"created_us":null, "direct":"2W", "barrier":null, "double":0, "fy":0, "dir":null, "streetname":"POTRERO", "cnn":10672000, "from_st":"24TH ST", "length":0.09, "innovative":null, "date_last_":null, "time_last_":null, "year_insta":1996, "shape_leng":466.5042902, "update_yr":0, "number_":"25", "objectid_1":1844, "notes":null, "sm_sweeper":0, "last_edite":null, "to_st":"25TH ST", "qtr":0, "street_":"Potrero Ave", "date_creat":null, "time_creat":null, "type":"AVE", "shape_len":466.504290202, "facility_t":"BIKE LANE", "contraflow":0, "sharrow":0, "objectid":1875, "surface_tr":null, "region":"LINESTRING(-122.40634 37.753004,-122.40622 37.751726)", "name":"BIKE LANE - POTRERO", "description":{"Length":0.09, "Type":"AVE", "Runs Along":"Potrero Ave", "Start Street":"24TH ST", "End Street":"25TH ST"}}, "geometry":{"type":"LineString", "coordinates":[[-122.40633623716, 37.7530040305171], [-122.406219413534, 37.7517262091907]]}}