{"type":"Feature", "properties":{"created_us":null, "direct":"2W", "barrier":null, "double":0, "fy":0, "dir":null, "streetname":"MASON", "cnn":19519000, "from_st":"OLD MASON ST", "length":0.09, "innovative":null, "date_last_":null, "time_last_":null, "year_insta":0, "shape_leng":467.39780972, "update_yr":0, "number_":"2", "objectid_1":79, "notes":"PRESIDIO", "sm_sweeper":0, "last_edite":null, "to_st":"MARSHALL ST", "qtr":0, "street_":"Mason St", "date_creat":null, "time_creat":null, "type":"ST", "shape_len":467.397809707, "facility_t":"BIKE PATH", "contraflow":0, "sharrow":0, "objectid":60, "surface_tr":null, "region":"LINESTRING(-122.45456 37.804186,-122.45296 37.804388)", "name":"BIKE PATH - MASON", "description":{"Length":0.09, "Type":"ST", "Runs Along":"Mason St", "Start Street":"OLD MASON ST", "End Street":"MARSHALL ST"}}, "geometry":{"type":"LineString", "coordinates":[[-122.454562217656, 37.8041858730182], [-122.452964667342, 37.8043883880279]]}}