{"type":"Feature", "properties":{"created_us":null, "direct":"2W", "barrier":null, "double":1, "fy":0, "dir":null, "streetname":"PAGE", "cnn":10170000, "from_st":"GOUGH ST", "length":0.09, "innovative":null, "date_last_":null, "time_last_":null, "year_insta":2006, "shape_leng":482.80109301, "update_yr":0, "number_":"10", "objectid_1":3084, "notes":"1", "sm_sweeper":0, "last_edite":null, "to_st":"OCTAVIA ST", "qtr":0, "street_":"Page St", "date_creat":null, "time_creat":null, "type":"ST", "shape_len":482.801093013, "facility_t":"BIKE ROUTE", "contraflow":0, "sharrow":1, "objectid":577, "surface_tr":null, "region":"LINESTRING(-122.42241 37.774085,-122.42406 37.773875)", "name":"BIKE ROUTE - PAGE", "description":{"Length":0.09, "Type":"ST", "Runs Along":"Page St", "Start Street":"GOUGH ST", "End Street":"OCTAVIA ST"}}, "geometry":{"type":"LineString", "coordinates":[[-122.422407116984, 37.7740849751381], [-122.424056533909, 37.7738752489489]]}}