{"type":"Feature", "properties":{"created_us":null, "direct":"2W", "barrier":null, "double":1, "fy":0, "dir":null, "streetname":"POLK", "cnn":10560000, "from_st":"MYRTLE ST", "length":0.03, "innovative":null, "date_last_":null, "time_last_":null, "year_insta":2003, "shape_leng":169.90976181, "update_yr":0, "number_":"20", "objectid_1":4548, "notes":"1", "sm_sweeper":0, "last_edite":null, "to_st":"GEARY ST", "qtr":0, "street_":"Polk St", "date_creat":null, "time_creat":null, "type":"ST", "shape_len":169.909761803, "facility_t":"BIKE LANE", "contraflow":0, "sharrow":0, "objectid":2165, "surface_tr":null, "region":"LINESTRING(-122.41964 37.785433,-122.41974 37.785893)", "name":"BIKE LANE - POLK", "description":{"Length":0.03, "Type":"ST", "Runs Along":"Polk St", "Start Street":"MYRTLE ST", "End Street":"GEARY ST"}}, "geometry":{"type":"LineString", "coordinates":[[-122.419638989339, 37.7854330360033], [-122.419738734781, 37.7858929010489]]}}