{"type":"Feature", "properties":{"created_us":null, "direct":"2W", "barrier":null, "double":1, "fy":0, "dir":null, "streetname":"HOLLOWAY", "cnn":6970000, "from_st":"CAPITOL AV", "length":0.06, "innovative":null, "date_last_":null, "time_last_":null, "year_insta":0, "shape_leng":295.07467532, "update_yr":0, "number_":"90", "objectid_1":2782, "notes":"1", "sm_sweeper":0, "last_edite":null, "to_st":"FAXON AV", "qtr":0, "street_":"Holloway Ave", "date_creat":null, "time_creat":null, "type":"AVE", "shape_len":295.074675328, "facility_t":"BIKE ROUTE", "contraflow":0, "sharrow":0, "objectid":270, "surface_tr":null, "region":"LINESTRING(-122.4592 37.721837,-122.46022 37.721835)", "name":"BIKE ROUTE - HOLLOWAY", "description":{"Length":0.06, "Type":"AVE", "Runs Along":"Holloway Ave", "Start Street":"CAPITOL AV", "End Street":"FAXON AV"}}, "geometry":{"type":"LineString", "coordinates":[[-122.459204214519, 37.7218374916649], [-122.460224422225, 37.7218346878037]]}}