{"type":"Feature", "properties":{"created_us":null, "direct":"2W", "barrier":null, "double":1, "fy":0, "dir":null, "streetname":"36TH", "cnn":1796000, "from_st":"SPRECKELS LAKE DR", "length":0.09, "innovative":null, "date_last_":null, "time_last_":null, "year_insta":2012, "shape_leng":450.48823926, "update_yr":0, "number_":"85", "objectid_1":3859, "notes":"1", "sm_sweeper":0, "last_edite":null, "to_st":"36TH AV", "qtr":0, "street_":"36th Ave", "date_creat":null, "time_creat":null, "type":"AVE", "shape_len":450.488239262, "facility_t":"BIKE ROUTE", "contraflow":0, "sharrow":1, "objectid":1382, "surface_tr":null, "region":"LINESTRING(-122.4957 37.771666,-122.49566 37.770779,-122.49561 37.770644,-122.4955 37.77056,-122.49541 37.770505)", "name":"BIKE ROUTE - 36TH", "description":{"Length":0.09, "Type":"AVE", "Runs Along":"36th Ave", "Start Street":"SPRECKELS LAKE DR", "End Street":"36TH AV"}}, "geometry":{"type":"LineString", "coordinates":[[-122.495696570505, 37.7716658232874], [-122.495661214038, 37.7707790666961], [-122.495605076976, 37.7706439317471], [-122.495502028993, 37.7705596796656], [-122.495411916861, 37.7705046130607]]}}