{"type":"Feature", "properties":{"created_us":null, "direct":"2W", "barrier":null, "double":0, "fy":0, "dir":null, "streetname":"HARRISON", "cnn":6758000, "from_st":"25TH ST", "length":0.11, "innovative":null, "date_last_":null, "time_last_":null, "year_insta":0, "shape_leng":583.42839364, "update_yr":0, "number_":"33", "objectid_1":1547, "notes":null, "sm_sweeper":0, "last_edite":null, "to_st":"26TH ST", "qtr":0, "street_":"Harrison St", "date_creat":null, "time_creat":null, "type":"ST", "shape_len":583.428393647, "facility_t":"BIKE ROUTE", "contraflow":0, "sharrow":0, "objectid":1564, "surface_tr":null, "region":"LINESTRING(-122.41175 37.751034,-122.41159 37.749436)", "name":"BIKE ROUTE - HARRISON", "description":{"Length":0.11, "Type":"ST", "Runs Along":"Harrison St", "Start Street":"25TH ST", "End Street":"26TH ST"}}, "geometry":{"type":"LineString", "coordinates":[[-122.411746224878, 37.7510338946533], [-122.41159284436, 37.7494362312171]]}}