{"type":"Feature", "properties":{"created_us":null, "direct":"2W", "barrier":null, "double":0, "fy":0, "dir":null, "streetname":"PHELAN", "cnn":10390000, "from_st":"OCEAN AV", "length":0.36, "innovative":null, "date_last_":null, "time_last_":null, "year_insta":2011, "shape_leng":1902.6978611, "update_yr":0, "number_":"60", "objectid_1":2090, "notes":null, "sm_sweeper":0, "last_edite":null, "to_st":"JUDSON AV", "qtr":0, "street_":"Phelan Ave", "date_creat":null, "time_creat":null, "type":"AVE", "shape_len":1902.6978611, "facility_t":"BIKE LANE", "contraflow":0, "sharrow":0, "objectid":2121, "surface_tr":null, "region":"LINESTRING(-122.45233 37.72308,-122.45238 37.727868,-122.45233 37.728303)", "name":"BIKE LANE - PHELAN", "description":{"Length":0.36, "Type":"AVE", "Runs Along":"Phelan Ave", "Start Street":"OCEAN AV", "End Street":"JUDSON AV"}}, "geometry":{"type":"LineString", "coordinates":[[-122.452331560976, 37.7230802423938], [-122.452381504943, 37.7278683693238], [-122.452327868218, 37.7283034929502]]}}