{"type":"Feature", "properties":{"created_us":null, "direct":"2W", "barrier":null, "double":1, "fy":0, "dir":null, "streetname":"7TH", "cnn":359000, "from_st":"HUGO ST", "length":0.06, "innovative":null, "date_last_":null, "time_last_":null, "year_insta":2009, "shape_leng":341.3038052, "update_yr":0, "number_":"65", "objectid_1":4138, "notes":"1", "sm_sweeper":0, "last_edite":null, "to_st":"IRVING ST", "qtr":0, "street_":"7th Ave", "date_creat":null, "time_creat":null, "type":"AVE", "shape_len":341.303805189, "facility_t":"BIKE ROUTE", "contraflow":0, "sharrow":1, "objectid":1669, "surface_tr":null, "region":"LINESTRING(-122.46424 37.765067,-122.46417 37.764131)", "name":"BIKE ROUTE - 7TH", "description":{"Length":0.06, "Type":"AVE", "Runs Along":"7th Ave", "Start Street":"HUGO ST", "End Street":"IRVING ST"}}, "geometry":{"type":"LineString", "coordinates":[[-122.464237375381, 37.7650667703664], [-122.464172022686, 37.7641308699061]]}}