{"type":"Feature", "properties":{"created_us":null, "direct":"2W", "barrier":null, "double":1, "fy":0, "dir":null, "streetname":"EVANS", "cnn":5334000, "from_st":"3RD ST", "length":0.03, "innovative":null, "date_last_":null, "time_last_":null, "year_insta":2006, "shape_leng":183.23445606, "update_yr":0, "number_":"68", "objectid_1":2933, "notes":"1", "sm_sweeper":0, "last_edite":null, "to_st":"PHELPS ST", "qtr":0, "street_":"Evans Ave", "date_creat":null, "time_creat":null, "type":"AVE", "shape_len":183.234456065, "facility_t":"BIKE ROUTE", "contraflow":0, "sharrow":1, "objectid":424, "surface_tr":null, "region":"LINESTRING(-122.38793 37.742703,-122.38846 37.742981)", "name":"BIKE ROUTE - EVANS", "description":{"Length":0.03, "Type":"AVE", "Runs Along":"Evans Ave", "Start Street":"3RD ST", "End Street":"PHELPS ST"}}, "geometry":{"type":"LineString", "coordinates":[[-122.38792635113, 37.7427031546117], [-122.388455029951, 37.7429806172947]]}}