{"type":"Feature", "properties":{"created_us":null, "direct":"2W", "barrier":null, "double":0, "fy":0, "dir":null, "streetname":"PACIFIC", "cnn":10135000, "from_st":"MASON ST", "length":0.04, "innovative":null, "date_last_":null, "time_last_":null, "year_insta":2010, "shape_leng":229.63083329, "update_yr":0, "number_":"10", "objectid_1":590, "notes":null, "sm_sweeper":0, "last_edite":null, "to_st":"AUBURN ST", "qtr":0, "street_":"Pacific Ave", "date_creat":null, "time_creat":null, "type":"AVE", "shape_len":229.630833291, "facility_t":"BIKE ROUTE", "contraflow":0, "sharrow":1, "objectid":592, "surface_tr":null, "region":"LINESTRING(-122.41172 37.796291,-122.4125 37.796192)", "name":"BIKE ROUTE - PACIFIC", "description":{"Length":0.04, "Type":"AVE", "Runs Along":"Pacific Ave", "Start Street":"MASON ST", "End Street":"AUBURN ST"}}, "geometry":{"type":"LineString", "coordinates":[[-122.411718938134, 37.796290765613], [-122.412503875746, 37.7961920285996]]}}