{"type":"Feature", "properties":{"created_us":"JENWONG", "direct":"2W", "barrier":null, "double":0, "fy":2016, "dir":"S", "streetname":"FOLSOM", "cnn":5699000, "from_st":"24TH ST", "length":0.11, "innovative":null, "date_last_":"2015/11/12", "time_last_":"08:00:00.000", "year_insta":2015, "shape_leng":585.69591686, "update_yr":0, "number_":null, "objectid_1":5762, "notes":null, "sm_sweeper":0, "last_edite":"JENWONG", "to_st":"25TH ST", "qtr":2, "street_":"Folsom St", "date_creat":"2015/11/12", "time_creat":"08:00:00.000", "type":"ST", "shape_len":585.695916871, "facility_t":"BIKE LANE", "contraflow":0, "sharrow":0, "objectid":0, "surface_tr":null, "region":"LINESTRING(-122.41409 37.752506,-122.41393 37.750903)", "name":"BIKE LANE - FOLSOM", "description":{"Length":0.11, "Type":"ST", "Runs Along":"Folsom St", "Start Street":"24TH ST", "End Street":"25TH ST"}}, "geometry":{"type":"LineString", "coordinates":[[-122.414086031265, 37.7525060653201], [-122.413925772295, 37.7509025807393]]}}