{"type":"Feature", "properties":{"created_us":null, "direct":"2W", "barrier":null, "double":0, "fy":0, "dir":null, "streetname":"ORTEGA", "cnn":10011000, "from_st":"23RD AVE", "length":0.06, "innovative":null, "date_last_":null, "time_last_":null, "year_insta":2014, "shape_leng":310.76014, "update_yr":0, "number_":"O", "objectid_1":5013, "notes":null, "sm_sweeper":0, "last_edite":null, "to_st":"24TH AVE", "qtr":0, "street_":"Ortega St", "date_creat":null, "time_creat":null, "type":"ST", "shape_len":310.760047569, "facility_t":"BIKE LANE", "contraflow":0, "sharrow":0, "objectid":5035, "surface_tr":null, "region":"LINESTRING(-122.48063 37.752187,-122.4817 37.75214)", "name":"BIKE LANE - ORTEGA", "description":{"Length":0.06, "Type":"ST", "Runs Along":"Ortega St", "Start Street":"23RD AVE", "End Street":"24TH AVE"}}, "geometry":{"type":"LineString", "coordinates":[[-122.480628879225, 37.7521873569536], [-122.481702107601, 37.7521400039039]]}}