{"type":"Feature", "properties":{"created_us":null, "direct":"2W", "barrier":null, "double":0, "fy":0, "dir":null, "streetname":"PACIFIC", "cnn":10138000, "from_st":"HIMMELMANN PL", "length":0.03, "innovative":null, "date_last_":null, "time_last_":null, "year_insta":2010, "shape_leng":166.50563378, "update_yr":0, "number_":"10", "objectid_1":593, "notes":null, "sm_sweeper":0, "last_edite":null, "to_st":"TAYLOR ST", "qtr":0, "street_":"Pacific Ave", "date_creat":null, "time_creat":null, "type":"AVE", "shape_len":166.505633785, "facility_t":"BIKE ROUTE", "contraflow":0, "sharrow":1, "objectid":595, "surface_tr":null, "region":"LINESTRING(-122.4128 37.796155,-122.41337 37.796084)", "name":"BIKE ROUTE - PACIFIC", "description":{"Length":0.03, "Type":"AVE", "Runs Along":"Pacific Ave", "Start Street":"HIMMELMANN PL", "End Street":"TAYLOR ST"}}, "geometry":{"type":"LineString", "coordinates":[[-122.412797025567, 37.7961551518222], [-122.413366182951, 37.7960835523449]]}}