{"type":"Feature", "properties":{"created_us":null, "direct":"2W", "barrier":null, "double":0, "fy":0, "dir":null, "streetname":"CLIPPER", "cnn":4217000, "from_st":"DOUGLASS ST", "length":0.24, "innovative":null, "date_last_":null, "time_last_":null, "year_insta":2009, "shape_leng":1273.53091511, "update_yr":0, "number_":"45", "objectid_1":1837, "notes":null, "sm_sweeper":0, "last_edite":null, "to_st":"GRAND VIEW AV", "qtr":0, "street_":"Clipper St", "date_creat":null, "time_creat":null, "type":"ST", "shape_len":1273.53091511, "facility_t":"BIKE LANE", "contraflow":0, "sharrow":0, "objectid":1868, "surface_tr":null, "region":"LINESTRING(-122.43825 37.748665,-122.44069 37.748639,-122.44141 37.74861,-122.44192 37.748474,-122.44252 37.748183)", "name":"BIKE LANE - CLIPPER", "description":{"Length":0.24, "Type":"ST", "Runs Along":"Clipper St", "Start Street":"DOUGLASS ST", "End Street":"GRAND VIEW AV"}}, "geometry":{"type":"LineString", "coordinates":[[-122.438246125797, 37.7486645008659], [-122.440693299474, 37.7486390394784], [-122.441408095553, 37.7486100126598], [-122.441916701935, 37.7484743911321], [-122.442519008789, 37.7481832159354]]}}