{"type":"Feature", "properties":{"created_us":null, "direct":"2W", "barrier":null, "double":0, "fy":0, "dir":null, "streetname":"GENEVA", "cnn":6150101, "from_st":"WALBRIDGE ST", "length":0.03, "innovative":null, "date_last_":null, "time_last_":null, "year_insta":1999, "shape_leng":137.18826977, "update_yr":0, "number_":"25", "objectid_1":2074, "notes":null, "sm_sweeper":0, "last_edite":null, "to_st":"PARQUE DR", "qtr":0, "street_":"Geneva Ave", "date_creat":null, "time_creat":null, "type":"AVE", "shape_len":137.188269774, "facility_t":"BIKE LANE", "contraflow":0, "sharrow":0, "objectid":2105, "surface_tr":null, "region":"LINESTRING(-122.42335 37.709251,-122.42291 37.709125)", "name":"BIKE LANE - GENEVA", "description":{"Length":0.03, "Type":"AVE", "Runs Along":"Geneva Ave", "Start Street":"WALBRIDGE ST", "End Street":"PARQUE DR"}}, "geometry":{"type":"LineString", "coordinates":[[-122.423353435985, 37.7092509506693], [-122.422906601228, 37.7091247171084]]}}