{"type":"Feature", "properties":{"created_us":null, "direct":"2W", "barrier":null, "double":0, "fy":0, "dir":"E", "streetname":"OCEAN", "cnn":9810201, "from_st":"WANDA ST", "length":0.07, "innovative":null, "date_last_":null, "time_last_":null, "year_insta":2010, "shape_leng":350.64196757, "update_yr":0, "number_":"84", "objectid_1":2086, "notes":null, "sm_sweeper":0, "last_edite":null, "to_st":"OTSEGO AV", "qtr":0, "street_":"Ocean Ave", "date_creat":null, "time_creat":null, "type":"AVE", "shape_len":350.641967568, "facility_t":"BIKE ROUTE", "contraflow":0, "sharrow":1, "objectid":2117, "surface_tr":null, "region":"LINESTRING(-122.43985 37.723481,-122.44105 37.723342)", "name":"BIKE ROUTE - OCEAN", "description":{"Length":0.07, "Type":"AVE", "Runs Along":"Ocean Ave", "Start Street":"WANDA ST", "End Street":"OTSEGO AV"}}, "geometry":{"type":"LineString", "coordinates":[[-122.439850441078, 37.7234808408743], [-122.441050163046, 37.7233421455637]]}}