{"type":"Feature", "properties":{"created_us":null, "direct":"2W", "barrier":null, "double":0, "fy":0, "dir":null, "streetname":"CIRCULAR", "cnn":4044000, "from_st":"MONTEREY BLVD", "length":0.12, "innovative":null, "date_last_":null, "time_last_":null, "year_insta":2010, "shape_leng":651.87194636, "update_yr":0, "number_":"70", "objectid_1":926, "notes":null, "sm_sweeper":0, "last_edite":null, "to_st":"HEARST AV", "qtr":0, "street_":"Circular Ave", "date_creat":null, "time_creat":null, "type":"AVE", "shape_len":651.871946369, "facility_t":"BIKE ROUTE", "contraflow":0, "sharrow":1, "objectid":939, "surface_tr":null, "region":"LINESTRING(-122.43668 37.731538,-122.43684 37.731467,-122.43717 37.731366,-122.43869 37.730738)", "name":"BIKE ROUTE - CIRCULAR", "description":{"Length":0.12, "Type":"AVE", "Runs Along":"Circular Ave", "Start Street":"MONTEREY BLVD", "End Street":"HEARST AV"}}, "geometry":{"type":"LineString", "coordinates":[[-122.436678949119, 37.7315383951456], [-122.436835967746, 37.7314672134044], [-122.4371667492, 37.7313658970489], [-122.438692929241, 37.7307379987347]]}}