{"type":"Feature", "properties":{"created_us":null, "direct":"2W", "barrier":null, "double":0, "fy":0, "dir":null, "streetname":"VALENCIA", "cnn":13067000, "from_st":"20TH ST", "length":0.06, "innovative":"GREEN WAVE", "date_last_":null, "time_last_":null, "year_insta":1996, "shape_leng":291.10884839, "update_yr":0, "number_":"45", "objectid_1":1859, "notes":null, "sm_sweeper":0, "last_edite":null, "to_st":"LIBERTY ST", "qtr":0, "street_":"Valencia St", "date_creat":null, "time_creat":null, "type":"ST", "shape_len":291.108848399, "facility_t":"BIKE LANE", "contraflow":0, "sharrow":0, "objectid":1890, "surface_tr":null, "region":"LINESTRING(-122.42127 37.758499,-122.42119 37.757701)", "name":"BIKE LANE - VALENCIA", "description":{"Length":0.06, "Type":"ST", "Runs Along":"Valencia St", "Start Street":"20TH ST", "End Street":"LIBERTY ST"}}, "geometry":{"type":"LineString", "coordinates":[[-122.421271728962, 37.7584985087312], [-122.421193864679, 37.7577014166663]]}}