{"type":"Feature", "properties":{"created_us":null, "direct":"2W", "barrier":null, "double":0, "fy":0, "dir":null, "streetname":"KIRKHAM", "cnn":7880000, "from_st":"40TH AV", "length":0.06, "innovative":null, "date_last_":null, "time_last_":null, "year_insta":2010, "shape_leng":309.99120077, "update_yr":0, "number_":"40", "objectid_1":2215, "notes":null, "sm_sweeper":0, "last_edite":null, "to_st":"41ST AV", "qtr":0, "street_":"Kirkham St", "date_creat":null, "time_creat":null, "type":"ST", "shape_len":309.991200784, "facility_t":"BIKE LANE", "contraflow":0, "sharrow":0, "objectid":2247, "surface_tr":null, "region":"LINESTRING(-122.49937 37.758841,-122.50044 37.758794)", "name":"BIKE LANE - KIRKHAM", "description":{"Length":0.06, "Type":"ST", "Runs Along":"Kirkham St", "Start Street":"40TH AV", "End Street":"41ST AV"}}, "geometry":{"type":"LineString", "coordinates":[[-122.499365326625, 37.7588407627172], [-122.500436026312, 37.7587939675036]]}}