{"type":"Feature", "properties":{"created_us":null, "direct":"2W", "barrier":null, "double":1, "fy":0, "dir":null, "streetname":"HOLLOWAY", "cnn":6972000, "from_st":"JULES AV", "length":0.06, "innovative":null, "date_last_":null, "time_last_":null, "year_insta":0, "shape_leng":295.95080463, "update_yr":0, "number_":"75", "objectid_1":2784, "notes":"1", "sm_sweeper":0, "last_edite":null, "to_st":"ASHTON AV", "qtr":0, "street_":"Holloway Ave", "date_creat":null, "time_creat":null, "type":"AVE", "shape_len":295.950804636, "facility_t":"BIKE ROUTE", "contraflow":0, "sharrow":0, "objectid":272, "surface_tr":null, "region":"LINESTRING(-122.46124 37.721831,-122.46227 37.721828)", "name":"BIKE ROUTE - HOLLOWAY", "description":{"Length":0.06, "Type":"AVE", "Runs Along":"Holloway Ave", "Start Street":"JULES AV", "End Street":"ASHTON AV"}}, "geometry":{"type":"LineString", "coordinates":[[-122.461242253545, 37.7218312549683], [-122.46226548719, 37.7218277945458]]}}