{"type":"Feature", "properties":{"created_us":null, "direct":"2W", "barrier":null, "double":0, "fy":0, "dir":null, "streetname":"23RD", "cnn":1248000, "from_st":"KANSAS ST", "length":0.05, "innovative":null, "date_last_":null, "time_last_":null, "year_insta":2012, "shape_leng":279.9598507, "update_yr":0, "number_":"525", "objectid_1":622, "notes":null, "sm_sweeper":0, "last_edite":null, "to_st":"VERMONT ST", "qtr":0, "street_":"23rd St", "date_creat":null, "time_creat":null, "type":"ST", "shape_len":279.959850703, "facility_t":"BIKE LANE", "contraflow":0, "sharrow":0, "objectid":626, "surface_tr":null, "region":"LINESTRING(-122.40256 37.754512,-122.40352 37.754454)", "name":"BIKE LANE - 23RD", "description":{"Length":0.05, "Type":"ST", "Runs Along":"23rd St", "Start Street":"KANSAS ST", "End Street":"VERMONT ST"}}, "geometry":{"type":"LineString", "coordinates":[[-122.402557509797, 37.754512120107], [-122.40352310274, 37.7544538293665]]}}