{"type":"Feature", "properties":{"created_us":null, "direct":"2W", "barrier":null, "double":1, "fy":0, "dir":null, "streetname":"SANCHEZ", "cnn":11510000, "from_st":"15TH ST", "length":0.01, "innovative":null, "date_last_":null, "time_last_":null, "year_insta":2010, "shape_leng":46.86761465, "update_yr":0, "number_":"47", "objectid_1":3830, "notes":"1", "sm_sweeper":0, "last_edite":null, "to_st":"MARKET ST", "qtr":0, "street_":"Sanchez St", "date_creat":null, "time_creat":null, "type":"ST", "shape_len":46.8676146436, "facility_t":"BIKE ROUTE", "contraflow":0, "sharrow":1, "objectid":1346, "surface_tr":null, "region":"LINESTRING(-122.43104 37.765996,-122.43103 37.765868)", "name":"BIKE ROUTE - SANCHEZ", "description":{"Length":0.01, "Type":"ST", "Runs Along":"Sanchez St", "Start Street":"15TH ST", "End Street":"MARKET ST"}}, "geometry":{"type":"LineString", "coordinates":[[-122.431037779315, 37.7659963295622], [-122.431025470983, 37.7658679864426]]}}