{"type":"Feature", "properties":{"created_us":null, "direct":"2W", "barrier":null, "double":0, "fy":0, "dir":null, "streetname":"MASON", "cnn":19524000, "from_st":"UNNAMED #65", "length":0.01, "innovative":null, "date_last_":null, "time_last_":null, "year_insta":2006, "shape_leng":68.9875537, "update_yr":0, "number_":"2", "objectid_1":1943, "notes":null, "sm_sweeper":0, "last_edite":null, "to_st":"LYON ST", "qtr":0, "street_":"Mason St", "date_creat":null, "time_creat":null, "type":"ST", "shape_len":68.9875537057, "facility_t":"BIKE LANE", "contraflow":0, "sharrow":0, "objectid":1974, "surface_tr":null, "region":"LINESTRING(-122.44856 37.804961,-122.44832 37.804994)", "name":"BIKE LANE - MASON", "description":{"Length":0.01, "Type":"ST", "Runs Along":"Mason St", "Start Street":"UNNAMED #65", "End Street":"LYON ST"}}, "geometry":{"type":"LineString", "coordinates":[[-122.448556288676, 37.8049607680373], [-122.44832116155, 37.8049938251203]]}}