{"type":"Feature", "properties":{"created_us":null, "direct":"2W", "barrier":null, "double":0, "fy":0, "dir":null, "streetname":"GOLDEN GATE", "cnn":6284000, "from_st":"ROSELYN TER", "length":0.05, "innovative":null, "date_last_":null, "time_last_":null, "year_insta":2003, "shape_leng":259.80624909, "update_yr":0, "number_":"20", "objectid_1":1673, "notes":null, "sm_sweeper":0, "last_edite":null, "to_st":"KITTREDGE TER", "qtr":0, "street_":"Golden Gate Ave", "date_creat":null, "time_creat":null, "type":"AVE", "shape_len":259.806249076, "facility_t":"BIKE LANE", "contraflow":0, "sharrow":0, "objectid":1702, "surface_tr":null, "region":"LINESTRING(-122.44957 37.777319,-122.44989 37.777277,-122.44998 37.777266,-122.45046 37.777205)", "name":"BIKE LANE - GOLDEN GATE", "description":{"Length":0.05, "Type":"AVE", "Runs Along":"Golden Gate Ave", "Start Street":"ROSELYN TER", "End Street":"KITTREDGE TER"}}, "geometry":{"type":"LineString", "coordinates":[[-122.449570826102, 37.7773187491857], [-122.449892556133, 37.7772773693551], [-122.449980712126, 37.7772660311073], [-122.450458195434, 37.7772046166409]]}}