{"type":"Feature", "properties":{"created_us":null, "direct":"2W", "barrier":null, "double":1, "fy":0, "dir":null, "streetname":"TOWNSEND", "cnn":12662000, "from_st":"LUSK LN", "length":0.09, "innovative":null, "date_last_":null, "time_last_":null, "year_insta":2010, "shape_leng":458.32819503, "update_yr":0, "number_":"30", "objectid_1":4454, "notes":"1", "sm_sweeper":0, "last_edite":null, "to_st":"4TH ST", "qtr":0, "street_":"Townsend St", "date_creat":null, "time_creat":null, "type":"ST", "shape_len":458.328195023, "facility_t":"BIKE LANE", "contraflow":0, "sharrow":0, "objectid":2054, "surface_tr":null, "region":"LINESTRING(-122.39386 37.777977,-122.39498 37.777089)", "name":"BIKE LANE - TOWNSEND", "description":{"Length":0.09, "Type":"ST", "Runs Along":"Townsend St", "Start Street":"LUSK LN", "End Street":"4TH ST"}}, "geometry":{"type":"LineString", "coordinates":[[-122.393857286439, 37.7779771324168], [-122.39498148051, 37.7770893329093]]}}