{"type":"Feature", "properties":{"created_us":null, "direct":"2W", "barrier":null, "double":0, "fy":0, "dir":null, "streetname":"GENEVA", "cnn":6151201, "from_st":"CIELITO DR", "length":0.04, "innovative":null, "date_last_":null, "time_last_":null, "year_insta":1999, "shape_leng":199.05730381, "update_yr":0, "number_":"90", "objectid_1":1732, "notes":null, "sm_sweeper":0, "last_edite":null, "to_st":"ESQUINA DR", "qtr":0, "street_":"Geneva Ave", "date_creat":null, "time_creat":null, "type":"AVE", "shape_len":199.0573038, "facility_t":"BIKE LANE", "contraflow":0, "sharrow":0, "objectid":1763, "surface_tr":null, "region":"LINESTRING(-122.42227 37.708927,-122.42162 37.708743)", "name":"BIKE LANE - GENEVA", "description":{"Length":0.04, "Type":"AVE", "Runs Along":"Geneva Ave", "Start Street":"CIELITO DR", "End Street":"ESQUINA DR"}}, "geometry":{"type":"LineString", "coordinates":[[-122.422265161884, 37.7089273582192], [-122.421617329821, 37.7087430544338]]}}