{"type":"Feature", "properties":{"created_us":null, "direct":"2W", "barrier":null, "double":0, "fy":0, "dir":null, "streetname":"COLUMBUS", "cnn":4304000, "from_st":"FRANCISCO ST", "length":0.06, "innovative":null, "date_last_":null, "time_last_":null, "year_insta":2005, "shape_leng":294.12051131, "update_yr":0, "number_":"11", "objectid_1":1247, "notes":null, "sm_sweeper":0, "last_edite":null, "to_st":"JONES ST", "qtr":0, "street_":"Columbus Ave", "date_creat":null, "time_creat":null, "type":"AVE", "shape_len":294.120511312, "facility_t":"BIKE ROUTE", "contraflow":0, "sharrow":1, "objectid":1260, "surface_tr":null, "region":"LINESTRING(-122.41605 37.804356,-122.41682 37.804887)", "name":"BIKE ROUTE - COLUMBUS", "description":{"Length":0.06, "Type":"AVE", "Runs Along":"Columbus Ave", "Start Street":"FRANCISCO ST", "End Street":"JONES ST"}}, "geometry":{"type":"LineString", "coordinates":[[-122.41605142238, 37.8043559463913], [-122.416818345284, 37.8048871605789]]}}