{"type":"Feature", "properties":{"created_us":null, "direct":"2W", "barrier":null, "double":1, "fy":0, "dir":null, "streetname":"2ND", "cnn":143000, "from_st":"TABER PL", "length":0.02, "innovative":null, "date_last_":null, "time_last_":null, "year_insta":0, "shape_leng":88.08615562, "update_yr":0, "number_":"11", "objectid_1":3329, "notes":"1", "sm_sweeper":0, "last_edite":null, "to_st":"FEDERAL ST", "qtr":0, "street_":"2nd St", "date_creat":null, "time_creat":null, "type":"ST", "shape_len":88.0861556202, "facility_t":"BIKE ROUTE", "contraflow":0, "sharrow":0, "objectid":836, "surface_tr":null, "region":"LINESTRING(-122.3933 37.782821,-122.39308 37.78265)", "name":"BIKE ROUTE - 2ND", "description":{"Length":0.02, "Type":"ST", "Runs Along":"2nd St", "Start Street":"TABER PL", "End Street":"FEDERAL ST"}}, "geometry":{"type":"LineString", "coordinates":[[-122.393297219252, 37.7828213450272], [-122.393082474924, 37.7826496646294]]}}