{"type":"Feature", "properties":{"created_us":null, "direct":"2W", "barrier":null, "double":1, "fy":0, "dir":null, "streetname":"POTRERO", "cnn":10665101, "from_st":"19TH ST", "length":0.09, "innovative":null, "date_last_":null, "time_last_":null, "year_insta":1996, "shape_leng":473.06956953, "update_yr":0, "number_":"36", "objectid_1":4300, "notes":"1", "sm_sweeper":0, "last_edite":null, "to_st":"20TH ST", "qtr":0, "street_":"Potrero Ave", "date_creat":null, "time_creat":null, "type":"AVE", "shape_len":473.069569528, "facility_t":"BIKE LANE", "contraflow":0, "sharrow":0, "objectid":1880, "surface_tr":null, "region":"LINESTRING(-122.40707 37.760661,-122.40695 37.759365)", "name":"BIKE LANE - POTRERO", "description":{"Length":0.09, "Type":"AVE", "Runs Along":"Potrero Ave", "Start Street":"19TH ST", "End Street":"20TH ST"}}, "geometry":{"type":"LineString", "coordinates":[[-122.407065796912, 37.7606612663326], [-122.406946873538, 37.7593654890821]]}}