{"type":"Feature", "properties":{"created_us":null, "direct":"2W", "barrier":null, "double":0, "fy":0, "dir":null, "streetname":"STEINER", "cnn":12118000, "from_st":"GERMANIA ST", "length":0.03, "innovative":"WIGGLE IMPROVEMENTS", "date_last_":null, "time_last_":null, "year_insta":0, "shape_leng":170.90251592, "update_yr":0, "number_":"47", "objectid_1":555, "notes":null, "sm_sweeper":0, "last_edite":null, "to_st":"WALLER ST", "qtr":0, "street_":"Steiner St", "date_creat":null, "time_creat":null, "type":"ST", "shape_len":170.902515915, "facility_t":"BIKE ROUTE", "contraflow":0, "sharrow":1, "objectid":557, "surface_tr":"GREEN-BACKED SHARROWS", "region":"LINESTRING(-122.43181 37.770501,-122.4319 37.770964)", "name":"BIKE ROUTE - STEINER", "description":{"Length":0.03, "Type":"ST", "Runs Along":"Steiner St", "Start Street":"GERMANIA ST", "End Street":"WALLER ST"}}, "geometry":{"type":"LineString", "coordinates":[[-122.431810933758, 37.7705009616552], [-122.431904324047, 37.7709644266309]]}}