{"type":"Feature", "properties":{"created_us":null, "direct":"2W", "barrier":null, "double":1, "fy":14, "dir":null, "streetname":"FOLSOM", "cnn":5682000, "from_st":"JUNIPER ST", "length":0.05, "innovative":"BUFFERED BIKE LANE", "date_last_":null, "time_last_":null, "year_insta":2002, "shape_leng":247.36498306, "update_yr":2014, "number_":"30", "objectid_1":4355, "notes":"1", "sm_sweeper":0, "last_edite":null, "to_st":"11TH ST", "qtr":0, "street_":"Folsom St", "date_creat":null, "time_creat":null, "type":"ST", "shape_len":247.36498305, "facility_t":"BIKE LANE", "contraflow":0, "sharrow":0, "objectid":1939, "surface_tr":null, "region":"LINESTRING(-122.41342 37.772343,-122.41403 37.771864)", "name":"BIKE LANE - FOLSOM", "description":{"Length":0.05, "Type":"ST", "Runs Along":"Folsom St", "Start Street":"JUNIPER ST", "End Street":"11TH ST"}}, "geometry":{"type":"LineString", "coordinates":[[-122.413419619187, 37.7723425498215], [-122.414026706896, 37.7718637064297]]}}