{"type":"Feature", "properties":{"created_us":null, "direct":"2W", "barrier":null, "double":1, "fy":0, "dir":null, "streetname":"EVANS", "cnn":5341000, "from_st":"MARIN ST", "length":0.1, "innovative":null, "date_last_":null, "time_last_":null, "year_insta":2006, "shape_leng":519.2290896, "update_yr":0, "number_":"7", "objectid_1":4024, "notes":"1", "sm_sweeper":0, "last_edite":null, "to_st":"ARMY ST", "qtr":0, "street_":"Evans Ave", "date_creat":null, "time_creat":null, "type":"AVE", "shape_len":519.229089599, "facility_t":"BIKE ROUTE", "contraflow":0, "sharrow":1, "objectid":1548, "surface_tr":null, "region":"LINESTRING(-122.39665 37.748352,-122.39729 37.749685)", "name":"BIKE ROUTE - EVANS", "description":{"Length":0.1, "Type":"AVE", "Runs Along":"Evans Ave", "Start Street":"MARIN ST", "End Street":"ARMY ST"}}, "geometry":{"type":"LineString", "coordinates":[[-122.3966473564, 37.7483516750778], [-122.397285415727, 37.7496846229151]]}}