{"type":"Feature", "properties":{"created_us":null, "direct":"2W", "barrier":null, "double":1, "fy":0, "dir":null, "streetname":"7TH", "cnn":379000, "from_st":"BERRY ST", "length":0.04, "innovative":null, "date_last_":null, "time_last_":null, "year_insta":1998, "shape_leng":215.01059325, "update_yr":0, "number_":"170", "objectid_1":4768, "notes":"1", "sm_sweeper":0, "last_edite":null, "to_st":"CHANNEL ST", "qtr":0, "street_":"7th St", "date_creat":null, "time_creat":null, "type":"ST", "shape_len":215.010593248, "facility_t":"BIKE LANE", "contraflow":0, "sharrow":0, "objectid":2418, "surface_tr":null, "region":"LINESTRING(-122.39957 37.770152,-122.39905 37.769732)", "name":"BIKE LANE - 7TH", "description":{"Length":0.04, "Type":"ST", "Runs Along":"7th St", "Start Street":"BERRY ST", "End Street":"CHANNEL ST"}}, "geometry":{"type":"LineString", "coordinates":[[-122.399569291958, 37.7701517840018], [-122.399045712261, 37.7697323308972]]}}