{"type":"Feature", "properties":{"created_us":null, "direct":"2W", "barrier":null, "double":0, "fy":0, "dir":null, "streetname":"VICENTE", "cnn":13263000, "from_st":"SUNSET BLVD", "length":0.03, "innovative":null, "date_last_":null, "time_last_":null, "year_insta":2006, "shape_leng":156.13892012, "update_yr":0, "number_":"60", "objectid_1":1053, "notes":null, "sm_sweeper":0, "last_edite":null, "to_st":"37TH AV", "qtr":0, "street_":"Vicente St", "date_creat":null, "time_creat":null, "type":"ST", "shape_len":156.138920118, "facility_t":"BIKE ROUTE", "contraflow":0, "sharrow":1, "objectid":1066, "surface_tr":null, "region":"LINESTRING(-122.49418 37.738496,-122.49472 37.738473)", "name":"BIKE ROUTE - VICENTE", "description":{"Length":0.03, "Type":"ST", "Runs Along":"Vicente St", "Start Street":"SUNSET BLVD", "End Street":"37TH AV"}}, "geometry":{"type":"LineString", "coordinates":[[-122.494181399192, 37.7384964539309], [-122.494720549662, 37.7384728718148]]}}