{"type":"Feature", "properties":{"created_us":null, "direct":"2W", "barrier":null, "double":0, "fy":0, "dir":null, "streetname":"MARKET", "cnn":8742201, "from_st":"BUSH ST", "length":0.03, "innovative":null, "date_last_":null, "time_last_":null, "year_insta":2006, "shape_leng":137.85848741, "update_yr":0, "number_":"50", "objectid_1":450, "notes":null, "sm_sweeper":0, "last_edite":null, "to_st":"BATTERY ST", "qtr":0, "street_":"Market St", "date_creat":null, "time_creat":null, "type":"ST", "shape_len":137.858487409, "facility_t":"BIKE ROUTE", "contraflow":0, "sharrow":1, "objectid":450, "surface_tr":null, "region":"LINESTRING(-122.39915 37.791017,-122.39948 37.790744)", "name":"BIKE ROUTE - MARKET", "description":{"Length":0.03, "Type":"ST", "Runs Along":"Market St", "Start Street":"BUSH ST", "End Street":"BATTERY ST"}}, "geometry":{"type":"LineString", "coordinates":[[-122.399148598156, 37.7910166490009], [-122.399480001771, 37.790744297341]]}}