{"type":"Feature", "properties":{"created_us":null, "direct":"2W", "barrier":null, "double":1, "fy":0, "dir":null, "streetname":"2ND", "cnn":140000, "from_st":"HARRISON ST", "length":0.08, "innovative":null, "date_last_":null, "time_last_":null, "year_insta":0, "shape_leng":414.322831, "update_yr":0, "number_":"19", "objectid_1":3339, "notes":"1", "sm_sweeper":0, "last_edite":null, "to_st":"STILLMAN ST", "qtr":0, "street_":"2nd St", "date_creat":null, "time_creat":null, "type":"ST", "shape_len":414.322831004, "facility_t":"BIKE ROUTE", "contraflow":0, "sharrow":0, "objectid":847, "surface_tr":null, "region":"LINESTRING(-122.39516 37.784311,-122.39415 37.783504)", "name":"BIKE ROUTE - 2ND", "description":{"Length":0.08, "Type":"ST", "Runs Along":"2nd St", "Start Street":"HARRISON ST", "End Street":"STILLMAN ST"}}, "geometry":{"type":"LineString", "coordinates":[[-122.395160621965, 37.78431101259], [-122.394150514978, 37.7835035092519]]}}