{"type":"Feature", "properties":{"created_us":null, "direct":"2W", "barrier":null, "double":0, "fy":0, "dir":null, "streetname":"CLEMENT", "cnn":4181000, "from_st":"31ST AV", "length":0.06, "innovative":null, "date_last_":null, "time_last_":null, "year_insta":2010, "shape_leng":311.5642082, "update_yr":0, "number_":"95", "objectid_1":735, "notes":null, "sm_sweeper":0, "last_edite":null, "to_st":"32ND AV", "qtr":0, "street_":"Clement St", "date_creat":null, "time_creat":null, "type":"ST", "shape_len":311.564208194, "facility_t":"BIKE ROUTE", "contraflow":0, "sharrow":1, "objectid":739, "surface_tr":null, "region":"LINESTRING(-122.4913 37.781726,-122.49238 37.781677)", "name":"BIKE ROUTE - CLEMENT", "description":{"Length":0.06, "Type":"ST", "Runs Along":"Clement St", "Start Street":"31ST AV", "End Street":"32ND AV"}}, "geometry":{"type":"LineString", "coordinates":[[-122.491298862086, 37.7817260727957], [-122.492375156774, 37.7816766548857]]}}