{"type":"Feature", "properties":{"created_us":null, "direct":"2W", "barrier":null, "double":0, "fy":0, "dir":null, "streetname":"IRVING", "cnn":7313000, "from_st":"36TH AV", "length":0.03, "innovative":null, "date_last_":null, "time_last_":null, "year_insta":2010, "shape_leng":154.43306772, "update_yr":0, "number_":"85", "objectid_1":1367, "notes":null, "sm_sweeper":0, "last_edite":null, "to_st":"SUNSET BLVD", "qtr":0, "street_":"Irving St", "date_creat":null, "time_creat":null, "type":"ST", "shape_len":154.433067719, "facility_t":"BIKE ROUTE", "contraflow":0, "sharrow":1, "objectid":1384, "surface_tr":null, "region":"LINESTRING(-122.49534 37.762759,-122.49588 37.762735)", "name":"BIKE ROUTE - IRVING", "description":{"Length":0.03, "Type":"ST", "Runs Along":"Irving St", "Start Street":"36TH AV", "End Street":"SUNSET BLVD"}}, "geometry":{"type":"LineString", "coordinates":[[-122.495343667596, 37.762758628169], [-122.495877085798, 37.762735073283]]}}