{"type":"Feature", "properties":{"created_us":null, "direct":"2W", "barrier":null, "double":0, "fy":0, "dir":null, "streetname":"STEINER", "cnn":12134000, "from_st":"GEARY BLVD", "length":0.06, "innovative":null, "date_last_":null, "time_last_":null, "year_insta":2010, "shape_leng":292.4886383, "update_yr":0, "number_":"45", "objectid_1":1219, "notes":null, "sm_sweeper":0, "last_edite":null, "to_st":"POST ST", "qtr":0, "street_":"Steiner St", "date_creat":null, "time_creat":null, "type":"ST", "shape_len":292.488638295, "facility_t":"BIKE ROUTE", "contraflow":0, "sharrow":1, "objectid":1232, "surface_tr":null, "region":"LINESTRING(-122.43456 37.784152,-122.43473 37.784944)", "name":"BIKE ROUTE - STEINER", "description":{"Length":0.06, "Type":"ST", "Runs Along":"Steiner St", "Start Street":"GEARY BLVD", "End Street":"POST ST"}}, "geometry":{"type":"LineString", "coordinates":[[-122.434562099036, 37.7841518634339], [-122.434729992316, 37.7849440059554]]}}