{"type":"Feature", "properties":{"created_us":null, "direct":"2W", "barrier":null, "double":1, "fy":0, "dir":"W", "streetname":"CENTRAL MAGAZINE", "cnn":15064000, "from_st":null, "length":0.04, "innovative":null, "date_last_":null, "time_last_":null, "year_insta":0, "shape_leng":189.71260162, "update_yr":0, "number_":"4", "objectid_1":4982, "notes":"PRESIDIO", "sm_sweeper":0, "last_edite":null, "to_st":null, "qtr":0, "street_":"Central Magazine Rd", "date_creat":null, "time_creat":null, "type":"RD", "shape_len":189.71260162, "facility_t":"BIKE PATH", "contraflow":0, "sharrow":0, "objectid":0, "surface_tr":null, "region":"LINESTRING(-122.47661 37.797515,-122.47598 37.797366)", "name":"BIKE PATH - CENTRAL MAGAZINE", "description":{"Length":0.04, "Type":"RD", "Runs Along":"Central Magazine Rd", "Start Street":null, "End Street":null}}, "geometry":{"type":"LineString", "coordinates":[[-122.476610858502, 37.7975151255047], [-122.475981705891, 37.7973660736477]]}}