{"type":"Feature", "properties":{"created_us":null, "direct":"2W", "barrier":null, "double":0, "fy":0, "dir":null, "streetname":"GROVE", "cnn":6556000, "from_st":"FRANKLIN ST", "length":0.09, "innovative":null, "date_last_":null, "time_last_":null, "year_insta":2009, "shape_leng":481.23341255, "update_yr":0, "number_":"20", "objectid_1":551, "notes":null, "sm_sweeper":0, "last_edite":null, "to_st":"GOUGH ST", "qtr":0, "street_":"Grove St", "date_creat":null, "time_creat":null, "type":"ST", "shape_len":481.233412533, "facility_t":"BIKE ROUTE", "contraflow":0, "sharrow":1, "objectid":553, "surface_tr":null, "region":"LINESTRING(-122.42152 37.778021,-122.42317 37.777815)", "name":"BIKE ROUTE - GROVE", "description":{"Length":0.09, "Type":"ST", "Runs Along":"Grove St", "Start Street":"FRANKLIN ST", "End Street":"GOUGH ST"}}, "geometry":{"type":"LineString", "coordinates":[[-122.421520698254, 37.7780207607702], [-122.423165552928, 37.7778152460898]]}}