{"type":"Feature", "properties":{"created_us":null, "direct":"2W", "barrier":null, "double":0, "fy":0, "dir":null, "streetname":"KEITH", "cnn":7786000, "from_st":"SHAFTER AV", "length":0.05, "innovative":null, "date_last_":null, "time_last_":null, "year_insta":2010, "shape_leng":280.3755874, "update_yr":0, "number_":"7", "objectid_1":1096, "notes":null, "sm_sweeper":0, "last_edite":null, "to_st":"THOMAS AV", "qtr":0, "street_":"Keith St", "date_creat":null, "time_creat":null, "type":"ST", "shape_len":280.375587405, "facility_t":"BIKE ROUTE", "contraflow":0, "sharrow":1, "objectid":1109, "surface_tr":null, "region":"LINESTRING(-122.38886 37.72998,-122.38942 37.729354)", "name":"BIKE ROUTE - KEITH", "description":{"Length":0.05, "Type":"ST", "Runs Along":"Keith St", "Start Street":"SHAFTER AV", "End Street":"THOMAS AV"}}, "geometry":{"type":"LineString", "coordinates":[[-122.388855116779, 37.7299804154387], [-122.389418720734, 37.7293538857949]]}}