{"type":"Feature", "properties":{"created_us":null, "direct":"2W", "barrier":null, "double":1, "fy":14, "dir":"W", "streetname":"HOLLOWAY", "cnn":6984000, "from_st":"BORICA ST", "length":0.02, "innovative":null, "date_last_":null, "time_last_":null, "year_insta":2014, "shape_leng":90.94686342, "update_yr":2014, "number_":"90", "objectid_1":3398, "notes":"1", "sm_sweeper":0, "last_edite":null, "to_st":"RALSTON ST", "qtr":3, "street_":"Holloway Ave", "date_creat":null, "time_creat":null, "type":"AVE", "shape_len":90.9468634217, "facility_t":"BIKE ROUTE", "contraflow":0, "sharrow":1, "objectid":911, "surface_tr":null, "region":"LINESTRING(-122.46866 37.721652,-122.46897 37.72165)", "name":"BIKE ROUTE - HOLLOWAY", "description":{"Length":0.02, "Type":"AVE", "Runs Along":"Holloway Ave", "Start Street":"BORICA ST", "End Street":"RALSTON ST"}}, "geometry":{"type":"LineString", "coordinates":[[-122.468660059433, 37.7216517153538], [-122.468974493801, 37.7216495783867]]}}