{"type":"Feature", "properties":{"created_us":null, "direct":"2W", "barrier":null, "double":1, "fy":0, "dir":null, "streetname":"BAYSHORE", "cnn":2800101, "from_st":"OAKDALE AV", "length":0.04, "innovative":"BUFFERED BIKE LANE", "date_last_":null, "time_last_":null, "year_insta":2012, "shape_leng":232.78440716, "update_yr":0, "number_":"5", "objectid_1":2838, "notes":"1", "sm_sweeper":0, "last_edite":null, "to_st":"FLOWER ST", "qtr":0, "street_":"Bayshore Blvd", "date_creat":null, "time_creat":null, "type":"BLVD", "shape_len":232.784407148, "facility_t":"BIKE LANE", "contraflow":0, "sharrow":0, "objectid":326, "surface_tr":null, "region":"LINESTRING(-122.40524 37.743051,-122.40563 37.742492)", "name":"BIKE LANE - BAYSHORE", "description":{"Length":0.04, "Type":"BLVD", "Runs Along":"Bayshore Blvd", "Start Street":"OAKDALE AV", "End Street":"FLOWER ST"}}, "geometry":{"type":"LineString", "coordinates":[[-122.40524238682, 37.7430512050463], [-122.40563347237, 37.7424923964632]]}}