{"type":"Feature", "properties":{"created_us":null, "direct":"2W", "barrier":null, "double":1, "fy":0, "dir":null, "streetname":"POST", "cnn":10649000, "from_st":"STEINER ST", "length":0.09, "innovative":null, "date_last_":null, "time_last_":null, "year_insta":2006, "shape_leng":479.47626163, "update_yr":0, "number_":"345", "objectid_1":4275, "notes":"1", "sm_sweeper":0, "last_edite":null, "to_st":"PIERCE ST", "qtr":0, "street_":"Post St", "date_creat":null, "time_creat":null, "type":"ST", "shape_len":479.476261644, "facility_t":"BIKE LANE", "contraflow":0, "sharrow":0, "objectid":1853, "surface_tr":null, "region":"LINESTRING(-122.43473 37.784944,-122.43637 37.784736)", "name":"BIKE LANE - POST", "description":{"Length":0.09, "Type":"ST", "Runs Along":"Post St", "Start Street":"STEINER ST", "End Street":"PIERCE ST"}}, "geometry":{"type":"LineString", "coordinates":[[-122.434729992316, 37.7849440059554], [-122.436368358898, 37.7847360662539]]}}