{"type":"Feature", "properties":{"created_us":null, "direct":"2W", "barrier":null, "double":1, "fy":0, "dir":null, "streetname":"14TH", "cnn":596000, "from_st":"CHURCH ST", "length":0.06, "innovative":null, "date_last_":null, "time_last_":null, "year_insta":2004, "shape_leng":322.54581875, "update_yr":0, "number_":"30", "objectid_1":3833, "notes":"1", "sm_sweeper":0, "last_edite":null, "to_st":"BELCHER ST", "qtr":0, "street_":"14th St", "date_creat":null, "time_creat":null, "type":"ST", "shape_len":322.545818749, "facility_t":"BIKE ROUTE", "contraflow":0, "sharrow":1, "objectid":1349, "surface_tr":null, "region":"LINESTRING(-122.42897 37.767729,-122.43008 37.767662)", "name":"BIKE ROUTE - 14TH", "description":{"Length":0.06, "Type":"ST", "Runs Along":"14th St", "Start Street":"CHURCH ST", "End Street":"BELCHER ST"}}, "geometry":{"type":"LineString", "coordinates":[[-122.428968772312, 37.767729170861], [-122.430081454031, 37.7676621197947]]}}