{"type":"Feature", "properties":{"created_us":null, "direct":"2W", "barrier":null, "double":0, "fy":0, "dir":null, "streetname":"3RD", "cnn":228101, "from_st":"PAUL AV", "length":0.05, "innovative":null, "date_last_":null, "time_last_":null, "year_insta":0, "shape_leng":276.6579393, "update_yr":0, "number_":"5", "objectid_1":417, "notes":null, "sm_sweeper":0, "last_edite":null, "to_st":"HOLLISTER AV", "qtr":0, "street_":"3rd St", "date_creat":null, "time_creat":null, "type":"ST", "shape_len":276.657939292, "facility_t":"BIKE ROUTE", "contraflow":0, "sharrow":0, "objectid":417, "surface_tr":null, "region":"LINESTRING(-122.39562 37.722432,-122.39594 37.721716)", "name":"BIKE ROUTE - 3RD", "description":{"Length":0.05, "Type":"ST", "Runs Along":"3rd St", "Start Street":"PAUL AV", "End Street":"HOLLISTER AV"}}, "geometry":{"type":"LineString", "coordinates":[[-122.395622760549, 37.7224316040575], [-122.395943826535, 37.7217158804456]]}}