{"type":"Feature", "properties":{"created_us":null, "direct":"2W", "barrier":null, "double":1, "fy":0, "dir":null, "streetname":"34TH", "cnn":1749000, "from_st":"KIRKHAM ST", "length":0.13, "innovative":null, "date_last_":null, "time_last_":null, "year_insta":2011, "shape_leng":679.8907832, "update_yr":0, "number_":"85", "objectid_1":3851, "notes":"1", "sm_sweeper":0, "last_edite":null, "to_st":"LAWTON ST", "qtr":0, "street_":"34th Ave", "date_creat":null, "time_creat":null, "type":"AVE", "shape_len":679.890783199, "facility_t":"BIKE ROUTE", "contraflow":0, "sharrow":1, "objectid":1373, "surface_tr":null, "region":"LINESTRING(-122.49294 37.759123,-122.49281 37.757259)", "name":"BIKE ROUTE - 34TH", "description":{"Length":0.13, "Type":"AVE", "Runs Along":"34th Ave", "Start Street":"KIRKHAM ST", "End Street":"LAWTON ST"}}, "geometry":{"type":"LineString", "coordinates":[[-122.492936869963, 37.7591229153611], [-122.492805977032, 37.7572585940037]]}}