{"type":"Feature", "properties":{"created_us":null, "direct":"2W", "barrier":null, "double":1, "fy":0, "dir":null, "streetname":"BAKER", "cnn":2610000, "from_st":"MC ALLISTER ST", "length":0.06, "innovative":null, "date_last_":null, "time_last_":null, "year_insta":2000, "shape_leng":341.59750492, "update_yr":0, "number_":"75", "objectid_1":4872, "notes":"1", "sm_sweeper":0, "last_edite":null, "to_st":"GOLDEN GATE AVE", "qtr":0, "street_":"Baker St", "date_creat":null, "time_creat":null, "type":"ST", "shape_len":341.597504913, "facility_t":"BIKE LANE", "contraflow":0, "sharrow":0, "objectid":2561, "surface_tr":null, "region":"LINESTRING(-122.44168 37.777373,-122.44187 37.7783)", "name":"BIKE LANE - BAKER", "description":{"Length":0.06, "Type":"ST", "Runs Along":"Baker St", "Start Street":"MC ALLISTER ST", "End Street":"GOLDEN GATE AVE"}}, "geometry":{"type":"LineString", "coordinates":[[-122.441678193966, 37.7773732845825], [-122.441865640892, 37.7782995536505]]}}