{"type":"Feature", "properties":{"created_us":null, "direct":"2W", "barrier":null, "double":0, "fy":0, "dir":null, "streetname":"PALOU", "cnn":10222000, "from_st":"LANE ST", "length":0.13, "innovative":null, "date_last_":null, "time_last_":null, "year_insta":2010, "shape_leng":686.56834486, "update_yr":0, "number_":"70", "objectid_1":1074, "notes":null, "sm_sweeper":0, "last_edite":null, "to_st":"3RD ST", "qtr":0, "street_":"Palou Ave", "date_creat":null, "time_creat":null, "type":"AVE", "shape_len":686.568344856, "facility_t":"BIKE ROUTE", "contraflow":0, "sharrow":1, "objectid":1087, "surface_tr":null, "region":"LINESTRING(-122.38904 37.732919,-122.39097 37.734014)", "name":"BIKE ROUTE - PALOU", "description":{"Length":0.13, "Type":"AVE", "Runs Along":"Palou Ave", "Start Street":"LANE ST", "End Street":"3RD ST"}}, "geometry":{"type":"LineString", "coordinates":[[-122.389035068367, 37.7329188950518], [-122.390967890238, 37.7340138723174]]}}