{"type":"Feature", "properties":{"created_us":null, "direct":"2W", "barrier":null, "double":1, "fy":0, "dir":null, "streetname":"CORBETT", "cnn":4377000, "from_st":"DOUGLASS ST", "length":0.04, "innovative":null, "date_last_":null, "time_last_":null, "year_insta":0, "shape_leng":236.09201584, "update_yr":0, "number_":"85", "objectid_1":3847, "notes":"1", "sm_sweeper":0, "last_edite":null, "to_st":"ORD ST", "qtr":0, "street_":"Corbett Ave", "date_creat":null, "time_creat":null, "type":"AVE", "shape_len":236.092015841, "facility_t":"BIKE ROUTE", "contraflow":0, "sharrow":1, "objectid":1367, "surface_tr":null, "region":"LINESTRING(-122.43949 37.762227,-122.43967 37.762081,-122.44013 37.76183)", "name":"BIKE ROUTE - CORBETT", "description":{"Length":0.04, "Type":"AVE", "Runs Along":"Corbett Ave", "Start Street":"DOUGLASS ST", "End Street":"ORD ST"}}, "geometry":{"type":"LineString", "coordinates":[[-122.439491322709, 37.7622268671039], [-122.439674504319, 37.7620805239118], [-122.440133033877, 37.7618296864115]]}}