{"type":"Feature", "properties":{"created_us":null, "direct":"2W", "barrier":null, "double":1, "fy":0, "dir":null, "streetname":"STEINER", "cnn":12148000, "from_st":"VALLEJO ST", "length":0.07, "innovative":null, "date_last_":null, "time_last_":null, "year_insta":2010, "shape_leng":344.19689046, "update_yr":0, "number_":"45", "objectid_1":3664, "notes":"1", "sm_sweeper":0, "last_edite":null, "to_st":"GREEN ST", "qtr":0, "street_":"Steiner St", "date_creat":null, "time_creat":null, "type":"ST", "shape_len":344.196890456, "facility_t":"BIKE ROUTE", "contraflow":0, "sharrow":1, "objectid":1177, "surface_tr":null, "region":"LINESTRING(-122.43676 37.795016,-122.43695 37.795949)", "name":"BIKE ROUTE - STEINER", "description":{"Length":0.07, "Type":"ST", "Runs Along":"Steiner St", "Start Street":"VALLEJO ST", "End Street":"GREEN ST"}}, "geometry":{"type":"LineString", "coordinates":[[-122.436760974695, 37.7950160225276], [-122.436949677217, 37.7959493645298]]}}