{"type":"Feature", "properties":{"created_us":null, "direct":"2W", "barrier":null, "double":0, "fy":0, "dir":null, "streetname":"KIRKHAM", "cnn":7869000, "from_st":"31ST AV", "length":0.06, "innovative":null, "date_last_":null, "time_last_":null, "year_insta":2010, "shape_leng":310.45047867, "update_yr":0, "number_":"40", "objectid_1":2225, "notes":null, "sm_sweeper":0, "last_edite":null, "to_st":"32ND AV", "qtr":0, "street_":"Kirkham St", "date_creat":null, "time_creat":null, "type":"ST", "shape_len":310.450478669, "facility_t":"BIKE LANE", "contraflow":0, "sharrow":0, "objectid":2257, "surface_tr":null, "region":"LINESTRING(-122.48972 37.759265,-122.49079 37.759218)", "name":"BIKE LANE - KIRKHAM", "description":{"Length":0.06, "Type":"ST", "Runs Along":"Kirkham St", "Start Street":"31ST AV", "End Street":"32ND AV"}}, "geometry":{"type":"LineString", "coordinates":[[-122.489722149536, 37.7592648613689], [-122.49079440883, 37.7592175255878]]}}