{"type":"Feature", "properties":{"created_us":null, "direct":"2W", "barrier":null, "double":1, "fy":0, "dir":null, "streetname":"MONTEREY", "cnn":4042000, "from_st":"JOOST AVE", "length":0.03, "innovative":null, "date_last_":null, "time_last_":null, "year_insta":2010, "shape_leng":153.21544506, "update_yr":0, "number_":"25", "objectid_1":2677, "notes":"1", "sm_sweeper":0, "last_edite":null, "to_st":"SAN JOSE AVE ON RAMP", "qtr":0, "street_":"Monterey Blvd", "date_creat":null, "time_creat":null, "type":"BLVD", "shape_len":153.215445063, "facility_t":"BIKE ROUTE", "contraflow":0, "sharrow":1, "objectid":154, "surface_tr":null, "region":"LINESTRING(-122.43499 37.732295,-122.43546 37.732093)", "name":"BIKE ROUTE - MONTEREY", "description":{"Length":0.03, "Type":"BLVD", "Runs Along":"Monterey Blvd", "Start Street":"JOOST AVE", "End Street":"SAN JOSE AVE ON RAMP"}}, "geometry":{"type":"LineString", "coordinates":[[-122.434992780837, 37.7322952879354], [-122.435457687606, 37.7320934839493]]}}