{"type":"Feature", "properties":{"created_us":null, "direct":"2W", "barrier":null, "double":0, "fy":0, "dir":null, "streetname":"MARKET", "cnn":8770101, "from_st":"EUREKA ST", "length":0.06, "innovative":null, "date_last_":null, "time_last_":null, "year_insta":0, "shape_leng":315.23011259, "update_yr":0, "number_":"40", "objectid_1":1607, "notes":null, "sm_sweeper":0, "last_edite":null, "to_st":"DIAMOND ST", "qtr":0, "street_":"Market St", "date_creat":null, "time_creat":null, "type":"ST", "shape_len":315.230112596, "facility_t":"BIKE ROUTE", "contraflow":0, "sharrow":0, "objectid":1627, "surface_tr":null, "region":"LINESTRING(-122.43836 37.761704,-122.4373 37.761895)", "name":"BIKE ROUTE - MARKET", "description":{"Length":0.06, "Type":"ST", "Runs Along":"Market St", "Start Street":"EUREKA ST", "End Street":"DIAMOND ST"}}, "geometry":{"type":"LineString", "coordinates":[[-122.438362146328, 37.7617037993059], [-122.437298710966, 37.7618954339959]]}}