{"type":"Feature", "properties":{"created_us":null, "direct":"2W", "barrier":null, "double":1, "fy":0, "dir":null, "streetname":"WALLER", "cnn":13363000, "from_st":"STEINER ST", "length":0.05, "innovative":"WIGGLE IMPROVEMENTS", "date_last_":null, "time_last_":null, "year_insta":0, "shape_leng":237.97349029, "update_yr":0, "number_":"345", "objectid_1":3066, "notes":"1", "sm_sweeper":0, "last_edite":null, "to_st":"POTOMAC ST", "qtr":0, "street_":"Waller St", "date_creat":null, "time_creat":null, "type":"ST", "shape_len":237.973490284, "facility_t":"BIKE ROUTE", "contraflow":0, "sharrow":1, "objectid":559, "surface_tr":"GREEN-BACKED SHARROWS", "region":"LINESTRING(-122.4319 37.770964,-122.43272 37.770861)", "name":"BIKE ROUTE - WALLER", "description":{"Length":0.05, "Type":"ST", "Runs Along":"Waller St", "Start Street":"STEINER ST", "End Street":"POTOMAC ST"}}, "geometry":{"type":"LineString", "coordinates":[[-122.431904324047, 37.7709644266309], [-122.432717262602, 37.7708609119428]]}}