{"type":"Feature", "properties":{"created_us":null, "direct":"2W", "barrier":null, "double":0, "fy":0, "dir":null, "streetname":"GENEVA", "cnn":6150102, "from_st":"PARQUE DR", "length":0.04, "innovative":null, "date_last_":null, "time_last_":null, "year_insta":2004, "shape_leng":198.98375467, "update_yr":0, "number_":"90", "objectid_1":2073, "notes":null, "sm_sweeper":0, "last_edite":null, "to_st":"CIELITO DR", "qtr":0, "street_":"Geneva Ave", "date_creat":null, "time_creat":null, "type":"AVE", "shape_len":198.983754666, "facility_t":"BIKE LANE", "contraflow":0, "sharrow":0, "objectid":2104, "surface_tr":null, "region":"LINESTRING(-122.42291 37.709125,-122.42227 37.708927)", "name":"BIKE LANE - GENEVA", "description":{"Length":0.04, "Type":"AVE", "Runs Along":"Geneva Ave", "Start Street":"PARQUE DR", "End Street":"CIELITO DR"}}, "geometry":{"type":"LineString", "coordinates":[[-122.422906601228, 37.7091247171084], [-122.422265161884, 37.7089273582192]]}}