{"type":"Feature", "properties":{"created_us":null, "direct":"2W", "barrier":null, "double":0, "fy":0, "dir":null, "streetname":"THE EMBARCADERO", "cnn":12548201, "from_st":"BRANNAN ST", "length":0.16, "innovative":null, "date_last_":null, "time_last_":null, "year_insta":1998, "shape_leng":850.22772085, "update_yr":0, "number_":"5", "objectid_1":2043, "notes":null, "sm_sweeper":0, "last_edite":null, "to_st":"BRYANT ST", "qtr":0, "street_":"The Embarcadero", "date_creat":null, "time_creat":null, "type":null, "shape_len":850.227720845, "facility_t":"BIKE LANE", "contraflow":0, "sharrow":0, "objectid":2074, "surface_tr":null, "region":"LINESTRING(-122.38802 37.784767,-122.3878 37.787095)", "name":"BIKE LANE - THE EMBARCADERO", "description":{"Length":0.16, "Type":null, "Runs Along":"The Embarcadero", "Start Street":"BRANNAN ST", "End Street":"BRYANT ST"}}, "geometry":{"type":"LineString", "coordinates":[[-122.388021891613, 37.7847668342348], [-122.387795163968, 37.7870948989939]]}}