{"type":"Feature", "properties":{"created_us":null, "direct":"2W", "barrier":null, "double":0, "fy":0, "dir":null, "streetname":"POST", "cnn":10647000, "from_st":"FILLMORE ST", "length":0.05, "innovative":null, "date_last_":null, "time_last_":null, "year_insta":2010, "shape_leng":240.39080723, "update_yr":0, "number_":"16", "objectid_1":537, "notes":null, "sm_sweeper":0, "last_edite":null, "to_st":"AVERY ST", "qtr":0, "street_":"Post St", "date_creat":null, "time_creat":null, "type":"ST", "shape_len":240.390807238, "facility_t":"BIKE ROUTE", "contraflow":0, "sharrow":1, "objectid":539, "surface_tr":null, "region":"LINESTRING(-122.43308 37.785151,-122.43391 37.785048)", "name":"BIKE ROUTE - POST", "description":{"Length":0.05, "Type":"ST", "Runs Along":"Post St", "Start Street":"FILLMORE ST", "End Street":"AVERY ST"}}, "geometry":{"type":"LineString", "coordinates":[[-122.433083397989, 37.785150940124], [-122.43390501496, 37.7850476877924]]}}