{"type":"Feature", "properties":{"created_us":null, "direct":"2W", "barrier":null, "double":1, "fy":0, "dir":null, "streetname":"MASONIC", "cnn":8850000, "from_st":"GROVE ST", "length":0.07, "innovative":null, "date_last_":null, "time_last_":null, "year_insta":0, "shape_leng":345.2065272, "update_yr":0, "number_":"20", "objectid_1":3992, "notes":"1", "sm_sweeper":0, "last_edite":null, "to_st":"HAYES ST", "qtr":0, "street_":"Masonic Ave", "date_creat":null, "time_creat":null, "type":"AVE", "shape_len":345.206527201, "facility_t":"BIKE ROUTE", "contraflow":0, "sharrow":0, "objectid":1516, "surface_tr":null, "region":"LINESTRING(-122.44628 37.774871,-122.44609 37.773935)", "name":"BIKE ROUTE - MASONIC", "description":{"Length":0.07, "Type":"AVE", "Runs Along":"Masonic Ave", "Start Street":"GROVE ST", "End Street":"HAYES ST"}}, "geometry":{"type":"LineString", "coordinates":[[-122.446283674074, 37.7748711028721], [-122.446091727162, 37.7739353716394]]}}