{"type":"Feature", "properties":{"created_us":null, "direct":"2W", "barrier":null, "double":1, "fy":0, "dir":null, "streetname":"ASHBURY", "cnn":2511000, "from_st":"PAGE ST", "length":0.07, "innovative":null, "date_last_":null, "time_last_":null, "year_insta":0, "shape_leng":354.96307897, "update_yr":0, "number_":"60", "objectid_1":4086, "notes":"1", "sm_sweeper":0, "last_edite":null, "to_st":"OAK ST", "qtr":0, "street_":"Ashbury St", "date_creat":null, "time_creat":null, "type":"ST", "shape_len":354.963078966, "facility_t":"BIKE ROUTE", "contraflow":0, "sharrow":0, "objectid":1614, "surface_tr":null, "region":"LINESTRING(-122.44733 37.771891,-122.44712 37.770931)", "name":"BIKE ROUTE - ASHBURY", "description":{"Length":0.07, "Type":"ST", "Runs Along":"Ashbury St", "Start Street":"PAGE ST", "End Street":"OAK ST"}}, "geometry":{"type":"LineString", "coordinates":[[-122.447332715571, 37.7718905316939], [-122.447117477569, 37.7709307712639]]}}