{"type":"Feature", "properties":{"created_us":null, "direct":"2W", "barrier":null, "double":1, "fy":0, "dir":null, "streetname":"SUTTER", "cnn":12328000, "from_st":"HYDE ST", "length":0.09, "innovative":null, "date_last_":null, "time_last_":null, "year_insta":2010, "shape_leng":479.52755362, "update_yr":0, "number_":"16", "objectid_1":3613, "notes":"1", "sm_sweeper":0, "last_edite":null, "to_st":"LARKIN ST", "qtr":0, "street_":"Sutter St", "date_creat":null, "time_creat":null, "type":"ST", "shape_len":479.527553623, "facility_t":"BIKE ROUTE", "contraflow":0, "sharrow":1, "objectid":1126, "surface_tr":null, "region":"LINESTRING(-122.41683 37.788178,-122.41847 37.787966)", "name":"BIKE ROUTE - SUTTER", "description":{"Length":0.09, "Type":"ST", "Runs Along":"Sutter St", "Start Street":"HYDE ST", "End Street":"LARKIN ST"}}, "geometry":{"type":"LineString", "coordinates":[[-122.416827154311, 37.7881778905418], [-122.418465026792, 37.7879662858338]]}}