{"type":"Feature", "properties":{"created_us":null, "direct":"2W", "barrier":null, "double":0, "fy":0, "dir":null, "streetname":"MARKET", "cnn":8750203, "from_st":"JONES ST", "length":0.04, "innovative":null, "date_last_":null, "time_last_":null, "year_insta":2006, "shape_leng":219.50870781, "update_yr":0, "number_":"50", "objectid_1":1138, "notes":null, "sm_sweeper":0, "last_edite":null, "to_st":"CHARLES J BRENHAM PL", "qtr":0, "street_":"Market St", "date_creat":null, "time_creat":null, "type":"ST", "shape_len":219.50870781, "facility_t":"BIKE ROUTE", "contraflow":0, "sharrow":1, "objectid":1151, "surface_tr":null, "region":"LINESTRING(-122.41197 37.780903,-122.41251 37.780479)", "name":"BIKE ROUTE - MARKET", "description":{"Length":0.04, "Type":"ST", "Runs Along":"Market St", "Start Street":"JONES ST", "End Street":"CHARLES J BRENHAM PL"}}, "geometry":{"type":"LineString", "coordinates":[[-122.411972359035, 37.7809025409651], [-122.412512256083, 37.7804785121623]]}}