{"type":"Feature", "properties":{"created_us":null, "direct":"2W", "barrier":null, "double":1, "fy":0, "dir":null, "streetname":"MARKET", "cnn":8762102, "from_st":"DOLORES ST", "length":0.13, "innovative":null, "date_last_":null, "time_last_":null, "year_insta":2000, "shape_leng":698.4862861, "update_yr":0, "number_":"40", "objectid_1":4315, "notes":"1", "sm_sweeper":0, "last_edite":null, "to_st":"14TH ST", "qtr":0, "street_":"Market St", "date_creat":null, "time_creat":null, "type":"ST", "shape_len":698.486286092, "facility_t":"BIKE LANE", "contraflow":0, "sharrow":0, "objectid":1897, "surface_tr":null, "region":"LINESTRING(-122.42693 37.769075,-122.42866 37.767735)", "name":"BIKE LANE - MARKET", "description":{"Length":0.13, "Type":"ST", "Runs Along":"Market St", "Start Street":"DOLORES ST", "End Street":"14TH ST"}}, "geometry":{"type":"LineString", "coordinates":[[-122.426928645653, 37.7690754290343], [-122.428657163146, 37.7677348880667]]}}