{"type":"Feature", "properties":{"created_us":null, "direct":"2W", "barrier":null, "double":1, "fy":0, "dir":null, "streetname":"CORBETT", "cnn":4379000, "from_st":"HATTIE ST", "length":0.1, "innovative":null, "date_last_":null, "time_last_":null, "year_insta":0, "shape_leng":540.84217709, "update_yr":0, "number_":"55", "objectid_1":3184, "notes":"1", "sm_sweeper":0, "last_edite":null, "to_st":"CORBIN PL", "qtr":0, "street_":"Corbett Ave", "date_creat":null, "time_creat":null, "type":"AVE", "shape_len":540.842177087, "facility_t":"BIKE ROUTE", "contraflow":0, "sharrow":1, "objectid":685, "surface_tr":null, "region":"LINESTRING(-122.44104 37.76167,-122.44119 37.761619,-122.44195 37.761674,-122.44219 37.761677,-122.44265 37.76176,-122.44288 37.761724)", "name":"BIKE ROUTE - CORBETT", "description":{"Length":0.1, "Type":"AVE", "Runs Along":"Corbett Ave", "Start Street":"HATTIE ST", "End Street":"CORBIN PL"}}, "geometry":{"type":"LineString", "coordinates":[[-122.44104116377, 37.7616696734609], [-122.441187082052, 37.7616193035866], [-122.441951723423, 37.7616743138818], [-122.442193180327, 37.7616770999282], [-122.442653559116, 37.7617601425818], [-122.442879386019, 37.7617236102916]]}}