{"type":"Feature", "properties":{"created_us":null, "direct":"2W", "barrier":null, "double":0, "fy":0, "dir":null, "streetname":null, "cnn":0, "from_st":null, "length":0.43, "innovative":null, "date_last_":null, "time_last_":null, "year_insta":0, "shape_leng":2272.32131322, "update_yr":0, "number_":"2", "objectid_1":41, "notes":"PRESIDIO", "sm_sweeper":0, "last_edite":null, "to_st":null, "qtr":0, "street_":null, "date_creat":null, "time_creat":null, "type":null, "shape_len":2272.32131322, "facility_t":"BIKE PATH", "contraflow":0, "sharrow":0, "objectid":15, "surface_tr":null, "region":"LINESTRING(-122.4675 37.803807,-122.46772 37.804113,-122.46788 37.804352,-122.46982 37.806557,-122.47032 37.80763,-122.47099 37.808364,-122.47194 37.808816)", "name":"BIKE PATH - null", "description":{"Length":0.43, "Type":null, "Runs Along":null, "Start Street":null, "End Street":null}}, "geometry":{"type":"LineString", "coordinates":[[-122.467501805687, 37.803806562829], [-122.467718009468, 37.8041128724078], [-122.467881237309, 37.804351716909], [-122.469818523967, 37.8065565156643], [-122.470323080507, 37.8076300207368], [-122.470989044125, 37.8083637656948], [-122.471940620333, 37.8088161774849]]}}