{"type":"Feature", "properties":{"created_us":null, "direct":"2W", "barrier":null, "double":1, "fy":0, "dir":null, "streetname":"GREAT HWY", "cnn":6434201, "from_st":"FULTON ST", "length":0.06, "innovative":null, "date_last_":null, "time_last_":null, "year_insta":0, "shape_leng":334.81440827, "update_yr":0, "number_":"75", "objectid_1":2630, "notes":"1", "sm_sweeper":0, "last_edite":null, "to_st":"JOHN F KENNEDY DR", "qtr":0, "street_":"Great Hwy", "date_creat":null, "time_creat":null, "type":"HWY", "shape_len":334.814408271, "facility_t":"BIKE PATH", "contraflow":0, "sharrow":0, "objectid":97, "surface_tr":null, "region":"LINESTRING(-122.51105 37.771342,-122.51105 37.77117,-122.51101 37.770606,-122.51093 37.770436)", "name":"BIKE PATH - GREAT HWY", "description":{"Length":0.06, "Type":"HWY", "Runs Along":"Great Hwy", "Start Street":"FULTON ST", "End Street":"JOHN F KENNEDY DR"}}, "geometry":{"type":"LineString", "coordinates":[[-122.511053755711, 37.7713424996529], [-122.511054151033, 37.7711700377125], [-122.511005546017, 37.7706055077642], [-122.510925947012, 37.7704356758334]]}}