{"type":"Feature", "properties":{"created_us":null, "direct":"1W", "barrier":null, "double":0, "fy":0, "dir":null, "streetname":"RALSTON", "cnn":19657000, "from_st":null, "length":0.1, "innovative":null, "date_last_":null, "time_last_":null, "year_insta":0, "shape_leng":515.26588427, "update_yr":0, "number_":"65", "objectid_1":4943, "notes":"PRESIDIO", "sm_sweeper":0, "last_edite":null, "to_st":null, "qtr":0, "street_":"Ralston Ave", "date_creat":null, "time_creat":null, "type":"AVE", "shape_len":515.265884274, "facility_t":"BIKE ROUTE", "contraflow":0, "sharrow":0, "objectid":0, "surface_tr":null, "region":"LINESTRING(-122.4757 37.80111,-122.47571 37.800671,-122.47567 37.800479,-122.47558 37.800304,-122.47542 37.800154,-122.47527 37.800054,-122.47499 37.799961)", "name":"BIKE ROUTE - RALSTON", "description":{"Length":0.1, "Type":"AVE", "Runs Along":"Ralston Ave", "Start Street":null, "End Street":null}}, "geometry":{"type":"LineString", "coordinates":[[-122.475696814059, 37.8011100606043], [-122.475714908254, 37.8006708026208], [-122.475672564811, 37.8004786076495], [-122.475576175023, 37.8003040880808], [-122.475417647684, 37.8001539402424], [-122.475269673951, 37.8000544814296], [-122.474990734673, 37.7999611893984]]}}