{"type":"Feature", "properties":{"created_us":null, "direct":"2W", "barrier":null, "double":0, "fy":0, "dir":null, "streetname":"GREAT HWY", "cnn":6435101, "from_st":"JOHN F KENNEDY DR", "length":0.45, "innovative":null, "date_last_":null, "time_last_":null, "year_insta":0, "shape_leng":2363.42311688, "update_yr":0, "number_":"95", "objectid_1":115, "notes":null, "sm_sweeper":0, "last_edite":null, "to_st":"LINCOLN WY", "qtr":0, "street_":"Great Hwy", "date_creat":null, "time_creat":null, "type":"HWY", "shape_len":2363.42311688, "facility_t":"BIKE PATH", "contraflow":0, "sharrow":0, "objectid":96, "surface_tr":null, "region":"LINESTRING(-122.51093 37.770436,-122.51096 37.770307,-122.51072 37.768913,-122.51037 37.767226,-122.51031 37.766563,-122.5103 37.765972,-122.51032 37.765427,-122.51039 37.764616,-122.51042 37.763986)", "name":"BIKE PATH - GREAT HWY", "description":{"Length":0.45, "Type":"HWY", "Runs Along":"Great Hwy", "Start Street":"JOHN F KENNEDY DR", "End Street":"LINCOLN WY"}}, "geometry":{"type":"LineString", "coordinates":[[-122.510925947012, 37.7704356758334], [-122.510955817939, 37.7703071455931], [-122.51072157354, 37.7689130053899], [-122.510373553831, 37.7672262907767], [-122.510311406831, 37.7665628425626], [-122.510304727709, 37.7659722820989], [-122.510320219392, 37.7654274894904], [-122.510391324687, 37.7646163672294], [-122.510420053854, 37.7639862664558]]}}