{"type":"Feature", "properties":{"created_us":null, "direct":"2W", "barrier":null, "double":0, "fy":0, "dir":null, "streetname":"SILVER", "cnn":11911000, "from_st":"COLBY ST", "length":0.02, "innovative":null, "date_last_":null, "time_last_":null, "year_insta":0, "shape_leng":104.75781858, "update_yr":0, "number_":"44", "objectid_1":1658, "notes":null, "sm_sweeper":0, "last_edite":null, "to_st":"COLBY ST", "qtr":0, "street_":"Silver Ave", "date_creat":null, "time_creat":null, "type":"AVE", "shape_len":104.757818566, "facility_t":"BIKE ROUTE", "contraflow":0, "sharrow":0, "objectid":1683, "surface_tr":null, "region":"LINESTRING(-122.41456 37.729419,-122.41423 37.729532)", "name":"BIKE ROUTE - SILVER", "description":{"Length":0.02, "Type":"AVE", "Runs Along":"Silver Ave", "Start Street":"COLBY ST", "End Street":"COLBY ST"}}, "geometry":{"type":"LineString", "coordinates":[[-122.414558339361, 37.7294186294051], [-122.414225374636, 37.7295319271385]]}}