{"type":"Feature", "properties":{"created_us":null, "direct":"2W", "barrier":null, "double":0, "fy":0, "dir":null, "streetname":"DIAMOND HEIGHTS", "cnn":10610000, "from_st":"CLIPPER ST", "length":0.06, "innovative":null, "date_last_":null, "time_last_":null, "year_insta":2009, "shape_leng":316.86662511, "update_yr":0, "number_":"60", "objectid_1":599, "notes":null, "sm_sweeper":0, "last_edite":null, "to_st":"PORTOLA DR", "qtr":0, "street_":"Diamond Heights Blvd", "date_creat":null, "time_creat":null, "type":"BLVD", "shape_len":316.866625114, "facility_t":"BIKE ROUTE", "contraflow":0, "sharrow":0, "objectid":601, "surface_tr":null, "region":"LINESTRING(-122.44396 37.746765,-122.44409 37.746722,-122.4446 37.746683,-122.44478 37.746771,-122.44485 37.746945)", "name":"BIKE ROUTE - DIAMOND HEIGHTS", "description":{"Length":0.06, "Type":"BLVD", "Runs Along":"Diamond Heights Blvd", "Start Street":"CLIPPER ST", "End Street":"PORTOLA DR"}}, "geometry":{"type":"LineString", "coordinates":[[-122.443960752812, 37.7467652169325], [-122.444094979803, 37.7467216759186], [-122.444603142632, 37.7466827874558], [-122.444782916777, 37.7467705183301], [-122.444847225765, 37.74694537284]]}}