{"type":"Feature", "properties":{"created_us":null, "direct":"2W", "barrier":null, "double":1, "fy":0, "dir":null, "streetname":"MC ALLISTER", "cnn":8893000, "from_st":"LARKIN ST", "length":0.09, "innovative":null, "date_last_":null, "time_last_":null, "year_insta":0, "shape_leng":483.21281014, "update_yr":0, "number_":"45", "objectid_1":3053, "notes":"1", "sm_sweeper":0, "last_edite":null, "to_st":"POLK ST", "qtr":0, "street_":"Mc Allister St", "date_creat":null, "time_creat":null, "type":"ST", "shape_len":483.212810141, "facility_t":"BIKE ROUTE", "contraflow":0, "sharrow":0, "objectid":546, "surface_tr":null, "region":"LINESTRING(-122.41695 37.78047,-122.4186 37.78026)", "name":"BIKE ROUTE - MC ALLISTER", "description":{"Length":0.09, "Type":"ST", "Runs Along":"Mc Allister St", "Start Street":"LARKIN ST", "End Street":"POLK ST"}}, "geometry":{"type":"LineString", "coordinates":[[-122.416947605091, 37.7804703413302], [-122.418598509186, 37.7802601329879]]}}