{"type":"Feature", "properties":{"created_us":null, "direct":"2W", "barrier":null, "double":0, "fy":0, "dir":null, "streetname":"CHENERY", "cnn":3923000, "from_st":"ROANOKE ST", "length":0.11, "innovative":null, "date_last_":null, "time_last_":null, "year_insta":2010, "shape_leng":585.04562034, "update_yr":0, "number_":"45", "objectid_1":282, "notes":null, "sm_sweeper":0, "last_edite":null, "to_st":"NATICK ST", "qtr":0, "street_":"Chenery St", "date_creat":null, "time_creat":null, "type":"ST", "shape_len":585.045620334, "facility_t":"BIKE ROUTE", "contraflow":0, "sharrow":1, "objectid":281, "surface_tr":null, "region":"LINESTRING(-122.43025 37.73556,-122.43154 37.734719,-122.43186 37.7346)", "name":"BIKE ROUTE - CHENERY", "description":{"Length":0.11, "Type":"ST", "Runs Along":"Chenery St", "Start Street":"ROANOKE ST", "End Street":"NATICK ST"}}, "geometry":{"type":"LineString", "coordinates":[[-122.43024574506, 37.7355595048227], [-122.431541353423, 37.7347193705684], [-122.431858277545, 37.7346004506225]]}}