{"type":"Feature", "properties":{"created_us":null, "direct":"2W", "barrier":null, "double":0, "fy":0, "dir":null, "streetname":"SLOAT", "cnn":11952102, "from_st":"22ND AV", "length":0.08, "innovative":"BUFFERED BIKE LANE", "date_last_":null, "time_last_":null, "year_insta":2011, "shape_leng":429.07518501, "update_yr":2012, "number_":"50", "objectid_1":400, "notes":"Buffered in 2012", "sm_sweeper":0, "last_edite":null, "to_st":"23RD AV", "qtr":0, "street_":"Sloat Blvd", "date_creat":null, "time_creat":null, "type":"BLVD", "shape_len":429.075185001, "facility_t":"BIKE LANE", "contraflow":0, "sharrow":0, "objectid":400, "surface_tr":null, "region":"LINESTRING(-122.47798 37.73457,-122.47946 37.734533)", "name":"BIKE LANE - SLOAT", "description":{"Length":0.08, "Type":"BLVD", "Runs Along":"Sloat Blvd", "Start Street":"22ND AV", "End Street":"23RD AV"}}, "geometry":{"type":"LineString", "coordinates":[[-122.47797661841, 37.7345697917362], [-122.479459647931, 37.7345325363574]]}}