{"type":"Feature", "properties":{"created_us":null, "direct":"2W", "barrier":null, "double":1, "fy":0, "dir":null, "streetname":"CERVANTES", "cnn":3873000, "from_st":"FILLMORE ST", "length":0.05, "innovative":null, "date_last_":null, "time_last_":null, "year_insta":2010, "shape_leng":273.87163352, "update_yr":0, "number_":"2", "objectid_1":3028, "notes":"1", "sm_sweeper":0, "last_edite":null, "to_st":"ALHAMBRA ST", "qtr":0, "street_":"Cervantes Blvd", "date_creat":null, "time_creat":null, "type":"BLVD", "shape_len":273.871633507, "facility_t":"BIKE ROUTE", "contraflow":0, "sharrow":1, "objectid":521, "surface_tr":null, "region":"LINESTRING(-122.43669 37.802628,-122.43695 37.802836,-122.43743 37.803096)", "name":"BIKE ROUTE - CERVANTES", "description":{"Length":0.05, "Type":"BLVD", "Runs Along":"Cervantes Blvd", "Start Street":"FILLMORE ST", "End Street":"ALHAMBRA ST"}}, "geometry":{"type":"LineString", "coordinates":[[-122.436693347157, 37.8026284240881], [-122.436947727808, 37.8028363348983], [-122.437429620473, 37.803096318224]]}}