{"type":"Feature", "properties":{"created_us":null, "direct":"2W", "barrier":null, "double":0, "fy":0, "dir":null, "streetname":"7TH", "cnn":383000, "from_st":"HUBBELL ST", "length":0.06, "innovative":null, "date_last_":null, "time_last_":null, "year_insta":2001, "shape_leng":338.75013722, "update_yr":0, "number_":"23", "objectid_1":2037, "notes":null, "sm_sweeper":0, "last_edite":null, "to_st":"DAGGETT ST", "qtr":0, "street_":"7th St", "date_creat":null, "time_creat":null, "type":"ST", "shape_len":338.750137212, "facility_t":"BIKE LANE", "contraflow":0, "sharrow":0, "objectid":2068, "surface_tr":null, "region":"LINESTRING(-122.39665 37.767825,-122.39583 37.767166)", "name":"BIKE LANE - 7TH", "description":{"Length":0.06, "Type":"ST", "Runs Along":"7th St", "Start Street":"HUBBELL ST", "End Street":"DAGGETT ST"}}, "geometry":{"type":"LineString", "coordinates":[[-122.396653408725, 37.767825156447], [-122.395826440132, 37.7671659569108]]}}