{"type":"Feature", "properties":{"created_us":null, "direct":"2W", "barrier":null, "double":0, "fy":0, "dir":null, "streetname":"HAYES", "cnn":6824000, "from_st":"BRODERICK ST", "length":0.09, "innovative":null, "date_last_":null, "time_last_":null, "year_insta":2009, "shape_leng":481.36736561, "update_yr":0, "number_":"30", "objectid_1":1605, "notes":null, "sm_sweeper":0, "last_edite":null, "to_st":"BAKER ST", "qtr":0, "street_":"Hayes St", "date_creat":null, "time_creat":null, "type":"ST", "shape_len":481.367365607, "facility_t":"BIKE ROUTE", "contraflow":0, "sharrow":1, "objectid":1625, "surface_tr":null, "region":"LINESTRING(-122.44111 37.774567,-122.43947 37.774778)", "name":"BIKE ROUTE - HAYES", "description":{"Length":0.09, "Type":"ST", "Runs Along":"Hayes St", "Start Street":"BRODERICK ST", "End Street":"BAKER ST"}}, "geometry":{"type":"LineString", "coordinates":[[-122.441110417392, 37.7745674829319], [-122.439466217635, 37.7747782365647]]}}