{"type":"Feature", "properties":{"created_us":"JENWONG", "direct":"2W", "barrier":null, "double":1, "fy":2015, "dir":null, "streetname":"EUCLID", "cnn":5299000, "from_st":"ARGUELLO BLVD", "length":0.06, "innovative":null, "date_last_":"2015/11/12", "time_last_":"08:00:00.000", "year_insta":2015, "shape_leng":324.63190517, "update_yr":0, "number_":null, "objectid_1":5121, "notes":"1", "sm_sweeper":0, "last_edite":"JENWONG", "to_st":"PALM AV", "qtr":4, "street_":"Euclid St", "date_creat":"2015/07/07", "time_creat":"07:00:00.000", "type":"AVE", "shape_len":324.631905174, "facility_t":"BIKE LANE", "contraflow":0, "sharrow":0, "objectid":0, "surface_tr":null, "region":"LINESTRING(-122.45904 37.783827,-122.45792 37.783874)", "name":"BIKE LANE - EUCLID", "description":{"Length":0.06, "Type":"AVE", "Runs Along":"Euclid St", "Start Street":"ARGUELLO BLVD", "End Street":"PALM AV"}}, "geometry":{"type":"LineString", "coordinates":[[-122.459044553315, 37.7838266043025], [-122.457922818364, 37.7838743114582]]}}