{"type":"Feature", "properties":{"created_us":null, "direct":"2W", "barrier":null, "double":1, "fy":0, "dir":null, "streetname":"30TH", "cnn":1638000, "from_st":"LAKE ST", "length":0.05, "innovative":null, "date_last_":null, "time_last_":null, "year_insta":2010, "shape_leng":280.27468667, "update_yr":0, "number_":"95", "objectid_1":3940, "notes":"1", "sm_sweeper":0, "last_edite":null, "to_st":"SEAVIEW TERR", "qtr":0, "street_":"30th Ave", "date_creat":null, "time_creat":null, "type":"AVE", "shape_len":280.274686661, "facility_t":"BIKE ROUTE", "contraflow":0, "sharrow":1, "objectid":1464, "surface_tr":null, "region":"LINESTRING(-122.49047 37.785119,-122.49042 37.78435)", "name":"BIKE ROUTE - 30TH", "description":{"Length":0.05, "Type":"AVE", "Runs Along":"30th Ave", "Start Street":"LAKE ST", "End Street":"SEAVIEW TERR"}}, "geometry":{"type":"LineString", "coordinates":[[-122.490474490056, 37.7851187447945], [-122.490417333366, 37.7843503549048]]}}