{"type":"Feature", "properties":{"created_us":null, "direct":"2W", "barrier":null, "double":0, "fy":0, "dir":null, "streetname":"MC ALLISTER", "cnn":8896000, "from_st":"FRANKLIN ST", "length":0.09, "innovative":null, "date_last_":null, "time_last_":null, "year_insta":0, "shape_leng":483.25272985, "update_yr":0, "number_":"20", "objectid_1":1224, "notes":null, "sm_sweeper":0, "last_edite":null, "to_st":"GOUGH ST", "qtr":0, "street_":"Mc Allister St", "date_creat":null, "time_creat":null, "type":"ST", "shape_len":483.252729837, "facility_t":"BIKE ROUTE", "contraflow":0, "sharrow":0, "objectid":1237, "surface_tr":null, "region":"LINESTRING(-122.42189 37.77989,-122.42354 37.779674)", "name":"BIKE ROUTE - MC ALLISTER", "description":{"Length":0.09, "Type":"ST", "Runs Along":"Mc Allister St", "Start Street":"FRANKLIN ST", "End Street":"GOUGH ST"}}, "geometry":{"type":"LineString", "coordinates":[[-122.421891571241, 37.7798901067071], [-122.423541306846, 37.7796735860896]]}}