{"type":"Feature", "properties":{"created_us":null, "direct":"2W", "barrier":null, "double":1, "fy":0, "dir":null, "streetname":"16TH", "cnn":710000, "from_st":"RHODE ISLAND ST", "length":0.05, "innovative":null, "date_last_":null, "time_last_":null, "year_insta":1996, "shape_leng":277.73568198, "update_yr":0, "number_":"50", "objectid_1":4584, "notes":"1", "sm_sweeper":0, "last_edite":null, "to_st":"KANSAS ST", "qtr":0, "street_":"16th St", "date_creat":null, "time_creat":null, "type":"ST", "shape_len":277.735681988, "facility_t":"BIKE LANE", "contraflow":0, "sharrow":0, "objectid":2206, "surface_tr":null, "region":"LINESTRING(-122.40268 37.766075,-122.40364 37.766017)", "name":"BIKE LANE - 16TH", "description":{"Length":0.05, "Type":"ST", "Runs Along":"16th St", "Start Street":"RHODE ISLAND ST", "End Street":"KANSAS ST"}}, "geometry":{"type":"LineString", "coordinates":[[-122.402684956973, 37.7660746075321], [-122.403643055309, 37.7660170683766]]}}