{"type":"Feature", "properties":{"created_us":null, "direct":"2W", "barrier":null, "double":1, "fy":0, "dir":null, "streetname":"CABRILLO", "cnn":3469000, "from_st":"3RD AV", "length":0.06, "innovative":null, "date_last_":null, "time_last_":null, "year_insta":1997, "shape_leng":310.5455498, "update_yr":0, "number_":"20", "objectid_1":4657, "notes":"1", "sm_sweeper":0, "last_edite":null, "to_st":"4TH AV", "qtr":0, "street_":"Cabrillo St", "date_creat":null, "time_creat":null, "type":"ST", "shape_len":310.545549807, "facility_t":"BIKE LANE", "contraflow":0, "sharrow":0, "objectid":2284, "surface_tr":null, "region":"LINESTRING(-122.46066 37.775517,-122.46173 37.775467)", "name":"BIKE LANE - CABRILLO", "description":{"Length":0.06, "Type":"ST", "Runs Along":"Cabrillo St", "Start Street":"3RD AV", "End Street":"4TH AV"}}, "geometry":{"type":"LineString", "coordinates":[[-122.460660763035, 37.7755169440563], [-122.461733428079, 37.7754673999645]]}}