{"type":"Feature", "properties":{"created_us":null, "direct":"2W", "barrier":null, "double":1, "fy":0, "dir":null, "streetname":"ALEMANY", "cnn":2167101, "from_st":"OCEAN AVE", "length":0.05, "innovative":null, "date_last_":null, "time_last_":null, "year_insta":2006, "shape_leng":287.42187962, "update_yr":0, "number_":"45", "objectid_1":4792, "notes":"1", "sm_sweeper":0, "last_edite":null, "to_st":"LEO ST", "qtr":0, "street_":"Alemany Blvd", "date_creat":null, "time_creat":null, "type":"BLVD", "shape_len":287.421879625, "facility_t":"BIKE LANE", "contraflow":0, "sharrow":0, "objectid":2449, "surface_tr":null, "region":"LINESTRING(-122.43744 37.723716,-122.4376 37.723269,-122.43779 37.722983)", "name":"BIKE LANE - ALEMANY", "description":{"Length":0.05, "Type":"BLVD", "Runs Along":"Alemany Blvd", "Start Street":"OCEAN AVE", "End Street":"LEO ST"}}, "geometry":{"type":"LineString", "coordinates":[[-122.437439121591, 37.7237164629644], [-122.437598928575, 37.72326879792], [-122.437790172644, 37.7229825581949]]}}