{"type":"Feature", "properties":{"created_us":null, "direct":"2W", "barrier":null, "double":0, "fy":0, "dir":null, "streetname":"ORTEGA", "cnn":10020000, "from_st":"32ND AVE", "length":0.06, "innovative":null, "date_last_":null, "time_last_":null, "year_insta":2014, "shape_leng":311.137053, "update_yr":0, "number_":"O", "objectid_1":4992, "notes":null, "sm_sweeper":0, "last_edite":null, "to_st":"33RD AVE", "qtr":0, "street_":"Ortega St", "date_creat":null, "time_creat":null, "type":"ST", "shape_len":311.137246273, "facility_t":"BIKE LANE", "contraflow":0, "sharrow":0, "objectid":4961, "surface_tr":null, "region":"LINESTRING(-122.49027 37.751758,-122.49134 37.75171)", "name":"BIKE LANE - ORTEGA", "description":{"Length":0.06, "Type":"ST", "Runs Along":"Ortega St", "Start Street":"32ND AVE", "End Street":"33RD AVE"}}, "geometry":{"type":"LineString", "coordinates":[[-122.490270381741, 37.7517584998079], [-122.491344845544, 37.7517102249653]]}}