{"type":"Feature", "properties":{"created_us":null, "direct":"2W", "barrier":null, "double":0, "fy":0, "dir":null, "streetname":"NORTH POINT", "cnn":9691000, "from_st":"TAYLOR ST", "length":0.09, "innovative":null, "date_last_":null, "time_last_":null, "year_insta":2010, "shape_leng":481.11101025, "update_yr":0, "number_":"33", "objectid_1":2048, "notes":null, "sm_sweeper":0, "last_edite":null, "to_st":"JONES ST", "qtr":0, "street_":"North Point St", "date_creat":null, "time_creat":null, "type":"ST", "shape_len":481.111010255, "facility_t":"BIKE LANE", "contraflow":0, "sharrow":0, "objectid":2079, "surface_tr":null, "region":"LINESTRING(-122.41543 37.806343,-122.41708 37.806141)", "name":"BIKE LANE - NORTH POINT", "description":{"Length":0.09, "Type":"ST", "Runs Along":"North Point St", "Start Street":"TAYLOR ST", "End Street":"JONES ST"}}, "geometry":{"type":"LineString", "coordinates":[[-122.415431569702, 37.8063434294806], [-122.417077278551, 37.806141247162]]}}