{"type":"Feature", "properties":{"created_us":null, "direct":"2W", "barrier":null, "double":1, "fy":0, "dir":null, "streetname":"SICKLES", "cnn":11871000, "from_st":"UNNAMED #28", "length":0.07, "innovative":null, "date_last_":null, "time_last_":null, "year_insta":2011, "shape_leng":381.98957801, "update_yr":0, "number_":"90", "objectid_1":4920, "notes":"1", "sm_sweeper":0, "last_edite":null, "to_st":"SAN JOSE AV", "qtr":0, "street_":"Sickles Ave", "date_creat":null, "time_creat":null, "type":"AVE", "shape_len":381.989578001, "facility_t":"BIKE LANE", "contraflow":0, "sharrow":0, "objectid":2441, "surface_tr":null, "region":"LINESTRING(-122.45489 37.710479,-122.45582 37.711223)", "name":"BIKE LANE - SICKLES", "description":{"Length":0.07, "Type":"AVE", "Runs Along":"Sickles Ave", "Start Street":"UNNAMED #28", "End Street":"SAN JOSE AV"}}, "geometry":{"type":"LineString", "coordinates":[[-122.454885125523, 37.7104785535008], [-122.455815738338, 37.7112228534277]]}}