{"type":"Feature", "properties":{"created_us":null, "direct":"2W", "barrier":null, "double":1, "fy":0, "dir":null, "streetname":"OAKDALE", "cnn":9791000, "from_st":"DUNSHEE ST", "length":0.06, "innovative":null, "date_last_":null, "time_last_":null, "year_insta":2000, "shape_leng":293.8044331, "update_yr":0, "number_":"68", "objectid_1":4512, "notes":"1", "sm_sweeper":0, "last_edite":null, "to_st":"QUINT ST", "qtr":0, "street_":"Oakdale Ave", "date_creat":null, "time_creat":null, "type":"AVE", "shape_len":293.804433094, "facility_t":"BIKE LANE", "contraflow":0, "sharrow":0, "objectid":2126, "surface_tr":null, "region":"LINESTRING(-122.39512 37.737314,-122.39594 37.737784)", "name":"BIKE LANE - OAKDALE", "description":{"Length":0.06, "Type":"AVE", "Runs Along":"Oakdale Ave", "Start Street":"DUNSHEE ST", "End Street":"QUINT ST"}}, "geometry":{"type":"LineString", "coordinates":[[-122.395119329464, 37.7373136318989], [-122.395944826611, 37.7377840545238]]}}