{"type":"Feature", "properties":{"created_us":null, "direct":"2W", "barrier":null, "double":0, "fy":0, "dir":null, "streetname":null, "cnn":0, "from_st":null, "length":0.04, "innovative":null, "date_last_":null, "time_last_":null, "year_insta":0, "shape_leng":207.605884, "update_yr":0, "number_":"91", "objectid_1":54, "notes":"Not City Maintained (OTHER PATH)", "sm_sweeper":0, "last_edite":null, "to_st":null, "qtr":0, "street_":null, "date_creat":null, "time_creat":null, "type":null, "shape_len":207.605884, "facility_t":"BIKE PATH", "contraflow":0, "sharrow":0, "objectid":29, "surface_tr":null, "region":"LINESTRING(-122.50338 37.712855,-122.50266 37.712867)", "name":"BIKE PATH - null", "description":{"Length":0.04, "Type":null, "Runs Along":null, "Start Street":null, "End Street":null}}, "geometry":{"type":"LineString", "coordinates":[[-122.503376983678, 37.7128549625583], [-122.502659442207, 37.7128671649047]]}}