{"type":"Feature", "properties":{"created_us":null, "direct":"2W", "barrier":null, "double":0, "fy":0, "dir":null, "streetname":"STEINER", "cnn":12136000, "from_st":"SUTTER ST", "length":0.07, "innovative":null, "date_last_":null, "time_last_":null, "year_insta":2010, "shape_leng":344.5262092, "update_yr":0, "number_":"45", "objectid_1":1192, "notes":null, "sm_sweeper":0, "last_edite":null, "to_st":"BUSH ST", "qtr":0, "street_":"Steiner St", "date_creat":null, "time_creat":null, "type":"ST", "shape_len":344.526209197, "facility_t":"BIKE ROUTE", "contraflow":0, "sharrow":1, "objectid":1205, "surface_tr":null, "region":"LINESTRING(-122.43492 37.785876,-122.43511 37.786811)", "name":"BIKE ROUTE - STEINER", "description":{"Length":0.07, "Type":"ST", "Runs Along":"Steiner St", "Start Street":"SUTTER ST", "End Street":"BUSH ST"}}, "geometry":{"type":"LineString", "coordinates":[[-122.43491766346, 37.7858762091379], [-122.435105768416, 37.7868105416112]]}}