{"type":"Feature", "properties":{"created_us":null, "direct":"2W", "barrier":null, "double":0, "fy":0, "dir":null, "streetname":"KEITH", "cnn":7785000, "from_st":"REVERE AV", "length":0.05, "innovative":null, "date_last_":null, "time_last_":null, "year_insta":2010, "shape_leng":280.0002588, "update_yr":0, "number_":"7", "objectid_1":1095, "notes":null, "sm_sweeper":0, "last_edite":null, "to_st":"SHAFTER AV", "qtr":0, "street_":"Keith St", "date_creat":null, "time_creat":null, "type":"ST", "shape_len":280.0002588, "facility_t":"BIKE ROUTE", "contraflow":0, "sharrow":1, "objectid":1108, "surface_tr":null, "region":"LINESTRING(-122.38829 37.730606,-122.38886 37.72998)", "name":"BIKE ROUTE - KEITH", "description":{"Length":0.05, "Type":"ST", "Runs Along":"Keith St", "Start Street":"REVERE AV", "End Street":"SHAFTER AV"}}, "geometry":{"type":"LineString", "coordinates":[[-122.388292258156, 37.7306061038073], [-122.388855116779, 37.7299804154387]]}}