{"type":"Feature", "properties":{"created_us":null, "direct":"2W", "barrier":null, "double":1, "fy":0, "dir":null, "streetname":"TURK", "cnn":12748000, "from_st":"PARKER AV", "length":0.05, "innovative":null, "date_last_":null, "time_last_":null, "year_insta":2003, "shape_leng":276.65887747, "update_yr":0, "number_":"20", "objectid_1":4426, "notes":"1", "sm_sweeper":0, "last_edite":null, "to_st":"BEAUMONT AV", "qtr":0, "street_":"Turk St", "date_creat":null, "time_creat":null, "type":"ST", "shape_len":276.658877464, "facility_t":"BIKE LANE", "contraflow":0, "sharrow":0, "objectid":2026, "surface_tr":null, "region":"LINESTRING(-122.45338 37.777827,-122.45433 37.777713)", "name":"BIKE LANE - TURK", "description":{"Length":0.05, "Type":"ST", "Runs Along":"Turk St", "Start Street":"PARKER AV", "End Street":"BEAUMONT AV"}}, "geometry":{"type":"LineString", "coordinates":[[-122.453384996068, 37.7778268635613], [-122.454331407427, 37.7777127888084]]}}