{"type":"Feature", "properties":{"created_us":null, "direct":"2W", "barrier":null, "double":0, "fy":0, "dir":null, "streetname":"BAYSHORE", "cnn":2820000, "from_st":"MEADE AV", "length":0.21, "innovative":null, "date_last_":null, "time_last_":null, "year_insta":0, "shape_leng":1103.46182691, "update_yr":0, "number_":"30", "objectid_1":173, "notes":null, "sm_sweeper":0, "last_edite":null, "to_st":"HESTER AV", "qtr":0, "street_":"Bay Shore Blvd", "date_creat":null, "time_creat":null, "type":"BLVD", "shape_len":1103.4618269, "facility_t":"BIKE ROUTE", "contraflow":0, "sharrow":0, "objectid":164, "surface_tr":null, "region":"LINESTRING(-122.39798 37.718178,-122.39817 37.71779,-122.39823 37.717466,-122.39823 37.716623,-122.3983 37.716305,-122.39848 37.715984,-122.39883 37.715451,-122.39899 37.715339)", "name":"BIKE ROUTE - BAYSHORE", "description":{"Length":0.21, "Type":"BLVD", "Runs Along":"Bay Shore Blvd", "Start Street":"MEADE AV", "End Street":"HESTER AV"}}, "geometry":{"type":"LineString", "coordinates":[[-122.397980976779, 37.7181777262885], [-122.398166835194, 37.7177898133458], [-122.398234212462, 37.7174660766487], [-122.398229371364, 37.7166232787295], [-122.398302076807, 37.7163054374584], [-122.398481250117, 37.7159837515023], [-122.39883423508, 37.7154510063038], [-122.398991049266, 37.7153387896173]]}}