{"type":"Feature", "properties":{"created_us":null, "direct":"2W", "barrier":null, "double":0, "fy":0, "dir":null, "streetname":"MCCLAINS", "cnn":8933000, "from_st":"SOUTH DR", "length":0.14, "innovative":null, "date_last_":null, "time_last_":null, "year_insta":0, "shape_leng":761.42108634, "update_yr":0, "number_":"234", "objectid_1":1376, "notes":null, "sm_sweeper":0, "last_edite":null, "to_st":"JOHN F KENNEDY DR", "qtr":0, "street_":"Mcclains Bend", "date_creat":null, "time_creat":null, "type":"BEND", "shape_len":761.42108635, "facility_t":"BIKE ROUTE", "contraflow":0, "sharrow":0, "objectid":1393, "surface_tr":null, "region":"LINESTRING(-122.50412 37.765526,-122.50504 37.765924,-122.50576 37.766301,-122.50608 37.76652,-122.5063 37.766678)", "name":"BIKE ROUTE - MCCLAINS", "description":{"Length":0.14, "Type":"BEND", "Runs Along":"Mcclains Bend", "Start Street":"SOUTH DR", "End Street":"JOHN F KENNEDY DR"}}, "geometry":{"type":"LineString", "coordinates":[[-122.504116888187, 37.7655258743185], [-122.50504223591, 37.7659242911095], [-122.505763616864, 37.7663009326765], [-122.506081903639, 37.7665204772227], [-122.506302009281, 37.7666780657589]]}}