{"type":"Feature", "properties":{"created_us":null, "direct":"2W", "barrier":null, "double":0, "fy":0, "dir":null, "streetname":"ARGUELLO", "cnn":2417000, "from_st":"LAKE ST", "length":0.02, "innovative":null, "date_last_":null, "time_last_":null, "year_insta":2002, "shape_leng":106.02570107, "update_yr":0, "number_":"16", "objectid_1":1998, "notes":null, "sm_sweeper":0, "last_edite":null, "to_st":"SACRAMENTO ST", "qtr":0, "street_":"Arguello Blvd", "date_creat":null, "time_creat":null, "type":"BLVD", "shape_len":106.025701062, "facility_t":"BIKE LANE", "contraflow":0, "sharrow":0, "objectid":2029, "surface_tr":null, "region":"LINESTRING(-122.45928 37.786914,-122.45926 37.786623)", "name":"BIKE LANE - ARGUELLO", "description":{"Length":0.02, "Type":"BLVD", "Runs Along":"Arguello Blvd", "Start Street":"LAKE ST", "End Street":"SACRAMENTO ST"}}, "geometry":{"type":"LineString", "coordinates":[[-122.459279528655, 37.7869138704183], [-122.459255766593, 37.7866232999166]]}}