{"type":"Feature", "properties":{"created_us":null, "direct":"2W", "barrier":null, "double":0, "fy":0, "dir":null, "streetname":"22ND", "cnn":1183000, "from_st":"FLORIDA ST", "length":0.05, "innovative":null, "date_last_":null, "time_last_":null, "year_insta":2010, "shape_leng":260.72198601, "update_yr":0, "number_":"44", "objectid_1":624, "notes":null, "sm_sweeper":0, "last_edite":null, "to_st":"ALABAMA ST", "qtr":0, "street_":"22nd St", "date_creat":null, "time_creat":null, "type":"ST", "shape_len":260.721986008, "facility_t":"BIKE ROUTE", "contraflow":0, "sharrow":1, "objectid":628, "surface_tr":null, "region":"LINESTRING(-122.41037 37.755942,-122.41127 37.755888)", "name":"BIKE ROUTE - 22ND", "description":{"Length":0.05, "Type":"ST", "Runs Along":"22nd St", "Start Street":"FLORIDA ST", "End Street":"ALABAMA ST"}}, "geometry":{"type":"LineString", "coordinates":[[-122.410373353746, 37.7559417725136], [-122.411272619611, 37.7558875685725]]}}