{"type":"Feature", "properties":{"created_us":null, "direct":"2W", "barrier":null, "double":1, "fy":0, "dir":null, "streetname":"BEVERLY", "cnn":2968000, "from_st":"SHIELDS ST", "length":0.12, "innovative":null, "date_last_":null, "time_last_":null, "year_insta":2010, "shape_leng":642.34816476, "update_yr":0, "number_":"90", "objectid_1":2766, "notes":"1", "sm_sweeper":0, "last_edite":null, "to_st":"GARFIELD ST", "qtr":0, "street_":"Beverly St", "date_creat":null, "time_creat":null, "type":"ST", "shape_len":642.34816475, "facility_t":"BIKE ROUTE", "contraflow":0, "sharrow":1, "objectid":254, "surface_tr":null, "region":"LINESTRING(-122.47163 37.717876,-122.47165 37.71964)", "name":"BIKE ROUTE - BEVERLY", "description":{"Length":0.12, "Type":"ST", "Runs Along":"Beverly St", "Start Street":"SHIELDS ST", "End Street":"GARFIELD ST"}}, "geometry":{"type":"LineString", "coordinates":[[-122.47163217932, 37.7178761523893], [-122.471652114139, 37.7196402033013]]}}