{"type":"Feature", "properties":{"created_us":null, "direct":"2W", "barrier":null, "double":1, "fy":0, "dir":null, "streetname":"LAKE MERCED", "cnn":8051101, "from_st":"HIGUERA AV", "length":0.25, "innovative":null, "date_last_":null, "time_last_":null, "year_insta":0, "shape_leng":1323.60764042, "update_yr":0, "number_":"885", "objectid_1":2618, "notes":"1", "sm_sweeper":0, "last_edite":null, "to_st":"BROTHERHOOD WY", "qtr":0, "street_":"Lake Merced Blvd", "date_creat":null, "time_creat":null, "type":"BLVD", "shape_len":1323.60764042, "facility_t":"BIKE PATH", "contraflow":0, "sharrow":0, "objectid":85, "surface_tr":null, "region":"LINESTRING(-122.48508 37.718328,-122.48523 37.714695)", "name":"BIKE PATH - LAKE MERCED", "description":{"Length":0.25, "Type":"BLVD", "Runs Along":"Lake Merced Blvd", "Start Street":"HIGUERA AV", "End Street":"BROTHERHOOD WY"}}, "geometry":{"type":"LineString", "coordinates":[[-122.485075949875, 37.7183275906944], [-122.485228934843, 37.7146945128242]]}}