{"type":"Feature", "properties":{"created_us":null, "direct":"2W", "barrier":null, "double":1, "fy":0, "dir":null, "streetname":"GROVE", "cnn":6557000, "from_st":"GOUGH ST", "length":0.09, "innovative":null, "date_last_":null, "time_last_":null, "year_insta":2009, "shape_leng":481.25203655, "update_yr":0, "number_":"20", "objectid_1":3059, "notes":"1", "sm_sweeper":0, "last_edite":null, "to_st":"OCTAVIA ST", "qtr":0, "street_":"Grove St", "date_creat":null, "time_creat":null, "type":"ST", "shape_len":481.252036548, "facility_t":"BIKE ROUTE", "contraflow":0, "sharrow":1, "objectid":552, "surface_tr":null, "region":"LINESTRING(-122.42317 37.777815,-122.42481 37.777602)", "name":"BIKE ROUTE - GROVE", "description":{"Length":0.09, "Type":"ST", "Runs Along":"Grove St", "Start Street":"GOUGH ST", "End Street":"OCTAVIA ST"}}, "geometry":{"type":"LineString", "coordinates":[[-122.423165552928, 37.7778152460898], [-122.424808876913, 37.7776018620611]]}}