{"type":"Feature", "properties":{"created_us":null, "direct":"2W", "barrier":null, "double":0, "fy":0, "dir":null, "streetname":"COLUMBUS", "cnn":4291000, "from_st":"JACK KEROUAC AL", "length":0.03, "innovative":null, "date_last_":null, "time_last_":null, "year_insta":2005, "shape_leng":169.32464853, "update_yr":0, "number_":"11", "objectid_1":1268, "notes":null, "sm_sweeper":0, "last_edite":null, "to_st":"BROADWAY", "qtr":0, "street_":"Columbus Ave", "date_creat":null, "time_creat":null, "type":"AVE", "shape_len":169.32464853, "facility_t":"BIKE ROUTE", "contraflow":0, "sharrow":0, "objectid":1281, "surface_tr":null, "region":"LINESTRING(-122.40623 37.797559,-122.40667 37.797865)", "name":"BIKE ROUTE - COLUMBUS", "description":{"Length":0.03, "Type":"AVE", "Runs Along":"Columbus Ave", "Start Street":"JACK KEROUAC AL", "End Street":"BROADWAY"}}, "geometry":{"type":"LineString", "coordinates":[[-122.406226437624, 37.7975588102667], [-122.406667931283, 37.7978646127951]]}}