{"type":"Feature", "properties":{"created_us":null, "direct":"2W", "barrier":null, "double":1, "fy":0, "dir":null, "streetname":"7TH", "cnn":372000, "from_st":"FOLSOM ST", "length":0.04, "innovative":null, "date_last_":null, "time_last_":null, "year_insta":2000, "shape_leng":226.22006469, "update_yr":0, "number_":"4", "objectid_1":4518, "notes":"1", "sm_sweeper":0, "last_edite":null, "to_st":"CLEVELAND ST", "qtr":0, "street_":"7th St", "date_creat":null, "time_creat":null, "type":"ST", "shape_len":226.220064695, "facility_t":"BIKE LANE", "contraflow":0, "sharrow":0, "objectid":2132, "surface_tr":null, "region":"LINESTRING(-122.40784 37.776746,-122.40729 37.776306)", "name":"BIKE LANE - 7TH", "description":{"Length":0.04, "Type":"ST", "Runs Along":"7th St", "Start Street":"FOLSOM ST", "End Street":"CLEVELAND ST"}}, "geometry":{"type":"LineString", "coordinates":[[-122.40784206018, 37.776746108754], [-122.407289657959, 37.7763059530091]]}}