{"type":"Feature", "properties":{"created_us":null, "direct":"2W", "barrier":null, "double":1, "fy":0, "dir":null, "streetname":"MARIPOSA", "cnn":8713000, "from_st":"3RD ST", "length":0.05, "innovative":null, "date_last_":null, "time_last_":null, "year_insta":2010, "shape_leng":290.12752692, "update_yr":0, "number_":"23", "objectid_1":4034, "notes":"1", "sm_sweeper":0, "last_edite":null, "to_st":"TENNESSEE ST", "qtr":0, "street_":"Mariposa St", "date_creat":null, "time_creat":null, "type":"ST", "shape_len":290.127526921, "facility_t":"BIKE ROUTE", "contraflow":0, "sharrow":1, "objectid":1558, "surface_tr":null, "region":"LINESTRING(-122.38885 37.764322,-122.38985 37.76426)", "name":"BIKE ROUTE - MARIPOSA", "description":{"Length":0.05, "Type":"ST", "Runs Along":"Mariposa St", "Start Street":"3RD ST", "End Street":"TENNESSEE ST"}}, "geometry":{"type":"LineString", "coordinates":[[-122.38885128347, 37.7643218352034], [-122.389851959979, 37.764260215375]]}}