{"type":"Feature", "properties":{"created_us":null, "direct":"2W", "barrier":null, "double":1, "fy":0, "dir":null, "streetname":"23RD", "cnn":1213000, "from_st":"CLEMENT ST", "length":0.13, "innovative":null, "date_last_":null, "time_last_":null, "year_insta":2010, "shape_leng":704.81162663, "update_yr":0, "number_":"75", "objectid_1":3910, "notes":"1", "sm_sweeper":0, "last_edite":null, "to_st":"GEARY BLVD", "qtr":0, "street_":"23rd Ave", "date_creat":null, "time_creat":null, "type":"AVE", "shape_len":704.81162664, "facility_t":"BIKE ROUTE", "contraflow":0, "sharrow":1, "objectid":1433, "surface_tr":null, "region":"LINESTRING(-122.48274 37.782122,-122.48259 37.780189)", "name":"BIKE ROUTE - 23RD", "description":{"Length":0.13, "Type":"AVE", "Runs Along":"23rd Ave", "Start Street":"CLEMENT ST", "End Street":"GEARY BLVD"}}, "geometry":{"type":"LineString", "coordinates":[[-122.482735196984, 37.7821217587931], [-122.482591528688, 37.7801894714335]]}}