{"type":"Feature", "properties":{"created_us":null, "direct":"2W", "barrier":null, "double":1, "fy":0, "dir":null, "streetname":null, "cnn":0, "from_st":null, "length":0.04, "innovative":null, "date_last_":null, "time_last_":null, "year_insta":0, "shape_leng":198.87940894, "update_yr":0, "number_":"55", "objectid_1":2646, "notes":"1", "sm_sweeper":0, "last_edite":null, "to_st":null, "qtr":0, "street_":null, "date_creat":null, "time_creat":null, "type":null, "shape_len":198.879408941, "facility_t":"BIKE PATH", "contraflow":0, "sharrow":0, "objectid":113, "surface_tr":null, "region":"LINESTRING(-122.44896 37.771669,-122.44909 37.772205)", "name":"BIKE PATH - null", "description":{"Length":0.04, "Type":null, "Runs Along":null, "Start Street":null, "End Street":null}}, "geometry":{"type":"LineString", "coordinates":[[-122.448957994151, 37.7716687395977], [-122.449086377408, 37.7722053386993]]}}