{"type":"Feature", "properties":{"created_us":null, "direct":"2W", "barrier":null, "double":0, "fy":0, "dir":null, "streetname":"VICENTE", "cnn":13261000, "from_st":"35TH AV", "length":0.06, "innovative":null, "date_last_":null, "time_last_":null, "year_insta":2006, "shape_leng":316.3456814, "update_yr":0, "number_":"60", "objectid_1":1037, "notes":null, "sm_sweeper":0, "last_edite":null, "to_st":"36TH AV", "qtr":0, "street_":"Vicente St", "date_creat":null, "time_creat":null, "type":"ST", "shape_len":316.345681399, "facility_t":"BIKE ROUTE", "contraflow":0, "sharrow":0, "objectid":1050, "surface_tr":null, "region":"LINESTRING(-122.49258 37.738568,-122.49367 37.738519)", "name":"BIKE ROUTE - VICENTE", "description":{"Length":0.06, "Type":"ST", "Runs Along":"Vicente St", "Start Street":"35TH AV", "End Street":"36TH AV"}}, "geometry":{"type":"LineString", "coordinates":[[-122.492575848579, 37.7385676276718], [-122.493668151932, 37.738519207751]]}}