{"type":"Feature", "properties":{"created_us":null, "direct":"2W", "barrier":null, "double":0, "fy":0, "dir":null, "streetname":"YORBA", "cnn":13757000, "from_st":"35TH AV", "length":0.03, "innovative":null, "date_last_":null, "time_last_":null, "year_insta":2010, "shape_leng":177.60846393, "update_yr":0, "number_":"85", "objectid_1":391, "notes":null, "sm_sweeper":0, "last_edite":null, "to_st":"ALLEY", "qtr":0, "street_":"Yorba St", "date_creat":null, "time_creat":null, "type":"ST", "shape_len":177.60846392, "facility_t":"BIKE ROUTE", "contraflow":0, "sharrow":1, "objectid":390, "surface_tr":null, "region":"LINESTRING(-122.49233 37.735045,-122.49214 37.735182,-122.49181 37.73528)", "name":"BIKE ROUTE - YORBA", "description":{"Length":0.03, "Type":"ST", "Runs Along":"Yorba St", "Start Street":"35TH AV", "End Street":"ALLEY"}}, "geometry":{"type":"LineString", "coordinates":[[-122.492330945062, 37.7350448259369], [-122.492142715791, 37.7351818470883], [-122.491805730574, 37.735279805981]]}}