{"type":"Feature", "properties":{"created_us":null, "direct":"2W", "barrier":null, "double":0, "fy":0, "dir":null, "streetname":"ARGUELLO", "cnn":2413000, "from_st":"PRESIDIO RD", "length":0.03, "innovative":null, "date_last_":null, "time_last_":null, "year_insta":0, "shape_leng":149.2972767, "update_yr":0, "number_":"65", "objectid_1":808, "notes":null, "sm_sweeper":0, "last_edite":null, "to_st":"JACKSON ST", "qtr":0, "street_":"Arguello Blvd", "date_creat":null, "time_creat":null, "type":"BLVD", "shape_len":149.297276699, "facility_t":"BIKE ROUTE", "contraflow":0, "sharrow":0, "objectid":816, "surface_tr":null, "region":"LINESTRING(-122.45948 37.789711,-122.45945 37.789301)", "name":"BIKE ROUTE - ARGUELLO", "description":{"Length":0.03, "Type":"BLVD", "Runs Along":"Arguello Blvd", "Start Street":"PRESIDIO RD", "End Street":"JACKSON ST"}}, "geometry":{"type":"LineString", "coordinates":[[-122.459475649928, 37.789710559203], [-122.459452536942, 37.7893009499517]]}}