{"type":"Feature", "properties":{"created_us":null, "direct":"2W", "barrier":null, "double":1, "fy":0, "dir":null, "streetname":"SUTTER", "cnn":12323000, "from_st":"POWELL ST", "length":0.09, "innovative":null, "date_last_":null, "time_last_":null, "year_insta":2010, "shape_leng":482.1016675, "update_yr":0, "number_":"16", "objectid_1":2987, "notes":"1", "sm_sweeper":0, "last_edite":null, "to_st":"MASON ST", "qtr":0, "street_":"Sutter St", "date_creat":null, "time_creat":null, "type":"ST", "shape_len":482.101667497, "facility_t":"BIKE ROUTE", "contraflow":0, "sharrow":1, "objectid":480, "surface_tr":null, "region":"LINESTRING(-122.4086 37.789226,-122.41024 37.789016)", "name":"BIKE ROUTE - SUTTER", "description":{"Length":0.09, "Type":"ST", "Runs Along":"Sutter St", "Start Street":"POWELL ST", "End Street":"MASON ST"}}, "geometry":{"type":"LineString", "coordinates":[[-122.408595045831, 37.7892256145656], [-122.410242438219, 37.7890163373445]]}}