{"type":"Feature", "properties":{"created_us":null, "direct":"2W", "barrier":null, "double":1, "fy":0, "dir":null, "streetname":"FRONT", "cnn":5872000, "from_st":"JACKSON ST", "length":0.06, "innovative":null, "date_last_":null, "time_last_":null, "year_insta":1971, "shape_leng":324.60897728, "update_yr":0, "number_":"F", "objectid_1":4848, "notes":"1", "sm_sweeper":0, "last_edite":null, "to_st":"PACIFIC ST", "qtr":0, "street_":"Front St", "date_creat":null, "time_creat":null, "type":"ST", "shape_len":324.608977266, "facility_t":"BIKE LANE", "contraflow":0, "sharrow":0, "objectid":2532, "surface_tr":null, "region":"LINESTRING(-122.39951 37.796926,-122.39969 37.797807)", "name":"BIKE LANE - FRONT", "description":{"Length":0.06, "Type":"ST", "Runs Along":"Front St", "Start Street":"JACKSON ST", "End Street":"PACIFIC ST"}}, "geometry":{"type":"LineString", "coordinates":[[-122.399507499322, 37.7969264302841], [-122.399685663969, 37.7978066313594]]}}