{"type":"Feature", "properties":{"created_us":null, "direct":"2W", "barrier":null, "double":1, "fy":0, "dir":null, "streetname":"16TH", "cnn":729000, "from_st":"JULIANA AVE", "length":0.02, "innovative":null, "date_last_":null, "time_last_":null, "year_insta":2011, "shape_leng":98.07856969, "update_yr":0, "number_":"40", "objectid_1":2671, "notes":"1", "sm_sweeper":0, "last_edite":null, "to_st":"RONDEL PL", "qtr":0, "street_":"16th St", "date_creat":null, "time_creat":null, "type":"ST", "shape_len":98.0785696864, "facility_t":"BIKE ROUTE", "contraflow":0, "sharrow":1, "objectid":140, "surface_tr":null, "region":"LINESTRING(-122.4209 37.764977,-122.42124 37.764956)", "name":"BIKE ROUTE - 16TH", "description":{"Length":0.02, "Type":"ST", "Runs Along":"16th St", "Start Street":"JULIANA AVE", "End Street":"RONDEL PL"}}, "geometry":{"type":"LineString", "coordinates":[[-122.420901270844, 37.7649768987613], [-122.421239593825, 37.7649564595948]]}}