{"type":"Feature", "properties":{"created_us":null, "direct":"2W", "barrier":null, "double":1, "fy":0, "dir":null, "streetname":"PAUL", "cnn":10306000, "from_st":"3RD ST", "length":0.06, "innovative":null, "date_last_":null, "time_last_":null, "year_insta":2012, "shape_leng":300.52596012, "update_yr":0, "number_":"5", "objectid_1":3558, "notes":"1", "sm_sweeper":0, "last_edite":null, "to_st":"CARR ST", "qtr":0, "street_":"Paul Ave", "date_creat":null, "time_creat":null, "type":"AVE", "shape_len":300.525960115, "facility_t":"BIKE ROUTE", "contraflow":0, "sharrow":1, "objectid":1071, "surface_tr":null, "region":"LINESTRING(-122.39562 37.722432,-122.39582 37.722433,-122.39663 37.722626)", "name":"BIKE ROUTE - PAUL", "description":{"Length":0.06, "Type":"AVE", "Runs Along":"Paul Ave", "Start Street":"3RD ST", "End Street":"CARR ST"}}, "geometry":{"type":"LineString", "coordinates":[[-122.395622760549, 37.7224316040575], [-122.395815866193, 37.7224332838], [-122.396626201071, 37.7226262150023]]}}