{"type":"Feature", "properties":{"created_us":null, "direct":"2W", "barrier":null, "double":1, "fy":0, "dir":"E", "streetname":"JOHN F KENNEDY", "cnn":7532000, "from_st":"CONSERVATORY EAST DR", "length":0.08, "innovative":"BUFFERED BIKE LANE", "date_last_":null, "time_last_":null, "year_insta":2012, "shape_leng":397.91774444, "update_yr":0, "number_":"30", "objectid_1":3857, "notes":"1", "sm_sweeper":0, "last_edite":null, "to_st":"CONSEVATORY ACCESS  RD", "qtr":0, "street_":"John F Kennedy Dr", "date_creat":null, "time_creat":null, "type":"DR", "shape_len":397.917744438, "facility_t":"BIKE LANE", "contraflow":0, "sharrow":0, "objectid":1380, "surface_tr":null, "region":"LINESTRING(-122.45684 37.770992,-122.45787 37.771124,-122.4582 37.77117)", "name":"BIKE LANE - JOHN F KENNEDY", "description":{"Length":0.08, "Type":"DR", "Runs Along":"John F Kennedy Dr", "Start Street":"CONSERVATORY EAST DR", "End Street":"CONSEVATORY ACCESS  RD"}}, "geometry":{"type":"LineString", "coordinates":[[-122.45683889132, 37.7709924056913], [-122.457872336337, 37.7711240784195], [-122.458197225244, 37.7711701409173]]}}