{"type":"Feature", "properties":{"created_us":null, "direct":"2W", "barrier":null, "double":0, "fy":0, "dir":null, "streetname":"CLIPPER", "cnn":4213000, "from_st":"SANCHEZ ST", "length":0.12, "innovative":null, "date_last_":null, "time_last_":null, "year_insta":2010, "shape_leng":642.66699789, "update_yr":0, "number_":"60", "objectid_1":1284, "notes":null, "sm_sweeper":0, "last_edite":null, "to_st":"NOE ST", "qtr":0, "street_":"Clipper St", "date_creat":null, "time_creat":null, "type":"ST", "shape_len":642.666997882, "facility_t":"BIKE ROUTE", "contraflow":0, "sharrow":1, "objectid":1298, "surface_tr":null, "region":"LINESTRING(-122.42942 37.749158,-122.43164 37.749028)", "name":"BIKE ROUTE - CLIPPER", "description":{"Length":0.12, "Type":"ST", "Runs Along":"Clipper St", "Start Street":"SANCHEZ ST", "End Street":"NOE ST"}}, "geometry":{"type":"LineString", "coordinates":[[-122.429422762134, 37.7491578530351], [-122.431639579252, 37.7490282143408]]}}