{"type":"Feature", "properties":{"created_us":null, "direct":"2W", "barrier":null, "double":0, "fy":0, "dir":"E", "streetname":"EL CAMINO DEL MAR", "cnn":5123000, "from_st":"27TH AV", "length":0.06, "innovative":null, "date_last_":null, "time_last_":null, "year_insta":1997, "shape_leng":297.30623655, "update_yr":0, "number_":"10", "objectid_1":2305, "notes":null, "sm_sweeper":0, "last_edite":null, "to_st":"28TH AV", "qtr":0, "street_":"El Camino Del Mar", "date_creat":null, "time_creat":null, "type":null, "shape_len":297.306236542, "facility_t":"BIKE LANE", "contraflow":0, "sharrow":0, "objectid":2337, "surface_tr":null, "region":"LINESTRING(-122.48742 37.787512,-122.4878 37.787491,-122.48811 37.787527,-122.48843 37.787616)", "name":"BIKE LANE - EL CAMINO DEL MAR", "description":{"Length":0.06, "Type":null, "Runs Along":"El Camino Del Mar", "Start Street":"27TH AV", "End Street":"28TH AV"}}, "geometry":{"type":"LineString", "coordinates":[[-122.487421758938, 37.7875121476209], [-122.487804515769, 37.7874909195387], [-122.488114899866, 37.7875272202803], [-122.488426697982, 37.7876163588595]]}}