{"type":"Feature", "properties":{"created_us":null, "direct":"2W", "barrier":null, "double":1, "fy":0, "dir":null, "streetname":"8TH", "cnn":416000, "from_st":"BRYANT ST", "length":0.12, "innovative":null, "date_last_":null, "time_last_":null, "year_insta":1999, "shape_leng":632.13889595, "update_yr":0, "number_":"23", "objectid_1":4268, "notes":"1", "sm_sweeper":0, "last_edite":null, "to_st":"BRANNAN ST", "qtr":0, "street_":"8th St", "date_creat":null, "time_creat":null, "type":"ST", "shape_len":632.138895951, "facility_t":"BIKE LANE", "contraflow":0, "sharrow":0, "objectid":1841, "surface_tr":null, "region":"LINESTRING(-122.40697 37.772526,-122.40542 37.771296)", "name":"BIKE LANE - 8TH", "description":{"Length":0.12, "Type":"ST", "Runs Along":"8th St", "Start Street":"BRYANT ST", "End Street":"BRANNAN ST"}}, "geometry":{"type":"LineString", "coordinates":[[-122.406968289771, 37.772526269965], [-122.405424734567, 37.771296352761]]}}