{"type":"Feature", "properties":{"created_us":null, "direct":"2W", "barrier":null, "double":1, "fy":0, "dir":null, "streetname":"STOCKTON", "cnn":12209000, "from_st":"STARK ST", "length":0.02, "innovative":null, "date_last_":null, "time_last_":null, "year_insta":0, "shape_leng":110.78576877, "update_yr":0, "number_":"17", "objectid_1":3758, "notes":"1", "sm_sweeper":0, "last_edite":null, "to_st":"BROADWAY", "qtr":0, "street_":"Stockton St", "date_creat":null, "time_creat":null, "type":"ST", "shape_len":110.785768768, "facility_t":"BIKE ROUTE", "contraflow":0, "sharrow":0, "objectid":1271, "surface_tr":null, "region":"LINESTRING(-122.40856 37.797327,-122.40862 37.797628)", "name":"BIKE ROUTE - STOCKTON", "description":{"Length":0.02, "Type":"ST", "Runs Along":"Stockton St", "Start Street":"STARK ST", "End Street":"BROADWAY"}}, "geometry":{"type":"LineString", "coordinates":[[-122.408557722816, 37.7973271988885], [-122.40861884573, 37.7976275621151]]}}