{"type":"Feature", "properties":{"created_us":null, "direct":"2W", "barrier":null, "double":0, "fy":0, "dir":null, "streetname":"SLOAT", "cnn":11953102, "from_st":"24TH AV", "length":0.05, "innovative":"BUFFERED BIKE LANE", "date_last_":null, "time_last_":null, "year_insta":2011, "shape_leng":260.30470051, "update_yr":2012, "number_":"50", "objectid_1":403, "notes":"Buffered in 2012", "sm_sweeper":0, "last_edite":null, "to_st":"25TH AV", "qtr":0, "street_":"Sloat Blvd", "date_creat":null, "time_creat":null, "type":"BLVD", "shape_len":260.304700501, "facility_t":"BIKE LANE", "contraflow":0, "sharrow":0, "objectid":403, "surface_tr":null, "region":"LINESTRING(-122.48025 37.734505,-122.48115 37.734463)", "name":"BIKE LANE - SLOAT", "description":{"Length":0.05, "Type":"BLVD", "Runs Along":"Sloat Blvd", "Start Street":"24TH AV", "End Street":"25TH AV"}}, "geometry":{"type":"LineString", "coordinates":[[-122.480249627408, 37.734504646127], [-122.481148217939, 37.734462575601]]}}