{"type":"Feature", "properties":{"created_us":null, "direct":"2W", "barrier":null, "double":0, "fy":0, "dir":null, "streetname":"POST", "cnn":10652000, "from_st":"DIVISADERO ST", "length":0.03, "innovative":null, "date_last_":null, "time_last_":null, "year_insta":2000, "shape_leng":136.52699408, "update_yr":0, "number_":"16", "objectid_1":2000, "notes":null, "sm_sweeper":0, "last_edite":null, "to_st":"ERKSON CT", "qtr":0, "street_":"Post St", "date_creat":null, "time_creat":null, "type":"ST", "shape_len":136.526994092, "facility_t":"BIKE LANE", "contraflow":0, "sharrow":0, "objectid":2031, "surface_tr":null, "region":"LINESTRING(-122.43968 37.784319,-122.44015 37.784259)", "name":"BIKE LANE - POST", "description":{"Length":0.03, "Type":"ST", "Runs Along":"Post St", "Start Street":"DIVISADERO ST", "End Street":"ERKSON CT"}}, "geometry":{"type":"LineString", "coordinates":[[-122.439684678676, 37.7843186737433], [-122.44015113512, 37.7842592083284]]}}