{"type":"Feature", "properties":{"created_us":null, "direct":"2W", "barrier":null, "double":0, "fy":0, "dir":null, "streetname":"CORBETT", "cnn":4387000, "from_st":"GRAYSTONE TERR", "length":0.01, "innovative":null, "date_last_":null, "time_last_":null, "year_insta":2010, "shape_leng":75.42281261, "update_yr":0, "number_":"50", "objectid_1":1345, "notes":null, "sm_sweeper":0, "last_edite":null, "to_st":"GLENDALE ST", "qtr":0, "street_":"Corbett Ave", "date_creat":null, "time_creat":null, "type":"AVE", "shape_len":75.4228126039, "facility_t":"BIKE ROUTE", "contraflow":0, "sharrow":1, "objectid":1361, "surface_tr":null, "region":"LINESTRING(-122.44328 37.756234,-122.44319 37.756039)", "name":"BIKE ROUTE - CORBETT", "description":{"Length":0.01, "Type":"AVE", "Runs Along":"Corbett Ave", "Start Street":"GRAYSTONE TERR", "End Street":"GLENDALE ST"}}, "geometry":{"type":"LineString", "coordinates":[[-122.44327613334, 37.7562337723994], [-122.443188018616, 37.7560388068786]]}}