{"type":"Feature", "properties":{"created_us":null, "direct":"2W", "barrier":null, "double":1, "fy":0, "dir":null, "streetname":"PACIFIC", "cnn":10133000, "from_st":"KEYES AL", "length":0.02, "innovative":null, "date_last_":null, "time_last_":null, "year_insta":2010, "shape_leng":111.66643623, "update_yr":0, "number_":"10", "objectid_1":3101, "notes":"1", "sm_sweeper":0, "last_edite":null, "to_st":"WAYNE PL", "qtr":0, "street_":"Pacific Ave", "date_creat":null, "time_creat":null, "type":"AVE", "shape_len":111.66643623, "facility_t":"BIKE ROUTE", "contraflow":0, "sharrow":1, "objectid":594, "surface_tr":null, "region":"LINESTRING(-122.41051 37.796443,-122.41089 37.796395)", "name":"BIKE ROUTE - PACIFIC", "description":{"Length":0.02, "Type":"AVE", "Runs Along":"Pacific Ave", "Start Street":"KEYES AL", "End Street":"WAYNE PL"}}, "geometry":{"type":"LineString", "coordinates":[[-122.410510611991, 37.7964427494322], [-122.410892318545, 37.7963947392696]]}}