{"type":"Feature", "properties":{"created_us":null, "direct":"2W", "barrier":null, "double":1, "fy":0, "dir":null, "streetname":"PORTOLA", "cnn":10615101, "from_st":"O SHAUGHNESSY BLVD", "length":0.04, "innovative":null, "date_last_":null, "time_last_":null, "year_insta":2011, "shape_leng":230.39661931, "update_yr":0, "number_":"50", "objectid_1":3154, "notes":"1", "sm_sweeper":0, "last_edite":null, "to_st":"TERESITA BLVD", "qtr":0, "street_":"Portola Dr", "date_creat":null, "time_creat":null, "type":"DR", "shape_len":230.396619303, "facility_t":"BIKE LANE", "contraflow":0, "sharrow":0, "objectid":655, "surface_tr":null, "region":"LINESTRING(-122.45162 37.745534,-122.45184 37.74546,-122.45232 37.745227)", "name":"BIKE LANE - PORTOLA", "description":{"Length":0.04, "Type":"DR", "Runs Along":"Portola Dr", "Start Street":"O SHAUGHNESSY BLVD", "End Street":"TERESITA BLVD"}}, "geometry":{"type":"LineString", "coordinates":[[-122.451623987049, 37.7455342374347], [-122.451843596134, 37.7454598761838], [-122.452318252084, 37.7452267663775]]}}