{"type":"Feature", "properties":{"created_us":null, "direct":"2W", "barrier":null, "double":1, "fy":0, "dir":null, "streetname":"SKYLINE", "cnn":11940000, "from_st":"ZOO RD", "length":0.27, "innovative":null, "date_last_":null, "time_last_":null, "year_insta":0, "shape_leng":1405.50092, "update_yr":0, "number_":"84", "objectid_1":3366, "notes":"1", "sm_sweeper":0, "last_edite":null, "to_st":"ZOO RD", "qtr":0, "street_":"Skyline Blvd", "date_creat":null, "time_creat":null, "type":"BLVD", "shape_len":1405.50092, "facility_t":"BIKE ROUTE", "contraflow":0, "sharrow":0, "objectid":874, "surface_tr":null, "region":"LINESTRING(-122.50177 37.728394,-122.50149 37.728875,-122.5009 37.729688,-122.49934 37.731199,-122.49906 37.731576)", "name":"BIKE ROUTE - SKYLINE", "description":{"Length":0.27, "Type":"BLVD", "Runs Along":"Skyline Blvd", "Start Street":"ZOO RD", "End Street":"ZOO RD"}}, "geometry":{"type":"LineString", "coordinates":[[-122.501770499457, 37.728394037669], [-122.501492800177, 37.7288746273501], [-122.500896700636, 37.729687526941], [-122.499344530081, 37.731198779149], [-122.499058976479, 37.7315760703134]]}}