{"type":"Feature", "properties":{"created_us":null, "direct":"2W", "barrier":null, "double":0, "fy":0, "dir":null, "streetname":"ARGUELLO", "cnn":19010000, "from_st":"MORAGA AV", "length":0.03, "innovative":null, "date_last_":null, "time_last_":null, "year_insta":0, "shape_leng":184.30549627, "update_yr":0, "number_":"61", "objectid_1":768, "notes":"PRESIDIO", "sm_sweeper":0, "last_edite":null, "to_st":"HARDIE AV", "qtr":0, "street_":"Arguello Blvd", "date_creat":null, "time_creat":null, "type":"BLVD", "shape_len":184.305496264, "facility_t":"BIKE ROUTE", "contraflow":0, "sharrow":0, "objectid":775, "surface_tr":null, "region":"LINESTRING(-122.45945 37.798001,-122.45959 37.797734,-122.45966 37.797522)", "name":"BIKE ROUTE - ARGUELLO", "description":{"Length":0.03, "Type":"BLVD", "Runs Along":"Arguello Blvd", "Start Street":"MORAGA AV", "End Street":"HARDIE AV"}}, "geometry":{"type":"LineString", "coordinates":[[-122.459452891785, 37.7980012509374], [-122.459588537289, 37.7977335907526], [-122.459655258644, 37.7975224558784]]}}