{"type":"Feature", "properties":{"created_us":null, "direct":"2W", "barrier":null, "double":0, "fy":0, "dir":null, "streetname":"WEDEMEYER", "cnn":19913000, "from_st":"UNNAMED #151", "length":0.08, "innovative":null, "date_last_":null, "time_last_":null, "year_insta":0, "shape_leng":434.03599081, "update_yr":0, "number_":"69", "objectid_1":1434, "notes":"PRESIDIO", "sm_sweeper":0, "last_edite":null, "to_st":"HAYS ST", "qtr":0, "street_":"Wedemeyer St", "date_creat":null, "time_creat":null, "type":"ST", "shape_len":434.035990817, "facility_t":"BIKE ROUTE", "contraflow":0, "sharrow":0, "objectid":1451, "surface_tr":null, "region":"LINESTRING(-122.47556 37.788625,-122.4756 37.788845,-122.47569 37.789812)", "name":"BIKE ROUTE - WEDEMEYER", "description":{"Length":0.08, "Type":"ST", "Runs Along":"Wedemeyer St", "Start Street":"UNNAMED #151", "End Street":"HAYS ST"}}, "geometry":{"type":"LineString", "coordinates":[[-122.47555676866, 37.7886249206029], [-122.475596630599, 37.7888446503045], [-122.47568612152, 37.7898120582533]]}}