{"type":"Feature", "properties":{"created_us":null, "direct":"2W", "barrier":null, "double":1, "fy":0, "dir":null, "streetname":"DIVISION", "cnn":4842000, "from_st":"VERMONT ST", "length":0.05, "innovative":null, "date_last_":null, "time_last_":null, "year_insta":2000, "shape_leng":275.0437171, "update_yr":0, "number_":"45", "objectid_1":4304, "notes":"1", "sm_sweeper":0, "last_edite":null, "to_st":"SAN BRUNO AV", "qtr":0, "street_":"Division St", "date_creat":null, "time_creat":null, "type":"ST", "shape_len":275.043717089, "facility_t":"BIKE LANE", "contraflow":0, "sharrow":0, "objectid":1884, "surface_tr":null, "region":"LINESTRING(-122.40499 37.769715,-122.40594 37.769659)", "name":"BIKE LANE - DIVISION", "description":{"Length":0.05, "Type":"ST", "Runs Along":"Division St", "Start Street":"VERMONT ST", "End Street":"SAN BRUNO AV"}}, "geometry":{"type":"LineString", "coordinates":[[-122.404990205903, 37.7697145063261], [-122.405939204057, 37.7696590105233]]}}