{"type":"Feature", "properties":{"created_us":null, "direct":"2W", "barrier":null, "double":1, "fy":0, "dir":null, "streetname":"7TH", "cnn":371000, "from_st":"HOWARD ST", "length":0.12, "innovative":null, "date_last_":null, "time_last_":null, "year_insta":2001, "shape_leng":632.67345645, "update_yr":0, "number_":"23", "objectid_1":4252, "notes":"1", "sm_sweeper":0, "last_edite":null, "to_st":"FOLSOM ST", "qtr":0, "street_":"7th St", "date_creat":null, "time_creat":null, "type":"ST", "shape_len":632.673456447, "facility_t":"BIKE LANE", "contraflow":0, "sharrow":0, "objectid":1816, "surface_tr":null, "region":"LINESTRING(-122.40939 37.777977,-122.40784 37.776746)", "name":"BIKE LANE - 7TH", "description":{"Length":0.12, "Type":"ST", "Runs Along":"7th St", "Start Street":"HOWARD ST", "End Street":"FOLSOM ST"}}, "geometry":{"type":"LineString", "coordinates":[[-122.409387006014, 37.7779770869808], [-122.40784206018, 37.776746108754]]}}