{"type":"Feature", "properties":{"created_us":null, "direct":"2W", "barrier":null, "double":0, "fy":0, "dir":null, "streetname":"11TH", "cnn":513000, "from_st":"KISSLING ST", "length":0.05, "innovative":"GREEN WAVE", "date_last_":null, "time_last_":null, "year_insta":2002, "shape_leng":251.11855592, "update_yr":0, "number_":"25", "objectid_1":1881, "notes":null, "sm_sweeper":0, "last_edite":null, "to_st":"BURNS PL", "qtr":0, "street_":"11th St", "date_creat":null, "time_creat":null, "type":"ST", "shape_len":251.118555909, "facility_t":"BIKE LANE", "contraflow":0, "sharrow":0, "objectid":1912, "surface_tr":null, "region":"LINESTRING(-122.415 37.772649,-122.41439 37.772158)", "name":"BIKE LANE - 11TH", "description":{"Length":0.05, "Type":"ST", "Runs Along":"11th St", "Start Street":"KISSLING ST", "End Street":"BURNS PL"}}, "geometry":{"type":"LineString", "coordinates":[[-122.41500165322, 37.7726494739988], [-122.414391993536, 37.7721581151282]]}}