{"type":"Feature", "properties":{"created_us":null, "direct":"2W", "barrier":null, "double":0, "fy":0, "dir":null, "streetname":"EVANS", "cnn":5332101, "from_st":"MENDELL ST", "length":0.12, "innovative":null, "date_last_":null, "time_last_":null, "year_insta":2003, "shape_leng":657.85622551, "update_yr":0, "number_":"70", "objectid_1":2093, "notes":null, "sm_sweeper":0, "last_edite":null, "to_st":"NEWHALL ST", "qtr":0, "street_":"Evans Ave", "date_creat":null, "time_creat":null, "type":"AVE", "shape_len":657.856225508, "facility_t":"BIKE LANE", "contraflow":0, "sharrow":0, "objectid":2124, "surface_tr":null, "region":"LINESTRING(-122.38471 37.740898,-122.38655 37.74195)", "name":"BIKE LANE - EVANS", "description":{"Length":0.12, "Type":"AVE", "Runs Along":"Evans Ave", "Start Street":"MENDELL ST", "End Street":"NEWHALL ST"}}, "geometry":{"type":"LineString", "coordinates":[[-122.38470554033, 37.7408975166153], [-122.386554542131, 37.7419502411461]]}}