{"type":"Feature", "properties":{"created_us":null, "direct":"2W", "barrier":null, "double":1, "fy":0, "dir":null, "streetname":"PALOU", "cnn":10219000, "from_st":"INGALLS ST", "length":0.12, "innovative":null, "date_last_":null, "time_last_":null, "year_insta":2010, "shape_leng":659.63626665, "update_yr":0, "number_":"70", "objectid_1":3598, "notes":"1", "sm_sweeper":0, "last_edite":null, "to_st":"JENNINGS ST", "qtr":0, "street_":"Palou Ave", "date_creat":null, "time_creat":null, "type":"AVE", "shape_len":659.636266659, "facility_t":"BIKE ROUTE", "contraflow":0, "sharrow":1, "objectid":1111, "surface_tr":null, "region":"LINESTRING(-122.38343 37.729738,-122.38529 37.730791)", "name":"BIKE ROUTE - PALOU", "description":{"Length":0.12, "Type":"AVE", "Runs Along":"Palou Ave", "Start Street":"INGALLS ST", "End Street":"JENNINGS ST"}}, "geometry":{"type":"LineString", "coordinates":[[-122.383431183816, 37.729737552972], [-122.385286994944, 37.7307908147988]]}}