{"type":"Feature", "properties":{"created_us":null, "direct":"2W", "barrier":null, "double":1, "fy":0, "dir":null, "streetname":"POLK", "cnn":10552000, "from_st":"GOLDEN GATE AV", "length":0.03, "innovative":null, "date_last_":null, "time_last_":null, "year_insta":2000, "shape_leng":172.87592348, "update_yr":0, "number_":"25", "objectid_1":4538, "notes":"1", "sm_sweeper":0, "last_edite":null, "to_st":"ELM ST", "qtr":0, "street_":"Polk St", "date_creat":null, "time_creat":null, "type":"ST", "shape_len":172.875923487, "facility_t":"BIKE LANE", "contraflow":0, "sharrow":0, "objectid":2155, "surface_tr":null, "region":"LINESTRING(-122.41881 37.781236,-122.4189 37.781705)", "name":"BIKE LANE - POLK", "description":{"Length":0.03, "Type":"ST", "Runs Along":"Polk St", "Start Street":"GOLDEN GATE AV", "End Street":"ELM ST"}}, "geometry":{"type":"LineString", "coordinates":[[-122.418808450491, 37.7812357669406], [-122.418901310077, 37.7817047868375]]}}