{"type":"Feature", "properties":{"created_us":null, "direct":"2W", "barrier":null, "double":0, "fy":0, "dir":null, "streetname":"7TH", "cnn":373000, "from_st":"CLEVELAND ST", "length":0.08, "innovative":null, "date_last_":null, "time_last_":null, "year_insta":1999, "shape_leng":406.94486225, "update_yr":0, "number_":"30", "objectid_1":1766, "notes":null, "sm_sweeper":0, "last_edite":null, "to_st":"HARRISON ST", "qtr":0, "street_":"7th St", "date_creat":null, "time_creat":null, "type":"ST", "shape_len":406.94486225, "facility_t":"BIKE LANE", "contraflow":0, "sharrow":0, "objectid":1797, "surface_tr":null, "region":"LINESTRING(-122.40729 37.776306,-122.4063 37.775514)", "name":"BIKE LANE - 7TH", "description":{"Length":0.08, "Type":"ST", "Runs Along":"7th St", "Start Street":"CLEVELAND ST", "End Street":"HARRISON ST"}}, "geometry":{"type":"LineString", "coordinates":[[-122.407289657959, 37.7763059530091], [-122.406295964751, 37.7755141543177]]}}