{"type":"Feature", "properties":{"created_us":null, "direct":"2W", "barrier":null, "double":1, "fy":0, "dir":null, "streetname":"25TH", "cnn":1372000, "from_st":"EL CAMINO DEL MAR", "length":0.13, "innovative":null, "date_last_":null, "time_last_":null, "year_insta":2000, "shape_leng":680.51684927, "update_yr":0, "number_":"90", "objectid_1":4198, "notes":"1", "sm_sweeper":0, "last_edite":null, "to_st":"LAKE ST", "qtr":0, "street_":"25th Ave", "date_creat":null, "time_creat":null, "type":"AVE", "shape_len":680.516849271, "facility_t":"BIKE LANE", "contraflow":0, "sharrow":0, "objectid":1740, "surface_tr":null, "region":"LINESTRING(-122.48528 37.787612,-122.48515 37.785746)", "name":"BIKE LANE - 25TH", "description":{"Length":0.13, "Type":"AVE", "Runs Along":"25th Ave", "Start Street":"EL CAMINO DEL MAR", "End Street":"LAKE ST"}}, "geometry":{"type":"LineString", "coordinates":[[-122.485283461646, 37.7876118380847], [-122.485147939522, 37.7857460099829]]}}