{"type":"Feature", "properties":{"created_us":null, "direct":"2W", "barrier":null, "double":0, "fy":0, "dir":null, "streetname":"MASON", "cnn":19521000, "from_st":"ZANOWIZ ST", "length":0.04, "innovative":null, "date_last_":null, "time_last_":null, "year_insta":0, "shape_leng":215.92007814, "update_yr":0, "number_":"2", "objectid_1":74, "notes":"PRESIDIO", "sm_sweeper":0, "last_edite":null, "to_st":"UNNAMED #63", "qtr":0, "street_":"Mason St", "date_creat":null, "time_creat":null, "type":"ST", "shape_len":215.920078152, "facility_t":"BIKE PATH", "contraflow":0, "sharrow":0, "objectid":55, "surface_tr":null, "region":"LINESTRING(-122.45166 37.80455,-122.45092 37.804643)", "name":"BIKE PATH - MASON", "description":{"Length":0.04, "Type":"ST", "Runs Along":"Mason St", "Start Street":"ZANOWIZ ST", "End Street":"UNNAMED #63"}}, "geometry":{"type":"LineString", "coordinates":[[-122.451658524116, 37.8045502438046], [-122.45092029627, 37.8046427136803]]}}