{"type":"Feature", "properties":{"created_us":null, "direct":"2W", "barrier":null, "double":0, "fy":0, "dir":null, "streetname":"KING", "cnn":7831201, "from_st":"THE EMBARCADERO", "length":0.16, "innovative":null, "date_last_":null, "time_last_":null, "year_insta":2006, "shape_leng":837.63197088, "update_yr":0, "number_":"60", "objectid_1":2327, "notes":null, "sm_sweeper":0, "last_edite":null, "to_st":"2ND ST", "qtr":0, "street_":"King St", "date_creat":null, "time_creat":null, "type":"ST", "shape_len":837.631970877, "facility_t":"BIKE LANE", "contraflow":0, "sharrow":0, "objectid":2360, "surface_tr":null, "region":"LINESTRING(-122.3883 37.781802,-122.3883 37.781523,-122.38835 37.781219,-122.38843 37.780991,-122.38857 37.780746,-122.38869 37.780565,-122.38887 37.780392,-122.38959 37.779861)", "name":"BIKE LANE - KING", "description":{"Length":0.16, "Type":"ST", "Runs Along":"King St", "Start Street":"THE EMBARCADERO", "End Street":"2ND ST"}}, "geometry":{"type":"LineString", "coordinates":[[-122.38829761736, 37.7818018387221], [-122.388300551661, 37.7815227320074], [-122.388353026092, 37.7812193453625], [-122.388427478197, 37.7809912425143], [-122.388566700723, 37.7807461785796], [-122.38868748819, 37.7805651037325], [-122.388873992142, 37.7803921429902], [-122.389590695839, 37.7798612858348]]}}