{"type":"Feature", "properties":{"created_us":null, "direct":"2W", "barrier":null, "double":0, "fy":0, "dir":null, "streetname":"BOSWORTH", "cnn":3024000, "from_st":"ROTTECK ST", "length":0.06, "innovative":null, "date_last_":null, "time_last_":null, "year_insta":2010, "shape_leng":303.62129738, "update_yr":0, "number_":"45", "objectid_1":2432, "notes":null, "sm_sweeper":0, "last_edite":null, "to_st":"LYELL ST", "qtr":0, "street_":"Bosworth St", "date_creat":null, "time_creat":null, "type":"ST", "shape_len":303.621297381, "facility_t":"BIKE LANE", "contraflow":0, "sharrow":0, "objectid":2469, "surface_tr":null, "region":"LINESTRING(-122.43112 37.73318,-122.4317 37.733012,-122.43196 37.732994,-122.43212 37.732938)", "name":"BIKE LANE - BOSWORTH", "description":{"Length":0.06, "Type":"ST", "Runs Along":"Bosworth St", "Start Street":"ROTTECK ST", "End Street":"LYELL ST"}}, "geometry":{"type":"LineString", "coordinates":[[-122.431122764207, 37.7331801862137], [-122.431703820575, 37.7330122154024], [-122.431956598921, 37.7329935645321], [-122.432120027259, 37.7329381393859]]}}