{"type":"Feature", "properties":{"created_us":null, "direct":"2W", "barrier":null, "double":0, "fy":0, "dir":null, "streetname":"PARNASSUS", "cnn":10286000, "from_st":"BELVEDERE ST", "length":0.07, "innovative":null, "date_last_":null, "time_last_":null, "year_insta":2005, "shape_leng":389.0101464, "update_yr":0, "number_":"40", "objectid_1":1483, "notes":null, "sm_sweeper":0, "last_edite":null, "to_st":"COLE ST", "qtr":0, "street_":"Parnassus Ave", "date_creat":null, "time_creat":null, "type":"AVE", "shape_len":389.01014639, "facility_t":"BIKE ROUTE", "contraflow":0, "sharrow":1, "objectid":1500, "surface_tr":null, "region":"LINESTRING(-122.44844 37.765036,-122.44977 37.764866)", "name":"BIKE ROUTE - PARNASSUS", "description":{"Length":0.07, "Type":"AVE", "Runs Along":"Parnassus Ave", "Start Street":"BELVEDERE ST", "End Street":"COLE ST"}}, "geometry":{"type":"LineString", "coordinates":[[-122.448440975945, 37.7650359081524], [-122.449769713635, 37.7648664531771]]}}