{"type":"Feature", "properties":{"created_us":null, "direct":"2W", "barrier":null, "double":0, "fy":0, "dir":"NB", "streetname":"POLK", "cnn":10575000, "from_st":"PACIFIC AV", "length":0.06, "innovative":null, "date_last_":null, "time_last_":null, "year_insta":2005, "shape_leng":338.55138874, "update_yr":0, "number_":"25", "objectid_1":1152, "notes":null, "sm_sweeper":0, "last_edite":null, "to_st":"BROADWAY", "qtr":0, "street_":"Polk St", "date_creat":null, "time_creat":null, "type":"ST", "shape_len":338.55138875, "facility_t":"BIKE ROUTE", "contraflow":0, "sharrow":1, "objectid":1165, "surface_tr":null, "region":"LINESTRING(-122.42158 37.795027,-122.42177 37.795945)", "name":"BIKE ROUTE - POLK", "description":{"Length":0.06, "Type":"ST", "Runs Along":"Polk St", "Start Street":"PACIFIC AV", "End Street":"BROADWAY"}}, "geometry":{"type":"LineString", "coordinates":[[-122.42158275547, 37.7950273454698], [-122.421768166926, 37.7959454037759]]}}