{"type":"Feature", "properties":{"created_us":null, "direct":"2W", "barrier":null, "double":0, "fy":0, "dir":null, "streetname":"PALOU", "cnn":10224000, "from_st":"PHELPS ST", "length":0.13, "innovative":null, "date_last_":null, "time_last_":null, "year_insta":2010, "shape_leng":669.94411695, "update_yr":0, "number_":"7", "objectid_1":1622, "notes":null, "sm_sweeper":0, "last_edite":null, "to_st":"NEWHALL ST", "qtr":0, "street_":"Palou Ave", "date_creat":null, "time_creat":null, "type":"AVE", "shape_len":669.944116944, "facility_t":"BIKE ROUTE", "contraflow":0, "sharrow":1, "objectid":1642, "surface_tr":null, "region":"LINESTRING(-122.39278 37.735038,-122.39466 37.736107)", "name":"BIKE ROUTE - PALOU", "description":{"Length":0.13, "Type":"AVE", "Runs Along":"Palou Ave", "Start Street":"PHELPS ST", "End Street":"NEWHALL ST"}}, "geometry":{"type":"LineString", "coordinates":[[-122.392775931038, 37.7350381012263], [-122.39466205908, 37.7361065057266]]}}