{"type":"Feature", "properties":{"created_us":null, "direct":"2W", "barrier":null, "double":0, "fy":0, "dir":null, "streetname":"STEINER", "cnn":12149000, "from_st":"GREEN ST", "length":0.06, "innovative":null, "date_last_":null, "time_last_":null, "year_insta":2010, "shape_leng":342.95601528, "update_yr":0, "number_":"45", "objectid_1":1165, "notes":null, "sm_sweeper":0, "last_edite":null, "to_st":"UNION ST", "qtr":0, "street_":"Steiner St", "date_creat":null, "time_creat":null, "type":"ST", "shape_len":342.956015274, "facility_t":"BIKE ROUTE", "contraflow":0, "sharrow":1, "objectid":1178, "surface_tr":null, "region":"LINESTRING(-122.43695 37.795949,-122.43714 37.796879)", "name":"BIKE ROUTE - STEINER", "description":{"Length":0.06, "Type":"ST", "Runs Along":"Steiner St", "Start Street":"GREEN ST", "End Street":"UNION ST"}}, "geometry":{"type":"LineString", "coordinates":[[-122.436949677217, 37.7959493645298], [-122.437137703846, 37.7968793412912]]}}