{"type":"Feature", "properties":{"created_us":null, "direct":"2W", "barrier":null, "double":1, "fy":0, "dir":null, "streetname":"CABRILLO", "cnn":3505000, "from_st":"38TH AV", "length":0.06, "innovative":null, "date_last_":null, "time_last_":null, "year_insta":1997, "shape_leng":309.54129195, "update_yr":0, "number_":"2", "objectid_1":4699, "notes":"1", "sm_sweeper":0, "last_edite":null, "to_st":"39TH AV", "qtr":0, "street_":"Cabrillo St", "date_creat":null, "time_creat":null, "type":"ST", "shape_len":309.541291945, "facility_t":"BIKE LANE", "contraflow":0, "sharrow":0, "objectid":2330, "surface_tr":null, "region":"LINESTRING(-122.49825 37.7738,-122.49932 37.773751)", "name":"BIKE LANE - CABRILLO", "description":{"Length":0.06, "Type":"ST", "Runs Along":"Cabrillo St", "Start Street":"38TH AV", "End Street":"39TH AV"}}, "geometry":{"type":"LineString", "coordinates":[[-122.498249667454, 37.7737998572745], [-122.499318869279, 37.7737508888605]]}}