{"type":"Feature", "properties":{"created_us":null, "direct":"2W", "barrier":null, "double":1, "fy":0, "dir":null, "streetname":"8TH", "cnn":405000, "from_st":"STEVENSON ST", "length":0.08, "innovative":"BUFFERED BIKE LANE", "date_last_":null, "time_last_":null, "year_insta":2006, "shape_leng":403.15627719, "update_yr":0, "number_":"23", "objectid_1":4265, "notes":"1", "sm_sweeper":0, "last_edite":null, "to_st":"MISSION ST", "qtr":0, "street_":"8th St", "date_creat":null, "time_creat":null, "type":"ST", "shape_len":403.1562772, "facility_t":"BIKE LANE", "contraflow":0, "sharrow":0, "objectid":1836, "surface_tr":null, "region":"LINESTRING(-122.41414 37.778241,-122.41316 37.777457)", "name":"BIKE LANE - 8TH", "description":{"Length":0.08, "Type":"ST", "Runs Along":"8th St", "Start Street":"STEVENSON ST", "End Street":"MISSION ST"}}, "geometry":{"type":"LineString", "coordinates":[[-122.414143375897, 37.7782408838068], [-122.413157691577, 37.7774574199188]]}}