{"type":"Feature", "properties":{"created_us":null, "direct":"2W", "barrier":null, "double":0, "fy":0, "dir":null, "streetname":"ALHAMBRA", "cnn":2189000, "from_st":"CERVANTES BLVD", "length":0.05, "innovative":null, "date_last_":null, "time_last_":null, "year_insta":0, "shape_leng":256.31802041, "update_yr":0, "number_":"4", "objectid_1":522, "notes":null, "sm_sweeper":0, "last_edite":null, "to_st":"MALLORCA WY", "qtr":0, "street_":"Alhambra St", "date_creat":null, "time_creat":null, "type":"ST", "shape_len":256.318020419, "facility_t":"BIKE ROUTE", "contraflow":0, "sharrow":0, "objectid":524, "surface_tr":null, "region":"LINESTRING(-122.43743 37.803096,-122.438 37.802557)", "name":"BIKE ROUTE - ALHAMBRA", "description":{"Length":0.05, "Type":"ST", "Runs Along":"Alhambra St", "Start Street":"CERVANTES BLVD", "End Street":"MALLORCA WY"}}, "geometry":{"type":"LineString", "coordinates":[[-122.437429620473, 37.803096318224], [-122.438000201291, 37.8025572828145]]}}