{"type":"Feature", "properties":{"created_us":null, "direct":"2W", "barrier":null, "double":1, "fy":0, "dir":null, "streetname":"ULLOA", "cnn":12790000, "from_st":"FUNSTON AV", "length":0.06, "innovative":null, "date_last_":null, "time_last_":null, "year_insta":2000, "shape_leng":311.25764857, "update_yr":0, "number_":"70", "objectid_1":4509, "notes":"1", "sm_sweeper":0, "last_edite":null, "to_st":"14TH AV", "qtr":0, "street_":"Ulloa St", "date_creat":null, "time_creat":null, "type":"ST", "shape_len":311.257648567, "facility_t":"BIKE LANE", "contraflow":0, "sharrow":0, "objectid":2123, "surface_tr":null, "region":"LINESTRING(-122.46903 37.741472,-122.4701 37.741425)", "name":"BIKE LANE - ULLOA", "description":{"Length":0.06, "Type":"ST", "Runs Along":"Ulloa St", "Start Street":"FUNSTON AV", "End Street":"14TH AV"}}, "geometry":{"type":"LineString", "coordinates":[[-122.469030114146, 37.7414720608867], [-122.470104939471, 37.7414251122497]]}}