{"type":"Feature", "properties":{"created_us":null, "direct":"2W", "barrier":null, "double":0, "fy":0, "dir":null, "streetname":"PALOU", "cnn":10217000, "from_st":"CRISP RD", "length":0.11, "innovative":null, "date_last_":null, "time_last_":null, "year_insta":2010, "shape_leng":558.98617029, "update_yr":0, "number_":"70", "objectid_1":1092, "notes":null, "sm_sweeper":0, "last_edite":null, "to_st":"HAWES ST", "qtr":0, "street_":"Palou Ave", "date_creat":null, "time_creat":null, "type":"AVE", "shape_len":558.986170295, "facility_t":"BIKE ROUTE", "contraflow":0, "sharrow":1, "objectid":1105, "surface_tr":null, "region":"LINESTRING(-122.37999 37.727785,-122.38156 37.728678)", "name":"BIKE ROUTE - PALOU", "description":{"Length":0.11, "Type":"AVE", "Runs Along":"Palou Ave", "Start Street":"CRISP RD", "End Street":"HAWES ST"}}, "geometry":{"type":"LineString", "coordinates":[[-122.379991857648, 37.7277854138215], [-122.381564415053, 37.7286780128033]]}}