{"type":"Feature", "properties":{"created_us":null, "direct":"2W", "barrier":null, "double":0, "fy":0, "dir":null, "streetname":"VICENTE", "cnn":13240000, "from_st":"14TH AV", "length":0.06, "innovative":null, "date_last_":null, "time_last_":null, "year_insta":2006, "shape_leng":324.08579195, "update_yr":0, "number_":"60", "objectid_1":1026, "notes":null, "sm_sweeper":0, "last_edite":null, "to_st":"15TH AV", "qtr":0, "street_":"Vicente St", "date_creat":null, "time_creat":null, "type":"ST", "shape_len":324.08579195, "facility_t":"BIKE ROUTE", "contraflow":0, "sharrow":1, "objectid":1039, "surface_tr":null, "region":"LINESTRING(-122.46998 37.739564,-122.47109 37.739515)", "name":"BIKE ROUTE - VICENTE", "description":{"Length":0.06, "Type":"ST", "Runs Along":"Vicente St", "Start Street":"14TH AV", "End Street":"15TH AV"}}, "geometry":{"type":"LineString", "coordinates":[[-122.46997519786, 37.7395643278409], [-122.471094271752, 37.7395151500657]]}}