{"type":"Feature", "properties":{"created_us":null, "direct":"1W", "barrier":null, "double":0, "fy":0, "dir":"W", "streetname":"HOWARD", "cnn":7051000, "from_st":"8TH ST", "length":0.12, "innovative":"BUFFERED BIKE LANE", "date_last_":null, "time_last_":null, "year_insta":1997, "shape_leng":634.3810592, "update_yr":2015, "number_":"23", "objectid_1":1803, "notes":null, "sm_sweeper":0, "last_edite":null, "to_st":"9TH ST", "qtr":0, "street_":"Howard St", "date_creat":null, "time_creat":null, "type":"ST", "shape_len":634.381059199, "facility_t":"BIKE LANE", "contraflow":0, "sharrow":0, "objectid":1834, "surface_tr":null, "region":"LINESTRING(-122.41161 37.776221,-122.41316 37.774992)", "name":"BIKE LANE - HOWARD", "description":{"Length":0.12, "Type":"ST", "Runs Along":"Howard St", "Start Street":"8TH ST", "End Street":"9TH ST"}}, "geometry":{"type":"LineString", "coordinates":[[-122.411606112789, 37.7762213562355], [-122.41316110857, 37.7749917513973]]}}