{"type":"Feature", "properties":{"created_us":null, "direct":"2W", "barrier":null, "double":0, "fy":0, "dir":null, "streetname":"5TH", "cnn":293000, "from_st":"MISSION ST", "length":0.04, "innovative":null, "date_last_":null, "time_last_":null, "year_insta":2009, "shape_leng":224.12641769, "update_yr":0, "number_":"61", "objectid_1":514, "notes":null, "sm_sweeper":0, "last_edite":null, "to_st":"MINNA ST", "qtr":0, "street_":"5th St", "date_creat":null, "time_creat":null, "type":"ST", "shape_len":224.126417675, "facility_t":"BIKE ROUTE", "contraflow":0, "sharrow":1, "objectid":516, "surface_tr":null, "region":"LINESTRING(-122.40648 37.782732,-122.40593 37.782296)", "name":"BIKE ROUTE - 5TH", "description":{"Length":0.04, "Type":"ST", "Runs Along":"5th St", "Start Street":"MISSION ST", "End Street":"MINNA ST"}}, "geometry":{"type":"LineString", "coordinates":[[-122.406479402844, 37.782731635876], [-122.405931328432, 37.7822961404437]]}}