{"type":"Feature", "properties":{"created_us":null, "direct":"2W", "barrier":null, "double":1, "fy":0, "dir":"SB", "streetname":"POLK", "cnn":10570000, "from_st":"CALIFORNIA ST", "length":0.06, "innovative":null, "date_last_":null, "time_last_":null, "year_insta":2005, "shape_leng":338.40322605, "update_yr":2015, "number_":"25", "objectid_1":3697, "notes":"1", "sm_sweeper":0, "last_edite":null, "to_st":"SACRAMENTO ST", "qtr":0, "street_":"Polk St", "date_creat":null, "time_creat":null, "type":"ST", "shape_len":338.403226054, "facility_t":"BIKE LANE", "contraflow":0, "sharrow":1, "objectid":1210, "surface_tr":null, "region":"LINESTRING(-122.42069 37.790578,-122.42087 37.791496)", "name":"BIKE LANE - POLK", "description":{"Length":0.06, "Type":"ST", "Runs Along":"Polk St", "Start Street":"CALIFORNIA ST", "End Street":"SACRAMENTO ST"}}, "geometry":{"type":"LineString", "coordinates":[[-122.420687383138, 37.790578259129], [-122.420873183996, 37.791495855068]]}}