{"type":"Feature", "properties":{"created_us":null, "direct":"2W", "barrier":null, "double":1, "fy":0, "dir":null, "streetname":"OCEAN", "cnn":9840201, "from_st":"APTOS AV", "length":0.05, "innovative":null, "date_last_":null, "time_last_":null, "year_insta":2006, "shape_leng":254.61312196, "update_yr":0, "number_":"84", "objectid_1":3478, "notes":"1", "sm_sweeper":0, "last_edite":null, "to_st":"SAN BENITO WY", "qtr":0, "street_":"Ocean Ave", "date_creat":null, "time_creat":null, "type":"AVE", "shape_len":254.613121956, "facility_t":"BIKE ROUTE", "contraflow":0, "sharrow":1, "objectid":991, "surface_tr":null, "region":"LINESTRING(-122.46774 37.728329,-122.46808 37.728975)", "name":"BIKE ROUTE - OCEAN", "description":{"Length":0.05, "Type":"AVE", "Runs Along":"Ocean Ave", "Start Street":"APTOS AV", "End Street":"SAN BENITO WY"}}, "geometry":{"type":"LineString", "coordinates":[[-122.467739341454, 37.7283290665173], [-122.468077261662, 37.7289747663222]]}}