{"type":"Feature", "properties":{"created_us":null, "direct":"2W", "barrier":null, "double":1, "fy":0, "dir":null, "streetname":"ILLINOIS", "cnn":7174000, "from_st":"25TH ST", "length":0.18, "innovative":null, "date_last_":null, "time_last_":null, "year_insta":2011, "shape_leng":936.74120745, "update_yr":0, "number_":"5", "objectid_1":4779, "notes":"1", "sm_sweeper":0, "last_edite":null, "to_st":"CESAR CHAVEZ ST", "qtr":0, "street_":"Illinois St", "date_creat":null, "time_creat":null, "type":"ST", "shape_len":936.741207437, "facility_t":"BIKE LANE", "contraflow":0, "sharrow":0, "objectid":2432, "surface_tr":null, "region":"LINESTRING(-122.38681 37.75289,-122.38668 37.751606,-122.38657 37.750325)", "name":"BIKE LANE - ILLINOIS", "description":{"Length":0.18, "Type":"ST", "Runs Along":"Illinois St", "Start Street":"25TH ST", "End Street":"CESAR CHAVEZ ST"}}, "geometry":{"type":"LineString", "coordinates":[[-122.386811647063, 37.7528903775921], [-122.386683934599, 37.7516062594167], [-122.386568298371, 37.7503250423405]]}}