{"type":"Feature", "properties":{"created_us":null, "direct":"2W", "barrier":null, "double":0, "fy":0, "dir":null, "streetname":"VICENTE", "cnn":13273000, "from_st":"46TH AV", "length":0.06, "innovative":null, "date_last_":null, "time_last_":null, "year_insta":2006, "shape_leng":309.72127073, "update_yr":0, "number_":"60", "objectid_1":1043, "notes":null, "sm_sweeper":0, "last_edite":null, "to_st":"47TH AV", "qtr":0, "street_":"Vicente St", "date_creat":null, "time_creat":null, "type":"ST", "shape_len":309.72127072, "facility_t":"BIKE ROUTE", "contraflow":0, "sharrow":1, "objectid":1056, "surface_tr":null, "region":"LINESTRING(-122.50436 37.738051,-122.50543 37.738004)", "name":"BIKE ROUTE - VICENTE", "description":{"Length":0.06, "Type":"ST", "Runs Along":"Vicente St", "Start Street":"46TH AV", "End Street":"47TH AV"}}, "geometry":{"type":"LineString", "coordinates":[[-122.504359198838, 37.7380508665247], [-122.50542865876, 37.7380039939714]]}}