{"type":"Feature", "properties":{"created_us":null, "direct":"2W", "barrier":null, "double":1, "fy":0, "dir":null, "streetname":"CLIPPER", "cnn":4215000, "from_st":"CASTRO ST", "length":0.12, "innovative":null, "date_last_":null, "time_last_":null, "year_insta":2010, "shape_leng":642.57066055, "update_yr":0, "number_":"44", "objectid_1":3786, "notes":"1", "sm_sweeper":0, "last_edite":null, "to_st":"DIAMOND ST", "qtr":0, "street_":"Clipper St", "date_creat":null, "time_creat":null, "type":"ST", "shape_len":642.570660561, "facility_t":"BIKE ROUTE", "contraflow":0, "sharrow":1, "objectid":1300, "surface_tr":null, "region":"LINESTRING(-122.43385 37.748896,-122.43607 37.748762)", "name":"BIKE ROUTE - CLIPPER", "description":{"Length":0.12, "Type":"ST", "Runs Along":"Clipper St", "Start Street":"CASTRO ST", "End Street":"DIAMOND ST"}}, "geometry":{"type":"LineString", "coordinates":[[-122.433851103241, 37.7488959719852], [-122.436067173015, 37.7487620352727]]}}