{"type":"Feature", "properties":{"created_us":null, "direct":"2W", "barrier":null, "double":1, "fy":0, "dir":null, "streetname":"KEITH", "cnn":7788000, "from_st":"UNDERWOOD AV", "length":0.05, "innovative":null, "date_last_":null, "time_last_":null, "year_insta":2010, "shape_leng":281.64980314, "update_yr":0, "number_":"7", "objectid_1":3584, "notes":"1", "sm_sweeper":0, "last_edite":null, "to_st":"VAN DYKE AV", "qtr":0, "street_":"Keith St", "date_creat":null, "time_creat":null, "type":"ST", "shape_len":281.649803137, "facility_t":"BIKE ROUTE", "contraflow":0, "sharrow":1, "objectid":1097, "surface_tr":null, "region":"LINESTRING(-122.38998 37.728728,-122.39055 37.728099)", "name":"BIKE ROUTE - KEITH", "description":{"Length":0.05, "Type":"ST", "Runs Along":"Keith St", "Start Street":"UNDERWOOD AV", "End Street":"VAN DYKE AV"}}, "geometry":{"type":"LineString", "coordinates":[[-122.389981316535, 37.7287284634912], [-122.390547462634, 37.7280990808379]]}}