{"type":"Feature", "properties":{"created_us":null, "direct":"2W", "barrier":null, "double":0, "fy":14, "dir":null, "streetname":"FOLSOM", "cnn":5666000, "from_st":"FALMOUTH ST", "length":0.09, "innovative":"BUFFERED BIKE LANE", "date_last_":null, "time_last_":null, "year_insta":2000, "shape_leng":482.76078277, "update_yr":2014, "number_":"30", "objectid_1":1768, "notes":null, "sm_sweeper":0, "last_edite":null, "to_st":"6TH ST", "qtr":0, "street_":"Folsom St", "date_creat":null, "time_creat":null, "type":"ST", "shape_len":482.760782765, "facility_t":"BIKE LANE", "contraflow":0, "sharrow":0, "objectid":1799, "surface_tr":null, "region":"LINESTRING(-122.40443 37.77944,-122.40562 37.778505)", "name":"BIKE LANE - FOLSOM", "description":{"Length":0.09, "Type":"ST", "Runs Along":"Folsom St", "Start Street":"FALMOUTH ST", "End Street":"6TH ST"}}, "geometry":{"type":"LineString", "coordinates":[[-122.404431251152, 37.7794403346478], [-122.405615266729, 37.7785051047757]]}}