{"type":"Feature", "properties":{"created_us":null, "direct":"2W", "barrier":null, "double":1, "fy":0, "dir":null, "streetname":"SILVER", "cnn":11926000, "from_st":"BAYSHORE BLVD", "length":0.02, "innovative":null, "date_last_":null, "time_last_":null, "year_insta":2005, "shape_leng":114.86654674, "update_yr":0, "number_":"70", "objectid_1":2856, "notes":"1", "sm_sweeper":0, "last_edite":null, "to_st":"CHARTER OAK AV", "qtr":0, "street_":"Silver Ave", "date_creat":null, "time_creat":null, "type":"AVE", "shape_len":114.866546733, "facility_t":"BIKE ROUTE", "contraflow":0, "sharrow":1, "objectid":344, "surface_tr":null, "region":"LINESTRING(-122.40466 37.732949,-122.40434 37.733144)", "name":"BIKE ROUTE - SILVER", "description":{"Length":0.02, "Type":"AVE", "Runs Along":"Silver Ave", "Start Street":"BAYSHORE BLVD", "End Street":"CHARTER OAK AV"}}, "geometry":{"type":"LineString", "coordinates":[[-122.404657097261, 37.7329487816705], [-122.40434481246, 37.7331437303998]]}}