{"type":"Feature", "properties":{"created_us":null, "direct":"2W", "barrier":null, "double":1, "fy":0, "dir":"W", "streetname":"OCEAN", "cnn":9809201, "from_st":"CAYUGA AV", "length":0.06, "innovative":null, "date_last_":null, "time_last_":null, "year_insta":2010, "shape_leng":304.50483459, "update_yr":0, "number_":"84", "objectid_1":4502, "notes":"1", "sm_sweeper":0, "last_edite":null, "to_st":"WANDA ST", "qtr":0, "street_":"Ocean Ave", "date_creat":null, "time_creat":null, "type":"AVE", "shape_len":304.50483459, "facility_t":"BIKE LANE", "contraflow":0, "sharrow":1, "objectid":2116, "surface_tr":null, "region":"LINESTRING(-122.43881 37.723601,-122.43985 37.723481)", "name":"BIKE LANE - OCEAN", "description":{"Length":0.06, "Type":"AVE", "Runs Along":"Ocean Ave", "Start Street":"CAYUGA AV", "End Street":"WANDA ST"}}, "geometry":{"type":"LineString", "coordinates":[[-122.438808573613, 37.7236012761772], [-122.439850441078, 37.7234808408743]]}}