{"type":"Feature", "properties":{"created_us":null, "direct":"2W", "barrier":null, "double":0, "fy":0, "dir":null, "streetname":"VALENCIA", "cnn":13071000, "from_st":"22ND ST", "length":0.11, "innovative":"GREEN WAVE", "date_last_":null, "time_last_":null, "year_insta":1996, "shape_leng":581.22799242, "update_yr":0, "number_":"25", "objectid_1":1861, "notes":null, "sm_sweeper":0, "last_edite":null, "to_st":"23RD ST", "qtr":0, "street_":"Valencia St", "date_creat":null, "time_creat":null, "type":"ST", "shape_len":581.227992424, "facility_t":"BIKE LANE", "contraflow":0, "sharrow":0, "objectid":1892, "surface_tr":null, "region":"LINESTRING(-122.42096 37.755295,-122.42081 37.753703)", "name":"BIKE LANE - VALENCIA", "description":{"Length":0.11, "Type":"ST", "Runs Along":"Valencia St", "Start Street":"22ND ST", "End Street":"23RD ST"}}, "geometry":{"type":"LineString", "coordinates":[[-122.420964092533, 37.7552947818776], [-122.420812135887, 37.7537030936376]]}}