{"type":"Feature", "properties":{"created_us":null, "direct":"2W", "barrier":null, "double":1, "fy":0, "dir":null, "streetname":"POTRERO", "cnn":10661000, "from_st":"16TH ST", "length":0.09, "innovative":null, "date_last_":null, "time_last_":null, "year_insta":2011, "shape_leng":472.8668565, "update_yr":0, "number_":"25", "objectid_1":4813, "notes":"1", "sm_sweeper":0, "last_edite":null, "to_st":"17TH ST", "qtr":0, "street_":"Potrero Ave", "date_creat":null, "time_creat":null, "type":"AVE", "shape_len":472.866856502, "facility_t":"BIKE LANE", "contraflow":0, "sharrow":0, "objectid":2476, "surface_tr":null, "region":"LINESTRING(-122.40742 37.764488,-122.40753 37.765783)", "name":"BIKE LANE - POTRERO", "description":{"Length":0.09, "Type":"AVE", "Runs Along":"Potrero Ave", "Start Street":"16TH ST", "End Street":"17TH ST"}}, "geometry":{"type":"LineString", "coordinates":[[-122.407419737439, 37.7644878295177], [-122.407534229459, 37.7657832995089]]}}