{"type":"Feature", "properties":{"created_us":null, "direct":"2W", "barrier":null, "double":0, "fy":0, "dir":null, "streetname":"3RD", "cnn":160000, "from_st":"LINCOLN WY", "length":0.07, "innovative":null, "date_last_":null, "time_last_":null, "year_insta":2005, "shape_leng":347.9301063, "update_yr":0, "number_":"365", "objectid_1":703, "notes":null, "sm_sweeper":0, "last_edite":null, "to_st":"HUGO ST", "qtr":0, "street_":"3rd Ave", "date_creat":null, "time_creat":null, "type":"AVE", "shape_len":347.930106297, "facility_t":"BIKE ROUTE", "contraflow":0, "sharrow":1, "objectid":707, "surface_tr":null, "region":"LINESTRING(-122.46002 37.766211,-122.45995 37.765257)", "name":"BIKE ROUTE - 3RD", "description":{"Length":0.07, "Type":"AVE", "Runs Along":"3rd Ave", "Start Street":"LINCOLN WY", "End Street":"HUGO ST"}}, "geometry":{"type":"LineString", "coordinates":[[-122.4600194679, 37.766210858462], [-122.459952996425, 37.7652567813518]]}}