{"type":"Feature", "properties":{"created_us":null, "direct":"2W", "barrier":null, "double":1, "fy":0, "dir":null, "streetname":"FOLSOM", "cnn":5690000, "from_st":"16TH ST", "length":0.04, "innovative":null, "date_last_":null, "time_last_":null, "year_insta":2012, "shape_leng":222.50029984, "update_yr":0, "number_":"33", "objectid_1":4825, "notes":"1", "sm_sweeper":0, "last_edite":null, "to_st":"ENTERPRISE ST", "qtr":0, "street_":"Folsom St", "date_creat":null, "time_creat":null, "type":"ST", "shape_len":222.500299842, "facility_t":"BIKE LANE", "contraflow":0, "sharrow":0, "objectid":2493, "surface_tr":null, "region":"LINESTRING(-122.41531 37.765315,-122.41525 37.764705)", "name":"BIKE LANE - FOLSOM", "description":{"Length":0.04, "Type":"ST", "Runs Along":"Folsom St", "Start Street":"16TH ST", "End Street":"ENTERPRISE ST"}}, "geometry":{"type":"LineString", "coordinates":[[-122.415308388717, 37.7653146395327], [-122.415250648985, 37.7647052990115]]}}