{"type":"Feature", "properties":{"created_us":null, "direct":"2W", "barrier":null, "double":1, "fy":0, "dir":null, "streetname":"CLEMENT", "cnn":4182000, "from_st":"32ND AV", "length":0.06, "innovative":null, "date_last_":null, "time_last_":null, "year_insta":2010, "shape_leng":310.09113251, "update_yr":0, "number_":"95", "objectid_1":3233, "notes":"1", "sm_sweeper":0, "last_edite":null, "to_st":"33RD AV", "qtr":0, "street_":"Clement St", "date_creat":null, "time_creat":null, "type":"ST", "shape_len":310.091132505, "facility_t":"BIKE ROUTE", "contraflow":0, "sharrow":1, "objectid":736, "surface_tr":null, "region":"LINESTRING(-122.49238 37.781677,-122.49345 37.781627)", "name":"BIKE ROUTE - CLEMENT", "description":{"Length":0.06, "Type":"ST", "Runs Along":"Clement St", "Start Street":"32ND AV", "End Street":"33RD AV"}}, "geometry":{"type":"LineString", "coordinates":[[-122.492375156774, 37.7816766548857], [-122.493446345082, 37.7816272386665]]}}