{"type":"Feature", "properties":{"created_us":null, "direct":"2W", "barrier":null, "double":1, "fy":0, "dir":null, "streetname":"20TH", "cnn":19004000, "from_st":"WINSTON DR", "length":0.1, "innovative":null, "date_last_":null, "time_last_":null, "year_insta":0, "shape_leng":549.05999036, "update_yr":0, "number_":"75", "objectid_1":2742, "notes":"1", "sm_sweeper":0, "last_edite":null, "to_st":"BUCKINGHAM WY", "qtr":0, "street_":"20th Ave", "date_creat":null, "time_creat":null, "type":"AVE", "shape_len":549.059990366, "facility_t":"BIKE ROUTE", "contraflow":0, "sharrow":0, "objectid":227, "surface_tr":null, "region":"LINESTRING(-122.47604 37.72695,-122.47608 37.725951,-122.47599 37.725706,-122.47582 37.725495)", "name":"BIKE ROUTE - 20TH", "description":{"Length":0.1, "Type":"AVE", "Runs Along":"20th Ave", "Start Street":"WINSTON DR", "End Street":"BUCKINGHAM WY"}}, "geometry":{"type":"LineString", "coordinates":[[-122.476039472351, 37.7269499138681], [-122.4760826329, 37.7259507563999], [-122.475994989423, 37.7257057762607], [-122.475817520369, 37.7254950905088]]}}