{"type":"Feature", "properties":{"created_us":null, "direct":"2W", "barrier":null, "double":0, "fy":0, "dir":"E", "streetname":"LETTERMAN", "cnn":19427000, "from_st":"LOMBARD ST", "length":0.04, "innovative":null, "date_last_":null, "time_last_":null, "year_insta":0, "shape_leng":212.09245449, "update_yr":0, "number_":"4", "objectid_1":4935, "notes":"PRESIDIO", "sm_sweeper":0, "last_edite":null, "to_st":"LINCOLN ST", "qtr":0, "street_":"Letterman Dr", "date_creat":null, "time_creat":null, "type":"DR", "shape_len":212.092454495, "facility_t":"BIKE LANE", "contraflow":0, "sharrow":0, "objectid":0, "surface_tr":null, "region":"LINESTRING(-122.44898 37.797558,-122.449 37.797607,-122.44912 37.797713,-122.44931 37.797822,-122.44954 37.797901)", "name":"BIKE LANE - LETTERMAN", "description":{"Length":0.04, "Type":"DR", "Runs Along":"Letterman Dr", "Start Street":"LOMBARD ST", "End Street":"LINCOLN ST"}}, "geometry":{"type":"LineString", "coordinates":[[-122.448976245376, 37.7975575954093], [-122.44899726659, 37.7976069538353], [-122.449116778175, 37.7977127174911], [-122.44931227109, 37.7978223547846], [-122.449541961195, 37.797900644348]]}}