{"type":"Feature", "properties":{"created_us":null, "direct":"2W", "barrier":null, "double":1, "fy":0, "dir":"S", "streetname":"7TH", "cnn":362000, "from_st":"KIRKHAM ST", "length":0.13, "innovative":null, "date_last_":null, "time_last_":null, "year_insta":2010, "shape_leng":680.91533285, "update_yr":0, "number_":"20", "objectid_1":4894, "notes":"1", "sm_sweeper":0, "last_edite":null, "to_st":"LAWTON ST", "qtr":0, "street_":"7th Ave", "date_creat":null, "time_creat":null, "type":"AVE", "shape_len":680.915332865, "facility_t":"BIKE LANE", "contraflow":0, "sharrow":0, "objectid":1959, "surface_tr":null, "region":"LINESTRING(-122.46391 37.760405,-122.46378 37.758538)", "name":"BIKE LANE - 7TH", "description":{"Length":0.13, "Type":"AVE", "Runs Along":"7th Ave", "Start Street":"KIRKHAM ST", "End Street":"LAWTON ST"}}, "geometry":{"type":"LineString", "coordinates":[[-122.46391189071, 37.7604053445183], [-122.463781528089, 37.7585381819592]]}}