{"type":"Feature", "properties":{"created_us":null, "direct":"2W", "barrier":null, "double":1, "fy":0, "dir":null, "streetname":"22ND", "cnn":1190000, "from_st":"CAPP ST", "length":0.06, "innovative":null, "date_last_":null, "time_last_":null, "year_insta":2010, "shape_leng":315.61025328, "update_yr":0, "number_":"30", "objectid_1":3823, "notes":"1", "sm_sweeper":0, "last_edite":null, "to_st":"MISSION ST", "qtr":0, "street_":"22nd St", "date_creat":null, "time_creat":null, "type":"ST", "shape_len":315.610253267, "facility_t":"BIKE ROUTE", "contraflow":0, "sharrow":1, "objectid":1338, "surface_tr":null, "region":"LINESTRING(-122.41766 37.755502,-122.41875 37.755437)", "name":"BIKE ROUTE - 22ND", "description":{"Length":0.06, "Type":"ST", "Runs Along":"22nd St", "Start Street":"CAPP ST", "End Street":"MISSION ST"}}, "geometry":{"type":"LineString", "coordinates":[[-122.417658992617, 37.7555024984203], [-122.418747574225, 37.7554369366561]]}}