{"type":"Feature", "properties":{"created_us":null, "direct":"2W", "barrier":null, "double":1, "fy":0, "dir":null, "streetname":"STEINER", "cnn":12127000, "from_st":"FULTON ST", "length":0.07, "innovative":null, "date_last_":null, "time_last_":null, "year_insta":2010, "shape_leng":343.75007859, "update_yr":0, "number_":"20", "objectid_1":3058, "notes":"1", "sm_sweeper":0, "last_edite":null, "to_st":"MC ALLISTER ST", "qtr":0, "street_":"Steiner St", "date_creat":null, "time_creat":null, "type":"ST", "shape_len":343.750078594, "facility_t":"BIKE ROUTE", "contraflow":0, "sharrow":1, "objectid":551, "surface_tr":null, "region":"LINESTRING(-122.43322 37.77749,-122.43341 37.778422)", "name":"BIKE ROUTE - STEINER", "description":{"Length":0.07, "Type":"ST", "Runs Along":"Steiner St", "Start Street":"FULTON ST", "End Street":"MC ALLISTER ST"}}, "geometry":{"type":"LineString", "coordinates":[[-122.43321873821, 37.7774903663928], [-122.433407335297, 37.7784224763122]]}}