{"type":"Feature", "properties":{"created_us":null, "direct":"2W", "barrier":null, "double":0, "fy":0, "dir":null, "streetname":"CORBETT", "cnn":4390000, "from_st":"MORGAN AL", "length":0.07, "innovative":null, "date_last_":null, "time_last_":null, "year_insta":2010, "shape_leng":354.94676186, "update_yr":0, "number_":"50", "objectid_1":1346, "notes":null, "sm_sweeper":0, "last_edite":null, "to_st":"DIXIE AL", "qtr":0, "street_":"Corbett Ave", "date_creat":null, "time_creat":null, "type":"AVE", "shape_len":354.94676186, "facility_t":"BIKE ROUTE", "contraflow":0, "sharrow":1, "objectid":1362, "surface_tr":null, "region":"LINESTRING(-122.44239 37.754816,-122.44241 37.754616,-122.4425 37.754462,-122.44301 37.754014)", "name":"BIKE ROUTE - CORBETT", "description":{"Length":0.07, "Type":"AVE", "Runs Along":"Corbett Ave", "Start Street":"MORGAN AL", "End Street":"DIXIE AL"}}, "geometry":{"type":"LineString", "coordinates":[[-122.442387125353, 37.7548158368531], [-122.442414257008, 37.7546164631756], [-122.442501145919, 37.754462406792], [-122.443013012795, 37.7540135950353]]}}