{"type":"Feature", "properties":{"created_us":null, "direct":"2W", "barrier":null, "double":1, "fy":0, "dir":null, "streetname":"BATTERY", "cnn":2756000, "from_st":"SACRAMENTO ST", "length":0.03, "innovative":null, "date_last_":null, "time_last_":null, "year_insta":2010, "shape_leng":162.70033522, "update_yr":0, "number_":"17", "objectid_1":3624, "notes":"1", "sm_sweeper":0, "last_edite":null, "to_st":"COMMERCIAL ST", "qtr":0, "street_":"Battery St", "date_creat":null, "time_creat":null, "type":"ST", "shape_len":162.700335213, "facility_t":"BIKE ROUTE", "contraflow":0, "sharrow":1, "objectid":1137, "surface_tr":null, "region":"LINESTRING(-122.40015 37.794134,-122.40024 37.794575)", "name":"BIKE ROUTE - BATTERY", "description":{"Length":0.03, "Type":"ST", "Runs Along":"Battery St", "Start Street":"SACRAMENTO ST", "End Street":"COMMERCIAL ST"}}, "geometry":{"type":"LineString", "coordinates":[[-122.400148778898, 37.7941342349757], [-122.400239373808, 37.7945752423306]]}}