{"type":"Feature", "properties":{"created_us":null, "direct":"2W", "barrier":null, "double":1, "fy":0, "dir":null, "streetname":"SILVER", "cnn":11919000, "from_st":"SOMERSET ST", "length":0.03, "innovative":null, "date_last_":null, "time_last_":null, "year_insta":2005, "shape_leng":174.76954221, "update_yr":0, "number_":"70", "objectid_1":2816, "notes":"1", "sm_sweeper":0, "last_edite":null, "to_st":"MERRILL ST", "qtr":0, "street_":"Silver Ave", "date_creat":null, "time_creat":null, "type":"AVE", "shape_len":174.769542214, "facility_t":"BIKE ROUTE", "contraflow":0, "sharrow":1, "objectid":304, "surface_tr":null, "region":"LINESTRING(-122.40948 37.731255,-122.40891 37.731428)", "name":"BIKE ROUTE - SILVER", "description":{"Length":0.03, "Type":"AVE", "Runs Along":"Silver Ave", "Start Street":"SOMERSET ST", "End Street":"MERRILL ST"}}, "geometry":{"type":"LineString", "coordinates":[[-122.409478167143, 37.7312550969155], [-122.408914448401, 37.7314280966197]]}}