{"type":"Feature", "properties":{"created_us":null, "direct":"2W", "barrier":null, "double":0, "fy":0, "dir":null, "streetname":"MC ALLISTER", "cnn":8889000, "from_st":"CHARLES J. BRENHAM PL", "length":0.03, "innovative":null, "date_last_":null, "time_last_":null, "year_insta":0, "shape_leng":154.61395009, "update_yr":0, "number_":"20", "objectid_1":169, "notes":null, "sm_sweeper":0, "last_edite":null, "to_st":"LEAVENWORTH ST", "qtr":0, "street_":"Mc Allister St", "date_creat":null, "time_creat":null, "type":"ST", "shape_len":154.613950093, "facility_t":"BIKE ROUTE", "contraflow":0, "sharrow":0, "objectid":160, "surface_tr":null, "region":"LINESTRING(-122.41315 37.780994,-122.41368 37.780927)", "name":"BIKE ROUTE - MC ALLISTER", "description":{"Length":0.03, "Type":"ST", "Runs Along":"Mc Allister St", "Start Street":"CHARLES J. BRENHAM PL", "End Street":"LEAVENWORTH ST"}}, "geometry":{"type":"LineString", "coordinates":[[-122.41314804825, 37.7809937824687], [-122.413676360662, 37.7809268553224]]}}