{"type":"Feature", "properties":{"created_us":null, "direct":"2W", "barrier":null, "double":0, "fy":0, "dir":null, "streetname":"CLEMENT", "cnn":4192000, "from_st":"43RD AV", "length":0.06, "innovative":null, "date_last_":null, "time_last_":null, "year_insta":2010, "shape_leng":308.44271878, "update_yr":0, "number_":"95", "objectid_1":1420, "notes":null, "sm_sweeper":0, "last_edite":null, "to_st":"44TH AV", "qtr":0, "street_":"Clement St", "date_creat":null, "time_creat":null, "type":"ST", "shape_len":308.442718779, "facility_t":"BIKE ROUTE", "contraflow":0, "sharrow":1, "objectid":1437, "surface_tr":null, "region":"LINESTRING(-122.50416 37.781127,-122.50523 37.781077)", "name":"BIKE ROUTE - CLEMENT", "description":{"Length":0.06, "Type":"ST", "Runs Along":"Clement St", "Start Street":"43RD AV", "End Street":"44TH AV"}}, "geometry":{"type":"LineString", "coordinates":[[-122.504160424887, 37.7811265102564], [-122.505225858385, 37.7810766438792]]}}