{"type":"Feature", "properties":{"created_us":null, "direct":"2W", "barrier":null, "double":0, "fy":0, "dir":null, "streetname":"16TH", "cnn":731000, "from_st":"CALEDONIA ST", "length":0.03, "innovative":null, "date_last_":null, "time_last_":null, "year_insta":2011, "shape_leng":146.38922049, "update_yr":0, "number_":"40", "objectid_1":159, "notes":null, "sm_sweeper":0, "last_edite":null, "to_st":"VALENCIA ST", "qtr":0, "street_":"16th St", "date_creat":null, "time_creat":null, "type":"ST", "shape_len":146.389220503, "facility_t":"BIKE ROUTE", "contraflow":0, "sharrow":1, "objectid":142, "surface_tr":null, "region":"LINESTRING(-122.42138 37.764948,-122.42189 37.764917)", "name":"BIKE ROUTE - 16TH", "description":{"Length":0.03, "Type":"ST", "Runs Along":"16th St", "Start Street":"CALEDONIA ST", "End Street":"VALENCIA ST"}}, "geometry":{"type":"LineString", "coordinates":[[-122.42138147554, 37.7649478879128], [-122.421886446074, 37.7649173781137]]}}