{"type":"Feature", "properties":{"created_us":null, "direct":"2W", "barrier":null, "double":1, "fy":0, "dir":null, "streetname":"LINCOLN", "cnn":19437000, "from_st":"BROOKS ST", "length":0.12, "innovative":null, "date_last_":null, "time_last_":null, "year_insta":1999, "shape_leng":625.08170618, "update_yr":0, "number_":"95", "objectid_1":4386, "notes":"PRESIDIO", "sm_sweeper":0, "last_edite":null, "to_st":"BOWLEY ST", "qtr":0, "street_":"Lincoln Blvd", "date_creat":null, "time_creat":null, "type":"BLVD", "shape_len":625.081706182, "facility_t":"BIKE LANE", "contraflow":0, "sharrow":0, "objectid":1978, "surface_tr":null, "region":"LINESTRING(-122.48154 37.790687,-122.48109 37.792008,-122.48101 37.792351)", "name":"BIKE LANE - LINCOLN", "description":{"Length":0.12, "Type":"BLVD", "Runs Along":"Lincoln Blvd", "Start Street":"BROOKS ST", "End Street":"BOWLEY ST"}}, "geometry":{"type":"LineString", "coordinates":[[-122.481538564402, 37.7906872231176], [-122.481090788912, 37.792007594519], [-122.481009702138, 37.7923509463275]]}}