{"type":"Feature", "properties":{"created_us":null, "direct":"2W", "barrier":null, "double":1, "fy":0, "dir":null, "streetname":"STEINER", "cnn":12133000, "from_st":"O FARRELL ST", "length":0.07, "innovative":null, "date_last_":null, "time_last_":null, "year_insta":2010, "shape_leng":393.96920697, "update_yr":0, "number_":"45", "objectid_1":3050, "notes":"1", "sm_sweeper":0, "last_edite":null, "to_st":"GEARY BLVD", "qtr":0, "street_":"Steiner St", "date_creat":null, "time_creat":null, "type":"ST", "shape_len":393.969206967, "facility_t":"BIKE ROUTE", "contraflow":0, "sharrow":1, "objectid":543, "surface_tr":null, "region":"LINESTRING(-122.43435 37.783083,-122.43456 37.784152)", "name":"BIKE ROUTE - STEINER", "description":{"Length":0.07, "Type":"ST", "Runs Along":"Steiner St", "Start Street":"O FARRELL ST", "End Street":"GEARY BLVD"}}, "geometry":{"type":"LineString", "coordinates":[[-122.43435039512, 37.7830830180968], [-122.434562099036, 37.7841518634339]]}}