{"type":"Feature", "properties":{"created_us":null, "direct":"2W", "barrier":null, "double":0, "fy":0, "dir":null, "streetname":"CHATTANOOGA", "cnn":3910000, "from_st":"22ND ST", "length":0.11, "innovative":null, "date_last_":null, "time_last_":null, "year_insta":2010, "shape_leng":585.32423054, "update_yr":0, "number_":"44", "objectid_1":633, "notes":null, "sm_sweeper":0, "last_edite":null, "to_st":"23RD ST", "qtr":0, "street_":"Chattanooga St", "date_creat":null, "time_creat":null, "type":"ST", "shape_len":585.324230551, "facility_t":"BIKE ROUTE", "contraflow":0, "sharrow":1, "objectid":637, "surface_tr":null, "region":"LINESTRING(-122.42663 37.754962,-122.42648 37.75336)", "name":"BIKE ROUTE - CHATTANOOGA", "description":{"Length":0.11, "Type":"ST", "Runs Along":"Chattanooga St", "Start Street":"22ND ST", "End Street":"23RD ST"}}, "geometry":{"type":"LineString", "coordinates":[[-122.426634007832, 37.7549622683532], [-122.426477852038, 37.7533595527495]]}}