{"type":"Feature", "properties":{"created_us":null, "direct":"2W", "barrier":null, "double":0, "fy":0, "dir":null, "streetname":"KIRKHAM", "cnn":7861000, "from_st":"23RD AV", "length":0.06, "innovative":null, "date_last_":null, "time_last_":null, "year_insta":2010, "shape_leng":310.84671487, "update_yr":0, "number_":"40", "objectid_1":2233, "notes":null, "sm_sweeper":0, "last_edite":null, "to_st":"24TH AV", "qtr":0, "street_":"Kirkham St", "date_creat":null, "time_creat":null, "type":"ST", "shape_len":310.846714873, "facility_t":"BIKE LANE", "contraflow":0, "sharrow":0, "objectid":2265, "surface_tr":null, "region":"LINESTRING(-122.48115 37.759643,-122.48222 37.759596)", "name":"BIKE LANE - KIRKHAM", "description":{"Length":0.06, "Type":"ST", "Runs Along":"Kirkham St", "Start Street":"23RD AV", "End Street":"24TH AV"}}, "geometry":{"type":"LineString", "coordinates":[[-122.481147523912, 37.75964304214], [-122.482221162651, 37.7595957234923]]}}