{"type":"Feature", "properties":{"created_us":null, "direct":"2W", "barrier":null, "double":1, "fy":0, "dir":null, "streetname":"MARINA", "cnn":8704101, "from_st":"FILLMORE ST", "length":0.14, "innovative":null, "date_last_":null, "time_last_":null, "year_insta":2012, "shape_leng":742.70055075, "update_yr":0, "number_":"106", "objectid_1":3642, "notes":"1", "sm_sweeper":0, "last_edite":null, "to_st":"CASA WY", "qtr":0, "street_":"Marina Blvd", "date_creat":null, "time_creat":null, "type":"BLVD", "shape_len":742.700550755, "facility_t":"BIKE ROUTE", "contraflow":0, "sharrow":1, "objectid":1155, "surface_tr":null, "region":"LINESTRING(-122.43746 37.806402,-122.44 37.806077)", "name":"BIKE ROUTE - MARINA", "description":{"Length":0.14, "Type":"BLVD", "Runs Along":"Marina Blvd", "Start Street":"FILLMORE ST", "End Street":"CASA WY"}}, "geometry":{"type":"LineString", "coordinates":[[-122.437461293775, 37.806401780811], [-122.439999323637, 37.8060771992197]]}}