{"type":"Feature", "properties":{"created_us":null, "direct":"2W", "barrier":null, "double":0, "fy":0, "dir":null, "streetname":"4TH", "cnn":19983000, "from_st":"MISSION ROCK ST", "length":0.06, "innovative":null, "date_last_":null, "time_last_":null, "year_insta":2011, "shape_leng":341.00084535, "update_yr":0, "number_":"19", "objectid_1":2519, "notes":null, "sm_sweeper":0, "last_edite":null, "to_st":"CHINA BASIN ST", "qtr":0, "street_":"4th St", "date_creat":null, "time_creat":null, "type":"ST", "shape_len":341.000845346, "facility_t":"BIKE LANE", "contraflow":0, "sharrow":0, "objectid":2569, "surface_tr":null, "region":"LINESTRING(-122.39137 37.772831,-122.39128 37.771897)", "name":"BIKE LANE - 4TH", "description":{"Length":0.06, "Type":"ST", "Runs Along":"4th St", "Start Street":"MISSION ROCK ST", "End Street":"CHINA BASIN ST"}}, "geometry":{"type":"LineString", "coordinates":[[-122.391373532332, 37.7728309952198], [-122.391284248007, 37.7718971767207]]}}