{"type":"Feature", "properties":{"created_us":null, "direct":"2W", "barrier":null, "double":1, "fy":0, "dir":null, "streetname":"4TH", "cnn":269000, "from_st":"KING ST", "length":0.06, "innovative":null, "date_last_":null, "time_last_":null, "year_insta":0, "shape_leng":305.51521017, "update_yr":0, "number_":"11", "objectid_1":3338, "notes":"1", "sm_sweeper":0, "last_edite":null, "to_st":"BERRY ST", "qtr":0, "street_":"4th St", "date_creat":null, "time_creat":null, "type":"ST", "shape_len":305.515210177, "facility_t":"BIKE ROUTE", "contraflow":0, "sharrow":0, "objectid":846, "surface_tr":null, "region":"LINESTRING(-122.3941 37.776384,-122.39336 37.775787)", "name":"BIKE ROUTE - 4TH", "description":{"Length":0.06, "Type":"ST", "Runs Along":"4th St", "Start Street":"KING ST", "End Street":"BERRY ST"}}, "geometry":{"type":"LineString", "coordinates":[[-122.394098476432, 37.7763838639054], [-122.393355125287, 37.7757873155429]]}}