{"type":"Feature", "properties":{"created_us":null, "direct":"2W", "barrier":null, "double":1, "fy":0, "dir":null, "streetname":"4TH", "cnn":19989000, "from_st":"CAMPUS WY", "length":0.07, "innovative":null, "date_last_":null, "time_last_":null, "year_insta":2011, "shape_leng":356.17645148, "update_yr":0, "number_":"33", "objectid_1":4884, "notes":"1", "sm_sweeper":0, "last_edite":null, "to_st":"16TH ST", "qtr":0, "street_":"4th St", "date_creat":null, "time_creat":null, "type":"ST", "shape_len":356.176451482, "facility_t":"BIKE LANE", "contraflow":0, "sharrow":0, "objectid":2575, "surface_tr":null, "region":"LINESTRING(-122.39089 37.767778,-122.3908 37.766802)", "name":"BIKE LANE - 4TH", "description":{"Length":0.07, "Type":"ST", "Runs Along":"4th St", "Start Street":"CAMPUS WY", "End Street":"16TH ST"}}, "geometry":{"type":"LineString", "coordinates":[[-122.39089041457, 37.7677778194596], [-122.390797169207, 37.766802441878]]}}