{"type":"Feature", "properties":{"created_us":null, "direct":"2W", "barrier":null, "double":0, "fy":0, "dir":null, "streetname":"VALENCIA", "cnn":13057000, "from_st":"14TH", "length":0.05, "innovative":null, "date_last_":null, "time_last_":null, "year_insta":1999, "shape_leng":243.5016571, "update_yr":0, "number_":"45", "objectid_1":2443, "notes":null, "sm_sweeper":0, "last_edite":null, "to_st":"ROSA PARKS LN", "qtr":0, "street_":"Valencia St", "date_creat":null, "time_creat":null, "type":"ST", "shape_len":243.501657106, "facility_t":"BIKE LANE", "contraflow":0, "sharrow":0, "objectid":2483, "surface_tr":null, "region":"LINESTRING(-122.4222 37.76814,-122.42213 37.767473)", "name":"BIKE LANE - VALENCIA", "description":{"Length":0.05, "Type":"ST", "Runs Along":"Valencia St", "Start Street":"14TH", "End Street":"ROSA PARKS LN"}}, "geometry":{"type":"LineString", "coordinates":[[-122.422199174024, 37.7681396833354], [-122.422134434614, 37.7674729222486]]}}