{"type":"Feature", "properties":{"created_us":null, "direct":"2W", "barrier":null, "double":1, "fy":0, "dir":null, "streetname":"SILVER", "cnn":11895000, "from_st":"LISBON ST", "length":0.03, "innovative":null, "date_last_":null, "time_last_":null, "year_insta":2005, "shape_leng":132.53145067, "update_yr":0, "number_":"70", "objectid_1":3442, "notes":"1", "sm_sweeper":0, "last_edite":null, "to_st":"CRAUT ST", "qtr":0, "street_":"Silver Ave", "date_creat":null, "time_creat":null, "type":"AVE", "shape_len":132.531450656, "facility_t":"BIKE ROUTE", "contraflow":0, "sharrow":1, "objectid":955, "surface_tr":null, "region":"LINESTRING(-122.42867 37.728534,-122.42821 37.728545)", "name":"BIKE ROUTE - SILVER", "description":{"Length":0.03, "Type":"AVE", "Runs Along":"Silver Ave", "Start Street":"LISBON ST", "End Street":"CRAUT ST"}}, "geometry":{"type":"LineString", "coordinates":[[-122.428666969224, 37.7285344326685], [-122.428208901727, 37.7285451372938]]}}