{"type":"Feature", "properties":{"created_us":null, "direct":"2W", "barrier":null, "double":0, "fy":0, "dir":null, "streetname":"OCEAN", "cnn":9835201, "from_st":"LAKEWOOD AV", "length":0.04, "innovative":null, "date_last_":null, "time_last_":null, "year_insta":2006, "shape_leng":236.06027489, "update_yr":0, "number_":"84", "objectid_1":974, "notes":null, "sm_sweeper":0, "last_edite":null, "to_st":"MANOR DR", "qtr":0, "street_":"Ocean Ave", "date_creat":null, "time_creat":null, "type":"AVE", "shape_len":236.060274901, "facility_t":"BIKE ROUTE", "contraflow":0, "sharrow":1, "objectid":987, "surface_tr":null, "region":"LINESTRING(-122.46457 37.726132,-122.46531 37.726405)", "name":"BIKE ROUTE - OCEAN", "description":{"Length":0.04, "Type":"AVE", "Runs Along":"Ocean Ave", "Start Street":"LAKEWOOD AV", "End Street":"MANOR DR"}}, "geometry":{"type":"LineString", "coordinates":[[-122.464572578807, 37.7261317882683], [-122.465312619299, 37.7264052756881]]}}