{"type":"Feature", "properties":{"created_us":null, "direct":"2W", "barrier":null, "double":1, "fy":0, "dir":null, "streetname":"STEINER", "cnn":12138000, "from_st":"WILMOT ST", "length":0.03, "innovative":null, "date_last_":null, "time_last_":null, "year_insta":2010, "shape_leng":171.87507501, "update_yr":0, "number_":"45", "objectid_1":3687, "notes":"1", "sm_sweeper":0, "last_edite":null, "to_st":"PINE ST", "qtr":0, "street_":"Steiner St", "date_creat":null, "time_creat":null, "type":"ST", "shape_len":171.875075003, "facility_t":"BIKE ROUTE", "contraflow":0, "sharrow":1, "objectid":1200, "surface_tr":null, "region":"LINESTRING(-122.4352 37.787275,-122.43529 37.787741)", "name":"BIKE ROUTE - STEINER", "description":{"Length":0.03, "Type":"ST", "Runs Along":"Steiner St", "Start Street":"WILMOT ST", "End Street":"PINE ST"}}, "geometry":{"type":"LineString", "coordinates":[[-122.435199288418, 37.7872750510913], [-122.43529313189, 37.787741164744]]}}