{"type":"Feature", "properties":{"created_us":null, "direct":"2W", "barrier":null, "double":0, "fy":0, "dir":null, "streetname":"HUNTERS POINT", "cnn":7093000, "from_st":"INNES AV", "length":0.08, "innovative":null, "date_last_":null, "time_last_":null, "year_insta":2002, "shape_leng":444.76990735, "update_yr":0, "number_":"68", "objectid_1":2097, "notes":null, "sm_sweeper":0, "last_edite":null, "to_st":"HUDSON AV", "qtr":0, "street_":"Hunters Point Blvd", "date_creat":null, "time_creat":null, "type":"BLVD", "shape_len":444.769907347, "facility_t":"BIKE LANE", "contraflow":0, "sharrow":0, "objectid":2128, "surface_tr":null, "region":"LINESTRING(-122.37664 37.732496,-122.37687 37.732684,-122.37699 37.732896,-122.37704 37.733158,-122.37697 37.733616)", "name":"BIKE LANE - HUNTERS POINT", "description":{"Length":0.08, "Type":"BLVD", "Runs Along":"Hunters Point Blvd", "Start Street":"INNES AV", "End Street":"HUDSON AV"}}, "geometry":{"type":"LineString", "coordinates":[[-122.376638034765, 37.7324961246818], [-122.376865904884, 37.7326844366746], [-122.376992029047, 37.7328957154051], [-122.377040563966, 37.7331581286434], [-122.376973855755, 37.733616344627]]}}