{"type":"Feature", "properties":{"created_us":null, "direct":"2W", "barrier":null, "double":0, "fy":0, "dir":null, "streetname":"SKYLINE", "cnn":11941000, "from_st":"ZOO RD", "length":0.13, "innovative":null, "date_last_":null, "time_last_":null, "year_insta":0, "shape_leng":671.00650992, "update_yr":0, "number_":"885", "objectid_1":244, "notes":null, "sm_sweeper":0, "last_edite":null, "to_st":"HARDING RD", "qtr":0, "street_":"Skyline Blvd", "date_creat":null, "time_creat":null, "type":"BLVD", "shape_len":671.00650993, "facility_t":"BIKE ROUTE", "contraflow":0, "sharrow":0, "objectid":241, "surface_tr":null, "region":"LINESTRING(-122.50177 37.728394,-122.5025 37.726645)", "name":"BIKE ROUTE - SKYLINE", "description":{"Length":0.13, "Type":"BLVD", "Runs Along":"Skyline Blvd", "Start Street":"ZOO RD", "End Street":"HARDING RD"}}, "geometry":{"type":"LineString", "coordinates":[[-122.501770499457, 37.728394037669], [-122.502501938072, 37.726645181782]]}}