{"type":"Feature", "properties":{"created_us":null, "direct":"2W", "barrier":null, "double":0, "fy":0, "dir":null, "streetname":"MONTEREY", "cnn":9288101, "from_st":"SAN ANDREAS WY", "length":0.09, "innovative":null, "date_last_":null, "time_last_":null, "year_insta":2012, "shape_leng":478.8465447, "update_yr":0, "number_":"70", "objectid_1":354, "notes":null, "sm_sweeper":0, "last_edite":null, "to_st":"SAN ANSELMO AV", "qtr":0, "street_":"Monterey Blvd", "date_creat":null, "time_creat":null, "type":"BLVD", "shape_len":478.846544703, "facility_t":"BIKE ROUTE", "contraflow":0, "sharrow":1, "objectid":353, "surface_tr":null, "region":"LINESTRING(-122.46442 37.732284,-122.46547 37.733056,-122.46566 37.733153)", "name":"BIKE ROUTE - MONTEREY", "description":{"Length":0.09, "Type":"BLVD", "Runs Along":"Monterey Blvd", "Start Street":"SAN ANDREAS WY", "End Street":"SAN ANSELMO AV"}}, "geometry":{"type":"LineString", "coordinates":[[-122.464419814544, 37.7322837057449], [-122.465470918196, 37.7330560268531], [-122.4656586782, 37.7331528988515]]}}