{"type":"Feature", "properties":{"created_us":null, "direct":"1W", "barrier":null, "double":0, "fy":0, "dir":"W", "streetname":"OTIS", "cnn":10046000, "from_st":"SOUTH VAN NESS AV", "length":0.08, "innovative":null, "date_last_":null, "time_last_":null, "year_insta":2010, "shape_leng":412.38756816, "update_yr":0, "number_":"36", "objectid_1":1877, "notes":null, "sm_sweeper":0, "last_edite":null, "to_st":"BRADY ST", "qtr":0, "street_":"Otis St", "date_creat":null, "time_creat":null, "type":"ST", "shape_len":412.387568161, "facility_t":"BIKE LANE", "contraflow":0, "sharrow":0, "objectid":1908, "surface_tr":null, "region":"LINESTRING(-122.41862 37.773053,-122.41882 37.77298,-122.41967 37.772303)", "name":"BIKE LANE - OTIS", "description":{"Length":0.08, "Type":"ST", "Runs Along":"Otis St", "Start Street":"SOUTH VAN NESS AV", "End Street":"BRADY ST"}}, "geometry":{"type":"LineString", "coordinates":[[-122.418618216347, 37.7730534541177], [-122.418817488596, 37.7729802103965], [-122.419671829561, 37.7723032038048]]}}