{"type":"Feature", "properties":{"created_us":null, "direct":"2W", "barrier":null, "double":1, "fy":0, "dir":null, "streetname":"JOHN F KENNEDY", "cnn":7530201, "from_st":"STANYAN ST", "length":0.06, "innovative":null, "date_last_":null, "time_last_":null, "year_insta":2005, "shape_leng":304.43125735, "update_yr":0, "number_":"65", "objectid_1":4372, "notes":"1", "sm_sweeper":0, "last_edite":null, "to_st":"UNNAMED #133", "qtr":0, "street_":"John F Kennedy Dr", "date_creat":null, "time_creat":null, "type":"DR", "shape_len":304.431257343, "facility_t":"BIKE LANE", "contraflow":0, "sharrow":0, "objectid":1961, "surface_tr":null, "region":"LINESTRING(-122.45398 37.771428,-122.45493 37.771072)", "name":"BIKE LANE - JOHN F KENNEDY", "description":{"Length":0.06, "Type":"DR", "Runs Along":"John F Kennedy Dr", "Start Street":"STANYAN ST", "End Street":"UNNAMED #133"}}, "geometry":{"type":"LineString", "coordinates":[[-122.453979522465, 37.7714283954237], [-122.454932132193, 37.7710717190004]]}}