{"type":"Feature", "properties":{"created_us":null, "direct":"2W", "barrier":null, "double":0, "fy":0, "dir":null, "streetname":"EUREKA", "cnn":5319000, "from_st":"19TH ST", "length":0.11, "innovative":null, "date_last_":null, "time_last_":null, "year_insta":2010, "shape_leng":572.54204576, "update_yr":0, "number_":"49", "objectid_1":689, "notes":null, "sm_sweeper":0, "last_edite":null, "to_st":"20TH ST", "qtr":0, "street_":"Eureka St", "date_creat":null, "time_creat":null, "type":"ST", "shape_len":572.542045759, "facility_t":"BIKE ROUTE", "contraflow":0, "sharrow":1, "objectid":693, "surface_tr":null, "region":"LINESTRING(-122.43811 37.759093,-122.43796 37.757525)", "name":"BIKE ROUTE - EUREKA", "description":{"Length":0.11, "Type":"ST", "Runs Along":"Eureka St", "Start Street":"19TH ST", "End Street":"20TH ST"}}, "geometry":{"type":"LineString", "coordinates":[[-122.438112354821, 37.7590926552144], [-122.437962373367, 37.7575247717441]]}}