{"type":"Feature", "properties":{"created_us":null, "direct":"2W", "barrier":null, "double":1, "fy":0, "dir":null, "streetname":"20TH", "cnn":19003000, "from_st":"WINSTON DR", "length":0.24, "innovative":null, "date_last_":null, "time_last_":null, "year_insta":0, "shape_leng":1259.36990167, "update_yr":0, "number_":"86", "objectid_1":2743, "notes":"1", "sm_sweeper":0, "last_edite":null, "to_st":"WINSTON DR", "qtr":0, "street_":"20th Ave", "date_creat":null, "time_creat":null, "type":"AVE", "shape_len":1259.36990166, "facility_t":"BIKE ROUTE", "contraflow":0, "sharrow":0, "objectid":228, "surface_tr":null, "region":"LINESTRING(-122.47594 37.730119,-122.47602 37.729117,-122.47594 37.728987,-122.47557 37.728743,-122.47561 37.727736,-122.47595 37.72751,-122.47601 37.7274,-122.47604 37.72695)", "name":"BIKE ROUTE - 20TH", "description":{"Length":0.24, "Type":"AVE", "Runs Along":"20th Ave", "Start Street":"WINSTON DR", "End Street":"WINSTON DR"}}, "geometry":{"type":"LineString", "coordinates":[[-122.475937334477, 37.7301188056181], [-122.476015206067, 37.7291172821169], [-122.475941065643, 37.7289867307267], [-122.475570005722, 37.7287428742375], [-122.47560877323, 37.7277355609404], [-122.475949754708, 37.7275095397149], [-122.476005188241, 37.7274001543068], [-122.476039472351, 37.7269499138681]]}}