{"type":"Feature", "properties":{"created_us":null, "direct":"2W", "barrier":null, "double":1, "fy":0, "dir":null, "streetname":"FOLSOM", "cnn":5651000, "from_st":"SPEAR ST", "length":0.07, "innovative":null, "date_last_":null, "time_last_":null, "year_insta":2005, "shape_leng":361.66472791, "update_yr":0, "number_":"5", "objectid_1":4447, "notes":"1", "sm_sweeper":0, "last_edite":null, "to_st":"MAIN ST", "qtr":0, "street_":"Folsom St", "date_creat":null, "time_creat":null, "type":"ST", "shape_len":361.664727912, "facility_t":"BIKE LANE", "contraflow":0, "sharrow":0, "objectid":2047, "surface_tr":null, "region":"LINESTRING(-122.39097 37.79007,-122.39186 37.789369)", "name":"BIKE LANE - FOLSOM", "description":{"Length":0.07, "Type":"ST", "Runs Along":"Folsom St", "Start Street":"SPEAR ST", "End Street":"MAIN ST"}}, "geometry":{"type":"LineString", "coordinates":[[-122.390971017685, 37.7900698004427], [-122.39185829031, 37.789369267732]]}}