{"type":"Feature", "properties":{"created_us":null, "direct":"2W", "barrier":null, "double":0, "fy":0, "dir":null, "streetname":"TAYLOR", "cnn":12443000, "from_st":"PLEASANT ST", "length":0.03, "innovative":null, "date_last_":null, "time_last_":null, "year_insta":2010, "shape_leng":162.34177795, "update_yr":0, "number_":"310", "objectid_1":468, "notes":null, "sm_sweeper":0, "last_edite":null, "to_st":"CLAY ST", "qtr":0, "street_":"Taylor St", "date_creat":null, "time_creat":null, "type":"ST", "shape_len":162.341777934, "facility_t":"BIKE ROUTE", "contraflow":0, "sharrow":1, "objectid":470, "surface_tr":null, "region":"LINESTRING(-122.41274 37.792992,-122.41283 37.793432)", "name":"BIKE ROUTE - TAYLOR", "description":{"Length":0.03, "Type":"ST", "Runs Along":"Taylor St", "Start Street":"PLEASANT ST", "End Street":"CLAY ST"}}, "geometry":{"type":"LineString", "coordinates":[[-122.412739418378, 37.7929922822928], [-122.41282921551, 37.7934323947852]]}}