{"type":"Feature", "properties":{"created_us":null, "direct":"2W", "barrier":null, "double":1, "fy":0, "dir":null, "streetname":"LINCOLN", "cnn":19442000, "from_st":"BATTERY DYNAMITE RD", "length":0.2, "innovative":null, "date_last_":null, "time_last_":null, "year_insta":2011, "shape_leng":1054.93477128, "update_yr":0, "number_":"55", "objectid_1":3952, "notes":"PRESIDIO", "sm_sweeper":0, "last_edite":null, "to_st":"MERCHANT RD", "qtr":0, "street_":"Lincoln Blvd", "date_creat":null, "time_creat":null, "type":"BLVD", "shape_len":1054.93477128, "facility_t":"BIKE LANE", "contraflow":0, "sharrow":0, "objectid":1476, "surface_tr":null, "region":"LINESTRING(-122.47758 37.801137,-122.47747 37.801346,-122.47731 37.801643,-122.47714 37.801864,-122.4769 37.802053,-122.47672 37.80226,-122.47594 37.803422,-122.47581 37.803653)", "name":"BIKE LANE - LINCOLN", "description":{"Length":0.2, "Type":"BLVD", "Runs Along":"Lincoln Blvd", "Start Street":"BATTERY DYNAMITE RD", "End Street":"MERCHANT RD"}}, "geometry":{"type":"LineString", "coordinates":[[-122.477578060124, 37.8011372274552], [-122.477473906407, 37.8013456608796], [-122.477314240234, 37.801642922328], [-122.47713796235, 37.8018636146182], [-122.476902566931, 37.8020532771519], [-122.476718399339, 37.8022603465348], [-122.475939242353, 37.803421994424], [-122.475810177914, 37.8036533624198]]}}