<?xml version="1.0" encoding="UTF-8"?><row _id="12561572" _uuid="26DA3663-F54C-4182-92E4-5207ACC5995D" _position="12561572" _address="http://data.sfgov.org/resource/ritf-b9ki/12561572"><incidntnum>150268225</incidntnum><category>OTHER OFFENSES</category><descript>PAROLE VIOLATION</descript><dayofweek>Thursday</dayofweek><date>2015-03-26T00:00:00</date><time>18:18</time><pddistrict>CENTRAL</pddistrict><resolution>ARREST, BOOKED</resolution><address>DRUMM ST / WASHINGTON ST</address><x>-122.396962385547</x><y>37.7963478739442</y><location human_address="{&quot;address&quot;:&quot;&quot;,&quot;city&quot;:&quot;&quot;,&quot;state&quot;:&quot;&quot;,&quot;zip&quot;:&quot;&quot;}" latitude="37.7963478739442" longitude="-122.396962385547" needs_recoding="false"/></row>