<?xml version="1.0" encoding="UTF-8"?><row _id="12562066" _uuid="7F8FB45B-DB50-475B-BEA5-4A915647D9CC" _position="12562066" _address="http://data.sfgov.org/resource/ritf-b9ki/12562066"><incidntnum>150272339</incidntnum><category>VEHICLE THEFT</category><descript>STOLEN AUTOMOBILE</descript><dayofweek>Friday</dayofweek><date>2015-03-27T00:00:00</date><time>22:00</time><pddistrict>PARK</pddistrict><resolution>NONE</resolution><address>FELL ST / BAKER ST</address><x>-122.440923876434</x><y>37.7736351065468</y><location human_address="{&quot;address&quot;:&quot;&quot;,&quot;city&quot;:&quot;&quot;,&quot;state&quot;:&quot;&quot;,&quot;zip&quot;:&quot;&quot;}" latitude="37.7736351065468" longitude="-122.440923876434" needs_recoding="false"/></row>