<?xml version="1.0" encoding="UTF-8"?><row _id="12561332" _uuid="A5137323-AA81-4D13-A990-9FE627B4BBCD" _position="12561332" _address="http://data.sfgov.org/resource/ritf-b9ki/12561332"><incidntnum>150266605</incidntnum><category>VEHICLE THEFT</category><descript>STOLEN AND RECOVERED VEHICLE</descript><dayofweek>Wednesday</dayofweek><date>2015-03-25T00:00:00</date><time>21:00</time><pddistrict>PARK</pddistrict><resolution>NONE</resolution><address>1700 Block of WALLER ST</address><x>-122.452540312646</x><y>37.7683901140691</y><location human_address="{&quot;address&quot;:&quot;&quot;,&quot;city&quot;:&quot;&quot;,&quot;state&quot;:&quot;&quot;,&quot;zip&quot;:&quot;&quot;}" latitude="37.7683901140691" longitude="-122.452540312646" needs_recoding="false"/></row>