<?xml version="1.0" encoding="UTF-8"?><row _id="12562868" _uuid="BB18148E-F541-4D52-9359-9A1B40576531" _position="12562868" _address="http://data.sfgov.org/resource/ritf-b9ki/12562868"><incidntnum>150276660</incidntnum><category>FRAUD</category><descript>FRAUDULENT USE OF AUTOMATED TELLER CARD</descript><dayofweek>Saturday</dayofweek><date>2015-03-28T00:00:00</date><time>00:30</time><pddistrict>NORTHERN</pddistrict><resolution>NONE</resolution><address>2600 Block of FRANKLIN ST</address><x>-122.425652971043</x><y>37.7988272243922</y><location human_address="{&quot;address&quot;:&quot;&quot;,&quot;city&quot;:&quot;&quot;,&quot;state&quot;:&quot;&quot;,&quot;zip&quot;:&quot;&quot;}" latitude="37.7988272243922" longitude="-122.425652971043" needs_recoding="false"/></row>