<?xml version="1.0" encoding="UTF-8"?><row _id="12566716" _uuid="7330217E-A7BE-4301-8162-4E1F63534190" _position="12566716" _address="http://data.sfgov.org/resource/ritf-b9ki/12566716"><incidntnum>150321754</incidntnum><category>NON-CRIMINAL</category><descript>AIDED CASE -PROPERTY FOR DESTRUCTION</descript><dayofweek>Monday</dayofweek><date>2015-04-06T00:00:00</date><time>07:30</time><pddistrict>TARAVAL</pddistrict><resolution>NONE</resolution><address>100 Block of RIVERTON DR</address><x>-122.487170428144</x><y>37.7314859236716</y><location human_address="{&quot;address&quot;:&quot;&quot;,&quot;city&quot;:&quot;&quot;,&quot;state&quot;:&quot;&quot;,&quot;zip&quot;:&quot;&quot;}" latitude="37.7314859236716" longitude="-122.487170428144" needs_recoding="false"/></row>