<?xml version="1.0" encoding="UTF-8"?><row _id="12561896" _uuid="179CCC5F-E118-4810-B3C4-61A638950617" _position="12561896" _address="http://data.sfgov.org/resource/ritf-b9ki/12561896"><incidntnum>150268059</incidntnum><category>ASSAULT</category><descript>BATTERY WITH SERIOUS INJURIES</descript><dayofweek>Thursday</dayofweek><date>2015-03-26T00:00:00</date><time>18:26</time><pddistrict>NORTHERN</pddistrict><resolution>NONE</resolution><address>1800 Block of GEARY BL</address><x>-122.433312427626</x><y>37.7845301385709</y><location human_address="{&quot;address&quot;:&quot;&quot;,&quot;city&quot;:&quot;&quot;,&quot;state&quot;:&quot;&quot;,&quot;zip&quot;:&quot;&quot;}" latitude="37.7845301385709" longitude="-122.433312427626" needs_recoding="false"/></row>