<?xml version="1.0" encoding="UTF-8"?><row _id="12561324" _uuid="CF6DAC44-D65F-4D35-ADD1-BCB63F39F7A7" _position="12561324" _address="http://data.sfgov.org/resource/ritf-b9ki/12561324"><incidntnum>150265550</incidntnum><category>ROBBERY</category><descript>ROBBERY, ARMED WITH A GUN</descript><dayofweek>Wednesday</dayofweek><date>2015-03-25T00:00:00</date><time>21:40</time><pddistrict>SOUTHERN</pddistrict><resolution>NONE</resolution><address>100 Block of BEALE ST</address><x>-122.394981000521</x><y>37.7905664891361</y><location human_address="{&quot;address&quot;:&quot;&quot;,&quot;city&quot;:&quot;&quot;,&quot;state&quot;:&quot;&quot;,&quot;zip&quot;:&quot;&quot;}" latitude="37.7905664891361" longitude="-122.394981000521" needs_recoding="false"/></row>