<?xml version="1.0" encoding="UTF-8"?><row _id="12571585" _uuid="9FB62BFF-B91C-4DF2-82B9-C3A3D876CDEF" _position="12571585" _address="http://data.sfgov.org/resource/ritf-b9ki/12571585"><incidntnum>150386980</incidntnum><category>VEHICLE THEFT</category><descript>STOLEN AUTOMOBILE</descript><dayofweek>Sunday</dayofweek><date>2015-05-03T00:00:00</date><time>18:00</time><pddistrict>INGLESIDE</pddistrict><resolution>NONE</resolution><address>STILL ST / ROTTECK ST</address><x>-122.430842583207</x><y>37.7318165333991</y><location human_address="{&quot;address&quot;:&quot;&quot;,&quot;city&quot;:&quot;&quot;,&quot;state&quot;:&quot;&quot;,&quot;zip&quot;:&quot;&quot;}" latitude="37.7318165333991" longitude="-122.430842583207" needs_recoding="false"/></row>