<?xml version="1.0" encoding="UTF-8"?><row _id="12562396" _uuid="A76CCEC1-DDC6-4141-869F-CFE0A155A23E" _position="12562396" _address="http://data.sfgov.org/resource/ritf-b9ki/12562396"><incidntnum>156078333</incidntnum><category>LARCENY/THEFT</category><descript>PETTY THEFT OF PROPERTY</descript><dayofweek>Friday</dayofweek><date>2015-03-27T00:00:00</date><time>16:20</time><pddistrict>TENDERLOIN</pddistrict><resolution>NONE</resolution><address>0 Block of 5THSTNORTH ST</address><x>-122.408648588965</x><y>37.7849124714135</y><location human_address="{&quot;address&quot;:&quot;&quot;,&quot;city&quot;:&quot;&quot;,&quot;state&quot;:&quot;&quot;,&quot;zip&quot;:&quot;&quot;}" latitude="37.7849124714135" longitude="-122.408648588965" needs_recoding="false"/></row>