<?xml version="1.0" encoding="UTF-8"?><row _id="12566342" _uuid="A9CB5227-A6DC-4B9A-8B40-057CBB3B9A69" _position="12566342" _address="http://data.sfgov.org/resource/ritf-b9ki/12566342"><incidntnum>150300009</incidntnum><category>NON-CRIMINAL</category><descript>AIDED CASE, SICK PERSON</descript><dayofweek>Monday</dayofweek><date>2015-04-06T00:00:00</date><time>08:19</time><pddistrict>MISSION</pddistrict><resolution>NONE</resolution><address>CAPP ST / 16TH ST</address><x>-122.418701003284</x><y>37.7651098786222</y><location human_address="{&quot;address&quot;:&quot;&quot;,&quot;city&quot;:&quot;&quot;,&quot;state&quot;:&quot;&quot;,&quot;zip&quot;:&quot;&quot;}" latitude="37.7651098786222" longitude="-122.418701003284" needs_recoding="false"/></row>