<?xml version="1.0" encoding="UTF-8"?><row _id="12561595" _uuid="D3FF6AAB-7518-45C7-971F-3F0159E9D485" _position="12561595" _address="http://data.sfgov.org/resource/ritf-b9ki/12561595"><incidntnum>150265663</incidntnum><category>DRUG/NARCOTIC</category><descript>POSSESSION OF METH-AMPHETAMINE</descript><dayofweek>Thursday</dayofweek><date>2015-03-26T00:00:00</date><time>00:30</time><pddistrict>MISSION</pddistrict><resolution>ARREST, BOOKED</resolution><address>600 Block of CAPP ST</address><x>-122.417802962628</x><y>37.7562822236574</y><location human_address="{&quot;address&quot;:&quot;&quot;,&quot;city&quot;:&quot;&quot;,&quot;state&quot;:&quot;&quot;,&quot;zip&quot;:&quot;&quot;}" latitude="37.7562822236574" longitude="-122.417802962628" needs_recoding="false"/></row>