<?xml version="1.0" encoding="UTF-8"?><row _id="12562853" _uuid="9B812B84-B0B2-4B20-BD11-1AD159065F03" _position="12562853" _address="http://data.sfgov.org/resource/ritf-b9ki/12562853"><incidntnum>150275117</incidntnum><category>ASSAULT</category><descript>AGGRAVATED ASSAULT WITH A DEADLY WEAPON</descript><dayofweek>Saturday</dayofweek><date>2015-03-28T00:00:00</date><time>10:00</time><pddistrict>RICHMOND</pddistrict><resolution>NONE</resolution><address>3300 Block of JACKSON ST</address><x>-122.45003737659</x><y>37.7905557908011</y><location human_address="{&quot;address&quot;:&quot;&quot;,&quot;city&quot;:&quot;&quot;,&quot;state&quot;:&quot;&quot;,&quot;zip&quot;:&quot;&quot;}" latitude="37.7905557908011" longitude="-122.45003737659" needs_recoding="false"/></row>