<?xml version="1.0" encoding="UTF-8"?><row _id="12563538" _uuid="B95CBBCF-10DD-4C59-AE10-BB6E4DC1A561" _position="12563538" _address="http://data.sfgov.org/resource/ritf-b9ki/12563538"><incidntnum>150278638</incidntnum><category>LIQUOR LAWS</category><descript>CONSUMING ALCOHOL IN PUBLIC VIEW</descript><dayofweek>Monday</dayofweek><date>2015-03-30T00:00:00</date><time>07:46</time><pddistrict>MISSION</pddistrict><resolution>ARREST, BOOKED</resolution><address>16TH ST / MISSION ST</address><x>-122.419671780296</x><y>37.7650501214668</y><location human_address="{&quot;address&quot;:&quot;&quot;,&quot;city&quot;:&quot;&quot;,&quot;state&quot;:&quot;&quot;,&quot;zip&quot;:&quot;&quot;}" latitude="37.7650501214668" longitude="-122.419671780296" needs_recoding="false"/></row>