<?xml version="1.0" encoding="UTF-8"?><row _id="12574211" _uuid="59B70C12-FCD8-457A-B520-439CB620A949" _position="12574211" _address="http://data.sfgov.org/resource/ritf-b9ki/12574211"><incidntnum>150342885</incidntnum><category>NON-CRIMINAL</category><descript>FOUND PROPERTY</descript><dayofweek>Sunday</dayofweek><date>2015-04-19T00:00:00</date><time>19:40</time><pddistrict>NORTHERN</pddistrict><resolution>NONE</resolution><address>200 Block of HICKORY ST</address><x>-122.423378483287</x><y>37.7753436683643</y><location human_address="{&quot;address&quot;:&quot;&quot;,&quot;city&quot;:&quot;&quot;,&quot;state&quot;:&quot;&quot;,&quot;zip&quot;:&quot;&quot;}" latitude="37.7753436683643" longitude="-122.423378483287" needs_recoding="false"/></row>