<?xml version="1.0" encoding="UTF-8"?><row _id="12564337" _uuid="22CA8CFC-1553-46AA-8954-4D68B5838BEC" _position="12564337" _address="http://data.sfgov.org/resource/ritf-b9ki/12564337"><incidntnum>156081370</incidntnum><category>LARCENY/THEFT</category><descript>GRAND THEFT FROM LOCKED AUTO</descript><dayofweek>Wednesday</dayofweek><date>2015-04-01T00:00:00</date><time>17:30</time><pddistrict>SOUTHERN</pddistrict><resolution>NONE</resolution><address>2ND ST / BRANNAN ST</address><x>-122.392082305321</x><y>37.7818457722573</y><location human_address="{&quot;address&quot;:&quot;&quot;,&quot;city&quot;:&quot;&quot;,&quot;state&quot;:&quot;&quot;,&quot;zip&quot;:&quot;&quot;}" latitude="37.7818457722573" longitude="-122.392082305321" needs_recoding="false"/></row>