<?xml version="1.0" encoding="UTF-8"?><row _id="12567614" _uuid="3135A74E-D095-4B03-8710-52273C42B35A" _position="12567614" _address="http://data.sfgov.org/resource/ritf-b9ki/12567614"><incidntnum>150310688</incidntnum><category>ASSAULT</category><descript>BATTERY</descript><dayofweek>Thursday</dayofweek><date>2015-04-09T00:00:00</date><time>16:45</time><pddistrict>NORTHERN</pddistrict><resolution>NONE</resolution><address>1000 Block of GEARY ST</address><x>-122.420592674438</x><y>37.785841624062</y><location human_address="{&quot;address&quot;:&quot;&quot;,&quot;city&quot;:&quot;&quot;,&quot;state&quot;:&quot;&quot;,&quot;zip&quot;:&quot;&quot;}" latitude="37.785841624062" longitude="-122.420592674438" needs_recoding="false"/></row>