<?xml version="1.0" encoding="UTF-8"?><row _id="12564140" _uuid="EA29BDA4-0B31-493C-B55F-6A8941B5E41A" _position="12564140" _address="http://data.sfgov.org/resource/ritf-b9ki/12564140"><incidntnum>150292365</incidntnum><category>SUSPICIOUS OCC</category><descript>SUSPICIOUS OCCURRENCE</descript><dayofweek>Tuesday</dayofweek><date>2015-03-31T00:00:00</date><time>15:39</time><pddistrict>MISSION</pddistrict><resolution>NONE</resolution><address>600 Block of FLORIDA ST</address><x>-122.411093822635</x><y>37.7610475742041</y><location human_address="{&quot;address&quot;:&quot;&quot;,&quot;city&quot;:&quot;&quot;,&quot;state&quot;:&quot;&quot;,&quot;zip&quot;:&quot;&quot;}" latitude="37.7610475742041" longitude="-122.411093822635" needs_recoding="false"/></row>