<?xml version="1.0" encoding="UTF-8"?><row _id="12566634" _uuid="0BA94026-CF57-4FC7-BC4D-B9D60B37295F" _position="12566634" _address="http://data.sfgov.org/resource/ritf-b9ki/12566634"><incidntnum>156089603</incidntnum><category>LARCENY/THEFT</category><descript>GRAND THEFT FROM LOCKED AUTO</descript><dayofweek>Monday</dayofweek><date>2015-04-06T00:00:00</date><time>04:00</time><pddistrict>INGLESIDE</pddistrict><resolution>NONE</resolution><address>3200 Block of FOLSOM ST</address><x>-122.413385227533</x><y>37.7459615836332</y><location human_address="{&quot;address&quot;:&quot;&quot;,&quot;city&quot;:&quot;&quot;,&quot;state&quot;:&quot;&quot;,&quot;zip&quot;:&quot;&quot;}" latitude="37.7459615836332" longitude="-122.413385227533" needs_recoding="false"/></row>