<?xml version="1.0" encoding="UTF-8"?><row _id="12575457" _uuid="F0CC8395-E20A-43AF-AEF5-330EF48989D2" _position="12575457" _address="http://data.sfgov.org/resource/ritf-b9ki/12575457"><incidntnum>150363110</incidntnum><category>ASSAULT</category><descript>AGGRAVATED ASSAULT WITH A DEADLY WEAPON</descript><dayofweek>Sunday</dayofweek><date>2015-04-26T00:00:00</date><time>13:25</time><pddistrict>MISSION</pddistrict><resolution>NONE</resolution><address>1400 Block of GUERRERO ST</address><x>-122.422653714835</x><y>37.7483830829847</y><location human_address="{&quot;address&quot;:&quot;&quot;,&quot;city&quot;:&quot;&quot;,&quot;state&quot;:&quot;&quot;,&quot;zip&quot;:&quot;&quot;}" latitude="37.7483830829847" longitude="-122.422653714835" needs_recoding="false"/></row>