<?xml version="1.0" encoding="UTF-8"?><row _id="12561112" _uuid="CD42207C-9AFA-4B21-926F-C2A5830EFAB8" _position="12561112" _address="http://data.sfgov.org/resource/ritf-b9ki/12561112"><incidntnum>150265475</incidntnum><category>OTHER OFFENSES</category><descript>DRIVERS LICENSE, SUSPENDED OR REVOKED</descript><dayofweek>Wednesday</dayofweek><date>2015-03-25T00:00:00</date><time>22:00</time><pddistrict>CENTRAL</pddistrict><resolution>ARREST, CITED</resolution><address>POWELL ST / GEARY ST</address><x>-122.408231026261</x><y>37.787359494956</y><location human_address="{&quot;address&quot;:&quot;&quot;,&quot;city&quot;:&quot;&quot;,&quot;state&quot;:&quot;&quot;,&quot;zip&quot;:&quot;&quot;}" latitude="37.787359494956" longitude="-122.408231026261" needs_recoding="false"/></row>