<?xml version="1.0" encoding="UTF-8"?><row _id="12561753" _uuid="50E13C45-6814-46E1-846D-2B0DD67DF35F" _position="12561753" _address="http://data.sfgov.org/resource/ritf-b9ki/12561753"><incidntnum>150266934</incidntnum><category>OTHER OFFENSES</category><descript>VIOLATION OF MUNICIPAL POLICE CODE</descript><dayofweek>Thursday</dayofweek><date>2015-03-26T00:00:00</date><time>13:24</time><pddistrict>SOUTHERN</pddistrict><resolution>ARREST, BOOKED</resolution><address>0 Block of UNITEDNATIONS PZ</address><x>-122.414317857881</x><y>37.7799444052046</y><location human_address="{&quot;address&quot;:&quot;&quot;,&quot;city&quot;:&quot;&quot;,&quot;state&quot;:&quot;&quot;,&quot;zip&quot;:&quot;&quot;}" latitude="37.7799444052046" longitude="-122.414317857881" needs_recoding="false"/></row>