<?xml version="1.0" encoding="UTF-8"?><row _id="12561934" _uuid="DB99ECFB-BC85-4A05-8C8F-5A05BF48D867" _position="12561934" _address="http://data.sfgov.org/resource/ritf-b9ki/12561934"><incidntnum>150270123</incidntnum><category>NON-CRIMINAL</category><descript>AIDED CASE, MENTAL DISTURBED</descript><dayofweek>Friday</dayofweek><date>2015-03-27T00:00:00</date><time>11:48</time><pddistrict>SOUTHERN</pddistrict><resolution>NONE</resolution><address>3RD ST / HOWARD ST</address><x>-122.400473580152</x><y>37.7850290611875</y><location human_address="{&quot;address&quot;:&quot;&quot;,&quot;city&quot;:&quot;&quot;,&quot;state&quot;:&quot;&quot;,&quot;zip&quot;:&quot;&quot;}" latitude="37.7850290611875" longitude="-122.400473580152" needs_recoding="false"/></row>