<?xml version="1.0" encoding="UTF-8"?><row _id="12615941" _uuid="BB0134A6-B0DC-44D6-8497-F30ABBE5B04F" _position="12615941" _address="http://data.sfgov.org/resource/ritf-b9ki/12615941"><incidntnum>150534361</incidntnum><category>NON-CRIMINAL</category><descript>COURTESY REPORT</descript><dayofweek>Wednesday</dayofweek><date>2015-04-15T00:00:00</date><time>00:01</time><pddistrict>INGLESIDE</pddistrict><resolution>NONE</resolution><address>100 Block of LAWRENCE AV</address><x>-122.45226679289</x><y>37.7104419689555</y><location human_address="{&quot;address&quot;:&quot;&quot;,&quot;city&quot;:&quot;&quot;,&quot;state&quot;:&quot;&quot;,&quot;zip&quot;:&quot;&quot;}" latitude="37.7104419689555" longitude="-122.45226679289" needs_recoding="false"/></row>