<?xml version="1.0" encoding="UTF-8"?><row _id="12564973" _uuid="05A964C9-FC95-4518-BDB5-37E7104A84F6" _position="12564973" _address="http://data.sfgov.org/resource/ritf-b9ki/12564973"><incidntnum>150293971</incidntnum><category>WARRANTS</category><descript>ENROUTE TO OUTSIDE JURISDICTION</descript><dayofweek>Friday</dayofweek><date>2015-04-03T00:00:00</date><time>21:44</time><pddistrict>NORTHERN</pddistrict><resolution>ARREST, BOOKED</resolution><address>GOUGH ST / GROVE ST</address><x>-122.423168378741</x><y>37.7778157444577</y><location human_address="{&quot;address&quot;:&quot;&quot;,&quot;city&quot;:&quot;&quot;,&quot;state&quot;:&quot;&quot;,&quot;zip&quot;:&quot;&quot;}" latitude="37.7778157444577" longitude="-122.423168378741" needs_recoding="false"/></row>