<?xml version="1.0" encoding="UTF-8"?><row _id="12563332" _uuid="3741E4C8-B3AE-459A-9142-8CF5507D5CF4" _position="12563332" _address="http://data.sfgov.org/resource/ritf-b9ki/12563332"><incidntnum>150281039</incidntnum><category>OTHER OFFENSES</category><descript>VIOLATION OF RESTRAINING ORDER</descript><dayofweek>Sunday</dayofweek><date>2015-03-29T00:00:00</date><time>23:00</time><pddistrict>PARK</pddistrict><resolution>NONE</resolution><address>1700 Block of MCALLISTER ST</address><x>-122.440879521853</x><y>37.7775321935218</y><location human_address="{&quot;address&quot;:&quot;&quot;,&quot;city&quot;:&quot;&quot;,&quot;state&quot;:&quot;&quot;,&quot;zip&quot;:&quot;&quot;}" latitude="37.7775321935218" longitude="-122.440879521853" needs_recoding="false"/></row>