<?xml version="1.0" encoding="UTF-8"?><row _id="12572674" _uuid="E2662DE3-27EB-4E94-B404-595F8A0BE05E" _position="12572674" _address="http://data.sfgov.org/resource/ritf-b9ki/12572674"><incidntnum>156094583</incidntnum><category>LARCENY/THEFT</category><descript>GRAND THEFT FROM LOCKED AUTO</descript><dayofweek>Saturday</dayofweek><date>2015-04-18T00:00:00</date><time>20:41</time><pddistrict>NORTHERN</pddistrict><resolution>NONE</resolution><address>BROADWAY ST / LAGUNA ST</address><x>-122.42999047331</x><y>37.794894461049</y><location human_address="{&quot;address&quot;:&quot;&quot;,&quot;city&quot;:&quot;&quot;,&quot;state&quot;:&quot;&quot;,&quot;zip&quot;:&quot;&quot;}" latitude="37.794894461049" longitude="-122.42999047331" needs_recoding="false"/></row>