<?xml version="1.0" encoding="UTF-8"?><row _id="12561357" _uuid="D9DCD388-C373-4E7F-9CDB-235BA04968CC" _position="12561357" _address="http://data.sfgov.org/resource/ritf-b9ki/12561357"><incidntnum>150270054</incidntnum><category>ASSAULT</category><descript>BATTERY</descript><dayofweek>Wednesday</dayofweek><date>2015-03-25T00:00:00</date><time>11:51</time><pddistrict>TENDERLOIN</pddistrict><resolution>NONE</resolution><address>300 Block of EDDY ST</address><x>-122.413790972781</x><y>37.7838365565348</y><location human_address="{&quot;address&quot;:&quot;&quot;,&quot;city&quot;:&quot;&quot;,&quot;state&quot;:&quot;&quot;,&quot;zip&quot;:&quot;&quot;}" latitude="37.7838365565348" longitude="-122.413790972781" needs_recoding="false"/></row>