<?xml version="1.0" encoding="UTF-8"?><row _id="12572777" _uuid="88CFEE02-C60D-41C2-8A12-E79A1C94D55B" _position="12572777" _address="http://data.sfgov.org/resource/ritf-b9ki/12572777"><incidntnum>156097753</incidntnum><category>LARCENY/THEFT</category><descript>GRAND THEFT FROM UNLOCKED AUTO</descript><dayofweek>Tuesday</dayofweek><date>2015-04-21T00:00:00</date><time>19:00</time><pddistrict>INGLESIDE</pddistrict><resolution>NONE</resolution><address>CRAUT ST / TRUMBULL ST</address><x>-122.428391365512</x><y>37.7307881195475</y><location human_address="{&quot;address&quot;:&quot;&quot;,&quot;city&quot;:&quot;&quot;,&quot;state&quot;:&quot;&quot;,&quot;zip&quot;:&quot;&quot;}" latitude="37.7307881195475" longitude="-122.428391365512" needs_recoding="false"/></row>