<?xml version="1.0" encoding="UTF-8"?><row _id="12562088" _uuid="681B4D46-C477-4680-999D-E1D20AF316BE" _position="12562088" _address="http://data.sfgov.org/resource/ritf-b9ki/12562088"><incidntnum>156078145</incidntnum><category>LARCENY/THEFT</category><descript>GRAND THEFT FROM UNLOCKED AUTO</descript><dayofweek>Friday</dayofweek><date>2015-03-27T00:00:00</date><time>10:00</time><pddistrict>RICHMOND</pddistrict><resolution>NONE</resolution><address>CLAY ST / DIVISADERO ST</address><x>-122.440808277895</x><y>37.7898713392513</y><location human_address="{&quot;address&quot;:&quot;&quot;,&quot;city&quot;:&quot;&quot;,&quot;state&quot;:&quot;&quot;,&quot;zip&quot;:&quot;&quot;}" latitude="37.7898713392513" longitude="-122.440808277895" needs_recoding="false"/></row>