<?xml version="1.0" encoding="UTF-8"?><row _id="12563791" _uuid="09DFCAB7-2E36-4749-A9B1-154795734BE1" _position="12563791" _address="http://data.sfgov.org/resource/ritf-b9ki/12563791"><incidntnum>156080463</incidntnum><category>LARCENY/THEFT</category><descript>GRAND THEFT FROM LOCKED AUTO</descript><dayofweek>Monday</dayofweek><date>2015-03-30T00:00:00</date><time>02:00</time><pddistrict>SOUTHERN</pddistrict><resolution>NONE</resolution><address>0 Block of 9TH ST</address><x>-122.414953043045</x><y>37.7765019124574</y><location human_address="{&quot;address&quot;:&quot;&quot;,&quot;city&quot;:&quot;&quot;,&quot;state&quot;:&quot;&quot;,&quot;zip&quot;:&quot;&quot;}" latitude="37.7765019124574" longitude="-122.414953043045" needs_recoding="false"/></row>