<?xml version="1.0" encoding="UTF-8"?><row _id="12561764" _uuid="497D8F81-70A4-4809-B28B-9FE6236E1A61" _position="12561764" _address="http://data.sfgov.org/resource/ritf-b9ki/12561764"><incidntnum>150267904</incidntnum><category>NON-CRIMINAL</category><descript>AIDED CASE, MENTAL DISTURBED</descript><dayofweek>Thursday</dayofweek><date>2015-03-26T00:00:00</date><time>17:41</time><pddistrict>NORTHERN</pddistrict><resolution>NONE</resolution><address>1400 Block of UNION ST</address><x>-122.423186280678</x><y>37.7987092470665</y><location human_address="{&quot;address&quot;:&quot;&quot;,&quot;city&quot;:&quot;&quot;,&quot;state&quot;:&quot;&quot;,&quot;zip&quot;:&quot;&quot;}" latitude="37.7987092470665" longitude="-122.423186280678" needs_recoding="false"/></row>