<?xml version="1.0" encoding="UTF-8"?><row _id="12562850" _uuid="F3F9820B-DF8E-4AD8-AF98-EBB69E64D711" _position="12562850" _address="http://data.sfgov.org/resource/ritf-b9ki/12562850"><incidntnum>150274880</incidntnum><category>OTHER OFFENSES</category><descript>PROBATION VIOLATION</descript><dayofweek>Saturday</dayofweek><date>2015-03-28T00:00:00</date><time>19:00</time><pddistrict>NORTHERN</pddistrict><resolution>ARREST, BOOKED</resolution><address>100 Block of LARKIN ST</address><x>-122.416607695115</x><y>37.7791387543353</y><location human_address="{&quot;address&quot;:&quot;&quot;,&quot;city&quot;:&quot;&quot;,&quot;state&quot;:&quot;&quot;,&quot;zip&quot;:&quot;&quot;}" latitude="37.7791387543353" longitude="-122.416607695115" needs_recoding="false"/></row>