<?xml version="1.0" encoding="UTF-8"?><row _id="12562249" _uuid="C40ADFF3-DF03-439C-AD37-D64C79905A3C" _position="12562249" _address="http://data.sfgov.org/resource/ritf-b9ki/12562249"><incidntnum>156076478</incidntnum><category>LARCENY/THEFT</category><descript>GRAND THEFT FROM LOCKED AUTO</descript><dayofweek>Friday</dayofweek><date>2015-03-27T00:00:00</date><time>19:00</time><pddistrict>SOUTHERN</pddistrict><resolution>NONE</resolution><address>800 Block of BRYANT ST</address><x>-122.403404791479</x><y>37.775420706711</y><location human_address="{&quot;address&quot;:&quot;&quot;,&quot;city&quot;:&quot;&quot;,&quot;state&quot;:&quot;&quot;,&quot;zip&quot;:&quot;&quot;}" latitude="37.775420706711" longitude="-122.403404791479" needs_recoding="false"/></row>