<?xml version="1.0" encoding="UTF-8"?><row _id="12561583" _uuid="A465ADBD-0942-4ECE-8EF7-3014F2E89F08" _position="12561583" _address="http://data.sfgov.org/resource/ritf-b9ki/12561583"><incidntnum>150279084</incidntnum><category>ASSAULT</category><descript>THREATS AGAINST LIFE</descript><dayofweek>Thursday</dayofweek><date>2015-03-26T00:00:00</date><time>16:30</time><pddistrict>SOUTHERN</pddistrict><resolution>NONE</resolution><address>5TH ST / MARKET ST</address><x>-122.408068345148</x><y>37.7839916768161</y><location human_address="{&quot;address&quot;:&quot;&quot;,&quot;city&quot;:&quot;&quot;,&quot;state&quot;:&quot;&quot;,&quot;zip&quot;:&quot;&quot;}" latitude="37.7839916768161" longitude="-122.408068345148" needs_recoding="false"/></row>