<?xml version="1.0" encoding="UTF-8"?><row _id="12562244" _uuid="6C734125-E70F-4026-A7B4-0CE31F2E5258" _position="12562244" _address="http://data.sfgov.org/resource/ritf-b9ki/12562244"><incidntnum>150276933</incidntnum><category>BURGLARY</category><descript>BURGLARY OF APARTMENT HOUSE, UNLAWFUL ENTRY</descript><dayofweek>Friday</dayofweek><date>2015-03-27T00:00:00</date><time>20:00</time><pddistrict>MISSION</pddistrict><resolution>NONE</resolution><address>3000 Block of CESAR CHAVEZ ST</address><x>-122.410099481127</x><y>37.7484273645391</y><location human_address="{&quot;address&quot;:&quot;&quot;,&quot;city&quot;:&quot;&quot;,&quot;state&quot;:&quot;&quot;,&quot;zip&quot;:&quot;&quot;}" latitude="37.7484273645391" longitude="-122.410099481127" needs_recoding="false"/></row>