<?xml version="1.0" encoding="UTF-8"?><row _id="12565840" _uuid="466FF83E-C7BE-4ABE-A221-BE4E907A4EAA" _position="12565840" _address="http://data.sfgov.org/resource/ritf-b9ki/12565840"><incidntnum>150294242</incidntnum><category>DRUG/NARCOTIC</category><descript>LOITERING WHERE NARCOTICS ARE SOLD/USED</descript><dayofweek>Saturday</dayofweek><date>2015-04-04T00:00:00</date><time>00:02</time><pddistrict>TENDERLOIN</pddistrict><resolution>ARREST, BOOKED</resolution><address>100 Block of MCALLISTER ST</address><x>-122.41452262258</x><y>37.7808752665663</y><location human_address="{&quot;address&quot;:&quot;&quot;,&quot;city&quot;:&quot;&quot;,&quot;state&quot;:&quot;&quot;,&quot;zip&quot;:&quot;&quot;}" latitude="37.7808752665663" longitude="-122.41452262258" needs_recoding="false"/></row>