<?xml version="1.0" encoding="UTF-8"?><row _id="12567123" _uuid="C6758D67-A97A-4DA9-B8D6-FCC9EF9641C1" _position="12567123" _address="http://data.sfgov.org/resource/ritf-b9ki/12567123"><incidntnum>150309465</incidntnum><category>VEHICLE THEFT</category><descript>STOLEN AND RECOVERED VEHICLE</descript><dayofweek>Wednesday</dayofweek><date>2015-04-08T00:00:00</date><time>14:00</time><pddistrict>MISSION</pddistrict><resolution>ARREST, BOOKED</resolution><address>15TH ST / CHURCH ST</address><x>-122.428820922736</x><y>37.7661286357813</y><location human_address="{&quot;address&quot;:&quot;&quot;,&quot;city&quot;:&quot;&quot;,&quot;state&quot;:&quot;&quot;,&quot;zip&quot;:&quot;&quot;}" latitude="37.7661286357813" longitude="-122.428820922736" needs_recoding="false"/></row>