<?xml version="1.0" encoding="UTF-8"?><row _id="12563650" _uuid="71F2970F-64AF-49D3-B1B7-663ED392E13F" _position="12563650" _address="http://data.sfgov.org/resource/ritf-b9ki/12563650"><incidntnum>150279573</incidntnum><category>BURGLARY</category><descript>BURGLARY OF RESIDENCE, UNLAWFUL ENTRY</descript><dayofweek>Monday</dayofweek><date>2015-03-30T00:00:00</date><time>12:15</time><pddistrict>TARAVAL</pddistrict><resolution>NONE</resolution><address>1600 Block of 26TH AV</address><x>-122.48423713252</x><y>37.7566859879871</y><location human_address="{&quot;address&quot;:&quot;&quot;,&quot;city&quot;:&quot;&quot;,&quot;state&quot;:&quot;&quot;,&quot;zip&quot;:&quot;&quot;}" latitude="37.7566859879871" longitude="-122.48423713252" needs_recoding="false"/></row>