<?xml version="1.0" encoding="UTF-8"?><row _id="12562626" _uuid="6AA13AD1-8FC3-4224-92EC-74460D7015CE" _position="12562626" _address="http://data.sfgov.org/resource/ritf-b9ki/12562626"><incidntnum>156076569</incidntnum><category>LARCENY/THEFT</category><descript>GRAND THEFT FROM LOCKED AUTO</descript><dayofweek>Saturday</dayofweek><date>2015-03-28T00:00:00</date><time>22:00</time><pddistrict>SOUTHERN</pddistrict><resolution>NONE</resolution><address>11TH ST / DIVISION ST</address><x>-122.410932750782</x><y>37.769411384942</y><location human_address="{&quot;address&quot;:&quot;&quot;,&quot;city&quot;:&quot;&quot;,&quot;state&quot;:&quot;&quot;,&quot;zip&quot;:&quot;&quot;}" latitude="37.769411384942" longitude="-122.410932750782" needs_recoding="false"/></row>