<?xml version="1.0" encoding="UTF-8"?><row _id="12563006" _uuid="D25C902A-05F4-4A39-830C-E25D0AE4F58B" _position="12563006" _address="http://data.sfgov.org/resource/ritf-b9ki/12563006"><incidntnum>150272618</incidntnum><category>FRAUD</category><descript>FALSE REPORT OF EMERGENCY</descript><dayofweek>Saturday</dayofweek><date>2015-03-28T00:00:00</date><time>02:14</time><pddistrict>MISSION</pddistrict><resolution>ARREST, BOOKED</resolution><address>400 Block of CASTRO ST</address><x>-122.435012093789</x><y>37.7617677182954</y><location human_address="{&quot;address&quot;:&quot;&quot;,&quot;city&quot;:&quot;&quot;,&quot;state&quot;:&quot;&quot;,&quot;zip&quot;:&quot;&quot;}" latitude="37.7617677182954" longitude="-122.435012093789" needs_recoding="false"/></row>