<?xml version="1.0" encoding="UTF-8"?><row _id="12563282" _uuid="DDB475E0-45F4-4CD3-AFE5-527CFF63440B" _position="12563282" _address="http://data.sfgov.org/resource/ritf-b9ki/12563282"><incidntnum>150276983</incidntnum><category>VANDALISM</category><descript>MALICIOUS MISCHIEF, VANDALISM OF VEHICLES</descript><dayofweek>Sunday</dayofweek><date>2015-03-29T00:00:00</date><time>12:30</time><pddistrict>RICHMOND</pddistrict><resolution>NONE</resolution><address>600 Block of POINTLOBOS AV</address><x>-122.510524514092</x><y>37.7798399991998</y><location human_address="{&quot;address&quot;:&quot;&quot;,&quot;city&quot;:&quot;&quot;,&quot;state&quot;:&quot;&quot;,&quot;zip&quot;:&quot;&quot;}" latitude="37.7798399991998" longitude="-122.510524514092" needs_recoding="false"/></row>