<?xml version="1.0" encoding="UTF-8"?><row _id="12569637" _uuid="13E0F786-0CEC-4D7F-A7BC-8161BF94760E" _position="12569637" _address="http://data.sfgov.org/resource/ritf-b9ki/12569637"><incidntnum>156091034</incidntnum><category>LARCENY/THEFT</category><descript>GRAND THEFT FROM LOCKED AUTO</descript><dayofweek>Wednesday</dayofweek><date>2015-04-15T00:00:00</date><time>16:45</time><pddistrict>SOUTHERN</pddistrict><resolution>NONE</resolution><address>200 Block of INTERSTATE80 HY</address><x>-122.365565425353</x><y>37.8096707013239</y><location human_address="{&quot;address&quot;:&quot;&quot;,&quot;city&quot;:&quot;&quot;,&quot;state&quot;:&quot;&quot;,&quot;zip&quot;:&quot;&quot;}" latitude="37.8096707013239" longitude="-122.365565425353" needs_recoding="false"/></row>