<?xml version="1.0" encoding="UTF-8"?><row _id="12562669" _uuid="EC884FBC-7592-4E65-B1E9-C18DFC71AD03" _position="12562669" _address="http://data.sfgov.org/resource/ritf-b9ki/12562669"><incidntnum>150300736</incidntnum><category>VEHICLE THEFT</category><descript>STOLEN AUTOMOBILE</descript><dayofweek>Saturday</dayofweek><date>2015-03-28T00:00:00</date><time>11:00</time><pddistrict>INGLESIDE</pddistrict><resolution>NONE</resolution><address>ALEMANY BL / NIAGARA AV</address><x>-122.443431336456</x><y>37.7169710305814</y><location human_address="{&quot;address&quot;:&quot;&quot;,&quot;city&quot;:&quot;&quot;,&quot;state&quot;:&quot;&quot;,&quot;zip&quot;:&quot;&quot;}" latitude="37.7169710305814" longitude="-122.443431336456" needs_recoding="false"/></row>