<?xml version="1.0" encoding="UTF-8"?><row _id="12568432" _uuid="A48846CF-6FB8-4715-983E-7E9306AAAB8A" _position="12568432" _address="http://data.sfgov.org/resource/ritf-b9ki/12568432"><incidntnum>150319044</incidntnum><category>VANDALISM</category><descript>MALICIOUS MISCHIEF, VANDALISM OF VEHICLES</descript><dayofweek>Saturday</dayofweek><date>2015-04-11T00:00:00</date><time>18:00</time><pddistrict>TARAVAL</pddistrict><resolution>NONE</resolution><address>3200 Block of VICENTE ST</address><x>-122.501692618292</x><y>37.7382227081319</y><location human_address="{&quot;address&quot;:&quot;&quot;,&quot;city&quot;:&quot;&quot;,&quot;state&quot;:&quot;&quot;,&quot;zip&quot;:&quot;&quot;}" latitude="37.7382227081319" longitude="-122.501692618292" needs_recoding="false"/></row>