<?xml version="1.0" encoding="UTF-8"?><row _id="12561822" _uuid="E01902CD-41A0-4DD5-8929-B9C181FE0EF8" _position="12561822" _address="http://data.sfgov.org/resource/ritf-b9ki/12561822"><incidntnum>150266213</incidntnum><category>VEHICLE THEFT</category><descript>STOLEN TRUCK</descript><dayofweek>Thursday</dayofweek><date>2015-03-26T00:00:00</date><time>04:00</time><pddistrict>TARAVAL</pddistrict><resolution>NONE</resolution><address>3600 Block of IRVING ST</address><x>-122.496955695749</x><y>37.7626324263918</y><location human_address="{&quot;address&quot;:&quot;&quot;,&quot;city&quot;:&quot;&quot;,&quot;state&quot;:&quot;&quot;,&quot;zip&quot;:&quot;&quot;}" latitude="37.7626324263918" longitude="-122.496955695749" needs_recoding="false"/></row>