<?xml version="1.0" encoding="UTF-8"?><row _id="12570741" _uuid="288D7126-BF90-4A72-BCCE-FB9B0E985105" _position="12570741" _address="http://data.sfgov.org/resource/ritf-b9ki/12570741"><incidntnum>150355822</incidntnum><category>MISSING PERSON</category><descript>FOUND PERSON</descript><dayofweek>Wednesday</dayofweek><date>2015-04-22T00:00:00</date><time>19:20</time><pddistrict>SOUTHERN</pddistrict><resolution>NONE</resolution><address>11TH ST / HARRISON ST</address><x>-122.41248326348</x><y>37.7706305910776</y><location human_address="{&quot;address&quot;:&quot;&quot;,&quot;city&quot;:&quot;&quot;,&quot;state&quot;:&quot;&quot;,&quot;zip&quot;:&quot;&quot;}" latitude="37.7706305910776" longitude="-122.41248326348" needs_recoding="false"/></row>