<?xml version="1.0" encoding="UTF-8"?><row _id="12562575" _uuid="12782326-6072-42D8-8B63-1AD689A6FFC6" _position="12562575" _address="http://data.sfgov.org/resource/ritf-b9ki/12562575"><incidntnum>150274363</incidntnum><category>WARRANTS</category><descript>ENROUTE TO OUTSIDE JURISDICTION</descript><dayofweek>Saturday</dayofweek><date>2015-03-28T00:00:00</date><time>16:49</time><pddistrict>BAYVIEW</pddistrict><resolution>ARREST, BOOKED</resolution><address>PALOU AV / PHELPS ST</address><x>-122.394663664141</x><y>37.7361067444222</y><location human_address="{&quot;address&quot;:&quot;&quot;,&quot;city&quot;:&quot;&quot;,&quot;state&quot;:&quot;&quot;,&quot;zip&quot;:&quot;&quot;}" latitude="37.7361067444222" longitude="-122.394663664141" needs_recoding="false"/></row>