<?xml version="1.0" encoding="UTF-8"?><row _id="12562548" _uuid="32F17FBC-E50D-4831-B6A1-15A20DAAABDC" _position="12562548" _address="http://data.sfgov.org/resource/ritf-b9ki/12562548"><incidntnum>156075226</incidntnum><category>LARCENY/THEFT</category><descript>GRAND THEFT FROM LOCKED AUTO</descript><dayofweek>Saturday</dayofweek><date>2015-03-28T00:00:00</date><time>01:30</time><pddistrict>CENTRAL</pddistrict><resolution>NONE</resolution><address>GEARY ST / LEAVENWORTH ST</address><x>-122.414809966357</x><y>37.7865194111614</y><location human_address="{&quot;address&quot;:&quot;&quot;,&quot;city&quot;:&quot;&quot;,&quot;state&quot;:&quot;&quot;,&quot;zip&quot;:&quot;&quot;}" latitude="37.7865194111614" longitude="-122.414809966357" needs_recoding="false"/></row>