<?xml version="1.0" encoding="UTF-8"?><row _id="12566330" _uuid="CDC6E6C2-BD05-4B33-96A1-8CC827AB4005" _position="12566330" _address="http://data.sfgov.org/resource/ritf-b9ki/12566330"><incidntnum>150302629</incidntnum><category>NON-CRIMINAL</category><descript>AIDED CASE</descript><dayofweek>Monday</dayofweek><date>2015-04-06T00:00:00</date><time>22:51</time><pddistrict>SOUTHERN</pddistrict><resolution>NONE</resolution><address>7TH ST / BRANNAN ST</address><x>-122.403208907607</x><y>37.77304964003</y><location human_address="{&quot;address&quot;:&quot;&quot;,&quot;city&quot;:&quot;&quot;,&quot;state&quot;:&quot;&quot;,&quot;zip&quot;:&quot;&quot;}" latitude="37.77304964003" longitude="-122.403208907607" needs_recoding="false"/></row>