<?xml version="1.0" encoding="UTF-8"?><row _id="12575892" _uuid="2470DB39-E60E-42CB-A5DD-83EA548B0478" _position="12575892" _address="http://data.sfgov.org/resource/ritf-b9ki/12575892"><incidntnum>150370096</incidntnum><category>NON-CRIMINAL</category><descript>COURTESY REPORT</descript><dayofweek>Wednesday</dayofweek><date>2015-04-15T00:00:00</date><time>00:01</time><pddistrict>INGLESIDE</pddistrict><resolution>UNFOUNDED</resolution><address>700 Block of SILVER AV</address><x>-122.421058032052</x><y>37.728847286879</y><location human_address="{&quot;address&quot;:&quot;&quot;,&quot;city&quot;:&quot;&quot;,&quot;state&quot;:&quot;&quot;,&quot;zip&quot;:&quot;&quot;}" latitude="37.728847286879" longitude="-122.421058032052" needs_recoding="false"/></row>