<?xml version="1.0" encoding="UTF-8"?><row _id="12564559" _uuid="C9BF35EB-92FA-4866-BDE8-4A7FC385F6D6" _position="12564559" _address="http://data.sfgov.org/resource/ritf-b9ki/12564559"><incidntnum>150287811</incidntnum><category>TRESPASS</category><descript>TRESPASSING</descript><dayofweek>Thursday</dayofweek><date>2015-04-02T00:00:00</date><time>01:25</time><pddistrict>NORTHERN</pddistrict><resolution>ARREST, BOOKED</resolution><address>VANNESS AV / WASHINGTON ST</address><x>-122.422874083058</x><y>37.7930494293957</y><location human_address="{&quot;address&quot;:&quot;&quot;,&quot;city&quot;:&quot;&quot;,&quot;state&quot;:&quot;&quot;,&quot;zip&quot;:&quot;&quot;}" latitude="37.7930494293957" longitude="-122.422874083058" needs_recoding="false"/></row>