<?xml version="1.0" encoding="UTF-8"?><row _id="12562397" _uuid="DC59E096-F316-4B5B-9FDC-3EE8DE8202C6" _position="12562397" _address="http://data.sfgov.org/resource/ritf-b9ki/12562397"><incidntnum>156078377</incidntnum><category>LARCENY/THEFT</category><descript>PETTY THEFT OF PROPERTY</descript><dayofweek>Friday</dayofweek><date>2015-03-27T00:00:00</date><time>14:30</time><pddistrict>TENDERLOIN</pddistrict><resolution>NONE</resolution><address>200 Block of POWELL ST</address><x>-122.408064958219</x><y>37.7869021819676</y><location human_address="{&quot;address&quot;:&quot;&quot;,&quot;city&quot;:&quot;&quot;,&quot;state&quot;:&quot;&quot;,&quot;zip&quot;:&quot;&quot;}" latitude="37.7869021819676" longitude="-122.408064958219" needs_recoding="false"/></row>