<?xml version="1.0" encoding="UTF-8"?><row _id="12580222" _uuid="13E2000F-D7B7-4109-861E-A3788B68ECB6" _position="12580222" _address="http://data.sfgov.org/resource/ritf-b9ki/12580222"><incidntnum>150346172</incidntnum><category>VEHICLE THEFT</category><descript>STOLEN AND RECOVERED VEHICLE</descript><dayofweek>Monday</dayofweek><date>2015-04-20T00:00:00</date><time>16:30</time><pddistrict>INGLESIDE</pddistrict><resolution>NONE</resolution><address>4000 Block of MISSION ST</address><x>-122.427821457553</x><y>37.7321464533806</y><location human_address="{&quot;address&quot;:&quot;&quot;,&quot;city&quot;:&quot;&quot;,&quot;state&quot;:&quot;&quot;,&quot;zip&quot;:&quot;&quot;}" latitude="37.7321464533806" longitude="-122.427821457553" needs_recoding="false"/></row>