<?xml version="1.0" encoding="UTF-8"?><row _id="12561824" _uuid="C181F8F4-AAD4-4D3C-B5FF-CF4A78C683F1" _position="12561824" _address="http://data.sfgov.org/resource/ritf-b9ki/12561824"><incidntnum>150267556</incidntnum><category>OTHER OFFENSES</category><descript>RESISTING ARREST</descript><dayofweek>Thursday</dayofweek><date>2015-03-26T00:00:00</date><time>15:34</time><pddistrict>TENDERLOIN</pddistrict><resolution>ARREST, BOOKED</resolution><address>0 Block of LEAVENWORTH ST</address><x>-122.413653274442</x><y>37.7804657547058</y><location human_address="{&quot;address&quot;:&quot;&quot;,&quot;city&quot;:&quot;&quot;,&quot;state&quot;:&quot;&quot;,&quot;zip&quot;:&quot;&quot;}" latitude="37.7804657547058" longitude="-122.413653274442" needs_recoding="false"/></row>