<?xml version="1.0" encoding="UTF-8"?><row _id="12566081" _uuid="FB705625-4D66-40A2-8E9F-CAAED7D2804B" _position="12566081" _address="http://data.sfgov.org/resource/ritf-b9ki/12566081"><incidntnum>150297581</incidntnum><category>ASSAULT</category><descript>AGGRAVATED ASSAULT WITH A DEADLY WEAPON</descript><dayofweek>Sunday</dayofweek><date>2015-04-05T00:00:00</date><time>08:40</time><pddistrict>NORTHERN</pddistrict><resolution>ARREST, BOOKED</resolution><address>3600 Block of LYON ST</address><x>-122.44827840533</x><y>37.804271887891</y><location human_address="{&quot;address&quot;:&quot;&quot;,&quot;city&quot;:&quot;&quot;,&quot;state&quot;:&quot;&quot;,&quot;zip&quot;:&quot;&quot;}" latitude="37.804271887891" longitude="-122.44827840533" needs_recoding="false"/></row>