<?xml version="1.0" encoding="UTF-8"?><row _id="12561408" _uuid="D487A252-6F26-4A9F-9030-D8C468C54B74" _position="12561408" _address="http://data.sfgov.org/resource/ritf-b9ki/12561408"><incidntnum>150264687</incidntnum><category>WEAPON LAWS</category><descript>FIREARM, LOADED, IN VEHICLE, POSSESSION OR USE</descript><dayofweek>Wednesday</dayofweek><date>2015-03-25T00:00:00</date><time>18:27</time><pddistrict>SOUTHERN</pddistrict><resolution>ARREST, BOOKED</resolution><address>5TH ST / NATOMA ST</address><x>-122.405467934272</x><y>37.781924110513</y><location human_address="{&quot;address&quot;:&quot;&quot;,&quot;city&quot;:&quot;&quot;,&quot;state&quot;:&quot;&quot;,&quot;zip&quot;:&quot;&quot;}" latitude="37.781924110513" longitude="-122.405467934272" needs_recoding="false"/></row>