<?xml version="1.0" encoding="UTF-8"?><row _id="12563771" _uuid="3F7CC6D9-F166-4566-B18D-E814E0FFA84A" _position="12563771" _address="http://data.sfgov.org/resource/ritf-b9ki/12563771"><incidntnum>150280081</incidntnum><category>MISSING PERSON</category><descript>FOUND PERSON</descript><dayofweek>Monday</dayofweek><date>2015-03-30T00:00:00</date><time>13:00</time><pddistrict>SOUTHERN</pddistrict><resolution>NONE</resolution><address>0 Block of MOSS ST</address><x>-122.407999186749</x><y>37.7778241673064</y><location human_address="{&quot;address&quot;:&quot;&quot;,&quot;city&quot;:&quot;&quot;,&quot;state&quot;:&quot;&quot;,&quot;zip&quot;:&quot;&quot;}" latitude="37.7778241673064" longitude="-122.407999186749" needs_recoding="false"/></row>