<?xml version="1.0" encoding="UTF-8"?><row _id="12562168" _uuid="999C2CCC-7662-480B-B443-14F86A3B89BD" _position="12562168" _address="http://data.sfgov.org/resource/ritf-b9ki/12562168"><incidntnum>150270151</incidntnum><category>BURGLARY</category><descript>BURGLARY OF APARTMENT HOUSE, UNLAWFUL ENTRY</descript><dayofweek>Friday</dayofweek><date>2015-03-27T00:00:00</date><time>10:50</time><pddistrict>RICHMOND</pddistrict><resolution>NONE</resolution><address>700 Block of LA PLAYA ST</address><x>-122.510170706093</x><y>37.7741725064496</y><location human_address="{&quot;address&quot;:&quot;&quot;,&quot;city&quot;:&quot;&quot;,&quot;state&quot;:&quot;&quot;,&quot;zip&quot;:&quot;&quot;}" latitude="37.7741725064496" longitude="-122.510170706093" needs_recoding="false"/></row>