<?xml version="1.0" encoding="UTF-8"?><row _id="12561218" _uuid="7C4AD92F-9951-4328-8525-120ABF81BEBB" _position="12561218" _address="http://data.sfgov.org/resource/ritf-b9ki/12561218"><incidntnum>150263338</incidntnum><category>WARRANTS</category><descript>WARRANT ARREST</descript><dayofweek>Wednesday</dayofweek><date>2015-03-25T00:00:00</date><time>09:30</time><pddistrict>MISSION</pddistrict><resolution>ARREST, BOOKED</resolution><address>0 Block of CARSON ST</address><x>-122.439525681945</x><y>37.7583843980948</y><location human_address="{&quot;address&quot;:&quot;&quot;,&quot;city&quot;:&quot;&quot;,&quot;state&quot;:&quot;&quot;,&quot;zip&quot;:&quot;&quot;}" latitude="37.7583843980948" longitude="-122.439525681945" needs_recoding="false"/></row>