<?xml version="1.0" encoding="UTF-8"?><row _id="12562163" _uuid="A453A0EC-6766-40BF-ADDD-627644EE153C" _position="12562163" _address="http://data.sfgov.org/resource/ritf-b9ki/12562163"><incidntnum>150269897</incidntnum><category>OTHER OFFENSES</category><descript>VIOLATION OF MUNICIPAL CODE</descript><dayofweek>Friday</dayofweek><date>2015-03-27T00:00:00</date><time>06:53</time><pddistrict>TENDERLOIN</pddistrict><resolution>ARREST, BOOKED</resolution><address>0 Block of POWELL ST</address><x>-122.407845374111</x><y>37.7850943210103</y><location human_address="{&quot;address&quot;:&quot;&quot;,&quot;city&quot;:&quot;&quot;,&quot;state&quot;:&quot;&quot;,&quot;zip&quot;:&quot;&quot;}" latitude="37.7850943210103" longitude="-122.407845374111" needs_recoding="false"/></row>