<?xml version="1.0" encoding="UTF-8"?><row _id="12564247" _uuid="B14D2BE1-3A82-4664-A8E7-70B7D5637261" _position="12564247" _address="http://data.sfgov.org/resource/ritf-b9ki/12564247"><incidntnum>150286506</incidntnum><category>OTHER OFFENSES</category><descript>DRIVERS LICENSE, SUSPENDED OR REVOKED</descript><dayofweek>Wednesday</dayofweek><date>2015-04-01T00:00:00</date><time>16:33</time><pddistrict>BAYVIEW</pddistrict><resolution>ARREST, BOOKED</resolution><address>3RD ST / PALOU AV</address><x>-122.390971734551</x><y>37.7340152180723</y><location human_address="{&quot;address&quot;:&quot;&quot;,&quot;city&quot;:&quot;&quot;,&quot;state&quot;:&quot;&quot;,&quot;zip&quot;:&quot;&quot;}" latitude="37.7340152180723" longitude="-122.390971734551" needs_recoding="false"/></row>