<?xml version="1.0" encoding="UTF-8"?><row _id="12565150" _uuid="68D486AF-7795-48BF-A190-979371D24945" _position="12565150" _address="http://data.sfgov.org/resource/ritf-b9ki/12565150"><incidntnum>150293181</incidntnum><category>LARCENY/THEFT</category><descript>PETTY THEFT FROM LOCKED AUTO</descript><dayofweek>Friday</dayofweek><date>2015-04-03T00:00:00</date><time>16:15</time><pddistrict>PARK</pddistrict><resolution>NONE</resolution><address>0 Block of BRODERICK ST</address><x>-122.438683070746</x><y>37.7705913965555</y><location human_address="{&quot;address&quot;:&quot;&quot;,&quot;city&quot;:&quot;&quot;,&quot;state&quot;:&quot;&quot;,&quot;zip&quot;:&quot;&quot;}" latitude="37.7705913965555" longitude="-122.438683070746" needs_recoding="false"/></row>