<?xml version="1.0" encoding="UTF-8"?><row _id="12562373" _uuid="EF4097BE-6868-40EF-BB5E-FD2E0C471168" _position="12562373" _address="http://data.sfgov.org/resource/ritf-b9ki/12562373"><incidntnum>150283922</incidntnum><category>NON-CRIMINAL</category><descript>LOST PROPERTY</descript><dayofweek>Friday</dayofweek><date>2015-03-27T00:00:00</date><time>00:01</time><pddistrict>SOUTHERN</pddistrict><resolution>NONE</resolution><address>800 Block of BRYANT ST</address><x>-122.403404791479</x><y>37.775420706711</y><location human_address="{&quot;address&quot;:&quot;&quot;,&quot;city&quot;:&quot;&quot;,&quot;state&quot;:&quot;&quot;,&quot;zip&quot;:&quot;&quot;}" latitude="37.775420706711" longitude="-122.403404791479" needs_recoding="false"/></row>