<?xml version="1.0" encoding="UTF-8"?><row _id="12563045" _uuid="1CC96084-8B95-4047-B11A-2229467AA0E4" _position="12563045" _address="http://data.sfgov.org/resource/ritf-b9ki/12563045"><incidntnum>150277408</incidntnum><category>LARCENY/THEFT</category><descript>GRAND THEFT FROM LOCKED AUTO</descript><dayofweek>Sunday</dayofweek><date>2015-03-29T00:00:00</date><time>15:30</time><pddistrict>RICHMOND</pddistrict><resolution>NONE</resolution><address>JOHNFKENNEDY DR / CHAINOFLAKES DR</address><x>-122.500458705939</x><y>37.7681540346442</y><location human_address="{&quot;address&quot;:&quot;&quot;,&quot;city&quot;:&quot;&quot;,&quot;state&quot;:&quot;&quot;,&quot;zip&quot;:&quot;&quot;}" latitude="37.7681540346442" longitude="-122.500458705939" needs_recoding="false"/></row>