<?xml version="1.0" encoding="UTF-8"?><row _id="12561893" _uuid="362380FA-056E-4C60-871E-A992F133479E" _position="12561893" _address="http://data.sfgov.org/resource/ritf-b9ki/12561893"><incidntnum>150267409</incidntnum><category>SUSPICIOUS OCC</category><descript>INVESTIGATIVE DETENTION</descript><dayofweek>Thursday</dayofweek><date>2015-03-26T00:00:00</date><time>15:45</time><pddistrict>BAYVIEW</pddistrict><resolution>UNFOUNDED</resolution><address>1300 Block of PALOU AV</address><x>-122.38628498364</x><y>37.7312896874195</y><location human_address="{&quot;address&quot;:&quot;&quot;,&quot;city&quot;:&quot;&quot;,&quot;state&quot;:&quot;&quot;,&quot;zip&quot;:&quot;&quot;}" latitude="37.7312896874195" longitude="-122.38628498364" needs_recoding="false"/></row>