<?xml version="1.0" encoding="UTF-8"?><row _id="12567983" _uuid="33AB291D-82BE-4E64-B031-45347F874699" _position="12567983" _address="http://data.sfgov.org/resource/ritf-b9ki/12567983"><incidntnum>150313096</incidntnum><category>MISSING PERSON</category><descript>MISSING ADULT</descript><dayofweek>Friday</dayofweek><date>2015-04-10T00:00:00</date><time>11:25</time><pddistrict>PARK</pddistrict><resolution>NONE</resolution><address>1400 Block of GROVE ST</address><x>-122.440483106998</x><y>37.7755529016833</y><location human_address="{&quot;address&quot;:&quot;&quot;,&quot;city&quot;:&quot;&quot;,&quot;state&quot;:&quot;&quot;,&quot;zip&quot;:&quot;&quot;}" latitude="37.7755529016833" longitude="-122.440483106998" needs_recoding="false"/></row>