<?xml version="1.0" encoding="UTF-8"?><row _id="12565099" _uuid="6CDD75BF-2AFE-4D6D-BDA2-2222981DCF4B" _position="12565099" _address="http://data.sfgov.org/resource/ritf-b9ki/12565099"><incidntnum>150291696</incidntnum><category>ASSAULT</category><descript>BATTERY</descript><dayofweek>Friday</dayofweek><date>2015-04-03T00:00:00</date><time>10:20</time><pddistrict>SOUTHERN</pddistrict><resolution>NONE</resolution><address>200 Block of 10TH ST</address><x>-122.413532099084</x><y>37.7734546807932</y><location human_address="{&quot;address&quot;:&quot;&quot;,&quot;city&quot;:&quot;&quot;,&quot;state&quot;:&quot;&quot;,&quot;zip&quot;:&quot;&quot;}" latitude="37.7734546807932" longitude="-122.413532099084" needs_recoding="false"/></row>