<?xml version="1.0" encoding="UTF-8"?><row _id="12568897" _uuid="9B99547C-18C1-473D-843F-CCD97269EDF8" _position="12568897" _address="http://data.sfgov.org/resource/ritf-b9ki/12568897"><incidntnum>150322752</incidntnum><category>VEHICLE THEFT</category><descript>STOLEN AUTOMOBILE</descript><dayofweek>Monday</dayofweek><date>2015-04-13T00:00:00</date><time>14:00</time><pddistrict>TARAVAL</pddistrict><resolution>NONE</resolution><address>TARA ST / NIAGARA AV</address><x>-122.449279225393</x><y>37.7201515255003</y><location human_address="{&quot;address&quot;:&quot;&quot;,&quot;city&quot;:&quot;&quot;,&quot;state&quot;:&quot;&quot;,&quot;zip&quot;:&quot;&quot;}" latitude="37.7201515255003" longitude="-122.449279225393" needs_recoding="false"/></row>