<?xml version="1.0" encoding="UTF-8"?><row _id="12561233" _uuid="06E1BC72-4A07-444A-AA01-A52F83B46965" _position="12561233" _address="http://data.sfgov.org/resource/ritf-b9ki/12561233"><incidntnum>150264126</incidntnum><category>ASSAULT</category><descript>AGGRAVATED ASSAULT WITH A KNIFE</descript><dayofweek>Wednesday</dayofweek><date>2015-03-25T00:00:00</date><time>15:56</time><pddistrict>MISSION</pddistrict><resolution>NONE</resolution><address>500 Block of DOLORES ST</address><x>-122.426036566526</x><y>37.759419804663</y><location human_address="{&quot;address&quot;:&quot;&quot;,&quot;city&quot;:&quot;&quot;,&quot;state&quot;:&quot;&quot;,&quot;zip&quot;:&quot;&quot;}" latitude="37.759419804663" longitude="-122.426036566526" needs_recoding="false"/></row>