<?xml version="1.0" encoding="UTF-8"?><row _id="12579657" _uuid="B2191F0E-A0E4-48FB-A3E9-009BA1A2FCE7" _position="12579657" _address="http://data.sfgov.org/resource/ritf-b9ki/12579657"><incidntnum>156108504</incidntnum><category>LARCENY/THEFT</category><descript>PETTY THEFT OF PROPERTY</descript><dayofweek>Friday</dayofweek><date>2015-04-17T00:00:00</date><time>19:00</time><pddistrict>SOUTHERN</pddistrict><resolution>NONE</resolution><address>0 Block of THE EMBARCADEROSOUTH ST</address><x>-122.388379873919</x><y>37.7833104067015</y><location human_address="{&quot;address&quot;:&quot;&quot;,&quot;city&quot;:&quot;&quot;,&quot;state&quot;:&quot;&quot;,&quot;zip&quot;:&quot;&quot;}" latitude="37.7833104067015" longitude="-122.388379873919" needs_recoding="false"/></row>