<?xml version="1.0" encoding="UTF-8"?><row _id="12575093" _uuid="571161D5-29AA-4E52-848D-BE5BA5398BC2" _position="12575093" _address="http://data.sfgov.org/resource/ritf-b9ki/12575093"><incidntnum>150357492</incidntnum><category>LARCENY/THEFT</category><descript>GRAND THEFT FROM PERSON</descript><dayofweek>Thursday</dayofweek><date>2015-04-23T00:00:00</date><time>15:30</time><pddistrict>TENDERLOIN</pddistrict><resolution>NONE</resolution><address>0 Block of POWELL ST</address><x>-122.407845374111</x><y>37.7850943210103</y><location human_address="{&quot;address&quot;:&quot;&quot;,&quot;city&quot;:&quot;&quot;,&quot;state&quot;:&quot;&quot;,&quot;zip&quot;:&quot;&quot;}" latitude="37.7850943210103" longitude="-122.407845374111" needs_recoding="false"/></row>