<?xml version="1.0" encoding="UTF-8"?><row _id="12561563" _uuid="AFF52FD0-3C9F-4332-BE89-80CFD240587A" _position="12561563" _address="http://data.sfgov.org/resource/ritf-b9ki/12561563"><incidntnum>150267528</incidntnum><category>NON-CRIMINAL</category><descript>AIDED CASE</descript><dayofweek>Thursday</dayofweek><date>2015-03-26T00:00:00</date><time>15:45</time><pddistrict>BAYVIEW</pddistrict><resolution>UNFOUNDED</resolution><address>HUDSON AV / 3RD ST</address><x>-122.38875579499</x><y>37.7403192229675</y><location human_address="{&quot;address&quot;:&quot;&quot;,&quot;city&quot;:&quot;&quot;,&quot;state&quot;:&quot;&quot;,&quot;zip&quot;:&quot;&quot;}" latitude="37.7403192229675" longitude="-122.38875579499" needs_recoding="false"/></row>