<?xml version="1.0" encoding="UTF-8"?><row _id="12561519" _uuid="5ADCDA52-DB41-49DA-8CC5-F144F18A3B47" _position="12561519" _address="http://data.sfgov.org/resource/ritf-b9ki/12561519"><incidntnum>150268855</incidntnum><category>LARCENY/THEFT</category><descript>GRAND THEFT FROM LOCKED AUTO</descript><dayofweek>Thursday</dayofweek><date>2015-03-26T00:00:00</date><time>18:40</time><pddistrict>NORTHERN</pddistrict><resolution>NONE</resolution><address>HICKORY ST / FRANKLIN ST</address><x>-122.421054311722</x><y>37.7756938836734</y><location human_address="{&quot;address&quot;:&quot;&quot;,&quot;city&quot;:&quot;&quot;,&quot;state&quot;:&quot;&quot;,&quot;zip&quot;:&quot;&quot;}" latitude="37.7756938836734" longitude="-122.421054311722" needs_recoding="false"/></row>