<?xml version="1.0" encoding="UTF-8"?><row _id="12561118" _uuid="D59D7D9E-7103-439B-8E0E-ED1B6DA675B0" _position="12561118" _address="http://data.sfgov.org/resource/ritf-b9ki/12561118"><incidntnum>150266514</incidntnum><category>VEHICLE THEFT</category><descript>STOLEN AUTOMOBILE</descript><dayofweek>Wednesday</dayofweek><date>2015-03-25T00:00:00</date><time>14:30</time><pddistrict>BAYVIEW</pddistrict><resolution>NONE</resolution><address>CAMBRIDGE ST / FELTON ST</address><x>-122.418404417864</x><y>37.7264269573314</y><location human_address="{&quot;address&quot;:&quot;&quot;,&quot;city&quot;:&quot;&quot;,&quot;state&quot;:&quot;&quot;,&quot;zip&quot;:&quot;&quot;}" latitude="37.7264269573314" longitude="-122.418404417864" needs_recoding="false"/></row>