<?xml version="1.0" encoding="UTF-8"?><row _id="12566687" _uuid="79F292F1-A02C-47C8-9424-86432B03D103" _position="12566687" _address="http://data.sfgov.org/resource/ritf-b9ki/12566687"><incidntnum>150302077</incidntnum><category>NON-CRIMINAL</category><descript>SEARCH WARRANT SERVICE</descript><dayofweek>Monday</dayofweek><date>2015-04-06T00:00:00</date><time>20:22</time><pddistrict>BAYVIEW</pddistrict><resolution>ARREST, BOOKED</resolution><address>1500 Block of KIRKWOOD AV</address><x>-122.388879303147</x><y>37.7374861949477</y><location human_address="{&quot;address&quot;:&quot;&quot;,&quot;city&quot;:&quot;&quot;,&quot;state&quot;:&quot;&quot;,&quot;zip&quot;:&quot;&quot;}" latitude="37.7374861949477" longitude="-122.388879303147" needs_recoding="false"/></row>