<?xml version="1.0" encoding="UTF-8"?><row _id="12581035" _uuid="302D651D-6059-45DD-87CF-3A004B1638C0" _position="12581035" _address="http://data.sfgov.org/resource/ritf-b9ki/12581035"><incidntnum>150331775</incidntnum><category>SUSPICIOUS OCC</category><descript>INVESTIGATIVE DETENTION</descript><dayofweek>Thursday</dayofweek><date>2015-04-16T00:00:00</date><time>12:24</time><pddistrict>MISSION</pddistrict><resolution>NONE</resolution><address>16TH ST / VALENCIA ST</address><x>-122.421886357981</x><y>37.7649178909424</y><location human_address="{&quot;address&quot;:&quot;&quot;,&quot;city&quot;:&quot;&quot;,&quot;state&quot;:&quot;&quot;,&quot;zip&quot;:&quot;&quot;}" latitude="37.7649178909424" longitude="-122.421886357981" needs_recoding="false"/></row>