<?xml version="1.0" encoding="UTF-8"?><row _id="12561692" _uuid="EAE2186E-4139-4DB7-AA39-2A4D565EF2F2" _position="12561692" _address="http://data.sfgov.org/resource/ritf-b9ki/12561692"><incidntnum>150271137</incidntnum><category>SUSPICIOUS OCC</category><descript>SUSPICIOUS OCCURRENCE</descript><dayofweek>Thursday</dayofweek><date>2015-03-26T00:00:00</date><time>18:15</time><pddistrict>MISSION</pddistrict><resolution>NONE</resolution><address>2000 Block of MISSION ST</address><x>-122.419520367886</x><y>37.764228935718</y><location human_address="{&quot;address&quot;:&quot;&quot;,&quot;city&quot;:&quot;&quot;,&quot;state&quot;:&quot;&quot;,&quot;zip&quot;:&quot;&quot;}" latitude="37.764228935718" longitude="-122.419520367886" needs_recoding="false"/></row>