<?xml version="1.0" encoding="UTF-8"?><row _id="12562224" _uuid="62A121B0-B8C0-4CFD-955F-7F2B9C2C22AD" _position="12562224" _address="http://data.sfgov.org/resource/ritf-b9ki/12562224"><incidntnum>150272260</incidntnum><category>NON-CRIMINAL</category><descript>COURTESY REPORT</descript><dayofweek>Friday</dayofweek><date>2015-03-27T00:00:00</date><time>20:45</time><pddistrict>SOUTHERN</pddistrict><resolution>NONE</resolution><address>800 Block of BRYANT ST</address><x>-122.403404791479</x><y>37.775420706711</y><location human_address="{&quot;address&quot;:&quot;&quot;,&quot;city&quot;:&quot;&quot;,&quot;state&quot;:&quot;&quot;,&quot;zip&quot;:&quot;&quot;}" latitude="37.775420706711" longitude="-122.403404791479" needs_recoding="false"/></row>