<?xml version="1.0" encoding="UTF-8"?><row _id="12562190" _uuid="5CECFD8C-1891-4CA7-B06F-E22662DB6D2B" _position="12562190" _address="http://data.sfgov.org/resource/ritf-b9ki/12562190"><incidntnum>150272204</incidntnum><category>DRUG/NARCOTIC</category><descript>POSSESSION OF METH-AMPHETAMINE</descript><dayofweek>Friday</dayofweek><date>2015-03-27T00:00:00</date><time>23:00</time><pddistrict>NORTHERN</pddistrict><resolution>ARREST, BOOKED</resolution><address>100 Block of CEDAR ST</address><x>-122.420628790345</x><y>37.7863149634789</y><location human_address="{&quot;address&quot;:&quot;&quot;,&quot;city&quot;:&quot;&quot;,&quot;state&quot;:&quot;&quot;,&quot;zip&quot;:&quot;&quot;}" latitude="37.7863149634789" longitude="-122.420628790345" needs_recoding="false"/></row>