<?xml version="1.0" encoding="UTF-8"?><row _id="12564063" _uuid="E77A51AE-0B47-438F-AE79-74170930EBA2" _position="12564063" _address="http://data.sfgov.org/resource/ritf-b9ki/12564063"><incidntnum>150285467</incidntnum><category>LARCENY/THEFT</category><descript>PETTY THEFT FROM A BUILDING</descript><dayofweek>Tuesday</dayofweek><date>2015-03-31T00:00:00</date><time>19:45</time><pddistrict>CENTRAL</pddistrict><resolution>NONE</resolution><address>100 Block of CALIFORNIA ST</address><x>-122.39821721889</x><y>37.793486649905</y><location human_address="{&quot;address&quot;:&quot;&quot;,&quot;city&quot;:&quot;&quot;,&quot;state&quot;:&quot;&quot;,&quot;zip&quot;:&quot;&quot;}" latitude="37.793486649905" longitude="-122.39821721889" needs_recoding="false"/></row>