<?xml version="1.0" encoding="UTF-8"?><row _id="12564195" _uuid="1388171D-B55E-4D8A-9EAD-7D411363B0BA" _position="12564195" _address="http://data.sfgov.org/resource/ritf-b9ki/12564195"><incidntnum>150281528</incidntnum><category>SUSPICIOUS OCC</category><descript>INVESTIGATIVE DETENTION</descript><dayofweek>Tuesday</dayofweek><date>2015-03-31T00:00:00</date><time>01:30</time><pddistrict>BAYVIEW</pddistrict><resolution>NONE</resolution><address>600 Block of SAN BRUNO AV</address><x>-122.405226360283</x><y>37.7614068935355</y><location human_address="{&quot;address&quot;:&quot;&quot;,&quot;city&quot;:&quot;&quot;,&quot;state&quot;:&quot;&quot;,&quot;zip&quot;:&quot;&quot;}" latitude="37.7614068935355" longitude="-122.405226360283" needs_recoding="false"/></row>