<?xml version="1.0" encoding="UTF-8"?><row _id="12567576" _uuid="0A5E10C5-C492-4BDE-BEA9-68DDD98D320B" _position="12567576" _address="http://data.sfgov.org/resource/ritf-b9ki/12567576"><incidntnum>150311410</incidntnum><category>NON-CRIMINAL</category><descript>AIDED CASE, MENTAL DISTURBED</descript><dayofweek>Thursday</dayofweek><date>2015-04-09T00:00:00</date><time>20:25</time><pddistrict>MISSION</pddistrict><resolution>NONE</resolution><address>2000 Block of MISSION ST</address><x>-122.41965834371</x><y>37.7642205603745</y><location human_address="{&quot;address&quot;:&quot;&quot;,&quot;city&quot;:&quot;&quot;,&quot;state&quot;:&quot;&quot;,&quot;zip&quot;:&quot;&quot;}" latitude="37.7642205603745" longitude="-122.41965834371" needs_recoding="false"/></row>