<?xml version="1.0" encoding="UTF-8"?><row _id="12569641" _uuid="D4D8D2B9-FFD3-49AC-B726-1F813453BF6A" _position="12569641" _address="http://data.sfgov.org/resource/ritf-b9ki/12569641"><incidntnum>156091090</incidntnum><category>VANDALISM</category><descript>MALICIOUS MISCHIEF, VANDALISM</descript><dayofweek>Wednesday</dayofweek><date>2015-04-15T00:00:00</date><time>08:00</time><pddistrict>TARAVAL</pddistrict><resolution>NONE</resolution><address>1400 Block of 45TH AV</address><x>-122.504720749439</x><y>37.7595242680732</y><location human_address="{&quot;address&quot;:&quot;&quot;,&quot;city&quot;:&quot;&quot;,&quot;state&quot;:&quot;&quot;,&quot;zip&quot;:&quot;&quot;}" latitude="37.7595242680732" longitude="-122.504720749439" needs_recoding="false"/></row>