<?xml version="1.0" encoding="UTF-8"?><row _id="12577505" _uuid="85B7533A-7E4F-40D1-8FD7-60DB54C77211" _position="12577505" _address="http://data.sfgov.org/resource/ritf-b9ki/12577505"><incidntnum>150395298</incidntnum><category>LARCENY/THEFT</category><descript>PETTY THEFT FROM A BUILDING</descript><dayofweek>Monday</dayofweek><date>2015-04-06T00:00:00</date><time>00:01</time><pddistrict>TARAVAL</pddistrict><resolution>NONE</resolution><address>100 Block of CAMBON DR</address><x>-122.474170989826</x><y>37.7166569724342</y><location human_address="{&quot;address&quot;:&quot;&quot;,&quot;city&quot;:&quot;&quot;,&quot;state&quot;:&quot;&quot;,&quot;zip&quot;:&quot;&quot;}" latitude="37.7166569724342" longitude="-122.474170989826" needs_recoding="false"/></row>