<?xml version="1.0" encoding="UTF-8"?><row _id="12563231" _uuid="B4724D1F-3506-4103-8B0E-F623657EBBD8" _position="12563231" _address="http://data.sfgov.org/resource/ritf-b9ki/12563231"><incidntnum>150277345</incidntnum><category>LARCENY/THEFT</category><descript>GRAND THEFT FROM PERSON</descript><dayofweek>Sunday</dayofweek><date>2015-03-29T00:00:00</date><time>15:30</time><pddistrict>CENTRAL</pddistrict><resolution>NONE</resolution><address>300 Block of POWELL ST</address><x>-122.408384275542</x><y>37.7878271137225</y><location human_address="{&quot;address&quot;:&quot;&quot;,&quot;city&quot;:&quot;&quot;,&quot;state&quot;:&quot;&quot;,&quot;zip&quot;:&quot;&quot;}" latitude="37.7878271137225" longitude="-122.408384275542" needs_recoding="false"/></row>