<?xml version="1.0" encoding="UTF-8"?><row _id="12564768" _uuid="D81D8DF1-F1AC-4873-823A-D84E6BE69B83" _position="12564768" _address="http://data.sfgov.org/resource/ritf-b9ki/12564768"><incidntnum>150290513</incidntnum><category>BURGLARY</category><descript>BURGLARY OF RESIDENCE, UNLAWFUL ENTRY</descript><dayofweek>Thursday</dayofweek><date>2015-04-02T00:00:00</date><time>11:30</time><pddistrict>BAYVIEW</pddistrict><resolution>NONE</resolution><address>1100 Block of FITZGERALD AV</address><x>-122.39036028161</x><y>37.7205064590363</y><location human_address="{&quot;address&quot;:&quot;&quot;,&quot;city&quot;:&quot;&quot;,&quot;state&quot;:&quot;&quot;,&quot;zip&quot;:&quot;&quot;}" latitude="37.7205064590363" longitude="-122.39036028161" needs_recoding="false"/></row>