<?xml version="1.0" encoding="UTF-8"?><row _id="12570949" _uuid="1BC7AD42-93CC-42C1-A210-EAC42EA88F71" _position="12570949" _address="http://data.sfgov.org/resource/ritf-b9ki/12570949"><incidntnum>150363518</incidntnum><category>ASSAULT</category><descript>AGGRAVATED ASSAULT WITH A DEADLY WEAPON</descript><dayofweek>Sunday</dayofweek><date>2015-04-26T00:00:00</date><time>16:10</time><pddistrict>TENDERLOIN</pddistrict><resolution>ARREST, BOOKED</resolution><address>8TH ST / MARKET ST</address><x>-122.414743835382</x><y>37.778719262789</y><location human_address="{&quot;address&quot;:&quot;&quot;,&quot;city&quot;:&quot;&quot;,&quot;state&quot;:&quot;&quot;,&quot;zip&quot;:&quot;&quot;}" latitude="37.778719262789" longitude="-122.414743835382" needs_recoding="false"/></row>