<?xml version="1.0" encoding="UTF-8"?><row _id="12564682" _uuid="1F139FAA-B56B-4618-A74F-79C1148E6D18" _position="12564682" _address="http://data.sfgov.org/resource/ritf-b9ki/12564682"><incidntnum>156082180</incidntnum><category>LARCENY/THEFT</category><descript>GRAND THEFT FROM UNLOCKED AUTO</descript><dayofweek>Thursday</dayofweek><date>2015-04-02T00:00:00</date><time>18:00</time><pddistrict>SOUTHERN</pddistrict><resolution>NONE</resolution><address>3RD ST / HARRISON ST</address><x>-122.397388784826</x><y>37.7825543452426</y><location human_address="{&quot;address&quot;:&quot;&quot;,&quot;city&quot;:&quot;&quot;,&quot;state&quot;:&quot;&quot;,&quot;zip&quot;:&quot;&quot;}" latitude="37.7825543452426" longitude="-122.397388784826" needs_recoding="false"/></row>