<?xml version="1.0" encoding="UTF-8"?><row _id="12566869" _uuid="3CD101DE-505C-4DDD-908F-D34232B46E6B" _position="12566869" _address="http://data.sfgov.org/resource/ritf-b9ki/12566869"><incidntnum>150304603</incidntnum><category>TRESPASS</category><descript>TRESPASSING</descript><dayofweek>Tuesday</dayofweek><date>2015-04-07T00:00:00</date><time>12:00</time><pddistrict>SOUTHERN</pddistrict><resolution>ARREST, BOOKED</resolution><address>800 Block of BRANNAN ST</address><x>-122.404385042303</x><y>37.7721958190345</y><location human_address="{&quot;address&quot;:&quot;&quot;,&quot;city&quot;:&quot;&quot;,&quot;state&quot;:&quot;&quot;,&quot;zip&quot;:&quot;&quot;}" latitude="37.7721958190345" longitude="-122.404385042303" needs_recoding="false"/></row>