<?xml version="1.0" encoding="UTF-8"?><row _id="12567295" _uuid="B5F0E727-BC76-4CD0-8753-9CFF85B0DEE8" _position="12567295" _address="http://data.sfgov.org/resource/ritf-b9ki/12567295"><incidntnum>150311250</incidntnum><category>FRAUD</category><descript>FRAUDULENT USE OF AUTOMATED TELLER CARD</descript><dayofweek>Wednesday</dayofweek><date>2015-04-08T00:00:00</date><time>22:00</time><pddistrict>MISSION</pddistrict><resolution>NONE</resolution><address>3900 Block of 26TH ST</address><x>-122.42825074294</x><y>37.7483729992648</y><location human_address="{&quot;address&quot;:&quot;&quot;,&quot;city&quot;:&quot;&quot;,&quot;state&quot;:&quot;&quot;,&quot;zip&quot;:&quot;&quot;}" latitude="37.7483729992648" longitude="-122.42825074294" needs_recoding="false"/></row>