<?xml version="1.0" encoding="UTF-8"?><row _id="12565274" _uuid="7FDC8C15-3563-43F4-B596-753292247953" _position="12565274" _address="http://data.sfgov.org/resource/ritf-b9ki/12565274"><incidntnum>150281261</incidntnum><category>VANDALISM</category><descript>MALICIOUS MISCHIEF, VANDALISM OF VEHICLES</descript><dayofweek>Monday</dayofweek><date>2015-03-30T00:00:00</date><time>23:16</time><pddistrict>CENTRAL</pddistrict><resolution>NONE</resolution><address>300 Block of THE EMBARCADERONORTH ST</address><x>-122.39670853026</x><y>37.7978728855933</y><location human_address="{&quot;address&quot;:&quot;&quot;,&quot;city&quot;:&quot;&quot;,&quot;state&quot;:&quot;&quot;,&quot;zip&quot;:&quot;&quot;}" latitude="37.7978728855933" longitude="-122.39670853026" needs_recoding="false"/></row>