<?xml version="1.0" encoding="UTF-8"?><row _id="12567058" _uuid="AF2A57CD-D621-4B3A-B31B-2D66724C84BC" _position="12567058" _address="http://data.sfgov.org/resource/ritf-b9ki/12567058"><incidntnum>150306223</incidntnum><category>ASSAULT</category><descript>AGGRAVATED ASSAULT WITH A DEADLY WEAPON</descript><dayofweek>Wednesday</dayofweek><date>2015-04-08T00:00:00</date><time>05:30</time><pddistrict>TENDERLOIN</pddistrict><resolution>ARREST, BOOKED</resolution><address>EDDY ST / HYDE ST</address><x>-122.415885065788</x><y>37.7835160564153</y><location human_address="{&quot;address&quot;:&quot;&quot;,&quot;city&quot;:&quot;&quot;,&quot;state&quot;:&quot;&quot;,&quot;zip&quot;:&quot;&quot;}" latitude="37.7835160564153" longitude="-122.415885065788" needs_recoding="false"/></row>