<?xml version="1.0" encoding="UTF-8"?><row _id="12566919" _uuid="2B400481-69B5-425A-B9E5-D2C7204F9FA7" _position="12566919" _address="http://data.sfgov.org/resource/ritf-b9ki/12566919"><incidntnum>150306427</incidntnum><category>SEX OFFENSES, FORCIBLE</category><descript>FORCIBLE RAPE, BODILY FORCE</descript><dayofweek>Tuesday</dayofweek><date>2015-04-07T00:00:00</date><time>23:00</time><pddistrict>SOUTHERN</pddistrict><resolution>NONE</resolution><address>0 Block of UNITEDNATIONS PZ</address><x>-122.414317857881</x><y>37.7799444052046</y><location human_address="{&quot;address&quot;:&quot;&quot;,&quot;city&quot;:&quot;&quot;,&quot;state&quot;:&quot;&quot;,&quot;zip&quot;:&quot;&quot;}" latitude="37.7799444052046" longitude="-122.414317857881" needs_recoding="false"/></row>