<?xml version="1.0" encoding="UTF-8"?><row _id="12570558" _uuid="3B9AD284-C801-40E5-A79E-A72838A36E4E" _position="12570558" _address="http://data.sfgov.org/resource/ritf-b9ki/12570558"><incidntnum>150348231</incidntnum><category>VANDALISM</category><descript>MALICIOUS MISCHIEF, VANDALISM OF VEHICLES</descript><dayofweek>Monday</dayofweek><date>2015-04-20T00:00:00</date><time>18:00</time><pddistrict>TARAVAL</pddistrict><resolution>NONE</resolution><address>ALEMANY BL / SAGAMORE ST</address><x>-122.462542742654</x><y>37.7111712111054</y><location human_address="{&quot;address&quot;:&quot;&quot;,&quot;city&quot;:&quot;&quot;,&quot;state&quot;:&quot;&quot;,&quot;zip&quot;:&quot;&quot;}" latitude="37.7111712111054" longitude="-122.462542742654" needs_recoding="false"/></row>