<?xml version="1.0" encoding="UTF-8"?><row _id="12562204" _uuid="EE0BEFD9-B47C-409F-BD72-B587E100A1A2" _position="12562204" _address="http://data.sfgov.org/resource/ritf-b9ki/12562204"><incidntnum>150271676</incidntnum><category>LARCENY/THEFT</category><descript>GRAND THEFT OF PROPERTY</descript><dayofweek>Friday</dayofweek><date>2015-03-27T00:00:00</date><time>12:30</time><pddistrict>BAYVIEW</pddistrict><resolution>NONE</resolution><address>1500 Block of THOMAS AV</address><x>-122.390332083069</x><y>37.7299375199572</y><location human_address="{&quot;address&quot;:&quot;&quot;,&quot;city&quot;:&quot;&quot;,&quot;state&quot;:&quot;&quot;,&quot;zip&quot;:&quot;&quot;}" latitude="37.7299375199572" longitude="-122.390332083069" needs_recoding="false"/></row>