<?xml version="1.0" encoding="UTF-8"?><row _id="12563699" _uuid="F5D5B3EB-5FD9-4B71-92F6-025BD9EB5061" _position="12563699" _address="http://data.sfgov.org/resource/ritf-b9ki/12563699"><incidntnum>150281318</incidntnum><category>ASSAULT</category><descript>AGGRAVATED ASSAULT WITH A GUN</descript><dayofweek>Monday</dayofweek><date>2015-03-30T00:00:00</date><time>23:18</time><pddistrict>BAYVIEW</pddistrict><resolution>NONE</resolution><address>1200 Block of FITZGERALD AV</address><x>-122.392297310725</x><y>37.721470819713</y><location human_address="{&quot;address&quot;:&quot;&quot;,&quot;city&quot;:&quot;&quot;,&quot;state&quot;:&quot;&quot;,&quot;zip&quot;:&quot;&quot;}" latitude="37.721470819713" longitude="-122.392297310725" needs_recoding="false"/></row>