<?xml version="1.0" encoding="UTF-8"?><row _id="12566872" _uuid="DBAEB6EE-7511-4DFC-A831-C6067A3E272E" _position="12566872" _address="http://data.sfgov.org/resource/ritf-b9ki/12566872"><incidntnum>150304738</incidntnum><category>VANDALISM</category><descript>MALICIOUS MISCHIEF, BREAKING WINDOWS</descript><dayofweek>Tuesday</dayofweek><date>2015-04-07T00:00:00</date><time>15:40</time><pddistrict>SOUTHERN</pddistrict><resolution>NONE</resolution><address>1200 Block of MISSION ST</address><x>-122.414457764634</x><y>37.7765080370233</y><location human_address="{&quot;address&quot;:&quot;&quot;,&quot;city&quot;:&quot;&quot;,&quot;state&quot;:&quot;&quot;,&quot;zip&quot;:&quot;&quot;}" latitude="37.7765080370233" longitude="-122.414457764634" needs_recoding="false"/></row>