<?xml version="1.0" encoding="UTF-8"?><row _id="12562470" _uuid="D8E7FA9F-B76C-4293-9035-CD26A344D706" _position="12562470" _address="http://data.sfgov.org/resource/ritf-b9ki/12562470"><incidntnum>150270888</incidntnum><category>VANDALISM</category><descript>MALICIOUS MISCHIEF, ADULT SUSPECT</descript><dayofweek>Friday</dayofweek><date>2015-03-27T00:00:00</date><time>13:30</time><pddistrict>TARAVAL</pddistrict><resolution>NONE</resolution><address>3200 Block of 20TH AV</address><x>-122.475647460786</x><y>37.7285280627465</y><location human_address="{&quot;address&quot;:&quot;&quot;,&quot;city&quot;:&quot;&quot;,&quot;state&quot;:&quot;&quot;,&quot;zip&quot;:&quot;&quot;}" latitude="37.7285280627465" longitude="-122.475647460786" needs_recoding="false"/></row>