<?xml version="1.0" encoding="UTF-8"?><row _id="12569160" _uuid="71EEC9E5-2C07-4FBC-AFB5-AE44D992BDE8" _position="12569160" _address="http://data.sfgov.org/resource/ritf-b9ki/12569160"><incidntnum>150323772</incidntnum><category>NON-CRIMINAL</category><descript>AIDED CASE -PROPERTY FOR DESTRUCTION</descript><dayofweek>Monday</dayofweek><date>2015-04-13T00:00:00</date><time>21:35</time><pddistrict>RICHMOND</pddistrict><resolution>UNFOUNDED</resolution><address>3500 Block of CALIFORNIA ST</address><x>-122.452586938656</x><y>37.7864601412645</y><location human_address="{&quot;address&quot;:&quot;&quot;,&quot;city&quot;:&quot;&quot;,&quot;state&quot;:&quot;&quot;,&quot;zip&quot;:&quot;&quot;}" latitude="37.7864601412645" longitude="-122.452586938656" needs_recoding="false"/></row>