<?xml version="1.0" encoding="UTF-8"?><row _id="12562242" _uuid="B7238FE5-D362-46E6-8590-123424383EA8" _position="12562242" _address="http://data.sfgov.org/resource/ritf-b9ki/12562242"><incidntnum>150276626</incidntnum><category>ASSAULT</category><descript>BATTERY</descript><dayofweek>Friday</dayofweek><date>2015-03-27T00:00:00</date><time>15:00</time><pddistrict>TENDERLOIN</pddistrict><resolution>ARREST, BOOKED</resolution><address>200 Block of LEAVENWORTH ST</address><x>-122.414081138014</x><y>37.7832767266062</y><location human_address="{&quot;address&quot;:&quot;&quot;,&quot;city&quot;:&quot;&quot;,&quot;state&quot;:&quot;&quot;,&quot;zip&quot;:&quot;&quot;}" latitude="37.7832767266062" longitude="-122.414081138014" needs_recoding="false"/></row>