<?xml version="1.0" encoding="UTF-8"?><row _id="12565193" _uuid="0A13C32F-088B-4BA9-ABAD-6321466402DE" _position="12565193" _address="http://data.sfgov.org/resource/ritf-b9ki/12565193"><incidntnum>150291204</incidntnum><category>ASSAULT</category><descript>INFLICT INJURY ON COHABITEE</descript><dayofweek>Friday</dayofweek><date>2015-04-03T00:00:00</date><time>06:00</time><pddistrict>SOUTHERN</pddistrict><resolution>ARREST, BOOKED</resolution><address>1700 Block of MARKET ST</address><x>-122.423098219736</x><y>37.7722683129989</y><location human_address="{&quot;address&quot;:&quot;&quot;,&quot;city&quot;:&quot;&quot;,&quot;state&quot;:&quot;&quot;,&quot;zip&quot;:&quot;&quot;}" latitude="37.7722683129989" longitude="-122.423098219736" needs_recoding="false"/></row>