<?xml version="1.0" encoding="UTF-8"?><row _id="12560941" _uuid="4F025BA9-F6AF-4591-B584-29CDAF86C43D" _position="12560941" _address="http://data.sfgov.org/resource/ritf-b9ki/12560941"><incidntnum>150263372</incidntnum><category>LARCENY/THEFT</category><descript>GRAND THEFT FROM A BUILDING</descript><dayofweek>Tuesday</dayofweek><date>2015-03-24T00:00:00</date><time>20:58</time><pddistrict>TARAVAL</pddistrict><resolution>NONE</resolution><address>3200 Block of 20TH AV</address><x>-122.475647460786</x><y>37.7285280627465</y><location human_address="{&quot;address&quot;:&quot;&quot;,&quot;city&quot;:&quot;&quot;,&quot;state&quot;:&quot;&quot;,&quot;zip&quot;:&quot;&quot;}" latitude="37.7285280627465" longitude="-122.475647460786" needs_recoding="false"/></row>