<?xml version="1.0" encoding="UTF-8"?><row _id="12564441" _uuid="C531856A-12D2-4AD3-8FBD-FBF9ED37410F" _position="12564441" _address="http://data.sfgov.org/resource/ritf-b9ki/12564441"><incidntnum>150287485</incidntnum><category>ASSAULT</category><descript>ATTEMPTED HOMICIDE WITH A DANGEROUS WEAPON</descript><dayofweek>Wednesday</dayofweek><date>2015-04-01T00:00:00</date><time>21:22</time><pddistrict>NORTHERN</pddistrict><resolution>ARREST, BOOKED</resolution><address>800 Block of LARKIN ST</address><x>-122.418110537872</x><y>37.7858627664608</y><location human_address="{&quot;address&quot;:&quot;&quot;,&quot;city&quot;:&quot;&quot;,&quot;state&quot;:&quot;&quot;,&quot;zip&quot;:&quot;&quot;}" latitude="37.7858627664608" longitude="-122.418110537872" needs_recoding="false"/></row>