<?xml version="1.0" encoding="UTF-8"?><row _id="12567671" _uuid="C2A4913B-A943-43E4-BAD4-09341E50D45A" _position="12567671" _address="http://data.sfgov.org/resource/ritf-b9ki/12567671"><incidntnum>150326356</incidntnum><category>FRAUD</category><descript>CREDIT CARD, THEFT BY USE OF</descript><dayofweek>Thursday</dayofweek><date>2015-04-09T00:00:00</date><time>00:01</time><pddistrict>NORTHERN</pddistrict><resolution>NONE</resolution><address>1700 Block of UNION ST</address><x>-122.428118208377</x><y>37.7980822262225</y><location human_address="{&quot;address&quot;:&quot;&quot;,&quot;city&quot;:&quot;&quot;,&quot;state&quot;:&quot;&quot;,&quot;zip&quot;:&quot;&quot;}" latitude="37.7980822262225" longitude="-122.428118208377" needs_recoding="false"/></row>