<?xml version="1.0" encoding="UTF-8"?><row _id="12564074" _uuid="2066B842-C878-4A26-85FD-C7DE2293EDAF" _position="12564074" _address="http://data.sfgov.org/resource/ritf-b9ki/12564074"><incidntnum>156078640</incidntnum><category>LARCENY/THEFT</category><descript>GRAND THEFT FROM LOCKED AUTO</descript><dayofweek>Tuesday</dayofweek><date>2015-03-31T00:00:00</date><time>15:00</time><pddistrict>CENTRAL</pddistrict><resolution>NONE</resolution><address>400 Block of STOCKTON ST</address><x>-122.406977563692</x><y>37.789918101686</y><location human_address="{&quot;address&quot;:&quot;&quot;,&quot;city&quot;:&quot;&quot;,&quot;state&quot;:&quot;&quot;,&quot;zip&quot;:&quot;&quot;}" latitude="37.789918101686" longitude="-122.406977563692" needs_recoding="false"/></row>