<?xml version="1.0" encoding="UTF-8"?><row _id="12562004" _uuid="D78DE74D-B208-4BA8-87CE-15E85C4F0EE8" _position="12562004" _address="http://data.sfgov.org/resource/ritf-b9ki/12562004"><incidntnum>150271717</incidntnum><category>LARCENY/THEFT</category><descript>GRAND THEFT FROM LOCKED AUTO</descript><dayofweek>Friday</dayofweek><date>2015-03-27T00:00:00</date><time>18:30</time><pddistrict>BAYVIEW</pddistrict><resolution>NONE</resolution><address>ILLINOIS ST / 22ND ST</address><x>-122.387316279433</x><y>37.7580021664589</y><location human_address="{&quot;address&quot;:&quot;&quot;,&quot;city&quot;:&quot;&quot;,&quot;state&quot;:&quot;&quot;,&quot;zip&quot;:&quot;&quot;}" latitude="37.7580021664589" longitude="-122.387316279433" needs_recoding="false"/></row>