<?xml version="1.0" encoding="UTF-8"?><row _id="12564795" _uuid="B8804BC0-FD96-42FF-8659-5F71F0F841A3" _position="12564795" _address="http://data.sfgov.org/resource/ritf-b9ki/12564795"><incidntnum>156079325</incidntnum><category>LARCENY/THEFT</category><descript>GRAND THEFT FROM LOCKED AUTO</descript><dayofweek>Thursday</dayofweek><date>2015-04-02T00:00:00</date><time>00:01</time><pddistrict>CENTRAL</pddistrict><resolution>NONE</resolution><address>400 Block of GEARY ST</address><x>-122.41072162587</x><y>37.7870966495663</y><location human_address="{&quot;address&quot;:&quot;&quot;,&quot;city&quot;:&quot;&quot;,&quot;state&quot;:&quot;&quot;,&quot;zip&quot;:&quot;&quot;}" latitude="37.7870966495663" longitude="-122.41072162587" needs_recoding="false"/></row>