<?xml version="1.0" encoding="UTF-8"?><row _id="12568964" _uuid="65E1D15E-9F6A-4F4C-8E4E-13AA09CCB6F3" _position="12568964" _address="http://data.sfgov.org/resource/ritf-b9ki/12568964"><incidntnum>150323255</incidntnum><category>OTHER OFFENSES</category><descript>RESISTING ARREST</descript><dayofweek>Monday</dayofweek><date>2015-04-13T00:00:00</date><time>16:25</time><pddistrict>SOUTHERN</pddistrict><resolution>ARREST, BOOKED</resolution><address>0 Block of 9TH ST</address><x>-122.414953043045</x><y>37.7765019124574</y><location human_address="{&quot;address&quot;:&quot;&quot;,&quot;city&quot;:&quot;&quot;,&quot;state&quot;:&quot;&quot;,&quot;zip&quot;:&quot;&quot;}" latitude="37.7765019124574" longitude="-122.414953043045" needs_recoding="false"/></row>