<?xml version="1.0" encoding="UTF-8"?><row _id="12561561" _uuid="98F35E21-2F6E-496C-A411-703CCD91ED08" _position="12561561" _address="http://data.sfgov.org/resource/ritf-b9ki/12561561"><incidntnum>150266780</incidntnum><category>VANDALISM</category><descript>MALICIOUS MISCHIEF, BREAKING WINDOWS</descript><dayofweek>Thursday</dayofweek><date>2015-03-26T00:00:00</date><time>12:25</time><pddistrict>BAYVIEW</pddistrict><resolution>NONE</resolution><address>LANE ST / VANDYKE AV</address><x>-122.392418373111</x><y>37.7291601588389</y><location human_address="{&quot;address&quot;:&quot;&quot;,&quot;city&quot;:&quot;&quot;,&quot;state&quot;:&quot;&quot;,&quot;zip&quot;:&quot;&quot;}" latitude="37.7291601588389" longitude="-122.392418373111" needs_recoding="false"/></row>