<?xml version="1.0" encoding="UTF-8"?><row _id="12568874" _uuid="8688D3B1-5DE1-4901-921B-B4470061FEEE" _position="12568874" _address="http://data.sfgov.org/resource/ritf-b9ki/12568874"><incidntnum>150321130</incidntnum><category>ROBBERY</category><descript>ATTEMPTED ROBBERY WITH A KNIFE</descript><dayofweek>Monday</dayofweek><date>2015-04-13T00:00:00</date><time>02:25</time><pddistrict>MISSION</pddistrict><resolution>ARREST, BOOKED</resolution><address>24TH ST / YORK ST</address><x>-122.408192367379</x><y>37.7528534193268</y><location human_address="{&quot;address&quot;:&quot;&quot;,&quot;city&quot;:&quot;&quot;,&quot;state&quot;:&quot;&quot;,&quot;zip&quot;:&quot;&quot;}" latitude="37.7528534193268" longitude="-122.408192367379" needs_recoding="false"/></row>