<?xml version="1.0" encoding="UTF-8"?><row _id="12565451" _uuid="CFB9F318-876B-42F5-9837-C512867FBE57" _position="12565451" _address="http://data.sfgov.org/resource/ritf-b9ki/12565451"><incidntnum>150294355</incidntnum><category>DRIVING UNDER THE INFLUENCE</category><descript>DRIVING WHILE UNDER THE INFLUENCE OF ALCOHOL</descript><dayofweek>Saturday</dayofweek><date>2015-04-04T00:00:00</date><time>00:40</time><pddistrict>SOUTHERN</pddistrict><resolution>ARREST, BOOKED</resolution><address>5TH ST / HARRISON ST</address><x>-122.401846367522</x><y>37.7790324136251</y><location human_address="{&quot;address&quot;:&quot;&quot;,&quot;city&quot;:&quot;&quot;,&quot;state&quot;:&quot;&quot;,&quot;zip&quot;:&quot;&quot;}" latitude="37.7790324136251" longitude="-122.401846367522" needs_recoding="false"/></row>