<?xml version="1.0" encoding="UTF-8"?><row _id="12567040" _uuid="66B490E4-C4B2-4266-B303-564D371DB9C9" _position="12567040" _address="http://data.sfgov.org/resource/ritf-b9ki/12567040"><incidntnum>150304493</incidntnum><category>SUSPICIOUS OCC</category><descript>INVESTIGATIVE DETENTION</descript><dayofweek>Tuesday</dayofweek><date>2015-04-07T00:00:00</date><time>15:23</time><pddistrict>SOUTHERN</pddistrict><resolution>NONE</resolution><address>800 Block of BRYANT ST</address><x>-122.403404791479</x><y>37.775420706711</y><location human_address="{&quot;address&quot;:&quot;&quot;,&quot;city&quot;:&quot;&quot;,&quot;state&quot;:&quot;&quot;,&quot;zip&quot;:&quot;&quot;}" latitude="37.775420706711" longitude="-122.403404791479" needs_recoding="false"/></row>