<?xml version="1.0" encoding="UTF-8"?><row _id="12564312" _uuid="11228274-D091-4F1E-964C-7E5F88708C7F" _position="12564312" _address="http://data.sfgov.org/resource/ritf-b9ki/12564312"><incidntnum>156079541</incidntnum><category>LARCENY/THEFT</category><descript>GRAND THEFT FROM LOCKED AUTO</descript><dayofweek>Wednesday</dayofweek><date>2015-04-01T00:00:00</date><time>21:30</time><pddistrict>CENTRAL</pddistrict><resolution>NONE</resolution><address>PINE ST / STOCKTON ST</address><x>-122.40734222874</x><y>37.7912964515689</y><location human_address="{&quot;address&quot;:&quot;&quot;,&quot;city&quot;:&quot;&quot;,&quot;state&quot;:&quot;&quot;,&quot;zip&quot;:&quot;&quot;}" latitude="37.7912964515689" longitude="-122.40734222874" needs_recoding="false"/></row>