<?xml version="1.0" encoding="UTF-8"?><row _id="12561114" _uuid="03E1BD6A-2993-473C-8A5B-2DE6423FC076" _position="12561114" _address="http://data.sfgov.org/resource/ritf-b9ki/12561114"><incidntnum>150266627</incidntnum><category>VANDALISM</category><descript>MALICIOUS MISCHIEF, TIRE SLASHING</descript><dayofweek>Wednesday</dayofweek><date>2015-03-25T00:00:00</date><time>12:00</time><pddistrict>TARAVAL</pddistrict><resolution>NONE</resolution><address>SAN JOSE AV / DELONG ST</address><x>-122.457669348077</x><y>37.7095409511491</y><location human_address="{&quot;address&quot;:&quot;&quot;,&quot;city&quot;:&quot;&quot;,&quot;state&quot;:&quot;&quot;,&quot;zip&quot;:&quot;&quot;}" latitude="37.7095409511491" longitude="-122.457669348077" needs_recoding="false"/></row>