<?xml version="1.0" encoding="UTF-8"?><row _id="12569973" _uuid="5D45B95B-3734-4BE9-9E5A-89622076191D" _position="12569973" _address="http://data.sfgov.org/resource/ritf-b9ki/12569973"><incidntnum>150336082</incidntnum><category>LARCENY/THEFT</category><descript>PETTY THEFT SHOPLIFTING</descript><dayofweek>Friday</dayofweek><date>2015-04-17T00:00:00</date><time>14:45</time><pddistrict>PARK</pddistrict><resolution>NONE</resolution><address>600 Block of STANYAN ST</address><x>-122.453563238036</x><y>37.7696403896003</y><location human_address="{&quot;address&quot;:&quot;&quot;,&quot;city&quot;:&quot;&quot;,&quot;state&quot;:&quot;&quot;,&quot;zip&quot;:&quot;&quot;}" latitude="37.7696403896003" longitude="-122.453563238036" needs_recoding="false"/></row>