<?xml version="1.0" encoding="UTF-8"?><row _id="12566105" _uuid="4D25D55E-FD13-42B4-AEB8-36DBBECD8CEA" _position="12566105" _address="http://data.sfgov.org/resource/ritf-b9ki/12566105"><incidntnum>150300645</incidntnum><category>ARSON</category><descript>ARSON OF A VEHICLE</descript><dayofweek>Sunday</dayofweek><date>2015-04-05T00:00:00</date><time>20:00</time><pddistrict>SOUTHERN</pddistrict><resolution>NONE</resolution><address>800 Block of BRYANT ST</address><x>-122.403404791479</x><y>37.775420706711</y><location human_address="{&quot;address&quot;:&quot;&quot;,&quot;city&quot;:&quot;&quot;,&quot;state&quot;:&quot;&quot;,&quot;zip&quot;:&quot;&quot;}" latitude="37.775420706711" longitude="-122.403404791479" needs_recoding="false"/></row>