<?xml version="1.0" encoding="UTF-8"?><row _id="12573561" _uuid="BA9DC8B1-7F07-424A-AB97-90D802691502" _position="12573561" _address="http://data.sfgov.org/resource/ritf-b9ki/12573561"><incidntnum>150307209</incidntnum><category>VANDALISM</category><descript>MALICIOUS MISCHIEF, VANDALISM</descript><dayofweek>Monday</dayofweek><date>2015-04-06T00:00:00</date><time>22:00</time><pddistrict>INGLESIDE</pddistrict><resolution>NONE</resolution><address>100 Block of RIPLEY ST</address><x>-122.41231374098</x><y>37.7441533886725</y><location human_address="{&quot;address&quot;:&quot;&quot;,&quot;city&quot;:&quot;&quot;,&quot;state&quot;:&quot;&quot;,&quot;zip&quot;:&quot;&quot;}" latitude="37.7441533886725" longitude="-122.41231374098" needs_recoding="false"/></row>