<?xml version="1.0" encoding="UTF-8"?><row _id="12561521" _uuid="4F134389-FD5D-4A73-9B48-ABB1FD5C67C6" _position="12561521" _address="http://data.sfgov.org/resource/ritf-b9ki/12561521"><incidntnum>150268930</incidntnum><category>ROBBERY</category><descript>ROBBERY, BODILY FORCE</descript><dayofweek>Thursday</dayofweek><date>2015-03-26T00:00:00</date><time>22:00</time><pddistrict>BAYVIEW</pddistrict><resolution>NONE</resolution><address>GIRARD ST / SILVER AV</address><x>-122.406574570932</x><y>37.7321430775103</y><location human_address="{&quot;address&quot;:&quot;&quot;,&quot;city&quot;:&quot;&quot;,&quot;state&quot;:&quot;&quot;,&quot;zip&quot;:&quot;&quot;}" latitude="37.7321430775103" longitude="-122.406574570932" needs_recoding="false"/></row>