<?xml version="1.0" encoding="UTF-8"?><row _id="12566465" _uuid="8BDE1414-E85C-403B-A2EE-5BD77BCEF855" _position="12566465" _address="http://data.sfgov.org/resource/ritf-b9ki/12566465"><incidntnum>150300742</incidntnum><category>OTHER OFFENSES</category><descript>RESISTING ARREST</descript><dayofweek>Monday</dayofweek><date>2015-04-06T00:00:00</date><time>12:45</time><pddistrict>CENTRAL</pddistrict><resolution>ARREST, BOOKED</resolution><address>100 Block of CHESTNUT ST</address><x>-122.405574909487</x><y>37.8047680308304</y><location human_address="{&quot;address&quot;:&quot;&quot;,&quot;city&quot;:&quot;&quot;,&quot;state&quot;:&quot;&quot;,&quot;zip&quot;:&quot;&quot;}" latitude="37.8047680308304" longitude="-122.405574909487" needs_recoding="false"/></row>