<?xml version="1.0" encoding="UTF-8"?><row _id="12564604" _uuid="35FA7A94-2126-4086-BF76-55F0D7D26F78" _position="12564604" _address="http://data.sfgov.org/resource/ritf-b9ki/12564604"><incidntnum>150289873</incidntnum><category>NON-CRIMINAL</category><descript>LOST PROPERTY</descript><dayofweek>Thursday</dayofweek><date>2015-04-02T00:00:00</date><time>06:15</time><pddistrict>TENDERLOIN</pddistrict><resolution>NONE</resolution><address>EDDY ST / JONES ST</address><x>-122.412597377187</x><y>37.7839320277273</y><location human_address="{&quot;address&quot;:&quot;&quot;,&quot;city&quot;:&quot;&quot;,&quot;state&quot;:&quot;&quot;,&quot;zip&quot;:&quot;&quot;}" latitude="37.7839320277273" longitude="-122.412597377187" needs_recoding="false"/></row>