<?xml version="1.0" encoding="UTF-8"?><row _id="12561743" _uuid="0BED057A-6987-4A63-9347-2FCD95711DC8" _position="12561743" _address="http://data.sfgov.org/resource/ritf-b9ki/12561743"><incidntnum>150266508</incidntnum><category>ROBBERY</category><descript>ROBBERY, ARMED WITH A GUN</descript><dayofweek>Thursday</dayofweek><date>2015-03-26T00:00:00</date><time>10:40</time><pddistrict>SOUTHERN</pddistrict><resolution>NONE</resolution><address>0 Block of UNITEDNATIONS PZ</address><x>-122.414317857881</x><y>37.7799444052046</y><location human_address="{&quot;address&quot;:&quot;&quot;,&quot;city&quot;:&quot;&quot;,&quot;state&quot;:&quot;&quot;,&quot;zip&quot;:&quot;&quot;}" latitude="37.7799444052046" longitude="-122.414317857881" needs_recoding="false"/></row>