<?xml version="1.0" encoding="UTF-8"?><row _id="12576334" _uuid="29FB0EB6-EBD7-4C4D-B138-4ED04355A04B" _position="12576334" _address="http://data.sfgov.org/resource/ritf-b9ki/12576334"><incidntnum>150376953</incidntnum><category>ASSAULT</category><descript>AGGRAVATED ASSAULT WITH BODILY FORCE</descript><dayofweek>Thursday</dayofweek><date>2015-04-30T00:00:00</date><time>19:12</time><pddistrict>MISSION</pddistrict><resolution>ARREST, BOOKED</resolution><address>800 Block of CHURCH ST</address><x>-122.428078855496</x><y>37.7576861003287</y><location human_address="{&quot;address&quot;:&quot;&quot;,&quot;city&quot;:&quot;&quot;,&quot;state&quot;:&quot;&quot;,&quot;zip&quot;:&quot;&quot;}" latitude="37.7576861003287" longitude="-122.428078855496" needs_recoding="false"/></row>