<?xml version="1.0" encoding="UTF-8"?><row _id="12571248" _uuid="B2DBE9E7-49E3-46C0-91D1-82D3648AD587" _position="12571248" _address="http://data.sfgov.org/resource/ritf-b9ki/12571248"><incidntnum>150374446</incidntnum><category>DRIVING UNDER THE INFLUENCE</category><descript>DRIVING WHILE UNDER THE INFLUENCE OF ALCOHOL</descript><dayofweek>Thursday</dayofweek><date>2015-04-30T00:00:00</date><time>00:15</time><pddistrict>BAYVIEW</pddistrict><resolution>ARREST, BOOKED</resolution><address>3RD ST / PALOU AV</address><x>-122.390971734551</x><y>37.7340152180723</y><location human_address="{&quot;address&quot;:&quot;&quot;,&quot;city&quot;:&quot;&quot;,&quot;state&quot;:&quot;&quot;,&quot;zip&quot;:&quot;&quot;}" latitude="37.7340152180723" longitude="-122.390971734551" needs_recoding="false"/></row>