<?xml version="1.0" encoding="UTF-8"?><row _id="12562469" _uuid="470308B9-43F6-4C91-936E-27E200BA1D7E" _position="12562469" _address="http://data.sfgov.org/resource/ritf-b9ki/12562469"><incidntnum>150270082</incidntnum><category>OTHER OFFENSES</category><descript>MONEY, PROPERTY OR LABOR, FRAUDULENTLY OBTAINING</descript><dayofweek>Friday</dayofweek><date>2015-03-27T00:00:00</date><time>09:30</time><pddistrict>MISSION</pddistrict><resolution>NONE</resolution><address>2800 Block of 24TH ST</address><x>-122.40960340614</x><y>37.7528220751267</y><location human_address="{&quot;address&quot;:&quot;&quot;,&quot;city&quot;:&quot;&quot;,&quot;state&quot;:&quot;&quot;,&quot;zip&quot;:&quot;&quot;}" latitude="37.7528220751267" longitude="-122.40960340614" needs_recoding="false"/></row>