<?xml version="1.0" encoding="UTF-8"?><row _id="12564635" _uuid="BEFB893C-E6D6-4049-B5EE-39E73F41B2F8" _position="12564635" _address="http://data.sfgov.org/resource/ritf-b9ki/12564635"><incidntnum>156078991</incidntnum><category>LARCENY/THEFT</category><descript>GRAND THEFT FROM LOCKED AUTO</descript><dayofweek>Thursday</dayofweek><date>2015-04-02T00:00:00</date><time>09:00</time><pddistrict>TARAVAL</pddistrict><resolution>NONE</resolution><address>33RD AV / NORIEGA ST</address><x>-122.491475660876</x><y>37.7535769095352</y><location human_address="{&quot;address&quot;:&quot;&quot;,&quot;city&quot;:&quot;&quot;,&quot;state&quot;:&quot;&quot;,&quot;zip&quot;:&quot;&quot;}" latitude="37.7535769095352" longitude="-122.491475660876" needs_recoding="false"/></row>