<?xml version="1.0" encoding="UTF-8"?><row _id="12562909" _uuid="F02B09D2-AB18-419E-A356-884B8A9C1A7C" _position="12562909" _address="http://data.sfgov.org/resource/ritf-b9ki/12562909"><incidntnum>150277674</incidntnum><category>BURGLARY</category><descript>BURGLARY, HOT PROWL, UNLAWFUL ENTRY</descript><dayofweek>Saturday</dayofweek><date>2015-03-28T00:00:00</date><time>18:07</time><pddistrict>NORTHERN</pddistrict><resolution>NONE</resolution><address>2700 Block of POLK ST</address><x>-122.422928214827</x><y>37.8020414246597</y><location human_address="{&quot;address&quot;:&quot;&quot;,&quot;city&quot;:&quot;&quot;,&quot;state&quot;:&quot;&quot;,&quot;zip&quot;:&quot;&quot;}" latitude="37.8020414246597" longitude="-122.422928214827" needs_recoding="false"/></row>