<?xml version="1.0" encoding="UTF-8"?><row _id="12562493" _uuid="5E1D4542-30E4-44CC-BE76-B7908204C07B" _position="12562493" _address="http://data.sfgov.org/resource/ritf-b9ki/12562493"><incidntnum>150270418</incidntnum><category>SUSPICIOUS OCC</category><descript>INVESTIGATIVE DETENTION</descript><dayofweek>Friday</dayofweek><date>2015-03-27T00:00:00</date><time>13:08</time><pddistrict>MISSION</pddistrict><resolution>NONE</resolution><address>900 Block of POTRERO AV</address><x>-122.406604919508</x><y>37.7571580431915</y><location human_address="{&quot;address&quot;:&quot;&quot;,&quot;city&quot;:&quot;&quot;,&quot;state&quot;:&quot;&quot;,&quot;zip&quot;:&quot;&quot;}" latitude="37.7571580431915" longitude="-122.406604919508" needs_recoding="false"/></row>