<?xml version="1.0" encoding="UTF-8"?><row _id="12563444" _uuid="B3B67F03-7C65-40FF-B723-70230ABBEE91" _position="12563444" _address="http://data.sfgov.org/resource/ritf-b9ki/12563444"><incidntnum>150302196</incidntnum><category>OTHER OFFENSES</category><descript>FRAUDULENT GAME OR TRICK, OBTAINING MONEY OR PROPERTY</descript><dayofweek>Saturday</dayofweek><date>2015-03-28T00:00:00</date><time>12:00</time><pddistrict>INGLESIDE</pddistrict><resolution>ARREST, BOOKED</resolution><address>GENEVA AV / SAN JOSE AV</address><x>-122.44660721495</x><y>37.7207231268789</y><location human_address="{&quot;address&quot;:&quot;&quot;,&quot;city&quot;:&quot;&quot;,&quot;state&quot;:&quot;&quot;,&quot;zip&quot;:&quot;&quot;}" latitude="37.7207231268789" longitude="-122.44660721495" needs_recoding="false"/></row>