<?xml version="1.0" encoding="UTF-8"?><row _id="12564372" _uuid="A990AC20-17CF-47D0-9A90-20128E8E926D" _position="12564372" _address="http://data.sfgov.org/resource/ritf-b9ki/12564372"><incidntnum>150286186</incidntnum><category>ASSAULT</category><descript>THREATS AGAINST LIFE</descript><dayofweek>Wednesday</dayofweek><date>2015-04-01T00:00:00</date><time>12:15</time><pddistrict>SOUTHERN</pddistrict><resolution>NONE</resolution><address>100 Block of 9TH ST</address><x>-122.413980520967</x><y>37.7755687325824</y><location human_address="{&quot;address&quot;:&quot;&quot;,&quot;city&quot;:&quot;&quot;,&quot;state&quot;:&quot;&quot;,&quot;zip&quot;:&quot;&quot;}" latitude="37.7755687325824" longitude="-122.413980520967" needs_recoding="false"/></row>