<?xml version="1.0" encoding="UTF-8"?><row _id="12566211" _uuid="238F690A-4CC3-4CD3-965B-286E388B4C24" _position="12566211" _address="http://data.sfgov.org/resource/ritf-b9ki/12566211"><incidntnum>150302500</incidntnum><category>LARCENY/THEFT</category><descript>PETTY THEFT FROM LOCKED AUTO</descript><dayofweek>Sunday</dayofweek><date>2015-04-05T00:00:00</date><time>18:00</time><pddistrict>PARK</pddistrict><resolution>NONE</resolution><address>1900 Block of EDDY ST</address><x>-122.439762815886</x><y>37.7804243298618</y><location human_address="{&quot;address&quot;:&quot;&quot;,&quot;city&quot;:&quot;&quot;,&quot;state&quot;:&quot;&quot;,&quot;zip&quot;:&quot;&quot;}" latitude="37.7804243298618" longitude="-122.439762815886" needs_recoding="false"/></row>