<?xml version="1.0" encoding="UTF-8"?><row _id="12562058" _uuid="7BB62C09-D452-4FAC-B7DA-5C5E7CCA680F" _position="12562058" _address="http://data.sfgov.org/resource/ritf-b9ki/12562058"><incidntnum>150269386</incidntnum><category>OTHER OFFENSES</category><descript>DRIVERS LICENSE, SUSPENDED OR REVOKED</descript><dayofweek>Friday</dayofweek><date>2015-03-27T00:00:00</date><time>05:19</time><pddistrict>RICHMOND</pddistrict><resolution>ARREST, BOOKED</resolution><address>EUCLID AV / COMMONWEALTH AV</address><x>-122.455713574069</x><y>37.7839773604374</y><location human_address="{&quot;address&quot;:&quot;&quot;,&quot;city&quot;:&quot;&quot;,&quot;state&quot;:&quot;&quot;,&quot;zip&quot;:&quot;&quot;}" latitude="37.7839773604374" longitude="-122.455713574069" needs_recoding="false"/></row>