<?xml version="1.0" encoding="UTF-8"?><row _id="12569189" _uuid="3C4450CD-F6F4-40A4-9CC8-7FC877DAAED8" _position="12569189" _address="http://data.sfgov.org/resource/ritf-b9ki/12569189"><incidntnum>150326215</incidntnum><category>ASSAULT</category><descript>BATTERY</descript><dayofweek>Tuesday</dayofweek><date>2015-04-14T00:00:00</date><time>16:19</time><pddistrict>MISSION</pddistrict><resolution>NONE</resolution><address>MISSION ST / 16TH ST</address><x>-122.419671780296</x><y>37.7650501214668</y><location human_address="{&quot;address&quot;:&quot;&quot;,&quot;city&quot;:&quot;&quot;,&quot;state&quot;:&quot;&quot;,&quot;zip&quot;:&quot;&quot;}" latitude="37.7650501214668" longitude="-122.419671780296" needs_recoding="false"/></row>