<?xml version="1.0" encoding="UTF-8"?><row _id="12563094" _uuid="BBF9EE67-2E43-42C4-A46A-0F4E79E52832" _position="12563094" _address="http://data.sfgov.org/resource/ritf-b9ki/12563094"><incidntnum>150278575</incidntnum><category>VEHICLE THEFT</category><descript>STOLEN TRUCK</descript><dayofweek>Sunday</dayofweek><date>2015-03-29T00:00:00</date><time>20:00</time><pddistrict>MISSION</pddistrict><resolution>NONE</resolution><address>VERMONT ST / 23RD ST</address><x>-122.403524795218</x><y>37.7544534411473</y><location human_address="{&quot;address&quot;:&quot;&quot;,&quot;city&quot;:&quot;&quot;,&quot;state&quot;:&quot;&quot;,&quot;zip&quot;:&quot;&quot;}" latitude="37.7544534411473" longitude="-122.403524795218" needs_recoding="false"/></row>