<?xml version="1.0" encoding="UTF-8"?><row _id="12564918" _uuid="10C564CE-7BE7-4A9C-834C-BD678AD4879B" _position="12564918" _address="http://data.sfgov.org/resource/ritf-b9ki/12564918"><incidntnum>150291345</incidntnum><category>STOLEN PROPERTY</category><descript>STOLEN ACCESS CARD, POSSESSION</descript><dayofweek>Thursday</dayofweek><date>2015-04-02T00:00:00</date><time>18:30</time><pddistrict>CENTRAL</pddistrict><resolution>NONE</resolution><address>CHESTNUT ST / SANSOME ST</address><x>-122.403532080065</x><y>37.8049688863959</y><location human_address="{&quot;address&quot;:&quot;&quot;,&quot;city&quot;:&quot;&quot;,&quot;state&quot;:&quot;&quot;,&quot;zip&quot;:&quot;&quot;}" latitude="37.8049688863959" longitude="-122.403532080065" needs_recoding="false"/></row>