<?xml version="1.0" encoding="UTF-8"?><row _id="12561518" _uuid="2C010F7B-C9E3-4184-8212-7972A6E3DA98" _position="12561518" _address="http://data.sfgov.org/resource/ritf-b9ki/12561518"><incidntnum>150268849</incidntnum><category>FRAUD</category><descript>FRAUDULENT USE OF AUTOMATED TELLER CARD</descript><dayofweek>Thursday</dayofweek><date>2015-03-26T00:00:00</date><time>16:25</time><pddistrict>NORTHERN</pddistrict><resolution>NONE</resolution><address>VANNESS AV / CALIFORNIA ST</address><x>-122.422330464198</x><y>37.790369068882</y><location human_address="{&quot;address&quot;:&quot;&quot;,&quot;city&quot;:&quot;&quot;,&quot;state&quot;:&quot;&quot;,&quot;zip&quot;:&quot;&quot;}" latitude="37.790369068882" longitude="-122.422330464198" needs_recoding="false"/></row>