<?xml version="1.0" encoding="UTF-8"?><row _id="12574486" _uuid="42660F42-628A-4491-92F2-D1968BFC0667" _position="12574486" _address="http://data.sfgov.org/resource/ritf-b9ki/12574486"><incidntnum>150347227</incidntnum><category>LARCENY/THEFT</category><descript>GRAND THEFT FROM A BUILDING</descript><dayofweek>Wednesday</dayofweek><date>2015-04-15T00:00:00</date><time>12:00</time><pddistrict>INGLESIDE</pddistrict><resolution>NONE</resolution><address>500 Block of PORTOLA DR</address><x>-122.451163989719</x><y>37.7455640062989</y><location human_address="{&quot;address&quot;:&quot;&quot;,&quot;city&quot;:&quot;&quot;,&quot;state&quot;:&quot;&quot;,&quot;zip&quot;:&quot;&quot;}" latitude="37.7455640062989" longitude="-122.451163989719" needs_recoding="false"/></row>