<?xml version="1.0" encoding="UTF-8"?><row _id="12562409" _uuid="1915E828-8AD9-4AB2-8BB7-CC30B90BF2E7" _position="12562409" _address="http://data.sfgov.org/resource/ritf-b9ki/12562409"><incidntnum>150269881</incidntnum><category>BURGLARY</category><descript>BURGLARY OF APARTMENT HOUSE, FORCIBLE ENTRY</descript><dayofweek>Friday</dayofweek><date>2015-03-27T00:00:00</date><time>09:53</time><pddistrict>RICHMOND</pddistrict><resolution>NONE</resolution><address>700 Block of LA PLAYA ST</address><x>-122.510170706093</x><y>37.7741725064496</y><location human_address="{&quot;address&quot;:&quot;&quot;,&quot;city&quot;:&quot;&quot;,&quot;state&quot;:&quot;&quot;,&quot;zip&quot;:&quot;&quot;}" latitude="37.7741725064496" longitude="-122.510170706093" needs_recoding="false"/></row>