<?xml version="1.0" encoding="UTF-8"?><row _id="12582062" _uuid="EE8FE8F6-0F23-4665-A26A-66A10034B354" _position="12582062" _address="http://data.sfgov.org/resource/ritf-b9ki/12582062"><incidntnum>150414428</incidntnum><category>ASSAULT</category><descript>ELDER ADULT OR DEPENDENT ABUSE (NOT EMBEZZLEMENT OR THEFT)</descript><dayofweek>Friday</dayofweek><date>2015-03-27T00:00:00</date><time>11:30</time><pddistrict>NORTHERN</pddistrict><resolution>NONE</resolution><address>2000 Block of FILLMORE ST</address><x>-122.433813580387</x><y>37.7884287785616</y><location human_address="{&quot;address&quot;:&quot;&quot;,&quot;city&quot;:&quot;&quot;,&quot;state&quot;:&quot;&quot;,&quot;zip&quot;:&quot;&quot;}" latitude="37.7884287785616" longitude="-122.433813580387" needs_recoding="false"/></row>