<?xml version="1.0" encoding="UTF-8"?><row _id="12561545" _uuid="83927A5E-DB82-4AD9-871B-98073CE2E3C8" _position="12561545" _address="http://data.sfgov.org/resource/ritf-b9ki/12561545"><incidntnum>156074911</incidntnum><category>LARCENY/THEFT</category><descript>GRAND THEFT FROM LOCKED AUTO</descript><dayofweek>Thursday</dayofweek><date>2015-03-26T00:00:00</date><time>18:00</time><pddistrict>RICHMOND</pddistrict><resolution>NONE</resolution><address>7TH AV / MARTIN LUTHER KING JR DR</address><x>-122.464383299672</x><y>37.7664285966753</y><location human_address="{&quot;address&quot;:&quot;&quot;,&quot;city&quot;:&quot;&quot;,&quot;state&quot;:&quot;&quot;,&quot;zip&quot;:&quot;&quot;}" latitude="37.7664285966753" longitude="-122.464383299672" needs_recoding="false"/></row>