<?xml version="1.0" encoding="UTF-8"?><row _id="12562182" _uuid="F5591AC5-B96D-480E-8899-3A645A2F467E" _position="12562182" _address="http://data.sfgov.org/resource/ritf-b9ki/12562182"><incidntnum>150270816</incidntnum><category>LARCENY/THEFT</category><descript>PETTY THEFT SHOPLIFTING</descript><dayofweek>Friday</dayofweek><date>2015-03-27T00:00:00</date><time>15:00</time><pddistrict>SOUTHERN</pddistrict><resolution>ARREST, BOOKED</resolution><address>0 Block of NEWMONTGOMERY ST</address><x>-122.401817240144</x><y>37.788440503956</y><location human_address="{&quot;address&quot;:&quot;&quot;,&quot;city&quot;:&quot;&quot;,&quot;state&quot;:&quot;&quot;,&quot;zip&quot;:&quot;&quot;}" latitude="37.788440503956" longitude="-122.401817240144" needs_recoding="false"/></row>