<?xml version="1.0" encoding="UTF-8"?><row _id="12561172" _uuid="49CBDDF4-76F2-4FCF-9ADF-E59AE819F06E" _position="12561172" _address="http://data.sfgov.org/resource/ritf-b9ki/12561172"><incidntnum>150264223</incidntnum><category>LARCENY/THEFT</category><descript>PETTY THEFT SHOPLIFTING</descript><dayofweek>Wednesday</dayofweek><date>2015-03-25T00:00:00</date><time>12:32</time><pddistrict>TARAVAL</pddistrict><resolution>ARREST, BOOKED</resolution><address>200 Block of WINSTON DR</address><x>-122.475491822708</x><y>37.7268308382992</y><location human_address="{&quot;address&quot;:&quot;&quot;,&quot;city&quot;:&quot;&quot;,&quot;state&quot;:&quot;&quot;,&quot;zip&quot;:&quot;&quot;}" latitude="37.7268308382992" longitude="-122.475491822708" needs_recoding="false"/></row>