<?xml version="1.0" encoding="UTF-8"?><row _id="12567316" _uuid="B0013DC2-00F3-42EB-9A4B-D69C2F9BBBD4" _position="12567316" _address="http://data.sfgov.org/resource/ritf-b9ki/12567316"><incidntnum>156085463</incidntnum><category>LARCENY/THEFT</category><descript>GRAND THEFT FROM LOCKED AUTO</descript><dayofweek>Wednesday</dayofweek><date>2015-04-08T00:00:00</date><time>18:45</time><pddistrict>CENTRAL</pddistrict><resolution>NONE</resolution><address>400 Block of STOCKTON ST</address><x>-122.406977563692</x><y>37.789918101686</y><location human_address="{&quot;address&quot;:&quot;&quot;,&quot;city&quot;:&quot;&quot;,&quot;state&quot;:&quot;&quot;,&quot;zip&quot;:&quot;&quot;}" latitude="37.789918101686" longitude="-122.406977563692" needs_recoding="false"/></row>