<?xml version="1.0" encoding="UTF-8"?><row _id="12579404" _uuid="A618AC37-CFFA-4D6B-A5DC-FA0337C2337F" _position="12579404" _address="http://data.sfgov.org/resource/ritf-b9ki/12579404"><incidntnum>156101310</incidntnum><category>LARCENY/THEFT</category><descript>PETTY THEFT OF PROPERTY</descript><dayofweek>Friday</dayofweek><date>2015-03-27T00:00:00</date><time>22:56</time><pddistrict>NORTHERN</pddistrict><resolution>NONE</resolution><address>3200 Block of FILLMORE ST</address><x>-122.436071833387</x><y>37.7996224230809</y><location human_address="{&quot;address&quot;:&quot;&quot;,&quot;city&quot;:&quot;&quot;,&quot;state&quot;:&quot;&quot;,&quot;zip&quot;:&quot;&quot;}" latitude="37.7996224230809" longitude="-122.436071833387" needs_recoding="false"/></row>