<?xml version="1.0" encoding="UTF-8"?><row _id="12588759" _uuid="A6BA6EEF-E7B0-45BA-AE5E-3A59794349BE" _position="12588759" _address="http://data.sfgov.org/resource/ritf-b9ki/12588759"><incidntnum>150477385</incidntnum><category>BURGLARY</category><descript>BURGLARY, FORCIBLE ENTRY</descript><dayofweek>Friday</dayofweek><date>2015-05-01T00:00:00</date><time>19:00</time><pddistrict>BAYVIEW</pddistrict><resolution>NONE</resolution><address>1500 Block of BAY SHORE BL</address><x>-122.401096851568</x><y>37.7245556697717</y><location human_address="{&quot;address&quot;:&quot;&quot;,&quot;city&quot;:&quot;&quot;,&quot;state&quot;:&quot;&quot;,&quot;zip&quot;:&quot;&quot;}" latitude="37.7245556697717" longitude="-122.401096851568" needs_recoding="false"/></row>