<?xml version="1.0" encoding="UTF-8"?><row _id="12562859" _uuid="53CC6241-69A3-40FF-A075-E391F93081A0" _position="12562859" _address="http://data.sfgov.org/resource/ritf-b9ki/12562859"><incidntnum>150275430</incidntnum><category>MISSING PERSON</category><descript>FOUND PERSON</descript><dayofweek>Saturday</dayofweek><date>2015-03-28T00:00:00</date><time>21:30</time><pddistrict>PARK</pddistrict><resolution>NONE</resolution><address>1400 Block of GROVE ST</address><x>-122.440483106998</x><y>37.7755529016833</y><location human_address="{&quot;address&quot;:&quot;&quot;,&quot;city&quot;:&quot;&quot;,&quot;state&quot;:&quot;&quot;,&quot;zip&quot;:&quot;&quot;}" latitude="37.7755529016833" longitude="-122.440483106998" needs_recoding="false"/></row>