<?xml version="1.0" encoding="UTF-8"?><row _id="12565322" _uuid="DF33DE2B-BE74-4C04-9138-7AFDCE53D0B5" _position="12565322" _address="http://data.sfgov.org/resource/ritf-b9ki/12565322"><incidntnum>156076133</incidntnum><category>LARCENY/THEFT</category><descript>GRAND THEFT FROM LOCKED AUTO</descript><dayofweek>Saturday</dayofweek><date>2015-03-28T00:00:00</date><time>03:00</time><pddistrict>NORTHERN</pddistrict><resolution>NONE</resolution><address>1600 Block of GEARY BL</address><x>-122.429629258891</x><y>37.7848966681924</y><location human_address="{&quot;address&quot;:&quot;&quot;,&quot;city&quot;:&quot;&quot;,&quot;state&quot;:&quot;&quot;,&quot;zip&quot;:&quot;&quot;}" latitude="37.7848966681924" longitude="-122.429629258891" needs_recoding="false"/></row>