<?xml version="1.0" encoding="UTF-8"?><row _id="12566170" _uuid="52F998FD-17CC-40D8-9B71-5E5DE9F504B6" _position="12566170" _address="http://data.sfgov.org/resource/ritf-b9ki/12566170"><incidntnum>156087033</incidntnum><category>NON-CRIMINAL</category><descript>LOST PROPERTY</descript><dayofweek>Saturday</dayofweek><date>2015-04-04T00:00:00</date><time>16:30</time><pddistrict>SOUTHERN</pddistrict><resolution>NONE</resolution><address>700 Block of MARKET ST</address><x>-122.404756583284</x><y>37.7864540511999</y><location human_address="{&quot;address&quot;:&quot;&quot;,&quot;city&quot;:&quot;&quot;,&quot;state&quot;:&quot;&quot;,&quot;zip&quot;:&quot;&quot;}" latitude="37.7864540511999" longitude="-122.404756583284" needs_recoding="false"/></row>