<?xml version="1.0" encoding="UTF-8"?><row _id="12626637" _uuid="C928D6DB-674D-4F10-B167-02248779F182" _position="12626637" _address="http://data.sfgov.org/resource/ritf-b9ki/12626637"><incidntnum>150265516</incidntnum><category>WARRANTS</category><descript>WARRANT ARREST</descript><dayofweek>Wednesday</dayofweek><date>2015-03-25T00:00:00</date><time>14:00</time><pddistrict>RICHMOND</pddistrict><resolution>ARREST, BOOKED</resolution><address>2700 Block of GOLDEN GATE AV</address><x>-122.455961131055</x><y>37.7769779778463</y><location human_address="{&quot;address&quot;:&quot;&quot;,&quot;city&quot;:&quot;&quot;,&quot;state&quot;:&quot;&quot;,&quot;zip&quot;:&quot;&quot;}" latitude="37.7769779778463" longitude="-122.455961131055" needs_recoding="false"/></row>