<?xml version="1.0" encoding="UTF-8"?><row _id="12565640" _uuid="3466A700-B7B1-4905-AFE3-08F8A408DB47" _position="12565640" _address="http://data.sfgov.org/resource/ritf-b9ki/12565640"><incidntnum>150295557</incidntnum><category>ASSAULT</category><descript>BATTERY</descript><dayofweek>Saturday</dayofweek><date>2015-04-04T00:00:00</date><time>12:20</time><pddistrict>PARK</pddistrict><resolution>ARREST, BOOKED</resolution><address>1800 Block of PAGE ST</address><x>-122.451236373142</x><y>37.7703598019817</y><location human_address="{&quot;address&quot;:&quot;&quot;,&quot;city&quot;:&quot;&quot;,&quot;state&quot;:&quot;&quot;,&quot;zip&quot;:&quot;&quot;}" latitude="37.7703598019817" longitude="-122.451236373142" needs_recoding="false"/></row>