<?xml version="1.0" encoding="UTF-8"?><row _id="12565328" _uuid="69358186-9C6E-40CE-9EDB-DB6EB8F163BB" _position="12565328" _address="http://data.sfgov.org/resource/ritf-b9ki/12565328"><incidntnum>156077006</incidntnum><category>NON-CRIMINAL</category><descript>LOST PROPERTY</descript><dayofweek>Saturday</dayofweek><date>2015-03-28T00:00:00</date><time>19:40</time><pddistrict>NORTHERN</pddistrict><resolution>NONE</resolution><address>1700 Block of POST ST</address><x>-122.430579280128</x><y>37.7854121125668</y><location human_address="{&quot;address&quot;:&quot;&quot;,&quot;city&quot;:&quot;&quot;,&quot;state&quot;:&quot;&quot;,&quot;zip&quot;:&quot;&quot;}" latitude="37.7854121125668" longitude="-122.430579280128" needs_recoding="false"/></row>