<?xml version="1.0" encoding="UTF-8"?><row _id="12563475" _uuid="9B687D4D-B00A-4DAB-905B-80126C4B4119" _position="12563475" _address="http://data.sfgov.org/resource/ritf-b9ki/12563475"><incidntnum>150276507</incidntnum><category>NON-CRIMINAL</category><descript>CIVIL SIDEWALKS, CITATION</descript><dayofweek>Sunday</dayofweek><date>2015-03-29T00:00:00</date><time>11:25</time><pddistrict>MISSION</pddistrict><resolution>ARREST, BOOKED</resolution><address>3600 Block of 18TH ST</address><x>-122.425577459237</x><y>37.7615126051244</y><location human_address="{&quot;address&quot;:&quot;&quot;,&quot;city&quot;:&quot;&quot;,&quot;state&quot;:&quot;&quot;,&quot;zip&quot;:&quot;&quot;}" latitude="37.7615126051244" longitude="-122.425577459237" needs_recoding="false"/></row>