<?xml version="1.0" encoding="UTF-8"?><row _id="12564556" _uuid="7AEED955-7DF7-4095-9BFD-35F69204F301" _position="12564556" _address="http://data.sfgov.org/resource/ritf-b9ki/12564556"><incidntnum>150287736</incidntnum><category>WEAPON LAWS</category><descript>POSS OF PROHIBITED WEAPON</descript><dayofweek>Thursday</dayofweek><date>2015-04-02T00:00:00</date><time>00:57</time><pddistrict>INGLESIDE</pddistrict><resolution>ARREST, BOOKED</resolution><address>MISSION ST / RANDALL ST</address><x>-122.42358068715</x><y>37.7398849565957</y><location human_address="{&quot;address&quot;:&quot;&quot;,&quot;city&quot;:&quot;&quot;,&quot;state&quot;:&quot;&quot;,&quot;zip&quot;:&quot;&quot;}" latitude="37.7398849565957" longitude="-122.42358068715" needs_recoding="false"/></row>