<?xml version="1.0" encoding="UTF-8"?><row _id="12563618" _uuid="4A21779B-F9ED-46A2-B276-5EA85E2FF107" _position="12563618" _address="http://data.sfgov.org/resource/ritf-b9ki/12563618"><incidntnum>150282714</incidntnum><category>VANDALISM</category><descript>MALICIOUS MISCHIEF, VANDALISM OF VEHICLES</descript><dayofweek>Monday</dayofweek><date>2015-03-30T00:00:00</date><time>19:45</time><pddistrict>PARK</pddistrict><resolution>NONE</resolution><address>1400 Block of SCOTT ST</address><x>-122.437674432179</x><y>37.7832091367301</y><location human_address="{&quot;address&quot;:&quot;&quot;,&quot;city&quot;:&quot;&quot;,&quot;state&quot;:&quot;&quot;,&quot;zip&quot;:&quot;&quot;}" latitude="37.7832091367301" longitude="-122.437674432179" needs_recoding="false"/></row>