<?xml version="1.0" encoding="UTF-8"?><row _id="12582188" _uuid="F92FA50C-B321-49F2-82A7-99651F2F7B1C" _position="12582188" _address="http://data.sfgov.org/resource/ritf-b9ki/12582188"><incidntnum>150357254</incidntnum><category>OTHER OFFENSES</category><descript>FALSE PERSONATION TO RECEIVE MONEY OR PROPERTY</descript><dayofweek>Tuesday</dayofweek><date>2015-04-07T00:00:00</date><time>19:00</time><pddistrict>BAYVIEW</pddistrict><resolution>UNFOUNDED</resolution><address>0 Block of NUEVA AV</address><x>-122.39706939553</x><y>37.7121182087675</y><location human_address="{&quot;address&quot;:&quot;&quot;,&quot;city&quot;:&quot;&quot;,&quot;state&quot;:&quot;&quot;,&quot;zip&quot;:&quot;&quot;}" latitude="37.7121182087675" longitude="-122.39706939553" needs_recoding="false"/></row>