<?xml version="1.0" encoding="UTF-8"?><row _id="12565090" _uuid="9FE91CD0-9C5A-48AD-B480-A20BE55984A2" _position="12565090" _address="http://data.sfgov.org/resource/ritf-b9ki/12565090"><incidntnum>150291129</incidntnum><category>BURGLARY</category><descript>BURGLARY, FORCIBLE ENTRY</descript><dayofweek>Friday</dayofweek><date>2015-04-03T00:00:00</date><time>02:00</time><pddistrict>CENTRAL</pddistrict><resolution>NONE</resolution><address>100 Block of SUTTER ST</address><x>-122.403366417112</x><y>37.7899452996011</y><location human_address="{&quot;address&quot;:&quot;&quot;,&quot;city&quot;:&quot;&quot;,&quot;state&quot;:&quot;&quot;,&quot;zip&quot;:&quot;&quot;}" latitude="37.7899452996011" longitude="-122.403366417112" needs_recoding="false"/></row>