<?xml version="1.0" encoding="UTF-8"?><row _id="12569021" _uuid="2D34FA5A-5990-4866-9B53-995310216734" _position="12569021" _address="http://data.sfgov.org/resource/ritf-b9ki/12569021"><incidntnum>150322906</incidntnum><category>NON-CRIMINAL</category><descript>AIDED CASE, MENTAL DISTURBED</descript><dayofweek>Monday</dayofweek><date>2015-04-13T00:00:00</date><time>17:00</time><pddistrict>CENTRAL</pddistrict><resolution>NONE</resolution><address>600 Block of PACIFIC AV</address><x>-122.406034753134</x><y>37.7969469304359</y><location human_address="{&quot;address&quot;:&quot;&quot;,&quot;city&quot;:&quot;&quot;,&quot;state&quot;:&quot;&quot;,&quot;zip&quot;:&quot;&quot;}" latitude="37.7969469304359" longitude="-122.406034753134" needs_recoding="false"/></row>