<?xml version="1.0" encoding="UTF-8"?><row _id="12564451" _uuid="EFC8D60B-0593-49B9-AD09-6E4BEC3C2534" _position="12564451" _address="http://data.sfgov.org/resource/ritf-b9ki/12564451"><incidntnum>150288477</incidntnum><category>VEHICLE THEFT</category><descript>STOLEN AUTOMOBILE</descript><dayofweek>Wednesday</dayofweek><date>2015-04-01T00:00:00</date><time>12:30</time><pddistrict>CENTRAL</pddistrict><resolution>NONE</resolution><address>400 Block of CHESTNUT ST</address><x>-122.410785190114</x><y>37.8041178496836</y><location human_address="{&quot;address&quot;:&quot;&quot;,&quot;city&quot;:&quot;&quot;,&quot;state&quot;:&quot;&quot;,&quot;zip&quot;:&quot;&quot;}" latitude="37.8041178496836" longitude="-122.410785190114" needs_recoding="false"/></row>