<?xml version="1.0" encoding="UTF-8"?><row _id="12562335" _uuid="FB193B99-D1CE-4051-B9CC-D161D8571955" _position="12562335" _address="http://data.sfgov.org/resource/ritf-b9ki/12562335"><incidntnum>150270957</incidntnum><category>NON-CRIMINAL</category><descript>AIDED CASE, MENTAL DISTURBED</descript><dayofweek>Friday</dayofweek><date>2015-03-27T00:00:00</date><time>13:38</time><pddistrict>TENDERLOIN</pddistrict><resolution>NONE</resolution><address>300 Block of ELLIS ST</address><x>-122.411987643595</x><y>37.7850226622786</y><location human_address="{&quot;address&quot;:&quot;&quot;,&quot;city&quot;:&quot;&quot;,&quot;state&quot;:&quot;&quot;,&quot;zip&quot;:&quot;&quot;}" latitude="37.7850226622786" longitude="-122.411987643595" needs_recoding="false"/></row>