<?xml version="1.0" encoding="UTF-8"?><row _id="12564209" _uuid="C8828378-2663-46AF-8994-54B9F357DD91" _position="12564209" _address="http://data.sfgov.org/resource/ritf-b9ki/12564209"><incidntnum>150286415</incidntnum><category>OTHER OFFENSES</category><descript>FALSE PERSONATION TO RECEIVE MONEY OR PROPERTY</descript><dayofweek>Tuesday</dayofweek><date>2015-03-31T00:00:00</date><time>14:00</time><pddistrict>TARAVAL</pddistrict><resolution>NONE</resolution><address>1400 Block of LA PLAYA ST</address><x>-122.509004036553</x><y>37.7593183455027</y><location human_address="{&quot;address&quot;:&quot;&quot;,&quot;city&quot;:&quot;&quot;,&quot;state&quot;:&quot;&quot;,&quot;zip&quot;:&quot;&quot;}" latitude="37.7593183455027" longitude="-122.509004036553" needs_recoding="false"/></row>