<?xml version="1.0" encoding="UTF-8"?><row _id="12628270" _uuid="DAAA0731-F10E-4745-9978-39C0A37CDCB5" _position="12628270" _address="http://data.sfgov.org/resource/ritf-b9ki/12628270"><incidntnum>150369958</incidntnum><category>WARRANTS</category><descript>WARRANT ARREST</descript><dayofweek>Tuesday</dayofweek><date>2015-04-28T00:00:00</date><time>14:25</time><pddistrict>SOUTHERN</pddistrict><resolution>ARREST, BOOKED</resolution><address>800 Block of MARKET ST</address><x>-122.407633520742</x><y>37.7841893501425</y><location human_address="{&quot;address&quot;:&quot;&quot;,&quot;city&quot;:&quot;&quot;,&quot;state&quot;:&quot;&quot;,&quot;zip&quot;:&quot;&quot;}" latitude="37.7841893501425" longitude="-122.407633520742" needs_recoding="false"/></row>