<?xml version="1.0" encoding="UTF-8"?><row _id="12564181" _uuid="9A78DAE9-D6F9-4D6C-A22F-F421D7AE23D2" _position="12564181" _address="http://data.sfgov.org/resource/ritf-b9ki/12564181"><incidntnum>150301160</incidntnum><category>VEHICLE THEFT</category><descript>STOLEN AUTOMOBILE</descript><dayofweek>Tuesday</dayofweek><date>2015-03-31T00:00:00</date><time>21:45</time><pddistrict>PARK</pddistrict><resolution>NONE</resolution><address>1700 Block of HAYES ST</address><x>-122.445275278239</x><y>37.7740946155</y><location human_address="{&quot;address&quot;:&quot;&quot;,&quot;city&quot;:&quot;&quot;,&quot;state&quot;:&quot;&quot;,&quot;zip&quot;:&quot;&quot;}" latitude="37.7740946155" longitude="-122.445275278239" needs_recoding="false"/></row>