<?xml version="1.0" encoding="UTF-8"?><row _id="12561417" _uuid="09116201-88D6-4A1F-B56C-E20205C9C623" _position="12561417" _address="http://data.sfgov.org/resource/ritf-b9ki/12561417"><incidntnum>150269160</incidntnum><category>NON-CRIMINAL</category><descript>CASE CLOSURE</descript><dayofweek>Wednesday</dayofweek><date>2015-03-25T00:00:00</date><time>15:30</time><pddistrict>INGLESIDE</pddistrict><resolution>JUVENILE BOOKED</resolution><address>30TH ST / DOLORES ST</address><x>-122.424233082445</x><y>37.742236668262</y><location human_address="{&quot;address&quot;:&quot;&quot;,&quot;city&quot;:&quot;&quot;,&quot;state&quot;:&quot;&quot;,&quot;zip&quot;:&quot;&quot;}" latitude="37.742236668262" longitude="-122.424233082445" needs_recoding="false"/></row>