<?xml version="1.0" encoding="UTF-8"?><row _id="12565082" _uuid="078D9144-0A9D-4726-8B14-61FEC83254C5" _position="12565082" _address="http://data.sfgov.org/resource/ritf-b9ki/12565082"><incidntnum>150292036</incidntnum><category>OTHER OFFENSES</category><descript>DRIVERS LICENSE, SUSPENDED OR REVOKED</descript><dayofweek>Friday</dayofweek><date>2015-04-03T00:00:00</date><time>12:42</time><pddistrict>INGLESIDE</pddistrict><resolution>ARREST, BOOKED</resolution><address>1600 Block of GENEVA AV</address><x>-122.427965645504</x><y>37.7115816415732</y><location human_address="{&quot;address&quot;:&quot;&quot;,&quot;city&quot;:&quot;&quot;,&quot;state&quot;:&quot;&quot;,&quot;zip&quot;:&quot;&quot;}" latitude="37.7115816415732" longitude="-122.427965645504" needs_recoding="false"/></row>