<?xml version="1.0" encoding="UTF-8"?><row _id="12565759" _uuid="690BE6CE-DB35-4CF5-AACC-21AC0C0DF3CD" _position="12565759" _address="http://data.sfgov.org/resource/ritf-b9ki/12565759"><incidntnum>150311824</incidntnum><category>LARCENY/THEFT</category><descript>PETTY THEFT BICYCLE</descript><dayofweek>Saturday</dayofweek><date>2015-04-04T00:00:00</date><time>12:00</time><pddistrict>MISSION</pddistrict><resolution>NONE</resolution><address>3500 Block of 20TH ST</address><x>-122.420918498518</x><y>37.7585749373667</y><location human_address="{&quot;address&quot;:&quot;&quot;,&quot;city&quot;:&quot;&quot;,&quot;state&quot;:&quot;&quot;,&quot;zip&quot;:&quot;&quot;}" latitude="37.7585749373667" longitude="-122.420918498518" needs_recoding="false"/></row>