<?xml version="1.0" encoding="UTF-8"?><row _id="12562154" _uuid="0BD44E4D-483A-4FFA-81D3-FA311E551F1A" _position="12562154" _address="http://data.sfgov.org/resource/ritf-b9ki/12562154"><incidntnum>150269239</incidntnum><category>OTHER OFFENSES</category><descript>DRIVERS LICENSE, SUSPENDED OR REVOKED</descript><dayofweek>Friday</dayofweek><date>2015-03-27T00:00:00</date><time>00:25</time><pddistrict>MISSION</pddistrict><resolution>ARREST, BOOKED</resolution><address>900 Block of SHOTWELL ST</address><x>-122.41531378821</x><y>37.7532172678798</y><location human_address="{&quot;address&quot;:&quot;&quot;,&quot;city&quot;:&quot;&quot;,&quot;state&quot;:&quot;&quot;,&quot;zip&quot;:&quot;&quot;}" latitude="37.7532172678798" longitude="-122.41531378821" needs_recoding="false"/></row>