<?xml version="1.0" encoding="UTF-8"?><row _id="12562305" _uuid="9A7502A1-F64C-4671-BC53-23B53716B021" _position="12562305" _address="http://data.sfgov.org/resource/ritf-b9ki/12562305"><incidntnum>150270270</incidntnum><category>VEHICLE THEFT</category><descript>STOLEN TRUCK</descript><dayofweek>Friday</dayofweek><date>2015-03-27T00:00:00</date><time>08:30</time><pddistrict>SOUTHERN</pddistrict><resolution>NONE</resolution><address>0 Block of THE EMBARCADERONORTH ST</address><x>-122.38791460114</x><y>37.7833631726076</y><location human_address="{&quot;address&quot;:&quot;&quot;,&quot;city&quot;:&quot;&quot;,&quot;state&quot;:&quot;&quot;,&quot;zip&quot;:&quot;&quot;}" latitude="37.7833631726076" longitude="-122.38791460114" needs_recoding="false"/></row>