<?xml version="1.0" encoding="UTF-8"?><row _id="12642459" _uuid="1DD37736-68D1-4654-B959-3B11515B74C2" _position="12642459" _address="http://data.sfgov.org/resource/ritf-b9ki/12642459"><incidntnum>150280865</incidntnum><category>NON-CRIMINAL</category><descript>FOUND PROPERTY</descript><dayofweek>Thursday</dayofweek><date>2015-03-26T00:00:00</date><time>09:00</time><pddistrict>INGLESIDE</pddistrict><resolution>NONE</resolution><address>0 Block of WILDER ST</address><x>-122.433410011879</x><y>37.7340899662655</y><location human_address="{&quot;address&quot;:&quot;&quot;,&quot;city&quot;:&quot;&quot;,&quot;state&quot;:&quot;&quot;,&quot;zip&quot;:&quot;&quot;}" latitude="37.7340899662655" longitude="-122.433410011879" needs_recoding="false"/></row>