<?xml version="1.0" encoding="UTF-8"?><row _id="12562456" _uuid="5BDA2631-CB35-47B8-8C9F-6CE89FB0F9E0" _position="12562456" _address="http://data.sfgov.org/resource/ritf-b9ki/12562456"><incidntnum>150272135</incidntnum><category>DRUG/NARCOTIC</category><descript>CONTROLLED SUBSTANCE VIOLATION, LOITERING FOR</descript><dayofweek>Friday</dayofweek><date>2015-03-27T00:00:00</date><time>22:36</time><pddistrict>TENDERLOIN</pddistrict><resolution>ARREST, BOOKED</resolution><address>EDDY ST / HYDE ST</address><x>-122.415885065788</x><y>37.7835160564153</y><location human_address="{&quot;address&quot;:&quot;&quot;,&quot;city&quot;:&quot;&quot;,&quot;state&quot;:&quot;&quot;,&quot;zip&quot;:&quot;&quot;}" latitude="37.7835160564153" longitude="-122.415885065788" needs_recoding="false"/></row>