<?xml version="1.0" encoding="UTF-8"?><row _id="12567025" _uuid="90A8043F-8351-488F-8288-28C27D63F992" _position="12567025" _address="http://data.sfgov.org/resource/ritf-b9ki/12567025"><incidntnum>150305601</incidntnum><category>VEHICLE THEFT</category><descript>STOLEN AUTOMOBILE</descript><dayofweek>Tuesday</dayofweek><date>2015-04-07T00:00:00</date><time>19:30</time><pddistrict>INGLESIDE</pddistrict><resolution>NONE</resolution><address>700 Block of CHENERY ST</address><x>-122.434095643601</x><y>37.7344635602812</y><location human_address="{&quot;address&quot;:&quot;&quot;,&quot;city&quot;:&quot;&quot;,&quot;state&quot;:&quot;&quot;,&quot;zip&quot;:&quot;&quot;}" latitude="37.7344635602812" longitude="-122.434095643601" needs_recoding="false"/></row>