<?xml version="1.0" encoding="UTF-8"?><row _id="12581382" _uuid="B3FD3C0B-8CAA-478C-8561-9071EB8DA29B" _position="12581382" _address="http://data.sfgov.org/resource/ritf-b9ki/12581382"><incidntnum>150335385</incidntnum><category>OTHER OFFENSES</category><descript>FALSE PERSONATION</descript><dayofweek>Friday</dayofweek><date>2015-04-10T00:00:00</date><time>00:01</time><pddistrict>TARAVAL</pddistrict><resolution>UNFOUNDED</resolution><address>200 Block of ARCH ST</address><x>-122.46717438325</x><y>37.7152075746582</y><location human_address="{&quot;address&quot;:&quot;&quot;,&quot;city&quot;:&quot;&quot;,&quot;state&quot;:&quot;&quot;,&quot;zip&quot;:&quot;&quot;}" latitude="37.7152075746582" longitude="-122.46717438325" needs_recoding="false"/></row>