<?xml version="1.0" encoding="UTF-8"?><row _id="12567860" _uuid="A335DBB1-363A-4B3A-AC58-543DAC66CA49" _position="12567860" _address="http://data.sfgov.org/resource/ritf-b9ki/12567860"><incidntnum>150315014</incidntnum><category>DRIVING UNDER THE INFLUENCE</category><descript>DRIVING WHILE UNDER THE INFLUENCE OF ALCOHOL</descript><dayofweek>Friday</dayofweek><date>2015-04-10T00:00:00</date><time>23:47</time><pddistrict>MISSION</pddistrict><resolution>ARREST, BOOKED</resolution><address>18TH ST / COLLINGWOOD ST</address><x>-122.436115302042</x><y>37.7608228396674</y><location human_address="{&quot;address&quot;:&quot;&quot;,&quot;city&quot;:&quot;&quot;,&quot;state&quot;:&quot;&quot;,&quot;zip&quot;:&quot;&quot;}" latitude="37.7608228396674" longitude="-122.436115302042" needs_recoding="false"/></row>