<?xml version="1.0" encoding="UTF-8"?><row _id="12561095" _uuid="6FE34F67-7C1B-4886-A78A-B934EFECCAD6" _position="12561095" _address="http://data.sfgov.org/resource/ritf-b9ki/12561095"><incidntnum>150263015</incidntnum><category>OTHER OFFENSES</category><descript>DRIVERS LICENSE, SUSPENDED OR REVOKED</descript><dayofweek>Wednesday</dayofweek><date>2015-03-25T00:00:00</date><time>11:27</time><pddistrict>TENDERLOIN</pddistrict><resolution>ARREST, CITED</resolution><address>TURK ST / TAYLOR ST</address><x>-122.410768766343</x><y>37.7832145190013</y><location human_address="{&quot;address&quot;:&quot;&quot;,&quot;city&quot;:&quot;&quot;,&quot;state&quot;:&quot;&quot;,&quot;zip&quot;:&quot;&quot;}" latitude="37.7832145190013" longitude="-122.410768766343" needs_recoding="false"/></row>