<?xml version="1.0" encoding="UTF-8"?><row _id="12569844" _uuid="E65A469C-0699-4414-B52E-F16915196AA6" _position="12569844" _address="http://data.sfgov.org/resource/ritf-b9ki/12569844"><incidntnum>150333577</incidntnum><category>LARCENY/THEFT</category><descript>GRAND THEFT FROM LOCKED AUTO</descript><dayofweek>Thursday</dayofweek><date>2015-04-16T00:00:00</date><time>17:00</time><pddistrict>MISSION</pddistrict><resolution>NONE</resolution><address>1700 Block of HARRISON ST</address><x>-122.413354187018</x><y>37.7690748003847</y><location human_address="{&quot;address&quot;:&quot;&quot;,&quot;city&quot;:&quot;&quot;,&quot;state&quot;:&quot;&quot;,&quot;zip&quot;:&quot;&quot;}" latitude="37.7690748003847" longitude="-122.413354187018" needs_recoding="false"/></row>