<?xml version="1.0" encoding="UTF-8"?><row _id="12567261" _uuid="7AAD48CB-E09E-4FB3-9631-ED18173D2EF7" _position="12567261" _address="http://data.sfgov.org/resource/ritf-b9ki/12567261"><incidntnum>150307704</incidntnum><category>DRUG/NARCOTIC</category><descript>POSSESSION OF BASE/ROCK COCAINE</descript><dayofweek>Wednesday</dayofweek><date>2015-04-08T00:00:00</date><time>16:32</time><pddistrict>BAYVIEW</pddistrict><resolution>ARREST, BOOKED</resolution><address>1400 Block of NEWCOMB AV</address><x>-122.387035897704</x><y>37.7336026496641</y><location human_address="{&quot;address&quot;:&quot;&quot;,&quot;city&quot;:&quot;&quot;,&quot;state&quot;:&quot;&quot;,&quot;zip&quot;:&quot;&quot;}" latitude="37.7336026496641" longitude="-122.387035897704" needs_recoding="false"/></row>