<?xml version="1.0" encoding="UTF-8"?><row _id="12566605" _uuid="DCC2B020-C175-45FB-8181-6E7C3D4A0486" _position="12566605" _address="http://data.sfgov.org/resource/ritf-b9ki/12566605"><incidntnum>150325041</incidntnum><category>NON-CRIMINAL</category><descript>AIDED CASE, DOG BITE</descript><dayofweek>Friday</dayofweek><date>2015-04-03T00:00:00</date><time>16:40</time><pddistrict>PARK</pddistrict><resolution>NONE</resolution><address>1800 Block of PAGE ST</address><x>-122.451236373142</x><y>37.7703598019817</y><location human_address="{&quot;address&quot;:&quot;&quot;,&quot;city&quot;:&quot;&quot;,&quot;state&quot;:&quot;&quot;,&quot;zip&quot;:&quot;&quot;}" latitude="37.7703598019817" longitude="-122.451236373142" needs_recoding="false"/></row>