<?xml version="1.0" encoding="UTF-8"?><row _id="12567100" _uuid="050D634E-4F1D-487D-8726-FC7D9F3F9EDA" _position="12567100" _address="http://data.sfgov.org/resource/ritf-b9ki/12567100"><incidntnum>156084647</incidntnum><category>LARCENY/THEFT</category><descript>GRAND THEFT FROM LOCKED AUTO</descript><dayofweek>Wednesday</dayofweek><date>2015-04-08T00:00:00</date><time>21:15</time><pddistrict>CENTRAL</pddistrict><resolution>NONE</resolution><address>BEACH ST / THE EMBARCADERONORTH ST</address><x>-122.40905521632</x><y>37.8081099573456</y><location human_address="{&quot;address&quot;:&quot;&quot;,&quot;city&quot;:&quot;&quot;,&quot;state&quot;:&quot;&quot;,&quot;zip&quot;:&quot;&quot;}" latitude="37.8081099573456" longitude="-122.40905521632" needs_recoding="false"/></row>