<?xml version="1.0" encoding="UTF-8"?><row _id="12566519" _uuid="1234262D-4113-45A8-90DB-78B9B1863E6C" _position="12566519" _address="http://data.sfgov.org/resource/ritf-b9ki/12566519"><incidntnum>150302469</incidntnum><category>SUSPICIOUS OCC</category><descript>SUSPICIOUS OCCURRENCE</descript><dayofweek>Monday</dayofweek><date>2015-04-06T00:00:00</date><time>10:00</time><pddistrict>INGLESIDE</pddistrict><resolution>NONE</resolution><address>0 Block of PATTON ST</address><x>-122.423001467283</x><y>37.7378834676306</y><location human_address="{&quot;address&quot;:&quot;&quot;,&quot;city&quot;:&quot;&quot;,&quot;state&quot;:&quot;&quot;,&quot;zip&quot;:&quot;&quot;}" latitude="37.7378834676306" longitude="-122.423001467283" needs_recoding="false"/></row>