<?xml version="1.0" encoding="UTF-8"?><row _id="12564674" _uuid="D5DC181F-680B-4DFF-BB27-FEA33EFEE3E5" _position="12564674" _address="http://data.sfgov.org/resource/ritf-b9ki/12564674"><incidntnum>156079905</incidntnum><category>LARCENY/THEFT</category><descript>PETTY THEFT OF PROPERTY</descript><dayofweek>Thursday</dayofweek><date>2015-04-02T00:00:00</date><time>22:00</time><pddistrict>CENTRAL</pddistrict><resolution>NONE</resolution><address>KEARNY ST / COLUMBUS AV</address><x>-122.405291680009</x><y>37.7969085528868</y><location human_address="{&quot;address&quot;:&quot;&quot;,&quot;city&quot;:&quot;&quot;,&quot;state&quot;:&quot;&quot;,&quot;zip&quot;:&quot;&quot;}" latitude="37.7969085528868" longitude="-122.405291680009" needs_recoding="false"/></row>