<?xml version="1.0" encoding="UTF-8"?><row _id="12581279" _uuid="C7682FBE-067B-4D52-8837-7827761EF1D6" _position="12581279" _address="http://data.sfgov.org/resource/ritf-b9ki/12581279"><incidntnum>150262904</incidntnum><category>BURGLARY</category><descript>BURGLARY, VEHICLE (ARREST MADE)</descript><dayofweek>Wednesday</dayofweek><date>2015-03-25T00:00:00</date><time>10:10</time><pddistrict>RICHMOND</pddistrict><resolution>ARREST, BOOKED</resolution><address>1000 Block of POINTLOBOS AV</address><x>-122.513642064265</x><y>37.7784692199467</y><location human_address="{&quot;address&quot;:&quot;&quot;,&quot;city&quot;:&quot;&quot;,&quot;state&quot;:&quot;&quot;,&quot;zip&quot;:&quot;&quot;}" latitude="37.7784692199467" longitude="-122.513642064265" needs_recoding="false"/></row>