<?xml version="1.0" encoding="UTF-8"?><row _id="12570209" _uuid="2C8993B0-AC90-4FDB-8D8F-5CA42661F5CD" _position="12570209" _address="http://data.sfgov.org/resource/ritf-b9ki/12570209"><incidntnum>150334804</incidntnum><category>OTHER OFFENSES</category><descript>DRIVERS LICENSE, SUSPENDED OR REVOKED</descript><dayofweek>Friday</dayofweek><date>2015-04-17T00:00:00</date><time>10:11</time><pddistrict>SOUTHERN</pddistrict><resolution>NONE</resolution><address>7TH ST / TOWNSEND ST</address><x>-122.401658145147</x><y>37.7718165835839</y><location human_address="{&quot;address&quot;:&quot;&quot;,&quot;city&quot;:&quot;&quot;,&quot;state&quot;:&quot;&quot;,&quot;zip&quot;:&quot;&quot;}" latitude="37.7718165835839" longitude="-122.401658145147" needs_recoding="false"/></row>