<?xml version="1.0" encoding="UTF-8"?><row _id="12564488" _uuid="963A73F6-D6AC-4C91-8521-AC3F4D1C1AE6" _position="12564488" _address="http://data.sfgov.org/resource/ritf-b9ki/12564488"><incidntnum>150295450</incidntnum><category>NON-CRIMINAL</category><descript>AIDED CASE</descript><dayofweek>Wednesday</dayofweek><date>2015-04-01T00:00:00</date><time>08:00</time><pddistrict>TENDERLOIN</pddistrict><resolution>UNFOUNDED</resolution><address>600 Block of ELLIS ST</address><x>-122.416916142188</x><y>37.7843944492068</y><location human_address="{&quot;address&quot;:&quot;&quot;,&quot;city&quot;:&quot;&quot;,&quot;state&quot;:&quot;&quot;,&quot;zip&quot;:&quot;&quot;}" latitude="37.7843944492068" longitude="-122.416916142188" needs_recoding="false"/></row>