<?xml version="1.0" encoding="UTF-8"?><row _id="12566745" _uuid="9128D4DF-1848-49EB-ADB3-1724C47350EB" _position="12566745" _address="http://data.sfgov.org/resource/ritf-b9ki/12566745"><incidntnum>150305065</incidntnum><category>VEHICLE THEFT</category><descript>STOLEN AUTOMOBILE</descript><dayofweek>Tuesday</dayofweek><date>2015-04-07T00:00:00</date><time>15:00</time><pddistrict>NORTHERN</pddistrict><resolution>NONE</resolution><address>VANNESS AV / POST ST</address><x>-122.421572274151</x><y>37.7866181600998</y><location human_address="{&quot;address&quot;:&quot;&quot;,&quot;city&quot;:&quot;&quot;,&quot;state&quot;:&quot;&quot;,&quot;zip&quot;:&quot;&quot;}" latitude="37.7866181600998" longitude="-122.421572274151" needs_recoding="false"/></row>