<?xml version="1.0" encoding="UTF-8"?><row _id="12562227" _uuid="DDF66040-D322-4F80-8D55-6B5B77F0FE4A" _position="12562227" _address="http://data.sfgov.org/resource/ritf-b9ki/12562227"><incidntnum>150272323</incidntnum><category>KIDNAPPING</category><descript>FALSE IMPRISONMENT</descript><dayofweek>Friday</dayofweek><date>2015-03-27T00:00:00</date><time>23:50</time><pddistrict>NORTHERN</pddistrict><resolution>NONE</resolution><address>900 Block of MCALLISTER ST</address><x>-122.428464085513</x><y>37.7791067704679</y><location human_address="{&quot;address&quot;:&quot;&quot;,&quot;city&quot;:&quot;&quot;,&quot;state&quot;:&quot;&quot;,&quot;zip&quot;:&quot;&quot;}" latitude="37.7791067704679" longitude="-122.428464085513" needs_recoding="false"/></row>