<?xml version="1.0" encoding="UTF-8"?><row _id="12563254" _uuid="BC997CF4-EB5A-440C-93CA-101EFB39124D" _position="12563254" _address="http://data.sfgov.org/resource/ritf-b9ki/12563254"><incidntnum>156076490</incidntnum><category>LARCENY/THEFT</category><descript>GRAND THEFT FROM UNLOCKED AUTO</descript><dayofweek>Sunday</dayofweek><date>2015-03-29T00:00:00</date><time>14:30</time><pddistrict>SOUTHERN</pddistrict><resolution>NONE</resolution><address>900 Block of HOWARD ST</address><x>-122.406508487003</x><y>37.7803313209065</y><location human_address="{&quot;address&quot;:&quot;&quot;,&quot;city&quot;:&quot;&quot;,&quot;state&quot;:&quot;&quot;,&quot;zip&quot;:&quot;&quot;}" latitude="37.7803313209065" longitude="-122.406508487003" needs_recoding="false"/></row>