<?xml version="1.0" encoding="UTF-8"?><row _id="12575286" _uuid="D4983912-7C0F-455E-9956-22A5B666A281" _position="12575286" _address="http://data.sfgov.org/resource/ritf-b9ki/12575286"><incidntnum>150360592</incidntnum><category>OTHER OFFENSES</category><descript>CONSPIRACY</descript><dayofweek>Saturday</dayofweek><date>2015-04-25T00:00:00</date><time>15:05</time><pddistrict>NORTHERN</pddistrict><resolution>ARREST, BOOKED</resolution><address>500 Block of OCTAVIA ST</address><x>-122.424831586464</x><y>37.7773622512789</y><location human_address="{&quot;address&quot;:&quot;&quot;,&quot;city&quot;:&quot;&quot;,&quot;state&quot;:&quot;&quot;,&quot;zip&quot;:&quot;&quot;}" latitude="37.7773622512789" longitude="-122.424831586464" needs_recoding="false"/></row>