<?xml version="1.0" encoding="UTF-8"?><row _id="12561793" _uuid="7F98AFDC-45CB-4B6C-99E7-169D6B00DA18" _position="12561793" _address="http://data.sfgov.org/resource/ritf-b9ki/12561793"><incidntnum>150274705</incidntnum><category>LARCENY/THEFT</category><descript>PETTY THEFT FROM A BUILDING</descript><dayofweek>Thursday</dayofweek><date>2015-03-26T00:00:00</date><time>08:00</time><pddistrict>RICHMOND</pddistrict><resolution>NONE</resolution><address>6600 Block of CALIFORNIA ST</address><x>-122.488759958032</x><y>37.7836575794817</y><location human_address="{&quot;address&quot;:&quot;&quot;,&quot;city&quot;:&quot;&quot;,&quot;state&quot;:&quot;&quot;,&quot;zip&quot;:&quot;&quot;}" latitude="37.7836575794817" longitude="-122.488759958032" needs_recoding="false"/></row>