<?xml version="1.0" encoding="UTF-8"?><row _id="12562055" _uuid="96D9BC14-18A6-488C-AFF5-7A762F6F257D" _position="12562055" _address="http://data.sfgov.org/resource/ritf-b9ki/12562055"><incidntnum>150270474</incidntnum><category>WARRANTS</category><descript>ENROUTE TO OUTSIDE JURISDICTION</descript><dayofweek>Friday</dayofweek><date>2015-03-27T00:00:00</date><time>12:45</time><pddistrict>RICHMOND</pddistrict><resolution>ARREST, BOOKED</resolution><address>48TH AV / ANZA ST</address><x>-122.509225626818</x><y>37.7770424617966</y><location human_address="{&quot;address&quot;:&quot;&quot;,&quot;city&quot;:&quot;&quot;,&quot;state&quot;:&quot;&quot;,&quot;zip&quot;:&quot;&quot;}" latitude="37.7770424617966" longitude="-122.509225626818" needs_recoding="false"/></row>