<?xml version="1.0" encoding="UTF-8"?><row _id="12563735" _uuid="1AE966F8-40C7-4E61-B80D-13B0925B4F8D" _position="12563735" _address="http://data.sfgov.org/resource/ritf-b9ki/12563735"><incidntnum>150280837</incidntnum><category>ASSAULT</category><descript>BATTERY</descript><dayofweek>Monday</dayofweek><date>2015-03-30T00:00:00</date><time>19:45</time><pddistrict>MISSION</pddistrict><resolution>ARREST, BOOKED</resolution><address>3600 Block of 17TH ST</address><x>-122.42786496698</x><y>37.7629847744546</y><location human_address="{&quot;address&quot;:&quot;&quot;,&quot;city&quot;:&quot;&quot;,&quot;state&quot;:&quot;&quot;,&quot;zip&quot;:&quot;&quot;}" latitude="37.7629847744546" longitude="-122.42786496698" needs_recoding="false"/></row>