<?xml version="1.0" encoding="UTF-8"?><row _id="12594700" _uuid="B4C5273A-F6B7-4098-8D45-B862AD43E5F6" _position="12594700" _address="http://data.sfgov.org/resource/ritf-b9ki/12594700"><incidntnum>159002991</incidntnum><category>FRAUD</category><descript>ACCESS CARD INFORMATION, THEFT OF</descript><dayofweek>Wednesday</dayofweek><date>2015-04-01T00:00:00</date><time>18:01</time><pddistrict>SOUTHERN</pddistrict><resolution>NONE</resolution><address>700 Block of MARKET ST</address><x>-122.40409466245</x><y>37.7872560927993</y><location human_address="{&quot;address&quot;:&quot;&quot;,&quot;city&quot;:&quot;&quot;,&quot;state&quot;:&quot;&quot;,&quot;zip&quot;:&quot;&quot;}" latitude="37.7872560927993" longitude="-122.40409466245" needs_recoding="false"/></row>