<?xml version="1.0" encoding="UTF-8"?><row _id="12566305" _uuid="75CC2B4B-0741-48EA-8D3F-8DF4F90011FC" _position="12566305" _address="http://data.sfgov.org/resource/ritf-b9ki/12566305"><incidntnum>156083360</incidntnum><category>LARCENY/THEFT</category><descript>GRAND THEFT FROM LOCKED AUTO</descript><dayofweek>Monday</dayofweek><date>2015-04-06T00:00:00</date><time>21:00</time><pddistrict>RICHMOND</pddistrict><resolution>NONE</resolution><address>WASHINGTON ST / LYON ST</address><x>-122.445937630112</x><y>37.7901191754733</y><location human_address="{&quot;address&quot;:&quot;&quot;,&quot;city&quot;:&quot;&quot;,&quot;state&quot;:&quot;&quot;,&quot;zip&quot;:&quot;&quot;}" latitude="37.7901191754733" longitude="-122.445937630112" needs_recoding="false"/></row>