<?xml version="1.0" encoding="UTF-8"?><row _id="12563163" _uuid="A7DC216B-E820-4C1A-8B64-D93E2808B8FB" _position="12563163" _address="http://data.sfgov.org/resource/ritf-b9ki/12563163"><incidntnum>150279391</incidntnum><category>VANDALISM</category><descript>MALICIOUS MISCHIEF, VANDALISM OF VEHICLES</descript><dayofweek>Sunday</dayofweek><date>2015-03-29T00:00:00</date><time>23:15</time><pddistrict>MISSION</pddistrict><resolution>NONE</resolution><address>CAPP ST / 22ND ST</address><x>-122.417660640341</x><y>37.7555043420028</y><location human_address="{&quot;address&quot;:&quot;&quot;,&quot;city&quot;:&quot;&quot;,&quot;state&quot;:&quot;&quot;,&quot;zip&quot;:&quot;&quot;}" latitude="37.7555043420028" longitude="-122.417660640341" needs_recoding="false"/></row>