<?xml version="1.0" encoding="UTF-8"?><row _id="12565134" _uuid="AAA8191D-BB60-42B3-B6FA-E2A98FDE9959" _position="12565134" _address="http://data.sfgov.org/resource/ritf-b9ki/12565134"><incidntnum>150294496</incidntnum><category>NON-CRIMINAL</category><descript>FOUND PROPERTY</descript><dayofweek>Friday</dayofweek><date>2015-04-03T00:00:00</date><time>23:36</time><pddistrict>MISSION</pddistrict><resolution>NONE</resolution><address>3100 Block of 16TH ST</address><x>-122.423637302048</x><y>37.7648666651043</y><location human_address="{&quot;address&quot;:&quot;&quot;,&quot;city&quot;:&quot;&quot;,&quot;state&quot;:&quot;&quot;,&quot;zip&quot;:&quot;&quot;}" latitude="37.7648666651043" longitude="-122.423637302048" needs_recoding="false"/></row>