<?xml version="1.0" encoding="UTF-8"?><row _id="12561419" _uuid="C05FB6C2-48E3-494A-AA81-BA0340BA1F7C" _position="12561419" _address="http://data.sfgov.org/resource/ritf-b9ki/12561419"><incidntnum>150263162</incidntnum><category>NON-CRIMINAL</category><descript>CIVIL SIDEWALKS, CITATION</descript><dayofweek>Wednesday</dayofweek><date>2015-03-25T00:00:00</date><time>12:02</time><pddistrict>MISSION</pddistrict><resolution>ARREST, BOOKED</resolution><address>4000 Block of 18TH ST</address><x>-122.434446928667</x><y>37.7608670671665</y><location human_address="{&quot;address&quot;:&quot;&quot;,&quot;city&quot;:&quot;&quot;,&quot;state&quot;:&quot;&quot;,&quot;zip&quot;:&quot;&quot;}" latitude="37.7608670671665" longitude="-122.434446928667" needs_recoding="false"/></row>