<?xml version="1.0" encoding="UTF-8"?><row _id="12567928" _uuid="9EAEDA1C-3947-43FB-A766-A0662B48DAE0" _position="12567928" _address="http://data.sfgov.org/resource/ritf-b9ki/12567928"><incidntnum>150314709</incidntnum><category>SUSPICIOUS OCC</category><descript>SUSPICIOUS OCCURRENCE</descript><dayofweek>Friday</dayofweek><date>2015-04-10T00:00:00</date><time>19:15</time><pddistrict>SOUTHERN</pddistrict><resolution>NONE</resolution><address>300 Block of SPEAR ST</address><x>-122.390234287293</x><y>37.7894032659904</y><location human_address="{&quot;address&quot;:&quot;&quot;,&quot;city&quot;:&quot;&quot;,&quot;state&quot;:&quot;&quot;,&quot;zip&quot;:&quot;&quot;}" latitude="37.7894032659904" longitude="-122.390234287293" needs_recoding="false"/></row>