<?xml version="1.0" encoding="UTF-8"?><row _id="12567355" _uuid="097A59B6-3FC7-4E8D-B841-85A0B28C116B" _position="12567355" _address="http://data.sfgov.org/resource/ritf-b9ki/12567355"><incidntnum>156084879</incidntnum><category>LARCENY/THEFT</category><descript>GRAND THEFT OF PROPERTY</descript><dayofweek>Wednesday</dayofweek><date>2015-04-08T00:00:00</date><time>10:16</time><pddistrict>PARK</pddistrict><resolution>NONE</resolution><address>600 Block of ASHBURY ST</address><x>-122.446905860023</x><y>37.769523314641</y><location human_address="{&quot;address&quot;:&quot;&quot;,&quot;city&quot;:&quot;&quot;,&quot;state&quot;:&quot;&quot;,&quot;zip&quot;:&quot;&quot;}" latitude="37.769523314641" longitude="-122.446905860023" needs_recoding="false"/></row>