<?xml version="1.0" encoding="UTF-8"?><row _id="12563612" _uuid="89841E51-C033-48FD-8004-9957F06170FC" _position="12563612" _address="http://data.sfgov.org/resource/ritf-b9ki/12563612"><incidntnum>150281192</incidntnum><category>OTHER OFFENSES</category><descript>DRIVERS LICENSE, SUSPENDED OR REVOKED</descript><dayofweek>Monday</dayofweek><date>2015-03-30T00:00:00</date><time>22:49</time><pddistrict>SOUTHERN</pddistrict><resolution>ARREST, CITED</resolution><address>800 Block of BRYANT ST</address><x>-122.403404791479</x><y>37.775420706711</y><location human_address="{&quot;address&quot;:&quot;&quot;,&quot;city&quot;:&quot;&quot;,&quot;state&quot;:&quot;&quot;,&quot;zip&quot;:&quot;&quot;}" latitude="37.775420706711" longitude="-122.403404791479" needs_recoding="false"/></row>