<?xml version="1.0" encoding="UTF-8"?><row _id="12564472" _uuid="DC02A0FA-40D8-4995-B49E-DFBF9B773C66" _position="12564472" _address="http://data.sfgov.org/resource/ritf-b9ki/12564472"><incidntnum>150286170</incidntnum><category>NON-CRIMINAL</category><descript>DEATH REPORT, CAUSE UNKNOWN</descript><dayofweek>Wednesday</dayofweek><date>2015-04-01T00:00:00</date><time>13:25</time><pddistrict>TARAVAL</pddistrict><resolution>NONE</resolution><address>1700 Block of 45TH AV</address><x>-122.504466084549</x><y>37.7539241622187</y><location human_address="{&quot;address&quot;:&quot;&quot;,&quot;city&quot;:&quot;&quot;,&quot;state&quot;:&quot;&quot;,&quot;zip&quot;:&quot;&quot;}" latitude="37.7539241622187" longitude="-122.504466084549" needs_recoding="false"/></row>