<?xml version="1.0" encoding="UTF-8"?><row _id="12567662" _uuid="D36C3C94-D4FA-47B5-88C3-8164BECC442B" _position="12567662" _address="http://data.sfgov.org/resource/ritf-b9ki/12567662"><incidntnum>150322257</incidntnum><category>SUSPICIOUS OCC</category><descript>SUSPICIOUS OCCURRENCE</descript><dayofweek>Friday</dayofweek><date>2015-03-27T00:00:00</date><time>11:00</time><pddistrict>INGLESIDE</pddistrict><resolution>NONE</resolution><address>500 Block of PORTOLA DR</address><x>-122.451163989719</x><y>37.7455640062989</y><location human_address="{&quot;address&quot;:&quot;&quot;,&quot;city&quot;:&quot;&quot;,&quot;state&quot;:&quot;&quot;,&quot;zip&quot;:&quot;&quot;}" latitude="37.7455640062989" longitude="-122.451163989719" needs_recoding="false"/></row>