<?xml version="1.0" encoding="UTF-8"?><row _id="12563923" _uuid="864141D4-2737-4C0C-8B2A-B6272167DED3" _position="12563923" _address="http://data.sfgov.org/resource/ritf-b9ki/12563923"><incidntnum>150285592</incidntnum><category>LARCENY/THEFT</category><descript>PETTY THEFT FROM LOCKED AUTO</descript><dayofweek>Tuesday</dayofweek><date>2015-03-31T00:00:00</date><time>11:30</time><pddistrict>CENTRAL</pddistrict><resolution>NONE</resolution><address>POWELL ST / CHESTNUT ST</address><x>-122.411586627719</x><y>37.8039623458825</y><location human_address="{&quot;address&quot;:&quot;&quot;,&quot;city&quot;:&quot;&quot;,&quot;state&quot;:&quot;&quot;,&quot;zip&quot;:&quot;&quot;}" latitude="37.8039623458825" longitude="-122.411586627719" needs_recoding="false"/></row>