<?xml version="1.0" encoding="UTF-8"?><row _id="12565530" _uuid="8C9AE87A-8894-4EB0-834C-E6670FC454D3" _position="12565530" _address="http://data.sfgov.org/resource/ritf-b9ki/12565530"><incidntnum>156082801</incidntnum><category>LARCENY/THEFT</category><descript>PETTY THEFT OF PROPERTY</descript><dayofweek>Saturday</dayofweek><date>2015-04-04T00:00:00</date><time>16:30</time><pddistrict>TENDERLOIN</pddistrict><resolution>NONE</resolution><address>LEAVENWORTH ST / ELLIS ST</address><x>-122.414433155063</x><y>37.7846576329256</y><location human_address="{&quot;address&quot;:&quot;&quot;,&quot;city&quot;:&quot;&quot;,&quot;state&quot;:&quot;&quot;,&quot;zip&quot;:&quot;&quot;}" latitude="37.7846576329256" longitude="-122.414433155063" needs_recoding="false"/></row>