<?xml version="1.0" encoding="UTF-8"?><row _id="12565698" _uuid="9F59E7AA-BD31-4BC4-AC85-FAE7747D3A66" _position="12565698" _address="http://data.sfgov.org/resource/ritf-b9ki/12565698"><incidntnum>156083047</incidntnum><category>LARCENY/THEFT</category><descript>PETTY THEFT OF PROPERTY</descript><dayofweek>Saturday</dayofweek><date>2015-04-04T00:00:00</date><time>00:15</time><pddistrict>NORTHERN</pddistrict><resolution>NONE</resolution><address>1300 Block of POLK ST</address><x>-122.420515681408</x><y>37.7893840503369</y><location human_address="{&quot;address&quot;:&quot;&quot;,&quot;city&quot;:&quot;&quot;,&quot;state&quot;:&quot;&quot;,&quot;zip&quot;:&quot;&quot;}" latitude="37.7893840503369" longitude="-122.420515681408" needs_recoding="false"/></row>