<?xml version="1.0" encoding="UTF-8"?><row _id="12568547" _uuid="B4D3541B-D1D1-4561-BE31-114B6CD872E9" _position="12568547" _address="http://data.sfgov.org/resource/ritf-b9ki/12568547"><incidntnum>150318193</incidntnum><category>ASSAULT</category><descript>AGGRAVATED ASSAULT WITH A DEADLY WEAPON</descript><dayofweek>Sunday</dayofweek><date>2015-04-12T00:00:00</date><time>00:20</time><pddistrict>SOUTHERN</pddistrict><resolution>NONE</resolution><address>LAPU-LAPU ST / RIZAL ST</address><x>-122.398882384128</x><y>37.7822226458536</y><location human_address="{&quot;address&quot;:&quot;&quot;,&quot;city&quot;:&quot;&quot;,&quot;state&quot;:&quot;&quot;,&quot;zip&quot;:&quot;&quot;}" latitude="37.7822226458536" longitude="-122.398882384128" needs_recoding="false"/></row>