<?xml version="1.0" encoding="UTF-8"?><row _id="12561193" _uuid="AAB33A1E-7414-4C9D-98B8-7D7212A3ABF5" _position="12561193" _address="http://data.sfgov.org/resource/ritf-b9ki/12561193"><incidntnum>156073258</incidntnum><category>LARCENY/THEFT</category><descript>GRAND THEFT FROM LOCKED AUTO</descript><dayofweek>Wednesday</dayofweek><date>2015-03-25T00:00:00</date><time>16:00</time><pddistrict>CENTRAL</pddistrict><resolution>NONE</resolution><address>300 Block of POST ST</address><x>-122.407591091073</x><y>37.7883401187101</y><location human_address="{&quot;address&quot;:&quot;&quot;,&quot;city&quot;:&quot;&quot;,&quot;state&quot;:&quot;&quot;,&quot;zip&quot;:&quot;&quot;}" latitude="37.7883401187101" longitude="-122.407591091073" needs_recoding="false"/></row>