<?xml version="1.0" encoding="UTF-8"?><row _id="12567521" _uuid="A0C1BE6E-81F4-4A04-881C-9976E9F50EF3" _position="12567521" _address="http://data.sfgov.org/resource/ritf-b9ki/12567521"><incidntnum>150309211</incidntnum><category>ASSAULT</category><descript>AGGRAVATED ASSAULT WITH A DEADLY WEAPON</descript><dayofweek>Thursday</dayofweek><date>2015-04-09T00:00:00</date><time>07:00</time><pddistrict>MISSION</pddistrict><resolution>ARREST, BOOKED</resolution><address>1900 Block of MISSION ST</address><x>-122.41967661615</x><y>37.7658510977435</y><location human_address="{&quot;address&quot;:&quot;&quot;,&quot;city&quot;:&quot;&quot;,&quot;state&quot;:&quot;&quot;,&quot;zip&quot;:&quot;&quot;}" latitude="37.7658510977435" longitude="-122.41967661615" needs_recoding="false"/></row>