<?xml version="1.0" encoding="UTF-8"?><row _id="12566188" _uuid="43AF31DC-367D-4EC6-B942-1366BE1C1CB0" _position="12566188" _address="http://data.sfgov.org/resource/ritf-b9ki/12566188"><incidntnum>156086524</incidntnum><category>NON-CRIMINAL</category><descript>LOST PROPERTY</descript><dayofweek>Sunday</dayofweek><date>2015-03-29T00:00:00</date><time>19:00</time><pddistrict>TARAVAL</pddistrict><resolution>NONE</resolution><address>1500 Block of SLOAT BL</address><x>-122.489713969124</x><y>37.7339497680852</y><location human_address="{&quot;address&quot;:&quot;&quot;,&quot;city&quot;:&quot;&quot;,&quot;state&quot;:&quot;&quot;,&quot;zip&quot;:&quot;&quot;}" latitude="37.7339497680852" longitude="-122.489713969124" needs_recoding="false"/></row>