<?xml version="1.0" encoding="UTF-8"?><row _id="12564856" _uuid="51ED008C-1062-4B90-8909-45A9743C35D1" _position="12564856" _address="http://data.sfgov.org/resource/ritf-b9ki/12564856"><incidntnum>150290886</incidntnum><category>FRAUD</category><descript>CREDIT CARD, THEFT BY USE OF</descript><dayofweek>Thursday</dayofweek><date>2015-04-02T00:00:00</date><time>23:13</time><pddistrict>TENDERLOIN</pddistrict><resolution>ARREST, BOOKED</resolution><address>300 Block of OFARRELL ST</address><x>-122.410509258795</x><y>37.7860432222992</y><location human_address="{&quot;address&quot;:&quot;&quot;,&quot;city&quot;:&quot;&quot;,&quot;state&quot;:&quot;&quot;,&quot;zip&quot;:&quot;&quot;}" latitude="37.7860432222992" longitude="-122.410509258795" needs_recoding="false"/></row>