<?xml version="1.0" encoding="UTF-8"?><row _id="12568102" _uuid="EADE1E3D-BACE-4258-8410-DA612B4A6477" _position="12568102" _address="http://data.sfgov.org/resource/ritf-b9ki/12568102"><incidntnum>156087403</incidntnum><category>NON-CRIMINAL</category><descript>LOST PROPERTY</descript><dayofweek>Friday</dayofweek><date>2015-04-10T00:00:00</date><time>01:30</time><pddistrict>SOUTHERN</pddistrict><resolution>NONE</resolution><address>600 Block of HOWARD ST</address><x>-122.39998852115</x><y>37.7854873412292</y><location human_address="{&quot;address&quot;:&quot;&quot;,&quot;city&quot;:&quot;&quot;,&quot;state&quot;:&quot;&quot;,&quot;zip&quot;:&quot;&quot;}" latitude="37.7854873412292" longitude="-122.39998852115" needs_recoding="false"/></row>