<?xml version="1.0" encoding="UTF-8"?><row _id="12563792" _uuid="DF64C15B-170E-4168-BBDF-62CBA71A165C" _position="12563792" _address="http://data.sfgov.org/resource/ritf-b9ki/12563792"><incidntnum>156080491</incidntnum><category>LARCENY/THEFT</category><descript>PETTY THEFT OF PROPERTY</descript><dayofweek>Monday</dayofweek><date>2015-03-30T00:00:00</date><time>12:55</time><pddistrict>SOUTHERN</pddistrict><resolution>NONE</resolution><address>400 Block of MARKET ST</address><x>-122.398623347456</x><y>37.7912863462309</y><location human_address="{&quot;address&quot;:&quot;&quot;,&quot;city&quot;:&quot;&quot;,&quot;state&quot;:&quot;&quot;,&quot;zip&quot;:&quot;&quot;}" latitude="37.7912863462309" longitude="-122.398623347456" needs_recoding="false"/></row>