<?xml version="1.0" encoding="UTF-8"?><row _id="12564182" _uuid="EA42161A-A58C-44FF-A4BC-1A6E114F2286" _position="12564182" _address="http://data.sfgov.org/resource/ritf-b9ki/12564182"><incidntnum>156078979</incidntnum><category>LARCENY/THEFT</category><descript>GRAND THEFT FROM LOCKED AUTO</descript><dayofweek>Tuesday</dayofweek><date>2015-03-31T00:00:00</date><time>00:22</time><pddistrict>TARAVAL</pddistrict><resolution>NONE</resolution><address>2200 Block of 31ST AV</address><x>-122.48880987228</x><y>37.7452610513312</y><location human_address="{&quot;address&quot;:&quot;&quot;,&quot;city&quot;:&quot;&quot;,&quot;state&quot;:&quot;&quot;,&quot;zip&quot;:&quot;&quot;}" latitude="37.7452610513312" longitude="-122.48880987228" needs_recoding="false"/></row>