<?xml version="1.0" encoding="UTF-8"?><row _id="12562675" _uuid="8A03D1B4-6934-45D3-BFA4-AC8B23125FE0" _position="12562675" _address="http://data.sfgov.org/resource/ritf-b9ki/12562675"><incidntnum>156077448</incidntnum><category>LARCENY/THEFT</category><descript>GRAND THEFT FROM LOCKED AUTO</descript><dayofweek>Saturday</dayofweek><date>2015-03-28T00:00:00</date><time>20:30</time><pddistrict>CENTRAL</pddistrict><resolution>NONE</resolution><address>JACKSON ST / DAVIS ST</address><x>-122.398338382765</x><y>37.7970921135319</y><location human_address="{&quot;address&quot;:&quot;&quot;,&quot;city&quot;:&quot;&quot;,&quot;state&quot;:&quot;&quot;,&quot;zip&quot;:&quot;&quot;}" latitude="37.7970921135319" longitude="-122.398338382765" needs_recoding="false"/></row>