<?xml version="1.0" encoding="UTF-8"?><row _id="12565636" _uuid="CE62A51E-5425-45CD-A2C3-2AC91F153904" _position="12565636" _address="http://data.sfgov.org/resource/ritf-b9ki/12565636"><incidntnum>150295143</incidntnum><category>BURGLARY</category><descript>BURGLARY, UNLAWFUL ENTRY</descript><dayofweek>Saturday</dayofweek><date>2015-04-04T00:00:00</date><time>08:45</time><pddistrict>RICHMOND</pddistrict><resolution>NONE</resolution><address>3700 Block of CLEMENT ST</address><x>-122.499342137388</x><y>37.7812968832685</y><location human_address="{&quot;address&quot;:&quot;&quot;,&quot;city&quot;:&quot;&quot;,&quot;state&quot;:&quot;&quot;,&quot;zip&quot;:&quot;&quot;}" latitude="37.7812968832685" longitude="-122.499342137388" needs_recoding="false"/></row>