<?xml version="1.0" encoding="UTF-8"?><row _id="12567188" _uuid="308C3732-0699-40D2-89B7-9A889C3FCAEE" _position="12567188" _address="http://data.sfgov.org/resource/ritf-b9ki/12567188"><incidntnum>150308451</incidntnum><category>LARCENY/THEFT</category><descript>GRAND THEFT FROM A BUILDING</descript><dayofweek>Wednesday</dayofweek><date>2015-04-08T00:00:00</date><time>20:49</time><pddistrict>MISSION</pddistrict><resolution>NONE</resolution><address>500 Block of VALENCIA ST</address><x>-122.421738508476</x><y>37.7640972229024</y><location human_address="{&quot;address&quot;:&quot;&quot;,&quot;city&quot;:&quot;&quot;,&quot;state&quot;:&quot;&quot;,&quot;zip&quot;:&quot;&quot;}" latitude="37.7640972229024" longitude="-122.421738508476" needs_recoding="false"/></row>