<?xml version="1.0" encoding="UTF-8"?><row _id="12568470" _uuid="1E667C67-C7F5-4777-A308-D3D80798C646" _position="12568470" _address="http://data.sfgov.org/resource/ritf-b9ki/12568470"><incidntnum>156088229</incidntnum><category>LARCENY/THEFT</category><descript>GRAND THEFT FROM LOCKED AUTO</descript><dayofweek>Saturday</dayofweek><date>2015-04-11T00:00:00</date><time>23:45</time><pddistrict>NORTHERN</pddistrict><resolution>NONE</resolution><address>600 Block of GOLDEN GATE AV</address><x>-122.421289922458</x><y>37.7809781677516</y><location human_address="{&quot;address&quot;:&quot;&quot;,&quot;city&quot;:&quot;&quot;,&quot;state&quot;:&quot;&quot;,&quot;zip&quot;:&quot;&quot;}" latitude="37.7809781677516" longitude="-122.421289922458" needs_recoding="false"/></row>