<?xml version="1.0" encoding="UTF-8"?><row _id="12566346" _uuid="11ADC440-DB39-471B-ACB1-5D65E7088A1E" _position="12566346" _address="http://data.sfgov.org/resource/ritf-b9ki/12566346"><incidntnum>150301728</incidntnum><category>OTHER OFFENSES</category><descript>DRIVERS LICENSE, SUSPENDED OR REVOKED</descript><dayofweek>Monday</dayofweek><date>2015-04-06T00:00:00</date><time>17:55</time><pddistrict>BAYVIEW</pddistrict><resolution>ARREST, BOOKED</resolution><address>PALOU AV / QUINT ST</address><x>-122.396516726913</x><y>37.7371564713337</y><location human_address="{&quot;address&quot;:&quot;&quot;,&quot;city&quot;:&quot;&quot;,&quot;state&quot;:&quot;&quot;,&quot;zip&quot;:&quot;&quot;}" latitude="37.7371564713337" longitude="-122.396516726913" needs_recoding="false"/></row>