<?xml version="1.0" encoding="UTF-8"?><row _id="12564154" _uuid="02A83908-F5C1-491E-BBEA-75F4A5A7A116" _position="12564154" _address="http://data.sfgov.org/resource/ritf-b9ki/12564154"><incidntnum>156080742</incidntnum><category>LARCENY/THEFT</category><descript>GRAND THEFT FROM LOCKED AUTO</descript><dayofweek>Tuesday</dayofweek><date>2015-03-31T00:00:00</date><time>21:35</time><pddistrict>SOUTHERN</pddistrict><resolution>NONE</resolution><address>300 Block of 4TH ST</address><x>-122.399833846531</x><y>37.7810432179334</y><location human_address="{&quot;address&quot;:&quot;&quot;,&quot;city&quot;:&quot;&quot;,&quot;state&quot;:&quot;&quot;,&quot;zip&quot;:&quot;&quot;}" latitude="37.7810432179334" longitude="-122.399833846531" needs_recoding="false"/></row>