<?xml version="1.0" encoding="UTF-8"?><row _id="12590344" _uuid="CD9B7A50-5D09-417F-86FF-5669C680451C" _position="12590344" _address="http://data.sfgov.org/resource/ritf-b9ki/12590344"><incidntnum>150304904</incidntnum><category>OTHER OFFENSES</category><descript>MISCELLANEOUS INVESTIGATION</descript><dayofweek>Tuesday</dayofweek><date>2015-04-07T00:00:00</date><time>16:50</time><pddistrict>TENDERLOIN</pddistrict><resolution>ARREST, BOOKED</resolution><address>200 Block of EDDY ST</address><x>-122.411800134753</x><y>37.7840890366868</y><location human_address="{&quot;address&quot;:&quot;&quot;,&quot;city&quot;:&quot;&quot;,&quot;state&quot;:&quot;&quot;,&quot;zip&quot;:&quot;&quot;}" latitude="37.7840890366868" longitude="-122.411800134753" needs_recoding="false"/></row>