<?xml version="1.0" encoding="UTF-8"?><row _id="12562852" _uuid="018B9815-4998-4A33-AF76-D6803DD1A87F" _position="12562852" _address="http://data.sfgov.org/resource/ritf-b9ki/12562852"><incidntnum>150275082</incidntnum><category>LARCENY/THEFT</category><descript>GRAND THEFT FROM A BUILDING</descript><dayofweek>Saturday</dayofweek><date>2015-03-28T00:00:00</date><time>09:30</time><pddistrict>CENTRAL</pddistrict><resolution>NONE</resolution><address>0 Block of DRUMM ST</address><x>-122.396421943768</x><y>37.7941447423704</y><location human_address="{&quot;address&quot;:&quot;&quot;,&quot;city&quot;:&quot;&quot;,&quot;state&quot;:&quot;&quot;,&quot;zip&quot;:&quot;&quot;}" latitude="37.7941447423704" longitude="-122.396421943768" needs_recoding="false"/></row>