<?xml version="1.0" encoding="UTF-8"?><row _id="12562700" _uuid="2D315153-2A07-4F01-9B3B-6E427CA46740" _position="12562700" _address="http://data.sfgov.org/resource/ritf-b9ki/12562700"><incidntnum>150269502</incidntnum><category>SUSPICIOUS OCC</category><descript>SUSPICIOUS OCCURRENCE</descript><dayofweek>Saturday</dayofweek><date>2015-03-28T00:00:00</date><time>13:00</time><pddistrict>BAYVIEW</pddistrict><resolution>NONE</resolution><address>0 Block of COLBY ST</address><x>-122.414032336353</x><y>37.7292406365676</y><location human_address="{&quot;address&quot;:&quot;&quot;,&quot;city&quot;:&quot;&quot;,&quot;state&quot;:&quot;&quot;,&quot;zip&quot;:&quot;&quot;}" latitude="37.7292406365676" longitude="-122.414032336353" needs_recoding="false"/></row>