<?xml version="1.0" encoding="UTF-8"?><row _id="12563891" _uuid="21E05E22-9068-4AEA-A4C5-1BDB92E693E1" _position="12563891" _address="http://data.sfgov.org/resource/ritf-b9ki/12563891"><incidntnum>150284340</incidntnum><category>DRUG/NARCOTIC</category><descript>POSSESSION OF CONTROLLED SUBSTANCE</descript><dayofweek>Tuesday</dayofweek><date>2015-03-31T00:00:00</date><time>19:39</time><pddistrict>TARAVAL</pddistrict><resolution>ARREST, BOOKED</resolution><address>YORBA ST / 37TH AV</address><x>-122.493405491095</x><y>37.7348538591354</y><location human_address="{&quot;address&quot;:&quot;&quot;,&quot;city&quot;:&quot;&quot;,&quot;state&quot;:&quot;&quot;,&quot;zip&quot;:&quot;&quot;}" latitude="37.7348538591354" longitude="-122.493405491095" needs_recoding="false"/></row>