<?xml version="1.0" encoding="UTF-8"?><row _id="12561649" _uuid="9108288D-3751-4ABD-B10D-C1D1E3C3D6D2" _position="12561649" _address="http://data.sfgov.org/resource/ritf-b9ki/12561649"><incidntnum>156073424</incidntnum><category>LARCENY/THEFT</category><descript>PETTY THEFT OF PROPERTY</descript><dayofweek>Thursday</dayofweek><date>2015-03-26T00:00:00</date><time>01:30</time><pddistrict>CENTRAL</pddistrict><resolution>NONE</resolution><address>400 Block of GEARY ST</address><x>-122.410699657634</x><y>37.7869881885308</y><location human_address="{&quot;address&quot;:&quot;&quot;,&quot;city&quot;:&quot;&quot;,&quot;state&quot;:&quot;&quot;,&quot;zip&quot;:&quot;&quot;}" latitude="37.7869881885308" longitude="-122.410699657634" needs_recoding="false"/></row>