<?xml version="1.0" encoding="UTF-8"?><row _id="12580124" _uuid="C9C80680-1EDF-4F36-91DA-28D996006144" _position="12580124" _address="http://data.sfgov.org/resource/ritf-b9ki/12580124"><incidntnum>150326550</incidntnum><category>NON-CRIMINAL</category><descript>COURTESY REPORT</descript><dayofweek>Friday</dayofweek><date>2015-04-10T00:00:00</date><time>17:00</time><pddistrict>INGLESIDE</pddistrict><resolution>UNFOUNDED</resolution><address>400 Block of 30TH ST</address><x>-122.430442156099</x><y>37.7419152159071</y><location human_address="{&quot;address&quot;:&quot;&quot;,&quot;city&quot;:&quot;&quot;,&quot;state&quot;:&quot;&quot;,&quot;zip&quot;:&quot;&quot;}" latitude="37.7419152159071" longitude="-122.430442156099" needs_recoding="false"/></row>