<?xml version="1.0" encoding="UTF-8"?><row _id="12562017" _uuid="E44F35AF-2F4D-41C9-9E90-8126350640C8" _position="12562017" _address="http://data.sfgov.org/resource/ritf-b9ki/12562017"><incidntnum>150280467</incidntnum><category>ROBBERY</category><descript>CARJACKING WITH BODILY FORCE</descript><dayofweek>Friday</dayofweek><date>2015-03-27T00:00:00</date><time>21:00</time><pddistrict>BAYVIEW</pddistrict><resolution>NONE</resolution><address>3RD ST / WILLIAMS AV</address><x>-122.392625489263</x><y>37.7292804432175</y><location human_address="{&quot;address&quot;:&quot;&quot;,&quot;city&quot;:&quot;&quot;,&quot;state&quot;:&quot;&quot;,&quot;zip&quot;:&quot;&quot;}" latitude="37.7292804432175" longitude="-122.392625489263" needs_recoding="false"/></row>