<?xml version="1.0" encoding="UTF-8"?><row _id="12564382" _uuid="645A440A-F768-44DA-91D0-4A0CBFB0BD6C" _position="12564382" _address="http://data.sfgov.org/resource/ritf-b9ki/12564382"><incidntnum>150286788</incidntnum><category>LIQUOR LAWS</category><descript>SALE OF ALCOHOL TO MINOR</descript><dayofweek>Wednesday</dayofweek><date>2015-04-01T00:00:00</date><time>17:30</time><pddistrict>PARK</pddistrict><resolution>ARREST, BOOKED</resolution><address>800 Block of DIVISADERO ST</address><x>-122.438393115334</x><y>37.777318694956</y><location human_address="{&quot;address&quot;:&quot;&quot;,&quot;city&quot;:&quot;&quot;,&quot;state&quot;:&quot;&quot;,&quot;zip&quot;:&quot;&quot;}" latitude="37.777318694956" longitude="-122.438393115334" needs_recoding="false"/></row>