<?xml version="1.0" encoding="UTF-8"?><row _id="12593253" _uuid="935962FB-194A-4478-B396-F417625F3966" _position="12593253" _address="http://data.sfgov.org/resource/ritf-b9ki/12593253"><incidntnum>156141720</incidntnum><category>LARCENY/THEFT</category><descript>GRAND THEFT FROM LOCKED AUTO</descript><dayofweek>Wednesday</dayofweek><date>2015-03-25T00:00:00</date><time>20:00</time><pddistrict>SOUTHERN</pddistrict><resolution>NONE</resolution><address>HARRISON ST / MAIN ST</address><x>-122.390321524494</x><y>37.7881341874361</y><location human_address="{&quot;address&quot;:&quot;&quot;,&quot;city&quot;:&quot;&quot;,&quot;state&quot;:&quot;&quot;,&quot;zip&quot;:&quot;&quot;}" latitude="37.7881341874361" longitude="-122.390321524494" needs_recoding="false"/></row>