<?xml version="1.0" encoding="UTF-8"?><row _id="12566680" _uuid="0B9EB225-76A1-4F24-B0CD-C4973BD52FA3" _position="12566680" _address="http://data.sfgov.org/resource/ritf-b9ki/12566680"><incidntnum>150300974</incidntnum><category>NON-CRIMINAL</category><descript>STAY AWAY OR COURT ORDER, NON-DV RELATED</descript><dayofweek>Monday</dayofweek><date>2015-04-06T00:00:00</date><time>13:30</time><pddistrict>NORTHERN</pddistrict><resolution>ARREST, BOOKED</resolution><address>600 Block of LARCH ST</address><x>-122.42815115473</x><y>37.7815325510309</y><location human_address="{&quot;address&quot;:&quot;&quot;,&quot;city&quot;:&quot;&quot;,&quot;state&quot;:&quot;&quot;,&quot;zip&quot;:&quot;&quot;}" latitude="37.7815325510309" longitude="-122.42815115473" needs_recoding="false"/></row>