<?xml version="1.0" encoding="UTF-8"?><row _id="12562213" _uuid="96B10A4D-AF52-4CD1-A28C-D14A46868DD0" _position="12562213" _address="http://data.sfgov.org/resource/ritf-b9ki/12562213"><incidntnum>150271999</incidntnum><category>LARCENY/THEFT</category><descript>GRAND THEFT FROM LOCKED AUTO</descript><dayofweek>Friday</dayofweek><date>2015-03-27T00:00:00</date><time>22:00</time><pddistrict>SOUTHERN</pddistrict><resolution>NONE</resolution><address>400 Block of 10TH ST</address><x>-122.410541166987</x><y>37.7709130566165</y><location human_address="{&quot;address&quot;:&quot;&quot;,&quot;city&quot;:&quot;&quot;,&quot;state&quot;:&quot;&quot;,&quot;zip&quot;:&quot;&quot;}" latitude="37.7709130566165" longitude="-122.410541166987" needs_recoding="false"/></row>