<?xml version="1.0" encoding="UTF-8"?><row _id="12566207" _uuid="577FA5CA-E0D0-4422-9EB9-1EDFBF814DE7" _position="12566207" _address="http://data.sfgov.org/resource/ritf-b9ki/12566207"><incidntnum>150297713</incidntnum><category>FRAUD</category><descript>FRAUDULENT USE OF AUTOMATED TELLER CARD</descript><dayofweek>Sunday</dayofweek><date>2015-04-05T00:00:00</date><time>00:01</time><pddistrict>TARAVAL</pddistrict><resolution>NONE</resolution><address>1300 Block of 16TH AV</address><x>-122.473777643329</x><y>37.7627572857018</y><location human_address="{&quot;address&quot;:&quot;&quot;,&quot;city&quot;:&quot;&quot;,&quot;state&quot;:&quot;&quot;,&quot;zip&quot;:&quot;&quot;}" latitude="37.7627572857018" longitude="-122.473777643329" needs_recoding="false"/></row>