<?xml version="1.0" encoding="UTF-8"?><row _id="12563728" _uuid="FABA193E-EC75-4C5E-B8E6-CA2515E14EE8" _position="12563728" _address="http://data.sfgov.org/resource/ritf-b9ki/12563728"><incidntnum>150278616</incidntnum><category>VANDALISM</category><descript>MALICIOUS MISCHIEF, VANDALISM</descript><dayofweek>Monday</dayofweek><date>2015-03-30T00:00:00</date><time>07:24</time><pddistrict>MISSION</pddistrict><resolution>ARREST, BOOKED</resolution><address>2900 Block of 16TH ST</address><x>-122.41920245941</x><y>37.7650244301204</y><location human_address="{&quot;address&quot;:&quot;&quot;,&quot;city&quot;:&quot;&quot;,&quot;state&quot;:&quot;&quot;,&quot;zip&quot;:&quot;&quot;}" latitude="37.7650244301204" longitude="-122.41920245941" needs_recoding="false"/></row>