<?xml version="1.0" encoding="UTF-8"?><row _id="12568120" _uuid="17783304-D2EB-4C0F-9C41-74AC07BCBE36" _position="12568120" _address="http://data.sfgov.org/resource/ritf-b9ki/12568120"><incidntnum>150314680</incidntnum><category>ROBBERY</category><descript>ROBBERY OF A RESIDENCE WITH A KNIFE</descript><dayofweek>Friday</dayofweek><date>2015-04-10T00:00:00</date><time>21:05</time><pddistrict>INGLESIDE</pddistrict><resolution>NONE</resolution><address>600 Block of SAN JOSE AV</address><x>-122.421805189275</x><y>37.7459390289798</y><location human_address="{&quot;address&quot;:&quot;&quot;,&quot;city&quot;:&quot;&quot;,&quot;state&quot;:&quot;&quot;,&quot;zip&quot;:&quot;&quot;}" latitude="37.7459390289798" longitude="-122.421805189275" needs_recoding="false"/></row>