<?xml version="1.0" encoding="UTF-8"?><row _id="12561639" _uuid="F3F13E8F-8D2E-4FF5-8B98-3B049B9E8FC3" _position="12561639" _address="http://data.sfgov.org/resource/ritf-b9ki/12561639"><incidntnum>150268673</incidntnum><category>ASSAULT</category><descript>AGGRAVATED ASSAULT WITH A DEADLY WEAPON</descript><dayofweek>Thursday</dayofweek><date>2015-03-26T00:00:00</date><time>19:00</time><pddistrict>MISSION</pddistrict><resolution>ARREST, BOOKED</resolution><address>2600 Block of 21ST ST</address><x>-122.408208074644</x><y>37.7577327593893</y><location human_address="{&quot;address&quot;:&quot;&quot;,&quot;city&quot;:&quot;&quot;,&quot;state&quot;:&quot;&quot;,&quot;zip&quot;:&quot;&quot;}" latitude="37.7577327593893" longitude="-122.408208074644" needs_recoding="false"/></row>