<?xml version="1.0" encoding="UTF-8"?><row _id="12580305" _uuid="351005E4-1B18-444C-BAF9-BA7AAD859715" _position="12580305" _address="http://data.sfgov.org/resource/ritf-b9ki/12580305"><incidntnum>150352759</incidntnum><category>BURGLARY</category><descript>BURGLARY OF APARTMENT HOUSE, UNLAWFUL ENTRY</descript><dayofweek>Tuesday</dayofweek><date>2015-04-21T00:00:00</date><time>21:00</time><pddistrict>MISSION</pddistrict><resolution>NONE</resolution><address>4000 Block of 18TH ST</address><x>-122.434446928667</x><y>37.7608670671665</y><location human_address="{&quot;address&quot;:&quot;&quot;,&quot;city&quot;:&quot;&quot;,&quot;state&quot;:&quot;&quot;,&quot;zip&quot;:&quot;&quot;}" latitude="37.7608670671665" longitude="-122.434446928667" needs_recoding="false"/></row>