<?xml version="1.0" encoding="UTF-8"?><row _id="12568985" _uuid="D4E002F7-F817-4143-B59E-2ED9643D6436" _position="12568985" _address="http://data.sfgov.org/resource/ritf-b9ki/12568985"><incidntnum>150321710</incidntnum><category>MISSING PERSON</category><descript>MISSING JUVENILE</descript><dayofweek>Monday</dayofweek><date>2015-04-13T00:00:00</date><time>08:30</time><pddistrict>RICHMOND</pddistrict><resolution>UNFOUNDED</resolution><address>400 Block of 30TH AV</address><x>-122.490093437359</x><y>37.7807920840194</y><location human_address="{&quot;address&quot;:&quot;&quot;,&quot;city&quot;:&quot;&quot;,&quot;state&quot;:&quot;&quot;,&quot;zip&quot;:&quot;&quot;}" latitude="37.7807920840194" longitude="-122.490093437359" needs_recoding="false"/></row>