<?xml version="1.0" encoding="UTF-8"?><row _id="12564084" _uuid="0C829E95-32F5-4AFD-8404-9D3C81203711" _position="12564084" _address="http://data.sfgov.org/resource/ritf-b9ki/12564084"><incidntnum>156078123</incidntnum><category>LARCENY/THEFT</category><descript>PETTY THEFT OF PROPERTY</descript><dayofweek>Tuesday</dayofweek><date>2015-03-31T00:00:00</date><time>11:35</time><pddistrict>RICHMOND</pddistrict><resolution>NONE</resolution><address>3400 Block of CALIFORNIA ST</address><x>-122.45094200094</x><y>37.7866690360365</y><location human_address="{&quot;address&quot;:&quot;&quot;,&quot;city&quot;:&quot;&quot;,&quot;state&quot;:&quot;&quot;,&quot;zip&quot;:&quot;&quot;}" latitude="37.7866690360365" longitude="-122.45094200094" needs_recoding="false"/></row>