<?xml version="1.0" encoding="UTF-8"?><row _id="12565580" _uuid="2CF5297A-9E1A-4D19-9500-FCCEB4C23735" _position="12565580" _address="http://data.sfgov.org/resource/ritf-b9ki/12565580"><incidntnum>150296953</incidntnum><category>DRUG/NARCOTIC</category><descript>POSSESSION OF COCAINE</descript><dayofweek>Saturday</dayofweek><date>2015-04-04T00:00:00</date><time>23:33</time><pddistrict>MISSION</pddistrict><resolution>ARREST, BOOKED</resolution><address>2000 Block of MISSION ST</address><x>-122.419520367886</x><y>37.764228935718</y><location human_address="{&quot;address&quot;:&quot;&quot;,&quot;city&quot;:&quot;&quot;,&quot;state&quot;:&quot;&quot;,&quot;zip&quot;:&quot;&quot;}" latitude="37.764228935718" longitude="-122.419520367886" needs_recoding="false"/></row>