<?xml version="1.0" encoding="UTF-8"?><row _id="12562948" _uuid="6EF1C1B3-3A4F-4460-8122-011B1C265FC9" _position="12562948" _address="http://data.sfgov.org/resource/ritf-b9ki/12562948"><incidntnum>156081126</incidntnum><category>LARCENY/THEFT</category><descript>GRAND THEFT OF PROPERTY</descript><dayofweek>Thursday</dayofweek><date>2015-03-26T00:00:00</date><time>17:08</time><pddistrict>SOUTHERN</pddistrict><resolution>NONE</resolution><address>800 Block of BRYANT ST</address><x>-122.403404791479</x><y>37.775420706711</y><location human_address="{&quot;address&quot;:&quot;&quot;,&quot;city&quot;:&quot;&quot;,&quot;state&quot;:&quot;&quot;,&quot;zip&quot;:&quot;&quot;}" latitude="37.775420706711" longitude="-122.403404791479" needs_recoding="false"/></row>