<?xml version="1.0" encoding="UTF-8"?><row _id="12563897" _uuid="5FB62E8F-BB1E-4366-9B78-AC9FA13AC793" _position="12563897" _address="http://data.sfgov.org/resource/ritf-b9ki/12563897"><incidntnum>150284607</incidntnum><category>DRUG/NARCOTIC</category><descript>POSSESSION OF AMPHETAMINE FOR SALES</descript><dayofweek>Tuesday</dayofweek><date>2015-03-31T00:00:00</date><time>20:42</time><pddistrict>BAYVIEW</pddistrict><resolution>ARREST, BOOKED</resolution><address>LASALLE AV / 3RD ST</address><x>-122.389865610332</x><y>37.7371699446203</y><location human_address="{&quot;address&quot;:&quot;&quot;,&quot;city&quot;:&quot;&quot;,&quot;state&quot;:&quot;&quot;,&quot;zip&quot;:&quot;&quot;}" latitude="37.7371699446203" longitude="-122.389865610332" needs_recoding="false"/></row>