<?xml version="1.0" encoding="UTF-8"?><row _id="12573336" _uuid="06F1D32F-277C-450B-8856-460FAC460CB0" _position="12573336" _address="http://data.sfgov.org/resource/ritf-b9ki/12573336"><incidntnum>156113951</incidntnum><category>LARCENY/THEFT</category><descript>GRAND THEFT FROM LOCKED AUTO</descript><dayofweek>Tuesday</dayofweek><date>2015-04-21T00:00:00</date><time>18:00</time><pddistrict>SOUTHERN</pddistrict><resolution>NONE</resolution><address>THE EMBARCADEROSOUTH ST / HARRISON ST</address><x>-122.388485562387</x><y>37.789572762563</y><location human_address="{&quot;address&quot;:&quot;&quot;,&quot;city&quot;:&quot;&quot;,&quot;state&quot;:&quot;&quot;,&quot;zip&quot;:&quot;&quot;}" latitude="37.789572762563" longitude="-122.388485562387" needs_recoding="false"/></row>