<?xml version="1.0" encoding="UTF-8"?><row _id="12562741" _uuid="F8C488D8-5937-4DB2-ABC7-1136ABE7CDB7" _position="12562741" _address="http://data.sfgov.org/resource/ritf-b9ki/12562741"><incidntnum>156074977</incidntnum><category>LARCENY/THEFT</category><descript>GRAND THEFT FROM LOCKED AUTO</descript><dayofweek>Saturday</dayofweek><date>2015-03-28T00:00:00</date><time>09:30</time><pddistrict>SOUTHERN</pddistrict><resolution>NONE</resolution><address>800 Block of BRYANT ST</address><x>-122.403404791479</x><y>37.775420706711</y><location human_address="{&quot;address&quot;:&quot;&quot;,&quot;city&quot;:&quot;&quot;,&quot;state&quot;:&quot;&quot;,&quot;zip&quot;:&quot;&quot;}" latitude="37.775420706711" longitude="-122.403404791479" needs_recoding="false"/></row>