<?xml version="1.0" encoding="UTF-8"?><row _id="12561656" _uuid="B1740F84-0CD9-4CA7-A8AA-6E748BD553E2" _position="12561656" _address="http://data.sfgov.org/resource/ritf-b9ki/12561656"><incidntnum>150265845</incidntnum><category>DRUG/NARCOTIC</category><descript>POSSESSION OF METH-AMPHETAMINE</descript><dayofweek>Thursday</dayofweek><date>2015-03-26T00:00:00</date><time>02:10</time><pddistrict>NORTHERN</pddistrict><resolution>ARREST, BOOKED</resolution><address>1500 Block of POLK ST</address><x>-122.420713728356</x><y>37.7910545718408</y><location human_address="{&quot;address&quot;:&quot;&quot;,&quot;city&quot;:&quot;&quot;,&quot;state&quot;:&quot;&quot;,&quot;zip&quot;:&quot;&quot;}" latitude="37.7910545718408" longitude="-122.420713728356" needs_recoding="false"/></row>