<?xml version="1.0" encoding="UTF-8"?><row _id="12561360" _uuid="893E8814-EC2F-4294-BA45-6EB886A1E07B" _position="12561360" _address="http://data.sfgov.org/resource/ritf-b9ki/12561360"><incidntnum>150274658</incidntnum><category>LARCENY/THEFT</category><descript>PETTY THEFT FROM UNLOCKED AUTO</descript><dayofweek>Wednesday</dayofweek><date>2015-03-25T00:00:00</date><time>21:00</time><pddistrict>RICHMOND</pddistrict><resolution>NONE</resolution><address>700 Block of GREAT HY</address><x>-122.511079116635</x><y>37.7739918429694</y><location human_address="{&quot;address&quot;:&quot;&quot;,&quot;city&quot;:&quot;&quot;,&quot;state&quot;:&quot;&quot;,&quot;zip&quot;:&quot;&quot;}" latitude="37.7739918429694" longitude="-122.511079116635" needs_recoding="false"/></row>