<?xml version="1.0" encoding="UTF-8"?><row _id="12563514" _uuid="8022D7DC-B2CF-4365-A225-7B069A31162E" _position="12563514" _address="http://data.sfgov.org/resource/ritf-b9ki/12563514"><incidntnum>150279993</incidntnum><category>LARCENY/THEFT</category><descript>PETTY THEFT FROM UNLOCKED AUTO</descript><dayofweek>Monday</dayofweek><date>2015-03-30T00:00:00</date><time>11:00</time><pddistrict>MISSION</pddistrict><resolution>NONE</resolution><address>CAPP ST / 24TH ST</address><x>-122.417360139477</x><y>37.7523063170181</y><location human_address="{&quot;address&quot;:&quot;&quot;,&quot;city&quot;:&quot;&quot;,&quot;state&quot;:&quot;&quot;,&quot;zip&quot;:&quot;&quot;}" latitude="37.7523063170181" longitude="-122.417360139477" needs_recoding="false"/></row>