<?xml version="1.0" encoding="UTF-8"?><row _id="12561624" _uuid="932C9DE4-4481-4B13-8F74-C3F8994A7341" _position="12561624" _address="http://data.sfgov.org/resource/ritf-b9ki/12561624"><incidntnum>150266940</incidntnum><category>DRUNKENNESS</category><descript>UNDER INFLUENCE OF ALCOHOL IN A PUBLIC PLACE</descript><dayofweek>Thursday</dayofweek><date>2015-03-26T00:00:00</date><time>13:00</time><pddistrict>CENTRAL</pddistrict><resolution>ARREST, BOOKED</resolution><address>200 Block of JEFFERSON ST</address><x>-122.416650482064</x><y>37.8081660533563</y><location human_address="{&quot;address&quot;:&quot;&quot;,&quot;city&quot;:&quot;&quot;,&quot;state&quot;:&quot;&quot;,&quot;zip&quot;:&quot;&quot;}" latitude="37.8081660533563" longitude="-122.416650482064" needs_recoding="false"/></row>