<?xml version="1.0" encoding="UTF-8"?><row _id="12581040" _uuid="57402EEB-FEDA-409F-9D0B-FBE5531D8F97" _position="12581040" _address="http://data.sfgov.org/resource/ritf-b9ki/12581040"><incidntnum>150335313</incidntnum><category>FRAUD</category><descript>ACCESS CARD INFORMATION, THEFT OF</descript><dayofweek>Wednesday</dayofweek><date>2015-04-15T00:00:00</date><time>10:30</time><pddistrict>TENDERLOIN</pddistrict><resolution>NONE</resolution><address>OFARRELL ST / POWELL ST</address><x>-122.408040474858</x><y>37.7864094033618</y><location human_address="{&quot;address&quot;:&quot;&quot;,&quot;city&quot;:&quot;&quot;,&quot;state&quot;:&quot;&quot;,&quot;zip&quot;:&quot;&quot;}" latitude="37.7864094033618" longitude="-122.408040474858" needs_recoding="false"/></row>