<?xml version="1.0" encoding="UTF-8"?><row _id="12561699" _uuid="6D4C2D2D-AD0A-4CB7-9592-F8E40B0D6A05" _position="12561699" _address="http://data.sfgov.org/resource/ritf-b9ki/12561699"><incidntnum>156074240</incidntnum><category>LARCENY/THEFT</category><descript>GRAND THEFT FROM LOCKED AUTO</descript><dayofweek>Thursday</dayofweek><date>2015-03-26T00:00:00</date><time>18:50</time><pddistrict>PARK</pddistrict><resolution>NONE</resolution><address>100 Block of JOHNFKENNEDY DR</address><x>-122.457507583541</x><y>37.7711332354432</y><location human_address="{&quot;address&quot;:&quot;&quot;,&quot;city&quot;:&quot;&quot;,&quot;state&quot;:&quot;&quot;,&quot;zip&quot;:&quot;&quot;}" latitude="37.7711332354432" longitude="-122.457507583541" needs_recoding="false"/></row>