<?xml version="1.0" encoding="UTF-8"?><row _id="12563423" _uuid="C7041B6E-B052-415C-8BB5-AE485BDEDDD4" _position="12563423" _address="http://data.sfgov.org/resource/ritf-b9ki/12563423"><incidntnum>156075630</incidntnum><category>LARCENY/THEFT</category><descript>GRAND THEFT FROM LOCKED AUTO</descript><dayofweek>Sunday</dayofweek><date>2015-03-29T00:00:00</date><time>17:20</time><pddistrict>TARAVAL</pddistrict><resolution>NONE</resolution><address>1400 Block of 19TH AV</address><x>-122.476765576244</x><y>37.7607569579598</y><location human_address="{&quot;address&quot;:&quot;&quot;,&quot;city&quot;:&quot;&quot;,&quot;state&quot;:&quot;&quot;,&quot;zip&quot;:&quot;&quot;}" latitude="37.7607569579598" longitude="-122.476765576244" needs_recoding="false"/></row>