<?xml version="1.0" encoding="UTF-8"?><row _id="12562479" _uuid="DBA5B55A-C4E3-499C-96C0-5F80EA9E3403" _position="12562479" _address="http://data.sfgov.org/resource/ritf-b9ki/12562479"><incidntnum>150271068</incidntnum><category>NON-CRIMINAL</category><descript>AIDED CASE -PROPERTY FOR DESTRUCTION</descript><dayofweek>Friday</dayofweek><date>2015-03-27T00:00:00</date><time>17:00</time><pddistrict>PARK</pddistrict><resolution>NONE</resolution><address>1800 Block of WALLER ST</address><x>-122.454330105396</x><y>37.7681530111159</y><location human_address="{&quot;address&quot;:&quot;&quot;,&quot;city&quot;:&quot;&quot;,&quot;state&quot;:&quot;&quot;,&quot;zip&quot;:&quot;&quot;}" latitude="37.7681530111159" longitude="-122.454330105396" needs_recoding="false"/></row>