<?xml version="1.0" encoding="UTF-8"?><row _id="12565795" _uuid="7C428087-6D67-4E36-8E6A-2CEEB9EDB572" _position="12565795" _address="http://data.sfgov.org/resource/ritf-b9ki/12565795"><incidntnum>150295892</incidntnum><category>NON-CRIMINAL</category><descript>LOST PROPERTY</descript><dayofweek>Saturday</dayofweek><date>2015-04-04T00:00:00</date><time>11:00</time><pddistrict>TARAVAL</pddistrict><resolution>NONE</resolution><address>200 Block of JUNIPERO SERRA BL</address><x>-122.472156761057</x><y>37.7325199293917</y><location human_address="{&quot;address&quot;:&quot;&quot;,&quot;city&quot;:&quot;&quot;,&quot;state&quot;:&quot;&quot;,&quot;zip&quot;:&quot;&quot;}" latitude="37.7325199293917" longitude="-122.472156761057" needs_recoding="false"/></row>