<?xml version="1.0" encoding="UTF-8"?><row _id="12562164" _uuid="41DEAD83-69EE-4F7E-8241-8D05E51D4EE2" _position="12562164" _address="http://data.sfgov.org/resource/ritf-b9ki/12562164"><incidntnum>150269897</incidntnum><category>WARRANTS</category><descript>ENROUTE TO U.S. MARSHALL</descript><dayofweek>Friday</dayofweek><date>2015-03-27T00:00:00</date><time>06:53</time><pddistrict>TENDERLOIN</pddistrict><resolution>ARREST, BOOKED</resolution><address>0 Block of POWELL ST</address><x>-122.407845374111</x><y>37.7850943210103</y><location human_address="{&quot;address&quot;:&quot;&quot;,&quot;city&quot;:&quot;&quot;,&quot;state&quot;:&quot;&quot;,&quot;zip&quot;:&quot;&quot;}" latitude="37.7850943210103" longitude="-122.407845374111" needs_recoding="false"/></row>