<?xml version="1.0" encoding="UTF-8"?><row _id="12577600" _uuid="67380D18-427E-4EB0-83F6-07451F75E289" _position="12577600" _address="http://data.sfgov.org/resource/ritf-b9ki/12577600"><incidntnum>150396600</incidntnum><category>VEHICLE THEFT</category><descript>STOLEN TRUCK</descript><dayofweek>Wednesday</dayofweek><date>2015-05-06T00:00:00</date><time>22:00</time><pddistrict>BAYVIEW</pddistrict><resolution>NONE</resolution><address>2100 Block of CESAR CHAVEZ ST</address><x>-122.399688745214</x><y>37.7495948442083</y><location human_address="{&quot;address&quot;:&quot;&quot;,&quot;city&quot;:&quot;&quot;,&quot;state&quot;:&quot;&quot;,&quot;zip&quot;:&quot;&quot;}" latitude="37.7495948442083" longitude="-122.399688745214" needs_recoding="false"/></row>