<?xml version="1.0" encoding="UTF-8"?><row _id="12568463" _uuid="99C9B063-3AF4-4FAD-8F86-1ACFF8D1118B" _position="12568463" _address="http://data.sfgov.org/resource/ritf-b9ki/12568463"><incidntnum>156088031</incidntnum><category>LARCENY/THEFT</category><descript>GRAND THEFT FROM LOCKED AUTO</descript><dayofweek>Saturday</dayofweek><date>2015-04-11T00:00:00</date><time>10:45</time><pddistrict>NORTHERN</pddistrict><resolution>NONE</resolution><address>1200 Block of LOMBARD ST</address><x>-122.422105959413</x><y>37.8017106045212</y><location human_address="{&quot;address&quot;:&quot;&quot;,&quot;city&quot;:&quot;&quot;,&quot;state&quot;:&quot;&quot;,&quot;zip&quot;:&quot;&quot;}" latitude="37.8017106045212" longitude="-122.422105959413" needs_recoding="false"/></row>