<?xml version="1.0" encoding="UTF-8"?><row _id="12568868" _uuid="7CA6E17D-198A-47D2-9BA0-4DDAF45A099E" _position="12568868" _address="http://data.sfgov.org/resource/ritf-b9ki/12568868"><incidntnum>150321425</incidntnum><category>VANDALISM</category><descript>MALICIOUS MISCHIEF, VANDALISM</descript><dayofweek>Monday</dayofweek><date>2015-04-13T00:00:00</date><time>08:45</time><pddistrict>TENDERLOIN</pddistrict><resolution>ARREST, BOOKED</resolution><address>GOLDEN GATE AV / HYDE ST</address><x>-122.415508242782</x><y>37.7816542806076</y><location human_address="{&quot;address&quot;:&quot;&quot;,&quot;city&quot;:&quot;&quot;,&quot;state&quot;:&quot;&quot;,&quot;zip&quot;:&quot;&quot;}" latitude="37.7816542806076" longitude="-122.415508242782" needs_recoding="false"/></row>