<?xml version="1.0" encoding="UTF-8"?><row _id="12561598" _uuid="652A620C-9575-476E-8165-D8A1A73F7033" _position="12561598" _address="http://data.sfgov.org/resource/ritf-b9ki/12561598"><incidntnum>150265710</incidntnum><category>DRUG/NARCOTIC</category><descript>POSSESSION OF METH-AMPHETAMINE</descript><dayofweek>Thursday</dayofweek><date>2015-03-26T00:00:00</date><time>01:00</time><pddistrict>PARK</pddistrict><resolution>ARREST, BOOKED</resolution><address>300 Block of BAKER ST</address><x>-122.440949589926</x><y>37.7741190407726</y><location human_address="{&quot;address&quot;:&quot;&quot;,&quot;city&quot;:&quot;&quot;,&quot;state&quot;:&quot;&quot;,&quot;zip&quot;:&quot;&quot;}" latitude="37.7741190407726" longitude="-122.440949589926" needs_recoding="false"/></row>