<?xml version="1.0" encoding="UTF-8"?><row _id="12581423" _uuid="786AF104-C6F9-4265-8EB4-B7385979FAB1" _position="12581423" _address="http://data.sfgov.org/resource/ritf-b9ki/12581423"><incidntnum>150341570</incidntnum><category>WARRANTS</category><descript>POST RELEASE COMMUNITY SUPERVISION</descript><dayofweek>Sunday</dayofweek><date>2015-04-19T00:00:00</date><time>12:01</time><pddistrict>SOUTHERN</pddistrict><resolution>ARREST, BOOKED</resolution><address>800 Block of BRYANT ST</address><x>-122.403404791479</x><y>37.775420706711</y><location human_address="{&quot;address&quot;:&quot;&quot;,&quot;city&quot;:&quot;&quot;,&quot;state&quot;:&quot;&quot;,&quot;zip&quot;:&quot;&quot;}" latitude="37.775420706711" longitude="-122.403404791479" needs_recoding="false"/></row>