<?xml version="1.0" encoding="UTF-8"?><row _id="12563149" _uuid="2C6EDDC2-3195-435C-9B1E-075780224D27" _position="12563149" _address="http://data.sfgov.org/resource/ritf-b9ki/12563149"><incidntnum>156077313</incidntnum><category>LARCENY/THEFT</category><descript>PETTY THEFT OF PROPERTY</descript><dayofweek>Sunday</dayofweek><date>2015-03-29T00:00:00</date><time>13:45</time><pddistrict>CENTRAL</pddistrict><resolution>NONE</resolution><address>FRONT ST / UNION ST</address><x>-122.40043884726</x><y>37.8015247279208</y><location human_address="{&quot;address&quot;:&quot;&quot;,&quot;city&quot;:&quot;&quot;,&quot;state&quot;:&quot;&quot;,&quot;zip&quot;:&quot;&quot;}" latitude="37.8015247279208" longitude="-122.40043884726" needs_recoding="false"/></row>