<?xml version="1.0" encoding="UTF-8"?><row _id="12564080" _uuid="E91D314B-1E38-4815-A981-A4D99B248964" _position="12564080" _address="http://data.sfgov.org/resource/ritf-b9ki/12564080"><incidntnum>156077147</incidntnum><category>LARCENY/THEFT</category><descript>GRAND THEFT FROM LOCKED AUTO</descript><dayofweek>Tuesday</dayofweek><date>2015-03-31T00:00:00</date><time>15:00</time><pddistrict>TARAVAL</pddistrict><resolution>NONE</resolution><address>0 Block of HARDING RD</address><x>-122.49770432371</x><y>37.7247384376425</y><location human_address="{&quot;address&quot;:&quot;&quot;,&quot;city&quot;:&quot;&quot;,&quot;state&quot;:&quot;&quot;,&quot;zip&quot;:&quot;&quot;}" latitude="37.7247384376425" longitude="-122.49770432371" needs_recoding="false"/></row>