<?xml version="1.0" encoding="UTF-8"?><row _id="12580886" _uuid="4B22059D-0FEF-4344-8704-A3CF01CA2ACF" _position="12580886" _address="http://data.sfgov.org/resource/ritf-b9ki/12580886"><incidntnum>156096868</incidntnum><category>LARCENY/THEFT</category><descript>PETTY THEFT OF PROPERTY</descript><dayofweek>Monday</dayofweek><date>2015-03-30T00:00:00</date><time>22:00</time><pddistrict>RICHMOND</pddistrict><resolution>NONE</resolution><address>700 Block of 6TH AV</address><x>-122.46374207012</x><y>37.7744829292216</y><location human_address="{&quot;address&quot;:&quot;&quot;,&quot;city&quot;:&quot;&quot;,&quot;state&quot;:&quot;&quot;,&quot;zip&quot;:&quot;&quot;}" latitude="37.7744829292216" longitude="-122.46374207012" needs_recoding="false"/></row>