<?xml version="1.0" encoding="UTF-8"?><row _id="12562309" _uuid="BF344731-8B83-429C-B135-5A43B17553BB" _position="12562309" _address="http://data.sfgov.org/resource/ritf-b9ki/12562309"><incidntnum>150264477</incidntnum><category>DRUG/NARCOTIC</category><descript>POSSESSION OF NARCOTICS PARAPHERNALIA</descript><dayofweek>Wednesday</dayofweek><date>2015-03-25T00:00:00</date><time>18:00</time><pddistrict>MISSION</pddistrict><resolution>ARREST, BOOKED</resolution><address>300 Block of SHOTWELL ST</address><x>-122.416082198307</x><y>37.7628232674387</y><location human_address="{&quot;address&quot;:&quot;&quot;,&quot;city&quot;:&quot;&quot;,&quot;state&quot;:&quot;&quot;,&quot;zip&quot;:&quot;&quot;}" latitude="37.7628232674387" longitude="-122.416082198307" needs_recoding="false"/></row>