<?xml version="1.0" encoding="UTF-8"?><row _id="12579222" _uuid="16138AE5-FC9D-4078-BD9C-BAEA9F891B38" _position="12579222" _address="http://data.sfgov.org/resource/ritf-b9ki/12579222"><incidntnum>156096147</incidntnum><category>LARCENY/THEFT</category><descript>GRAND THEFT OF PROPERTY</descript><dayofweek>Wednesday</dayofweek><date>2015-04-08T00:00:00</date><time>09:30</time><pddistrict>TENDERLOIN</pddistrict><resolution>NONE</resolution><address>300 Block of GOLDEN GATE AV</address><x>-122.416351987352</x><y>37.7816031438671</y><location human_address="{&quot;address&quot;:&quot;&quot;,&quot;city&quot;:&quot;&quot;,&quot;state&quot;:&quot;&quot;,&quot;zip&quot;:&quot;&quot;}" latitude="37.7816031438671" longitude="-122.416351987352" needs_recoding="false"/></row>