<?xml version="1.0" encoding="UTF-8"?><row _id="12561661" _uuid="716CB021-B15B-472A-AEE7-1C421F529EB2" _position="12561661" _address="http://data.sfgov.org/resource/ritf-b9ki/12561661"><incidntnum>150267346</incidntnum><category>LARCENY/THEFT</category><descript>PETTY THEFT SHOPLIFTING</descript><dayofweek>Thursday</dayofweek><date>2015-03-26T00:00:00</date><time>13:30</time><pddistrict>TENDERLOIN</pddistrict><resolution>ARREST, BOOKED</resolution><address>100 Block of OFARRELL ST</address><x>-122.407244087032</x><y>37.7865647607685</y><location human_address="{&quot;address&quot;:&quot;&quot;,&quot;city&quot;:&quot;&quot;,&quot;state&quot;:&quot;&quot;,&quot;zip&quot;:&quot;&quot;}" latitude="37.7865647607685" longitude="-122.407244087032" needs_recoding="false"/></row>