<?xml version="1.0" encoding="UTF-8"?><row _id="12563579" _uuid="F408FB69-E8DB-4B82-BB8B-9E585DC81478" _position="12563579" _address="http://data.sfgov.org/resource/ritf-b9ki/12563579"><incidntnum>156082817</incidntnum><category>LARCENY/THEFT</category><descript>PETTY THEFT OF PROPERTY</descript><dayofweek>Monday</dayofweek><date>2015-03-30T00:00:00</date><time>10:14</time><pddistrict>TENDERLOIN</pddistrict><resolution>NONE</resolution><address>HYDE ST / TURK ST</address><x>-122.415694922134</x><y>37.7825851968467</y><location human_address="{&quot;address&quot;:&quot;&quot;,&quot;city&quot;:&quot;&quot;,&quot;state&quot;:&quot;&quot;,&quot;zip&quot;:&quot;&quot;}" latitude="37.7825851968467" longitude="-122.415694922134" needs_recoding="false"/></row>