<?xml version="1.0" encoding="UTF-8"?><row _id="12562966" _uuid="923D5BAC-6C6D-453C-9339-329E50A5AC64" _position="12562966" _address="http://data.sfgov.org/resource/ritf-b9ki/12562966"><incidntnum>150272549</incidntnum><category>ASSAULT</category><descript>INFLICT INJURY ON COHABITEE</descript><dayofweek>Saturday</dayofweek><date>2015-03-28T00:00:00</date><time>00:45</time><pddistrict>CENTRAL</pddistrict><resolution>ARREST, BOOKED</resolution><address>400 Block of BEACH ST</address><x>-122.416464969293</x><y>37.8072265144967</y><location human_address="{&quot;address&quot;:&quot;&quot;,&quot;city&quot;:&quot;&quot;,&quot;state&quot;:&quot;&quot;,&quot;zip&quot;:&quot;&quot;}" latitude="37.8072265144967" longitude="-122.416464969293" needs_recoding="false"/></row>