<?xml version="1.0" encoding="UTF-8"?><row _id="12572552" _uuid="448319F5-C8C8-4BB4-B2E5-D5E04593156B" _position="12572552" _address="http://data.sfgov.org/resource/ritf-b9ki/12572552"><incidntnum>156091410</incidntnum><category>LARCENY/THEFT</category><descript>PETTY THEFT OF PROPERTY</descript><dayofweek>Saturday</dayofweek><date>2015-04-11T00:00:00</date><time>22:30</time><pddistrict>CENTRAL</pddistrict><resolution>NONE</resolution><address>THE EMBARCADERONORTH ST / POWELL ST</address><x>-122.412527239682</x><y>37.8086250595467</y><location human_address="{&quot;address&quot;:&quot;&quot;,&quot;city&quot;:&quot;&quot;,&quot;state&quot;:&quot;&quot;,&quot;zip&quot;:&quot;&quot;}" latitude="37.8086250595467" longitude="-122.412527239682" needs_recoding="false"/></row>