<?xml version="1.0" encoding="UTF-8"?><row _id="12562754" _uuid="8F36178A-1155-48C7-9440-B601008638AB" _position="12562754" _address="http://data.sfgov.org/resource/ritf-b9ki/12562754"><incidntnum>150272442</incidntnum><category>DRUG/NARCOTIC</category><descript>POSSESSION OF NARCOTICS PARAPHERNALIA</descript><dayofweek>Saturday</dayofweek><date>2015-03-28T00:00:00</date><time>00:45</time><pddistrict>CENTRAL</pddistrict><resolution>NONE</resolution><address>300 Block of COLUMBUS AV</address><x>-122.406842913454</x><y>37.7980587205991</y><location human_address="{&quot;address&quot;:&quot;&quot;,&quot;city&quot;:&quot;&quot;,&quot;state&quot;:&quot;&quot;,&quot;zip&quot;:&quot;&quot;}" latitude="37.7980587205991" longitude="-122.406842913454" needs_recoding="false"/></row>