<?xml version="1.0" encoding="UTF-8"?><row _id="12565925" _uuid="3F56442C-8FD2-4282-AE4B-BB773A1064A4" _position="12565925" _address="http://data.sfgov.org/resource/ritf-b9ki/12565925"><incidntnum>150310810</incidntnum><category>OTHER OFFENSES</category><descript>LOST/STOLEN LICENSE PLATE</descript><dayofweek>Sunday</dayofweek><date>2015-04-05T00:00:00</date><time>20:30</time><pddistrict>PARK</pddistrict><resolution>NONE</resolution><address>FELL ST / CENTRAL AV</address><x>-122.444217653151</x><y>37.7732099933428</y><location human_address="{&quot;address&quot;:&quot;&quot;,&quot;city&quot;:&quot;&quot;,&quot;state&quot;:&quot;&quot;,&quot;zip&quot;:&quot;&quot;}" latitude="37.7732099933428" longitude="-122.444217653151" needs_recoding="false"/></row>