<?xml version="1.0" encoding="UTF-8"?><row _id="12581336" _uuid="3BC221D3-8A50-462D-84B6-049FF4DF89EB" _position="12581336" _address="http://data.sfgov.org/resource/ritf-b9ki/12581336"><incidntnum>150321958</incidntnum><category>NON-CRIMINAL</category><descript>CASE CLOSURE</descript><dayofweek>Sunday</dayofweek><date>2015-04-12T00:00:00</date><time>12:00</time><pddistrict>INGLESIDE</pddistrict><resolution>UNFOUNDED</resolution><address>600 Block of EUGENIA AV</address><x>-122.417407269284</x><y>37.7404300451857</y><location human_address="{&quot;address&quot;:&quot;&quot;,&quot;city&quot;:&quot;&quot;,&quot;state&quot;:&quot;&quot;,&quot;zip&quot;:&quot;&quot;}" latitude="37.7404300451857" longitude="-122.417407269284" needs_recoding="false"/></row>