<?xml version="1.0" encoding="UTF-8"?><row _id="12561640" _uuid="7650FE67-A35F-4334-BE8E-4C4E54F852A1" _position="12561640" _address="http://data.sfgov.org/resource/ritf-b9ki/12561640"><incidntnum>150268918</incidntnum><category>LARCENY/THEFT</category><descript>GRAND THEFT FROM PERSON</descript><dayofweek>Thursday</dayofweek><date>2015-03-26T00:00:00</date><time>22:25</time><pddistrict>MISSION</pddistrict><resolution>ARREST, BOOKED</resolution><address>400 Block of DOLORES ST</address><x>-122.425956929318</x><y>37.7618086789362</y><location human_address="{&quot;address&quot;:&quot;&quot;,&quot;city&quot;:&quot;&quot;,&quot;state&quot;:&quot;&quot;,&quot;zip&quot;:&quot;&quot;}" latitude="37.7618086789362" longitude="-122.425956929318" needs_recoding="false"/></row>