<?xml version="1.0" encoding="UTF-8"?><row _id="12563335" _uuid="7F674FBD-9FB5-4207-9B57-CD3E8F54F380" _position="12563335" _address="http://data.sfgov.org/resource/ritf-b9ki/12563335"><incidntnum>150281487</incidntnum><category>LARCENY/THEFT</category><descript>GRAND THEFT FROM A BUILDING</descript><dayofweek>Sunday</dayofweek><date>2015-03-29T00:00:00</date><time>19:00</time><pddistrict>NORTHERN</pddistrict><resolution>NONE</resolution><address>2000 Block of BROADWAY ST</address><x>-122.430838378403</x><y>37.7948418077407</y><location human_address="{&quot;address&quot;:&quot;&quot;,&quot;city&quot;:&quot;&quot;,&quot;state&quot;:&quot;&quot;,&quot;zip&quot;:&quot;&quot;}" latitude="37.7948418077407" longitude="-122.430838378403" needs_recoding="false"/></row>