<?xml version="1.0" encoding="UTF-8"?><row _id="12561973" _uuid="B4F8A29B-2BA6-4355-8D43-1E9959837885" _position="12561973" _address="http://data.sfgov.org/resource/ritf-b9ki/12561973"><incidntnum>156075389</incidntnum><category>LARCENY/THEFT</category><descript>GRAND THEFT FROM LOCKED AUTO</descript><dayofweek>Friday</dayofweek><date>2015-03-27T00:00:00</date><time>19:00</time><pddistrict>BAYVIEW</pddistrict><resolution>NONE</resolution><address>OAKDALE AV / PATTERSON ST</address><x>-122.404828258732</x><y>37.742815657661</y><location human_address="{&quot;address&quot;:&quot;&quot;,&quot;city&quot;:&quot;&quot;,&quot;state&quot;:&quot;&quot;,&quot;zip&quot;:&quot;&quot;}" latitude="37.742815657661" longitude="-122.404828258732" needs_recoding="false"/></row>