<?xml version="1.0" encoding="UTF-8"?><row _id="12562522" _uuid="4398BDB4-01B9-4A74-85C4-3229B98081BE" _position="12562522" _address="http://data.sfgov.org/resource/ritf-b9ki/12562522"><incidntnum>150270559</incidntnum><category>OTHER OFFENSES</category><descript>FALSE PERSONATION</descript><dayofweek>Friday</dayofweek><date>2015-03-27T00:00:00</date><time>10:45</time><pddistrict>RICHMOND</pddistrict><resolution>NONE</resolution><address>200 Block of 27TH AV</address><x>-122.487148144204</x><y>37.7847024272573</y><location human_address="{&quot;address&quot;:&quot;&quot;,&quot;city&quot;:&quot;&quot;,&quot;state&quot;:&quot;&quot;,&quot;zip&quot;:&quot;&quot;}" latitude="37.7847024272573" longitude="-122.487148144204" needs_recoding="false"/></row>