<?xml version="1.0" encoding="UTF-8"?><row _id="12567203" _uuid="04D3430F-340D-433B-ACC1-BBCBE446C0E8" _position="12567203" _address="http://data.sfgov.org/resource/ritf-b9ki/12567203"><incidntnum>150306621</incidntnum><category>NON-CRIMINAL</category><descript>FOUND PROPERTY</descript><dayofweek>Wednesday</dayofweek><date>2015-04-08T00:00:00</date><time>10:34</time><pddistrict>BAYVIEW</pddistrict><resolution>NONE</resolution><address>2700 Block of SAN BRUNO AV</address><x>-122.403408669191</x><y>37.72700531963</y><location human_address="{&quot;address&quot;:&quot;&quot;,&quot;city&quot;:&quot;&quot;,&quot;state&quot;:&quot;&quot;,&quot;zip&quot;:&quot;&quot;}" latitude="37.72700531963" longitude="-122.403408669191" needs_recoding="false"/></row>