<?xml version="1.0" encoding="UTF-8"?><row _id="12592542" _uuid="60CB63B0-0875-42D3-81F8-D8B5FAC139CE" _position="12592542" _address="http://data.sfgov.org/resource/ritf-b9ki/12592542"><incidntnum>150517157</incidntnum><category>SUSPICIOUS OCC</category><descript>SUSPICIOUS OCCURRENCE</descript><dayofweek>Sunday</dayofweek><date>2015-04-12T00:00:00</date><time>15:00</time><pddistrict>TARAVAL</pddistrict><resolution>NONE</resolution><address>0 Block of CHUMASERO DR</address><x>-122.472972400524</x><y>37.7132391314398</y><location human_address="{&quot;address&quot;:&quot;&quot;,&quot;city&quot;:&quot;&quot;,&quot;state&quot;:&quot;&quot;,&quot;zip&quot;:&quot;&quot;}" latitude="37.7132391314398" longitude="-122.472972400524" needs_recoding="false"/></row>