<?xml version="1.0" encoding="UTF-8"?><row _id="12562955" _uuid="4487065D-C9CD-4B76-B6EE-28582C0A33B6" _position="12562955" _address="http://data.sfgov.org/resource/ritf-b9ki/12562955"><incidntnum>156082895</incidntnum><category>LARCENY/THEFT</category><descript>GRAND THEFT FROM LOCKED AUTO</descript><dayofweek>Saturday</dayofweek><date>2015-03-28T00:00:00</date><time>20:00</time><pddistrict>TENDERLOIN</pddistrict><resolution>NONE</resolution><address>300 Block of OFARRELL ST</address><x>-122.410509258795</x><y>37.7860432222992</y><location human_address="{&quot;address&quot;:&quot;&quot;,&quot;city&quot;:&quot;&quot;,&quot;state&quot;:&quot;&quot;,&quot;zip&quot;:&quot;&quot;}" latitude="37.7860432222992" longitude="-122.410509258795" needs_recoding="false"/></row>