<?xml version="1.0" encoding="UTF-8"?><row _id="12561073" _uuid="C8856BF7-3A21-4A1A-97DB-0CE664AEF1B4" _position="12561073" _address="http://data.sfgov.org/resource/ritf-b9ki/12561073"><incidntnum>150264938</incidntnum><category>ASSAULT</category><descript>BATTERY</descript><dayofweek>Wednesday</dayofweek><date>2015-03-25T00:00:00</date><time>13:30</time><pddistrict>MISSION</pddistrict><resolution>NONE</resolution><address>25TH ST / MISSION ST</address><x>-122.418289276866</x><y>37.750640293923</y><location human_address="{&quot;address&quot;:&quot;&quot;,&quot;city&quot;:&quot;&quot;,&quot;state&quot;:&quot;&quot;,&quot;zip&quot;:&quot;&quot;}" latitude="37.750640293923" longitude="-122.418289276866" needs_recoding="false"/></row>