<?xml version="1.0" encoding="UTF-8"?><row _id="12562778" _uuid="814EAF02-6660-48DD-A899-C49AC7866302" _position="12562778" _address="http://data.sfgov.org/resource/ritf-b9ki/12562778"><incidntnum>150273111</incidntnum><category>BURGLARY</category><descript>BURGLARY OF FLAT, UNLAWFUL ENTRY</descript><dayofweek>Saturday</dayofweek><date>2015-03-28T00:00:00</date><time>06:00</time><pddistrict>SOUTHERN</pddistrict><resolution>NONE</resolution><address>0 Block of JUNIPER ST</address><x>-122.412825625742</x><y>37.7719465965084</y><location human_address="{&quot;address&quot;:&quot;&quot;,&quot;city&quot;:&quot;&quot;,&quot;state&quot;:&quot;&quot;,&quot;zip&quot;:&quot;&quot;}" latitude="37.7719465965084" longitude="-122.412825625742" needs_recoding="false"/></row>