<?xml version="1.0" encoding="UTF-8"?><row _id="12564777" _uuid="23D4B44D-6BA9-4524-8679-8DBCFD06431B" _position="12564777" _address="http://data.sfgov.org/resource/ritf-b9ki/12564777"><incidntnum>150292901</incidntnum><category>FRAUD</category><descript>CREDIT CARD, THEFT BY USE OF</descript><dayofweek>Thursday</dayofweek><date>2015-04-02T00:00:00</date><time>18:46</time><pddistrict>SOUTHERN</pddistrict><resolution>NONE</resolution><address>700 Block of MISSION ST</address><x>-122.403070000847</x><y>37.7852686309087</y><location human_address="{&quot;address&quot;:&quot;&quot;,&quot;city&quot;:&quot;&quot;,&quot;state&quot;:&quot;&quot;,&quot;zip&quot;:&quot;&quot;}" latitude="37.7852686309087" longitude="-122.403070000847" needs_recoding="false"/></row>