<?xml version="1.0" encoding="UTF-8"?><row _id="12564134" _uuid="C65791B0-A19D-4472-AC0C-ECE990DA4E1E" _position="12564134" _address="http://data.sfgov.org/resource/ritf-b9ki/12564134"><incidntnum>150289760</incidntnum><category>BURGLARY</category><descript>BURGLARY,STORE UNDER CONSTRUCTION, UNLAWFUL ENTRY</descript><dayofweek>Tuesday</dayofweek><date>2015-03-31T00:00:00</date><time>20:45</time><pddistrict>TENDERLOIN</pddistrict><resolution>NONE</resolution><address>0 Block of POWELL ST</address><x>-122.407845374111</x><y>37.7850943210103</y><location human_address="{&quot;address&quot;:&quot;&quot;,&quot;city&quot;:&quot;&quot;,&quot;state&quot;:&quot;&quot;,&quot;zip&quot;:&quot;&quot;}" latitude="37.7850943210103" longitude="-122.407845374111" needs_recoding="false"/></row>