<?xml version="1.0" encoding="UTF-8"?><row _id="12567339" _uuid="6447EEBE-4357-4722-8647-5A1B55732313" _position="12567339" _address="http://data.sfgov.org/resource/ritf-b9ki/12567339"><incidntnum>150308360</incidntnum><category>SECONDARY CODES</category><descript>DOMESTIC VIOLENCE</descript><dayofweek>Wednesday</dayofweek><date>2015-04-08T00:00:00</date><time>12:00</time><pddistrict>TARAVAL</pddistrict><resolution>NONE</resolution><address>600 Block of VICTORIA ST</address><x>-122.465136370613</x><y>37.7224287676854</y><location human_address="{&quot;address&quot;:&quot;&quot;,&quot;city&quot;:&quot;&quot;,&quot;state&quot;:&quot;&quot;,&quot;zip&quot;:&quot;&quot;}" latitude="37.7224287676854" longitude="-122.465136370613" needs_recoding="false"/></row>