<?xml version="1.0" encoding="UTF-8"?><row _id="12569801" _uuid="E4093748-CE33-4688-8715-65457B2BC89B" _position="12569801" _address="http://data.sfgov.org/resource/ritf-b9ki/12569801"><incidntnum>150332585</incidntnum><category>NON-CRIMINAL</category><descript>AIDED CASE</descript><dayofweek>Thursday</dayofweek><date>2015-04-16T00:00:00</date><time>14:27</time><pddistrict>NORTHERN</pddistrict><resolution>NONE</resolution><address>1100 Block of FRANCISCO ST</address><x>-122.42412350881</x><y>37.8033613356362</y><location human_address="{&quot;address&quot;:&quot;&quot;,&quot;city&quot;:&quot;&quot;,&quot;state&quot;:&quot;&quot;,&quot;zip&quot;:&quot;&quot;}" latitude="37.8033613356362" longitude="-122.42412350881" needs_recoding="false"/></row>