<?xml version="1.0" encoding="UTF-8"?><row _id="12570537" _uuid="1F1361DB-4645-4F7E-B691-62A51963C2CF" _position="12570537" _address="http://data.sfgov.org/resource/ritf-b9ki/12570537"><incidntnum>150347540</incidntnum><category>ASSAULT</category><descript>BATTERY</descript><dayofweek>Tuesday</dayofweek><date>2015-04-21T00:00:00</date><time>12:03</time><pddistrict>CENTRAL</pddistrict><resolution>ARREST, BOOKED</resolution><address>HYDE ST / SUTTER ST</address><x>-122.4168291485</x><y>37.788178697075</y><location human_address="{&quot;address&quot;:&quot;&quot;,&quot;city&quot;:&quot;&quot;,&quot;state&quot;:&quot;&quot;,&quot;zip&quot;:&quot;&quot;}" latitude="37.788178697075" longitude="-122.4168291485" needs_recoding="false"/></row>