<?xml version="1.0" encoding="UTF-8"?><row _id="12565188" _uuid="24517217-D2CA-4C35-B42E-E68376ED54F1" _position="12565188" _address="http://data.sfgov.org/resource/ritf-b9ki/12565188"><incidntnum>150296191</incidntnum><category>FRAUD</category><descript>CREDIT CARD, THEFT BY USE OF</descript><dayofweek>Friday</dayofweek><date>2015-04-03T00:00:00</date><time>14:00</time><pddistrict>SOUTHERN</pddistrict><resolution>NONE</resolution><address>200 Block of KING ST</address><x>-122.392773013909</x><y>37.7770867759344</y><location human_address="{&quot;address&quot;:&quot;&quot;,&quot;city&quot;:&quot;&quot;,&quot;state&quot;:&quot;&quot;,&quot;zip&quot;:&quot;&quot;}" latitude="37.7770867759344" longitude="-122.392773013909" needs_recoding="false"/></row>