<?xml version="1.0" encoding="UTF-8"?><row _id="12563609" _uuid="13918F19-04EA-4C5B-BDE0-29E71089AF96" _position="12563609" _address="http://data.sfgov.org/resource/ritf-b9ki/12563609"><incidntnum>150280417</incidntnum><category>WARRANTS</category><descript>WARRANT ARREST</descript><dayofweek>Monday</dayofweek><date>2015-03-30T00:00:00</date><time>17:45</time><pddistrict>BAYVIEW</pddistrict><resolution>ARREST, BOOKED</resolution><address>2400 Block of KEITH ST</address><x>-122.392462785161</x><y>37.7258752365346</y><location human_address="{&quot;address&quot;:&quot;&quot;,&quot;city&quot;:&quot;&quot;,&quot;state&quot;:&quot;&quot;,&quot;zip&quot;:&quot;&quot;}" latitude="37.7258752365346" longitude="-122.392462785161" needs_recoding="false"/></row>