<?xml version="1.0" encoding="UTF-8"?><row _id="12564211" _uuid="3A6E4601-A064-4C98-A707-4A2EFF7F5088" _position="12564211" _address="http://data.sfgov.org/resource/ritf-b9ki/12564211"><incidntnum>150283524</incidntnum><category>OTHER OFFENSES</category><descript>TOBACCO PRODUCTS, SELLING OR FURNISHING TO MINOR</descript><dayofweek>Tuesday</dayofweek><date>2015-03-31T00:00:00</date><time>17:00</time><pddistrict>NORTHERN</pddistrict><resolution>ARREST, BOOKED</resolution><address>500 Block of GROVE ST</address><x>-122.425657509762</x><y>37.7775471852907</y><location human_address="{&quot;address&quot;:&quot;&quot;,&quot;city&quot;:&quot;&quot;,&quot;state&quot;:&quot;&quot;,&quot;zip&quot;:&quot;&quot;}" latitude="37.7775471852907" longitude="-122.425657509762" needs_recoding="false"/></row>