<?xml version="1.0" encoding="UTF-8"?><row _id="12565494" _uuid="8DF97F8B-3EE9-400F-92A8-67BB812016D5" _position="12565494" _address="http://data.sfgov.org/resource/ritf-b9ki/12565494"><incidntnum>150295472</incidntnum><category>LARCENY/THEFT</category><descript>PETTY THEFT FROM LOCKED AUTO</descript><dayofweek>Saturday</dayofweek><date>2015-04-04T00:00:00</date><time>10:37</time><pddistrict>NORTHERN</pddistrict><resolution>NONE</resolution><address>GEARY BL / LAGUNA ST</address><x>-122.427991151911</x><y>37.7849531241612</y><location human_address="{&quot;address&quot;:&quot;&quot;,&quot;city&quot;:&quot;&quot;,&quot;state&quot;:&quot;&quot;,&quot;zip&quot;:&quot;&quot;}" latitude="37.7849531241612" longitude="-122.427991151911" needs_recoding="false"/></row>