<?xml version="1.0" encoding="UTF-8"?><row _id="12567830" _uuid="FB4894C7-0F56-4045-A553-D679006EF274" _position="12567830" _address="http://data.sfgov.org/resource/ritf-b9ki/12567830"><incidntnum>150312775</incidntnum><category>VANDALISM</category><descript>MALICIOUS MISCHIEF, GRAFFITI</descript><dayofweek>Friday</dayofweek><date>2015-04-10T00:00:00</date><time>09:30</time><pddistrict>TARAVAL</pddistrict><resolution>ARREST, BOOKED</resolution><address>35TH AV / VICENTE ST</address><x>-122.49257457368</x><y>37.738565347956</y><location human_address="{&quot;address&quot;:&quot;&quot;,&quot;city&quot;:&quot;&quot;,&quot;state&quot;:&quot;&quot;,&quot;zip&quot;:&quot;&quot;}" latitude="37.738565347956" longitude="-122.49257457368" needs_recoding="false"/></row>