<?xml version="1.0" encoding="UTF-8"?><row _id="12568937" _uuid="B227EF83-103D-43B8-8741-201EBB8F586B" _position="12568937" _address="http://data.sfgov.org/resource/ritf-b9ki/12568937"><incidntnum>156089170</incidntnum><category>LARCENY/THEFT</category><descript>GRAND THEFT FROM LOCKED AUTO</descript><dayofweek>Monday</dayofweek><date>2015-04-13T00:00:00</date><time>15:30</time><pddistrict>SOUTHERN</pddistrict><resolution>NONE</resolution><address>THE EMBARCADEROSOUTH ST / FOLSOM ST</address><x>-122.390094248247</x><y>37.7907638589303</y><location human_address="{&quot;address&quot;:&quot;&quot;,&quot;city&quot;:&quot;&quot;,&quot;state&quot;:&quot;&quot;,&quot;zip&quot;:&quot;&quot;}" latitude="37.7907638589303" longitude="-122.390094248247" needs_recoding="false"/></row>