<?xml version="1.0" encoding="UTF-8"?><row _id="12561167" _uuid="AD2EAAE4-307F-4971-A655-63AF209F6093" _position="12561167" _address="http://data.sfgov.org/resource/ritf-b9ki/12561167"><incidntnum>150262318</incidntnum><category>LARCENY/THEFT</category><descript>GRAND THEFT FROM PERSON</descript><dayofweek>Wednesday</dayofweek><date>2015-03-25T00:00:00</date><time>05:50</time><pddistrict>CENTRAL</pddistrict><resolution>NONE</resolution><address>400 Block of POWELL ST</address><x>-122.408431861057</x><y>37.7887772719153</y><location human_address="{&quot;address&quot;:&quot;&quot;,&quot;city&quot;:&quot;&quot;,&quot;state&quot;:&quot;&quot;,&quot;zip&quot;:&quot;&quot;}" latitude="37.7887772719153" longitude="-122.408431861057" needs_recoding="false"/></row>