<?xml version="1.0" encoding="UTF-8"?><row _id="12572728" _uuid="A432D6CD-E662-49D9-9807-B51C77895BC1" _position="12572728" _address="http://data.sfgov.org/resource/ritf-b9ki/12572728"><incidntnum>156096363</incidntnum><category>LARCENY/THEFT</category><descript>GRAND THEFT OF PROPERTY</descript><dayofweek>Saturday</dayofweek><date>2015-04-18T00:00:00</date><time>15:00</time><pddistrict>TENDERLOIN</pddistrict><resolution>NONE</resolution><address>LEAVENWORTH ST / EDDY ST</address><x>-122.414242955907</x><y>37.7837240254478</y><location human_address="{&quot;address&quot;:&quot;&quot;,&quot;city&quot;:&quot;&quot;,&quot;state&quot;:&quot;&quot;,&quot;zip&quot;:&quot;&quot;}" latitude="37.7837240254478" longitude="-122.414242955907" needs_recoding="false"/></row>