<?xml version="1.0" encoding="UTF-8"?><row _id="12567625" _uuid="7C314021-DA05-4301-A87C-A2CF4EAF2278" _position="12567625" _address="http://data.sfgov.org/resource/ritf-b9ki/12567625"><incidntnum>150312383</incidntnum><category>VEHICLE THEFT</category><descript>STOLEN AUTOMOBILE</descript><dayofweek>Thursday</dayofweek><date>2015-04-09T00:00:00</date><time>11:00</time><pddistrict>SOUTHERN</pddistrict><resolution>NONE</resolution><address>100 Block of 7TH ST</address><x>-122.410111373792</x><y>37.7786320490341</y><location human_address="{&quot;address&quot;:&quot;&quot;,&quot;city&quot;:&quot;&quot;,&quot;state&quot;:&quot;&quot;,&quot;zip&quot;:&quot;&quot;}" latitude="37.7786320490341" longitude="-122.410111373792" needs_recoding="false"/></row>