<?xml version="1.0" encoding="UTF-8"?><row _id="12564742" _uuid="DE7DABED-0C6D-469B-8B6D-4BC15622B889" _position="12564742" _address="http://data.sfgov.org/resource/ritf-b9ki/12564742"><incidntnum>150289271</incidntnum><category>LARCENY/THEFT</category><descript>GRAND THEFT PICKPOCKET</descript><dayofweek>Thursday</dayofweek><date>2015-04-02T00:00:00</date><time>13:46</time><pddistrict>SOUTHERN</pddistrict><resolution>NONE</resolution><address>800 Block of BRYANT ST</address><x>-122.403404791479</x><y>37.775420706711</y><location human_address="{&quot;address&quot;:&quot;&quot;,&quot;city&quot;:&quot;&quot;,&quot;state&quot;:&quot;&quot;,&quot;zip&quot;:&quot;&quot;}" latitude="37.775420706711" longitude="-122.403404791479" needs_recoding="false"/></row>