<?xml version="1.0" encoding="UTF-8"?><row _id="12565616" _uuid="1FB5F4B4-77E7-4D9B-ACF1-1A6040545D3B" _position="12565616" _address="http://data.sfgov.org/resource/ritf-b9ki/12565616"><incidntnum>150296903</incidntnum><category>NON-CRIMINAL</category><descript>AIDED CASE, MENTAL DISTURBED</descript><dayofweek>Saturday</dayofweek><date>2015-04-04T00:00:00</date><time>22:00</time><pddistrict>CENTRAL</pddistrict><resolution>NONE</resolution><address>400 Block of GEARY ST</address><x>-122.410699657634</x><y>37.7869881885308</y><location human_address="{&quot;address&quot;:&quot;&quot;,&quot;city&quot;:&quot;&quot;,&quot;state&quot;:&quot;&quot;,&quot;zip&quot;:&quot;&quot;}" latitude="37.7869881885308" longitude="-122.410699657634" needs_recoding="false"/></row>