<?xml version="1.0" encoding="UTF-8"?><row _id="12563111" _uuid="202A89E6-1F91-405F-9030-B161869CC3B0" _position="12563111" _address="http://data.sfgov.org/resource/ritf-b9ki/12563111"><incidntnum>150276137</incidntnum><category>WARRANTS</category><descript>ENROUTE TO OUTSIDE JURISDICTION</descript><dayofweek>Sunday</dayofweek><date>2015-03-29T00:00:00</date><time>08:04</time><pddistrict>SOUTHERN</pddistrict><resolution>ARREST, BOOKED</resolution><address>11TH ST / MARKET ST</address><x>-122.418698328939</x><y>37.7755894130051</y><location human_address="{&quot;address&quot;:&quot;&quot;,&quot;city&quot;:&quot;&quot;,&quot;state&quot;:&quot;&quot;,&quot;zip&quot;:&quot;&quot;}" latitude="37.7755894130051" longitude="-122.418698328939" needs_recoding="false"/></row>