<?xml version="1.0" encoding="UTF-8"?><row _id="12560972" _uuid="A627E138-96CE-4DCC-943D-9F588A39BFB9" _position="12560972" _address="http://data.sfgov.org/resource/ritf-b9ki/12560972"><incidntnum>156078195</incidntnum><category>LARCENY/THEFT</category><descript>GRAND THEFT FROM LOCKED AUTO</descript><dayofweek>Tuesday</dayofweek><date>2015-03-24T00:00:00</date><time>18:23</time><pddistrict>PARK</pddistrict><resolution>NONE</resolution><address>1300 Block of DIVISADERO ST</address><x>-122.439329634936</x><y>37.7819788533568</y><location human_address="{&quot;address&quot;:&quot;&quot;,&quot;city&quot;:&quot;&quot;,&quot;state&quot;:&quot;&quot;,&quot;zip&quot;:&quot;&quot;}" latitude="37.7819788533568" longitude="-122.439329634936" needs_recoding="false"/></row>