<?xml version="1.0" encoding="UTF-8"?><row _id="12563218" _uuid="BA883B74-0BEB-4345-8F59-FCC21FCFE39D" _position="12563218" _address="http://data.sfgov.org/resource/ritf-b9ki/12563218"><incidntnum>150276604</incidntnum><category>SUSPICIOUS OCC</category><descript>SUSPICIOUS OCCURRENCE</descript><dayofweek>Sunday</dayofweek><date>2015-03-29T00:00:00</date><time>01:30</time><pddistrict>RICHMOND</pddistrict><resolution>NONE</resolution><address>700 Block of 35TH AV</address><x>-122.495174735838</x><y>37.7748589909304</y><location human_address="{&quot;address&quot;:&quot;&quot;,&quot;city&quot;:&quot;&quot;,&quot;state&quot;:&quot;&quot;,&quot;zip&quot;:&quot;&quot;}" latitude="37.7748589909304" longitude="-122.495174735838" needs_recoding="false"/></row>