<?xml version="1.0" encoding="UTF-8"?><row _id="12567959" _uuid="365C5B62-86E6-4873-9753-3D9EDDABBB96" _position="12567959" _address="http://data.sfgov.org/resource/ritf-b9ki/12567959"><incidntnum>150316896</incidntnum><category>BURGLARY</category><descript>BURGLARY OF RESIDENCE, UNLAWFUL ENTRY</descript><dayofweek>Friday</dayofweek><date>2015-04-10T00:00:00</date><time>16:00</time><pddistrict>TENDERLOIN</pddistrict><resolution>NONE</resolution><address>400 Block of ELLIS ST</address><x>-122.413631253258</x><y>37.7848053746211</y><location human_address="{&quot;address&quot;:&quot;&quot;,&quot;city&quot;:&quot;&quot;,&quot;state&quot;:&quot;&quot;,&quot;zip&quot;:&quot;&quot;}" latitude="37.7848053746211" longitude="-122.413631253258" needs_recoding="false"/></row>