<?xml version="1.0" encoding="UTF-8"?><row _id="12562839" _uuid="34AE4934-BA17-4A69-BE9C-F9CFA29E7441" _position="12562839" _address="http://data.sfgov.org/resource/ritf-b9ki/12562839"><incidntnum>150277668</incidntnum><category>MISSING PERSON</category><descript>MISSING JUVENILE</descript><dayofweek>Saturday</dayofweek><date>2015-03-28T00:00:00</date><time>19:00</time><pddistrict>BAYVIEW</pddistrict><resolution>NONE</resolution><address>1100 Block of 4TH ST</address><x>-122.391470335941</x><y>37.7731176298591</y><location human_address="{&quot;address&quot;:&quot;&quot;,&quot;city&quot;:&quot;&quot;,&quot;state&quot;:&quot;&quot;,&quot;zip&quot;:&quot;&quot;}" latitude="37.7731176298591" longitude="-122.391470335941" needs_recoding="false"/></row>