<?xml version="1.0" encoding="UTF-8"?><row _id="12562239" _uuid="7D7FDF98-AF1D-4A76-BF85-C9B28358C7DB" _position="12562239" _address="http://data.sfgov.org/resource/ritf-b9ki/12562239"><incidntnum>150273917</incidntnum><category>FORGERY/COUNTERFEITING</category><descript>FORGERY, NOTES</descript><dayofweek>Friday</dayofweek><date>2015-03-27T00:00:00</date><time>14:00</time><pddistrict>INGLESIDE</pddistrict><resolution>NONE</resolution><address>4800 Block of MISSION ST</address><x>-122.437992398571</x><y>37.7206211151044</y><location human_address="{&quot;address&quot;:&quot;&quot;,&quot;city&quot;:&quot;&quot;,&quot;state&quot;:&quot;&quot;,&quot;zip&quot;:&quot;&quot;}" latitude="37.7206211151044" longitude="-122.437992398571" needs_recoding="false"/></row>