<?xml version="1.0" encoding="UTF-8"?><row _id="12562325" _uuid="14F44BBB-9BFB-4015-869C-B32BDBACA24E" _position="12562325" _address="http://data.sfgov.org/resource/ritf-b9ki/12562325"><incidntnum>150269568</incidntnum><category>NON-CRIMINAL</category><descript>FOUND PROPERTY</descript><dayofweek>Thursday</dayofweek><date>2015-03-26T00:00:00</date><time>09:00</time><pddistrict>MISSION</pddistrict><resolution>NONE</resolution><address>100 Block of DANVERS ST</address><x>-122.443267679127</x><y>37.7599402281706</y><location human_address="{&quot;address&quot;:&quot;&quot;,&quot;city&quot;:&quot;&quot;,&quot;state&quot;:&quot;&quot;,&quot;zip&quot;:&quot;&quot;}" latitude="37.7599402281706" longitude="-122.443267679127" needs_recoding="false"/></row>