<?xml version="1.0" encoding="UTF-8"?><row _id="12562646" _uuid="8F9DF414-0250-4097-93EF-C7D37FA6B399" _position="12562646" _address="http://data.sfgov.org/resource/ritf-b9ki/12562646"><incidntnum>150274783</incidntnum><category>WARRANTS</category><descript>ENROUTE TO OUTSIDE JURISDICTION</descript><dayofweek>Saturday</dayofweek><date>2015-03-28T00:00:00</date><time>18:50</time><pddistrict>INGLESIDE</pddistrict><resolution>ARREST, BOOKED</resolution><address>MISSION ST / NORTON ST</address><x>-122.434870543645</x><y>37.724589160901</y><location human_address="{&quot;address&quot;:&quot;&quot;,&quot;city&quot;:&quot;&quot;,&quot;state&quot;:&quot;&quot;,&quot;zip&quot;:&quot;&quot;}" latitude="37.724589160901" longitude="-122.434870543645" needs_recoding="false"/></row>