<?xml version="1.0" encoding="UTF-8"?><row _id="12562389" _uuid="19908A3B-B2F3-4344-B9C7-12ECA2AFD3DF" _position="12562389" _address="http://data.sfgov.org/resource/ritf-b9ki/12562389"><incidntnum>150297989</incidntnum><category>VANDALISM</category><descript>MALICIOUS MISCHIEF, GRAFFITI</descript><dayofweek>Friday</dayofweek><date>2015-03-27T00:00:00</date><time>16:29</time><pddistrict>PARK</pddistrict><resolution>NONE</resolution><address>1400 Block of MCALLISTER ST</address><x>-122.435879473355</x><y>37.7780533541929</y><location human_address="{&quot;address&quot;:&quot;&quot;,&quot;city&quot;:&quot;&quot;,&quot;state&quot;:&quot;&quot;,&quot;zip&quot;:&quot;&quot;}" latitude="37.7780533541929" longitude="-122.435879473355" needs_recoding="false"/></row>