<?xml version="1.0" encoding="UTF-8"?><row _id="12563199" _uuid="07C333A3-77D3-4EF8-8ECB-BCFC8CAAF03B" _position="12563199" _address="http://data.sfgov.org/resource/ritf-b9ki/12563199"><incidntnum>150275662</incidntnum><category>ASSAULT</category><descript>BATTERY</descript><dayofweek>Sunday</dayofweek><date>2015-03-29T00:00:00</date><time>00:30</time><pddistrict>CENTRAL</pddistrict><resolution>ARREST, BOOKED</resolution><address>1300 Block of COLUMBUS AV</address><x>-122.419232131738</x><y>37.8064740791427</y><location human_address="{&quot;address&quot;:&quot;&quot;,&quot;city&quot;:&quot;&quot;,&quot;state&quot;:&quot;&quot;,&quot;zip&quot;:&quot;&quot;}" latitude="37.8064740791427" longitude="-122.419232131738" needs_recoding="false"/></row>