<?xml version="1.0" encoding="UTF-8"?><row _id="12561315" _uuid="06E57871-E153-4AC9-9440-30686229FE28" _position="12561315" _address="http://data.sfgov.org/resource/ritf-b9ki/12561315"><incidntnum>150265312</incidntnum><category>NON-CRIMINAL</category><descript>AIDED CASE, MENTAL DISTURBED</descript><dayofweek>Wednesday</dayofweek><date>2015-03-25T00:00:00</date><time>21:30</time><pddistrict>TARAVAL</pddistrict><resolution>NONE</resolution><address>1400 Block of ORTEGA ST</address><x>-122.479028252454</x><y>37.7522029511851</y><location human_address="{&quot;address&quot;:&quot;&quot;,&quot;city&quot;:&quot;&quot;,&quot;state&quot;:&quot;&quot;,&quot;zip&quot;:&quot;&quot;}" latitude="37.7522029511851" longitude="-122.479028252454" needs_recoding="false"/></row>