<?xml version="1.0" encoding="UTF-8"?><row _id="12561925" _uuid="9311F335-AE75-4875-AE0D-F67507288B65" _position="12561925" _address="http://data.sfgov.org/resource/ritf-b9ki/12561925"><incidntnum>150269273</incidntnum><category>DRUG/NARCOTIC</category><descript>POSSESSION OF METH-AMPHETAMINE</descript><dayofweek>Friday</dayofweek><date>2015-03-27T00:00:00</date><time>00:36</time><pddistrict>NORTHERN</pddistrict><resolution>ARREST, BOOKED</resolution><address>POLK ST / GEARY ST</address><x>-122.419739837805</x><y>37.7858926099715</y><location human_address="{&quot;address&quot;:&quot;&quot;,&quot;city&quot;:&quot;&quot;,&quot;state&quot;:&quot;&quot;,&quot;zip&quot;:&quot;&quot;}" latitude="37.7858926099715" longitude="-122.419739837805" needs_recoding="false"/></row>