<?xml version="1.0" encoding="UTF-8"?><row _id="12561691" _uuid="75392F83-44CE-4763-89DA-18677994270B" _position="12561691" _address="http://data.sfgov.org/resource/ritf-b9ki/12561691"><incidntnum>150271024</incidntnum><category>VANDALISM</category><descript>MALICIOUS MISCHIEF, VANDALISM OF VEHICLES</descript><dayofweek>Thursday</dayofweek><date>2015-03-26T00:00:00</date><time>20:30</time><pddistrict>TARAVAL</pddistrict><resolution>NONE</resolution><address>1300 Block of GREAT HY</address><x>-122.509430766055</x><y>37.7611873127468</y><location human_address="{&quot;address&quot;:&quot;&quot;,&quot;city&quot;:&quot;&quot;,&quot;state&quot;:&quot;&quot;,&quot;zip&quot;:&quot;&quot;}" latitude="37.7611873127468" longitude="-122.509430766055" needs_recoding="false"/></row>