<?xml version="1.0" encoding="UTF-8"?><row _id="12561188" _uuid="6919975D-F6B2-43BF-8889-0E1E9E9894AE" _position="12561188" _address="http://data.sfgov.org/resource/ritf-b9ki/12561188"><incidntnum>150265538</incidntnum><category>LARCENY/THEFT</category><descript>PETTY THEFT BICYCLE</descript><dayofweek>Wednesday</dayofweek><date>2015-03-25T00:00:00</date><time>21:45</time><pddistrict>CENTRAL</pddistrict><resolution>NONE</resolution><address>800 Block of GEARY ST</address><x>-122.417273344939</x><y>37.7861493947594</y><location human_address="{&quot;address&quot;:&quot;&quot;,&quot;city&quot;:&quot;&quot;,&quot;state&quot;:&quot;&quot;,&quot;zip&quot;:&quot;&quot;}" latitude="37.7861493947594" longitude="-122.417273344939" needs_recoding="false"/></row>