<?xml version="1.0" encoding="UTF-8"?><row _id="12565330" _uuid="45FA232E-67B2-416C-A466-3BE58C21D540" _position="12565330" _address="http://data.sfgov.org/resource/ritf-b9ki/12565330"><incidntnum>156077040</incidntnum><category>LARCENY/THEFT</category><descript>PETTY THEFT OF PROPERTY</descript><dayofweek>Monday</dayofweek><date>2015-03-30T00:00:00</date><time>21:00</time><pddistrict>NORTHERN</pddistrict><resolution>NONE</resolution><address>1400 Block of FILLMORE ST</address><x>-122.432680942926</x><y>37.782821449014</y><location human_address="{&quot;address&quot;:&quot;&quot;,&quot;city&quot;:&quot;&quot;,&quot;state&quot;:&quot;&quot;,&quot;zip&quot;:&quot;&quot;}" latitude="37.782821449014" longitude="-122.432680942926" needs_recoding="false"/></row>