<?xml version="1.0" encoding="UTF-8"?><row _id="12561480" _uuid="C218B691-0FBF-4418-98DE-82083521C045" _position="12561480" _address="http://data.sfgov.org/resource/ritf-b9ki/12561480"><incidntnum>150267863</incidntnum><category>OTHER OFFENSES</category><descript>RESISTING ARREST</descript><dayofweek>Thursday</dayofweek><date>2015-03-26T00:00:00</date><time>17:49</time><pddistrict>MISSION</pddistrict><resolution>ARREST, BOOKED</resolution><address>16TH ST / HARRISON ST</address><x>-122.413107622693</x><y>37.7654480180266</y><location human_address="{&quot;address&quot;:&quot;&quot;,&quot;city&quot;:&quot;&quot;,&quot;state&quot;:&quot;&quot;,&quot;zip&quot;:&quot;&quot;}" latitude="37.7654480180266" longitude="-122.413107622693" needs_recoding="false"/></row>