<?xml version="1.0" encoding="UTF-8"?><row _id="12561621" _uuid="BC5C9E53-8119-4DFB-AD65-9778765E3D35" _position="12561621" _address="http://data.sfgov.org/resource/ritf-b9ki/12561621"><incidntnum>150266752</incidntnum><category>ROBBERY</category><descript>ATTEMPTED ROBBERY ON THE STREET WITH BODILY FORCE</descript><dayofweek>Thursday</dayofweek><date>2015-03-26T00:00:00</date><time>12:14</time><pddistrict>PARK</pddistrict><resolution>NONE</resolution><address>1000 Block of FULTON ST</address><x>-122.434046062672</x><y>37.777329275022</y><location human_address="{&quot;address&quot;:&quot;&quot;,&quot;city&quot;:&quot;&quot;,&quot;state&quot;:&quot;&quot;,&quot;zip&quot;:&quot;&quot;}" latitude="37.777329275022" longitude="-122.434046062672" needs_recoding="false"/></row>