<?xml version="1.0" encoding="UTF-8"?><row _id="12561136" _uuid="A6AD6531-FE41-4A9A-AC63-CB99A8702B14" _position="12561136" _address="http://data.sfgov.org/resource/ritf-b9ki/12561136"><incidntnum>150271886</incidntnum><category>OTHER OFFENSES</category><descript>MISCELLANEOUS INVESTIGATION</descript><dayofweek>Wednesday</dayofweek><date>2015-03-25T00:00:00</date><time>17:06</time><pddistrict>RICHMOND</pddistrict><resolution>NONE</resolution><address>CLEMENT ST / 15TH AV</address><x>-122.474111986642</x><y>37.782508774015</y><location human_address="{&quot;address&quot;:&quot;&quot;,&quot;city&quot;:&quot;&quot;,&quot;state&quot;:&quot;&quot;,&quot;zip&quot;:&quot;&quot;}" latitude="37.782508774015" longitude="-122.474111986642" needs_recoding="false"/></row>