<?xml version="1.0" encoding="UTF-8"?><row _id="12579314" _uuid="09C38345-E469-40BF-9708-DFB9FBF7EF58" _position="12579314" _address="http://data.sfgov.org/resource/ritf-b9ki/12579314"><incidntnum>156098808</incidntnum><category>LARCENY/THEFT</category><descript>GRAND THEFT FROM LOCKED AUTO</descript><dayofweek>Saturday</dayofweek><date>2015-04-25T00:00:00</date><time>13:00</time><pddistrict>TARAVAL</pddistrict><resolution>NONE</resolution><address>200 Block of SKYLINEBLVD HY</address><x>-122.500506088998</x><y>37.7299809513978</y><location human_address="{&quot;address&quot;:&quot;&quot;,&quot;city&quot;:&quot;&quot;,&quot;state&quot;:&quot;&quot;,&quot;zip&quot;:&quot;&quot;}" latitude="37.7299809513978" longitude="-122.500506088998" needs_recoding="false"/></row>