<?xml version="1.0" encoding="UTF-8"?><row _id="12580433" _uuid="4484AD6A-3D49-4714-9A21-68414CAAFF37" _position="12580433" _address="http://data.sfgov.org/resource/ritf-b9ki/12580433"><incidntnum>150368251</incidntnum><category>VEHICLE THEFT</category><descript>STOLEN TRUCK</descript><dayofweek>Monday</dayofweek><date>2015-04-27T00:00:00</date><time>23:00</time><pddistrict>PARK</pddistrict><resolution>NONE</resolution><address>100 Block of EDGEWOOD AV</address><x>-122.455048526095</x><y>37.7619153681754</y><location human_address="{&quot;address&quot;:&quot;&quot;,&quot;city&quot;:&quot;&quot;,&quot;state&quot;:&quot;&quot;,&quot;zip&quot;:&quot;&quot;}" latitude="37.7619153681754" longitude="-122.455048526095" needs_recoding="false"/></row>