<?xml version="1.0" encoding="UTF-8"?><row _id="12561566" _uuid="755BFAE4-8BD7-44B8-8184-3DBF51D2DEDC" _position="12561566" _address="http://data.sfgov.org/resource/ritf-b9ki/12561566"><incidntnum>150267750</incidntnum><category>VEHICLE THEFT</category><descript>STOLEN AUTOMOBILE</descript><dayofweek>Thursday</dayofweek><date>2015-03-26T00:00:00</date><time>11:00</time><pddistrict>PARK</pddistrict><resolution>NONE</resolution><address>HAIGHT ST / BELVEDERE ST</address><x>-122.449647662955</x><y>37.7696619195846</y><location human_address="{&quot;address&quot;:&quot;&quot;,&quot;city&quot;:&quot;&quot;,&quot;state&quot;:&quot;&quot;,&quot;zip&quot;:&quot;&quot;}" latitude="37.7696619195846" longitude="-122.449647662955" needs_recoding="false"/></row>