<?xml version="1.0" encoding="UTF-8"?><row _id="12563784" _uuid="C605074F-8794-43F2-BEB2-163F0E5E1E81" _position="12563784" _address="http://data.sfgov.org/resource/ritf-b9ki/12563784"><incidntnum>150304001</incidntnum><category>SUSPICIOUS OCC</category><descript>SUSPICIOUS OCCURRENCE</descript><dayofweek>Friday</dayofweek><date>2015-03-27T00:00:00</date><time>14:39</time><pddistrict>BAYVIEW</pddistrict><resolution>NONE</resolution><address>1500 Block of WALLACE AV</address><x>-122.390150409785</x><y>37.7270006224103</y><location human_address="{&quot;address&quot;:&quot;&quot;,&quot;city&quot;:&quot;&quot;,&quot;state&quot;:&quot;&quot;,&quot;zip&quot;:&quot;&quot;}" latitude="37.7270006224103" longitude="-122.390150409785" needs_recoding="false"/></row>