<?xml version="1.0" encoding="UTF-8"?><row _id="12561447" _uuid="FFEE020B-259F-4117-8DDD-3390F7F1DD8F" _position="12561447" _address="http://data.sfgov.org/resource/ritf-b9ki/12561447"><incidntnum>150265685</incidntnum><category>STOLEN PROPERTY</category><descript>STOLEN PROPERTY, POSSESSION WITH KNOWLEDGE, RECEIVING</descript><dayofweek>Wednesday</dayofweek><date>2015-03-25T00:00:00</date><time>22:07</time><pddistrict>SOUTHERN</pddistrict><resolution>ARREST, BOOKED</resolution><address>0 Block of MARKET ST</address><x>-122.395097774181</x><y>37.7940590485562</y><location human_address="{&quot;address&quot;:&quot;&quot;,&quot;city&quot;:&quot;&quot;,&quot;state&quot;:&quot;&quot;,&quot;zip&quot;:&quot;&quot;}" latitude="37.7940590485562" longitude="-122.395097774181" needs_recoding="false"/></row>