<?xml version="1.0" encoding="UTF-8"?><row _id="12563680" _uuid="632AE0C0-1319-4660-9083-9308348E6F8D" _position="12563680" _address="http://data.sfgov.org/resource/ritf-b9ki/12563680"><incidntnum>150280661</incidntnum><category>LARCENY/THEFT</category><descript>GRAND THEFT FROM LOCKED AUTO</descript><dayofweek>Monday</dayofweek><date>2015-03-30T00:00:00</date><time>18:00</time><pddistrict>PARK</pddistrict><resolution>NONE</resolution><address>1200 Block of WALLER ST</address><x>-122.444310616667</x><y>37.7694427864091</y><location human_address="{&quot;address&quot;:&quot;&quot;,&quot;city&quot;:&quot;&quot;,&quot;state&quot;:&quot;&quot;,&quot;zip&quot;:&quot;&quot;}" latitude="37.7694427864091" longitude="-122.444310616667" needs_recoding="false"/></row>