<?xml version="1.0" encoding="UTF-8"?><row _id="12561476" _uuid="AE7A1382-595A-4AF1-B803-84278560D766" _position="12561476" _address="http://data.sfgov.org/resource/ritf-b9ki/12561476"><incidntnum>150266809</incidntnum><category>MISSING PERSON</category><descript>FOUND PERSON</descript><dayofweek>Thursday</dayofweek><date>2015-03-26T00:00:00</date><time>10:00</time><pddistrict>SOUTHERN</pddistrict><resolution>NONE</resolution><address>4TH ST / MISSION ST</address><x>-122.404270179486</x><y>37.7844788538745</y><location human_address="{&quot;address&quot;:&quot;&quot;,&quot;city&quot;:&quot;&quot;,&quot;state&quot;:&quot;&quot;,&quot;zip&quot;:&quot;&quot;}" latitude="37.7844788538745" longitude="-122.404270179486" needs_recoding="false"/></row>