<?xml version="1.0" encoding="UTF-8"?><row _id="12565664" _uuid="8EA77469-CED4-4F0B-96D4-7347A37A8317" _position="12565664" _address="http://data.sfgov.org/resource/ritf-b9ki/12565664"><incidntnum>150297519</incidntnum><category>VANDALISM</category><descript>MALICIOUS MISCHIEF, VANDALISM</descript><dayofweek>Saturday</dayofweek><date>2015-04-04T00:00:00</date><time>15:00</time><pddistrict>CENTRAL</pddistrict><resolution>NONE</resolution><address>2900 Block of LARKIN ST</address><x>-122.421844581151</x><y>37.8050485536146</y><location human_address="{&quot;address&quot;:&quot;&quot;,&quot;city&quot;:&quot;&quot;,&quot;state&quot;:&quot;&quot;,&quot;zip&quot;:&quot;&quot;}" latitude="37.8050485536146" longitude="-122.421844581151" needs_recoding="false"/></row>