<?xml version="1.0" encoding="UTF-8"?><row _id="12563281" _uuid="1F4ED8D8-DFC3-46F0-9C43-F0B2CAB2CFE9" _position="12563281" _address="http://data.sfgov.org/resource/ritf-b9ki/12563281"><incidntnum>150276927</incidntnum><category>LARCENY/THEFT</category><descript>GRAND THEFT FROM LOCKED AUTO</descript><dayofweek>Sunday</dayofweek><date>2015-03-29T00:00:00</date><time>09:00</time><pddistrict>CENTRAL</pddistrict><resolution>NONE</resolution><address>400 Block of STOCKTON ST</address><x>-122.406977563692</x><y>37.789918101686</y><location human_address="{&quot;address&quot;:&quot;&quot;,&quot;city&quot;:&quot;&quot;,&quot;state&quot;:&quot;&quot;,&quot;zip&quot;:&quot;&quot;}" latitude="37.789918101686" longitude="-122.406977563692" needs_recoding="false"/></row>