<?xml version="1.0" encoding="UTF-8"?><row _id="12563352" _uuid="67E5DE68-8130-4DFA-83D0-EB191D328AE5" _position="12563352" _address="http://data.sfgov.org/resource/ritf-b9ki/12563352"><incidntnum>156077589</incidntnum><category>LARCENY/THEFT</category><descript>GRAND THEFT FROM LOCKED AUTO</descript><dayofweek>Sunday</dayofweek><date>2015-03-29T00:00:00</date><time>13:22</time><pddistrict>CENTRAL</pddistrict><resolution>NONE</resolution><address>700 Block of CALIFORNIA ST</address><x>-122.406317303329</x><y>37.7923472630257</y><location human_address="{&quot;address&quot;:&quot;&quot;,&quot;city&quot;:&quot;&quot;,&quot;state&quot;:&quot;&quot;,&quot;zip&quot;:&quot;&quot;}" latitude="37.7923472630257" longitude="-122.406317303329" needs_recoding="false"/></row>