<?xml version="1.0" encoding="UTF-8"?><row _id="12565874" _uuid="E3132D02-0CD6-45DD-A08D-B9C74B941D97" _position="12565874" _address="http://data.sfgov.org/resource/ritf-b9ki/12565874"><incidntnum>150297484</incidntnum><category>DRUG/NARCOTIC</category><descript>POSSESSION OF HEROIN</descript><dayofweek>Sunday</dayofweek><date>2015-04-05T00:00:00</date><time>06:34</time><pddistrict>BAYVIEW</pddistrict><resolution>NONE</resolution><address>VANDYKE AV / JENNINGS ST</address><x>-122.388674368529</x><y>37.7270446788877</y><location human_address="{&quot;address&quot;:&quot;&quot;,&quot;city&quot;:&quot;&quot;,&quot;state&quot;:&quot;&quot;,&quot;zip&quot;:&quot;&quot;}" latitude="37.7270446788877" longitude="-122.388674368529" needs_recoding="false"/></row>