<?xml version="1.0" encoding="UTF-8"?><row _id="12561821" _uuid="91D51934-AFF0-4A85-855D-A1EDDC43E366" _position="12561821" _address="http://data.sfgov.org/resource/ritf-b9ki/12561821"><incidntnum>156074096</incidntnum><category>OTHER OFFENSES</category><descript>HARASSING PHONE CALLS</descript><dayofweek>Thursday</dayofweek><date>2015-03-26T00:00:00</date><time>11:27</time><pddistrict>NORTHERN</pddistrict><resolution>NONE</resolution><address>800 Block of HAYES ST</address><x>-122.430381120594</x><y>37.7758830719591</y><location human_address="{&quot;address&quot;:&quot;&quot;,&quot;city&quot;:&quot;&quot;,&quot;state&quot;:&quot;&quot;,&quot;zip&quot;:&quot;&quot;}" latitude="37.7758830719591" longitude="-122.430381120594" needs_recoding="false"/></row>