<?xml version="1.0" encoding="UTF-8"?><row _id="12564207" _uuid="648651BB-540B-412C-86E0-76F9C44DA9F3" _position="12564207" _address="http://data.sfgov.org/resource/ritf-b9ki/12564207"><incidntnum>150283580</incidntnum><category>LARCENY/THEFT</category><descript>THEFT OF COMPUTERS OR CELL PHONES</descript><dayofweek>Tuesday</dayofweek><date>2015-03-31T00:00:00</date><time>14:00</time><pddistrict>MISSION</pddistrict><resolution>NONE</resolution><address>1000 Block of POTRERO AV</address><x>-122.406539115148</x><y>37.7564864109309</y><location human_address="{&quot;address&quot;:&quot;&quot;,&quot;city&quot;:&quot;&quot;,&quot;state&quot;:&quot;&quot;,&quot;zip&quot;:&quot;&quot;}" latitude="37.7564864109309" longitude="-122.406539115148" needs_recoding="false"/></row>