<?xml version="1.0" encoding="UTF-8"?><row _id="12565523" _uuid="E0DEAA94-D07F-4850-8556-00BB6BE71369" _position="12565523" _address="http://data.sfgov.org/resource/ritf-b9ki/12565523"><incidntnum>156081104</incidntnum><category>LARCENY/THEFT</category><descript>GRAND THEFT FROM LOCKED AUTO</descript><dayofweek>Saturday</dayofweek><date>2015-04-04T00:00:00</date><time>20:30</time><pddistrict>NORTHERN</pddistrict><resolution>NONE</resolution><address>GOUGH ST / GEARY BL</address><x>-122.424688703591</x><y>37.7853339640306</y><location human_address="{&quot;address&quot;:&quot;&quot;,&quot;city&quot;:&quot;&quot;,&quot;state&quot;:&quot;&quot;,&quot;zip&quot;:&quot;&quot;}" latitude="37.7853339640306" longitude="-122.424688703591" needs_recoding="false"/></row>