<?xml version="1.0" encoding="UTF-8"?><row _id="12580954" _uuid="23196041-94C8-4F57-B98C-7AB2B88343C7" _position="12580954" _address="http://data.sfgov.org/resource/ritf-b9ki/12580954"><incidntnum>156108736</incidntnum><category>LARCENY/THEFT</category><descript>PETTY THEFT OF PROPERTY</descript><dayofweek>Tuesday</dayofweek><date>2015-05-05T00:00:00</date><time>06:30</time><pddistrict>PARK</pddistrict><resolution>NONE</resolution><address>0 Block of CARL ST</address><x>-122.448900460062</x><y>37.7658792859724</y><location human_address="{&quot;address&quot;:&quot;&quot;,&quot;city&quot;:&quot;&quot;,&quot;state&quot;:&quot;&quot;,&quot;zip&quot;:&quot;&quot;}" latitude="37.7658792859724" longitude="-122.448900460062" needs_recoding="false"/></row>