<?xml version="1.0" encoding="UTF-8"?><row _id="12569794" _uuid="19D77E2C-2792-444B-AE61-A1B23F6B82E4" _position="12569794" _address="http://data.sfgov.org/resource/ritf-b9ki/12569794"><incidntnum>150333317</incidntnum><category>BURGLARY</category><descript>BURGLARY OF RESIDENCE, UNLAWFUL ENTRY</descript><dayofweek>Thursday</dayofweek><date>2015-04-16T00:00:00</date><time>11:40</time><pddistrict>INGLESIDE</pddistrict><resolution>NONE</resolution><address>900 Block of SOMERSET ST</address><x>-122.404708935598</x><y>37.71996424337</y><location human_address="{&quot;address&quot;:&quot;&quot;,&quot;city&quot;:&quot;&quot;,&quot;state&quot;:&quot;&quot;,&quot;zip&quot;:&quot;&quot;}" latitude="37.71996424337" longitude="-122.404708935598" needs_recoding="false"/></row>