<?xml version="1.0" encoding="UTF-8"?><row _id="12561635" _uuid="B366CC92-B25A-43F1-9B37-CAA97DB669E0" _position="12561635" _address="http://data.sfgov.org/resource/ritf-b9ki/12561635"><incidntnum>150268316</incidntnum><category>WARRANTS</category><descript>ENROUTE TO PAROLE OFFICER</descript><dayofweek>Thursday</dayofweek><date>2015-03-26T00:00:00</date><time>18:58</time><pddistrict>TENDERLOIN</pddistrict><resolution>ARREST, BOOKED</resolution><address>200 Block of TURK ST</address><x>-122.413237516676</x><y>37.7828430233213</y><location human_address="{&quot;address&quot;:&quot;&quot;,&quot;city&quot;:&quot;&quot;,&quot;state&quot;:&quot;&quot;,&quot;zip&quot;:&quot;&quot;}" latitude="37.7828430233213" longitude="-122.413237516676" needs_recoding="false"/></row>