<?xml version="1.0" encoding="UTF-8"?><row _id="12564329" _uuid="C582F50B-5BBC-4F51-A9C4-5E40F0D3B6EC" _position="12564329" _address="http://data.sfgov.org/resource/ritf-b9ki/12564329"><incidntnum>150300388</incidntnum><category>OTHER OFFENSES</category><descript>LOST/STOLEN LICENSE PLATE</descript><dayofweek>Wednesday</dayofweek><date>2015-04-01T00:00:00</date><time>10:00</time><pddistrict>MISSION</pddistrict><resolution>NONE</resolution><address>SHOTWELL ST / 15TH ST</address><x>-122.416552635487</x><y>37.7668698952007</y><location human_address="{&quot;address&quot;:&quot;&quot;,&quot;city&quot;:&quot;&quot;,&quot;state&quot;:&quot;&quot;,&quot;zip&quot;:&quot;&quot;}" latitude="37.7668698952007" longitude="-122.416552635487" needs_recoding="false"/></row>