<?xml version="1.0" encoding="UTF-8"?><row _id="12563014" _uuid="B855F64D-55F3-4163-916B-96C171F5C56A" _position="12563014" _address="http://data.sfgov.org/resource/ritf-b9ki/12563014"><incidntnum>150273569</incidntnum><category>NON-CRIMINAL</category><descript>STAY AWAY OR COURT ORDER, NON-DV RELATED</descript><dayofweek>Saturday</dayofweek><date>2015-03-28T00:00:00</date><time>12:38</time><pddistrict>NORTHERN</pddistrict><resolution>ARREST, BOOKED</resolution><address>800 Block of LARKIN ST</address><x>-122.417885441042</x><y>37.7854378471968</y><location human_address="{&quot;address&quot;:&quot;&quot;,&quot;city&quot;:&quot;&quot;,&quot;state&quot;:&quot;&quot;,&quot;zip&quot;:&quot;&quot;}" latitude="37.7854378471968" longitude="-122.417885441042" needs_recoding="false"/></row>