<?xml version="1.0" encoding="UTF-8"?><row _id="12561538" _uuid="A66B84F6-99D3-47D5-A8E3-691FD2B3269A" _position="12561538" _address="http://data.sfgov.org/resource/ritf-b9ki/12561538"><incidntnum>156074466</incidntnum><category>LARCENY/THEFT</category><descript>PETTY THEFT OF PROPERTY</descript><dayofweek>Thursday</dayofweek><date>2015-03-26T00:00:00</date><time>15:15</time><pddistrict>NORTHERN</pddistrict><resolution>NONE</resolution><address>VANNESS AV / HAYES ST</address><x>-122.419697721691</x><y>37.7773009526003</y><location human_address="{&quot;address&quot;:&quot;&quot;,&quot;city&quot;:&quot;&quot;,&quot;state&quot;:&quot;&quot;,&quot;zip&quot;:&quot;&quot;}" latitude="37.7773009526003" longitude="-122.419697721691" needs_recoding="false"/></row>