<?xml version="1.0" encoding="UTF-8"?><row _id="12564678" _uuid="6058E71A-8765-467D-A164-B32088CECEAC" _position="12564678" _address="http://data.sfgov.org/resource/ritf-b9ki/12564678"><incidntnum>156080861</incidntnum><category>NON-CRIMINAL</category><descript>LOST PROPERTY</descript><dayofweek>Thursday</dayofweek><date>2015-04-02T00:00:00</date><time>20:36</time><pddistrict>NORTHERN</pddistrict><resolution>NONE</resolution><address>HAYES ST / STEINER ST</address><x>-122.432832799205</x><y>37.7756249672772</y><location human_address="{&quot;address&quot;:&quot;&quot;,&quot;city&quot;:&quot;&quot;,&quot;state&quot;:&quot;&quot;,&quot;zip&quot;:&quot;&quot;}" latitude="37.7756249672772" longitude="-122.432832799205" needs_recoding="false"/></row>