<?xml version="1.0" encoding="UTF-8"?><row _id="12563483" _uuid="C4EDC9FA-BFE2-4784-BB27-2D78EC3FFD40" _position="12563483" _address="http://data.sfgov.org/resource/ritf-b9ki/12563483"><incidntnum>150279614</incidntnum><category>OTHER OFFENSES</category><descript>DRIVERS LICENSE, SUSPENDED OR REVOKED</descript><dayofweek>Monday</dayofweek><date>2015-03-30T00:00:00</date><time>14:35</time><pddistrict>TARAVAL</pddistrict><resolution>ARREST, CITED</resolution><address>19TH AV / JUNIPERO SERRA BL</address><x>-122.472570418291</x><y>37.7171734075622</y><location human_address="{&quot;address&quot;:&quot;&quot;,&quot;city&quot;:&quot;&quot;,&quot;state&quot;:&quot;&quot;,&quot;zip&quot;:&quot;&quot;}" latitude="37.7171734075622" longitude="-122.472570418291" needs_recoding="false"/></row>