<?xml version="1.0" encoding="UTF-8"?><row _id="12561758" _uuid="EE457A70-8C9D-493C-A61C-8DB6DCEF71C7" _position="12561758" _address="http://data.sfgov.org/resource/ritf-b9ki/12561758"><incidntnum>150267368</incidntnum><category>ASSAULT</category><descript>AGGRAVATED ASSAULT WITH A KNIFE</descript><dayofweek>Thursday</dayofweek><date>2015-03-26T00:00:00</date><time>15:00</time><pddistrict>NORTHERN</pddistrict><resolution>NONE</resolution><address>500 Block of VANNESS AV</address><x>-122.420487263268</x><y>37.7805470161201</y><location human_address="{&quot;address&quot;:&quot;&quot;,&quot;city&quot;:&quot;&quot;,&quot;state&quot;:&quot;&quot;,&quot;zip&quot;:&quot;&quot;}" latitude="37.7805470161201" longitude="-122.420487263268" needs_recoding="false"/></row>