<?xml version="1.0" encoding="UTF-8"?><row _id="12564090" _uuid="12DF29E5-4DF5-43F9-9AEF-E809451F5A1D" _position="12564090" _address="http://data.sfgov.org/resource/ritf-b9ki/12564090"><incidntnum>150282792</incidntnum><category>ASSAULT</category><descript>BATTERY</descript><dayofweek>Tuesday</dayofweek><date>2015-03-31T00:00:00</date><time>12:58</time><pddistrict>TENDERLOIN</pddistrict><resolution>ARREST, BOOKED</resolution><address>200 Block of TAYLOR ST</address><x>-122.411115854179</x><y>37.7846080818887</y><location human_address="{&quot;address&quot;:&quot;&quot;,&quot;city&quot;:&quot;&quot;,&quot;state&quot;:&quot;&quot;,&quot;zip&quot;:&quot;&quot;}" latitude="37.7846080818887" longitude="-122.411115854179" needs_recoding="false"/></row>