<?xml version="1.0" encoding="UTF-8"?><row _id="12567219" _uuid="15113A69-7A09-46EE-9D9E-1029E4A23F53" _position="12567219" _address="http://data.sfgov.org/resource/ritf-b9ki/12567219"><incidntnum>150307782</incidntnum><category>NON-CRIMINAL</category><descript>AIDED CASE, MENTAL DISTURBED</descript><dayofweek>Wednesday</dayofweek><date>2015-04-08T00:00:00</date><time>16:45</time><pddistrict>CENTRAL</pddistrict><resolution>NONE</resolution><address>700 Block of POST ST</address><x>-122.41417943719</x><y>37.787502483207</y><location human_address="{&quot;address&quot;:&quot;&quot;,&quot;city&quot;:&quot;&quot;,&quot;state&quot;:&quot;&quot;,&quot;zip&quot;:&quot;&quot;}" latitude="37.787502483207" longitude="-122.41417943719" needs_recoding="false"/></row>