<?xml version="1.0" encoding="UTF-8"?><row _id="12562773" _uuid="9E0125F5-973B-42B5-9253-EE81EA46B7B2" _position="12562773" _address="http://data.sfgov.org/resource/ritf-b9ki/12562773"><incidntnum>150274357</incidntnum><category>LARCENY/THEFT</category><descript>PETTY THEFT SHOPLIFTING</descript><dayofweek>Saturday</dayofweek><date>2015-03-28T00:00:00</date><time>15:00</time><pddistrict>SOUTHERN</pddistrict><resolution>ARREST, BOOKED</resolution><address>800 Block of MARKET ST</address><x>-122.407633520742</x><y>37.7841893501425</y><location human_address="{&quot;address&quot;:&quot;&quot;,&quot;city&quot;:&quot;&quot;,&quot;state&quot;:&quot;&quot;,&quot;zip&quot;:&quot;&quot;}" latitude="37.7841893501425" longitude="-122.407633520742" needs_recoding="false"/></row>