<?xml version="1.0" encoding="UTF-8"?><row _id="12561484" _uuid="AC9F7C48-88D4-4BE4-A0F8-AB3FB66F2AB9" _position="12561484" _address="http://data.sfgov.org/resource/ritf-b9ki/12561484"><incidntnum>150268576</incidntnum><category>OTHER OFFENSES</category><descript>TRAFFIC VIOLATION</descript><dayofweek>Thursday</dayofweek><date>2015-03-26T00:00:00</date><time>20:25</time><pddistrict>SOUTHERN</pddistrict><resolution>ARREST, BOOKED</resolution><address>5TH ST / HOWARD ST</address><x>-122.404934413339</x><y>37.7814987213218</y><location human_address="{&quot;address&quot;:&quot;&quot;,&quot;city&quot;:&quot;&quot;,&quot;state&quot;:&quot;&quot;,&quot;zip&quot;:&quot;&quot;}" latitude="37.7814987213218" longitude="-122.404934413339" needs_recoding="false"/></row>