<?xml version="1.0" encoding="UTF-8"?><row _id="12566169" _uuid="A8326C88-8428-415B-B365-ADAB1A456AA5" _position="12566169" _address="http://data.sfgov.org/resource/ritf-b9ki/12566169"><incidntnum>156087027</incidntnum><category>NON-CRIMINAL</category><descript>LOST PROPERTY</descript><dayofweek>Sunday</dayofweek><date>2015-03-29T00:00:00</date><time>15:11</time><pddistrict>SOUTHERN</pddistrict><resolution>NONE</resolution><address>400 Block of 6TH ST</address><x>-122.403671442177</x><y>37.7770324435946</y><location human_address="{&quot;address&quot;:&quot;&quot;,&quot;city&quot;:&quot;&quot;,&quot;state&quot;:&quot;&quot;,&quot;zip&quot;:&quot;&quot;}" latitude="37.7770324435946" longitude="-122.403671442177" needs_recoding="false"/></row>