<?xml version="1.0" encoding="UTF-8"?><row _id="12562171" _uuid="69519764-B85B-46A8-9B58-C2F8C110B53C" _position="12562171" _address="http://data.sfgov.org/resource/ritf-b9ki/12562171"><incidntnum>150270361</incidntnum><category>VANDALISM</category><descript>MALICIOUS MISCHIEF, VANDALISM</descript><dayofweek>Friday</dayofweek><date>2015-03-27T00:00:00</date><time>12:30</time><pddistrict>RICHMOND</pddistrict><resolution>ARREST, BOOKED</resolution><address>800 Block of CLEMENT ST</address><x>-122.468181258329</x><y>37.7828309192696</y><location human_address="{&quot;address&quot;:&quot;&quot;,&quot;city&quot;:&quot;&quot;,&quot;state&quot;:&quot;&quot;,&quot;zip&quot;:&quot;&quot;}" latitude="37.7828309192696" longitude="-122.468181258329" needs_recoding="false"/></row>