<?xml version="1.0" encoding="UTF-8"?><row _id="12563160" _uuid="AB76B783-82C1-4D0D-AA5C-B96354028B5E" _position="12563160" _address="http://data.sfgov.org/resource/ritf-b9ki/12563160"><incidntnum>150277947</incidntnum><category>LARCENY/THEFT</category><descript>PETTY THEFT FROM LOCKED AUTO</descript><dayofweek>Sunday</dayofweek><date>2015-03-29T00:00:00</date><time>19:15</time><pddistrict>SOUTHERN</pddistrict><resolution>NONE</resolution><address>3RD ST / MISSION ST</address><x>-122.402027706948</x><y>37.7862483456629</y><location human_address="{&quot;address&quot;:&quot;&quot;,&quot;city&quot;:&quot;&quot;,&quot;state&quot;:&quot;&quot;,&quot;zip&quot;:&quot;&quot;}" latitude="37.7862483456629" longitude="-122.402027706948" needs_recoding="false"/></row>