<?xml version="1.0" encoding="UTF-8"?><row _id="12564218" _uuid="5B74DE7F-FF56-4DF1-A4A7-3D9B19BB647A" _position="12564218" _address="http://data.sfgov.org/resource/ritf-b9ki/12564218"><incidntnum>150295494</incidntnum><category>FRAUD</category><descript>FALSE CLAIMS, PRESENTING TO GOVERNMENT</descript><dayofweek>Tuesday</dayofweek><date>2015-03-31T00:00:00</date><time>14:05</time><pddistrict>TARAVAL</pddistrict><resolution>NONE</resolution><address>200 Block of LAKESHORE DR</address><x>-122.497483310087</x><y>37.7305883851549</y><location human_address="{&quot;address&quot;:&quot;&quot;,&quot;city&quot;:&quot;&quot;,&quot;state&quot;:&quot;&quot;,&quot;zip&quot;:&quot;&quot;}" latitude="37.7305883851549" longitude="-122.497483310087" needs_recoding="false"/></row>