<?xml version="1.0" encoding="UTF-8"?><row _id="12561921" _uuid="64A5CB15-A8FF-42E7-AF58-46AE12C74F59" _position="12561921" _address="http://data.sfgov.org/resource/ritf-b9ki/12561921"><incidntnum>150269988</incidntnum><category>VANDALISM</category><descript>MALICIOUS MISCHIEF, VANDALISM OF VEHICLES</descript><dayofweek>Friday</dayofweek><date>2015-03-27T00:00:00</date><time>10:26</time><pddistrict>TENDERLOIN</pddistrict><resolution>NONE</resolution><address>LARKIN ST / MARKET ST</address><x>-122.416293820935</x><y>37.777493677735</y><location human_address="{&quot;address&quot;:&quot;&quot;,&quot;city&quot;:&quot;&quot;,&quot;state&quot;:&quot;&quot;,&quot;zip&quot;:&quot;&quot;}" latitude="37.777493677735" longitude="-122.416293820935" needs_recoding="false"/></row>