<?xml version="1.0" encoding="UTF-8"?><row _id="12563023" _uuid="34374D08-BCB2-40AB-9FD3-0286B12EA0FC" _position="12563023" _address="http://data.sfgov.org/resource/ritf-b9ki/12563023"><incidntnum>150283825</incidntnum><category>ASSAULT</category><descript>BATTERY, FORMER SPOUSE OR DATING RELATIONSHIP</descript><dayofweek>Saturday</dayofweek><date>2015-03-28T00:00:00</date><time>22:30</time><pddistrict>MISSION</pddistrict><resolution>NONE</resolution><address>3100 Block of 21ST ST</address><x>-122.417270975533</x><y>37.7571885589512</y><location human_address="{&quot;address&quot;:&quot;&quot;,&quot;city&quot;:&quot;&quot;,&quot;state&quot;:&quot;&quot;,&quot;zip&quot;:&quot;&quot;}" latitude="37.7571885589512" longitude="-122.417270975533" needs_recoding="false"/></row>