<?xml version="1.0" encoding="UTF-8"?><row _id="12565602" _uuid="B64471DD-B41A-481E-BC85-460D7B2C0FFF" _position="12565602" _address="http://data.sfgov.org/resource/ritf-b9ki/12565602"><incidntnum>150295814</incidntnum><category>VANDALISM</category><descript>MALICIOUS MISCHIEF, VANDALISM</descript><dayofweek>Saturday</dayofweek><date>2015-04-04T00:00:00</date><time>14:19</time><pddistrict>RICHMOND</pddistrict><resolution>ARREST, BOOKED</resolution><address>5600 Block of GEARY BL</address><x>-122.479912728919</x><y>37.7801813499658</y><location human_address="{&quot;address&quot;:&quot;&quot;,&quot;city&quot;:&quot;&quot;,&quot;state&quot;:&quot;&quot;,&quot;zip&quot;:&quot;&quot;}" latitude="37.7801813499658" longitude="-122.479912728919" needs_recoding="false"/></row>