<?xml version="1.0" encoding="UTF-8"?><row _id="12562904" _uuid="15C401B7-2714-4C6D-93A7-1C5D7488628A" _position="12562904" _address="http://data.sfgov.org/resource/ritf-b9ki/12562904"><incidntnum>150275139</incidntnum><category>WEAPON LAWS</category><descript>POSS OF FIREARM BY CONVICTED FELON/ADDICT/ALIEN</descript><dayofweek>Saturday</dayofweek><date>2015-03-28T00:00:00</date><time>21:35</time><pddistrict>SOUTHERN</pddistrict><resolution>JUVENILE BOOKED</resolution><address>0 Block of UNITEDNATIONS PZ</address><x>-122.414317857881</x><y>37.7799444052046</y><location human_address="{&quot;address&quot;:&quot;&quot;,&quot;city&quot;:&quot;&quot;,&quot;state&quot;:&quot;&quot;,&quot;zip&quot;:&quot;&quot;}" latitude="37.7799444052046" longitude="-122.414317857881" needs_recoding="false"/></row>