<?xml version="1.0" encoding="UTF-8"?><row _id="12564290" _uuid="83C0E94C-DC92-4AE2-822D-6C2BB8AB6EA4" _position="12564290" _address="http://data.sfgov.org/resource/ritf-b9ki/12564290"><incidntnum>150286697</incidntnum><category>OTHER OFFENSES</category><descript>TRAFFIC VIOLATION</descript><dayofweek>Wednesday</dayofweek><date>2015-04-01T00:00:00</date><time>18:27</time><pddistrict>SOUTHERN</pddistrict><resolution>ARREST, BOOKED</resolution><address>BRANNAN ST / 7TH ST</address><x>-122.403208907607</x><y>37.77304964003</y><location human_address="{&quot;address&quot;:&quot;&quot;,&quot;city&quot;:&quot;&quot;,&quot;state&quot;:&quot;&quot;,&quot;zip&quot;:&quot;&quot;}" latitude="37.77304964003" longitude="-122.403208907607" needs_recoding="false"/></row>