<?xml version="1.0" encoding="UTF-8"?><row _id="12563318" _uuid="C945432C-FE52-403C-9BC2-7501CC42AE88" _position="12563318" _address="http://data.sfgov.org/resource/ritf-b9ki/12563318"><incidntnum>150278763</incidntnum><category>MISSING PERSON</category><descript>FOUND PERSON</descript><dayofweek>Sunday</dayofweek><date>2015-03-29T00:00:00</date><time>21:00</time><pddistrict>INGLESIDE</pddistrict><resolution>NONE</resolution><address>0 Block of SGTJOHNVYOUNG LN</address><x>-122.444707063455</x><y>37.7249307267936</y><location human_address="{&quot;address&quot;:&quot;&quot;,&quot;city&quot;:&quot;&quot;,&quot;state&quot;:&quot;&quot;,&quot;zip&quot;:&quot;&quot;}" latitude="37.7249307267936" longitude="-122.444707063455" needs_recoding="false"/></row>