<?xml version="1.0" encoding="UTF-8"?><row _id="12561627" _uuid="A24F33C2-205D-4215-9925-D495BCC2E681" _position="12561627" _address="http://data.sfgov.org/resource/ritf-b9ki/12561627"><incidntnum>150267051</incidntnum><category>NON-CRIMINAL</category><descript>AIDED CASE, MENTAL DISTURBED</descript><dayofweek>Thursday</dayofweek><date>2015-03-26T00:00:00</date><time>13:10</time><pddistrict>SOUTHERN</pddistrict><resolution>NONE</resolution><address>1000 Block of MARKET ST</address><x>-122.411339562557</x><y>37.7812707434494</y><location human_address="{&quot;address&quot;:&quot;&quot;,&quot;city&quot;:&quot;&quot;,&quot;state&quot;:&quot;&quot;,&quot;zip&quot;:&quot;&quot;}" latitude="37.7812707434494" longitude="-122.411339562557" needs_recoding="false"/></row>