<?xml version="1.0" encoding="UTF-8"?><row _id="12566819" _uuid="F5938E14-724E-4D3E-9FD0-A68A6FD56C96" _position="12566819" _address="http://data.sfgov.org/resource/ritf-b9ki/12566819"><incidntnum>150302867</incidntnum><category>KIDNAPPING</category><descript>FALSE IMPRISONMENT</descript><dayofweek>Tuesday</dayofweek><date>2015-04-07T00:00:00</date><time>00:02</time><pddistrict>CENTRAL</pddistrict><resolution>NONE</resolution><address>1300 Block of STOCKTON ST</address><x>-122.408646942187</x><y>37.7981171266965</y><location human_address="{&quot;address&quot;:&quot;&quot;,&quot;city&quot;:&quot;&quot;,&quot;state&quot;:&quot;&quot;,&quot;zip&quot;:&quot;&quot;}" latitude="37.7981171266965" longitude="-122.408646942187" needs_recoding="false"/></row>