<?xml version="1.0" encoding="UTF-8"?><row _id="12579224" _uuid="59EE2C9A-294F-4390-8D70-4DD668199126" _position="12579224" _address="http://data.sfgov.org/resource/ritf-b9ki/12579224"><incidntnum>156096175</incidntnum><category>NON-CRIMINAL</category><descript>LOST PROPERTY</descript><dayofweek>Thursday</dayofweek><date>2015-04-09T00:00:00</date><time>19:00</time><pddistrict>TENDERLOIN</pddistrict><resolution>NONE</resolution><address>300 Block of MASON ST</address><x>-122.409660751795</x><y>37.7864394524764</y><location human_address="{&quot;address&quot;:&quot;&quot;,&quot;city&quot;:&quot;&quot;,&quot;state&quot;:&quot;&quot;,&quot;zip&quot;:&quot;&quot;}" latitude="37.7864394524764" longitude="-122.409660751795" needs_recoding="false"/></row>