<?xml version="1.0" encoding="UTF-8"?><row _id="12570014" _uuid="B0C4A135-1C10-4B1F-8381-88C9DC5727F1" _position="12570014" _address="http://data.sfgov.org/resource/ritf-b9ki/12570014"><incidntnum>150334064</incidntnum><category>SUSPICIOUS OCC</category><descript>INVESTIGATIVE DETENTION</descript><dayofweek>Friday</dayofweek><date>2015-04-17T00:00:00</date><time>00:34</time><pddistrict>TARAVAL</pddistrict><resolution>NONE</resolution><address>2000 Block of 18TH AV</address><x>-122.475149573792</x><y>37.7496037795248</y><location human_address="{&quot;address&quot;:&quot;&quot;,&quot;city&quot;:&quot;&quot;,&quot;state&quot;:&quot;&quot;,&quot;zip&quot;:&quot;&quot;}" latitude="37.7496037795248" longitude="-122.475149573792" needs_recoding="false"/></row>