<?xml version="1.0" encoding="UTF-8"?><row _id="12563013" _uuid="731DEB04-0717-4A8C-AA00-82C417022E53" _position="12563013" _address="http://data.sfgov.org/resource/ritf-b9ki/12563013"><incidntnum>150273268</incidntnum><category>OTHER OFFENSES</category><descript>VIOLATION OF RESTRAINING ORDER</descript><dayofweek>Saturday</dayofweek><date>2015-03-28T00:00:00</date><time>00:01</time><pddistrict>PARK</pddistrict><resolution>ARREST, BOOKED</resolution><address>1700 Block of EDDY ST</address><x>-122.43644305449</x><y>37.7808493247624</y><location human_address="{&quot;address&quot;:&quot;&quot;,&quot;city&quot;:&quot;&quot;,&quot;state&quot;:&quot;&quot;,&quot;zip&quot;:&quot;&quot;}" latitude="37.7808493247624" longitude="-122.43644305449" needs_recoding="false"/></row>