<?xml version="1.0" encoding="UTF-8"?><row _id="12562013" _uuid="6B926CB1-E1AE-435B-AA0B-0350D095DD41" _position="12562013" _address="http://data.sfgov.org/resource/ritf-b9ki/12562013"><incidntnum>150275543</incidntnum><category>LARCENY/THEFT</category><descript>PETTY THEFT FROM LOCKED AUTO</descript><dayofweek>Friday</dayofweek><date>2015-03-27T00:00:00</date><time>21:00</time><pddistrict>CENTRAL</pddistrict><resolution>NONE</resolution><address>BEACH ST / LEAVENWORTH ST</address><x>-122.418911060677</x><y>37.806862238932</y><location human_address="{&quot;address&quot;:&quot;&quot;,&quot;city&quot;:&quot;&quot;,&quot;state&quot;:&quot;&quot;,&quot;zip&quot;:&quot;&quot;}" latitude="37.806862238932" longitude="-122.418911060677" needs_recoding="false"/></row>