<?xml version="1.0" encoding="UTF-8"?><row _id="12567976" _uuid="5BB77891-F28D-46E0-85B3-966EB9296B3E" _position="12567976" _address="http://data.sfgov.org/resource/ritf-b9ki/12567976"><incidntnum>150312781</incidntnum><category>TRESPASS</category><descript>TRESPASSING</descript><dayofweek>Friday</dayofweek><date>2015-04-10T00:00:00</date><time>09:45</time><pddistrict>BAYVIEW</pddistrict><resolution>ARREST, BOOKED</resolution><address>3800 Block of 3RD ST</address><x>-122.387939452192</x><y>37.7422600519555</y><location human_address="{&quot;address&quot;:&quot;&quot;,&quot;city&quot;:&quot;&quot;,&quot;state&quot;:&quot;&quot;,&quot;zip&quot;:&quot;&quot;}" latitude="37.7422600519555" longitude="-122.387939452192" needs_recoding="false"/></row>