<?xml version="1.0" encoding="UTF-8"?><row _id="12563257" _uuid="C684D2EB-9664-464E-9797-24DF96FEE38B" _position="12563257" _address="http://data.sfgov.org/resource/ritf-b9ki/12563257"><incidntnum>150275816</incidntnum><category>NON-CRIMINAL</category><descript>AIDED CASE, MENTAL DISTURBED</descript><dayofweek>Sunday</dayofweek><date>2015-03-29T00:00:00</date><time>02:25</time><pddistrict>BAYVIEW</pddistrict><resolution>NONE</resolution><address>2100 Block of JENNINGS ST</address><x>-122.388904406633</x><y>37.7266917170382</y><location human_address="{&quot;address&quot;:&quot;&quot;,&quot;city&quot;:&quot;&quot;,&quot;state&quot;:&quot;&quot;,&quot;zip&quot;:&quot;&quot;}" latitude="37.7266917170382" longitude="-122.388904406633" needs_recoding="false"/></row>