<?xml version="1.0" encoding="UTF-8"?><row _id="12597952" _uuid="A4B750A9-BFDD-4DE6-A019-9DC9B080052E" _position="12597952" _address="http://data.sfgov.org/resource/ritf-b9ki/12597952"><incidntnum>150552620</incidntnum><category>OTHER OFFENSES</category><descript>FALSE PERSONATION TO RECEIVE MONEY OR PROPERTY</descript><dayofweek>Thursday</dayofweek><date>2015-04-02T00:00:00</date><time>09:00</time><pddistrict>CENTRAL</pddistrict><resolution>NONE</resolution><address>0 Block of JASPER PL</address><x>-122.408334223283</x><y>37.8000736011023</y><location human_address="{&quot;address&quot;:&quot;&quot;,&quot;city&quot;:&quot;&quot;,&quot;state&quot;:&quot;&quot;,&quot;zip&quot;:&quot;&quot;}" latitude="37.8000736011023" longitude="-122.408334223283" needs_recoding="false"/></row>