<?xml version="1.0" encoding="UTF-8"?><row _id="12576134" _uuid="B9244F56-0478-4D04-A223-B646591BE982" _position="12576134" _address="http://data.sfgov.org/resource/ritf-b9ki/12576134"><incidntnum>150373880</incidntnum><category>SECONDARY CODES</category><descript>JUVENILE INVOLVED</descript><dayofweek>Tuesday</dayofweek><date>2015-03-31T00:00:00</date><time>00:01</time><pddistrict>INGLESIDE</pddistrict><resolution>NONE</resolution><address>400 Block of NAPLES ST</address><x>-122.43068585096</x><y>37.7216404356689</y><location human_address="{&quot;address&quot;:&quot;&quot;,&quot;city&quot;:&quot;&quot;,&quot;state&quot;:&quot;&quot;,&quot;zip&quot;:&quot;&quot;}" latitude="37.7216404356689" longitude="-122.43068585096" needs_recoding="false"/></row>