<?xml version="1.0" encoding="UTF-8"?><row _id="12562871" _uuid="1CBEA1F2-5CDE-49FA-B2AE-270B51F78D47" _position="12562871" _address="http://data.sfgov.org/resource/ritf-b9ki/12562871"><incidntnum>150278666</incidntnum><category>VEHICLE THEFT</category><descript>STOLEN TRUCK</descript><dayofweek>Saturday</dayofweek><date>2015-03-28T00:00:00</date><time>17:30</time><pddistrict>SOUTHERN</pddistrict><resolution>ARREST, BOOKED</resolution><address>1300 Block of MARKET ST</address><x>-122.416991089644</x><y>37.777074192256</y><location human_address="{&quot;address&quot;:&quot;&quot;,&quot;city&quot;:&quot;&quot;,&quot;state&quot;:&quot;&quot;,&quot;zip&quot;:&quot;&quot;}" latitude="37.777074192256" longitude="-122.416991089644" needs_recoding="false"/></row>