<?xml version="1.0" encoding="UTF-8"?><row _id="12564215" _uuid="F6D23421-AA9D-459B-B8D1-E27DA39D2EF1" _position="12564215" _address="http://data.sfgov.org/resource/ritf-b9ki/12564215"><incidntnum>150284118</incidntnum><category>OTHER OFFENSES</category><descript>POSSESSION OF BURGLARY TOOLS W/PRIORS</descript><dayofweek>Tuesday</dayofweek><date>2015-03-31T00:00:00</date><time>18:00</time><pddistrict>SOUTHERN</pddistrict><resolution>ARREST, BOOKED</resolution><address>800 Block of BRYANT ST</address><x>-122.403404791479</x><y>37.775420706711</y><location human_address="{&quot;address&quot;:&quot;&quot;,&quot;city&quot;:&quot;&quot;,&quot;state&quot;:&quot;&quot;,&quot;zip&quot;:&quot;&quot;}" latitude="37.775420706711" longitude="-122.403404791479" needs_recoding="false"/></row>