<?xml version="1.0" encoding="UTF-8"?><row _id="12563379" _uuid="9EA28ED6-9BE8-4085-A6CC-8EB503E9ABEF" _position="12563379" _address="http://data.sfgov.org/resource/ritf-b9ki/12563379"><incidntnum>150280025</incidntnum><category>VEHICLE THEFT</category><descript>STOLEN AUTOMOBILE</descript><dayofweek>Sunday</dayofweek><date>2015-03-29T00:00:00</date><time>21:00</time><pddistrict>MISSION</pddistrict><resolution>NONE</resolution><address>300 Block of CLIPPER ST</address><x>-122.432761361114</x><y>37.7489060579989</y><location human_address="{&quot;address&quot;:&quot;&quot;,&quot;city&quot;:&quot;&quot;,&quot;state&quot;:&quot;&quot;,&quot;zip&quot;:&quot;&quot;}" latitude="37.7489060579989" longitude="-122.432761361114" needs_recoding="false"/></row>