<?xml version="1.0" encoding="UTF-8"?><row _id="12567095" _uuid="46A2FE36-B0CA-43CE-885A-00E072B3A242" _position="12567095" _address="http://data.sfgov.org/resource/ritf-b9ki/12567095"><incidntnum>150308661</incidntnum><category>VANDALISM</category><descript>MALICIOUS MISCHIEF, VANDALISM OF VEHICLES</descript><dayofweek>Wednesday</dayofweek><date>2015-04-08T00:00:00</date><time>02:00</time><pddistrict>INGLESIDE</pddistrict><resolution>NONE</resolution><address>TOMPKINS AV / PERALTA AV</address><x>-122.40914009134</x><y>37.7368235035526</y><location human_address="{&quot;address&quot;:&quot;&quot;,&quot;city&quot;:&quot;&quot;,&quot;state&quot;:&quot;&quot;,&quot;zip&quot;:&quot;&quot;}" latitude="37.7368235035526" longitude="-122.40914009134" needs_recoding="false"/></row>