<?xml version="1.0" encoding="UTF-8"?><row _id="12564210" _uuid="776AF2B8-A678-402C-81CA-C4A4E00E0FA6" _position="12564210" _address="http://data.sfgov.org/resource/ritf-b9ki/12564210"><incidntnum>150282203</incidntnum><category>STOLEN PROPERTY</category><descript>STOLEN CHECKS, POSSESSION</descript><dayofweek>Tuesday</dayofweek><date>2015-03-31T00:00:00</date><time>09:55</time><pddistrict>SOUTHERN</pddistrict><resolution>ARREST, BOOKED</resolution><address>900 Block of MARKET ST</address><x>-122.409708423721</x><y>37.7828276498838</y><location human_address="{&quot;address&quot;:&quot;&quot;,&quot;city&quot;:&quot;&quot;,&quot;state&quot;:&quot;&quot;,&quot;zip&quot;:&quot;&quot;}" latitude="37.7828276498838" longitude="-122.409708423721" needs_recoding="false"/></row>