<?xml version="1.0" encoding="UTF-8"?><row _id="12571944" _uuid="ECFC1F80-FA12-4DDE-A8D2-F0ADE9BB9A17" _position="12571944" _address="http://data.sfgov.org/resource/ritf-b9ki/12571944"><incidntnum>150400217</incidntnum><category>VEHICLE THEFT</category><descript>STOLEN AUTOMOBILE</descript><dayofweek>Wednesday</dayofweek><date>2015-05-06T00:00:00</date><time>13:00</time><pddistrict>RICHMOND</pddistrict><resolution>NONE</resolution><address>BRODERICK ST / CALIFORNIA ST</address><x>-122.442112423143</x><y>37.7878555996754</y><location human_address="{&quot;address&quot;:&quot;&quot;,&quot;city&quot;:&quot;&quot;,&quot;state&quot;:&quot;&quot;,&quot;zip&quot;:&quot;&quot;}" latitude="37.7878555996754" longitude="-122.442112423143" needs_recoding="false"/></row>