<?xml version="1.0" encoding="UTF-8"?><row _id="12567205" _uuid="38736763-72C9-447A-9917-4923FD251994" _position="12567205" _address="http://data.sfgov.org/resource/ritf-b9ki/12567205"><incidntnum>150306756</incidntnum><category>ARSON</category><descript>ARSON</descript><dayofweek>Wednesday</dayofweek><date>2015-04-08T00:00:00</date><time>10:52</time><pddistrict>BAYVIEW</pddistrict><resolution>NONE</resolution><address>100 Block of MIDDLEPOINT RD</address><x>-122.379348616728</x><y>37.7348543299922</y><location human_address="{&quot;address&quot;:&quot;&quot;,&quot;city&quot;:&quot;&quot;,&quot;state&quot;:&quot;&quot;,&quot;zip&quot;:&quot;&quot;}" latitude="37.7348543299922" longitude="-122.379348616728" needs_recoding="false"/></row>