<?xml version="1.0" encoding="UTF-8"?><row _id="12564849" _uuid="C89F7721-7EB3-4D16-8D11-4DCC55D561FF" _position="12564849" _address="http://data.sfgov.org/resource/ritf-b9ki/12564849"><incidntnum>150289867</incidntnum><category>NON-CRIMINAL</category><descript>TRAFFIC ACCIDENT</descript><dayofweek>Thursday</dayofweek><date>2015-04-02T00:00:00</date><time>17:36</time><pddistrict>CENTRAL</pddistrict><resolution>ARREST, BOOKED</resolution><address>700 Block of BATTERY ST</address><x>-122.400890701156</x><y>37.7981347191511</y><location human_address="{&quot;address&quot;:&quot;&quot;,&quot;city&quot;:&quot;&quot;,&quot;state&quot;:&quot;&quot;,&quot;zip&quot;:&quot;&quot;}" latitude="37.7981347191511" longitude="-122.400890701156" needs_recoding="false"/></row>