<?xml version="1.0" encoding="UTF-8"?><row _id="12569668" _uuid="8963F6AE-963B-4DE0-BB19-952F5084822E" _position="12569668" _address="http://data.sfgov.org/resource/ritf-b9ki/12569668"><incidntnum>150328948</incidntnum><category>STOLEN PROPERTY</category><descript>STOLEN PROPERTY, POSSESSION WITH KNOWLEDGE, RECEIVING</descript><dayofweek>Wednesday</dayofweek><date>2015-04-15T00:00:00</date><time>12:16</time><pddistrict>PARK</pddistrict><resolution>ARREST, BOOKED</resolution><address>KEZAR DR / MARTIN LUTHER KING JR DR</address><x>-122.458638758608</x><y>37.7671999403456</y><location human_address="{&quot;address&quot;:&quot;&quot;,&quot;city&quot;:&quot;&quot;,&quot;state&quot;:&quot;&quot;,&quot;zip&quot;:&quot;&quot;}" latitude="37.7671999403456" longitude="-122.458638758608" needs_recoding="false"/></row>