<?xml version="1.0" encoding="UTF-8"?><row _id="12562499" _uuid="20F37E6B-5BD8-444B-A32E-E20BC6507BAD" _position="12562499" _address="http://data.sfgov.org/resource/ritf-b9ki/12562499"><incidntnum>150268322</incidntnum><category>PROSTITUTION</category><descript>HUMAN TRAFFICKING</descript><dayofweek>Thursday</dayofweek><date>2015-03-26T00:00:00</date><time>14:00</time><pddistrict>CENTRAL</pddistrict><resolution>ARREST, BOOKED</resolution><address>400 Block of GEARY ST</address><x>-122.410699657634</x><y>37.7869881885308</y><location human_address="{&quot;address&quot;:&quot;&quot;,&quot;city&quot;:&quot;&quot;,&quot;state&quot;:&quot;&quot;,&quot;zip&quot;:&quot;&quot;}" latitude="37.7869881885308" longitude="-122.410699657634" needs_recoding="false"/></row>