<?xml version="1.0" encoding="UTF-8"?><row _id="12562132" _uuid="6A7545DF-6191-460D-9669-7B6D2950C546" _position="12562132" _address="http://data.sfgov.org/resource/ritf-b9ki/12562132"><incidntnum>150272806</incidntnum><category>BURGLARY</category><descript>BURGLARY,BLDG. UNDER CONSTRUCTION, FORCIBLE ENTRY</descript><dayofweek>Friday</dayofweek><date>2015-03-27T00:00:00</date><time>16:00</time><pddistrict>CENTRAL</pddistrict><resolution>NONE</resolution><address>400 Block of SUTTER ST</address><x>-122.407780790878</x><y>37.7892734176444</y><location human_address="{&quot;address&quot;:&quot;&quot;,&quot;city&quot;:&quot;&quot;,&quot;state&quot;:&quot;&quot;,&quot;zip&quot;:&quot;&quot;}" latitude="37.7892734176444" longitude="-122.407780790878" needs_recoding="false"/></row>