<?xml version="1.0" encoding="UTF-8"?><row _id="12561422" _uuid="60C33D44-BB81-470C-91B9-F993B5C1C330" _position="12561422" _address="http://data.sfgov.org/resource/ritf-b9ki/12561422"><incidntnum>150264671</incidntnum><category>ASSAULT</category><descript>BATTERY, FORMER SPOUSE OR DATING RELATIONSHIP</descript><dayofweek>Wednesday</dayofweek><date>2015-03-25T00:00:00</date><time>18:00</time><pddistrict>TENDERLOIN</pddistrict><resolution>ARREST, BOOKED</resolution><address>100 Block of TURK ST</address><x>-122.411615075408</x><y>37.7831614109395</y><location human_address="{&quot;address&quot;:&quot;&quot;,&quot;city&quot;:&quot;&quot;,&quot;state&quot;:&quot;&quot;,&quot;zip&quot;:&quot;&quot;}" latitude="37.7831614109395" longitude="-122.411615075408" needs_recoding="false"/></row>