<?xml version="1.0" encoding="UTF-8"?><row _id="12563901" _uuid="5F7631FE-842D-4E22-B2D4-0091410AE2E1" _position="12563901" _address="http://data.sfgov.org/resource/ritf-b9ki/12563901"><incidntnum>150284889</incidntnum><category>VANDALISM</category><descript>MALICIOUS MISCHIEF, VANDALISM OF VEHICLES</descript><dayofweek>Tuesday</dayofweek><date>2015-03-31T00:00:00</date><time>21:00</time><pddistrict>TARAVAL</pddistrict><resolution>NONE</resolution><address>OCEAN AV / ASHTON AV</address><x>-122.462212868171</x><y>37.7252659069258</y><location human_address="{&quot;address&quot;:&quot;&quot;,&quot;city&quot;:&quot;&quot;,&quot;state&quot;:&quot;&quot;,&quot;zip&quot;:&quot;&quot;}" latitude="37.7252659069258" longitude="-122.462212868171" needs_recoding="false"/></row>