<?xml version="1.0" encoding="UTF-8"?><row _id="12565397" _uuid="232CE1CD-4E3E-4D5E-AFB0-92F9BFCB8341" _position="12565397" _address="http://data.sfgov.org/resource/ritf-b9ki/12565397"><incidntnum>150274686</incidntnum><category>WEAPON LAWS</category><descript>FIREARM, LOADED, IN VEHICLE, POSSESSION OR USE</descript><dayofweek>Saturday</dayofweek><date>2015-03-28T00:00:00</date><time>18:40</time><pddistrict>TENDERLOIN</pddistrict><resolution>NONE</resolution><address>LARKIN ST / GROVE ST</address><x>-122.416583456133</x><y>37.7786591541508</y><location human_address="{&quot;address&quot;:&quot;&quot;,&quot;city&quot;:&quot;&quot;,&quot;state&quot;:&quot;&quot;,&quot;zip&quot;:&quot;&quot;}" latitude="37.7786591541508" longitude="-122.416583456133" needs_recoding="false"/></row>