<?xml version="1.0" encoding="UTF-8"?><row _id="12561951" _uuid="CDC7C562-BB62-418D-BF24-E805D2D16A8A" _position="12561951" _address="http://data.sfgov.org/resource/ritf-b9ki/12561951"><incidntnum>150272408</incidntnum><category>SUSPICIOUS OCC</category><descript>SUSPICIOUS OCCURRENCE</descript><dayofweek>Friday</dayofweek><date>2015-03-27T00:00:00</date><time>23:21</time><pddistrict>BAYVIEW</pddistrict><resolution>NONE</resolution><address>HOOPER ST / 7TH ST</address><x>-122.398182124025</x><y>37.7690432950377</y><location human_address="{&quot;address&quot;:&quot;&quot;,&quot;city&quot;:&quot;&quot;,&quot;state&quot;:&quot;&quot;,&quot;zip&quot;:&quot;&quot;}" latitude="37.7690432950377" longitude="-122.398182124025" needs_recoding="false"/></row>