<?xml version="1.0" encoding="UTF-8"?><row _id="12562135" _uuid="BA792270-3812-4940-A658-6C6FD2958B2B" _position="12562135" _address="http://data.sfgov.org/resource/ritf-b9ki/12562135"><incidntnum>150274062</incidntnum><category>FRAUD</category><descript>CREDIT CARD, THEFT BY USE OF</descript><dayofweek>Friday</dayofweek><date>2015-03-27T00:00:00</date><time>10:30</time><pddistrict>MISSION</pddistrict><resolution>NONE</resolution><address>1000 Block of POTRERO AV</address><x>-122.406539115148</x><y>37.7564864109309</y><location human_address="{&quot;address&quot;:&quot;&quot;,&quot;city&quot;:&quot;&quot;,&quot;state&quot;:&quot;&quot;,&quot;zip&quot;:&quot;&quot;}" latitude="37.7564864109309" longitude="-122.406539115148" needs_recoding="false"/></row>