<?xml version="1.0" encoding="UTF-8"?><row _id="12565682" _uuid="A01C3FC1-0524-4D7C-B745-53CD69B3523A" _position="12565682" _address="http://data.sfgov.org/resource/ritf-b9ki/12565682"><incidntnum>156080974</incidntnum><category>LARCENY/THEFT</category><descript>PETTY THEFT OF PROPERTY</descript><dayofweek>Saturday</dayofweek><date>2015-04-04T00:00:00</date><time>00:01</time><pddistrict>NORTHERN</pddistrict><resolution>NONE</resolution><address>2200 Block of POLK ST</address><x>-122.422076812058</x><y>37.797126504747</y><location human_address="{&quot;address&quot;:&quot;&quot;,&quot;city&quot;:&quot;&quot;,&quot;state&quot;:&quot;&quot;,&quot;zip&quot;:&quot;&quot;}" latitude="37.797126504747" longitude="-122.422076812058" needs_recoding="false"/></row>