<?xml version="1.0" encoding="UTF-8"?><row _id="12562320" _uuid="C8F18EFB-3F88-443B-9F4A-EE13AF9D68FD" _position="12562320" _address="http://data.sfgov.org/resource/ritf-b9ki/12562320"><incidntnum>150267631</incidntnum><category>PROSTITUTION</category><descript>SOLICITS FOR ACT OF PROSTITUTION</descript><dayofweek>Thursday</dayofweek><date>2015-03-26T00:00:00</date><time>16:30</time><pddistrict>CENTRAL</pddistrict><resolution>ARREST, BOOKED</resolution><address>400 Block of GEARY ST</address><x>-122.410699657634</x><y>37.7869881885308</y><location human_address="{&quot;address&quot;:&quot;&quot;,&quot;city&quot;:&quot;&quot;,&quot;state&quot;:&quot;&quot;,&quot;zip&quot;:&quot;&quot;}" latitude="37.7869881885308" longitude="-122.410699657634" needs_recoding="false"/></row>