<?xml version="1.0" encoding="UTF-8"?><row _id="12571132" _uuid="CD127DA7-5778-4DC7-A907-E145E4A6C6AD" _position="12571132" _address="http://data.sfgov.org/resource/ritf-b9ki/12571132"><incidntnum>150369710</incidntnum><category>DRUG/NARCOTIC</category><descript>POSSESSION OF COCAINE</descript><dayofweek>Tuesday</dayofweek><date>2015-04-28T00:00:00</date><time>15:54</time><pddistrict>MISSION</pddistrict><resolution>ARREST, BOOKED</resolution><address>FOLSOM ST / 17TH ST</address><x>-122.415155941054</x><y>37.7636979308883</y><location human_address="{&quot;address&quot;:&quot;&quot;,&quot;city&quot;:&quot;&quot;,&quot;state&quot;:&quot;&quot;,&quot;zip&quot;:&quot;&quot;}" latitude="37.7636979308883" longitude="-122.415155941054" needs_recoding="false"/></row>