<?xml version="1.0" encoding="UTF-8"?><row _id="12561245" _uuid="9EF9F78A-7598-4478-A5EE-3F3476489661" _position="12561245" _address="http://data.sfgov.org/resource/ritf-b9ki/12561245"><incidntnum>150264392</incidntnum><category>NON-CRIMINAL</category><descript>AIDED CASE</descript><dayofweek>Wednesday</dayofweek><date>2015-03-25T00:00:00</date><time>15:45</time><pddistrict>RICHMOND</pddistrict><resolution>ARREST, BOOKED</resolution><address>4300 Block of GEARY BL</address><x>-122.465893491464</x><y>37.7808196752116</y><location human_address="{&quot;address&quot;:&quot;&quot;,&quot;city&quot;:&quot;&quot;,&quot;state&quot;:&quot;&quot;,&quot;zip&quot;:&quot;&quot;}" latitude="37.7808196752116" longitude="-122.465893491464" needs_recoding="false"/></row>