<?xml version="1.0" encoding="UTF-8"?><row _id="12562787" _uuid="528CDC37-8E9F-4C4B-A947-64A8E7D6CD34" _position="12562787" _address="http://data.sfgov.org/resource/ritf-b9ki/12562787"><incidntnum>150273268</incidntnum><category>WARRANTS</category><descript>WARRANT ARREST</descript><dayofweek>Saturday</dayofweek><date>2015-03-28T00:00:00</date><time>00:01</time><pddistrict>PARK</pddistrict><resolution>ARREST, BOOKED</resolution><address>1700 Block of EDDY ST</address><x>-122.43644305449</x><y>37.7808493247624</y><location human_address="{&quot;address&quot;:&quot;&quot;,&quot;city&quot;:&quot;&quot;,&quot;state&quot;:&quot;&quot;,&quot;zip&quot;:&quot;&quot;}" latitude="37.7808493247624" longitude="-122.43644305449" needs_recoding="false"/></row>