<?xml version="1.0" encoding="UTF-8"?><row _id="12567781" _uuid="A9FCEED1-CE58-41C7-A507-605C3A5272C4" _position="12567781" _address="http://data.sfgov.org/resource/ritf-b9ki/12567781"><incidntnum>150310246</incidntnum><category>SUSPICIOUS OCC</category><descript>INVESTIGATIVE DETENTION</descript><dayofweek>Thursday</dayofweek><date>2015-04-09T00:00:00</date><time>13:59</time><pddistrict>BAYVIEW</pddistrict><resolution>UNFOUNDED</resolution><address>1500 Block of NEWHALL ST</address><x>-122.393119692095</x><y>37.7347515640427</y><location human_address="{&quot;address&quot;:&quot;&quot;,&quot;city&quot;:&quot;&quot;,&quot;state&quot;:&quot;&quot;,&quot;zip&quot;:&quot;&quot;}" latitude="37.7347515640427" longitude="-122.393119692095" needs_recoding="false"/></row>