<?xml version="1.0" encoding="UTF-8"?><row _id="12564431" _uuid="F811FE74-D39F-4965-BD54-06D9108B5055" _position="12564431" _address="http://data.sfgov.org/resource/ritf-b9ki/12564431"><incidntnum>150285978</incidntnum><category>NON-CRIMINAL</category><descript>AIDED CASE, MENTAL DISTURBED</descript><dayofweek>Wednesday</dayofweek><date>2015-04-01T00:00:00</date><time>12:40</time><pddistrict>MISSION</pddistrict><resolution>NOT PROSECUTED</resolution><address>1000 Block of POTRERO AV</address><x>-122.406539115148</x><y>37.7564864109309</y><location human_address="{&quot;address&quot;:&quot;&quot;,&quot;city&quot;:&quot;&quot;,&quot;state&quot;:&quot;&quot;,&quot;zip&quot;:&quot;&quot;}" latitude="37.7564864109309" longitude="-122.406539115148" needs_recoding="false"/></row>