<?xml version="1.0" encoding="UTF-8"?><row _id="12567197" _uuid="D20EB599-DCF1-42C9-B1C8-49EF94808F0C" _position="12567197" _address="http://data.sfgov.org/resource/ritf-b9ki/12567197"><incidntnum>150306110</incidntnum><category>OTHER OFFENSES</category><descript>VIOLATION OF MUNICIPAL POLICE CODE</descript><dayofweek>Wednesday</dayofweek><date>2015-04-08T00:00:00</date><time>05:14</time><pddistrict>PARK</pddistrict><resolution>ARREST, BOOKED</resolution><address>1200 Block of MASONIC AV</address><x>-122.445181952651</x><y>37.7697359624151</y><location human_address="{&quot;address&quot;:&quot;&quot;,&quot;city&quot;:&quot;&quot;,&quot;state&quot;:&quot;&quot;,&quot;zip&quot;:&quot;&quot;}" latitude="37.7697359624151" longitude="-122.445181952651" needs_recoding="false"/></row>