<?xml version="1.0" encoding="UTF-8"?><row _id="12562214" _uuid="D746EC41-402A-49F8-81D4-2368332A7744" _position="12562214" _address="http://data.sfgov.org/resource/ritf-b9ki/12562214"><incidntnum>150272016</incidntnum><category>VANDALISM</category><descript>MALICIOUS MISCHIEF, VANDALISM OF VEHICLES</descript><dayofweek>Friday</dayofweek><date>2015-03-27T00:00:00</date><time>21:34</time><pddistrict>RICHMOND</pddistrict><resolution>NONE</resolution><address>5700 Block of GEARY BL</address><x>-122.481003317121</x><y>37.7803821307757</y><location human_address="{&quot;address&quot;:&quot;&quot;,&quot;city&quot;:&quot;&quot;,&quot;state&quot;:&quot;&quot;,&quot;zip&quot;:&quot;&quot;}" latitude="37.7803821307757" longitude="-122.481003317121" needs_recoding="false"/></row>