<?xml version="1.0" encoding="UTF-8"?><row _id="12579428" _uuid="4C87DE85-0068-4059-905B-363DB68D8CCA" _position="12579428" _address="http://data.sfgov.org/resource/ritf-b9ki/12579428"><incidntnum>156101893</incidntnum><category>LARCENY/THEFT</category><descript>GRAND THEFT FROM LOCKED AUTO</descript><dayofweek>Sunday</dayofweek><date>2015-03-29T00:00:00</date><time>00:01</time><pddistrict>NORTHERN</pddistrict><resolution>NONE</resolution><address>1200 Block of GOLDEN GATE AV</address><x>-122.431119958372</x><y>37.7797256100586</y><location human_address="{&quot;address&quot;:&quot;&quot;,&quot;city&quot;:&quot;&quot;,&quot;state&quot;:&quot;&quot;,&quot;zip&quot;:&quot;&quot;}" latitude="37.7797256100586" longitude="-122.431119958372" needs_recoding="false"/></row>