<?xml version="1.0" encoding="UTF-8"?><row _id="12561397" _uuid="37ECE5D3-198E-4DF5-B8A3-14DF7F437877" _position="12561397" _address="http://data.sfgov.org/resource/ritf-b9ki/12561397"><incidntnum>156074052</incidntnum><category>LARCENY/THEFT</category><descript>GRAND THEFT FROM LOCKED AUTO</descript><dayofweek>Wednesday</dayofweek><date>2015-03-25T00:00:00</date><time>18:00</time><pddistrict>NORTHERN</pddistrict><resolution>NONE</resolution><address>2900 Block of OCTAVIA ST</address><x>-122.429266372859</x><y>37.7993230634886</y><location human_address="{&quot;address&quot;:&quot;&quot;,&quot;city&quot;:&quot;&quot;,&quot;state&quot;:&quot;&quot;,&quot;zip&quot;:&quot;&quot;}" latitude="37.7993230634886" longitude="-122.429266372859" needs_recoding="false"/></row>