<?xml version="1.0" encoding="UTF-8"?><row _id="12561704" _uuid="BCE3E071-8B57-481B-AC7A-F0086E8FBCB7" _position="12561704" _address="http://data.sfgov.org/resource/ritf-b9ki/12561704"><incidntnum>156074450</incidntnum><category>LARCENY/THEFT</category><descript>GRAND THEFT FROM LOCKED AUTO</descript><dayofweek>Thursday</dayofweek><date>2015-03-26T00:00:00</date><time>20:00</time><pddistrict>NORTHERN</pddistrict><resolution>NONE</resolution><address>1600 Block of POST ST</address><x>-122.428992673997</x><y>37.7857262026184</y><location human_address="{&quot;address&quot;:&quot;&quot;,&quot;city&quot;:&quot;&quot;,&quot;state&quot;:&quot;&quot;,&quot;zip&quot;:&quot;&quot;}" latitude="37.7857262026184" longitude="-122.428992673997" needs_recoding="false"/></row>