<?xml version="1.0" encoding="UTF-8"?><row _id="12638067" _uuid="4BE623E7-8E94-4F51-8C36-8B973E2E1BDC" _position="12638067" _address="http://data.sfgov.org/resource/ritf-b9ki/12638067"><incidntnum>150841871</incidntnum><category>NON-CRIMINAL</category><descript>LOST PROPERTY</descript><dayofweek>Tuesday</dayofweek><date>2015-03-31T00:00:00</date><time>11:00</time><pddistrict>CENTRAL</pddistrict><resolution>NONE</resolution><address>900 Block of SANSOME ST</address><x>-122.402258143298</x><y>37.7989237331944</y><location human_address="{&quot;address&quot;:&quot;&quot;,&quot;city&quot;:&quot;&quot;,&quot;state&quot;:&quot;&quot;,&quot;zip&quot;:&quot;&quot;}" latitude="37.7989237331944" longitude="-122.402258143298" needs_recoding="false"/></row>