<?xml version="1.0" encoding="UTF-8"?><row _id="12564601" _uuid="0F43D171-849C-4028-8210-15388A5F6EDF" _position="12564601" _address="http://data.sfgov.org/resource/ritf-b9ki/12564601"><incidntnum>150290416</incidntnum><category>LARCENY/THEFT</category><descript>PETTY THEFT FROM LOCKED AUTO</descript><dayofweek>Thursday</dayofweek><date>2015-04-02T00:00:00</date><time>17:00</time><pddistrict>NORTHERN</pddistrict><resolution>NONE</resolution><address>GEARY BL / LAGUNA ST</address><x>-122.427991151911</x><y>37.7849531241612</y><location human_address="{&quot;address&quot;:&quot;&quot;,&quot;city&quot;:&quot;&quot;,&quot;state&quot;:&quot;&quot;,&quot;zip&quot;:&quot;&quot;}" latitude="37.7849531241612" longitude="-122.427991151911" needs_recoding="false"/></row>