<?xml version="1.0" encoding="UTF-8"?><row _id="12567820" _uuid="E9F6598D-A69B-4525-AF92-4C8EADCF7818" _position="12567820" _address="http://data.sfgov.org/resource/ritf-b9ki/12567820"><incidntnum>130165027</incidntnum><category>WARRANTS</category><descript>WARRANT ARREST</descript><dayofweek>Friday</dayofweek><date>2015-04-10T00:00:00</date><time>22:50</time><pddistrict>TARAVAL</pddistrict><resolution>ARREST, BOOKED</resolution><address>22ND AV / IRVING ST</address><x>-122.480338219236</x><y>37.7634201553007</y><location human_address="{&quot;address&quot;:&quot;&quot;,&quot;city&quot;:&quot;&quot;,&quot;state&quot;:&quot;&quot;,&quot;zip&quot;:&quot;&quot;}" latitude="37.7634201553007" longitude="-122.480338219236" needs_recoding="false"/></row>