<?xml version="1.0" encoding="UTF-8"?><row _id="12562564" _uuid="0D6866B6-FF90-4348-BF28-F7267361D19B" _position="12562564" _address="http://data.sfgov.org/resource/ritf-b9ki/12562564"><incidntnum>150272674</incidntnum><category>SUSPICIOUS OCC</category><descript>SUSPICIOUS OCCURRENCE</descript><dayofweek>Saturday</dayofweek><date>2015-03-28T00:00:00</date><time>02:55</time><pddistrict>SOUTHERN</pddistrict><resolution>NONE</resolution><address>NEWMONTGOMERY ST / NATOMA ST</address><x>-122.399504010204</x><y>37.7866351401022</y><location human_address="{&quot;address&quot;:&quot;&quot;,&quot;city&quot;:&quot;&quot;,&quot;state&quot;:&quot;&quot;,&quot;zip&quot;:&quot;&quot;}" latitude="37.7866351401022" longitude="-122.399504010204" needs_recoding="false"/></row>