<?xml version="1.0" encoding="UTF-8"?><row _id="12561983" _uuid="C4B09F0E-8176-4045-BD45-FECEB78D502B" _position="12561983" _address="http://data.sfgov.org/resource/ritf-b9ki/12561983"><incidntnum>150269972</incidntnum><category>WEAPON LAWS</category><descript>CARRYING A CONCEALED WEAPON</descript><dayofweek>Friday</dayofweek><date>2015-03-27T00:00:00</date><time>10:13</time><pddistrict>BAYVIEW</pddistrict><resolution>NONE</resolution><address>CORAL RD / WISCONSIN ST</address><x>-122.398595809913</x><y>37.7536841531418</y><location human_address="{&quot;address&quot;:&quot;&quot;,&quot;city&quot;:&quot;&quot;,&quot;state&quot;:&quot;&quot;,&quot;zip&quot;:&quot;&quot;}" latitude="37.7536841531418" longitude="-122.398595809913" needs_recoding="false"/></row>