<?xml version="1.0" encoding="UTF-8"?><row _id="12561777" _uuid="402E89F8-7A34-4289-8582-26055EA6DBC5" _position="12561777" _address="http://data.sfgov.org/resource/ritf-b9ki/12561777"><incidntnum>150268764</incidntnum><category>VEHICLE THEFT</category><descript>STOLEN AUTOMOBILE</descript><dayofweek>Thursday</dayofweek><date>2015-03-26T00:00:00</date><time>09:40</time><pddistrict>CENTRAL</pddistrict><resolution>NONE</resolution><address>1100 Block of GREEN ST</address><x>-122.417553585773</x><y>37.7984853245196</y><location human_address="{&quot;address&quot;:&quot;&quot;,&quot;city&quot;:&quot;&quot;,&quot;state&quot;:&quot;&quot;,&quot;zip&quot;:&quot;&quot;}" latitude="37.7984853245196" longitude="-122.417553585773" needs_recoding="false"/></row>