<?xml version="1.0" encoding="UTF-8"?><row _id="12561963" _uuid="C69ABAFC-4174-4560-851D-39D2BC8790E1" _position="12561963" _address="http://data.sfgov.org/resource/ritf-b9ki/12561963"><incidntnum>156074820</incidntnum><category>LARCENY/THEFT</category><descript>GRAND THEFT FROM LOCKED AUTO</descript><dayofweek>Friday</dayofweek><date>2015-03-27T00:00:00</date><time>15:00</time><pddistrict>PARK</pddistrict><resolution>NONE</resolution><address>FELL ST / BRODERICK ST</address><x>-122.43927866767</x><y>37.7738462272885</y><location human_address="{&quot;address&quot;:&quot;&quot;,&quot;city&quot;:&quot;&quot;,&quot;state&quot;:&quot;&quot;,&quot;zip&quot;:&quot;&quot;}" latitude="37.7738462272885" longitude="-122.43927866767" needs_recoding="false"/></row>