<?xml version="1.0" encoding="UTF-8"?><row _id="12561695" _uuid="184A7A0B-94B7-40E5-8712-1DB2F39FFE43" _position="12561695" _address="http://data.sfgov.org/resource/ritf-b9ki/12561695"><incidntnum>150274476</incidntnum><category>OTHER OFFENSES</category><descript>LOST/STOLEN LICENSE PLATE</descript><dayofweek>Thursday</dayofweek><date>2015-03-26T00:00:00</date><time>23:00</time><pddistrict>CENTRAL</pddistrict><resolution>NONE</resolution><address>1300 Block of LEAVENWORTH ST</address><x>-122.416272405484</x><y>37.7934525181047</y><location human_address="{&quot;address&quot;:&quot;&quot;,&quot;city&quot;:&quot;&quot;,&quot;state&quot;:&quot;&quot;,&quot;zip&quot;:&quot;&quot;}" latitude="37.7934525181047" longitude="-122.416272405484" needs_recoding="false"/></row>