<?xml version="1.0" encoding="UTF-8"?><row _id="12563226" _uuid="77E197D7-8720-43A6-B11E-1C52A331C477" _position="12563226" _address="http://data.sfgov.org/resource/ritf-b9ki/12563226"><incidntnum>150277317</incidntnum><category>DRUG/NARCOTIC</category><descript>POSSESSION OF NARCOTICS PARAPHERNALIA</descript><dayofweek>Sunday</dayofweek><date>2015-03-29T00:00:00</date><time>16:00</time><pddistrict>TENDERLOIN</pddistrict><resolution>ARREST, BOOKED</resolution><address>400 Block of ELLIS ST</address><x>-122.413609328985</x><y>37.784696907904</y><location human_address="{&quot;address&quot;:&quot;&quot;,&quot;city&quot;:&quot;&quot;,&quot;state&quot;:&quot;&quot;,&quot;zip&quot;:&quot;&quot;}" latitude="37.784696907904" longitude="-122.413609328985" needs_recoding="false"/></row>