<?xml version="1.0" encoding="UTF-8"?><row _id="12565562" _uuid="4AE8799F-73BF-4E14-BAA1-EFA6275B87D9" _position="12565562" _address="http://data.sfgov.org/resource/ritf-b9ki/12565562"><incidntnum>150294781</incidntnum><category>OTHER OFFENSES</category><descript>MISCELLANEOUS INVESTIGATION</descript><dayofweek>Saturday</dayofweek><date>2015-04-04T00:00:00</date><time>08:30</time><pddistrict>RICHMOND</pddistrict><resolution>NONE</resolution><address>600 Block of 18TH AV</address><x>-122.476826817614</x><y>37.7756966442139</y><location human_address="{&quot;address&quot;:&quot;&quot;,&quot;city&quot;:&quot;&quot;,&quot;state&quot;:&quot;&quot;,&quot;zip&quot;:&quot;&quot;}" latitude="37.7756966442139" longitude="-122.476826817614" needs_recoding="false"/></row>