<?xml version="1.0" encoding="UTF-8"?><row _id="12566558" _uuid="A3F063C6-3B71-4B37-AED0-AD1E85428D40" _position="12566558" _address="http://data.sfgov.org/resource/ritf-b9ki/12566558"><incidntnum>150302895</incidntnum><category>ASSAULT</category><descript>AGGRAVATED ASSAULT WITH A GUN</descript><dayofweek>Monday</dayofweek><date>2015-04-06T00:00:00</date><time>05:00</time><pddistrict>CENTRAL</pddistrict><resolution>ARREST, BOOKED</resolution><address>800 Block of PACIFIC AV</address><x>-122.409652663162</x><y>37.7964914531604</y><location human_address="{&quot;address&quot;:&quot;&quot;,&quot;city&quot;:&quot;&quot;,&quot;state&quot;:&quot;&quot;,&quot;zip&quot;:&quot;&quot;}" latitude="37.7964914531604" longitude="-122.409652663162" needs_recoding="false"/></row>