<?xml version="1.0" encoding="UTF-8"?><row _id="12561129" _uuid="63E783F9-1058-4AA5-AF5F-39332BBE5EC3" _position="12561129" _address="http://data.sfgov.org/resource/ritf-b9ki/12561129"><incidntnum>150268297</incidntnum><category>FRAUD</category><descript>CREDIT CARD, THEFT BY USE OF</descript><dayofweek>Wednesday</dayofweek><date>2015-03-25T00:00:00</date><time>20:30</time><pddistrict>NORTHERN</pddistrict><resolution>NONE</resolution><address>HAYES ST / VANNESS AV</address><x>-122.419697721691</x><y>37.7773009526003</y><location human_address="{&quot;address&quot;:&quot;&quot;,&quot;city&quot;:&quot;&quot;,&quot;state&quot;:&quot;&quot;,&quot;zip&quot;:&quot;&quot;}" latitude="37.7773009526003" longitude="-122.419697721691" needs_recoding="false"/></row>