<?xml version="1.0" encoding="UTF-8"?><row _id="12562157" _uuid="53A366EE-7B46-4934-8562-92588ABC591B" _position="12562157" _address="http://data.sfgov.org/resource/ritf-b9ki/12562157"><incidntnum>150269546</incidntnum><category>OTHER OFFENSES</category><descript>INJURY TO TELEGRAPH/TELEPHONE LINES</descript><dayofweek>Friday</dayofweek><date>2015-03-27T00:00:00</date><time>07:45</time><pddistrict>TARAVAL</pddistrict><resolution>ARREST, BOOKED</resolution><address>3100 Block of ULLOA ST</address><x>-122.490032367039</x><y>37.7404901982144</y><location human_address="{&quot;address&quot;:&quot;&quot;,&quot;city&quot;:&quot;&quot;,&quot;state&quot;:&quot;&quot;,&quot;zip&quot;:&quot;&quot;}" latitude="37.7404901982144" longitude="-122.490032367039" needs_recoding="false"/></row>