<?xml version="1.0" encoding="UTF-8"?><row _id="12566949" _uuid="3C32EEB7-C7AD-4C5F-AEC0-57F6C5C95CF8" _position="12566949" _address="http://data.sfgov.org/resource/ritf-b9ki/12566949"><incidntnum>150307243</incidntnum><category>NON-CRIMINAL</category><descript>LOST PROPERTY</descript><dayofweek>Tuesday</dayofweek><date>2015-04-07T00:00:00</date><time>10:30</time><pddistrict>MISSION</pddistrict><resolution>NONE</resolution><address>2200 Block of MARKET ST</address><x>-122.432198022433</x><y>37.7651107322703</y><location human_address="{&quot;address&quot;:&quot;&quot;,&quot;city&quot;:&quot;&quot;,&quot;state&quot;:&quot;&quot;,&quot;zip&quot;:&quot;&quot;}" latitude="37.7651107322703" longitude="-122.432198022433" needs_recoding="false"/></row>