<?xml version="1.0" encoding="UTF-8"?><row _id="12566064" _uuid="2AA552B4-9FC0-403B-854F-8C9873459964" _position="12566064" _address="http://data.sfgov.org/resource/ritf-b9ki/12566064"><incidntnum>156082726</incidntnum><category>LARCENY/THEFT</category><descript>GRAND THEFT OF PROPERTY</descript><dayofweek>Sunday</dayofweek><date>2015-04-05T00:00:00</date><time>22:47</time><pddistrict>NORTHERN</pddistrict><resolution>NONE</resolution><address>2000 Block of GREENWICH ST</address><x>-122.43340738035</x><y>37.7992089703227</y><location human_address="{&quot;address&quot;:&quot;&quot;,&quot;city&quot;:&quot;&quot;,&quot;state&quot;:&quot;&quot;,&quot;zip&quot;:&quot;&quot;}" latitude="37.7992089703227" longitude="-122.43340738035" needs_recoding="false"/></row>