<?xml version="1.0" encoding="UTF-8"?><row _id="12566800" _uuid="8A236C9C-136F-4108-A277-D1D11B22A22B" _position="12566800" _address="http://data.sfgov.org/resource/ritf-b9ki/12566800"><incidntnum>156084675</incidntnum><category>LARCENY/THEFT</category><descript>GRAND THEFT FROM LOCKED AUTO</descript><dayofweek>Tuesday</dayofweek><date>2015-04-07T00:00:00</date><time>19:00</time><pddistrict>CENTRAL</pddistrict><resolution>NONE</resolution><address>POLK ST / NORTHPOINT ST</address><x>-122.423658369809</x><y>37.8052850926566</y><location human_address="{&quot;address&quot;:&quot;&quot;,&quot;city&quot;:&quot;&quot;,&quot;state&quot;:&quot;&quot;,&quot;zip&quot;:&quot;&quot;}" latitude="37.8052850926566" longitude="-122.423658369809" needs_recoding="false"/></row>