<?xml version="1.0" encoding="UTF-8"?><row _id="12562438" _uuid="58E14694-7AB5-4193-9E38-E3F975CA3CF8" _position="12562438" _address="http://data.sfgov.org/resource/ritf-b9ki/12562438"><incidntnum>150279749</incidntnum><category>FRAUD</category><descript>CREDIT CARD, THEFT BY USE OF</descript><dayofweek>Friday</dayofweek><date>2015-03-27T00:00:00</date><time>20:30</time><pddistrict>INGLESIDE</pddistrict><resolution>NONE</resolution><address>100 Block of GUTTENBERG ST</address><x>-122.443713395814</x><y>37.7111150023974</y><location human_address="{&quot;address&quot;:&quot;&quot;,&quot;city&quot;:&quot;&quot;,&quot;state&quot;:&quot;&quot;,&quot;zip&quot;:&quot;&quot;}" latitude="37.7111150023974" longitude="-122.443713395814" needs_recoding="false"/></row>