<?xml version="1.0" encoding="UTF-8"?><row _id="12570062" _uuid="980300C4-A4F0-4EA0-8A29-65EBE929B629" _position="12570062" _address="http://data.sfgov.org/resource/ritf-b9ki/12570062"><incidntnum>150340447</incidntnum><category>LARCENY/THEFT</category><descript>GRAND THEFT FROM LOCKED AUTO</descript><dayofweek>Saturday</dayofweek><date>2015-04-18T00:00:00</date><time>22:00</time><pddistrict>SOUTHERN</pddistrict><resolution>NONE</resolution><address>700 Block of HARRISON ST</address><x>-122.397814506334</x><y>37.7821372491619</y><location human_address="{&quot;address&quot;:&quot;&quot;,&quot;city&quot;:&quot;&quot;,&quot;state&quot;:&quot;&quot;,&quot;zip&quot;:&quot;&quot;}" latitude="37.7821372491619" longitude="-122.397814506334" needs_recoding="false"/></row>