<?xml version="1.0" encoding="UTF-8"?><row _id="12564330" _uuid="AB06AA3A-BCFB-443B-A550-94D297FA000A" _position="12564330" _address="http://data.sfgov.org/resource/ritf-b9ki/12564330"><incidntnum>156079626</incidntnum><category>LARCENY/THEFT</category><descript>GRAND THEFT FROM UNLOCKED AUTO</descript><dayofweek>Wednesday</dayofweek><date>2015-04-01T00:00:00</date><time>06:00</time><pddistrict>TARAVAL</pddistrict><resolution>NONE</resolution><address>BRIGHTON AV / OCEAN AV</address><x>-122.455136571438</x><y>37.7236722032412</y><location human_address="{&quot;address&quot;:&quot;&quot;,&quot;city&quot;:&quot;&quot;,&quot;state&quot;:&quot;&quot;,&quot;zip&quot;:&quot;&quot;}" latitude="37.7236722032412" longitude="-122.455136571438" needs_recoding="false"/></row>