<?xml version="1.0" encoding="UTF-8"?><row _id="12562599" _uuid="F5C9FC1D-D32C-4B5D-9EFD-390AB5E60517" _position="12562599" _address="http://data.sfgov.org/resource/ritf-b9ki/12562599"><incidntnum>150274238</incidntnum><category>OTHER OFFENSES</category><descript>DRIVERS LICENSE, SUSPENDED OR REVOKED</descript><dayofweek>Saturday</dayofweek><date>2015-03-28T00:00:00</date><time>16:35</time><pddistrict>MISSION</pddistrict><resolution>ARREST, BOOKED</resolution><address>POTRERO AV / 24TH ST</address><x>-122.406338412685</x><y>37.7530042877223</y><location human_address="{&quot;address&quot;:&quot;&quot;,&quot;city&quot;:&quot;&quot;,&quot;state&quot;:&quot;&quot;,&quot;zip&quot;:&quot;&quot;}" latitude="37.7530042877223" longitude="-122.406338412685" needs_recoding="false"/></row>