<?xml version="1.0" encoding="UTF-8"?><row _id="12565049" _uuid="0921CB3A-C856-489D-AACD-4A30BBDE1C82" _position="12565049" _address="http://data.sfgov.org/resource/ritf-b9ki/12565049"><incidntnum>150275361</incidntnum><category>OTHER OFFENSES</category><descript>TRAFFIC VIOLATION</descript><dayofweek>Saturday</dayofweek><date>2015-03-28T00:00:00</date><time>23:01</time><pddistrict>BAYVIEW</pddistrict><resolution>ARREST, BOOKED</resolution><address>16TH ST / 7TH ST</address><x>-122.395062849863</x><y>37.7665443562081</y><location human_address="{&quot;address&quot;:&quot;&quot;,&quot;city&quot;:&quot;&quot;,&quot;state&quot;:&quot;&quot;,&quot;zip&quot;:&quot;&quot;}" latitude="37.7665443562081" longitude="-122.395062849863" needs_recoding="false"/></row>