<?xml version="1.0" encoding="UTF-8"?><row _id="12596754" _uuid="810D177A-7612-42A4-92DC-2345AE7C7D2E" _position="12596754" _address="http://data.sfgov.org/resource/ritf-b9ki/12596754"><incidntnum>150270537</incidntnum><category>NON-CRIMINAL</category><descript>CASE CLOSURE</descript><dayofweek>Friday</dayofweek><date>2015-03-27T00:00:00</date><time>11:45</time><pddistrict>MISSION</pddistrict><resolution>EXCEPTIONAL CLEARANCE</resolution><address>900 Block of POTRERO AV</address><x>-122.406604919508</x><y>37.7571580431915</y><location human_address="{&quot;address&quot;:&quot;&quot;,&quot;city&quot;:&quot;&quot;,&quot;state&quot;:&quot;&quot;,&quot;zip&quot;:&quot;&quot;}" latitude="37.7571580431915" longitude="-122.406604919508" needs_recoding="false"/></row>