<?xml version="1.0" encoding="UTF-8"?><row _id="12565309" _uuid="6F868850-D2FF-4729-8CA0-8A428043804E" _position="12565309" _address="http://data.sfgov.org/resource/ritf-b9ki/12565309"><incidntnum>150311357</incidntnum><category>FORGERY/COUNTERFEITING</category><descript>CHECKS, MAKE OR PASS FICTITIOUS</descript><dayofweek>Friday</dayofweek><date>2015-03-27T00:00:00</date><time>17:30</time><pddistrict>MISSION</pddistrict><resolution>NONE</resolution><address>2200 Block of BRYANT ST</address><x>-122.409672653063</x><y>37.7580152328846</y><location human_address="{&quot;address&quot;:&quot;&quot;,&quot;city&quot;:&quot;&quot;,&quot;state&quot;:&quot;&quot;,&quot;zip&quot;:&quot;&quot;}" latitude="37.7580152328846" longitude="-122.409672653063" needs_recoding="false"/></row>