<?xml version="1.0" encoding="UTF-8"?><row _id="12562386" _uuid="8B26B619-FDD4-4E01-9345-0D9B13585720" _position="12562386" _address="http://data.sfgov.org/resource/ritf-b9ki/12562386"><incidntnum>150291765</incidntnum><category>OTHER OFFENSES</category><descript>LOST/STOLEN LICENSE PLATE</descript><dayofweek>Friday</dayofweek><date>2015-03-27T00:00:00</date><time>16:00</time><pddistrict>RICHMOND</pddistrict><resolution>NONE</resolution><address>500 Block of 37TH AV</address><x>-122.49745271038</x><y>37.7785263701402</y><location human_address="{&quot;address&quot;:&quot;&quot;,&quot;city&quot;:&quot;&quot;,&quot;state&quot;:&quot;&quot;,&quot;zip&quot;:&quot;&quot;}" latitude="37.7785263701402" longitude="-122.49745271038" needs_recoding="false"/></row>