<?xml version="1.0" encoding="UTF-8"?><row _id="12564594" _uuid="6F453FD3-55B7-4C28-B633-9E991539FD9B" _position="12564594" _address="http://data.sfgov.org/resource/ritf-b9ki/12564594"><incidntnum>150289221</incidntnum><category>OTHER OFFENSES</category><descript>DRIVERS LICENSE, SUSPENDED OR REVOKED</descript><dayofweek>Thursday</dayofweek><date>2015-04-02T00:00:00</date><time>14:00</time><pddistrict>NORTHERN</pddistrict><resolution>ARREST, BOOKED</resolution><address>FILLMORE ST / GOLDEN GATE AV</address><x>-122.431952436364</x><y>37.7795647498663</y><location human_address="{&quot;address&quot;:&quot;&quot;,&quot;city&quot;:&quot;&quot;,&quot;state&quot;:&quot;&quot;,&quot;zip&quot;:&quot;&quot;}" latitude="37.7795647498663" longitude="-122.431952436364" needs_recoding="false"/></row>