<?xml version="1.0" encoding="UTF-8"?><row _id="12561818" _uuid="134402C3-39EE-4BED-B833-5E4EA626638F" _position="12561818" _address="http://data.sfgov.org/resource/ritf-b9ki/12561818"><incidntnum>150273575</incidntnum><category>FRAUD</category><descript>FRAUDULENT USE OF AUTOMATED TELLER CARD</descript><dayofweek>Thursday</dayofweek><date>2015-03-26T00:00:00</date><time>09:00</time><pddistrict>RICHMOND</pddistrict><resolution>NONE</resolution><address>100 Block of 30TH AV</address><x>-122.490586046538</x><y>37.7856864143968</y><location human_address="{&quot;address&quot;:&quot;&quot;,&quot;city&quot;:&quot;&quot;,&quot;state&quot;:&quot;&quot;,&quot;zip&quot;:&quot;&quot;}" latitude="37.7856864143968" longitude="-122.490586046538" needs_recoding="false"/></row>