<?xml version="1.0" encoding="UTF-8"?><row _id="12564999" _uuid="541807AE-BD61-4A44-932E-C2A510F0970F" _position="12564999" _address="http://data.sfgov.org/resource/ritf-b9ki/12564999"><incidntnum>150293197</incidntnum><category>ASSAULT</category><descript>CHILD ABUSE (PHYSICAL)</descript><dayofweek>Friday</dayofweek><date>2015-04-03T00:00:00</date><time>18:05</time><pddistrict>BAYVIEW</pddistrict><resolution>NONE</resolution><address>JAMESTOWN AV / SALINAS AV</address><x>-122.398230916703</x><y>37.7211225376055</y><location human_address="{&quot;address&quot;:&quot;&quot;,&quot;city&quot;:&quot;&quot;,&quot;state&quot;:&quot;&quot;,&quot;zip&quot;:&quot;&quot;}" latitude="37.7211225376055" longitude="-122.398230916703" needs_recoding="false"/></row>