<?xml version="1.0" encoding="UTF-8"?><row _id="12568457" _uuid="5C78A504-9CBA-4D88-9FC9-978375199FD2" _position="12568457" _address="http://data.sfgov.org/resource/ritf-b9ki/12568457"><incidntnum>156086615</incidntnum><category>LARCENY/THEFT</category><descript>PETTY THEFT OF PROPERTY</descript><dayofweek>Saturday</dayofweek><date>2015-04-11T00:00:00</date><time>02:00</time><pddistrict>CENTRAL</pddistrict><resolution>NONE</resolution><address>500 Block of BROADWAY ST</address><x>-122.406861140307</x><y>37.7978967044381</y><location human_address="{&quot;address&quot;:&quot;&quot;,&quot;city&quot;:&quot;&quot;,&quot;state&quot;:&quot;&quot;,&quot;zip&quot;:&quot;&quot;}" latitude="37.7978967044381" longitude="-122.406861140307" needs_recoding="false"/></row>