<?xml version="1.0" encoding="UTF-8"?><row _id="12565937" _uuid="56A30960-2810-4257-A23B-7C79DF3A0738" _position="12565937" _address="http://data.sfgov.org/resource/ritf-b9ki/12565937"><incidntnum>156086427</incidntnum><category>LARCENY/THEFT</category><descript>PETTY THEFT OF PROPERTY</descript><dayofweek>Sunday</dayofweek><date>2015-04-05T00:00:00</date><time>18:00</time><pddistrict>SOUTHERN</pddistrict><resolution>NONE</resolution><address>MARKET ST / POWELL ST</address><x>-122.407545855931</x><y>37.784401179486</y><location human_address="{&quot;address&quot;:&quot;&quot;,&quot;city&quot;:&quot;&quot;,&quot;state&quot;:&quot;&quot;,&quot;zip&quot;:&quot;&quot;}" latitude="37.784401179486" longitude="-122.407545855931" needs_recoding="false"/></row>