<?xml version="1.0" encoding="UTF-8"?><row _id="12569724" _uuid="67E573B4-83DB-4C1A-A57B-71A9FA07949B" _position="12569724" _address="http://data.sfgov.org/resource/ritf-b9ki/12569724"><incidntnum>156092048</incidntnum><category>VANDALISM</category><descript>MALICIOUS MISCHIEF, VANDALISM</descript><dayofweek>Thursday</dayofweek><date>2015-04-16T00:00:00</date><time>00:01</time><pddistrict>TARAVAL</pddistrict><resolution>NONE</resolution><address>LINCOLN WY / 43RD AV</address><x>-122.50297457672</x><y>37.7643095016705</y><location human_address="{&quot;address&quot;:&quot;&quot;,&quot;city&quot;:&quot;&quot;,&quot;state&quot;:&quot;&quot;,&quot;zip&quot;:&quot;&quot;}" latitude="37.7643095016705" longitude="-122.50297457672" needs_recoding="false"/></row>