<?xml version="1.0" encoding="UTF-8"?><row _id="12563689" _uuid="0F777C43-54E4-4A74-8D97-E45211B58AB2" _position="12563689" _address="http://data.sfgov.org/resource/ritf-b9ki/12563689"><incidntnum>150280928</incidntnum><category>LARCENY/THEFT</category><descript>PETTY THEFT FROM LOCKED AUTO</descript><dayofweek>Monday</dayofweek><date>2015-03-30T00:00:00</date><time>19:00</time><pddistrict>TENDERLOIN</pddistrict><resolution>NONE</resolution><address>0 Block of HYDE ST</address><x>-122.415342071269</x><y>37.7811954441489</y><location human_address="{&quot;address&quot;:&quot;&quot;,&quot;city&quot;:&quot;&quot;,&quot;state&quot;:&quot;&quot;,&quot;zip&quot;:&quot;&quot;}" latitude="37.7811954441489" longitude="-122.415342071269" needs_recoding="false"/></row>