<?xml version="1.0" encoding="UTF-8"?><row _id="12569655" _uuid="2250F5E3-A083-4510-80B6-DD74ADBDB4B3" _position="12569655" _address="http://data.sfgov.org/resource/ritf-b9ki/12569655"><incidntnum>150330006</incidntnum><category>NON-CRIMINAL</category><descript>AIDED CASE, MENTAL DISTURBED</descript><dayofweek>Wednesday</dayofweek><date>2015-04-15T00:00:00</date><time>19:30</time><pddistrict>SOUTHERN</pddistrict><resolution>UNFOUNDED</resolution><address>0 Block of 1ST ST</address><x>-122.398790820271</x><y>37.7908094387334</y><location human_address="{&quot;address&quot;:&quot;&quot;,&quot;city&quot;:&quot;&quot;,&quot;state&quot;:&quot;&quot;,&quot;zip&quot;:&quot;&quot;}" latitude="37.7908094387334" longitude="-122.398790820271" needs_recoding="false"/></row>