<?xml version="1.0" encoding="UTF-8"?><row _id="12562117" _uuid="5959C818-533C-4A0D-84A7-2E70A2D6C28D" _position="12562117" _address="http://data.sfgov.org/resource/ritf-b9ki/12562117"><incidntnum>150270628</incidntnum><category>NON-CRIMINAL</category><descript>FOUND PROPERTY</descript><dayofweek>Friday</dayofweek><date>2015-03-27T00:00:00</date><time>03:00</time><pddistrict>CENTRAL</pddistrict><resolution>UNFOUNDED</resolution><address>800 Block of BUSH ST</address><x>-122.411259228464</x><y>37.7897894219545</y><location human_address="{&quot;address&quot;:&quot;&quot;,&quot;city&quot;:&quot;&quot;,&quot;state&quot;:&quot;&quot;,&quot;zip&quot;:&quot;&quot;}" latitude="37.7897894219545" longitude="-122.411259228464" needs_recoding="false"/></row>