<?xml version="1.0" encoding="UTF-8"?><row _id="12579068" _uuid="86057DFC-9073-4CC3-A297-EFF07E5061C6" _position="12579068" _address="http://data.sfgov.org/resource/ritf-b9ki/12579068"><incidntnum>156091846</incidntnum><category>LARCENY/THEFT</category><descript>PETTY THEFT OF PROPERTY</descript><dayofweek>Tuesday</dayofweek><date>2015-04-14T00:00:00</date><time>10:30</time><pddistrict>CENTRAL</pddistrict><resolution>NONE</resolution><address>200 Block of SUTTER ST</address><x>-122.40482801879</x><y>37.7897596938342</y><location human_address="{&quot;address&quot;:&quot;&quot;,&quot;city&quot;:&quot;&quot;,&quot;state&quot;:&quot;&quot;,&quot;zip&quot;:&quot;&quot;}" latitude="37.7897596938342" longitude="-122.40482801879" needs_recoding="false"/></row>