<?xml version="1.0" encoding="UTF-8"?><row _id="12568932" _uuid="A0A922BC-0945-441C-85AB-1307F923BC53" _position="12568932" _address="http://data.sfgov.org/resource/ritf-b9ki/12568932"><incidntnum>150325994</incidntnum><category>VEHICLE THEFT</category><descript>STOLEN AUTOMOBILE</descript><dayofweek>Monday</dayofweek><date>2015-04-13T00:00:00</date><time>18:00</time><pddistrict>PARK</pddistrict><resolution>NONE</resolution><address>HILLPOINT AV / PARNASSUS AV</address><x>-122.455781129816</x><y>37.764069177348</y><location human_address="{&quot;address&quot;:&quot;&quot;,&quot;city&quot;:&quot;&quot;,&quot;state&quot;:&quot;&quot;,&quot;zip&quot;:&quot;&quot;}" latitude="37.764069177348" longitude="-122.455781129816" needs_recoding="false"/></row>