<?xml version="1.0" encoding="UTF-8"?><row _id="12566532" _uuid="C27C54A6-D7BB-45B7-BBD2-D091DBE5E648" _position="12566532" _address="http://data.sfgov.org/resource/ritf-b9ki/12566532"><incidntnum>150302873</incidntnum><category>ASSAULT</category><descript>CHILD ABUSE (PHYSICAL)</descript><dayofweek>Monday</dayofweek><date>2015-04-06T00:00:00</date><time>23:40</time><pddistrict>INGLESIDE</pddistrict><resolution>ARREST, BOOKED</resolution><address>700 Block of MONTEREY BL</address><x>-122.452302496531</x><y>37.7314334346391</y><location human_address="{&quot;address&quot;:&quot;&quot;,&quot;city&quot;:&quot;&quot;,&quot;state&quot;:&quot;&quot;,&quot;zip&quot;:&quot;&quot;}" latitude="37.7314334346391" longitude="-122.452302496531" needs_recoding="false"/></row>