<?xml version="1.0" encoding="UTF-8"?><row _id="12562526" _uuid="15978CA0-FE71-4333-B73E-2344B7AEF2EA" _position="12562526" _address="http://data.sfgov.org/resource/ritf-b9ki/12562526"><incidntnum>150273616</incidntnum><category>LARCENY/THEFT</category><descript>GRAND THEFT FROM LOCKED AUTO</descript><dayofweek>Saturday</dayofweek><date>2015-03-28T00:00:00</date><time>11:30</time><pddistrict>NORTHERN</pddistrict><resolution>NONE</resolution><address>LAGUNA ST / GEARY BL</address><x>-122.427991151911</x><y>37.7849531241612</y><location human_address="{&quot;address&quot;:&quot;&quot;,&quot;city&quot;:&quot;&quot;,&quot;state&quot;:&quot;&quot;,&quot;zip&quot;:&quot;&quot;}" latitude="37.7849531241612" longitude="-122.427991151911" needs_recoding="false"/></row>