<?xml version="1.0" encoding="UTF-8"?><row _id="12566644" _uuid="CDF62DF9-0E08-4C8D-84E2-95F17B294AC1" _position="12566644" _address="http://data.sfgov.org/resource/ritf-b9ki/12566644"><incidntnum>150299838</incidntnum><category>ROBBERY</category><descript>ROBBERY, ARMED WITH A GUN</descript><dayofweek>Monday</dayofweek><date>2015-04-06T00:00:00</date><time>03:08</time><pddistrict>INGLESIDE</pddistrict><resolution>NONE</resolution><address>500 Block of SAWYER ST</address><x>-122.415461474153</x><y>37.7106377857099</y><location human_address="{&quot;address&quot;:&quot;&quot;,&quot;city&quot;:&quot;&quot;,&quot;state&quot;:&quot;&quot;,&quot;zip&quot;:&quot;&quot;}" latitude="37.7106377857099" longitude="-122.415461474153" needs_recoding="false"/></row>