<?xml version="1.0" encoding="UTF-8"?><row _id="12567724" _uuid="16C6275D-08E9-470D-96CF-041BE696352B" _position="12567724" _address="http://data.sfgov.org/resource/ritf-b9ki/12567724"><incidntnum>150309136</incidntnum><category>OTHER OFFENSES</category><descript>DEFRAUDING TAXI DRIVER</descript><dayofweek>Thursday</dayofweek><date>2015-04-09T00:00:00</date><time>05:12</time><pddistrict>MISSION</pddistrict><resolution>UNFOUNDED</resolution><address>300 Block of DIAMOND ST</address><x>-122.436744624737</x><y>37.7567499145911</y><location human_address="{&quot;address&quot;:&quot;&quot;,&quot;city&quot;:&quot;&quot;,&quot;state&quot;:&quot;&quot;,&quot;zip&quot;:&quot;&quot;}" latitude="37.7567499145911" longitude="-122.436744624737" needs_recoding="false"/></row>