<?xml version="1.0" encoding="UTF-8"?><row _id="12563781" _uuid="C527058E-F7C0-4683-932D-F891C19B474B" _position="12563781" _address="http://data.sfgov.org/resource/ritf-b9ki/12563781"><incidntnum>150289099</incidntnum><category>BURGLARY</category><descript>BURGLARY OF RESIDENCE, UNLAWFUL ENTRY</descript><dayofweek>Monday</dayofweek><date>2015-03-30T00:00:00</date><time>12:00</time><pddistrict>INGLESIDE</pddistrict><resolution>NONE</resolution><address>0 Block of PATTON ST</address><x>-122.423001467283</x><y>37.7378834676306</y><location human_address="{&quot;address&quot;:&quot;&quot;,&quot;city&quot;:&quot;&quot;,&quot;state&quot;:&quot;&quot;,&quot;zip&quot;:&quot;&quot;}" latitude="37.7378834676306" longitude="-122.423001467283" needs_recoding="false"/></row>