<?xml version="1.0" encoding="UTF-8"?><row _id="12566236" _uuid="B97BFFCB-AECB-4B86-9722-A95EF57681CC" _position="12566236" _address="http://data.sfgov.org/resource/ritf-b9ki/12566236"><incidntnum>150299333</incidntnum><category>BURGLARY</category><descript>BURGLARY, VEHICLE (ARREST MADE)</descript><dayofweek>Sunday</dayofweek><date>2015-04-05T00:00:00</date><time>20:52</time><pddistrict>BAYVIEW</pddistrict><resolution>NONE</resolution><address>200 Block of NAPOLEON ST</address><x>-122.399174828644</x><y>37.7469781026521</y><location human_address="{&quot;address&quot;:&quot;&quot;,&quot;city&quot;:&quot;&quot;,&quot;state&quot;:&quot;&quot;,&quot;zip&quot;:&quot;&quot;}" latitude="37.7469781026521" longitude="-122.399174828644" needs_recoding="false"/></row>