<?xml version="1.0" encoding="UTF-8"?><row _id="12572663" _uuid="96323F21-B5E7-4257-A715-C3C6D3ABD352" _position="12572663" _address="http://data.sfgov.org/resource/ritf-b9ki/12572663"><incidntnum>156094389</incidntnum><category>LARCENY/THEFT</category><descript>GRAND THEFT FROM LOCKED AUTO</descript><dayofweek>Friday</dayofweek><date>2015-03-27T00:00:00</date><time>03:00</time><pddistrict>PARK</pddistrict><resolution>NONE</resolution><address>FULTON ST / BRODERICK ST</address><x>-122.439846616567</x><y>37.7766442432053</y><location human_address="{&quot;address&quot;:&quot;&quot;,&quot;city&quot;:&quot;&quot;,&quot;state&quot;:&quot;&quot;,&quot;zip&quot;:&quot;&quot;}" latitude="37.7766442432053" longitude="-122.439846616567" needs_recoding="false"/></row>