<?xml version="1.0" encoding="UTF-8"?><row _id="12561412" _uuid="2A089098-2A82-497D-B093-FE67AA00C9ED" _position="12561412" _address="http://data.sfgov.org/resource/ritf-b9ki/12561412"><incidntnum>150264427</incidntnum><category>NON-CRIMINAL</category><descript>CIVIL SIDEWALKS, WARNING</descript><dayofweek>Wednesday</dayofweek><date>2015-03-25T00:00:00</date><time>17:40</time><pddistrict>MISSION</pddistrict><resolution>NONE</resolution><address>16TH ST / CALEDONIA ST</address><x>-122.421381948278</x><y>37.7649480897345</y><location human_address="{&quot;address&quot;:&quot;&quot;,&quot;city&quot;:&quot;&quot;,&quot;state&quot;:&quot;&quot;,&quot;zip&quot;:&quot;&quot;}" latitude="37.7649480897345" longitude="-122.421381948278" needs_recoding="false"/></row>