<?xml version="1.0" encoding="UTF-8"?><row _id="12575001" _uuid="2CB794B3-33B4-42B4-8019-40A8DD8AE861" _position="12575001" _address="http://data.sfgov.org/resource/ritf-b9ki/12575001"><incidntnum>150355816</incidntnum><category>SUSPICIOUS OCC</category><descript>SUSPICIOUS OCCURRENCE</descript><dayofweek>Thursday</dayofweek><date>2015-04-23T00:00:00</date><time>19:20</time><pddistrict>NORTHERN</pddistrict><resolution>NONE</resolution><address>1400 Block of SUTTER ST</address><x>-122.424230101144</x><y>37.7871785622736</y><location human_address="{&quot;address&quot;:&quot;&quot;,&quot;city&quot;:&quot;&quot;,&quot;state&quot;:&quot;&quot;,&quot;zip&quot;:&quot;&quot;}" latitude="37.7871785622736" longitude="-122.424230101144" needs_recoding="false"/></row>