<?xml version="1.0" encoding="UTF-8"?><row _id="12563821" _uuid="3F83974F-588D-4933-994E-E3123DE0847D" _position="12563821" _address="http://data.sfgov.org/resource/ritf-b9ki/12563821"><incidntnum>150280423</incidntnum><category>LARCENY/THEFT</category><descript>PETTY THEFT FROM LOCKED AUTO</descript><dayofweek>Monday</dayofweek><date>2015-03-30T00:00:00</date><time>17:40</time><pddistrict>RICHMOND</pddistrict><resolution>NONE</resolution><address>500 Block of 16TH AV</address><x>-122.474818345316</x><y>37.7776571950449</y><location human_address="{&quot;address&quot;:&quot;&quot;,&quot;city&quot;:&quot;&quot;,&quot;state&quot;:&quot;&quot;,&quot;zip&quot;:&quot;&quot;}" latitude="37.7776571950449" longitude="-122.474818345316" needs_recoding="false"/></row>