<?xml version="1.0" encoding="UTF-8"?><row _id="12568798" _uuid="82DA73ED-42F1-4608-900F-94D1E2C66622" _position="12568798" _address="http://data.sfgov.org/resource/ritf-b9ki/12568798"><incidntnum>150339393</incidntnum><category>FRAUD</category><descript>CREDIT CARD, THEFT BY USE OF</descript><dayofweek>Sunday</dayofweek><date>2015-04-12T00:00:00</date><time>17:30</time><pddistrict>MISSION</pddistrict><resolution>NONE</resolution><address>2300 Block of 16TH ST</address><x>-122.409529913278</x><y>37.7657184395282</y><location human_address="{&quot;address&quot;:&quot;&quot;,&quot;city&quot;:&quot;&quot;,&quot;state&quot;:&quot;&quot;,&quot;zip&quot;:&quot;&quot;}" latitude="37.7657184395282" longitude="-122.409529913278" needs_recoding="false"/></row>