<?xml version="1.0" encoding="UTF-8"?><row _id="12562444" _uuid="88CDC5FE-662A-4C7A-B223-1AB430364B64" _position="12562444" _address="http://data.sfgov.org/resource/ritf-b9ki/12562444"><incidntnum>156078189</incidntnum><category>LARCENY/THEFT</category><descript>GRAND THEFT FROM LOCKED AUTO</descript><dayofweek>Friday</dayofweek><date>2015-03-27T00:00:00</date><time>20:00</time><pddistrict>PARK</pddistrict><resolution>NONE</resolution><address>200 Block of KIRKHAM ST</address><x>-122.46339097917</x><y>37.7604831952561</y><location human_address="{&quot;address&quot;:&quot;&quot;,&quot;city&quot;:&quot;&quot;,&quot;state&quot;:&quot;&quot;,&quot;zip&quot;:&quot;&quot;}" latitude="37.7604831952561" longitude="-122.46339097917" needs_recoding="false"/></row>