<?xml version="1.0" encoding="UTF-8"?><row _id="12564274" _uuid="608A977F-C86A-4C26-8C18-08DD37DDBF81" _position="12564274" _address="http://data.sfgov.org/resource/ritf-b9ki/12564274"><incidntnum>150287770</incidntnum><category>LARCENY/THEFT</category><descript>GRAND THEFT FROM LOCKED AUTO</descript><dayofweek>Wednesday</dayofweek><date>2015-04-01T00:00:00</date><time>20:30</time><pddistrict>MISSION</pddistrict><resolution>NONE</resolution><address>22ND ST / VALENCIA ST</address><x>-122.420966200659</x><y>37.7552939346637</y><location human_address="{&quot;address&quot;:&quot;&quot;,&quot;city&quot;:&quot;&quot;,&quot;state&quot;:&quot;&quot;,&quot;zip&quot;:&quot;&quot;}" latitude="37.7552939346637" longitude="-122.420966200659" needs_recoding="false"/></row>