<?xml version="1.0" encoding="UTF-8"?><row _id="12562876" _uuid="40ADB7BF-1158-404E-8592-973BD76CD69D" _position="12562876" _address="http://data.sfgov.org/resource/ritf-b9ki/12562876"><incidntnum>150280542</incidntnum><category>VANDALISM</category><descript>MALICIOUS MISCHIEF, TIRE SLASHING</descript><dayofweek>Saturday</dayofweek><date>2015-03-28T00:00:00</date><time>21:00</time><pddistrict>MISSION</pddistrict><resolution>NONE</resolution><address>1100 Block of SOUTH VAN NESS AV</address><x>-122.416557578218</x><y>37.7547485110398</y><location human_address="{&quot;address&quot;:&quot;&quot;,&quot;city&quot;:&quot;&quot;,&quot;state&quot;:&quot;&quot;,&quot;zip&quot;:&quot;&quot;}" latitude="37.7547485110398" longitude="-122.416557578218" needs_recoding="false"/></row>