<?xml version="1.0" encoding="UTF-8"?><row _id="12563008" _uuid="9399D70B-4699-4F3E-AD7B-BDC34E6654E0" _position="12563008" _address="http://data.sfgov.org/resource/ritf-b9ki/12563008"><incidntnum>150272903</incidntnum><category>ASSAULT</category><descript>FALSE IMPRISONMENT</descript><dayofweek>Saturday</dayofweek><date>2015-03-28T00:00:00</date><time>02:05</time><pddistrict>CENTRAL</pddistrict><resolution>NONE</resolution><address>500 Block of BROADWAY ST</address><x>-122.406861140307</x><y>37.7978967044381</y><location human_address="{&quot;address&quot;:&quot;&quot;,&quot;city&quot;:&quot;&quot;,&quot;state&quot;:&quot;&quot;,&quot;zip&quot;:&quot;&quot;}" latitude="37.7978967044381" longitude="-122.406861140307" needs_recoding="false"/></row>