<?xml version="1.0" encoding="UTF-8"?><row _id="12566002" _uuid="5509F592-355E-4D6D-96E5-3D9491B8BB5F" _position="12566002" _address="http://data.sfgov.org/resource/ritf-b9ki/12566002"><incidntnum>150297779</incidntnum><category>ASSAULT</category><descript>BATTERY</descript><dayofweek>Sunday</dayofweek><date>2015-04-05T00:00:00</date><time>10:00</time><pddistrict>CENTRAL</pddistrict><resolution>ARREST, BOOKED</resolution><address>1100 Block of THE EMBARCADERONORTH ST</address><x>-122.40256476079</x><y>37.8047715653509</y><location human_address="{&quot;address&quot;:&quot;&quot;,&quot;city&quot;:&quot;&quot;,&quot;state&quot;:&quot;&quot;,&quot;zip&quot;:&quot;&quot;}" latitude="37.8047715653509" longitude="-122.40256476079" needs_recoding="false"/></row>