<?xml version="1.0" encoding="UTF-8"?><row _id="12561647" _uuid="4EF7DC3B-1F02-4C61-8A76-7F8E37EA61B2" _position="12561647" _address="http://data.sfgov.org/resource/ritf-b9ki/12561647"><incidntnum>150269869</incidntnum><category>BURGLARY</category><descript>BURGLARY OF RESIDENCE, FORCIBLE ENTRY</descript><dayofweek>Thursday</dayofweek><date>2015-03-26T00:00:00</date><time>14:00</time><pddistrict>TARAVAL</pddistrict><resolution>NONE</resolution><address>2100 Block of 43RD AV</address><x>-122.50180154774</x><y>37.7465564475878</y><location human_address="{&quot;address&quot;:&quot;&quot;,&quot;city&quot;:&quot;&quot;,&quot;state&quot;:&quot;&quot;,&quot;zip&quot;:&quot;&quot;}" latitude="37.7465564475878" longitude="-122.50180154774" needs_recoding="false"/></row>