<?xml version="1.0" encoding="UTF-8"?><row _id="12566380" _uuid="F53D64DE-7DF0-4014-BF10-CF09A450440B" _position="12566380" _address="http://data.sfgov.org/resource/ritf-b9ki/12566380"><incidntnum>156085861</incidntnum><category>LARCENY/THEFT</category><descript>GRAND THEFT FROM UNLOCKED AUTO</descript><dayofweek>Monday</dayofweek><date>2015-04-06T00:00:00</date><time>17:00</time><pddistrict>SOUTHERN</pddistrict><resolution>NONE</resolution><address>BRANNAN ST / 2ND ST</address><x>-122.392082305321</x><y>37.7818457722573</y><location human_address="{&quot;address&quot;:&quot;&quot;,&quot;city&quot;:&quot;&quot;,&quot;state&quot;:&quot;&quot;,&quot;zip&quot;:&quot;&quot;}" latitude="37.7818457722573" longitude="-122.392082305321" needs_recoding="false"/></row>