<?xml version="1.0" encoding="UTF-8"?><row _id="12566995" _uuid="F2B80783-0A3E-4483-8EEB-106D7FC86922" _position="12566995" _address="http://data.sfgov.org/resource/ritf-b9ki/12566995"><incidntnum>156084540</incidntnum><category>LARCENY/THEFT</category><descript>PETTY THEFT OF PROPERTY</descript><dayofweek>Tuesday</dayofweek><date>2015-04-07T00:00:00</date><time>19:30</time><pddistrict>CENTRAL</pddistrict><resolution>NONE</resolution><address>200 Block of COLUMBUS AV</address><x>-122.406409965318</x><y>37.7977588402975</y><location human_address="{&quot;address&quot;:&quot;&quot;,&quot;city&quot;:&quot;&quot;,&quot;state&quot;:&quot;&quot;,&quot;zip&quot;:&quot;&quot;}" latitude="37.7977588402975" longitude="-122.406409965318" needs_recoding="false"/></row>