<?xml version="1.0" encoding="UTF-8"?><row _id="12563924" _uuid="8120270A-1B46-425D-B75B-72BDFF859208" _position="12563924" _address="http://data.sfgov.org/resource/ritf-b9ki/12563924"><incidntnum>150285683</incidntnum><category>ROBBERY</category><descript>ROBBERY ON THE STREET, STRONGARM</descript><dayofweek>Tuesday</dayofweek><date>2015-03-31T00:00:00</date><time>15:00</time><pddistrict>INGLESIDE</pddistrict><resolution>NONE</resolution><address>NAHUA AV / SAN JOSE AV</address><x>-122.448448500286</x><y>37.7184072152268</y><location human_address="{&quot;address&quot;:&quot;&quot;,&quot;city&quot;:&quot;&quot;,&quot;state&quot;:&quot;&quot;,&quot;zip&quot;:&quot;&quot;}" latitude="37.7184072152268" longitude="-122.448448500286" needs_recoding="false"/></row>