<?xml version="1.0" encoding="UTF-8"?><row _id="12561864" _uuid="D31A9578-567E-4CDD-8770-72AABDD7599B" _position="12561864" _address="http://data.sfgov.org/resource/ritf-b9ki/12561864"><incidntnum>150268485</incidntnum><category>ASSAULT</category><descript>BATTERY, FORMER SPOUSE OR DATING RELATIONSHIP</descript><dayofweek>Thursday</dayofweek><date>2015-03-26T00:00:00</date><time>19:34</time><pddistrict>BAYVIEW</pddistrict><resolution>ARREST, BOOKED</resolution><address>1000 Block of WISCONSIN ST</address><x>-122.398580716544</x><y>37.7542876781547</y><location human_address="{&quot;address&quot;:&quot;&quot;,&quot;city&quot;:&quot;&quot;,&quot;state&quot;:&quot;&quot;,&quot;zip&quot;:&quot;&quot;}" latitude="37.7542876781547" longitude="-122.398580716544" needs_recoding="false"/></row>