<?xml version="1.0" encoding="UTF-8"?><row _id="12569772" _uuid="48CC70AB-D62F-45AA-9B9F-3E07762410E0" _position="12569772" _address="http://data.sfgov.org/resource/ritf-b9ki/12569772"><incidntnum>150331634</incidntnum><category>VANDALISM</category><descript>MALICIOUS MISCHIEF, BREAKING WINDOWS</descript><dayofweek>Thursday</dayofweek><date>2015-04-16T00:00:00</date><time>09:40</time><pddistrict>TENDERLOIN</pddistrict><resolution>ARREST, BOOKED</resolution><address>300 Block of TURK ST</address><x>-122.41487855905</x><y>37.7826335031541</y><location human_address="{&quot;address&quot;:&quot;&quot;,&quot;city&quot;:&quot;&quot;,&quot;state&quot;:&quot;&quot;,&quot;zip&quot;:&quot;&quot;}" latitude="37.7826335031541" longitude="-122.41487855905" needs_recoding="false"/></row>