<?xml version="1.0" encoding="UTF-8"?><row _id="12563770" _uuid="2E62D261-4320-4C41-A9AD-4506A1219F6D" _position="12563770" _address="http://data.sfgov.org/resource/ritf-b9ki/12563770"><incidntnum>150280081</incidntnum><category>MISSING PERSON</category><descript>MISSING JUVENILE</descript><dayofweek>Monday</dayofweek><date>2015-03-30T00:00:00</date><time>13:00</time><pddistrict>SOUTHERN</pddistrict><resolution>NONE</resolution><address>0 Block of MOSS ST</address><x>-122.407999186749</x><y>37.7778241673064</y><location human_address="{&quot;address&quot;:&quot;&quot;,&quot;city&quot;:&quot;&quot;,&quot;state&quot;:&quot;&quot;,&quot;zip&quot;:&quot;&quot;}" latitude="37.7778241673064" longitude="-122.407999186749" needs_recoding="false"/></row>