<?xml version="1.0" encoding="UTF-8"?><row _id="12566310" _uuid="527CD719-B416-42BC-A595-2685EBB903FD" _position="12566310" _address="http://data.sfgov.org/resource/ritf-b9ki/12566310"><incidntnum>150300247</incidntnum><category>ROBBERY</category><descript>ROBBERY ON THE STREET, STRONGARM</descript><dayofweek>Monday</dayofweek><date>2015-04-06T00:00:00</date><time>09:38</time><pddistrict>TENDERLOIN</pddistrict><resolution>NONE</resolution><address>MARKET ST / 9TH ST</address><x>-122.416293820935</x><y>37.777493677735</y><location human_address="{&quot;address&quot;:&quot;&quot;,&quot;city&quot;:&quot;&quot;,&quot;state&quot;:&quot;&quot;,&quot;zip&quot;:&quot;&quot;}" latitude="37.777493677735" longitude="-122.416293820935" needs_recoding="false"/></row>