<?xml version="1.0" encoding="UTF-8"?><row _id="12561962" _uuid="18F2FECD-603E-4EEA-8674-B1D8B78F0C82" _position="12561962" _address="http://data.sfgov.org/resource/ritf-b9ki/12561962"><incidntnum>156074808</incidntnum><category>LARCENY/THEFT</category><descript>GRAND THEFT FROM LOCKED AUTO</descript><dayofweek>Friday</dayofweek><date>2015-03-27T00:00:00</date><time>14:30</time><pddistrict>PARK</pddistrict><resolution>NONE</resolution><address>BELVEDERE ST / HAIGHT ST</address><x>-122.449647662955</x><y>37.7696619195846</y><location human_address="{&quot;address&quot;:&quot;&quot;,&quot;city&quot;:&quot;&quot;,&quot;state&quot;:&quot;&quot;,&quot;zip&quot;:&quot;&quot;}" latitude="37.7696619195846" longitude="-122.449647662955" needs_recoding="false"/></row>