<?xml version="1.0" encoding="UTF-8"?><row _id="12563414" _uuid="CAD08326-C882-4BA0-AFEF-D7E83A8ED203" _position="12563414" _address="http://data.sfgov.org/resource/ritf-b9ki/12563414"><incidntnum>156080372</incidntnum><category>LARCENY/THEFT</category><descript>GRAND THEFT FROM LOCKED AUTO</descript><dayofweek>Sunday</dayofweek><date>2015-03-29T00:00:00</date><time>09:30</time><pddistrict>SOUTHERN</pddistrict><resolution>NONE</resolution><address>100 Block of FOLSOM ST</address><x>-122.391471981829</x><y>37.7897517537487</y><location human_address="{&quot;address&quot;:&quot;&quot;,&quot;city&quot;:&quot;&quot;,&quot;state&quot;:&quot;&quot;,&quot;zip&quot;:&quot;&quot;}" latitude="37.7897517537487" longitude="-122.391471981829" needs_recoding="false"/></row>