<?xml version="1.0" encoding="UTF-8"?><row _id="12563113" _uuid="11D1BF06-F6BC-4249-A01F-2139DF54D0ED" _position="12563113" _address="http://data.sfgov.org/resource/ritf-b9ki/12563113"><incidntnum>150277492</incidntnum><category>LARCENY/THEFT</category><descript>GRAND THEFT FROM LOCKED AUTO</descript><dayofweek>Sunday</dayofweek><date>2015-03-29T00:00:00</date><time>13:00</time><pddistrict>CENTRAL</pddistrict><resolution>NONE</resolution><address>FRONT ST / VALLEJO ST</address><x>-122.400069732774</x><y>37.7996820177032</y><location human_address="{&quot;address&quot;:&quot;&quot;,&quot;city&quot;:&quot;&quot;,&quot;state&quot;:&quot;&quot;,&quot;zip&quot;:&quot;&quot;}" latitude="37.7996820177032" longitude="-122.400069732774" needs_recoding="false"/></row>