<?xml version="1.0" encoding="UTF-8"?><row _id="12562632" _uuid="7BBBB796-88E7-4EA9-A888-15549AAC11DB" _position="12562632" _address="http://data.sfgov.org/resource/ritf-b9ki/12562632"><incidntnum>150275208</incidntnum><category>LARCENY/THEFT</category><descript>GRAND THEFT FROM LOCKED AUTO</descript><dayofweek>Saturday</dayofweek><date>2015-03-28T00:00:00</date><time>20:00</time><pddistrict>CENTRAL</pddistrict><resolution>NONE</resolution><address>NORTHPOINT ST / VANNESS AV</address><x>-122.425300930134</x><y>37.8050769933248</y><location human_address="{&quot;address&quot;:&quot;&quot;,&quot;city&quot;:&quot;&quot;,&quot;state&quot;:&quot;&quot;,&quot;zip&quot;:&quot;&quot;}" latitude="37.8050769933248" longitude="-122.425300930134" needs_recoding="false"/></row>