<?xml version="1.0" encoding="UTF-8"?><row _id="12564875" _uuid="7AFD021B-5D86-4E55-9793-EB799B865202" _position="12564875" _address="http://data.sfgov.org/resource/ritf-b9ki/12564875"><incidntnum>150307544</incidntnum><category>ASSAULT</category><descript>BATTERY</descript><dayofweek>Thursday</dayofweek><date>2015-03-26T00:00:00</date><time>09:00</time><pddistrict>INGLESIDE</pddistrict><resolution>NONE</resolution><address>200 Block of ONEIDA AV</address><x>-122.443009986764</x><y>37.7218704825421</y><location human_address="{&quot;address&quot;:&quot;&quot;,&quot;city&quot;:&quot;&quot;,&quot;state&quot;:&quot;&quot;,&quot;zip&quot;:&quot;&quot;}" latitude="37.7218704825421" longitude="-122.443009986764" needs_recoding="false"/></row>