<?xml version="1.0" encoding="UTF-8"?><row _id="12561501" _uuid="9D795B94-2AC4-4FDE-BAD1-F3F9BF1F6857" _position="12561501" _address="http://data.sfgov.org/resource/ritf-b9ki/12561501"><incidntnum>150267039</incidntnum><category>SUSPICIOUS OCC</category><descript>SUSPICIOUS OCCURRENCE</descript><dayofweek>Thursday</dayofweek><date>2015-03-26T00:00:00</date><time>12:45</time><pddistrict>SOUTHERN</pddistrict><resolution>NONE</resolution><address>7TH ST / MARKET ST</address><x>-122.412515341356</x><y>37.7804777480508</y><location human_address="{&quot;address&quot;:&quot;&quot;,&quot;city&quot;:&quot;&quot;,&quot;state&quot;:&quot;&quot;,&quot;zip&quot;:&quot;&quot;}" latitude="37.7804777480508" longitude="-122.412515341356" needs_recoding="false"/></row>