<?xml version="1.0" encoding="UTF-8"?><row _id="12562144" _uuid="D45B62C6-7BD8-4D62-B9CF-C428C3E7E1E0" _position="12562144" _address="http://data.sfgov.org/resource/ritf-b9ki/12562144"><incidntnum>156074745</incidntnum><category>LARCENY/THEFT</category><descript>PETTY THEFT OF PROPERTY</descript><dayofweek>Friday</dayofweek><date>2015-03-27T00:00:00</date><time>16:15</time><pddistrict>CENTRAL</pddistrict><resolution>NONE</resolution><address>1100 Block of TAYLOR ST</address><x>-122.412715991184</x><y>37.7932211171428</y><location human_address="{&quot;address&quot;:&quot;&quot;,&quot;city&quot;:&quot;&quot;,&quot;state&quot;:&quot;&quot;,&quot;zip&quot;:&quot;&quot;}" latitude="37.7932211171428" longitude="-122.412715991184" needs_recoding="false"/></row>