<?xml version="1.0" encoding="UTF-8"?><row _id="12561426" _uuid="B6EE3AA8-354F-43CD-9CA8-94056AD9157D" _position="12561426" _address="http://data.sfgov.org/resource/ritf-b9ki/12561426"><incidntnum>150265180</incidntnum><category>WARRANTS</category><descript>POST RELEASE COMMUNITY SUPERVISION</descript><dayofweek>Wednesday</dayofweek><date>2015-03-25T00:00:00</date><time>20:50</time><pddistrict>NORTHERN</pddistrict><resolution>ARREST, BOOKED</resolution><address>1200 Block of POLK ST</address><x>-122.420190324599</x><y>37.7884695862298</y><location human_address="{&quot;address&quot;:&quot;&quot;,&quot;city&quot;:&quot;&quot;,&quot;state&quot;:&quot;&quot;,&quot;zip&quot;:&quot;&quot;}" latitude="37.7884695862298" longitude="-122.420190324599" needs_recoding="false"/></row>