<?xml version="1.0" encoding="UTF-8"?><row _id="12573979" _uuid="91784ECF-AD5E-44F1-B2F6-019CD4E62759" _position="12573979" _address="http://data.sfgov.org/resource/ritf-b9ki/12573979"><incidntnum>150339086</incidntnum><category>OTHER OFFENSES</category><descript>DRIVERS LICENSE, SUSPENDED OR REVOKED</descript><dayofweek>Saturday</dayofweek><date>2015-04-18T00:00:00</date><time>16:46</time><pddistrict>SOUTHERN</pddistrict><resolution>ARREST, CITED</resolution><address>300 Block of TOWNSEND ST</address><x>-122.396164058532</x><y>37.7762328753299</y><location human_address="{&quot;address&quot;:&quot;&quot;,&quot;city&quot;:&quot;&quot;,&quot;state&quot;:&quot;&quot;,&quot;zip&quot;:&quot;&quot;}" latitude="37.7762328753299" longitude="-122.396164058532" needs_recoding="false"/></row>