<?xml version="1.0" encoding="UTF-8"?><row _id="12565794" _uuid="840DBD69-0365-48E6-9B4D-B5E770358AAC" _position="12565794" _address="http://data.sfgov.org/resource/ritf-b9ki/12565794"><incidntnum>150295723</incidntnum><category>NON-CRIMINAL</category><descript>FOUND PROPERTY</descript><dayofweek>Saturday</dayofweek><date>2015-04-04T00:00:00</date><time>13:55</time><pddistrict>INGLESIDE</pddistrict><resolution>NONE</resolution><address>900 Block of PERSIA AV</address><x>-122.428426839039</x><y>37.7194674627736</y><location human_address="{&quot;address&quot;:&quot;&quot;,&quot;city&quot;:&quot;&quot;,&quot;state&quot;:&quot;&quot;,&quot;zip&quot;:&quot;&quot;}" latitude="37.7194674627736" longitude="-122.428426839039" needs_recoding="false"/></row>