<?xml version="1.0" encoding="UTF-8"?><row _id="12591912" _uuid="20155A2D-D4CB-44C4-B00F-E8911D2B0CAA" _position="12591912" _address="http://data.sfgov.org/resource/ritf-b9ki/12591912"><incidntnum>150316335</incidntnum><category>MISSING PERSON</category><descript>FOUND PERSON</descript><dayofweek>Saturday</dayofweek><date>2015-04-11T00:00:00</date><time>13:00</time><pddistrict>PARK</pddistrict><resolution>NONE</resolution><address>1200 Block of PAGE ST</address><x>-122.441393701114</x><y>37.7717273141771</y><location human_address="{&quot;address&quot;:&quot;&quot;,&quot;city&quot;:&quot;&quot;,&quot;state&quot;:&quot;&quot;,&quot;zip&quot;:&quot;&quot;}" latitude="37.7717273141771" longitude="-122.441393701114" needs_recoding="false"/></row>