<?xml version="1.0" encoding="UTF-8"?><row _id="12575572" _uuid="5D6C438E-B6C9-4A71-AE31-8F9F45FEF352" _position="12575572" _address="http://data.sfgov.org/resource/ritf-b9ki/12575572"><incidntnum>150364845</incidntnum><category>NON-CRIMINAL</category><descript>FOUND PROPERTY</descript><dayofweek>Monday</dayofweek><date>2015-04-27T00:00:00</date><time>04:24</time><pddistrict>NORTHERN</pddistrict><resolution>ARREST, BOOKED</resolution><address>400 Block of GROVE ST</address><x>-122.42401415202</x><y>37.7777607151399</y><location human_address="{&quot;address&quot;:&quot;&quot;,&quot;city&quot;:&quot;&quot;,&quot;state&quot;:&quot;&quot;,&quot;zip&quot;:&quot;&quot;}" latitude="37.7777607151399" longitude="-122.42401415202" needs_recoding="false"/></row>