<?xml version="1.0" encoding="UTF-8"?><row _id="12566257" _uuid="6E7181ED-7970-41EE-995E-C4816574A250" _position="12566257" _address="http://data.sfgov.org/resource/ritf-b9ki/12566257"><incidntnum>150313632</incidntnum><category>FRAUD</category><descript>FALSE CLAIMS, PRESENTING TO GOVERNMENT</descript><dayofweek>Friday</dayofweek><date>2015-04-03T00:00:00</date><time>12:00</time><pddistrict>TARAVAL</pddistrict><resolution>NONE</resolution><address>1800 Block of 47TH AV</address><x>-122.506479771529</x><y>37.7519634602716</y><location human_address="{&quot;address&quot;:&quot;&quot;,&quot;city&quot;:&quot;&quot;,&quot;state&quot;:&quot;&quot;,&quot;zip&quot;:&quot;&quot;}" latitude="37.7519634602716" longitude="-122.506479771529" needs_recoding="false"/></row>