<?xml version="1.0" encoding="UTF-8"?><row _id="12563654" _uuid="C800AA79-4BD3-41C1-9176-F3E97E8E0440" _position="12563654" _address="http://data.sfgov.org/resource/ritf-b9ki/12563654"><incidntnum>150279733</incidntnum><category>ASSAULT</category><descript>THREATS AGAINST LIFE</descript><dayofweek>Monday</dayofweek><date>2015-03-30T00:00:00</date><time>14:37</time><pddistrict>INGLESIDE</pddistrict><resolution>NONE</resolution><address>4600 Block of MISSION ST</address><x>-122.435161640813</x><y>37.7243102435436</y><location human_address="{&quot;address&quot;:&quot;&quot;,&quot;city&quot;:&quot;&quot;,&quot;state&quot;:&quot;&quot;,&quot;zip&quot;:&quot;&quot;}" latitude="37.7243102435436" longitude="-122.435161640813" needs_recoding="false"/></row>