<?xml version="1.0" encoding="UTF-8"?><row _id="12561286" _uuid="25838015-65CA-4D88-A6B4-6BEFE4787C55" _position="12561286" _address="http://data.sfgov.org/resource/ritf-b9ki/12561286"><incidntnum>156073985</incidntnum><category>LARCENY/THEFT</category><descript>GRAND THEFT FROM LOCKED AUTO</descript><dayofweek>Wednesday</dayofweek><date>2015-03-25T00:00:00</date><time>20:45</time><pddistrict>TARAVAL</pddistrict><resolution>NONE</resolution><address>1800 Block of 10TH AV</address><x>-122.466733030878</x><y>37.753714592061</y><location human_address="{&quot;address&quot;:&quot;&quot;,&quot;city&quot;:&quot;&quot;,&quot;state&quot;:&quot;&quot;,&quot;zip&quot;:&quot;&quot;}" latitude="37.753714592061" longitude="-122.466733030878" needs_recoding="false"/></row>