<?xml version="1.0" encoding="UTF-8"?><row _id="12564117" _uuid="3357D89E-4579-49FB-B072-3FE209A84F3D" _position="12564117" _address="http://data.sfgov.org/resource/ritf-b9ki/12564117"><incidntnum>150284419</incidntnum><category>LARCENY/THEFT</category><descript>PETTY THEFT SHOPLIFTING</descript><dayofweek>Tuesday</dayofweek><date>2015-03-31T00:00:00</date><time>19:26</time><pddistrict>SOUTHERN</pddistrict><resolution>ARREST, BOOKED</resolution><address>700 Block of MISSION ST</address><x>-122.403070000847</x><y>37.7852686309087</y><location human_address="{&quot;address&quot;:&quot;&quot;,&quot;city&quot;:&quot;&quot;,&quot;state&quot;:&quot;&quot;,&quot;zip&quot;:&quot;&quot;}" latitude="37.7852686309087" longitude="-122.403070000847" needs_recoding="false"/></row>