<?xml version="1.0" encoding="UTF-8"?><row _id="12580108" _uuid="7FB5ABD0-EBC8-4282-A996-C95B42875F9D" _position="12580108" _address="http://data.sfgov.org/resource/ritf-b9ki/12580108"><incidntnum>150305457</incidntnum><category>NON-CRIMINAL</category><descript>COURTESY REPORT</descript><dayofweek>Tuesday</dayofweek><date>2015-03-31T00:00:00</date><time>00:01</time><pddistrict>RICHMOND</pddistrict><resolution>NONE</resolution><address>600 Block of 17TH AV</address><x>-122.475749219073</x><y>37.775745810904</y><location human_address="{&quot;address&quot;:&quot;&quot;,&quot;city&quot;:&quot;&quot;,&quot;state&quot;:&quot;&quot;,&quot;zip&quot;:&quot;&quot;}" latitude="37.775745810904" longitude="-122.475749219073" needs_recoding="false"/></row>