<?xml version="1.0" encoding="UTF-8"?><row _id="12563010" _uuid="83237014-A1C0-4AFB-BD74-55867B8456B4" _position="12563010" _address="http://data.sfgov.org/resource/ritf-b9ki/12563010"><incidntnum>150274272</incidntnum><category>WEAPON LAWS</category><descript>FIREARM WITH ALTERED IDENTIFICATION</descript><dayofweek>Saturday</dayofweek><date>2015-03-28T00:00:00</date><time>12:45</time><pddistrict>BAYVIEW</pddistrict><resolution>ARREST, BOOKED</resolution><address>1700 Block of LASALLE AV</address><x>-122.391434800433</x><y>37.7381270935013</y><location human_address="{&quot;address&quot;:&quot;&quot;,&quot;city&quot;:&quot;&quot;,&quot;state&quot;:&quot;&quot;,&quot;zip&quot;:&quot;&quot;}" latitude="37.7381270935013" longitude="-122.391434800433" needs_recoding="false"/></row>