<?xml version="1.0" encoding="UTF-8"?><row _id="12561858" _uuid="04691D1E-A535-4485-9917-88642AA7FB5C" _position="12561858" _address="http://data.sfgov.org/resource/ritf-b9ki/12561858"><incidntnum>150269483</incidntnum><category>NON-CRIMINAL</category><descript>AIDED CASE -PROPERTY FOR DESTRUCTION</descript><dayofweek>Thursday</dayofweek><date>2015-03-26T00:00:00</date><time>14:30</time><pddistrict>MISSION</pddistrict><resolution>NONE</resolution><address>600 Block of VALENCIA ST</address><x>-122.421747650463</x><y>37.7627436601147</y><location human_address="{&quot;address&quot;:&quot;&quot;,&quot;city&quot;:&quot;&quot;,&quot;state&quot;:&quot;&quot;,&quot;zip&quot;:&quot;&quot;}" latitude="37.7627436601147" longitude="-122.421747650463" needs_recoding="false"/></row>