<?xml version="1.0" encoding="UTF-8"?><row _id="12562184" _uuid="A7D57B83-A238-46AC-8F1D-A9F27F319894" _position="12562184" _address="http://data.sfgov.org/resource/ritf-b9ki/12562184"><incidntnum>150271109</incidntnum><category>LARCENY/THEFT</category><descript>PETTY THEFT OF PROPERTY</descript><dayofweek>Friday</dayofweek><date>2015-03-27T00:00:00</date><time>13:30</time><pddistrict>TENDERLOIN</pddistrict><resolution>NONE</resolution><address>200 Block of TURK ST</address><x>-122.413259498719</x><y>37.7829514828801</y><location human_address="{&quot;address&quot;:&quot;&quot;,&quot;city&quot;:&quot;&quot;,&quot;state&quot;:&quot;&quot;,&quot;zip&quot;:&quot;&quot;}" latitude="37.7829514828801" longitude="-122.413259498719" needs_recoding="false"/></row>