<?xml version="1.0" encoding="UTF-8"?><row _id="12567809" _uuid="6925B778-EF5D-4D12-BC45-0EA0BF05A9C9" _position="12567809" _address="http://data.sfgov.org/resource/ritf-b9ki/12567809"><incidntnum>150312361</incidntnum><category>ASSAULT</category><descript>BATTERY</descript><dayofweek>Friday</dayofweek><date>2015-04-10T00:00:00</date><time>05:00</time><pddistrict>SOUTHERN</pddistrict><resolution>NONE</resolution><address>MARKET ST / 5THSTNORTH ST</address><x>-122.408068345148</x><y>37.7839916768161</y><location human_address="{&quot;address&quot;:&quot;&quot;,&quot;city&quot;:&quot;&quot;,&quot;state&quot;:&quot;&quot;,&quot;zip&quot;:&quot;&quot;}" latitude="37.7839916768161" longitude="-122.408068345148" needs_recoding="false"/></row>