<?xml version="1.0" encoding="UTF-8"?><row _id="12564122" _uuid="44F66F46-257F-437F-A75B-65A3C1E05BAB" _position="12564122" _address="http://data.sfgov.org/resource/ritf-b9ki/12564122"><incidntnum>150285360</incidntnum><category>VEHICLE THEFT</category><descript>STOLEN TRUCK</descript><dayofweek>Tuesday</dayofweek><date>2015-03-31T00:00:00</date><time>17:30</time><pddistrict>INGLESIDE</pddistrict><resolution>NONE</resolution><address>200 Block of ATHENS ST</address><x>-122.426726019084</x><y>37.7239973136765</y><location human_address="{&quot;address&quot;:&quot;&quot;,&quot;city&quot;:&quot;&quot;,&quot;state&quot;:&quot;&quot;,&quot;zip&quot;:&quot;&quot;}" latitude="37.7239973136765" longitude="-122.426726019084" needs_recoding="false"/></row>