<?xml version="1.0" encoding="UTF-8"?><row _id="12563839" _uuid="6F04D319-6398-492F-9EC8-BC2A3008B493" _position="12563839" _address="http://data.sfgov.org/resource/ritf-b9ki/12563839"><incidntnum>156079698</incidntnum><category>LARCENY/THEFT</category><descript>GRAND THEFT FROM LOCKED AUTO</descript><dayofweek>Monday</dayofweek><date>2015-03-30T00:00:00</date><time>20:00</time><pddistrict>INGLESIDE</pddistrict><resolution>NONE</resolution><address>1300 Block of DIAMOND ST</address><x>-122.435808785092</x><y>37.7467721021383</y><location human_address="{&quot;address&quot;:&quot;&quot;,&quot;city&quot;:&quot;&quot;,&quot;state&quot;:&quot;&quot;,&quot;zip&quot;:&quot;&quot;}" latitude="37.7467721021383" longitude="-122.435808785092" needs_recoding="false"/></row>