<?xml version="1.0" encoding="UTF-8"?><row _id="12561483" _uuid="E7E54942-87DF-4E27-A098-84E494F25A99" _position="12561483" _address="http://data.sfgov.org/resource/ritf-b9ki/12561483"><incidntnum>150268479</incidntnum><category>OTHER OFFENSES</category><descript>DRIVERS LICENSE, SUSPENDED OR REVOKED</descript><dayofweek>Thursday</dayofweek><date>2015-03-26T00:00:00</date><time>20:00</time><pddistrict>TARAVAL</pddistrict><resolution>ARREST, BOOKED</resolution><address>OCEAN AV / WESTGATE DR</address><x>-122.466681423853</x><y>37.7272378827122</y><location human_address="{&quot;address&quot;:&quot;&quot;,&quot;city&quot;:&quot;&quot;,&quot;state&quot;:&quot;&quot;,&quot;zip&quot;:&quot;&quot;}" latitude="37.7272378827122" longitude="-122.466681423853" needs_recoding="false"/></row>