<?xml version="1.0" encoding="UTF-8"?><row _id="12561394" _uuid="B0757A81-6D4B-436F-A25A-935C17879642" _position="12561394" _address="http://data.sfgov.org/resource/ritf-b9ki/12561394"><incidntnum>150264831</incidntnum><category>LARCENY/THEFT</category><descript>GRAND THEFT FROM LOCKED AUTO</descript><dayofweek>Wednesday</dayofweek><date>2015-03-25T00:00:00</date><time>18:50</time><pddistrict>MISSION</pddistrict><resolution>NONE</resolution><address>1000 Block of GUERRERO ST</address><x>-122.423027478912</x><y>37.7547387532334</y><location human_address="{&quot;address&quot;:&quot;&quot;,&quot;city&quot;:&quot;&quot;,&quot;state&quot;:&quot;&quot;,&quot;zip&quot;:&quot;&quot;}" latitude="37.7547387532334" longitude="-122.423027478912" needs_recoding="false"/></row>