<?xml version="1.0" encoding="UTF-8"?><row _id="12563156" _uuid="74C33F07-C976-464B-8772-FD197D919424" _position="12563156" _address="http://data.sfgov.org/resource/ritf-b9ki/12563156"><incidntnum>150276228</incidntnum><category>NON-CRIMINAL</category><descript>LOST PROPERTY</descript><dayofweek>Sunday</dayofweek><date>2015-03-29T00:00:00</date><time>01:00</time><pddistrict>MISSION</pddistrict><resolution>NONE</resolution><address>18TH ST / CASTRO ST</address><x>-122.435002864298</x><y>37.7608878061194</y><location human_address="{&quot;address&quot;:&quot;&quot;,&quot;city&quot;:&quot;&quot;,&quot;state&quot;:&quot;&quot;,&quot;zip&quot;:&quot;&quot;}" latitude="37.7608878061194" longitude="-122.435002864298" needs_recoding="false"/></row>