<?xml version="1.0" encoding="UTF-8"?><row _id="12562173" _uuid="72FF16E3-F552-4020-BE54-73F8D9FF5575" _position="12562173" _address="http://data.sfgov.org/resource/ritf-b9ki/12562173"><incidntnum>150270963</incidntnum><category>LARCENY/THEFT</category><descript>PETTY THEFT SHOPLIFTING</descript><dayofweek>Friday</dayofweek><date>2015-03-27T00:00:00</date><time>16:09</time><pddistrict>SOUTHERN</pddistrict><resolution>ARREST, BOOKED</resolution><address>800 Block of MARKET ST</address><x>-122.407633520742</x><y>37.7841893501425</y><location human_address="{&quot;address&quot;:&quot;&quot;,&quot;city&quot;:&quot;&quot;,&quot;state&quot;:&quot;&quot;,&quot;zip&quot;:&quot;&quot;}" latitude="37.7841893501425" longitude="-122.407633520742" needs_recoding="false"/></row>