<?xml version="1.0" encoding="UTF-8"?><row _id="12561573" _uuid="0A7D272B-51D7-4976-B5F9-6982C4B30D43" _position="12561573" _address="http://data.sfgov.org/resource/ritf-b9ki/12561573"><incidntnum>150268639</incidntnum><category>DRUG/NARCOTIC</category><descript>POSSESSION OF BASE/ROCK COCAINE FOR SALE</descript><dayofweek>Thursday</dayofweek><date>2015-03-26T00:00:00</date><time>20:49</time><pddistrict>SOUTHERN</pddistrict><resolution>ARREST, BOOKED</resolution><address>9TH ST / MISSION ST</address><x>-122.414714295579</x><y>37.7762310404758</y><location human_address="{&quot;address&quot;:&quot;&quot;,&quot;city&quot;:&quot;&quot;,&quot;state&quot;:&quot;&quot;,&quot;zip&quot;:&quot;&quot;}" latitude="37.7762310404758" longitude="-122.414714295579" needs_recoding="false"/></row>