<?xml version="1.0" encoding="UTF-8"?><row _id="12562103" _uuid="BA0D2612-BC6D-4BE4-B971-880304D77FB7" _position="12562103" _address="http://data.sfgov.org/resource/ritf-b9ki/12562103"><incidntnum>150269966</incidntnum><category>NON-CRIMINAL</category><descript>LOST PROPERTY</descript><dayofweek>Friday</dayofweek><date>2015-03-27T00:00:00</date><time>09:30</time><pddistrict>MISSION</pddistrict><resolution>NONE</resolution><address>600 Block of CAPP ST</address><x>-122.417802962628</x><y>37.7562822236574</y><location human_address="{&quot;address&quot;:&quot;&quot;,&quot;city&quot;:&quot;&quot;,&quot;state&quot;:&quot;&quot;,&quot;zip&quot;:&quot;&quot;}" latitude="37.7562822236574" longitude="-122.417802962628" needs_recoding="false"/></row>