<?xml version="1.0" encoding="UTF-8"?><row _id="12586593" _uuid="CC11089E-7DC1-4FEC-82B6-45258EDDF397" _position="12586593" _address="http://data.sfgov.org/resource/ritf-b9ki/12586593"><incidntnum>150448449</incidntnum><category>VEHICLE THEFT</category><descript>STOLEN AUTOMOBILE</descript><dayofweek>Saturday</dayofweek><date>2015-05-23T00:00:00</date><time>02:44</time><pddistrict>TENDERLOIN</pddistrict><resolution>ARREST, BOOKED</resolution><address>200 Block of HYDE ST</address><x>-122.415721688006</x><y>37.7830679886919</y><location human_address="{&quot;address&quot;:&quot;&quot;,&quot;city&quot;:&quot;&quot;,&quot;state&quot;:&quot;&quot;,&quot;zip&quot;:&quot;&quot;}" latitude="37.7830679886919" longitude="-122.415721688006" needs_recoding="false"/></row>