<?xml version="1.0" encoding="UTF-8"?><row _id="12561294" _uuid="17910E7D-755D-47A5-B892-7B1E972BB5C2" _position="12561294" _address="http://data.sfgov.org/resource/ritf-b9ki/12561294"><incidntnum>150261752</incidntnum><category>MISSING PERSON</category><descript>MISSING ADULT</descript><dayofweek>Wednesday</dayofweek><date>2015-03-25T00:00:00</date><time>14:40</time><pddistrict>PARK</pddistrict><resolution>NONE</resolution><address>300 Block of LAGUNAHONDA BL</address><x>-122.458680189782</x><y>37.7481554692332</y><location human_address="{&quot;address&quot;:&quot;&quot;,&quot;city&quot;:&quot;&quot;,&quot;state&quot;:&quot;&quot;,&quot;zip&quot;:&quot;&quot;}" latitude="37.7481554692332" longitude="-122.458680189782" needs_recoding="false"/></row>