<?xml version="1.0" encoding="UTF-8"?><row _id="12561490" _uuid="6E41368D-4F2A-4436-9642-29906974723A" _position="12561490" _address="http://data.sfgov.org/resource/ritf-b9ki/12561490"><incidntnum>150269477</incidntnum><category>NON-CRIMINAL</category><descript>FOUND PROPERTY</descript><dayofweek>Thursday</dayofweek><date>2015-03-26T00:00:00</date><time>14:00</time><pddistrict>MISSION</pddistrict><resolution>NONE</resolution><address>17TH ST / SOUTH VAN NESS AV</address><x>-122.41733258259</x><y>37.7635718955893</y><location human_address="{&quot;address&quot;:&quot;&quot;,&quot;city&quot;:&quot;&quot;,&quot;state&quot;:&quot;&quot;,&quot;zip&quot;:&quot;&quot;}" latitude="37.7635718955893" longitude="-122.41733258259" needs_recoding="false"/></row>