<?xml version="1.0" encoding="UTF-8"?><row _id="12561542" _uuid="2B27F148-2D1E-44D8-BC97-66330A38384A" _position="12561542" _address="http://data.sfgov.org/resource/ritf-b9ki/12561542"><incidntnum>156074676</incidntnum><category>LARCENY/THEFT</category><descript>GRAND THEFT FROM LOCKED AUTO</descript><dayofweek>Thursday</dayofweek><date>2015-03-26T00:00:00</date><time>13:01</time><pddistrict>TARAVAL</pddistrict><resolution>NONE</resolution><address>JUDAH ST / LA PLAYA ST</address><x>-122.509138997184</x><y>37.7602791548408</y><location human_address="{&quot;address&quot;:&quot;&quot;,&quot;city&quot;:&quot;&quot;,&quot;state&quot;:&quot;&quot;,&quot;zip&quot;:&quot;&quot;}" latitude="37.7602791548408" longitude="-122.509138997184" needs_recoding="false"/></row>