<?xml version="1.0" encoding="UTF-8"?><row _id="12564352" _uuid="1FBC9177-66B6-4C6B-B503-A32A5E3F05E7" _position="12564352" _address="http://data.sfgov.org/resource/ritf-b9ki/12564352"><incidntnum>150286829</incidntnum><category>LARCENY/THEFT</category><descript>PETTY THEFT FROM A BUILDING</descript><dayofweek>Wednesday</dayofweek><date>2015-04-01T00:00:00</date><time>17:00</time><pddistrict>NORTHERN</pddistrict><resolution>NONE</resolution><address>2000 Block of FILLMORE ST</address><x>-122.433676892244</x><y>37.7884461157258</y><location human_address="{&quot;address&quot;:&quot;&quot;,&quot;city&quot;:&quot;&quot;,&quot;state&quot;:&quot;&quot;,&quot;zip&quot;:&quot;&quot;}" latitude="37.7884461157258" longitude="-122.433676892244" needs_recoding="false"/></row>