<?xml version="1.0" encoding="UTF-8"?><row _id="12568169" _uuid="E1456DE7-75F6-486A-9099-4E936AB1B668" _position="12568169" _address="http://data.sfgov.org/resource/ritf-b9ki/12568169"><incidntnum>150315036</incidntnum><category>WEAPON LAWS</category><descript>FIREARM, ARMED WHILE POSSESSING CONTROLLED SUBSTANCE</descript><dayofweek>Friday</dayofweek><date>2015-04-10T00:00:00</date><time>18:56</time><pddistrict>TENDERLOIN</pddistrict><resolution>ARREST, BOOKED</resolution><address>100 Block of POWELL ST</address><x>-122.407877787733</x><y>37.7859680076775</y><location human_address="{&quot;address&quot;:&quot;&quot;,&quot;city&quot;:&quot;&quot;,&quot;state&quot;:&quot;&quot;,&quot;zip&quot;:&quot;&quot;}" latitude="37.7859680076775" longitude="-122.407877787733" needs_recoding="false"/></row>