<?xml version="1.0" encoding="UTF-8"?><row _id="12565524" _uuid="4F4FBC3E-6F11-4EC9-900B-A7A7D73B5460" _position="12565524" _address="http://data.sfgov.org/resource/ritf-b9ki/12565524"><incidntnum>156081217</incidntnum><category>VANDALISM</category><descript>MALICIOUS MISCHIEF, VANDALISM</descript><dayofweek>Saturday</dayofweek><date>2015-04-04T00:00:00</date><time>18:30</time><pddistrict>CENTRAL</pddistrict><resolution>NONE</resolution><address>WASHINGTON ST / BATTERY ST</address><x>-122.400488130754</x><y>37.7958763223097</y><location human_address="{&quot;address&quot;:&quot;&quot;,&quot;city&quot;:&quot;&quot;,&quot;state&quot;:&quot;&quot;,&quot;zip&quot;:&quot;&quot;}" latitude="37.7958763223097" longitude="-122.400488130754" needs_recoding="false"/></row>