<?xml version="1.0" encoding="UTF-8"?><row _id="12561911" _uuid="A7DC6FF7-5F1C-4AA0-BF67-33160E276590" _position="12561911" _address="http://data.sfgov.org/resource/ritf-b9ki/12561911"><incidntnum>150262681</incidntnum><category>NON-CRIMINAL</category><descript>CASE CLOSURE</descript><dayofweek>Tuesday</dayofweek><date>2015-03-24T00:00:00</date><time>20:00</time><pddistrict>TARAVAL</pddistrict><resolution>UNFOUNDED</resolution><address>1600 Block of 47TH AV</address><x>-122.506600662036</x><y>37.755699985061</y><location human_address="{&quot;address&quot;:&quot;&quot;,&quot;city&quot;:&quot;&quot;,&quot;state&quot;:&quot;&quot;,&quot;zip&quot;:&quot;&quot;}" latitude="37.755699985061" longitude="-122.506600662036" needs_recoding="false"/></row>