<?xml version="1.0" encoding="UTF-8"?><row _id="12625296" _uuid="CEB718F6-551F-4C30-AE3E-7B9F938ED046" _position="12625296" _address="http://data.sfgov.org/resource/ritf-b9ki/12625296"><incidntnum>150659834</incidntnum><category>NON-CRIMINAL</category><descript>CASE CLOSURE</descript><dayofweek>Wednesday</dayofweek><date>2015-04-01T00:00:00</date><time>12:00</time><pddistrict>INGLESIDE</pddistrict><resolution>UNFOUNDED</resolution><address>200 Block of DELTA ST</address><x>-122.408394325629</x><y>37.7154712347329</y><location human_address="{&quot;address&quot;:&quot;&quot;,&quot;city&quot;:&quot;&quot;,&quot;state&quot;:&quot;&quot;,&quot;zip&quot;:&quot;&quot;}" latitude="37.7154712347329" longitude="-122.408394325629" needs_recoding="false"/></row>