<?xml version="1.0" encoding="UTF-8"?><row _id="12567335" _uuid="C469F1EA-774A-43D1-83F0-36F4874CB905" _position="12567335" _address="http://data.sfgov.org/resource/ritf-b9ki/12567335"><incidntnum>150308401</incidntnum><category>LARCENY/THEFT</category><descript>GRAND THEFT FROM LOCKED AUTO</descript><dayofweek>Wednesday</dayofweek><date>2015-04-08T00:00:00</date><time>17:40</time><pddistrict>BAYVIEW</pddistrict><resolution>NONE</resolution><address>1400 Block of 22ND ST</address><x>-122.480070771196</x><y>37.7606096787079</y><location human_address="{&quot;address&quot;:&quot;&quot;,&quot;city&quot;:&quot;&quot;,&quot;state&quot;:&quot;&quot;,&quot;zip&quot;:&quot;&quot;}" latitude="37.7606096787079" longitude="-122.480070771196" needs_recoding="false"/></row>