<?xml version="1.0" encoding="UTF-8"?><row _id="12561696" _uuid="F6A7E716-EC87-4155-BFF6-330249673842" _position="12561696" _address="http://data.sfgov.org/resource/ritf-b9ki/12561696"><incidntnum>156075533</incidntnum><category>LARCENY/THEFT</category><descript>GRAND THEFT FROM LOCKED AUTO</descript><dayofweek>Thursday</dayofweek><date>2015-03-26T00:00:00</date><time>20:45</time><pddistrict>SOUTHERN</pddistrict><resolution>NONE</resolution><address>800 Block of BRYANT ST</address><x>-122.403404791479</x><y>37.775420706711</y><location human_address="{&quot;address&quot;:&quot;&quot;,&quot;city&quot;:&quot;&quot;,&quot;state&quot;:&quot;&quot;,&quot;zip&quot;:&quot;&quot;}" latitude="37.775420706711" longitude="-122.403404791479" needs_recoding="false"/></row>