<?xml version="1.0" encoding="UTF-8"?><row _id="12561999" _uuid="9765A5D2-624B-4549-BF0E-1A061718B5A7" _position="12561999" _address="http://data.sfgov.org/resource/ritf-b9ki/12561999"><incidntnum>150271494</incidntnum><category>VEHICLE THEFT</category><descript>STOLEN AUTOMOBILE</descript><dayofweek>Friday</dayofweek><date>2015-03-27T00:00:00</date><time>12:15</time><pddistrict>MISSION</pddistrict><resolution>NONE</resolution><address>VALENCIA ST / 20TH ST</address><x>-122.421273998758</x><y>37.7585000733611</y><location human_address="{&quot;address&quot;:&quot;&quot;,&quot;city&quot;:&quot;&quot;,&quot;state&quot;:&quot;&quot;,&quot;zip&quot;:&quot;&quot;}" latitude="37.7585000733611" longitude="-122.421273998758" needs_recoding="false"/></row>