<?xml version="1.0" encoding="UTF-8"?><row _id="12563214" _uuid="D4C96956-8447-4759-816F-7439A3826734" _position="12563214" _address="http://data.sfgov.org/resource/ritf-b9ki/12563214"><incidntnum>150276400</incidntnum><category>OTHER OFFENSES</category><descript>RESISTING ARREST</descript><dayofweek>Sunday</dayofweek><date>2015-03-29T00:00:00</date><time>10:55</time><pddistrict>CENTRAL</pddistrict><resolution>ARREST, BOOKED</resolution><address>200 Block of GEARY ST</address><x>-122.407434989523</x><y>37.7875158741623</y><location human_address="{&quot;address&quot;:&quot;&quot;,&quot;city&quot;:&quot;&quot;,&quot;state&quot;:&quot;&quot;,&quot;zip&quot;:&quot;&quot;}" latitude="37.7875158741623" longitude="-122.407434989523" needs_recoding="false"/></row>