<?xml version="1.0" encoding="UTF-8"?><row _id="12581688" _uuid="90A791AB-1CC0-4A43-9ACE-15AE3CB31159" _position="12581688" _address="http://data.sfgov.org/resource/ritf-b9ki/12581688"><incidntnum>150369497</incidntnum><category>LARCENY/THEFT</category><descript>EMBEZZLEMENT FROM DEPENDENT OR ELDER ADULT BY CARETAKER</descript><dayofweek>Thursday</dayofweek><date>2015-04-02T00:00:00</date><time>19:32</time><pddistrict>TARAVAL</pddistrict><resolution>NONE</resolution><address>2700 Block of 41ST AV</address><x>-122.498870111393</x><y>37.7354484915926</y><location human_address="{&quot;address&quot;:&quot;&quot;,&quot;city&quot;:&quot;&quot;,&quot;state&quot;:&quot;&quot;,&quot;zip&quot;:&quot;&quot;}" latitude="37.7354484915926" longitude="-122.498870111393" needs_recoding="false"/></row>