<?xml version="1.0" encoding="UTF-8"?><row _id="12565539" _uuid="167997C8-B8C4-4E1A-BF95-7DDBA706F1FF" _position="12565539" _address="http://data.sfgov.org/resource/ritf-b9ki/12565539"><incidntnum>150297393</incidntnum><category>OTHER OFFENSES</category><descript>DRIVERS LICENSE, SUSPENDED OR REVOKED</descript><dayofweek>Saturday</dayofweek><date>2015-04-04T00:00:00</date><time>04:10</time><pddistrict>CENTRAL</pddistrict><resolution>ARREST, BOOKED</resolution><address>BAY ST / COLUMBUS AV</address><x>-122.416891536622</x><y>37.8052112316081</y><location human_address="{&quot;address&quot;:&quot;&quot;,&quot;city&quot;:&quot;&quot;,&quot;state&quot;:&quot;&quot;,&quot;zip&quot;:&quot;&quot;}" latitude="37.8052112316081" longitude="-122.416891536622" needs_recoding="false"/></row>