<?xml version="1.0" encoding="UTF-8"?><row _id="12561885" _uuid="A0A1B49A-CA96-46CB-8576-53D85922303C" _position="12561885" _address="http://data.sfgov.org/resource/ritf-b9ki/12561885"><incidntnum>150265215</incidntnum><category>NON-CRIMINAL</category><descript>CASE CLOSURE</descript><dayofweek>Wednesday</dayofweek><date>2015-03-25T00:00:00</date><time>18:00</time><pddistrict>BAYVIEW</pddistrict><resolution>UNFOUNDED</resolution><address>400 Block of RHODEISLAND ST</address><x>-122.402571216964</x><y>37.7641259075201</y><location human_address="{&quot;address&quot;:&quot;&quot;,&quot;city&quot;:&quot;&quot;,&quot;state&quot;:&quot;&quot;,&quot;zip&quot;:&quot;&quot;}" latitude="37.7641259075201" longitude="-122.402571216964" needs_recoding="false"/></row>