<?xml version="1.0" encoding="UTF-8"?><row _id="12563131" _uuid="36C54A9B-4EF6-4F54-A6F3-3BD78DF46958" _position="12563131" _address="http://data.sfgov.org/resource/ritf-b9ki/12563131"><incidntnum>150278105</incidntnum><category>ARSON</category><descript>ARSON</descript><dayofweek>Sunday</dayofweek><date>2015-03-29T00:00:00</date><time>20:00</time><pddistrict>TARAVAL</pddistrict><resolution>ARREST, BOOKED</resolution><address>GENEVA AV / OCEAN AV</address><x>-122.452330120871</x><y>37.7230787059359</y><location human_address="{&quot;address&quot;:&quot;&quot;,&quot;city&quot;:&quot;&quot;,&quot;state&quot;:&quot;&quot;,&quot;zip&quot;:&quot;&quot;}" latitude="37.7230787059359" longitude="-122.452330120871" needs_recoding="false"/></row>