<?xml version="1.0" encoding="UTF-8"?><row _id="12562631" _uuid="CB950CC2-937F-4336-94BD-60DE84164085" _position="12562631" _address="http://data.sfgov.org/resource/ritf-b9ki/12562631"><incidntnum>150274749</incidntnum><category>NON-CRIMINAL</category><descript>LOST PROPERTY</descript><dayofweek>Saturday</dayofweek><date>2015-03-28T00:00:00</date><time>17:15</time><pddistrict>TENDERLOIN</pddistrict><resolution>NONE</resolution><address>GEARY ST / STOCKTON ST</address><x>-122.406592269796</x><y>37.7875673013055</y><location human_address="{&quot;address&quot;:&quot;&quot;,&quot;city&quot;:&quot;&quot;,&quot;state&quot;:&quot;&quot;,&quot;zip&quot;:&quot;&quot;}" latitude="37.7875673013055" longitude="-122.406592269796" needs_recoding="false"/></row>