<?xml version="1.0" encoding="UTF-8"?><row _id="12565848" _uuid="21ECA9E8-C148-4784-8E2A-0D403940A34A" _position="12565848" _address="http://data.sfgov.org/resource/ritf-b9ki/12565848"><incidntnum>150311341</incidntnum><category>OTHER OFFENSES</category><descript>FALSE PERSONATION TO RECEIVE MONEY OR PROPERTY</descript><dayofweek>Tuesday</dayofweek><date>2015-02-17T00:00:00</date><time>00:01</time><pddistrict>SOUTHERN</pddistrict><resolution>NONE</resolution><address>300 Block of BEALE ST</address><x>-122.391985513707</x><y>37.7880203829063</y><location human_address="{&quot;address&quot;:&quot;&quot;,&quot;city&quot;:&quot;&quot;,&quot;state&quot;:&quot;&quot;,&quot;zip&quot;:&quot;&quot;}" latitude="37.7880203829063" longitude="-122.391985513707" needs_recoding="false"/></row>