<?xml version="1.0" encoding="UTF-8"?><row _id="10983952" _uuid="714E8C0A-612F-4C02-9C15-AAF25A7C7595" _position="10983952" _address="http://data.sfgov.org/resource/ritf-b9ki/10983952"><incidntnum>156005609</incidntnum><category>LARCENY/THEFT</category><descript>GRAND THEFT OF PROPERTY</descript><dayofweek>Wednesday</dayofweek><date>2015-01-07T00:00:00</date><time>05:55</time><pddistrict>SOUTHERN</pddistrict><resolution>NONE</resolution><address>200 Block of KING ST</address><x>-122.393110640713</x><y>37.7773103219698</y><location human_address="{&quot;address&quot;:&quot;&quot;,&quot;city&quot;:&quot;&quot;,&quot;state&quot;:&quot;&quot;,&quot;zip&quot;:&quot;&quot;}" latitude="37.7773103219698" longitude="-122.393110640713" needs_recoding="false"/></row>