<?xml version="1.0" encoding="UTF-8"?><row _id="11388057" _uuid="9677557A-51CE-4C77-B18F-9AD7BDB27443" _position="11388057" _address="http://data.sfgov.org/resource/ritf-b9ki/11388057"><incidntnum>150016325</incidntnum><category>WARRANTS</category><descript>WARRANT ARREST</descript><dayofweek>Tuesday</dayofweek><date>2015-01-06T00:00:00</date><time>13:25</time><pddistrict>SOUTHERN</pddistrict><resolution>ARREST, BOOKED</resolution><address>800 Block of BRYANT ST</address><x>-122.403404791479</x><y>37.775420706711</y><location human_address="{&quot;address&quot;:&quot;&quot;,&quot;city&quot;:&quot;&quot;,&quot;state&quot;:&quot;&quot;,&quot;zip&quot;:&quot;&quot;}" latitude="37.775420706711" longitude="-122.403404791479" needs_recoding="false"/></row>