<?xml version="1.0" encoding="UTF-8"?><row _id="11096796" _uuid="BCBD53F8-C47C-4987-8240-B4A504573FE1" _position="11096796" _address="http://data.sfgov.org/resource/ritf-b9ki/11096796"><incidntnum>156007542</incidntnum><category>LARCENY/THEFT</category><descript>GRAND THEFT FROM LOCKED AUTO</descript><dayofweek>Friday</dayofweek><date>2015-01-09T00:00:00</date><time>18:35</time><pddistrict>SOUTHERN</pddistrict><resolution>NONE</resolution><address>13TH ST / HARRISON ST</address><x>-122.413388483267</x><y>37.7695006538677</y><location human_address="{&quot;address&quot;:&quot;&quot;,&quot;city&quot;:&quot;&quot;,&quot;state&quot;:&quot;&quot;,&quot;zip&quot;:&quot;&quot;}" latitude="37.7695006538677" longitude="-122.413388483267" needs_recoding="false"/></row>