<?xml version="1.0" encoding="UTF-8"?><row _id="11875836" _uuid="A2DE2361-1038-453A-8242-6D9F87D8DCD8" _position="11875836" _address="http://data.sfgov.org/resource/ritf-b9ki/11875836"><incidntnum>150018503</incidntnum><category>NON-CRIMINAL</category><descript>LOST PROPERTY</descript><dayofweek>Tuesday</dayofweek><date>2015-01-06T00:00:00</date><time>21:00</time><pddistrict>TENDERLOIN</pddistrict><resolution>NONE</resolution><address>HYDE ST / OFARRELL ST</address><x>-122.416261836834</x><y>37.7853750846376</y><location human_address="{&quot;address&quot;:&quot;&quot;,&quot;city&quot;:&quot;&quot;,&quot;state&quot;:&quot;&quot;,&quot;zip&quot;:&quot;&quot;}" latitude="37.7853750846376" longitude="-122.416261836834" needs_recoding="false"/></row>