<?xml version="1.0" encoding="UTF-8"?><row _id="10880327" _uuid="FE149707-2FB1-47D9-9D1C-2E409FF7276D" _position="10880327" _address="http://data.sfgov.org/resource/ritf-b9ki/10880327"><incidntnum>150011610</incidntnum><category>BURGLARY</category><descript>BURGLARY OF APARTMENT HOUSE, FORCIBLE ENTRY</descript><dayofweek>Monday</dayofweek><date>2015-01-05T00:00:00</date><time>01:12</time><pddistrict>BAYVIEW</pddistrict><resolution>NONE</resolution><address>4800 Block of 3RD ST</address><x>-122.390965298144</x><y>37.7344291807899</y><location human_address="{&quot;address&quot;:&quot;&quot;,&quot;city&quot;:&quot;&quot;,&quot;state&quot;:&quot;&quot;,&quot;zip&quot;:&quot;&quot;}" latitude="37.7344291807899" longitude="-122.390965298144" needs_recoding="false"/></row>