<?xml version="1.0" encoding="UTF-8"?><row _id="12217391" _uuid="6CBCCD7F-27CF-43DE-8CA1-BE318879F24A" _position="12217391" _address="http://data.sfgov.org/resource/ritf-b9ki/12217391"><incidntnum>150035911</incidntnum><category>ASSAULT</category><descript>BATTERY, FORMER SPOUSE OR DATING RELATIONSHIP</descript><dayofweek>Monday</dayofweek><date>2015-01-12T00:00:00</date><time>18:33</time><pddistrict>INGLESIDE</pddistrict><resolution>ARREST, BOOKED</resolution><address>0 Block of HARRINGTON ST</address><x>-122.435313776535</x><y>37.7256640493624</y><location human_address="{&quot;address&quot;:&quot;&quot;,&quot;city&quot;:&quot;&quot;,&quot;state&quot;:&quot;&quot;,&quot;zip&quot;:&quot;&quot;}" latitude="37.7256640493624" longitude="-122.435313776535" needs_recoding="false"/></row>