<?xml version="1.0" encoding="UTF-8"?><row _id="11225113" _uuid="DD934601-22B4-495F-8DF2-362FC317D194" _position="11225113" _address="http://data.sfgov.org/resource/ritf-b9ki/11225113"><incidntnum>150038460</incidntnum><category>NON-CRIMINAL</category><descript>DEATH REPORT, CAUSE UNKNOWN</descript><dayofweek>Tuesday</dayofweek><date>2015-01-13T00:00:00</date><time>15:43</time><pddistrict>SOUTHERN</pddistrict><resolution>NONE</resolution><address>300 Block of MAIN ST</address><x>-122.391024911564</x><y>37.7887786674397</y><location human_address="{&quot;address&quot;:&quot;&quot;,&quot;city&quot;:&quot;&quot;,&quot;state&quot;:&quot;&quot;,&quot;zip&quot;:&quot;&quot;}" latitude="37.7887786674397" longitude="-122.391024911564" needs_recoding="false"/></row>