<?xml version="1.0" encoding="UTF-8"?><row _id="12143248" _uuid="765467E3-FB16-40AC-B52F-C6EF8CDFC6D8" _position="12143248" _address="http://data.sfgov.org/resource/ritf-b9ki/12143248"><incidntnum>150025207</incidntnum><category>DRUG/NARCOTIC</category><descript>POSSESSION OF CONTROLLED SUBSTANCE</descript><dayofweek>Friday</dayofweek><date>2015-01-09T00:00:00</date><time>03:09</time><pddistrict>TENDERLOIN</pddistrict><resolution>ARREST, BOOKED</resolution><address>200 Block of ELLIS ST</address><x>-122.410345341262</x><y>37.7852309989833</y><location human_address="{&quot;address&quot;:&quot;&quot;,&quot;city&quot;:&quot;&quot;,&quot;state&quot;:&quot;&quot;,&quot;zip&quot;:&quot;&quot;}" latitude="37.7852309989833" longitude="-122.410345341262" needs_recoding="false"/></row>