<?xml version="1.0" encoding="UTF-8"?><row _id="12222387" _uuid="4A9B0AA2-414B-414A-8584-14B0A0AAAEDD" _position="12222387" _address="http://data.sfgov.org/resource/ritf-b9ki/12222387"><incidntnum>150026459</incidntnum><category>VANDALISM</category><descript>MALICIOUS MISCHIEF, VANDALISM OF VEHICLES</descript><dayofweek>Friday</dayofweek><date>2015-01-09T00:00:00</date><time>14:12</time><pddistrict>SOUTHERN</pddistrict><resolution>NONE</resolution><address>300 Block of 8TH ST</address><x>-122.408740330215</x><y>37.7740159935006</y><location human_address="{&quot;address&quot;:&quot;&quot;,&quot;city&quot;:&quot;&quot;,&quot;state&quot;:&quot;&quot;,&quot;zip&quot;:&quot;&quot;}" latitude="37.7740159935006" longitude="-122.408740330215" needs_recoding="false"/></row>