<?xml version="1.0" encoding="UTF-8"?><row _id="11625677" _uuid="3CE37B73-7C7D-4826-806E-3CFD76B1FDC8" _position="11625677" _address="http://data.sfgov.org/resource/ritf-b9ki/11625677"><incidntnum>150011046</incidntnum><category>LARCENY/THEFT</category><descript>PETTY THEFT FROM LOCKED AUTO</descript><dayofweek>Sunday</dayofweek><date>2015-01-04T00:00:00</date><time>18:30</time><pddistrict>SOUTHERN</pddistrict><resolution>NONE</resolution><address>HOWARD ST / 6TH ST</address><x>-122.407163046954</x><y>37.7797376338991</y><location human_address="{&quot;address&quot;:&quot;&quot;,&quot;city&quot;:&quot;&quot;,&quot;state&quot;:&quot;&quot;,&quot;zip&quot;:&quot;&quot;}" latitude="37.7797376338991" longitude="-122.407163046954" needs_recoding="false"/></row>