<?xml version="1.0" encoding="UTF-8"?><row _id="11369898" _uuid="401D4437-F2CC-48AD-BFCA-E47E453B7CE7" _position="11369898" _address="http://data.sfgov.org/resource/ritf-b9ki/11369898"><incidntnum>150006611</incidntnum><category>NON-CRIMINAL</category><descript>FOUND PROPERTY</descript><dayofweek>Friday</dayofweek><date>2015-01-02T00:00:00</date><time>16:00</time><pddistrict>PARK</pddistrict><resolution>NONE</resolution><address>1800 Block of WALLER ST</address><x>-122.454330105396</x><y>37.7681530111159</y><location human_address="{&quot;address&quot;:&quot;&quot;,&quot;city&quot;:&quot;&quot;,&quot;state&quot;:&quot;&quot;,&quot;zip&quot;:&quot;&quot;}" latitude="37.7681530111159" longitude="-122.454330105396" needs_recoding="false"/></row>