<?xml version="1.0" encoding="UTF-8"?><row _id="11198623" _uuid="FC0ED759-5BC8-44A4-AC5F-2993013311FD" _position="11198623" _address="http://data.sfgov.org/resource/ritf-b9ki/11198623"><incidntnum>150022344</incidntnum><category>LARCENY/THEFT</category><descript>PETTY THEFT FROM A BUILDING</descript><dayofweek>Thursday</dayofweek><date>2015-01-08T00:00:00</date><time>10:13</time><pddistrict>TARAVAL</pddistrict><resolution>ARREST, BOOKED</resolution><address>2300 Block of 14TH AV</address><x>-122.470367918994</x><y>37.7442031108682</y><location human_address="{&quot;address&quot;:&quot;&quot;,&quot;city&quot;:&quot;&quot;,&quot;state&quot;:&quot;&quot;,&quot;zip&quot;:&quot;&quot;}" latitude="37.7442031108682" longitude="-122.470367918994" needs_recoding="false"/></row>