<?xml version="1.0" encoding="UTF-8"?><row _id="11729974" _uuid="F646C60B-71DB-485D-AC15-4316B542685F" _position="11729974" _address="http://data.sfgov.org/resource/ritf-b9ki/11729974"><incidntnum>150029986</incidntnum><category>ROBBERY</category><descript>ROBBERY OF A CHAIN STORE WITH BODILY FORCE</descript><dayofweek>Saturday</dayofweek><date>2015-01-10T00:00:00</date><time>18:00</time><pddistrict>MISSION</pddistrict><resolution>NONE</resolution><address>2600 Block of MISSION ST</address><x>-122.418738265772</x><y>37.7546172382083</y><location human_address="{&quot;address&quot;:&quot;&quot;,&quot;city&quot;:&quot;&quot;,&quot;state&quot;:&quot;&quot;,&quot;zip&quot;:&quot;&quot;}" latitude="37.7546172382083" longitude="-122.418738265772" needs_recoding="false"/></row>