<?xml version="1.0" encoding="UTF-8"?><row _id="10919581" _uuid="0F2B206F-1181-4CB2-BAEE-865125673BD0" _position="10919581" _address="http://data.sfgov.org/resource/ritf-b9ki/10919581"><incidntnum>156012256</incidntnum><category>LARCENY/THEFT</category><descript>GRAND THEFT FROM UNLOCKED AUTO</descript><dayofweek>Friday</dayofweek><date>2015-01-16T00:00:00</date><time>18:30</time><pddistrict>NORTHERN</pddistrict><resolution>NONE</resolution><address>1500 Block of SUTTER ST</address><x>-122.425883358148</x><y>37.7870798144443</y><location human_address="{&quot;address&quot;:&quot;&quot;,&quot;city&quot;:&quot;&quot;,&quot;state&quot;:&quot;&quot;,&quot;zip&quot;:&quot;&quot;}" latitude="37.7870798144443" longitude="-122.425883358148" needs_recoding="false"/></row>