<?xml version="1.0" encoding="UTF-8"?><row _id="11550211" _uuid="44467DD1-B0F1-4AE2-9636-6569F124815C" _position="11550211" _address="http://data.sfgov.org/resource/ritf-b9ki/11550211"><incidntnum>150008924</incidntnum><category>NON-CRIMINAL</category><descript>AIDED CASE</descript><dayofweek>Sunday</dayofweek><date>2015-01-04T00:00:00</date><time>00:25</time><pddistrict>INGLESIDE</pddistrict><resolution>NONE</resolution><address>3100 Block of MISSION ST</address><x>-122.418609719102</x><y>37.7474453071495</y><location human_address="{&quot;address&quot;:&quot;&quot;,&quot;city&quot;:&quot;&quot;,&quot;state&quot;:&quot;&quot;,&quot;zip&quot;:&quot;&quot;}" latitude="37.7474453071495" longitude="-122.418609719102" needs_recoding="false"/></row>