<?xml version="1.0" encoding="UTF-8"?><row _id="11621673" _uuid="FC615FB7-CECC-4F94-9010-984C573AC211" _position="11621673" _address="http://data.sfgov.org/resource/ritf-b9ki/11621673"><incidntnum>150008009</incidntnum><category>VEHICLE THEFT</category><descript>STOLEN AUTOMOBILE</descript><dayofweek>Friday</dayofweek><date>2015-01-02T00:00:00</date><time>21:34</time><pddistrict>MISSION</pddistrict><resolution>NONE</resolution><address>400 Block of LIBERTY ST</address><x>-122.431272870415</x><y>37.7570339648564</y><location human_address="{&quot;address&quot;:&quot;&quot;,&quot;city&quot;:&quot;&quot;,&quot;state&quot;:&quot;&quot;,&quot;zip&quot;:&quot;&quot;}" latitude="37.7570339648564" longitude="-122.431272870415" needs_recoding="false"/></row>