<?xml version="1.0" encoding="UTF-8"?><row _id="12205691" _uuid="95B307D9-D1FE-4D1A-B402-65A868F9CB51" _position="12205691" _address="http://data.sfgov.org/resource/ritf-b9ki/12205691"><incidntnum>150018462</incidntnum><category>OTHER OFFENSES</category><descript>PROBATION VIOLATION</descript><dayofweek>Wednesday</dayofweek><date>2015-01-07T00:00:00</date><time>00:05</time><pddistrict>TENDERLOIN</pddistrict><resolution>ARREST, BOOKED</resolution><address>200 Block of TURK ST</address><x>-122.413237516676</x><y>37.7828430233213</y><location human_address="{&quot;address&quot;:&quot;&quot;,&quot;city&quot;:&quot;&quot;,&quot;state&quot;:&quot;&quot;,&quot;zip&quot;:&quot;&quot;}" latitude="37.7828430233213" longitude="-122.413237516676" needs_recoding="false"/></row>