<?xml version="1.0" encoding="UTF-8"?><row _id="12342284" _uuid="BA19DC91-DCB0-425D-8FE0-FC5B1100D992" _position="12342284" _address="http://data.sfgov.org/resource/ritf-b9ki/12342284"><incidntnum>150098652</incidntnum><category>OTHER OFFENSES</category><descript>HARASSING PHONE CALLS</descript><dayofweek>Monday</dayofweek><date>2015-01-05T00:00:00</date><time>00:01</time><pddistrict>CENTRAL</pddistrict><resolution>NONE</resolution><address>700 Block of POWELL ST</address><x>-122.409144009353</x><y>37.7915661006349</y><location human_address="{&quot;address&quot;:&quot;&quot;,&quot;city&quot;:&quot;&quot;,&quot;state&quot;:&quot;&quot;,&quot;zip&quot;:&quot;&quot;}" latitude="37.7915661006349" longitude="-122.409144009353" needs_recoding="false"/></row>