<?xml version="1.0" encoding="UTF-8"?><row _id="11368501" _uuid="48351A3B-B36F-4628-95E2-2C361EDD7FF5" _position="11368501" _address="http://data.sfgov.org/resource/ritf-b9ki/11368501"><incidntnum>150006326</incidntnum><category>VEHICLE THEFT</category><descript>STOLEN AUTOMOBILE</descript><dayofweek>Saturday</dayofweek><date>2015-01-03T00:00:00</date><time>00:30</time><pddistrict>NORTHERN</pddistrict><resolution>UNFOUNDED</resolution><address>POLK ST / VALLEJO ST</address><x>-122.421962957931</x><y>37.796898966685</y><location human_address="{&quot;address&quot;:&quot;&quot;,&quot;city&quot;:&quot;&quot;,&quot;state&quot;:&quot;&quot;,&quot;zip&quot;:&quot;&quot;}" latitude="37.796898966685" longitude="-122.421962957931" needs_recoding="false"/></row>