<?xml version="1.0" encoding="UTF-8"?><row _id="11113474" _uuid="AEE3579F-58BD-41AF-A2B3-B75B6294360A" _position="11113474" _address="http://data.sfgov.org/resource/ritf-b9ki/11113474"><incidntnum>150007976</incidntnum><category>DRUG/NARCOTIC</category><descript>POSSESSION OF MARIJUANA FOR SALES</descript><dayofweek>Saturday</dayofweek><date>2015-01-03T00:00:00</date><time>17:38</time><pddistrict>PARK</pddistrict><resolution>ARREST, BOOKED</resolution><address>1800 Block of HAIGHT ST</address><x>-122.452706340322</x><y>37.7692156705894</y><location human_address="{&quot;address&quot;:&quot;&quot;,&quot;city&quot;:&quot;&quot;,&quot;state&quot;:&quot;&quot;,&quot;zip&quot;:&quot;&quot;}" latitude="37.7692156705894" longitude="-122.452706340322" needs_recoding="false"/></row>