<?xml version="1.0" encoding="UTF-8"?><row _id="12550135" _uuid="54890BDA-3EF7-4518-8B9C-4551D74F28D5" _position="12550135" _address="http://data.sfgov.org/resource/ritf-b9ki/12550135"><incidntnum>150196347</incidntnum><category>LARCENY/THEFT</category><descript>EMBEZZLEMENT FROM DEPENDENT OR ELDER ADULT BY CARETAKER</descript><dayofweek>Wednesday</dayofweek><date>2015-01-28T00:00:00</date><time>00:01</time><pddistrict>RICHMOND</pddistrict><resolution>NONE</resolution><address>700 Block of 12TH AV</address><x>-122.470298083327</x><y>37.7741219764844</y><location human_address="{&quot;address&quot;:&quot;&quot;,&quot;city&quot;:&quot;&quot;,&quot;state&quot;:&quot;&quot;,&quot;zip&quot;:&quot;&quot;}" latitude="37.7741219764844" longitude="-122.470298083327" needs_recoding="false"/></row>