<?xml version="1.0" encoding="UTF-8"?><row _id="12299686" _uuid="D17FE6BC-6625-4E7B-A6B7-BAA017B340DF" _position="12299686" _address="http://data.sfgov.org/resource/ritf-b9ki/12299686"><incidntnum>150024293</incidntnum><category>OTHER OFFENSES</category><descript>DRIVERS LICENSE, SUSPENDED OR REVOKED</descript><dayofweek>Thursday</dayofweek><date>2015-01-08T00:00:00</date><time>19:18</time><pddistrict>MISSION</pddistrict><resolution>ARREST, BOOKED</resolution><address>MISSION ST / 16TH ST</address><x>-122.419671780296</x><y>37.7650501214668</y><location human_address="{&quot;address&quot;:&quot;&quot;,&quot;city&quot;:&quot;&quot;,&quot;state&quot;:&quot;&quot;,&quot;zip&quot;:&quot;&quot;}" latitude="37.7650501214668" longitude="-122.419671780296" needs_recoding="false"/></row>