<?xml version="1.0" encoding="UTF-8"?><row _id="12181230" _uuid="B0354739-9F75-4571-9448-B95935FDD301" _position="12181230" _address="http://data.sfgov.org/resource/ritf-b9ki/12181230"><incidntnum>150037882</incidntnum><category>LARCENY/THEFT</category><descript>GRAND THEFT FROM LOCKED AUTO</descript><dayofweek>Monday</dayofweek><date>2015-01-12T00:00:00</date><time>22:00</time><pddistrict>MISSION</pddistrict><resolution>NONE</resolution><address>500 Block of VALENCIA ST</address><x>-122.421876488492</x><y>37.7640888944532</y><location human_address="{&quot;address&quot;:&quot;&quot;,&quot;city&quot;:&quot;&quot;,&quot;state&quot;:&quot;&quot;,&quot;zip&quot;:&quot;&quot;}" latitude="37.7640888944532" longitude="-122.421876488492" needs_recoding="false"/></row>