<?xml version="1.0" encoding="UTF-8"?><row _id="11226211" _uuid="934EAB20-3983-4769-8387-56A20CD487D2" _position="11226211" _address="http://data.sfgov.org/resource/ritf-b9ki/11226211"><incidntnum>150037531</incidntnum><category>SECONDARY CODES</category><descript>DOMESTIC VIOLENCE</descript><dayofweek>Tuesday</dayofweek><date>2015-01-13T00:00:00</date><time>10:15</time><pddistrict>INGLESIDE</pddistrict><resolution>NONE</resolution><address>0 Block of MORSE ST</address><x>-122.437495975865</x><y>37.7135617243586</y><location human_address="{&quot;address&quot;:&quot;&quot;,&quot;city&quot;:&quot;&quot;,&quot;state&quot;:&quot;&quot;,&quot;zip&quot;:&quot;&quot;}" latitude="37.7135617243586" longitude="-122.437495975865" needs_recoding="false"/></row>