<?xml version="1.0" encoding="UTF-8"?><row _id="12394154" _uuid="0826CA46-53C7-4638-A420-1BD2DAE36534" _position="12394154" _address="http://data.sfgov.org/resource/ritf-b9ki/12394154"><incidntnum>156009645</incidntnum><category>LARCENY/THEFT</category><descript>GRAND THEFT FROM UNLOCKED AUTO</descript><dayofweek>Monday</dayofweek><date>2015-01-12T00:00:00</date><time>17:00</time><pddistrict>NORTHERN</pddistrict><resolution>NONE</resolution><address>1500 Block of EDDY ST</address><x>-122.433177816267</x><y>37.7813758100318</y><location human_address="{&quot;address&quot;:&quot;&quot;,&quot;city&quot;:&quot;&quot;,&quot;state&quot;:&quot;&quot;,&quot;zip&quot;:&quot;&quot;}" latitude="37.7813758100318" longitude="-122.433177816267" needs_recoding="false"/></row>