<?xml version="1.0" encoding="UTF-8"?><row _id="11396649" _uuid="B12D94BE-A5CD-4322-AE3B-4A1F556E5101" _position="11396649" _address="http://data.sfgov.org/resource/ritf-b9ki/11396649"><incidntnum>150020376</incidntnum><category>LARCENY/THEFT</category><descript>PETTY THEFT FROM LOCKED AUTO</descript><dayofweek>Wednesday</dayofweek><date>2015-01-07T00:00:00</date><time>14:00</time><pddistrict>SOUTHERN</pddistrict><resolution>NONE</resolution><address>800 Block of BRYANT ST</address><x>-122.403404791479</x><y>37.775420706711</y><location human_address="{&quot;address&quot;:&quot;&quot;,&quot;city&quot;:&quot;&quot;,&quot;state&quot;:&quot;&quot;,&quot;zip&quot;:&quot;&quot;}" latitude="37.775420706711" longitude="-122.403404791479" needs_recoding="false"/></row>