<?xml version="1.0" encoding="UTF-8"?><row _id="12093367" _uuid="8B5C7DAC-83A6-4C70-8640-B4B8FBFB17E7" _position="12093367" _address="http://data.sfgov.org/resource/ritf-b9ki/12093367"><incidntnum>150018428</incidntnum><category>NON-CRIMINAL</category><descript>FIRE REPORT</descript><dayofweek>Tuesday</dayofweek><date>2015-01-06T00:00:00</date><time>23:58</time><pddistrict>NORTHERN</pddistrict><resolution>NONE</resolution><address>OAK ST / OCTAVIA ST</address><x>-122.424246473471</x><y>37.7748122523721</y><location human_address="{&quot;address&quot;:&quot;&quot;,&quot;city&quot;:&quot;&quot;,&quot;state&quot;:&quot;&quot;,&quot;zip&quot;:&quot;&quot;}" latitude="37.7748122523721" longitude="-122.424246473471" needs_recoding="false"/></row>