<?xml version="1.0" encoding="UTF-8"?><row _id="11839428" _uuid="DCA9FD6D-F0D3-4D12-83AB-0133B3F9CBFA" _position="11839428" _address="http://data.sfgov.org/resource/ritf-b9ki/11839428"><incidntnum>150040487</incidntnum><category>LARCENY/THEFT</category><descript>PETTY THEFT FROM UNLOCKED AUTO</descript><dayofweek>Tuesday</dayofweek><date>2015-01-06T00:00:00</date><time>18:30</time><pddistrict>SOUTHERN</pddistrict><resolution>NONE</resolution><address>600 Block of 2ND ST</address><x>-122.391336579912</x><y>37.7811758808197</y><location human_address="{&quot;address&quot;:&quot;&quot;,&quot;city&quot;:&quot;&quot;,&quot;state&quot;:&quot;&quot;,&quot;zip&quot;:&quot;&quot;}" latitude="37.7811758808197" longitude="-122.391336579912" needs_recoding="false"/></row>