<?xml version="1.0" encoding="UTF-8"?><row _id="11453457" _uuid="82AD05BA-A63C-43DC-B58E-6CB74041FC84" _position="11453457" _address="http://data.sfgov.org/resource/ritf-b9ki/11453457"><incidntnum>150005516</incidntnum><category>SUSPICIOUS OCC</category><descript>INVESTIGATIVE DETENTION</descript><dayofweek>Friday</dayofweek><date>2015-01-02T00:00:00</date><time>19:55</time><pddistrict>BAYVIEW</pddistrict><resolution>ARREST, BOOKED</resolution><address>700 Block of JERROLD AV</address><x>-122.37337604924</x><y>37.7297692117678</y><location human_address="{&quot;address&quot;:&quot;&quot;,&quot;city&quot;:&quot;&quot;,&quot;state&quot;:&quot;&quot;,&quot;zip&quot;:&quot;&quot;}" latitude="37.7297692117678" longitude="-122.37337604924" needs_recoding="false"/></row>