<?xml version="1.0" encoding="UTF-8"?><row _id="11183518" _uuid="7363EE00-4310-4025-ACDF-90F3FE4B7395" _position="11183518" _address="http://data.sfgov.org/resource/ritf-b9ki/11183518"><incidntnum>156003487</incidntnum><category>LARCENY/THEFT</category><descript>GRAND THEFT FROM LOCKED AUTO</descript><dayofweek>Friday</dayofweek><date>2015-01-02T00:00:00</date><time>21:30</time><pddistrict>RICHMOND</pddistrict><resolution>NONE</resolution><address>4700 Block of FULTON ST</address><x>-122.482598300618</x><y>37.7726969542708</y><location human_address="{&quot;address&quot;:&quot;&quot;,&quot;city&quot;:&quot;&quot;,&quot;state&quot;:&quot;&quot;,&quot;zip&quot;:&quot;&quot;}" latitude="37.7726969542708" longitude="-122.482598300618" needs_recoding="false"/></row>