<?xml version="1.0" encoding="UTF-8"?><row _id="11586669" _uuid="4CFEAA0F-C2EB-41CD-96E3-71D82EA32D85" _position="11586669" _address="http://data.sfgov.org/resource/ritf-b9ki/11586669"><incidntnum>150046645</incidntnum><category>OTHER OFFENSES</category><descript>VIOLATION OF RESTRAINING ORDER</descript><dayofweek>Thursday</dayofweek><date>2015-01-15T00:00:00</date><time>23:00</time><pddistrict>BAYVIEW</pddistrict><resolution>NONE</resolution><address>1700 Block of OAKDALE AV</address><x>-122.393211507811</x><y>37.7361603799736</y><location human_address="{&quot;address&quot;:&quot;&quot;,&quot;city&quot;:&quot;&quot;,&quot;state&quot;:&quot;&quot;,&quot;zip&quot;:&quot;&quot;}" latitude="37.7361603799736" longitude="-122.393211507811" needs_recoding="false"/></row>