<?xml version="1.0" encoding="UTF-8"?><row _id="11054664" _uuid="B2586CD2-5C2A-4DDD-B7DB-09BAC205D57F" _position="11054664" _address="http://data.sfgov.org/resource/ritf-b9ki/11054664"><incidntnum>156005706</incidntnum><category>LARCENY/THEFT</category><descript>GRAND THEFT FROM LOCKED AUTO</descript><dayofweek>Tuesday</dayofweek><date>2015-01-06T00:00:00</date><time>20:00</time><pddistrict>NORTHERN</pddistrict><resolution>NONE</resolution><address>FRANKLIN ST / PINE ST</address><x>-122.423785184867</x><y>37.7892026281082</y><location human_address="{&quot;address&quot;:&quot;&quot;,&quot;city&quot;:&quot;&quot;,&quot;state&quot;:&quot;&quot;,&quot;zip&quot;:&quot;&quot;}" latitude="37.7892026281082" longitude="-122.423785184867" needs_recoding="false"/></row>