<?xml version="1.0" encoding="UTF-8"?><row _id="11129594" _uuid="870EE45C-8DD8-4CDA-8BE5-ED65C64994E9" _position="11129594" _address="http://data.sfgov.org/resource/ritf-b9ki/11129594"><incidntnum>150056569</incidntnum><category>VEHICLE THEFT</category><descript>STOLEN TRUCK</descript><dayofweek>Monday</dayofweek><date>2015-01-19T00:00:00</date><time>17:36</time><pddistrict>TARAVAL</pddistrict><resolution>NONE</resolution><address>JUNIPERO SERRA BL / HOLLOWAY AV</address><x>-122.472321912705</x><y>37.7216221726261</y><location human_address="{&quot;address&quot;:&quot;&quot;,&quot;city&quot;:&quot;&quot;,&quot;state&quot;:&quot;&quot;,&quot;zip&quot;:&quot;&quot;}" latitude="37.7216221726261" longitude="-122.472321912705" needs_recoding="false"/></row>