<?xml version="1.0" encoding="UTF-8"?><row _id="12080903" _uuid="EE0CB932-AEF7-4F3F-9CEF-5BC442F621B6" _position="12080903" _address="http://data.sfgov.org/resource/ritf-b9ki/12080903"><incidntnum>156004968</incidntnum><category>LARCENY/THEFT</category><descript>GRAND THEFT FROM UNLOCKED AUTO</descript><dayofweek>Tuesday</dayofweek><date>2015-01-06T00:00:00</date><time>19:30</time><pddistrict>SOUTHERN</pddistrict><resolution>NONE</resolution><address>KING ST / 3RD ST</address><x>-122.391845617192</x><y>37.778124778322</y><location human_address="{&quot;address&quot;:&quot;&quot;,&quot;city&quot;:&quot;&quot;,&quot;state&quot;:&quot;&quot;,&quot;zip&quot;:&quot;&quot;}" latitude="37.778124778322" longitude="-122.391845617192" needs_recoding="false"/></row>