<?xml version="1.0" encoding="UTF-8"?><row _id="12538478" _uuid="F0D908B6-E6F2-4F0F-89C9-03B9546D10EF" _position="12538478" _address="http://data.sfgov.org/resource/ritf-b9ki/12538478"><incidntnum>150104077</incidntnum><category>DISORDERLY CONDUCT</category><descript>COMMITTING PUBLIC NUISANCE</descript><dayofweek>Tuesday</dayofweek><date>2015-02-03T00:00:00</date><time>11:49</time><pddistrict>CENTRAL</pddistrict><resolution>ARREST, BOOKED</resolution><address>FILBERT ST / STOCKTON ST</address><x>-122.409373489901</x><y>37.8013694186977</y><location human_address="{&quot;address&quot;:&quot;&quot;,&quot;city&quot;:&quot;&quot;,&quot;state&quot;:&quot;&quot;,&quot;zip&quot;:&quot;&quot;}" latitude="37.8013694186977" longitude="-122.409373489901" needs_recoding="false"/></row>