<?xml version="1.0" encoding="UTF-8"?><row _id="12429091" _uuid="E116C35C-118B-4A6B-AF8F-E6FB0274937D" _position="12429091" _address="http://data.sfgov.org/resource/ritf-b9ki/12429091"><incidntnum>150028693</incidntnum><category>SUSPICIOUS OCC</category><descript>INVESTIGATIVE DETENTION</descript><dayofweek>Saturday</dayofweek><date>2015-01-10T00:00:00</date><time>09:16</time><pddistrict>NORTHERN</pddistrict><resolution>NONE</resolution><address>1500 Block of VANNESS AV</address><x>-122.422062730264</x><y>37.7899200014841</y><location human_address="{&quot;address&quot;:&quot;&quot;,&quot;city&quot;:&quot;&quot;,&quot;state&quot;:&quot;&quot;,&quot;zip&quot;:&quot;&quot;}" latitude="37.7899200014841" longitude="-122.422062730264" needs_recoding="false"/></row>