<?xml version="1.0" encoding="UTF-8"?><row _id="11071056" _uuid="435C69EB-E19E-477B-892A-6A4874E729D5" _position="11071056" _address="http://data.sfgov.org/resource/ritf-b9ki/11071056"><incidntnum>150023461</incidntnum><category>SUSPICIOUS OCC</category><descript>SUSPICIOUS OCCURRENCE</descript><dayofweek>Wednesday</dayofweek><date>2015-01-07T00:00:00</date><time>00:01</time><pddistrict>SOUTHERN</pddistrict><resolution>NONE</resolution><address>800 Block of BRYANT ST</address><x>-122.403404791479</x><y>37.775420706711</y><location human_address="{&quot;address&quot;:&quot;&quot;,&quot;city&quot;:&quot;&quot;,&quot;state&quot;:&quot;&quot;,&quot;zip&quot;:&quot;&quot;}" latitude="37.775420706711" longitude="-122.403404791479" needs_recoding="false"/></row>