<?xml version="1.0" encoding="UTF-8"?><row _id="12665290" _uuid="044B188D-E391-4A81-8EDF-EDFFD16BB1CF" _position="12665290" _address="http://data.sfgov.org/resource/ritf-b9ki/12665290"><incidntnum>151041238</incidntnum><category>LARCENY/THEFT</category><descript>GRAND THEFT FROM PERSON</descript><dayofweek>Sunday</dayofweek><date>2015-01-18T00:00:00</date><time>03:00</time><pddistrict>INGLESIDE</pddistrict><resolution>NONE</resolution><address>0 Block of PHELAN AV</address><x>-122.452289660492</x><y>37.7256933575703</y><location human_address="{&quot;address&quot;:&quot;&quot;,&quot;city&quot;:&quot;&quot;,&quot;state&quot;:&quot;&quot;,&quot;zip&quot;:&quot;&quot;}" latitude="37.7256933575703" longitude="-122.452289660492" needs_recoding="false"/></row>