<?xml version="1.0" encoding="UTF-8"?><row _id="11099013" _uuid="FCABE799-ACA3-4621-8BEF-2AD99361ADAA" _position="11099013" _address="http://data.sfgov.org/resource/ritf-b9ki/11099013"><incidntnum>150061477</incidntnum><category>FRAUD</category><descript>FALSE PRETENSES, PETTY THEFT</descript><dayofweek>Tuesday</dayofweek><date>2015-01-20T00:00:00</date><time>10:00</time><pddistrict>SOUTHERN</pddistrict><resolution>NONE</resolution><address>700 Block of MARKET ST</address><x>-122.405359371753</x><y>37.7859774761625</y><location human_address="{&quot;address&quot;:&quot;&quot;,&quot;city&quot;:&quot;&quot;,&quot;state&quot;:&quot;&quot;,&quot;zip&quot;:&quot;&quot;}" latitude="37.7859774761625" longitude="-122.405359371753" needs_recoding="false"/></row>