<?xml version="1.0" encoding="UTF-8"?><row _id="11778242" _uuid="3DCD719A-9AC4-42DE-BEF2-D44E4A914ED0" _position="11778242" _address="http://data.sfgov.org/resource/ritf-b9ki/11778242"><incidntnum>156008879</incidntnum><category>LARCENY/THEFT</category><descript>PETTY THEFT OF PROPERTY</descript><dayofweek>Saturday</dayofweek><date>2015-01-10T00:00:00</date><time>02:00</time><pddistrict>SOUTHERN</pddistrict><resolution>NONE</resolution><address>200 Block of INTERSTATE80 HY</address><x>-122.365565425353</x><y>37.8096707013239</y><location human_address="{&quot;address&quot;:&quot;&quot;,&quot;city&quot;:&quot;&quot;,&quot;state&quot;:&quot;&quot;,&quot;zip&quot;:&quot;&quot;}" latitude="37.8096707013239" longitude="-122.365565425353" needs_recoding="false"/></row>