<?xml version="1.0" encoding="UTF-8"?><row _id="11713342" _uuid="4E8F97E7-AC15-4C95-B82C-AF543749346A" _position="11713342" _address="http://data.sfgov.org/resource/ritf-b9ki/11713342"><incidntnum>150073080</incidntnum><category>NON-CRIMINAL</category><descript>COURTESY REPORT</descript><dayofweek>Thursday</dayofweek><date>2015-01-15T00:00:00</date><time>07:30</time><pddistrict>RICHMOND</pddistrict><resolution>UNFOUNDED</resolution><address>500 Block of 9TH AV</address><x>-122.467216834316</x><y>37.7780021362442</y><location human_address="{&quot;address&quot;:&quot;&quot;,&quot;city&quot;:&quot;&quot;,&quot;state&quot;:&quot;&quot;,&quot;zip&quot;:&quot;&quot;}" latitude="37.7780021362442" longitude="-122.467216834316" needs_recoding="false"/></row>