<?xml version="1.0" encoding="UTF-8"?><row _id="10857280" _uuid="80E89747-FB66-4052-8E67-B3CA64EED209" _position="10857280" _address="http://data.sfgov.org/resource/ritf-b9ki/10857280"><incidntnum>150022015</incidntnum><category>VANDALISM</category><descript>MALICIOUS MISCHIEF, VANDALISM OF VEHICLES</descript><dayofweek>Wednesday</dayofweek><date>2015-01-07T00:00:00</date><time>19:00</time><pddistrict>RICHMOND</pddistrict><resolution>NONE</resolution><address>23RD AV / CLEMENT ST</address><x>-122.48273697562</x><y>37.7821195595198</y><location human_address="{&quot;address&quot;:&quot;&quot;,&quot;city&quot;:&quot;&quot;,&quot;state&quot;:&quot;&quot;,&quot;zip&quot;:&quot;&quot;}" latitude="37.7821195595198" longitude="-122.48273697562" needs_recoding="false"/></row>