<?xml version="1.0" encoding="UTF-8"?><row _id="12400200" _uuid="7C422045-1029-4F99-9D07-5EBC62C6A9E6" _position="12400200" _address="http://data.sfgov.org/resource/ritf-b9ki/12400200"><incidntnum>150005293</incidntnum><category>DRUG/NARCOTIC</category><descript>POSSESSION OF BASE/ROCK COCAINE FOR SALE</descript><dayofweek>Friday</dayofweek><date>2015-01-02T00:00:00</date><time>19:01</time><pddistrict>NORTHERN</pddistrict><resolution>ARREST, BOOKED</resolution><address>OFARRELL ST / LARKIN ST</address><x>-122.417903977564</x><y>37.7851670875517</y><location human_address="{&quot;address&quot;:&quot;&quot;,&quot;city&quot;:&quot;&quot;,&quot;state&quot;:&quot;&quot;,&quot;zip&quot;:&quot;&quot;}" latitude="37.7851670875517" longitude="-122.417903977564" needs_recoding="false"/></row>