<?xml version="1.0" encoding="UTF-8"?><row _id="10962054" _uuid="5DB24F03-B494-4F4A-8C0F-5BA8C42C809B" _position="10962054" _address="http://data.sfgov.org/resource/ritf-b9ki/10962054"><incidntnum>150095238</incidntnum><category>OTHER OFFENSES</category><descript>FALSE PERSONATION</descript><dayofweek>Monday</dayofweek><date>2015-01-19T00:00:00</date><time>15:00</time><pddistrict>INGLESIDE</pddistrict><resolution>NONE</resolution><address>300 Block of JUSTIN DR</address><x>-122.422722977236</x><y>37.7322347191562</y><location human_address="{&quot;address&quot;:&quot;&quot;,&quot;city&quot;:&quot;&quot;,&quot;state&quot;:&quot;&quot;,&quot;zip&quot;:&quot;&quot;}" latitude="37.7322347191562" longitude="-122.422722977236" needs_recoding="false"/></row>