<?xml version="1.0" encoding="UTF-8"?><row _id="11829795" _uuid="FA72EC71-93CD-403B-8441-9163B477AC3D" _position="11829795" _address="http://data.sfgov.org/resource/ritf-b9ki/11829795"><incidntnum>150006893</incidntnum><category>OTHER OFFENSES</category><descript>RESISTING ARREST</descript><dayofweek>Saturday</dayofweek><date>2015-01-03T00:00:00</date><time>11:45</time><pddistrict>MISSION</pddistrict><resolution>ARREST, BOOKED</resolution><address>400 Block of CASTRO ST</address><x>-122.435150099812</x><y>37.7617597243598</y><location human_address="{&quot;address&quot;:&quot;&quot;,&quot;city&quot;:&quot;&quot;,&quot;state&quot;:&quot;&quot;,&quot;zip&quot;:&quot;&quot;}" latitude="37.7617597243598" longitude="-122.435150099812" needs_recoding="false"/></row>