<?xml version="1.0" encoding="UTF-8"?><row _id="11108436" _uuid="47707FE5-062D-470B-80C6-E36D8880A4CA" _position="11108436" _address="http://data.sfgov.org/resource/ritf-b9ki/11108436"><incidntnum>150057034</incidntnum><category>EMBEZZLEMENT</category><descript>EMBEZZLEMENT, GRAND THEFT BY EMPLOYEE</descript><dayofweek>Friday</dayofweek><date>2015-01-16T00:00:00</date><time>12:00</time><pddistrict>SOUTHERN</pddistrict><resolution>NONE</resolution><address>200 Block of MISSION ST</address><x>-122.395336395079</x><y>37.7914518970007</y><location human_address="{&quot;address&quot;:&quot;&quot;,&quot;city&quot;:&quot;&quot;,&quot;state&quot;:&quot;&quot;,&quot;zip&quot;:&quot;&quot;}" latitude="37.7914518970007" longitude="-122.395336395079" needs_recoding="false"/></row>