<?xml version="1.0" encoding="UTF-8"?><row _id="12540572" _uuid="A5FE13A8-9D6F-491E-AA0E-309D3D8F8728" _position="12540572" _address="http://data.sfgov.org/resource/ritf-b9ki/12540572"><incidntnum>150119383</incidntnum><category>VANDALISM</category><descript>MALICIOUS MISCHIEF, VANDALISM</descript><dayofweek>Sunday</dayofweek><date>2015-02-01T00:00:00</date><time>15:00</time><pddistrict>INGLESIDE</pddistrict><resolution>NONE</resolution><address>0 Block of BROOKDALE AV</address><x>-122.420864146521</x><y>37.71219982598</y><location human_address="{&quot;address&quot;:&quot;&quot;,&quot;city&quot;:&quot;&quot;,&quot;state&quot;:&quot;&quot;,&quot;zip&quot;:&quot;&quot;}" latitude="37.71219982598" longitude="-122.420864146521" needs_recoding="false"/></row>