<?xml version="1.0" encoding="UTF-8"?><row _id="12543898" _uuid="92F69AA5-35F6-4B02-8C54-9EFD3B694286" _position="12543898" _address="http://data.sfgov.org/resource/ritf-b9ki/12543898"><incidntnum>150120807</incidntnum><category>OTHER OFFENSES</category><descript>FRAUDULENT GAME OR TRICK, OBTAINING MONEY OR PROPERTY</descript><dayofweek>Tuesday</dayofweek><date>2015-01-13T00:00:00</date><time>12:00</time><pddistrict>INGLESIDE</pddistrict><resolution>NONE</resolution><address>3200 Block of FOLSOM ST</address><x>-122.413385227533</x><y>37.7459615836332</y><location human_address="{&quot;address&quot;:&quot;&quot;,&quot;city&quot;:&quot;&quot;,&quot;state&quot;:&quot;&quot;,&quot;zip&quot;:&quot;&quot;}" latitude="37.7459615836332" longitude="-122.413385227533" needs_recoding="false"/></row>