<?xml version="1.0" encoding="UTF-8"?><row _id="10870778" _uuid="3356B9AE-6FC6-49DF-8E4A-EBC01A1BDF7A" _position="10870778" _address="http://data.sfgov.org/resource/ritf-b9ki/10870778"><incidntnum>150009358</incidntnum><category>LARCENY/THEFT</category><descript>PETTY THEFT FROM LOCKED AUTO</descript><dayofweek>Sunday</dayofweek><date>2015-01-04T00:00:00</date><time>08:15</time><pddistrict>MISSION</pddistrict><resolution>NONE</resolution><address>15TH ST / MISSION ST</address><x>-122.419827929961</x><y>37.7666737551835</y><location human_address="{&quot;address&quot;:&quot;&quot;,&quot;city&quot;:&quot;&quot;,&quot;state&quot;:&quot;&quot;,&quot;zip&quot;:&quot;&quot;}" latitude="37.7666737551835" longitude="-122.419827929961" needs_recoding="false"/></row>