<?xml version="1.0" encoding="UTF-8"?><row _id="10821172" _uuid="4077FF7E-EEEB-4EBC-BF64-7FAAC4345B36" _position="10821172" _address="http://data.sfgov.org/resource/ritf-b9ki/10821172"><incidntnum>150021120</incidntnum><category>MISSING PERSON</category><descript>MISSING ADULT</descript><dayofweek>Wednesday</dayofweek><date>2015-01-07T00:00:00</date><time>20:04</time><pddistrict>BAYVIEW</pddistrict><resolution>NONE</resolution><address>3100 Block of SAN BRUNO AV</address><x>-122.401167732996</x><y>37.7215842994216</y><location human_address="{&quot;address&quot;:&quot;&quot;,&quot;city&quot;:&quot;&quot;,&quot;state&quot;:&quot;&quot;,&quot;zip&quot;:&quot;&quot;}" latitude="37.7215842994216" longitude="-122.401167732996" needs_recoding="false"/></row>