<?xml version="1.0" encoding="UTF-8"?><row _id="10937658" _uuid="9E9AE4FB-B8A1-42FF-BCA0-BA9E7F61377B" _position="10937658" _address="http://data.sfgov.org/resource/ritf-b9ki/10937658"><incidntnum>150012890</incidntnum><category>OTHER OFFENSES</category><descript>FALSE PERSONATION TO RECEIVE MONEY OR PROPERTY</descript><dayofweek>Sunday</dayofweek><date>2015-01-04T00:00:00</date><time>12:00</time><pddistrict>MISSION</pddistrict><resolution>NONE</resolution><address>200 Block of CHURCH ST</address><x>-122.428813616546</x><y>37.7668081482188</y><location human_address="{&quot;address&quot;:&quot;&quot;,&quot;city&quot;:&quot;&quot;,&quot;state&quot;:&quot;&quot;,&quot;zip&quot;:&quot;&quot;}" latitude="37.7668081482188" longitude="-122.428813616546" needs_recoding="false"/></row>