<?xml version="1.0" encoding="UTF-8"?><row _id="12558783" _uuid="A2138BD3-0AEB-4097-9672-86CCFBDA686E" _position="12558783" _address="http://data.sfgov.org/resource/ritf-b9ki/12558783"><incidntnum>150263009</incidntnum><category>NON-CRIMINAL</category><descript>LOST PROPERTY</descript><dayofweek>Monday</dayofweek><date>2015-01-05T00:00:00</date><time>12:00</time><pddistrict>SOUTHERN</pddistrict><resolution>NONE</resolution><address>300 Block of 3RD ST</address><x>-122.398472416</x><y>37.7833420916721</y><location human_address="{&quot;address&quot;:&quot;&quot;,&quot;city&quot;:&quot;&quot;,&quot;state&quot;:&quot;&quot;,&quot;zip&quot;:&quot;&quot;}" latitude="37.7833420916721" longitude="-122.398472416" needs_recoding="false"/></row>