<?xml version="1.0" encoding="UTF-8"?><row _id="11641985" _uuid="B841815D-BC33-4995-9FE0-F0ADB648627E" _position="11641985" _address="http://data.sfgov.org/resource/ritf-b9ki/11641985"><incidntnum>150021722</incidntnum><category>VANDALISM</category><descript>MALICIOUS MISCHIEF, VANDALISM</descript><dayofweek>Wednesday</dayofweek><date>2015-01-07T00:00:00</date><time>18:50</time><pddistrict>SOUTHERN</pddistrict><resolution>NONE</resolution><address>900 Block of FOLSOM ST</address><x>-122.40397938421</x><y>37.7798747354156</y><location human_address="{&quot;address&quot;:&quot;&quot;,&quot;city&quot;:&quot;&quot;,&quot;state&quot;:&quot;&quot;,&quot;zip&quot;:&quot;&quot;}" latitude="37.7798747354156" longitude="-122.40397938421" needs_recoding="false"/></row>