<?xml version="1.0" encoding="UTF-8"?><row _id="11991607" _uuid="426E47C4-F4A4-4CAB-B27F-27501E6B67FC" _position="11991607" _address="http://data.sfgov.org/resource/ritf-b9ki/11991607"><incidntnum>150010032</incidntnum><category>OTHER OFFENSES</category><descript>DRIVERS LICENSE, SUSPENDED OR REVOKED</descript><dayofweek>Sunday</dayofweek><date>2015-01-04T00:00:00</date><time>13:45</time><pddistrict>NORTHERN</pddistrict><resolution>ARREST, BOOKED</resolution><address>POLK ST / BROADWAY ST</address><x>-122.421772135304</x><y>37.7959461531958</y><location human_address="{&quot;address&quot;:&quot;&quot;,&quot;city&quot;:&quot;&quot;,&quot;state&quot;:&quot;&quot;,&quot;zip&quot;:&quot;&quot;}" latitude="37.7959461531958" longitude="-122.421772135304" needs_recoding="false"/></row>