<?xml version="1.0" encoding="UTF-8"?><row _id="11391015" _uuid="43B9872E-E1D8-4BD2-97FB-A5FC88EBF51A" _position="11391015" _address="http://data.sfgov.org/resource/ritf-b9ki/11391015"><incidntnum>150022833</incidntnum><category>WARRANTS</category><descript>WARRANT ARREST</descript><dayofweek>Thursday</dayofweek><date>2015-01-08T00:00:00</date><time>12:15</time><pddistrict>CENTRAL</pddistrict><resolution>ARREST, BOOKED</resolution><address>700 Block of FILBERT ST</address><x>-122.411854046278</x><y>37.8010099398963</y><location human_address="{&quot;address&quot;:&quot;&quot;,&quot;city&quot;:&quot;&quot;,&quot;state&quot;:&quot;&quot;,&quot;zip&quot;:&quot;&quot;}" latitude="37.8010099398963" longitude="-122.411854046278" needs_recoding="false"/></row>