<?xml version="1.0" encoding="UTF-8"?><row _id="12539631" _uuid="B6DC5B61-472A-421D-89F8-21E96473BF58" _position="12539631" _address="http://data.sfgov.org/resource/ritf-b9ki/12539631"><incidntnum>156030509</incidntnum><category>LARCENY/THEFT</category><descript>PETTY THEFT OF PROPERTY</descript><dayofweek>Sunday</dayofweek><date>2015-01-25T00:00:00</date><time>16:30</time><pddistrict>CENTRAL</pddistrict><resolution>NONE</resolution><address>400 Block of NORTHPOINT ST</address><x>-122.414613835412</x><y>37.8063927876763</y><location human_address="{&quot;address&quot;:&quot;&quot;,&quot;city&quot;:&quot;&quot;,&quot;state&quot;:&quot;&quot;,&quot;zip&quot;:&quot;&quot;}" latitude="37.8063927876763" longitude="-122.414613835412" needs_recoding="false"/></row>