<?xml version="1.0" encoding="UTF-8"?><row _id="12394514" _uuid="F267AB1B-907F-4083-BF17-E624C8CDF6DA" _position="12394514" _address="http://data.sfgov.org/resource/ritf-b9ki/12394514"><incidntnum>150049962</incidntnum><category>ASSAULT</category><descript>THREATS AGAINST LIFE</descript><dayofweek>Saturday</dayofweek><date>2015-01-17T00:00:00</date><time>00:30</time><pddistrict>CENTRAL</pddistrict><resolution>NONE</resolution><address>POST ST / TAYLOR ST</address><x>-122.411702003165</x><y>37.7878718776438</y><location human_address="{&quot;address&quot;:&quot;&quot;,&quot;city&quot;:&quot;&quot;,&quot;state&quot;:&quot;&quot;,&quot;zip&quot;:&quot;&quot;}" latitude="37.7878718776438" longitude="-122.411702003165" needs_recoding="false"/></row>