<?xml version="1.0" encoding="UTF-8"?><row _id="10831056" _uuid="2B193A99-0F6F-4754-97B5-B7ECA3E88D33" _position="10831056" _address="http://data.sfgov.org/resource/ritf-b9ki/10831056"><incidntnum>150012373</incidntnum><category>OTHER OFFENSES</category><descript>RESTRAINING ORDER NOTIFICATION/SERVICE OF RESTRAINING ORDER</descript><dayofweek>Saturday</dayofweek><date>2015-01-03T00:00:00</date><time>09:38</time><pddistrict>TARAVAL</pddistrict><resolution>NONE</resolution><address>3200 Block of 20TH AV</address><x>-122.475647460786</x><y>37.7285280627465</y><location human_address="{&quot;address&quot;:&quot;&quot;,&quot;city&quot;:&quot;&quot;,&quot;state&quot;:&quot;&quot;,&quot;zip&quot;:&quot;&quot;}" latitude="37.7285280627465" longitude="-122.475647460786" needs_recoding="false"/></row>