<?xml version="1.0" encoding="UTF-8"?><row _id="11265076" _uuid="85BAA014-448F-449B-8534-9A3C9FF7A810" _position="11265076" _address="http://data.sfgov.org/resource/ritf-b9ki/11265076"><incidntnum>150061091</incidntnum><category>BURGLARY</category><descript>BURGLARY OF APARTMENT HOUSE, FORCIBLE ENTRY</descript><dayofweek>Wednesday</dayofweek><date>2015-01-14T00:00:00</date><time>09:30</time><pddistrict>TARAVAL</pddistrict><resolution>NONE</resolution><address>500 Block of GARFIELD ST</address><x>-122.467610444487</x><y>37.7196137190549</y><location human_address="{&quot;address&quot;:&quot;&quot;,&quot;city&quot;:&quot;&quot;,&quot;state&quot;:&quot;&quot;,&quot;zip&quot;:&quot;&quot;}" latitude="37.7196137190549" longitude="-122.467610444487" needs_recoding="false"/></row>