<?xml version="1.0" encoding="UTF-8"?><row _id="11439795" _uuid="42DE7A60-9931-4904-A0C6-DEBA98ADF476" _position="11439795" _address="http://data.sfgov.org/resource/ritf-b9ki/11439795"><incidntnum>150009819</incidntnum><category>LARCENY/THEFT</category><descript>GRAND THEFT FROM LOCKED AUTO</descript><dayofweek>Saturday</dayofweek><date>2015-01-03T00:00:00</date><time>20:00</time><pddistrict>CENTRAL</pddistrict><resolution>NONE</resolution><address>800 Block of JONES ST</address><x>-122.413705058875</x><y>37.7890640478934</y><location human_address="{&quot;address&quot;:&quot;&quot;,&quot;city&quot;:&quot;&quot;,&quot;state&quot;:&quot;&quot;,&quot;zip&quot;:&quot;&quot;}" latitude="37.7890640478934" longitude="-122.413705058875" needs_recoding="false"/></row>