<?xml version="1.0" encoding="UTF-8"?><row _id="12538332" _uuid="AA5D6406-6D9E-423D-9800-9DFDE081B1B4" _position="12538332" _address="http://data.sfgov.org/resource/ritf-b9ki/12538332"><incidntnum>150098787</incidntnum><category>SECONDARY CODES</category><descript>DOMESTIC VIOLENCE</descript><dayofweek>Sunday</dayofweek><date>2015-02-01T00:00:00</date><time>18:17</time><pddistrict>BAYVIEW</pddistrict><resolution>NONE</resolution><address>BACON ST / HAMILTON ST</address><x>-122.409528258798</x><y>37.7260849566228</y><location human_address="{&quot;address&quot;:&quot;&quot;,&quot;city&quot;:&quot;&quot;,&quot;state&quot;:&quot;&quot;,&quot;zip&quot;:&quot;&quot;}" latitude="37.7260849566228" longitude="-122.409528258798" needs_recoding="false"/></row>