<?xml version="1.0" encoding="UTF-8"?><row _id="12452158" _uuid="C256164E-040F-446F-87AB-0409A0E60F7B" _position="12452158" _address="http://data.sfgov.org/resource/ritf-b9ki/12452158"><incidntnum>150020627</incidntnum><category>OTHER OFFENSES</category><descript>MISCELLANEOUS INVESTIGATION</descript><dayofweek>Wednesday</dayofweek><date>2015-01-07T00:00:00</date><time>18:00</time><pddistrict>TARAVAL</pddistrict><resolution>UNFOUNDED</resolution><address>700 Block of GONZALEZ DR</address><x>-122.480606348865</x><y>37.7175185873081</y><location human_address="{&quot;address&quot;:&quot;&quot;,&quot;city&quot;:&quot;&quot;,&quot;state&quot;:&quot;&quot;,&quot;zip&quot;:&quot;&quot;}" latitude="37.7175185873081" longitude="-122.480606348865" needs_recoding="false"/></row>