<?xml version="1.0" encoding="UTF-8"?><row _id="11439762" _uuid="ACB1356C-301B-4D16-BA14-9E75453413B6" _position="11439762" _address="http://data.sfgov.org/resource/ritf-b9ki/11439762"><incidntnum>150035676</incidntnum><category>MISSING PERSON</category><descript>FOUND PERSON</descript><dayofweek>Tuesday</dayofweek><date>2015-01-06T00:00:00</date><time>09:00</time><pddistrict>MISSION</pddistrict><resolution>NONE</resolution><address>400 Block of VALENCIA ST</address><x>-122.421935077177</x><y>37.7661343875141</y><location human_address="{&quot;address&quot;:&quot;&quot;,&quot;city&quot;:&quot;&quot;,&quot;state&quot;:&quot;&quot;,&quot;zip&quot;:&quot;&quot;}" latitude="37.7661343875141" longitude="-122.421935077177" needs_recoding="false"/></row>