<?xml version="1.0" encoding="UTF-8"?><row _id="12157391" _uuid="454DA3C5-0ED0-42A6-A401-3A01FB79B97D" _position="12157391" _address="http://data.sfgov.org/resource/ritf-b9ki/12157391"><incidntnum>150081378</incidntnum><category>BURGLARY</category><descript>BURGLARY OF STORE, UNLAWFUL ENTRY</descript><dayofweek>Tuesday</dayofweek><date>2015-01-27T00:00:00</date><time>09:22</time><pddistrict>NORTHERN</pddistrict><resolution>NONE</resolution><address>1300 Block of WEBSTER ST</address><x>-122.431046366089</x><y>37.7830295716044</y><location human_address="{&quot;address&quot;:&quot;&quot;,&quot;city&quot;:&quot;&quot;,&quot;state&quot;:&quot;&quot;,&quot;zip&quot;:&quot;&quot;}" latitude="37.7830295716044" longitude="-122.431046366089" needs_recoding="false"/></row>