<?xml version="1.0" encoding="UTF-8"?><row _id="12196137" _uuid="310555E8-7A88-4838-A126-BCF0C9CB61BF" _position="12196137" _address="http://data.sfgov.org/resource/ritf-b9ki/12196137"><incidntnum>150010719</incidntnum><category>NON-CRIMINAL</category><descript>AIDED CASE, MENTAL DISTURBED</descript><dayofweek>Sunday</dayofweek><date>2015-01-04T00:00:00</date><time>17:20</time><pddistrict>SOUTHERN</pddistrict><resolution>NONE</resolution><address>0 Block of 5TH ST</address><x>-122.407382686506</x><y>37.7833716368249</y><location human_address="{&quot;address&quot;:&quot;&quot;,&quot;city&quot;:&quot;&quot;,&quot;state&quot;:&quot;&quot;,&quot;zip&quot;:&quot;&quot;}" latitude="37.7833716368249" longitude="-122.407382686506" needs_recoding="false"/></row>