<?xml version="1.0" encoding="UTF-8"?><row _id="11763685" _uuid="794C841F-6897-4979-8865-69EFBB060C97" _position="11763685" _address="http://data.sfgov.org/resource/ritf-b9ki/11763685"><incidntnum>150026562</incidntnum><category>SUSPICIOUS OCC</category><descript>INVESTIGATIVE DETENTION</descript><dayofweek>Friday</dayofweek><date>2015-01-09T00:00:00</date><time>15:05</time><pddistrict>MISSION</pddistrict><resolution>NONE</resolution><address>2000 Block of MISSION ST</address><x>-122.41965834371</x><y>37.7642205603745</y><location human_address="{&quot;address&quot;:&quot;&quot;,&quot;city&quot;:&quot;&quot;,&quot;state&quot;:&quot;&quot;,&quot;zip&quot;:&quot;&quot;}" latitude="37.7642205603745" longitude="-122.41965834371" needs_recoding="false"/></row>