<?xml version="1.0" encoding="UTF-8"?><row _id="12098644" _uuid="B3DED411-4D4E-451C-A46B-61DEE41F66CF" _position="12098644" _address="http://data.sfgov.org/resource/ritf-b9ki/12098644"><incidntnum>150022532</incidntnum><category>WARRANTS</category><descript>ENROUTE TO DEPARTMENT OF CORRECTIONS</descript><dayofweek>Thursday</dayofweek><date>2015-01-08T00:00:00</date><time>11:18</time><pddistrict>SOUTHERN</pddistrict><resolution>ARREST, BOOKED</resolution><address>0 Block of WASHBURN ST</address><x>-122.414293408643</x><y>37.7753019182847</y><location human_address="{&quot;address&quot;:&quot;&quot;,&quot;city&quot;:&quot;&quot;,&quot;state&quot;:&quot;&quot;,&quot;zip&quot;:&quot;&quot;}" latitude="37.7753019182847" longitude="-122.414293408643" needs_recoding="false"/></row>