<?xml version="1.0" encoding="UTF-8"?><row _id="12011385" _uuid="0C37D0D2-5E13-4FDB-B641-77CBAB889197" _position="12011385" _address="http://data.sfgov.org/resource/ritf-b9ki/12011385"><incidntnum>150071523</incidntnum><category>OTHER OFFENSES</category><descript>DRIVERS LICENSE, SUSPENDED OR REVOKED</descript><dayofweek>Friday</dayofweek><date>2015-01-23T00:00:00</date><time>21:05</time><pddistrict>SOUTHERN</pddistrict><resolution>ARREST, BOOKED</resolution><address>HARRISON ST / 6TH ST</address><x>-122.404071611406</x><y>37.7772741854354</y><location human_address="{&quot;address&quot;:&quot;&quot;,&quot;city&quot;:&quot;&quot;,&quot;state&quot;:&quot;&quot;,&quot;zip&quot;:&quot;&quot;}" latitude="37.7772741854354" longitude="-122.404071611406" needs_recoding="false"/></row>