<?xml version="1.0" encoding="UTF-8"?><row _id="10858545" _uuid="E1C8B204-054C-4E86-8CAE-7BE1B61DBA4C" _position="10858545" _address="http://data.sfgov.org/resource/ritf-b9ki/10858545"><incidntnum>150067237</incidntnum><category>DRUG/NARCOTIC</category><descript>POSSESSION OF HEROIN</descript><dayofweek>Thursday</dayofweek><date>2015-01-22T00:00:00</date><time>13:45</time><pddistrict>MISSION</pddistrict><resolution>ARREST, BOOKED</resolution><address>100 Block of CAPP ST</address><x>-122.418549940195</x><y>37.7642837095036</y><location human_address="{&quot;address&quot;:&quot;&quot;,&quot;city&quot;:&quot;&quot;,&quot;state&quot;:&quot;&quot;,&quot;zip&quot;:&quot;&quot;}" latitude="37.7642837095036" longitude="-122.418549940195" needs_recoding="false"/></row>