<?xml version="1.0" encoding="UTF-8"?><row _id="11626794" _uuid="CB2B911C-17C3-4867-B421-BC1AC7AA6AF6" _position="11626794" _address="http://data.sfgov.org/resource/ritf-b9ki/11626794"><incidntnum>150021073</incidntnum><category>LARCENY/THEFT</category><descript>GRAND THEFT SHOPLIFTING</descript><dayofweek>Wednesday</dayofweek><date>2015-01-07T00:00:00</date><time>19:40</time><pddistrict>TARAVAL</pddistrict><resolution>NONE</resolution><address>3200 Block of 20TH AV</address><x>-122.475647460786</x><y>37.7285280627465</y><location human_address="{&quot;address&quot;:&quot;&quot;,&quot;city&quot;:&quot;&quot;,&quot;state&quot;:&quot;&quot;,&quot;zip&quot;:&quot;&quot;}" latitude="37.7285280627465" longitude="-122.475647460786" needs_recoding="false"/></row>