<?xml version="1.0" encoding="UTF-8"?><row _id="11139296" _uuid="DFEC7468-3A3B-46FF-B653-D5CD2A56D2EB" _position="11139296" _address="http://data.sfgov.org/resource/ritf-b9ki/11139296"><incidntnum>156004485</incidntnum><category>LARCENY/THEFT</category><descript>GRAND THEFT FROM LOCKED AUTO</descript><dayofweek>Friday</dayofweek><date>2015-01-02T00:00:00</date><time>21:20</time><pddistrict>SOUTHERN</pddistrict><resolution>NONE</resolution><address>10TH ST / BRYANT ST</address><x>-122.409738771906</x><y>37.7703482035454</y><location human_address="{&quot;address&quot;:&quot;&quot;,&quot;city&quot;:&quot;&quot;,&quot;state&quot;:&quot;&quot;,&quot;zip&quot;:&quot;&quot;}" latitude="37.7703482035454" longitude="-122.409738771906" needs_recoding="false"/></row>