<?xml version="1.0" encoding="UTF-8"?><row _id="12124348" _uuid="345FC0C4-9132-4633-9804-AFD6B9BDA4DC" _position="12124348" _address="http://data.sfgov.org/resource/ritf-b9ki/12124348"><incidntnum>156006378</incidntnum><category>LARCENY/THEFT</category><descript>PETTY THEFT OF PROPERTY</descript><dayofweek>Thursday</dayofweek><date>2015-01-08T00:00:00</date><time>09:45</time><pddistrict>SOUTHERN</pddistrict><resolution>NONE</resolution><address>1300 Block of MISSION ST</address><x>-122.41536639867</x><y>37.7757785203139</y><location human_address="{&quot;address&quot;:&quot;&quot;,&quot;city&quot;:&quot;&quot;,&quot;state&quot;:&quot;&quot;,&quot;zip&quot;:&quot;&quot;}" latitude="37.7757785203139" longitude="-122.41536639867" needs_recoding="false"/></row>