<?xml version="1.0" encoding="UTF-8"?><row _id="11616450" _uuid="C1716A32-E056-42F6-9F26-44C7196A61BF" _position="11616450" _address="http://data.sfgov.org/resource/ritf-b9ki/11616450"><incidntnum>150015377</incidntnum><category>NON-CRIMINAL</category><descript>CIVIL SIDEWALKS, CITATION</descript><dayofweek>Tuesday</dayofweek><date>2015-01-06T00:00:00</date><time>07:10</time><pddistrict>SOUTHERN</pddistrict><resolution>ARREST, CITED</resolution><address>100 Block of MARKET ST</address><x>-122.395615939649</x><y>37.7939406487081</y><location human_address="{&quot;address&quot;:&quot;&quot;,&quot;city&quot;:&quot;&quot;,&quot;state&quot;:&quot;&quot;,&quot;zip&quot;:&quot;&quot;}" latitude="37.7939406487081" longitude="-122.395615939649" needs_recoding="false"/></row>