<?xml version="1.0" encoding="UTF-8"?><row _id="11009224" _uuid="D6147769-80B5-4173-BC28-80F8EE6DACDE" _position="11009224" _address="http://data.sfgov.org/resource/ritf-b9ki/11009224"><incidntnum>150018876</incidntnum><category>DRUG/NARCOTIC</category><descript>POSSESSION OF HEROIN</descript><dayofweek>Wednesday</dayofweek><date>2015-01-07T00:00:00</date><time>08:50</time><pddistrict>TENDERLOIN</pddistrict><resolution>ARREST, BOOKED</resolution><address>LEAVENWORTH ST / GOLDEN GATE AV</address><x>-122.413869632554</x><y>37.7818621883021</y><location human_address="{&quot;address&quot;:&quot;&quot;,&quot;city&quot;:&quot;&quot;,&quot;state&quot;:&quot;&quot;,&quot;zip&quot;:&quot;&quot;}" latitude="37.7818621883021" longitude="-122.413869632554" needs_recoding="false"/></row>