<?xml version="1.0" encoding="UTF-8"?><row _id="10920278" _uuid="9FA970D9-8658-43FE-83DE-6668AEBAFE47" _position="10920278" _address="http://data.sfgov.org/resource/ritf-b9ki/10920278"><incidntnum>150006570</incidntnum><category>VANDALISM</category><descript>MALICIOUS MISCHIEF, VANDALISM OF VEHICLES</descript><dayofweek>Friday</dayofweek><date>2015-01-02T00:00:00</date><time>18:30</time><pddistrict>NORTHERN</pddistrict><resolution>NONE</resolution><address>1400 Block of WEBSTER ST</address><x>-122.430957655979</x><y>37.7840607474589</y><location human_address="{&quot;address&quot;:&quot;&quot;,&quot;city&quot;:&quot;&quot;,&quot;state&quot;:&quot;&quot;,&quot;zip&quot;:&quot;&quot;}" latitude="37.7840607474589" longitude="-122.430957655979" needs_recoding="false"/></row>