<?xml version="1.0" encoding="UTF-8"?><row _id="12324795" _uuid="562A7C43-AE5F-454D-B35E-252C2B80F908" _position="12324795" _address="http://data.sfgov.org/resource/ritf-b9ki/12324795"><incidntnum>150021750</incidntnum><category>ASSAULT</category><descript>BATTERY</descript><dayofweek>Thursday</dayofweek><date>2015-01-08T00:00:00</date><time>01:53</time><pddistrict>MISSION</pddistrict><resolution>NONE</resolution><address>FOLSOM ST / 14TH ST</address><x>-122.41561633832</x><y>37.7685360123583</y><location human_address="{&quot;address&quot;:&quot;&quot;,&quot;city&quot;:&quot;&quot;,&quot;state&quot;:&quot;&quot;,&quot;zip&quot;:&quot;&quot;}" latitude="37.7685360123583" longitude="-122.41561633832" needs_recoding="false"/></row>