<?xml version="1.0" encoding="UTF-8"?><row _id="11655384" _uuid="CDA50900-B617-4FF1-8873-5B3FBD6A75D7" _position="11655384" _address="http://data.sfgov.org/resource/ritf-b9ki/11655384"><incidntnum>150027667</incidntnum><category>OTHER OFFENSES</category><descript>PROBATION VIOLATION</descript><dayofweek>Friday</dayofweek><date>2015-01-09T00:00:00</date><time>20:50</time><pddistrict>TENDERLOIN</pddistrict><resolution>ARREST, BOOKED</resolution><address>0 Block of TAYLOR ST</address><x>-122.410689907787</x><y>37.7824948907735</y><location human_address="{&quot;address&quot;:&quot;&quot;,&quot;city&quot;:&quot;&quot;,&quot;state&quot;:&quot;&quot;,&quot;zip&quot;:&quot;&quot;}" latitude="37.7824948907735" longitude="-122.410689907787" needs_recoding="false"/></row>