<?xml version="1.0" encoding="UTF-8"?><row _id="11411567" _uuid="81575B45-1033-44B6-AC95-7DB44CC046C1" _position="11411567" _address="http://data.sfgov.org/resource/ritf-b9ki/11411567"><incidntnum>150010424</incidntnum><category>VANDALISM</category><descript>MALICIOUS MISCHIEF, VANDALISM</descript><dayofweek>Friday</dayofweek><date>2015-01-02T00:00:00</date><time>18:30</time><pddistrict>BAYVIEW</pddistrict><resolution>NONE</resolution><address>100 Block of COLBY ST</address><x>-122.413783870038</x><y>37.7282862193275</y><location human_address="{&quot;address&quot;:&quot;&quot;,&quot;city&quot;:&quot;&quot;,&quot;state&quot;:&quot;&quot;,&quot;zip&quot;:&quot;&quot;}" latitude="37.7282862193275" longitude="-122.413783870038" needs_recoding="false"/></row>