<?xml version="1.0" encoding="UTF-8"?><row _id="10985152" _uuid="B16DC9C4-762C-4253-8690-39424BCE79FC" _position="10985152" _address="http://data.sfgov.org/resource/ritf-b9ki/10985152"><incidntnum>150039474</incidntnum><category>DRUG/NARCOTIC</category><descript>POSSESSION OF CONTROLLED SUBSTANCE FOR SALE</descript><dayofweek>Tuesday</dayofweek><date>2015-01-13T00:00:00</date><time>20:30</time><pddistrict>TENDERLOIN</pddistrict><resolution>ARREST, BOOKED</resolution><address>TURK ST / LEAVENWORTH ST</address><x>-122.414056291891</x><y>37.7827931071006</y><location human_address="{&quot;address&quot;:&quot;&quot;,&quot;city&quot;:&quot;&quot;,&quot;state&quot;:&quot;&quot;,&quot;zip&quot;:&quot;&quot;}" latitude="37.7827931071006" longitude="-122.414056291891" needs_recoding="false"/></row>