<?xml version="1.0" encoding="UTF-8"?><row _id="11111138" _uuid="B5EBD46B-2A44-4580-A46A-EB5140C299D5" _position="11111138" _address="http://data.sfgov.org/resource/ritf-b9ki/11111138"><incidntnum>150028079</incidntnum><category>OTHER OFFENSES</category><descript>RESISTING ARREST</descript><dayofweek>Friday</dayofweek><date>2015-01-09T00:00:00</date><time>23:53</time><pddistrict>TENDERLOIN</pddistrict><resolution>ARREST, BOOKED</resolution><address>200 Block of TURK ST</address><x>-122.413259498719</x><y>37.7829514828801</y><location human_address="{&quot;address&quot;:&quot;&quot;,&quot;city&quot;:&quot;&quot;,&quot;state&quot;:&quot;&quot;,&quot;zip&quot;:&quot;&quot;}" latitude="37.7829514828801" longitude="-122.413259498719" needs_recoding="false"/></row>