<?xml version="1.0" encoding="UTF-8"?><row _id="11640575" _uuid="56C9A532-30BD-4F1A-8B49-71FB403DE47F" _position="11640575" _address="http://data.sfgov.org/resource/ritf-b9ki/11640575"><incidntnum>156009457</incidntnum><category>LARCENY/THEFT</category><descript>GRAND THEFT FROM UNLOCKED AUTO</descript><dayofweek>Sunday</dayofweek><date>2015-01-11T00:00:00</date><time>20:00</time><pddistrict>TARAVAL</pddistrict><resolution>NONE</resolution><address>LINCOLN WY / 42ND AV</address><x>-122.501899746848</x><y>37.764357978563</y><location human_address="{&quot;address&quot;:&quot;&quot;,&quot;city&quot;:&quot;&quot;,&quot;state&quot;:&quot;&quot;,&quot;zip&quot;:&quot;&quot;}" latitude="37.764357978563" longitude="-122.501899746848" needs_recoding="false"/></row>