<?xml version="1.0" encoding="UTF-8"?><row _id="12238701" _uuid="EF122795-1D1E-4D38-9B23-AF5FFB11D773" _position="12238701" _address="http://data.sfgov.org/resource/ritf-b9ki/12238701"><incidntnum>150026885</incidntnum><category>WARRANTS</category><descript>WARRANT ARREST</descript><dayofweek>Friday</dayofweek><date>2015-01-09T00:00:00</date><time>16:25</time><pddistrict>NORTHERN</pddistrict><resolution>ARREST, BOOKED</resolution><address>700 Block of LARKIN ST</address><x>-122.417688009568</x><y>37.784481757201</y><location human_address="{&quot;address&quot;:&quot;&quot;,&quot;city&quot;:&quot;&quot;,&quot;state&quot;:&quot;&quot;,&quot;zip&quot;:&quot;&quot;}" latitude="37.784481757201" longitude="-122.417688009568" needs_recoding="false"/></row>