<?xml version="1.0" encoding="UTF-8"?><row _id="11555992" _uuid="EDEA0E93-EA64-495E-A9EA-049D461B21EC" _position="11555992" _address="http://data.sfgov.org/resource/ritf-b9ki/11555992"><incidntnum>150013274</incidntnum><category>OTHER OFFENSES</category><descript>FALSE PERSONATION</descript><dayofweek>Monday</dayofweek><date>2015-01-05T00:00:00</date><time>10:00</time><pddistrict>SOUTHERN</pddistrict><resolution>UNFOUNDED</resolution><address>800 Block of BRYANT ST</address><x>-122.403404791479</x><y>37.775420706711</y><location human_address="{&quot;address&quot;:&quot;&quot;,&quot;city&quot;:&quot;&quot;,&quot;state&quot;:&quot;&quot;,&quot;zip&quot;:&quot;&quot;}" latitude="37.775420706711" longitude="-122.403404791479" needs_recoding="false"/></row>