<?xml version="1.0" encoding="UTF-8"?><row _id="11382684" _uuid="61A51088-6DE5-4FC6-BD11-92DC6688D43F" _position="11382684" _address="http://data.sfgov.org/resource/ritf-b9ki/11382684"><incidntnum>150011240</incidntnum><category>OTHER OFFENSES</category><descript>TRAFFIC VIOLATION ARREST</descript><dayofweek>Sunday</dayofweek><date>2015-01-04T00:00:00</date><time>22:20</time><pddistrict>SOUTHERN</pddistrict><resolution>ARREST, BOOKED</resolution><address>HARRISON ST / 5TH ST</address><x>-122.401846367522</x><y>37.7790324136251</y><location human_address="{&quot;address&quot;:&quot;&quot;,&quot;city&quot;:&quot;&quot;,&quot;state&quot;:&quot;&quot;,&quot;zip&quot;:&quot;&quot;}" latitude="37.7790324136251" longitude="-122.401846367522" needs_recoding="false"/></row>