<?xml version="1.0" encoding="UTF-8"?><row _id="12206606" _uuid="BDE577F9-4E6D-4A0C-A51D-A0182365F29C" _position="12206606" _address="http://data.sfgov.org/resource/ritf-b9ki/12206606"><incidntnum>156006710</incidntnum><category>LARCENY/THEFT</category><descript>GRAND THEFT FROM LOCKED AUTO</descript><dayofweek>Sunday</dayofweek><date>2015-01-04T00:00:00</date><time>21:00</time><pddistrict>BAYVIEW</pddistrict><resolution>NONE</resolution><address>1200 Block of BACON ST</address><x>-122.415103582788</x><y>37.7245633003793</y><location human_address="{&quot;address&quot;:&quot;&quot;,&quot;city&quot;:&quot;&quot;,&quot;state&quot;:&quot;&quot;,&quot;zip&quot;:&quot;&quot;}" latitude="37.7245633003793" longitude="-122.415103582788" needs_recoding="false"/></row>