<?xml version="1.0" encoding="UTF-8"?><row _id="11705510" _uuid="9F62A5F5-5688-4C16-9776-C12CE07BC361" _position="11705510" _address="http://data.sfgov.org/resource/ritf-b9ki/11705510"><incidntnum>150008463</incidntnum><category>WEAPON LAWS</category><descript>POSSESSION OF EXPLOSIVE DEVICE</descript><dayofweek>Saturday</dayofweek><date>2015-01-03T00:00:00</date><time>20:58</time><pddistrict>MISSION</pddistrict><resolution>ARREST, BOOKED</resolution><address>3900 Block of 23RD ST</address><x>-122.430931684359</x><y>37.7530356489134</y><location human_address="{&quot;address&quot;:&quot;&quot;,&quot;city&quot;:&quot;&quot;,&quot;state&quot;:&quot;&quot;,&quot;zip&quot;:&quot;&quot;}" latitude="37.7530356489134" longitude="-122.430931684359" needs_recoding="false"/></row>