<?xml version="1.0" encoding="UTF-8"?><row _id="12282394" _uuid="89C153A9-9EF6-42B5-BBFB-30A01C151599" _position="12282394" _address="http://data.sfgov.org/resource/ritf-b9ki/12282394"><incidntnum>150016347</incidntnum><category>NON-CRIMINAL</category><descript>AIDED CASE, MENTAL DISTURBED</descript><dayofweek>Tuesday</dayofweek><date>2015-01-06T00:00:00</date><time>12:26</time><pddistrict>TARAVAL</pddistrict><resolution>EXCEPTIONAL CLEARANCE</resolution><address>100 Block of VICTORIA ST</address><x>-122.465362817213</x><y>37.7136151594856</y><location human_address="{&quot;address&quot;:&quot;&quot;,&quot;city&quot;:&quot;&quot;,&quot;state&quot;:&quot;&quot;,&quot;zip&quot;:&quot;&quot;}" latitude="37.7136151594856" longitude="-122.465362817213" needs_recoding="false"/></row>