<?xml version="1.0" encoding="UTF-8"?><row _id="12165575" _uuid="D4FA4AF4-6D65-4185-BE00-EA4512C46865" _position="12165575" _address="http://data.sfgov.org/resource/ritf-b9ki/12165575"><incidntnum>150021227</incidntnum><category>LARCENY/THEFT</category><descript>GRAND THEFT FROM PERSON</descript><dayofweek>Sunday</dayofweek><date>2015-01-04T00:00:00</date><time>17:45</time><pddistrict>NORTHERN</pddistrict><resolution>NONE</resolution><address>600 Block of WILLOW ST</address><x>-122.428332461091</x><y>37.7824713719545</y><location human_address="{&quot;address&quot;:&quot;&quot;,&quot;city&quot;:&quot;&quot;,&quot;state&quot;:&quot;&quot;,&quot;zip&quot;:&quot;&quot;}" latitude="37.7824713719545" longitude="-122.428332461091" needs_recoding="false"/></row>