<?xml version="1.0" encoding="UTF-8"?><row _id="11316173" _uuid="A18DBAA6-AC24-4EC1-9E41-551B582C21C4" _position="11316173" _address="http://data.sfgov.org/resource/ritf-b9ki/11316173"><incidntnum>156014434</incidntnum><category>LARCENY/THEFT</category><descript>GRAND THEFT FROM LOCKED AUTO</descript><dayofweek>Monday</dayofweek><date>2015-01-19T00:00:00</date><time>01:30</time><pddistrict>NORTHERN</pddistrict><resolution>NONE</resolution><address>SUTTER ST / VANNESS AV</address><x>-122.421762501792</x><y>37.7875490095115</y><location human_address="{&quot;address&quot;:&quot;&quot;,&quot;city&quot;:&quot;&quot;,&quot;state&quot;:&quot;&quot;,&quot;zip&quot;:&quot;&quot;}" latitude="37.7875490095115" longitude="-122.421762501792" needs_recoding="false"/></row>