<?xml version="1.0" encoding="UTF-8"?><row _id="10962416" _uuid="F867678A-A500-48CF-AE90-FDDEE7B314E7" _position="10962416" _address="http://data.sfgov.org/resource/ritf-b9ki/10962416"><incidntnum>150009154</incidntnum><category>NON-CRIMINAL</category><descript>FIRE REPORT</descript><dayofweek>Sunday</dayofweek><date>2015-01-04T00:00:00</date><time>03:42</time><pddistrict>CENTRAL</pddistrict><resolution>NONE</resolution><address>SANSOME ST / LOMBARD ST</address><x>-122.403352206927</x><y>37.8040296057521</y><location human_address="{&quot;address&quot;:&quot;&quot;,&quot;city&quot;:&quot;&quot;,&quot;state&quot;:&quot;&quot;,&quot;zip&quot;:&quot;&quot;}" latitude="37.8040296057521" longitude="-122.403352206927" needs_recoding="false"/></row>