<?xml version="1.0" encoding="UTF-8"?><row _id="11128595" _uuid="5CA055C4-1B42-4253-A64B-A16DDF683047" _position="11128595" _address="http://data.sfgov.org/resource/ritf-b9ki/11128595"><incidntnum>156010125</incidntnum><category>NON-CRIMINAL</category><descript>LOST PROPERTY</descript><dayofweek>Sunday</dayofweek><date>2015-01-11T00:00:00</date><time>14:30</time><pddistrict>SOUTHERN</pddistrict><resolution>NONE</resolution><address>800 Block of MARKET ST</address><x>-122.407633520742</x><y>37.7841893501425</y><location human_address="{&quot;address&quot;:&quot;&quot;,&quot;city&quot;:&quot;&quot;,&quot;state&quot;:&quot;&quot;,&quot;zip&quot;:&quot;&quot;}" latitude="37.7841893501425" longitude="-122.407633520742" needs_recoding="false"/></row>