<?xml version="1.0" encoding="UTF-8"?><row _id="11435308" _uuid="AD0B83B5-5788-4B74-BB2F-47B8BCE5E60F" _position="11435308" _address="http://data.sfgov.org/resource/ritf-b9ki/11435308"><incidntnum>150037268</incidntnum><category>NON-CRIMINAL</category><descript>COURTESY REPORT</descript><dayofweek>Tuesday</dayofweek><date>2015-01-06T00:00:00</date><time>15:00</time><pddistrict>TARAVAL</pddistrict><resolution>EXCEPTIONAL CLEARANCE</resolution><address>1500 Block of 27TH AV</address><x>-122.485301659808</x><y>37.7585067963556</y><location human_address="{&quot;address&quot;:&quot;&quot;,&quot;city&quot;:&quot;&quot;,&quot;state&quot;:&quot;&quot;,&quot;zip&quot;:&quot;&quot;}" latitude="37.7585067963556" longitude="-122.485301659808" needs_recoding="false"/></row>