<?xml version="1.0" encoding="UTF-8"?><row _id="11550642" _uuid="909994BA-0202-4260-A328-49092A741839" _position="11550642" _address="http://data.sfgov.org/resource/ritf-b9ki/11550642"><incidntnum>150008952</incidntnum><category>ASSAULT</category><descript>THREATS AGAINST LIFE</descript><dayofweek>Sunday</dayofweek><date>2015-01-04T00:00:00</date><time>00:50</time><pddistrict>RICHMOND</pddistrict><resolution>NONE</resolution><address>500 Block of 20TH AV</address><x>-122.479241369169</x><y>37.7774563322402</y><location human_address="{&quot;address&quot;:&quot;&quot;,&quot;city&quot;:&quot;&quot;,&quot;state&quot;:&quot;&quot;,&quot;zip&quot;:&quot;&quot;}" latitude="37.7774563322402" longitude="-122.479241369169" needs_recoding="false"/></row>