<?xml version="1.0" encoding="UTF-8"?><row _id="10821515" _uuid="F0CD5901-1208-4638-AE3D-ACD337842D80" _position="10821515" _address="http://data.sfgov.org/resource/ritf-b9ki/10821515"><incidntnum>150019642</incidntnum><category>NON-CRIMINAL</category><descript>CIVIL SIDEWALKS, WARNING</descript><dayofweek>Wednesday</dayofweek><date>2015-01-07T00:00:00</date><time>13:01</time><pddistrict>MISSION</pddistrict><resolution>NONE</resolution><address>1900 Block of MISSION ST</address><x>-122.419814593811</x><y>37.7658427213372</y><location human_address="{&quot;address&quot;:&quot;&quot;,&quot;city&quot;:&quot;&quot;,&quot;state&quot;:&quot;&quot;,&quot;zip&quot;:&quot;&quot;}" latitude="37.7658427213372" longitude="-122.419814593811" needs_recoding="false"/></row>