<?xml version="1.0" encoding="UTF-8"?><row _id="12538834" _uuid="DC791429-B3B1-4D15-A453-62533A02C25F" _position="12538834" _address="http://data.sfgov.org/resource/ritf-b9ki/12538834"><incidntnum>156024239</incidntnum><category>LARCENY/THEFT</category><descript>GRAND THEFT FROM LOCKED AUTO</descript><dayofweek>Saturday</dayofweek><date>2015-01-31T00:00:00</date><time>17:31</time><pddistrict>CENTRAL</pddistrict><resolution>NONE</resolution><address>400 Block of STOCKTON ST</address><x>-122.406977563692</x><y>37.789918101686</y><location human_address="{&quot;address&quot;:&quot;&quot;,&quot;city&quot;:&quot;&quot;,&quot;state&quot;:&quot;&quot;,&quot;zip&quot;:&quot;&quot;}" latitude="37.789918101686" longitude="-122.406977563692" needs_recoding="false"/></row>