<?xml version="1.0" encoding="UTF-8"?><row _id="11595316" _uuid="24EB4046-E07C-4935-93A2-31598FF24FA3" _position="11595316" _address="http://data.sfgov.org/resource/ritf-b9ki/11595316"><incidntnum>150007261</incidntnum><category>DRUG/NARCOTIC</category><descript>POSSESSION OF MARIJUANA</descript><dayofweek>Saturday</dayofweek><date>2015-01-03T00:00:00</date><time>13:46</time><pddistrict>MISSION</pddistrict><resolution>ARREST, BOOKED</resolution><address>1900 Block of MISSION ST</address><x>-122.419814593811</x><y>37.7658427213372</y><location human_address="{&quot;address&quot;:&quot;&quot;,&quot;city&quot;:&quot;&quot;,&quot;state&quot;:&quot;&quot;,&quot;zip&quot;:&quot;&quot;}" latitude="37.7658427213372" longitude="-122.419814593811" needs_recoding="false"/></row>