<?xml version="1.0" encoding="UTF-8"?><row _id="11074759" _uuid="6749E13A-5C2E-466F-AAB8-CA8366AFD0B1" _position="11074759" _address="http://data.sfgov.org/resource/ritf-b9ki/11074759"><incidntnum>150007562</incidntnum><category>NON-CRIMINAL</category><descript>AIDED CASE, MENTAL DISTURBED</descript><dayofweek>Saturday</dayofweek><date>2015-01-03T00:00:00</date><time>14:51</time><pddistrict>SOUTHERN</pddistrict><resolution>NONE</resolution><address>500 Block of 4TH ST</address><x>-122.397337596822</x><y>37.778893493386</y><location human_address="{&quot;address&quot;:&quot;&quot;,&quot;city&quot;:&quot;&quot;,&quot;state&quot;:&quot;&quot;,&quot;zip&quot;:&quot;&quot;}" latitude="37.778893493386" longitude="-122.397337596822" needs_recoding="false"/></row>