<?xml version="1.0" encoding="UTF-8"?><row _id="12142987" _uuid="31B5D27C-6CEE-4F19-BBD7-622FE4D8A7BE" _position="12142987" _address="http://data.sfgov.org/resource/ritf-b9ki/12142987"><incidntnum>150010117</incidntnum><category>SUSPICIOUS OCC</category><descript>SUSPICIOUS PERSON</descript><dayofweek>Sunday</dayofweek><date>2015-01-04T00:00:00</date><time>13:51</time><pddistrict>CENTRAL</pddistrict><resolution>UNFOUNDED</resolution><address>1100 Block of GREENWICH ST</address><x>-122.418883612653</x><y>37.801186152544</y><location human_address="{&quot;address&quot;:&quot;&quot;,&quot;city&quot;:&quot;&quot;,&quot;state&quot;:&quot;&quot;,&quot;zip&quot;:&quot;&quot;}" latitude="37.801186152544" longitude="-122.418883612653" needs_recoding="false"/></row>