<?xml version="1.0" encoding="UTF-8"?><row _id="11256775" _uuid="EE47B4CA-F825-4A96-8B61-B62C32603DEC" _position="11256775" _address="http://data.sfgov.org/resource/ritf-b9ki/11256775"><incidntnum>150037365</incidntnum><category>NON-CRIMINAL</category><descript>LOST PROPERTY</descript><dayofweek>Monday</dayofweek><date>2015-01-12T00:00:00</date><time>18:00</time><pddistrict>CENTRAL</pddistrict><resolution>NONE</resolution><address>JACKSON ST / DRUMM ST</address><x>-122.397141036764</x><y>37.7972432334626</y><location human_address="{&quot;address&quot;:&quot;&quot;,&quot;city&quot;:&quot;&quot;,&quot;state&quot;:&quot;&quot;,&quot;zip&quot;:&quot;&quot;}" latitude="37.7972432334626" longitude="-122.397141036764" needs_recoding="false"/></row>