<?xml version="1.0" encoding="UTF-8"?><row _id="10849647" _uuid="DFB27E65-47F0-44A2-AF0E-3E2CE16F4BEE" _position="10849647" _address="http://data.sfgov.org/resource/ritf-b9ki/10849647"><incidntnum>150009728</incidntnum><category>VEHICLE THEFT</category><descript>STOLEN TRUCK</descript><dayofweek>Saturday</dayofweek><date>2015-01-03T00:00:00</date><time>23:30</time><pddistrict>TARAVAL</pddistrict><resolution>NONE</resolution><address>23RD AV / MORAGA ST</address><x>-122.480889002203</x><y>37.7559171909134</y><location human_address="{&quot;address&quot;:&quot;&quot;,&quot;city&quot;:&quot;&quot;,&quot;state&quot;:&quot;&quot;,&quot;zip&quot;:&quot;&quot;}" latitude="37.7559171909134" longitude="-122.480889002203" needs_recoding="false"/></row>