<?xml version="1.0" encoding="UTF-8"?><row _id="12679426" _uuid="0C6A8A60-E7C4-4D2B-BA96-10587CC1005A" _position="12679426" _address="http://data.sfgov.org/resource/ritf-b9ki/12679426"><incidntnum>166008085</incidntnum><category>LARCENY/THEFT</category><descript>GRAND THEFT OF PROPERTY</descript><dayofweek>Monday</dayofweek><date>2015-01-05T00:00:00</date><time>10:00</time><pddistrict>RICHMOND</pddistrict><resolution>NONE</resolution><address>6200 Block of GEARY BL</address><x>-122.486347492453</x><y>37.779894591415</y><location human_address="{&quot;address&quot;:&quot;&quot;,&quot;city&quot;:&quot;&quot;,&quot;state&quot;:&quot;&quot;,&quot;zip&quot;:&quot;&quot;}" latitude="37.779894591415" longitude="-122.486347492453" needs_recoding="false"/></row>