<?xml version="1.0" encoding="UTF-8"?><row _id="11311196" _uuid="A9F088C1-3B33-4519-8210-BFC95618E1B4" _position="11311196" _address="http://data.sfgov.org/resource/ritf-b9ki/11311196"><incidntnum>150007255</incidntnum><category>OTHER OFFENSES</category><descript>TRAFFIC VIOLATION</descript><dayofweek>Saturday</dayofweek><date>2015-01-03T00:00:00</date><time>13:25</time><pddistrict>BAYVIEW</pddistrict><resolution>ARREST, BOOKED</resolution><address>INNES AV / EARL ST</address><x>-122.372013936604</x><y>37.7298789539444</y><location human_address="{&quot;address&quot;:&quot;&quot;,&quot;city&quot;:&quot;&quot;,&quot;state&quot;:&quot;&quot;,&quot;zip&quot;:&quot;&quot;}" latitude="37.7298789539444" longitude="-122.372013936604" needs_recoding="false"/></row>