<?xml version="1.0" encoding="UTF-8"?><row _id="11593352" _uuid="F362B392-B093-488F-8728-5A61ADFD36FD" _position="11593352" _address="http://data.sfgov.org/resource/ritf-b9ki/11593352"><incidntnum>156003982</incidntnum><category>LARCENY/THEFT</category><descript>GRAND THEFT FROM LOCKED AUTO</descript><dayofweek>Monday</dayofweek><date>2015-01-05T00:00:00</date><time>05:28</time><pddistrict>TARAVAL</pddistrict><resolution>NONE</resolution><address>1800 Block of OCEAN AV</address><x>-122.461683159559</x><y>37.7251897236748</y><location human_address="{&quot;address&quot;:&quot;&quot;,&quot;city&quot;:&quot;&quot;,&quot;state&quot;:&quot;&quot;,&quot;zip&quot;:&quot;&quot;}" latitude="37.7251897236748" longitude="-122.461683159559" needs_recoding="false"/></row>