<?xml version="1.0" encoding="UTF-8"?><row _id="11606880" _uuid="24038C49-7644-48E3-B979-976C5B9B7993" _position="11606880" _address="http://data.sfgov.org/resource/ritf-b9ki/11606880"><incidntnum>150016682</incidntnum><category>VEHICLE THEFT</category><descript>STOLEN AUTOMOBILE</descript><dayofweek>Monday</dayofweek><date>2015-01-05T00:00:00</date><time>20:30</time><pddistrict>RICHMOND</pddistrict><resolution>NONE</resolution><address>600 Block of EUCLID AV</address><x>-122.456268892937</x><y>37.7838985857351</y><location human_address="{&quot;address&quot;:&quot;&quot;,&quot;city&quot;:&quot;&quot;,&quot;state&quot;:&quot;&quot;,&quot;zip&quot;:&quot;&quot;}" latitude="37.7838985857351" longitude="-122.456268892937" needs_recoding="false"/></row>