<?xml version="1.0" encoding="UTF-8"?><row _id="12552319" _uuid="75BAFA3E-3742-41CD-837E-F043C654A995" _position="12552319" _address="http://data.sfgov.org/resource/ritf-b9ki/12552319"><incidntnum>156033440</incidntnum><category>NON-CRIMINAL</category><descript>LOST PROPERTY</descript><dayofweek>Sunday</dayofweek><date>2015-01-04T00:00:00</date><time>11:30</time><pddistrict>MISSION</pddistrict><resolution>NONE</resolution><address>13TH ST / HARRISON ST</address><x>-122.413388483267</x><y>37.7695006538677</y><location human_address="{&quot;address&quot;:&quot;&quot;,&quot;city&quot;:&quot;&quot;,&quot;state&quot;:&quot;&quot;,&quot;zip&quot;:&quot;&quot;}" latitude="37.7695006538677" longitude="-122.413388483267" needs_recoding="false"/></row>