<?xml version="1.0" encoding="UTF-8"?><row _id="10876846" _uuid="2D48C34D-0469-4B01-B5E1-2FAD43BF5FB4" _position="10876846" _address="http://data.sfgov.org/resource/ritf-b9ki/10876846"><incidntnum>150036771</incidntnum><category>OTHER OFFENSES</category><descript>DRIVERS LICENSE, SUSPENDED OR REVOKED</descript><dayofweek>Monday</dayofweek><date>2015-01-12T00:00:00</date><time>00:55</time><pddistrict>MISSION</pddistrict><resolution>ARREST, BOOKED</resolution><address>19TH ST / CAPP ST</address><x>-122.41812008649</x><y>37.7603012340397</y><location human_address="{&quot;address&quot;:&quot;&quot;,&quot;city&quot;:&quot;&quot;,&quot;state&quot;:&quot;&quot;,&quot;zip&quot;:&quot;&quot;}" latitude="37.7603012340397" longitude="-122.41812008649" needs_recoding="false"/></row>