<?xml version="1.0" encoding="UTF-8"?><row _id="12438798" _uuid="A77AF24F-E869-439C-A689-220F4CE09A56" _position="12438798" _address="http://data.sfgov.org/resource/ritf-b9ki/12438798"><incidntnum>150015402</incidntnum><category>LARCENY/THEFT</category><descript>PETTY THEFT FROM LOCKED AUTO</descript><dayofweek>Tuesday</dayofweek><date>2015-01-06T00:00:00</date><time>07:15</time><pddistrict>PARK</pddistrict><resolution>NONE</resolution><address>1400 Block of GROVE ST</address><x>-122.440504989739</x><y>37.7756613738742</y><location human_address="{&quot;address&quot;:&quot;&quot;,&quot;city&quot;:&quot;&quot;,&quot;state&quot;:&quot;&quot;,&quot;zip&quot;:&quot;&quot;}" latitude="37.7756613738742" longitude="-122.440504989739" needs_recoding="false"/></row>