<?xml version="1.0" encoding="UTF-8"?><row _id="11912880" _uuid="E120C4EE-EE0D-4BAD-8E7A-23F05701CCBD" _position="11912880" _address="http://data.sfgov.org/resource/ritf-b9ki/11912880"><incidntnum>150055072</incidntnum><category>ROBBERY</category><descript>ROBBERY ON THE STREET WITH A KNIFE</descript><dayofweek>Sunday</dayofweek><date>2015-01-18T00:00:00</date><time>17:43</time><pddistrict>SOUTHERN</pddistrict><resolution>NONE</resolution><address>1200 Block of MARKET ST</address><x>-122.415444159886</x><y>37.7780245674641</y><location human_address="{&quot;address&quot;:&quot;&quot;,&quot;city&quot;:&quot;&quot;,&quot;state&quot;:&quot;&quot;,&quot;zip&quot;:&quot;&quot;}" latitude="37.7780245674641" longitude="-122.415444159886" needs_recoding="false"/></row>