<?xml version="1.0" encoding="UTF-8"?><row _id="12313549" _uuid="6F97EE76-4B26-473F-A19A-F6A2D5538BC9" _position="12313549" _address="http://data.sfgov.org/resource/ritf-b9ki/12313549"><incidntnum>150007374</incidntnum><category>BURGLARY</category><descript>BURGLARY, VEHICLE (ARREST MADE)</descript><dayofweek>Saturday</dayofweek><date>2015-01-03T00:00:00</date><time>14:06</time><pddistrict>SOUTHERN</pddistrict><resolution>ARREST, BOOKED</resolution><address>JONES ST / MCALLISTER ST</address><x>-122.411979487494</x><y>37.7809039696758</y><location human_address="{&quot;address&quot;:&quot;&quot;,&quot;city&quot;:&quot;&quot;,&quot;state&quot;:&quot;&quot;,&quot;zip&quot;:&quot;&quot;}" latitude="37.7809039696758" longitude="-122.411979487494" needs_recoding="false"/></row>