<?xml version="1.0" encoding="UTF-8"?><row _id="11711146" _uuid="7B657B23-45AC-4792-A58E-D90A031252C6" _position="11711146" _address="http://data.sfgov.org/resource/ritf-b9ki/11711146"><incidntnum>150025495</incidntnum><category>NON-CRIMINAL</category><descript>FOUND PROPERTY</descript><dayofweek>Friday</dayofweek><date>2015-01-09T00:00:00</date><time>03:00</time><pddistrict>CENTRAL</pddistrict><resolution>NONE</resolution><address>1700 Block of KEARNY ST</address><x>-122.406629366939</x><y>37.8042068502591</y><location human_address="{&quot;address&quot;:&quot;&quot;,&quot;city&quot;:&quot;&quot;,&quot;state&quot;:&quot;&quot;,&quot;zip&quot;:&quot;&quot;}" latitude="37.8042068502591" longitude="-122.406629366939" needs_recoding="false"/></row>