<?xml version="1.0" encoding="UTF-8"?><row _id="11693589" _uuid="05863CAE-41D7-44E8-8BB6-3014B6F5C97A" _position="11693589" _address="http://data.sfgov.org/resource/ritf-b9ki/11693589"><incidntnum>150022457</incidntnum><category>BURGLARY</category><descript>BURGLARY, FORCIBLE ENTRY</descript><dayofweek>Wednesday</dayofweek><date>2015-01-07T00:00:00</date><time>18:00</time><pddistrict>SOUTHERN</pddistrict><resolution>NONE</resolution><address>100 Block of VERMONT ST</address><x>-122.404880193003</x><y>37.7678775541877</y><location human_address="{&quot;address&quot;:&quot;&quot;,&quot;city&quot;:&quot;&quot;,&quot;state&quot;:&quot;&quot;,&quot;zip&quot;:&quot;&quot;}" latitude="37.7678775541877" longitude="-122.404880193003" needs_recoding="false"/></row>