<?xml version="1.0" encoding="UTF-8"?><row _id="11227497" _uuid="17EC89A0-C476-46BC-89F6-8940893FE8F0" _position="11227497" _address="http://data.sfgov.org/resource/ritf-b9ki/11227497"><incidntnum>150011472</incidntnum><category>ARSON</category><descript>FIRE, UNLAWFULLY CAUSING</descript><dayofweek>Sunday</dayofweek><date>2015-01-04T00:00:00</date><time>23:50</time><pddistrict>BAYVIEW</pddistrict><resolution>NONE</resolution><address>100 Block of KISKA RD</address><x>-122.378494173975</x><y>37.7304096808335</y><location human_address="{&quot;address&quot;:&quot;&quot;,&quot;city&quot;:&quot;&quot;,&quot;state&quot;:&quot;&quot;,&quot;zip&quot;:&quot;&quot;}" latitude="37.7304096808335" longitude="-122.378494173975" needs_recoding="false"/></row>