<?xml version="1.0" encoding="UTF-8"?><row _id="12305307" _uuid="8521F383-9D4E-42AD-ACAE-A8274E46F0BC" _position="12305307" _address="http://data.sfgov.org/resource/ritf-b9ki/12305307"><incidntnum>150033040</incidntnum><category>BURGLARY</category><descript>BURGLARY OF RESIDENCE, FORCIBLE ENTRY</descript><dayofweek>Sunday</dayofweek><date>2015-01-11T00:00:00</date><time>15:00</time><pddistrict>TARAVAL</pddistrict><resolution>ARREST, BOOKED</resolution><address>1800 Block of WAWONA ST</address><x>-122.486177330467</x><y>37.7368129188976</y><location human_address="{&quot;address&quot;:&quot;&quot;,&quot;city&quot;:&quot;&quot;,&quot;state&quot;:&quot;&quot;,&quot;zip&quot;:&quot;&quot;}" latitude="37.7368129188976" longitude="-122.486177330467" needs_recoding="false"/></row>