<?xml version="1.0" encoding="UTF-8"?><row _id="10856697" _uuid="33E481A3-4E06-454B-A127-14069FD45F0E" _position="10856697" _address="http://data.sfgov.org/resource/ritf-b9ki/10856697"><incidntnum>150084811</incidntnum><category>NON-CRIMINAL</category><descript>LOST PROPERTY</descript><dayofweek>Monday</dayofweek><date>2015-01-26T00:00:00</date><time>17:20</time><pddistrict>MISSION</pddistrict><resolution>NONE</resolution><address>16TH ST / MISSION ST</address><x>-122.419671780296</x><y>37.7650501214668</y><location human_address="{&quot;address&quot;:&quot;&quot;,&quot;city&quot;:&quot;&quot;,&quot;state&quot;:&quot;&quot;,&quot;zip&quot;:&quot;&quot;}" latitude="37.7650501214668" longitude="-122.419671780296" needs_recoding="false"/></row>