<?xml version="1.0" encoding="UTF-8"?><row _id="11564014" _uuid="19E3F95C-12FA-4372-B6BE-7AEFEFD65F63" _position="11564014" _address="http://data.sfgov.org/resource/ritf-b9ki/11564014"><incidntnum>156003051</incidntnum><category>LARCENY/THEFT</category><descript>GRAND THEFT FROM UNLOCKED AUTO</descript><dayofweek>Saturday</dayofweek><date>2015-01-03T00:00:00</date><time>22:00</time><pddistrict>NORTHERN</pddistrict><resolution>NONE</resolution><address>VANNESS AV / TURK ST</address><x>-122.420641893733</x><y>37.7819608221838</y><location human_address="{&quot;address&quot;:&quot;&quot;,&quot;city&quot;:&quot;&quot;,&quot;state&quot;:&quot;&quot;,&quot;zip&quot;:&quot;&quot;}" latitude="37.7819608221838" longitude="-122.420641893733" needs_recoding="false"/></row>