<?xml version="1.0" encoding="UTF-8"?><row _id="12200451" _uuid="78DDB78D-5011-4716-97AC-97043836A369" _position="12200451" _address="http://data.sfgov.org/resource/ritf-b9ki/12200451"><incidntnum>150068514</incidntnum><category>VEHICLE THEFT</category><descript>STOLEN AUTOMOBILE</descript><dayofweek>Thursday</dayofweek><date>2015-01-22T00:00:00</date><time>10:00</time><pddistrict>INGLESIDE</pddistrict><resolution>NONE</resolution><address>PROSPECT AV / COSO AV</address><x>-122.417242028201</x><y>37.745718360845</y><location human_address="{&quot;address&quot;:&quot;&quot;,&quot;city&quot;:&quot;&quot;,&quot;state&quot;:&quot;&quot;,&quot;zip&quot;:&quot;&quot;}" latitude="37.745718360845" longitude="-122.417242028201" needs_recoding="false"/></row>