<?xml version="1.0" encoding="UTF-8"?><row _id="11528611" _uuid="FF6167BA-F871-4448-910B-64B2AAAEFAFE" _position="11528611" _address="http://data.sfgov.org/resource/ritf-b9ki/11528611"><incidntnum>150022071</incidntnum><category>TRESPASS</category><descript>TRESPASSING</descript><dayofweek>Thursday</dayofweek><date>2015-01-08T00:00:00</date><time>08:30</time><pddistrict>TENDERLOIN</pddistrict><resolution>ARREST, BOOKED</resolution><address>400 Block of TURK ST</address><x>-122.416342977622</x><y>37.7824465135592</y><location human_address="{&quot;address&quot;:&quot;&quot;,&quot;city&quot;:&quot;&quot;,&quot;state&quot;:&quot;&quot;,&quot;zip&quot;:&quot;&quot;}" latitude="37.7824465135592" longitude="-122.416342977622" needs_recoding="false"/></row>