<?xml version="1.0" encoding="UTF-8"?><row _id="12679361" _uuid="A7DE532E-0215-47BF-960C-C15B9E3BB1D0" _position="12679361" _address="http://data.sfgov.org/resource/ritf-b9ki/12679361"><incidntnum>160009451</incidntnum><category>NON-CRIMINAL</category><descript>STAY AWAY OR COURT ORDER, NON-DV RELATED</descript><dayofweek>Sunday</dayofweek><date>2015-01-04T00:00:00</date><time>15:40</time><pddistrict>SOUTHERN</pddistrict><resolution>NONE</resolution><address>1000 Block of MARKET ST</address><x>-122.411071423064</x><y>37.7817511307229</y><location human_address="{&quot;address&quot;:&quot;&quot;,&quot;city&quot;:&quot;&quot;,&quot;state&quot;:&quot;&quot;,&quot;zip&quot;:&quot;&quot;}" latitude="37.7817511307229" longitude="-122.411071423064" needs_recoding="false"/></row>