<?xml version="1.0" encoding="UTF-8"?><row _id="12300603" _uuid="B0FDD798-7831-4293-9E99-7F8E8CCDB037" _position="12300603" _address="http://data.sfgov.org/resource/ritf-b9ki/12300603"><incidntnum>150026669</incidntnum><category>MISSING PERSON</category><descript>FOUND PERSON</descript><dayofweek>Friday</dayofweek><date>2015-01-09T00:00:00</date><time>09:30</time><pddistrict>NORTHERN</pddistrict><resolution>NONE</resolution><address>2200 Block of CLAY ST</address><x>-122.430118762295</x><y>37.791286303662</y><location human_address="{&quot;address&quot;:&quot;&quot;,&quot;city&quot;:&quot;&quot;,&quot;state&quot;:&quot;&quot;,&quot;zip&quot;:&quot;&quot;}" latitude="37.791286303662" longitude="-122.430118762295" needs_recoding="false"/></row>