<?xml version="1.0" encoding="UTF-8"?><row _id="12369045" _uuid="7D273CB8-5094-4065-9D20-7C16D2300FE1" _position="12369045" _address="http://data.sfgov.org/resource/ritf-b9ki/12369045"><incidntnum>150021857</incidntnum><category>NON-CRIMINAL</category><descript>AIDED CASE, MENTAL DISTURBED</descript><dayofweek>Thursday</dayofweek><date>2015-01-08T00:00:00</date><time>04:00</time><pddistrict>NORTHERN</pddistrict><resolution>NONE</resolution><address>1500 Block of SUTTER ST</address><x>-122.425883358148</x><y>37.7870798144443</y><location human_address="{&quot;address&quot;:&quot;&quot;,&quot;city&quot;:&quot;&quot;,&quot;state&quot;:&quot;&quot;,&quot;zip&quot;:&quot;&quot;}" latitude="37.7870798144443" longitude="-122.425883358148" needs_recoding="false"/></row>