<?xml version="1.0" encoding="UTF-8"?><row _id="11083269" _uuid="0B88D081-2022-4D3F-94D7-85C35DB76DD9" _position="11083269" _address="http://data.sfgov.org/resource/ritf-b9ki/11083269"><incidntnum>150088095</incidntnum><category>NON-CRIMINAL</category><descript>COURTESY REPORT</descript><dayofweek>Monday</dayofweek><date>2015-01-12T00:00:00</date><time>00:01</time><pddistrict>TENDERLOIN</pddistrict><resolution>UNFOUNDED</resolution><address>100 Block of EDDY ST</address><x>-122.410135236377</x><y>37.7841889075267</y><location human_address="{&quot;address&quot;:&quot;&quot;,&quot;city&quot;:&quot;&quot;,&quot;state&quot;:&quot;&quot;,&quot;zip&quot;:&quot;&quot;}" latitude="37.7841889075267" longitude="-122.410135236377" needs_recoding="false"/></row>