<?xml version="1.0" encoding="UTF-8"?><row _id="12250173" _uuid="3E2860BE-5069-4057-9392-12DEEAC219F8" _position="12250173" _address="http://data.sfgov.org/resource/ritf-b9ki/12250173"><incidntnum>150038363</incidntnum><category>ARSON</category><descript>ARSON</descript><dayofweek>Sunday</dayofweek><date>2015-01-11T00:00:00</date><time>22:45</time><pddistrict>TARAVAL</pddistrict><resolution>NONE</resolution><address>10TH AV / LINCOLN WY</address><x>-122.467514101042</x><y>37.7658764339105</y><location human_address="{&quot;address&quot;:&quot;&quot;,&quot;city&quot;:&quot;&quot;,&quot;state&quot;:&quot;&quot;,&quot;zip&quot;:&quot;&quot;}" latitude="37.7658764339105" longitude="-122.467514101042" needs_recoding="false"/></row>