<?xml version="1.0" encoding="UTF-8"?><row _id="11024890" _uuid="15A1BE46-D166-4D63-B3B0-8F676E0C414B" _position="11024890" _address="http://data.sfgov.org/resource/ritf-b9ki/11024890"><incidntnum>150024588</incidntnum><category>NON-CRIMINAL</category><descript>AIDED CASE, MENTAL DISTURBED</descript><dayofweek>Thursday</dayofweek><date>2015-01-08T00:00:00</date><time>20:55</time><pddistrict>SOUTHERN</pddistrict><resolution>NONE</resolution><address>200 Block of FOLSOM ST</address><x>-122.392347671978</x><y>37.7890603555993</y><location human_address="{&quot;address&quot;:&quot;&quot;,&quot;city&quot;:&quot;&quot;,&quot;state&quot;:&quot;&quot;,&quot;zip&quot;:&quot;&quot;}" latitude="37.7890603555993" longitude="-122.392347671978" needs_recoding="false"/></row>