<?xml version="1.0" encoding="UTF-8"?><row _id="12398296" _uuid="B6C84B39-34A2-4849-8DBC-A01A10F8A12C" _position="12398296" _address="http://data.sfgov.org/resource/ritf-b9ki/12398296"><incidntnum>150037600</incidntnum><category>FRAUD</category><descript>CREDIT CARD, THEFT BY USE OF</descript><dayofweek>Tuesday</dayofweek><date>2015-01-06T00:00:00</date><time>00:01</time><pddistrict>MISSION</pddistrict><resolution>NONE</resolution><address>MARKET ST / CHURCH ST</address><x>-122.428950032727</x><y>37.7675027326801</y><location human_address="{&quot;address&quot;:&quot;&quot;,&quot;city&quot;:&quot;&quot;,&quot;state&quot;:&quot;&quot;,&quot;zip&quot;:&quot;&quot;}" latitude="37.7675027326801" longitude="-122.428950032727" needs_recoding="false"/></row>