<?xml version="1.0" encoding="UTF-8"?><row _id="11459718" _uuid="EF469EE8-AA2E-47F7-B49A-ADE09213A420" _position="11459718" _address="http://data.sfgov.org/resource/ritf-b9ki/11459718"><incidntnum>150030444</incidntnum><category>STOLEN PROPERTY</category><descript>STOLEN PROPERTY, POSSESSION WITH KNOWLEDGE, RECEIVING</descript><dayofweek>Saturday</dayofweek><date>2015-01-10T00:00:00</date><time>18:30</time><pddistrict>CENTRAL</pddistrict><resolution>ARREST, BOOKED</resolution><address>600 Block of LOMBARD ST</address><x>-122.412216422677</x><y>37.8028745703379</y><location human_address="{&quot;address&quot;:&quot;&quot;,&quot;city&quot;:&quot;&quot;,&quot;state&quot;:&quot;&quot;,&quot;zip&quot;:&quot;&quot;}" latitude="37.8028745703379" longitude="-122.412216422677" needs_recoding="false"/></row>