<?xml version="1.0" encoding="UTF-8"?><row _id="12482031" _uuid="C77B2670-A95F-48F6-A612-8F81A4B4C388" _position="12482031" _address="http://data.sfgov.org/resource/ritf-b9ki/12482031"><incidntnum>150029732</incidntnum><category>WEAPON LAWS</category><descript>EXHIBITING DEADLY WEAPON IN A THREATING MANNER</descript><dayofweek>Saturday</dayofweek><date>2015-01-10T00:00:00</date><time>16:03</time><pddistrict>MISSION</pddistrict><resolution>NONE</resolution><address>16TH ST / SOUTH VAN NESS AV</address><x>-122.417488323639</x><y>37.7651818039906</y><location human_address="{&quot;address&quot;:&quot;&quot;,&quot;city&quot;:&quot;&quot;,&quot;state&quot;:&quot;&quot;,&quot;zip&quot;:&quot;&quot;}" latitude="37.7651818039906" longitude="-122.417488323639" needs_recoding="false"/></row>