<?xml version="1.0" encoding="UTF-8"?><row _id="11378750" _uuid="FADFA382-55C2-404E-93BC-78F563F8860B" _position="11378750" _address="http://data.sfgov.org/resource/ritf-b9ki/11378750"><incidntnum>150023900</incidntnum><category>OTHER OFFENSES</category><descript>LOST/STOLEN LICENSE PLATE</descript><dayofweek>Sunday</dayofweek><date>2015-01-04T00:00:00</date><time>18:00</time><pddistrict>PARK</pddistrict><resolution>NONE</resolution><address>600 Block of CORBETT AV</address><x>-122.443461885566</x><y>37.7566119889358</y><location human_address="{&quot;address&quot;:&quot;&quot;,&quot;city&quot;:&quot;&quot;,&quot;state&quot;:&quot;&quot;,&quot;zip&quot;:&quot;&quot;}" latitude="37.7566119889358" longitude="-122.443461885566" needs_recoding="false"/></row>