<?xml version="1.0" encoding="UTF-8"?><row _id="12164704" _uuid="A0DCB17E-B5D9-44DC-8573-C6C40AC733AB" _position="12164704" _address="http://data.sfgov.org/resource/ritf-b9ki/12164704"><incidntnum>150042665</incidntnum><category>VANDALISM</category><descript>MALICIOUS MISCHIEF, VANDALISM OF VEHICLES</descript><dayofweek>Wednesday</dayofweek><date>2015-01-14T00:00:00</date><time>17:00</time><pddistrict>SOUTHERN</pddistrict><resolution>NONE</resolution><address>200 Block of HARRIET ST</address><x>-122.404325678542</x><y>37.7765342338882</y><location human_address="{&quot;address&quot;:&quot;&quot;,&quot;city&quot;:&quot;&quot;,&quot;state&quot;:&quot;&quot;,&quot;zip&quot;:&quot;&quot;}" latitude="37.7765342338882" longitude="-122.404325678542" needs_recoding="false"/></row>