<?xml version="1.0" encoding="UTF-8"?><row _id="12538810" _uuid="927F6D9A-C7A7-4D3C-95B4-2BC08EAC6862" _position="12538810" _address="http://data.sfgov.org/resource/ritf-b9ki/12538810"><incidntnum>150098420</incidntnum><category>ROBBERY</category><descript>ATTEMPTED ROBBERY WITH A DEADLY WEAPON</descript><dayofweek>Sunday</dayofweek><date>2015-02-01T00:00:00</date><time>17:10</time><pddistrict>TENDERLOIN</pddistrict><resolution>ARREST, BOOKED</resolution><address>400 Block of ELLIS ST</address><x>-122.413609328985</x><y>37.784696907904</y><location human_address="{&quot;address&quot;:&quot;&quot;,&quot;city&quot;:&quot;&quot;,&quot;state&quot;:&quot;&quot;,&quot;zip&quot;:&quot;&quot;}" latitude="37.784696907904" longitude="-122.413609328985" needs_recoding="false"/></row>