<?xml version="1.0" encoding="UTF-8"?><row _id="12098783" _uuid="5C5813A7-86FA-4825-BA33-0E9AEA58AEA4" _position="12098783" _address="http://data.sfgov.org/resource/ritf-b9ki/12098783"><incidntnum>150008758</incidntnum><category>OTHER OFFENSES</category><descript>DRIVERS LICENSE, SUSPENDED OR REVOKED</descript><dayofweek>Saturday</dayofweek><date>2015-01-03T00:00:00</date><time>23:16</time><pddistrict>INGLESIDE</pddistrict><resolution>ARREST, CITED</resolution><address>GENEVA AV / ALEMANY BL</address><x>-122.442326614218</x><y>37.7178353145571</y><location human_address="{&quot;address&quot;:&quot;&quot;,&quot;city&quot;:&quot;&quot;,&quot;state&quot;:&quot;&quot;,&quot;zip&quot;:&quot;&quot;}" latitude="37.7178353145571" longitude="-122.442326614218" needs_recoding="false"/></row>