<?xml version="1.0" encoding="UTF-8"?><row _id="10859184" _uuid="E2DF7FF6-B2FF-41A3-A8C3-06838256E8E9" _position="10859184" _address="http://data.sfgov.org/resource/ritf-b9ki/10859184"><incidntnum>150056951</incidntnum><category>ASSAULT</category><descript>BATTERY</descript><dayofweek>Monday</dayofweek><date>2015-01-19T00:00:00</date><time>11:44</time><pddistrict>PARK</pddistrict><resolution>ARREST, BOOKED</resolution><address>300 Block of BAKER ST</address><x>-122.440949589926</x><y>37.7741190407726</y><location human_address="{&quot;address&quot;:&quot;&quot;,&quot;city&quot;:&quot;&quot;,&quot;state&quot;:&quot;&quot;,&quot;zip&quot;:&quot;&quot;}" latitude="37.7741190407726" longitude="-122.440949589926" needs_recoding="false"/></row>