<?xml version="1.0" encoding="UTF-8"?><row _id="11057651" _uuid="E25F77A7-41D9-4C15-8C22-BC6E447698B9" _position="11057651" _address="http://data.sfgov.org/resource/ritf-b9ki/11057651"><incidntnum>150013161</incidntnum><category>DRUG/NARCOTIC</category><descript>POSSESSION OF COCAINE</descript><dayofweek>Monday</dayofweek><date>2015-01-05T00:00:00</date><time>13:04</time><pddistrict>BAYVIEW</pddistrict><resolution>ARREST, BOOKED</resolution><address>NEWHALL ST / LASALLE AV</address><x>-122.390521939554</x><y>37.7375439838695</y><location human_address="{&quot;address&quot;:&quot;&quot;,&quot;city&quot;:&quot;&quot;,&quot;state&quot;:&quot;&quot;,&quot;zip&quot;:&quot;&quot;}" latitude="37.7375439838695" longitude="-122.390521939554" needs_recoding="false"/></row>