<?xml version="1.0" encoding="UTF-8"?><row _id="12095439" _uuid="E96355E3-D86A-4AC3-8242-565D86CD1800" _position="12095439" _address="http://data.sfgov.org/resource/ritf-b9ki/12095439"><incidntnum>150022526</incidntnum><category>BURGLARY</category><descript>BURGLARY,STORE UNDER CONSTRUCTION, FORCIBLE ENTRY</descript><dayofweek>Thursday</dayofweek><date>2015-01-08T00:00:00</date><time>02:00</time><pddistrict>MISSION</pddistrict><resolution>NONE</resolution><address>800 Block of VALENCIA ST</address><x>-122.421243015587</x><y>37.7589232154339</y><location human_address="{&quot;address&quot;:&quot;&quot;,&quot;city&quot;:&quot;&quot;,&quot;state&quot;:&quot;&quot;,&quot;zip&quot;:&quot;&quot;}" latitude="37.7589232154339" longitude="-122.421243015587" needs_recoding="false"/></row>