<?xml version="1.0" encoding="UTF-8"?><row _id="10964377" _uuid="4E298C30-4F56-41C5-B5E7-F64142653ECC" _position="10964377" _address="http://data.sfgov.org/resource/ritf-b9ki/10964377"><incidntnum>156003396</incidntnum><category>LARCENY/THEFT</category><descript>GRAND THEFT FROM LOCKED AUTO</descript><dayofweek>Saturday</dayofweek><date>2015-01-03T00:00:00</date><time>22:00</time><pddistrict>NORTHERN</pddistrict><resolution>NONE</resolution><address>WEBSTER ST / SUTTER ST</address><x>-122.431553200196</x><y>37.7863039907166</y><location human_address="{&quot;address&quot;:&quot;&quot;,&quot;city&quot;:&quot;&quot;,&quot;state&quot;:&quot;&quot;,&quot;zip&quot;:&quot;&quot;}" latitude="37.7863039907166" longitude="-122.431553200196" needs_recoding="false"/></row>