<?xml version="1.0" encoding="UTF-8"?><row _id="11627571" _uuid="BD572BB9-6598-45CF-AD20-CCB614FC8979" _position="11627571" _address="http://data.sfgov.org/resource/ritf-b9ki/11627571"><incidntnum>150010656</incidntnum><category>WARRANTS</category><descript>WARRANT ARREST</descript><dayofweek>Sunday</dayofweek><date>2015-01-04T00:00:00</date><time>17:24</time><pddistrict>NORTHERN</pddistrict><resolution>ARREST, BOOKED</resolution><address>700 Block of ELLIS ST</address><x>-122.418540618555</x><y>37.7840761863838</y><location human_address="{&quot;address&quot;:&quot;&quot;,&quot;city&quot;:&quot;&quot;,&quot;state&quot;:&quot;&quot;,&quot;zip&quot;:&quot;&quot;}" latitude="37.7840761863838" longitude="-122.418540618555" needs_recoding="false"/></row>