<?xml version="1.0" encoding="UTF-8"?><row _id="12256338" _uuid="F981548F-BF62-4D7F-8C1A-77BEEA25F9E9" _position="12256338" _address="http://data.sfgov.org/resource/ritf-b9ki/12256338"><incidntnum>150075901</incidntnum><category>LARCENY/THEFT</category><descript>THEFT OF CHECKS OR CREDIT CARDS</descript><dayofweek>Sunday</dayofweek><date>2015-01-04T00:00:00</date><time>16:00</time><pddistrict>TENDERLOIN</pddistrict><resolution>NONE</resolution><address>300 Block of HYDE ST</address><x>-122.415910622743</x><y>37.7839999167561</y><location human_address="{&quot;address&quot;:&quot;&quot;,&quot;city&quot;:&quot;&quot;,&quot;state&quot;:&quot;&quot;,&quot;zip&quot;:&quot;&quot;}" latitude="37.7839999167561" longitude="-122.415910622743" needs_recoding="false"/></row>