<?xml version="1.0" encoding="UTF-8"?><row _id="10821582" _uuid="1C3977E2-325F-4E9E-B1A6-022F2F20ED92" _position="10821582" _address="http://data.sfgov.org/resource/ritf-b9ki/10821582"><incidntnum>150015189</incidntnum><category>WARRANTS</category><descript>WARRANT ARREST</descript><dayofweek>Tuesday</dayofweek><date>2015-01-06T00:00:00</date><time>03:40</time><pddistrict>INGLESIDE</pddistrict><resolution>ARREST, BOOKED</resolution><address>200 Block of CHENERY ST</address><x>-122.426002788084</x><y>37.7386527836149</y><location human_address="{&quot;address&quot;:&quot;&quot;,&quot;city&quot;:&quot;&quot;,&quot;state&quot;:&quot;&quot;,&quot;zip&quot;:&quot;&quot;}" latitude="37.7386527836149" longitude="-122.426002788084" needs_recoding="false"/></row>