<?xml version="1.0" encoding="UTF-8"?><row _id="12178464" _uuid="F27F5485-0065-43FF-AA82-28420470ED06" _position="12178464" _address="http://data.sfgov.org/resource/ritf-b9ki/12178464"><incidntnum>150011557</incidntnum><category>NON-CRIMINAL</category><descript>AIDED CASE</descript><dayofweek>Monday</dayofweek><date>2015-01-05T00:00:00</date><time>00:58</time><pddistrict>MISSION</pddistrict><resolution>ARREST, BOOKED</resolution><address>CHURCH ST / 19TH ST</address><x>-122.428203997155</x><y>37.759691691831</y><location human_address="{&quot;address&quot;:&quot;&quot;,&quot;city&quot;:&quot;&quot;,&quot;state&quot;:&quot;&quot;,&quot;zip&quot;:&quot;&quot;}" latitude="37.759691691831" longitude="-122.428203997155" needs_recoding="false"/></row>