<?xml version="1.0" encoding="UTF-8"?><row _id="11627531" _uuid="F1B7C32C-2089-4B33-B07A-E79157921F24" _position="11627531" _address="http://data.sfgov.org/resource/ritf-b9ki/11627531"><incidntnum>150025906</incidntnum><category>NON-CRIMINAL</category><descript>AIDED CASE, MENTAL DISTURBED</descript><dayofweek>Friday</dayofweek><date>2015-01-09T00:00:00</date><time>10:59</time><pddistrict>NORTHERN</pddistrict><resolution>PSYCHOPATHIC CASE</resolution><address>3600 Block of WEBSTER ST</address><x>-122.435333440525</x><y>37.8042903410077</y><location human_address="{&quot;address&quot;:&quot;&quot;,&quot;city&quot;:&quot;&quot;,&quot;state&quot;:&quot;&quot;,&quot;zip&quot;:&quot;&quot;}" latitude="37.8042903410077" longitude="-122.435333440525" needs_recoding="false"/></row>