<?xml version="1.0" encoding="UTF-8"?><row _id="10907339" _uuid="FC7D2D16-1DF7-4601-979E-5EB7B5A55445" _position="10907339" _address="http://data.sfgov.org/resource/ritf-b9ki/10907339"><incidntnum>150037268</incidntnum><category>OTHER OFFENSES</category><descript>FALSE PERSONATION TO RECEIVE MONEY OR PROPERTY</descript><dayofweek>Tuesday</dayofweek><date>2015-01-06T00:00:00</date><time>15:00</time><pddistrict>TARAVAL</pddistrict><resolution>EXCEPTIONAL CLEARANCE</resolution><address>1500 Block of 27TH AV</address><x>-122.485301659808</x><y>37.7585067963556</y><location human_address="{&quot;address&quot;:&quot;&quot;,&quot;city&quot;:&quot;&quot;,&quot;state&quot;:&quot;&quot;,&quot;zip&quot;:&quot;&quot;}" latitude="37.7585067963556" longitude="-122.485301659808" needs_recoding="false"/></row>