<?xml version="1.0" encoding="UTF-8"?><row _id="12204219" _uuid="F3CB65A5-33CC-48A2-BA99-066B4B9E4EDB" _position="12204219" _address="http://data.sfgov.org/resource/ritf-b9ki/12204219"><incidntnum>150061239</incidntnum><category>OTHER OFFENSES</category><descript>DRIVERS LICENSE, SUSPENDED OR REVOKED</descript><dayofweek>Tuesday</dayofweek><date>2015-01-20T00:00:00</date><time>17:20</time><pddistrict>SOUTHERN</pddistrict><resolution>ARREST, BOOKED</resolution><address>800 Block of BRYANT ST</address><x>-122.403404791479</x><y>37.775420706711</y><location human_address="{&quot;address&quot;:&quot;&quot;,&quot;city&quot;:&quot;&quot;,&quot;state&quot;:&quot;&quot;,&quot;zip&quot;:&quot;&quot;}" latitude="37.775420706711" longitude="-122.403404791479" needs_recoding="false"/></row>