<?xml version="1.0" encoding="UTF-8"?><row _id="11286597" _uuid="17755B64-42A3-4452-BFA4-7655F6FB4A3F" _position="11286597" _address="http://data.sfgov.org/resource/ritf-b9ki/11286597"><incidntnum>150008708</incidntnum><category>WEAPON LAWS</category><descript>POSS OF PROHIBITED WEAPON</descript><dayofweek>Saturday</dayofweek><date>2015-01-03T00:00:00</date><time>19:40</time><pddistrict>SOUTHERN</pddistrict><resolution>ARREST, BOOKED</resolution><address>100 Block of HENRYADAMS ST</address><x>-122.403746564781</x><y>37.7679454001113</y><location human_address="{&quot;address&quot;:&quot;&quot;,&quot;city&quot;:&quot;&quot;,&quot;state&quot;:&quot;&quot;,&quot;zip&quot;:&quot;&quot;}" latitude="37.7679454001113" longitude="-122.403746564781" needs_recoding="false"/></row>