<?xml version="1.0" encoding="UTF-8"?><row _id="11179338" _uuid="F8D1CBF0-EF97-4376-B9E8-BDF9142142D1" _position="11179338" _address="http://data.sfgov.org/resource/ritf-b9ki/11179338"><incidntnum>156008396</incidntnum><category>LARCENY/THEFT</category><descript>PETTY THEFT OF PROPERTY</descript><dayofweek>Sunday</dayofweek><date>2015-01-11T00:00:00</date><time>14:00</time><pddistrict>SOUTHERN</pddistrict><resolution>NONE</resolution><address>HOWARD ST / MAIN ST</address><x>-122.393413306041</x><y>37.7906117204093</y><location human_address="{&quot;address&quot;:&quot;&quot;,&quot;city&quot;:&quot;&quot;,&quot;state&quot;:&quot;&quot;,&quot;zip&quot;:&quot;&quot;}" latitude="37.7906117204093" longitude="-122.393413306041" needs_recoding="false"/></row>