<?xml version="1.0" encoding="UTF-8"?><row _id="11686149" _uuid="CB812E5E-CDE7-4837-9332-8C2DABC5A631" _position="11686149" _address="http://data.sfgov.org/resource/ritf-b9ki/11686149"><incidntnum>150066433</incidntnum><category>TRESPASS</category><descript>LODGING WITHOUT PERMISSION</descript><dayofweek>Thursday</dayofweek><date>2015-01-22T00:00:00</date><time>09:36</time><pddistrict>SOUTHERN</pddistrict><resolution>ARREST, BOOKED</resolution><address>400 Block of SPEAR ST</address><x>-122.388790200464</x><y>37.788405386442</y><location human_address="{&quot;address&quot;:&quot;&quot;,&quot;city&quot;:&quot;&quot;,&quot;state&quot;:&quot;&quot;,&quot;zip&quot;:&quot;&quot;}" latitude="37.788405386442" longitude="-122.388790200464" needs_recoding="false"/></row>