<?xml version="1.0" encoding="UTF-8"?><row _id="11919980" _uuid="4D6B3AA6-8FFE-4255-8A60-1DE054B565A5" _position="11919980" _address="http://data.sfgov.org/resource/ritf-b9ki/11919980"><incidntnum>156004855</incidntnum><category>LARCENY/THEFT</category><descript>GRAND THEFT OF PROPERTY</descript><dayofweek>Sunday</dayofweek><date>2015-01-04T00:00:00</date><time>09:00</time><pddistrict>SOUTHERN</pddistrict><resolution>NONE</resolution><address>0 Block of FOLSOM ST</address><x>-122.39055604599</x><y>37.7904750361645</y><location human_address="{&quot;address&quot;:&quot;&quot;,&quot;city&quot;:&quot;&quot;,&quot;state&quot;:&quot;&quot;,&quot;zip&quot;:&quot;&quot;}" latitude="37.7904750361645" longitude="-122.39055604599" needs_recoding="false"/></row>