<?xml version="1.0" encoding="UTF-8"?><row _id="11852417" _uuid="B77FEB00-924C-4DCE-AF3E-26CA305E7600" _position="11852417" _address="http://data.sfgov.org/resource/ritf-b9ki/11852417"><incidntnum>156004952</incidntnum><category>LARCENY/THEFT</category><descript>GRAND THEFT FROM LOCKED AUTO</descript><dayofweek>Tuesday</dayofweek><date>2015-01-06T00:00:00</date><time>19:30</time><pddistrict>SOUTHERN</pddistrict><resolution>NONE</resolution><address>400 Block of MAIN ST</address><x>-122.38948547275</x><y>37.7875433617805</y><location human_address="{&quot;address&quot;:&quot;&quot;,&quot;city&quot;:&quot;&quot;,&quot;state&quot;:&quot;&quot;,&quot;zip&quot;:&quot;&quot;}" latitude="37.7875433617805" longitude="-122.38948547275" needs_recoding="false"/></row>