<?xml version="1.0" encoding="UTF-8"?><row _id="11268274" _uuid="1A205F76-FAFF-4B67-B478-5AD707028DB7" _position="11268274" _address="http://data.sfgov.org/resource/ritf-b9ki/11268274"><incidntnum>150019476</incidntnum><category>OTHER OFFENSES</category><descript>RESISTING ARREST</descript><dayofweek>Wednesday</dayofweek><date>2015-01-07T00:00:00</date><time>11:49</time><pddistrict>TENDERLOIN</pddistrict><resolution>ARREST, BOOKED</resolution><address>100 Block of TURK ST</address><x>-122.411593095704</x><y>37.7830529510782</y><location human_address="{&quot;address&quot;:&quot;&quot;,&quot;city&quot;:&quot;&quot;,&quot;state&quot;:&quot;&quot;,&quot;zip&quot;:&quot;&quot;}" latitude="37.7830529510782" longitude="-122.411593095704" needs_recoding="false"/></row>