<?xml version="1.0" encoding="UTF-8"?><row _id="12089665" _uuid="12E81BD8-1009-4DA4-B373-D3A523332A04" _position="12089665" _address="http://data.sfgov.org/resource/ritf-b9ki/12089665"><incidntnum>150011212</incidntnum><category>SUICIDE</category><descript>ATTEMPTED SUICIDE BY LACERATION</descript><dayofweek>Sunday</dayofweek><date>2015-01-04T00:00:00</date><time>19:45</time><pddistrict>INGLESIDE</pddistrict><resolution>NONE</resolution><address>900 Block of MONTEREY BL</address><x>-122.45781287362</x><y>37.7308111332822</y><location human_address="{&quot;address&quot;:&quot;&quot;,&quot;city&quot;:&quot;&quot;,&quot;state&quot;:&quot;&quot;,&quot;zip&quot;:&quot;&quot;}" latitude="37.7308111332822" longitude="-122.45781287362" needs_recoding="false"/></row>