<?xml version="1.0" encoding="UTF-8"?><row _id="11069731" _uuid="53CDAD8A-9317-4419-AA3C-312B524C2876" _position="11069731" _address="http://data.sfgov.org/resource/ritf-b9ki/11069731"><incidntnum>150016400</incidntnum><category>OTHER OFFENSES</category><descript>RESISTING ARREST</descript><dayofweek>Tuesday</dayofweek><date>2015-01-06T00:00:00</date><time>13:17</time><pddistrict>PARK</pddistrict><resolution>ARREST, BOOKED</resolution><address>1700 Block of HAIGHT ST</address><x>-122.450492384367</x><y>37.7696094511519</y><location human_address="{&quot;address&quot;:&quot;&quot;,&quot;city&quot;:&quot;&quot;,&quot;state&quot;:&quot;&quot;,&quot;zip&quot;:&quot;&quot;}" latitude="37.7696094511519" longitude="-122.450492384367" needs_recoding="false"/></row>