<?xml version="1.0" encoding="UTF-8"?><row _id="10933593" _uuid="300070CA-BF60-4737-8EE0-A1525F4D147D" _position="10933593" _address="http://data.sfgov.org/resource/ritf-b9ki/10933593"><incidntnum>150054353</incidntnum><category>OTHER OFFENSES</category><descript>FALSE PERSONATION TO RECEIVE MONEY OR PROPERTY</descript><dayofweek>Thursday</dayofweek><date>2015-01-15T00:00:00</date><time>14:50</time><pddistrict>MISSION</pddistrict><resolution>NONE</resolution><address>2500 Block of MISSION ST</address><x>-122.418753848152</x><y>37.7562250119744</y><location human_address="{&quot;address&quot;:&quot;&quot;,&quot;city&quot;:&quot;&quot;,&quot;state&quot;:&quot;&quot;,&quot;zip&quot;:&quot;&quot;}" latitude="37.7562250119744" longitude="-122.418753848152" needs_recoding="false"/></row>