<?xml version="1.0" encoding="UTF-8"?><row _id="12679122" _uuid="30A85073-579A-47FD-8A4A-3D970896421A" _position="12679122" _address="http://data.sfgov.org/resource/ritf-b9ki/12679122"><incidntnum>160010828</incidntnum><category>ASSAULT</category><descript>AGGRAVATED ASSAULT WITH A DEADLY WEAPON</descript><dayofweek>Monday</dayofweek><date>2015-01-05T00:00:00</date><time>02:20</time><pddistrict>TENDERLOIN</pddistrict><resolution>NONE</resolution><address>300 Block of ELLIS ST</address><x>-122.411987643595</x><y>37.7850226622786</y><location human_address="{&quot;address&quot;:&quot;&quot;,&quot;city&quot;:&quot;&quot;,&quot;state&quot;:&quot;&quot;,&quot;zip&quot;:&quot;&quot;}" latitude="37.7850226622786" longitude="-122.411987643595" needs_recoding="false"/></row>