<?xml version="1.0" encoding="UTF-8"?><row _id="11300562" _uuid="523BCDA7-DCF4-4758-8D72-0FCC4CC6847D" _position="11300562" _address="http://data.sfgov.org/resource/ritf-b9ki/11300562"><incidntnum>150012389</incidntnum><category>SUSPICIOUS OCC</category><descript>SUSPICIOUS OCCURRENCE</descript><dayofweek>Monday</dayofweek><date>2015-01-05T00:00:00</date><time>07:59</time><pddistrict>TARAVAL</pddistrict><resolution>NONE</resolution><address>2500 Block of 31ST AV</address><x>-122.488419526157</x><y>37.7396661870627</y><location human_address="{&quot;address&quot;:&quot;&quot;,&quot;city&quot;:&quot;&quot;,&quot;state&quot;:&quot;&quot;,&quot;zip&quot;:&quot;&quot;}" latitude="37.7396661870627" longitude="-122.488419526157" needs_recoding="false"/></row>