<?xml version="1.0" encoding="UTF-8"?><row _id="11450427" _uuid="C76ACEC3-8AEF-472C-B086-52902172F1C4" _position="11450427" _address="http://data.sfgov.org/resource/ritf-b9ki/11450427"><incidntnum>150041849</incidntnum><category>OTHER OFFENSES</category><descript>RESISTING ARREST</descript><dayofweek>Wednesday</dayofweek><date>2015-01-14T00:00:00</date><time>15:40</time><pddistrict>BAYVIEW</pddistrict><resolution>JUVENILE BOOKED</resolution><address>17TH ST / DEHARO ST</address><x>-122.401600659931</x><y>37.7648403636386</y><location human_address="{&quot;address&quot;:&quot;&quot;,&quot;city&quot;:&quot;&quot;,&quot;state&quot;:&quot;&quot;,&quot;zip&quot;:&quot;&quot;}" latitude="37.7648403636386" longitude="-122.401600659931" needs_recoding="false"/></row>