<?xml version="1.0" encoding="UTF-8"?><row _id="11745638" _uuid="4CA1FF8F-FA8A-4DF4-8DB0-C25D52E176AC" _position="11745638" _address="http://data.sfgov.org/resource/ritf-b9ki/11745638"><incidntnum>150007807</incidntnum><category>VANDALISM</category><descript>MALICIOUS MISCHIEF, VANDALISM</descript><dayofweek>Saturday</dayofweek><date>2015-01-03T00:00:00</date><time>16:45</time><pddistrict>MISSION</pddistrict><resolution>NONE</resolution><address>3000 Block of 16TH ST</address><x>-122.420080983505</x><y>37.7650815376682</y><location human_address="{&quot;address&quot;:&quot;&quot;,&quot;city&quot;:&quot;&quot;,&quot;state&quot;:&quot;&quot;,&quot;zip&quot;:&quot;&quot;}" latitude="37.7650815376682" longitude="-122.420080983505" needs_recoding="false"/></row>