<?xml version="1.0" encoding="UTF-8"?><row _id="11499512" _uuid="9E7918BA-07F9-4721-8724-49CBB1E2515F" _position="11499512" _address="http://data.sfgov.org/resource/ritf-b9ki/11499512"><incidntnum>150012141</incidntnum><category>FRAUD</category><descript>CREDIT CARD, THEFT BY USE OF</descript><dayofweek>Sunday</dayofweek><date>2015-01-04T00:00:00</date><time>01:00</time><pddistrict>NORTHERN</pddistrict><resolution>NONE</resolution><address>BUSH ST / POLK ST</address><x>-122.420307355721</x><y>37.7886989511647</y><location human_address="{&quot;address&quot;:&quot;&quot;,&quot;city&quot;:&quot;&quot;,&quot;state&quot;:&quot;&quot;,&quot;zip&quot;:&quot;&quot;}" latitude="37.7886989511647" longitude="-122.420307355721" needs_recoding="false"/></row>