<?xml version="1.0" encoding="UTF-8"?><row _id="11273220" _uuid="DAC56F97-21A4-4A7B-84E8-21CA5BB8BC28" _position="11273220" _address="http://data.sfgov.org/resource/ritf-b9ki/11273220"><incidntnum>150017345</incidntnum><category>ASSAULT</category><descript>INFLICT INJURY ON COHABITEE</descript><dayofweek>Tuesday</dayofweek><date>2015-01-06T00:00:00</date><time>17:13</time><pddistrict>NORTHERN</pddistrict><resolution>ARREST, BOOKED</resolution><address>1800 Block of PINE ST</address><x>-122.426267960819</x><y>37.7889430432056</y><location human_address="{&quot;address&quot;:&quot;&quot;,&quot;city&quot;:&quot;&quot;,&quot;state&quot;:&quot;&quot;,&quot;zip&quot;:&quot;&quot;}" latitude="37.7889430432056" longitude="-122.426267960819" needs_recoding="false"/></row>