<?xml version="1.0" encoding="UTF-8"?><row _id="10838083" _uuid="7167A33C-B7FC-477F-A219-27F6BB300558" _position="10838083" _address="http://data.sfgov.org/resource/ritf-b9ki/10838083"><incidntnum>150098652</incidntnum><category>ASSAULT</category><descript>STALKING</descript><dayofweek>Monday</dayofweek><date>2015-01-05T00:00:00</date><time>00:01</time><pddistrict>CENTRAL</pddistrict><resolution>NONE</resolution><address>700 Block of POWELL ST</address><x>-122.409144009353</x><y>37.7915661006349</y><location human_address="{&quot;address&quot;:&quot;&quot;,&quot;city&quot;:&quot;&quot;,&quot;state&quot;:&quot;&quot;,&quot;zip&quot;:&quot;&quot;}" latitude="37.7915661006349" longitude="-122.409144009353" needs_recoding="false"/></row>