<?xml version="1.0" encoding="UTF-8"?><row _id="12438596" _uuid="586E7B5E-F968-4F0B-A25E-853BD661E56A" _position="12438596" _address="http://data.sfgov.org/resource/ritf-b9ki/12438596"><incidntnum>150038084</incidntnum><category>VANDALISM</category><descript>MALICIOUS MISCHIEF, VANDALISM OF VEHICLES</descript><dayofweek>Friday</dayofweek><date>2015-01-09T00:00:00</date><time>18:00</time><pddistrict>SOUTHERN</pddistrict><resolution>NONE</resolution><address>200 Block of HARRIET ST</address><x>-122.403468635515</x><y>37.7759964519562</y><location human_address="{&quot;address&quot;:&quot;&quot;,&quot;city&quot;:&quot;&quot;,&quot;state&quot;:&quot;&quot;,&quot;zip&quot;:&quot;&quot;}" latitude="37.7759964519562" longitude="-122.403468635515" needs_recoding="false"/></row>