<?xml version="1.0" encoding="UTF-8"?><row _id="11547774" _uuid="5AE2610C-C729-4059-AA9F-F56E2099FA81" _position="11547774" _address="http://data.sfgov.org/resource/ritf-b9ki/11547774"><incidntnum>150035949</incidntnum><category>SUSPICIOUS OCC</category><descript>INVESTIGATIVE DETENTION</descript><dayofweek>Monday</dayofweek><date>2015-01-12T00:00:00</date><time>00:01</time><pddistrict>BAYVIEW</pddistrict><resolution>NONE</resolution><address>1000 Block of LECONTE AV</address><x>-122.39800417734</x><y>37.7190331787318</y><location human_address="{&quot;address&quot;:&quot;&quot;,&quot;city&quot;:&quot;&quot;,&quot;state&quot;:&quot;&quot;,&quot;zip&quot;:&quot;&quot;}" latitude="37.7190331787318" longitude="-122.39800417734" needs_recoding="false"/></row>