<?xml version="1.0" encoding="UTF-8"?><row _id="11453028" _uuid="38B1FBBD-019B-4545-BCE3-5C2F82207D15" _position="11453028" _address="http://data.sfgov.org/resource/ritf-b9ki/11453028"><incidntnum>150026841</incidntnum><category>OTHER OFFENSES</category><descript>POSSESSION OF BURGLARY TOOLS</descript><dayofweek>Friday</dayofweek><date>2015-01-09T00:00:00</date><time>16:34</time><pddistrict>TENDERLOIN</pddistrict><resolution>ARREST, BOOKED</resolution><address>500 Block of ELLIS ST</address><x>-122.415436031905</x><y>37.784585134714</y><location human_address="{&quot;address&quot;:&quot;&quot;,&quot;city&quot;:&quot;&quot;,&quot;state&quot;:&quot;&quot;,&quot;zip&quot;:&quot;&quot;}" latitude="37.784585134714" longitude="-122.415436031905" needs_recoding="false"/></row>