<?xml version="1.0" encoding="UTF-8"?><row _id="11111750" _uuid="DBFEA04B-FFD9-4732-83B7-C06A139C418D" _position="11111750" _address="http://data.sfgov.org/resource/ritf-b9ki/11111750"><incidntnum>150003491</incidntnum><category>OTHER OFFENSES</category><descript>DRIVERS LICENSE, SUSPENDED OR REVOKED</descript><dayofweek>Friday</dayofweek><date>2015-01-02T00:00:00</date><time>10:12</time><pddistrict>MISSION</pddistrict><resolution>ARREST, BOOKED</resolution><address>16TH ST / MISSION ST</address><x>-122.419671780296</x><y>37.7650501214668</y><location human_address="{&quot;address&quot;:&quot;&quot;,&quot;city&quot;:&quot;&quot;,&quot;state&quot;:&quot;&quot;,&quot;zip&quot;:&quot;&quot;}" latitude="37.7650501214668" longitude="-122.419671780296" needs_recoding="false"/></row>