<?xml version="1.0" encoding="UTF-8"?><row _id="12466211" _uuid="1C567C63-12F9-46CD-A0E6-98E8D8705C62" _position="12466211" _address="http://data.sfgov.org/resource/ritf-b9ki/12466211"><incidntnum>156008904</incidntnum><category>LARCENY/THEFT</category><descript>GRAND THEFT FROM LOCKED AUTO</descript><dayofweek>Saturday</dayofweek><date>2015-01-10T00:00:00</date><time>20:20</time><pddistrict>SOUTHERN</pddistrict><resolution>NONE</resolution><address>800 Block of MISSION ST</address><x>-122.405395493939</x><y>37.7835100715421</y><location human_address="{&quot;address&quot;:&quot;&quot;,&quot;city&quot;:&quot;&quot;,&quot;state&quot;:&quot;&quot;,&quot;zip&quot;:&quot;&quot;}" latitude="37.7835100715421" longitude="-122.405395493939" needs_recoding="false"/></row>