<?xml version="1.0" encoding="UTF-8"?><row _id="12502862" _uuid="A3FBBFA1-EA36-4933-8E6F-3BE07E126D33" _position="12502862" _address="http://data.sfgov.org/resource/ritf-b9ki/12502862"><incidntnum>150031997</incidntnum><category>OTHER OFFENSES</category><descript>VIOLATION OF STAY AWAY ORDER</descript><dayofweek>Sunday</dayofweek><date>2015-01-11T00:00:00</date><time>13:47</time><pddistrict>RICHMOND</pddistrict><resolution>ARREST, BOOKED</resolution><address>2600 Block of SACRAMENTO ST</address><x>-122.436522576409</x><y>37.7895777003024</y><location human_address="{&quot;address&quot;:&quot;&quot;,&quot;city&quot;:&quot;&quot;,&quot;state&quot;:&quot;&quot;,&quot;zip&quot;:&quot;&quot;}" latitude="37.7895777003024" longitude="-122.436522576409" needs_recoding="false"/></row>