<?xml version="1.0" encoding="UTF-8"?><row _id="12324613" _uuid="4F0E1DB0-6D8F-453A-BC75-6C35E97F0205" _position="12324613" _address="http://data.sfgov.org/resource/ritf-b9ki/12324613"><incidntnum>150011858</incidntnum><category>ASSAULT</category><descript>STALKING</descript><dayofweek>Monday</dayofweek><date>2015-01-05T00:00:00</date><time>06:53</time><pddistrict>MISSION</pddistrict><resolution>NONE</resolution><address>700 Block of ELIZABETH ST</address><x>-122.437479508669</x><y>37.7518382452261</y><location human_address="{&quot;address&quot;:&quot;&quot;,&quot;city&quot;:&quot;&quot;,&quot;state&quot;:&quot;&quot;,&quot;zip&quot;:&quot;&quot;}" latitude="37.7518382452261" longitude="-122.437479508669" needs_recoding="false"/></row>