<?xml version="1.0" encoding="UTF-8"?><row _id="12060749" _uuid="786108F8-32B3-4287-953B-6B31C1E0439D" _position="12060749" _address="http://data.sfgov.org/resource/ritf-b9ki/12060749"><incidntnum>150018177</incidntnum><category>WARRANTS</category><descript>ENROUTE TO ADULT AUTHORITY</descript><dayofweek>Tuesday</dayofweek><date>2015-01-06T00:00:00</date><time>22:24</time><pddistrict>BAYVIEW</pddistrict><resolution>ARREST, BOOKED</resolution><address>1000 Block of FITZGERALD AV</address><x>-122.388416108229</x><y>37.7191956969734</y><location human_address="{&quot;address&quot;:&quot;&quot;,&quot;city&quot;:&quot;&quot;,&quot;state&quot;:&quot;&quot;,&quot;zip&quot;:&quot;&quot;}" latitude="37.7191956969734" longitude="-122.388416108229" needs_recoding="false"/></row>