<?xml version="1.0" encoding="UTF-8"?><row _id="10880508" _uuid="663C7805-F23C-41D7-A42C-F202897FCF52" _position="10880508" _address="http://data.sfgov.org/resource/ritf-b9ki/10880508"><incidntnum>150014391</incidntnum><category>LARCENY/THEFT</category><descript>PETTY THEFT FROM UNLOCKED AUTO</descript><dayofweek>Monday</dayofweek><date>2015-01-05T00:00:00</date><time>19:50</time><pddistrict>TARAVAL</pddistrict><resolution>NONE</resolution><address>2000 Block of 28TH AV</address><x>-122.485860005243</x><y>37.7491312544017</y><location human_address="{&quot;address&quot;:&quot;&quot;,&quot;city&quot;:&quot;&quot;,&quot;state&quot;:&quot;&quot;,&quot;zip&quot;:&quot;&quot;}" latitude="37.7491312544017" longitude="-122.485860005243" needs_recoding="false"/></row>