<?xml version="1.0" encoding="UTF-8"?><row _id="11566648" _uuid="EE207044-ED68-4BA0-AB12-F19787D8B5F8" _position="11566648" _address="http://data.sfgov.org/resource/ritf-b9ki/11566648"><incidntnum>150020611</incidntnum><category>NON-CRIMINAL</category><descript>FOUND PROPERTY</descript><dayofweek>Wednesday</dayofweek><date>2015-01-07T00:00:00</date><time>15:00</time><pddistrict>CENTRAL</pddistrict><resolution>NONE</resolution><address>1300 Block of POWELL ST</address><x>-122.4101460054</x><y>37.7971857276284</y><location human_address="{&quot;address&quot;:&quot;&quot;,&quot;city&quot;:&quot;&quot;,&quot;state&quot;:&quot;&quot;,&quot;zip&quot;:&quot;&quot;}" latitude="37.7971857276284" longitude="-122.4101460054" needs_recoding="false"/></row>