<?xml version="1.0" encoding="UTF-8"?><row _id="11651488" _uuid="E2A98B1B-C508-4E15-95DE-EDE36F25F83A" _position="11651488" _address="http://data.sfgov.org/resource/ritf-b9ki/11651488"><incidntnum>150063906</incidntnum><category>OTHER OFFENSES</category><descript>FALSE PERSONATION</descript><dayofweek>Sunday</dayofweek><date>2015-01-04T00:00:00</date><time>12:00</time><pddistrict>BAYVIEW</pddistrict><resolution>NONE</resolution><address>700 Block of WISCONSIN ST</address><x>-122.398990087194</x><y>37.7585677715573</y><location human_address="{&quot;address&quot;:&quot;&quot;,&quot;city&quot;:&quot;&quot;,&quot;state&quot;:&quot;&quot;,&quot;zip&quot;:&quot;&quot;}" latitude="37.7585677715573" longitude="-122.398990087194" needs_recoding="false"/></row>