<?xml version="1.0" encoding="UTF-8"?><row _id="11718446" _uuid="5CAFAEB9-3DA9-406A-A777-8AED2188DD73" _position="11718446" _address="http://data.sfgov.org/resource/ritf-b9ki/11718446"><incidntnum>150009972</incidntnum><category>WARRANTS</category><descript>WARRANT ARREST</descript><dayofweek>Sunday</dayofweek><date>2015-01-04T00:00:00</date><time>11:00</time><pddistrict>SOUTHERN</pddistrict><resolution>ARREST, BOOKED</resolution><address>800 Block of MARKET ST</address><x>-122.407633520742</x><y>37.7841893501425</y><location human_address="{&quot;address&quot;:&quot;&quot;,&quot;city&quot;:&quot;&quot;,&quot;state&quot;:&quot;&quot;,&quot;zip&quot;:&quot;&quot;}" latitude="37.7841893501425" longitude="-122.407633520742" needs_recoding="false"/></row>