<?xml version="1.0" encoding="UTF-8"?><row _id="11075252" _uuid="F251F4FB-2B62-491B-AE38-F60AF3AD0C6A" _position="11075252" _address="http://data.sfgov.org/resource/ritf-b9ki/11075252"><incidntnum>150035159</incidntnum><category>NON-CRIMINAL</category><descript>TURNED IN GUN</descript><dayofweek>Monday</dayofweek><date>2015-01-12T00:00:00</date><time>15:18</time><pddistrict>TARAVAL</pddistrict><resolution>NONE</resolution><address>2300 Block of 24TH AV</address><x>-122.48118317163</x><y>37.7437268170337</y><location human_address="{&quot;address&quot;:&quot;&quot;,&quot;city&quot;:&quot;&quot;,&quot;state&quot;:&quot;&quot;,&quot;zip&quot;:&quot;&quot;}" latitude="37.7437268170337" longitude="-122.48118317163" needs_recoding="false"/></row>