<?xml version="1.0" encoding="UTF-8"?><row _id="12168034" _uuid="617D2EE0-B02C-4E4F-8C47-A5F93130B624" _position="12168034" _address="http://data.sfgov.org/resource/ritf-b9ki/12168034"><incidntnum>150029293</incidntnum><category>ROBBERY</category><descript>ROBBERY ON THE STREET, STRONGARM</descript><dayofweek>Saturday</dayofweek><date>2015-01-10T00:00:00</date><time>12:40</time><pddistrict>BAYVIEW</pddistrict><resolution>NONE</resolution><address>26TH ST / WISCONSIN ST</address><x>-122.398341782091</x><y>37.751053954714</y><location human_address="{&quot;address&quot;:&quot;&quot;,&quot;city&quot;:&quot;&quot;,&quot;state&quot;:&quot;&quot;,&quot;zip&quot;:&quot;&quot;}" latitude="37.751053954714" longitude="-122.398341782091" needs_recoding="false"/></row>