<?xml version="1.0" encoding="UTF-8"?><row _id="11079916" _uuid="E92B4AD0-7A7C-4819-BB2F-3FE19928B949" _position="11079916" _address="http://data.sfgov.org/resource/ritf-b9ki/11079916"><incidntnum>150015236</incidntnum><category>MISSING PERSON</category><descript>FOUND PERSON</descript><dayofweek>Tuesday</dayofweek><date>2015-01-06T00:00:00</date><time>04:04</time><pddistrict>MISSION</pddistrict><resolution>NONE</resolution><address>3500 Block of CESAR CHAVEZ ST</address><x>-122.420832650303</x><y>37.7479994493226</y><location human_address="{&quot;address&quot;:&quot;&quot;,&quot;city&quot;:&quot;&quot;,&quot;state&quot;:&quot;&quot;,&quot;zip&quot;:&quot;&quot;}" latitude="37.7479994493226" longitude="-122.420832650303" needs_recoding="false"/></row>