<?xml version="1.0" encoding="UTF-8"?><row _id="11387481" _uuid="6083E149-5258-4C53-8CB7-F27AA535AAED" _position="11387481" _address="http://data.sfgov.org/resource/ritf-b9ki/11387481"><incidntnum>150038523</incidntnum><category>LARCENY/THEFT</category><descript>GRAND THEFT FROM PERSON</descript><dayofweek>Tuesday</dayofweek><date>2015-01-13T00:00:00</date><time>12:00</time><pddistrict>CENTRAL</pddistrict><resolution>NONE</resolution><address>1100 Block of LOMBARD ST</address><x>-122.420468917267</x><y>37.8019448217689</y><location human_address="{&quot;address&quot;:&quot;&quot;,&quot;city&quot;:&quot;&quot;,&quot;state&quot;:&quot;&quot;,&quot;zip&quot;:&quot;&quot;}" latitude="37.8019448217689" longitude="-122.420468917267" needs_recoding="false"/></row>