<?xml version="1.0" encoding="UTF-8"?><row _id="11645530" _uuid="40AB8C9A-1690-4DBA-93A5-57490CA8E320" _position="11645530" _address="http://data.sfgov.org/resource/ritf-b9ki/11645530"><incidntnum>150016886</incidntnum><category>FRAUD</category><descript>CREDIT CARD, THEFT BY USE OF</descript><dayofweek>Monday</dayofweek><date>2015-01-05T00:00:00</date><time>10:00</time><pddistrict>INGLESIDE</pddistrict><resolution>NONE</resolution><address>2800 Block of DIAMOND ST</address><x>-122.433934734434</x><y>37.7340494762793</y><location human_address="{&quot;address&quot;:&quot;&quot;,&quot;city&quot;:&quot;&quot;,&quot;state&quot;:&quot;&quot;,&quot;zip&quot;:&quot;&quot;}" latitude="37.7340494762793" longitude="-122.433934734434" needs_recoding="false"/></row>