<?xml version="1.0" encoding="UTF-8"?><row _id="12167085" _uuid="8BA8E745-73C4-45A1-90F9-DC056595C913" _position="12167085" _address="http://data.sfgov.org/resource/ritf-b9ki/12167085"><incidntnum>156023720</incidntnum><category>LARCENY/THEFT</category><descript>GRAND THEFT FROM LOCKED AUTO</descript><dayofweek>Wednesday</dayofweek><date>2015-01-21T00:00:00</date><time>20:00</time><pddistrict>SOUTHERN</pddistrict><resolution>NONE</resolution><address>100 Block of HAWTHORNE ST</address><x>-122.397071005597</x><y>37.7840030154412</y><location human_address="{&quot;address&quot;:&quot;&quot;,&quot;city&quot;:&quot;&quot;,&quot;state&quot;:&quot;&quot;,&quot;zip&quot;:&quot;&quot;}" latitude="37.7840030154412" longitude="-122.397071005597" needs_recoding="false"/></row>