<?xml version="1.0" encoding="UTF-8"?><row _id="12342952" _uuid="52A67BB5-9A61-46D9-BA47-71E51E347F0E" _position="12342952" _address="http://data.sfgov.org/resource/ritf-b9ki/12342952"><incidntnum>150057498</incidntnum><category>DRUG/NARCOTIC</category><descript>POSSESSION OF COCAINE</descript><dayofweek>Monday</dayofweek><date>2015-01-19T00:00:00</date><time>15:20</time><pddistrict>NORTHERN</pddistrict><resolution>ARREST, BOOKED</resolution><address>LARKIN ST / OFARRELL ST</address><x>-122.417903977564</x><y>37.7851670875517</y><location human_address="{&quot;address&quot;:&quot;&quot;,&quot;city&quot;:&quot;&quot;,&quot;state&quot;:&quot;&quot;,&quot;zip&quot;:&quot;&quot;}" latitude="37.7851670875517" longitude="-122.417903977564" needs_recoding="false"/></row>