<?xml version="1.0" encoding="UTF-8"?><row _id="11140444" _uuid="332FB276-FD20-4A8E-8CD0-5E3E8956A84C" _position="11140444" _address="http://data.sfgov.org/resource/ritf-b9ki/11140444"><incidntnum>150005704</incidntnum><category>LARCENY/THEFT</category><descript>GRAND THEFT FROM LOCKED AUTO</descript><dayofweek>Friday</dayofweek><date>2015-01-02T00:00:00</date><time>20:40</time><pddistrict>SOUTHERN</pddistrict><resolution>NONE</resolution><address>BRYANT ST / 3RD ST</address><x>-122.395848299154</x><y>37.7813210474369</y><location human_address="{&quot;address&quot;:&quot;&quot;,&quot;city&quot;:&quot;&quot;,&quot;state&quot;:&quot;&quot;,&quot;zip&quot;:&quot;&quot;}" latitude="37.7813210474369" longitude="-122.395848299154" needs_recoding="false"/></row>