<?xml version="1.0" encoding="UTF-8"?><row _id="12082558" _uuid="6B922569-17A5-4E53-940B-9BB024CC74D7" _position="12082558" _address="http://data.sfgov.org/resource/ritf-b9ki/12082558"><incidntnum>150015292</incidntnum><category>VEHICLE THEFT</category><descript>STOLEN TRUCK</descript><dayofweek>Monday</dayofweek><date>2015-01-05T00:00:00</date><time>21:00</time><pddistrict>TARAVAL</pddistrict><resolution>ARREST, BOOKED</resolution><address>2200 Block of 35TH AV</address><x>-122.493100698042</x><y>37.7450717339477</y><location human_address="{&quot;address&quot;:&quot;&quot;,&quot;city&quot;:&quot;&quot;,&quot;state&quot;:&quot;&quot;,&quot;zip&quot;:&quot;&quot;}" latitude="37.7450717339477" longitude="-122.493100698042" needs_recoding="false"/></row>