<?xml version="1.0" encoding="UTF-8"?><row _id="11909135" _uuid="C4AAD6F0-C28A-4735-9B93-27FFD4519AAB" _position="11909135" _address="http://data.sfgov.org/resource/ritf-b9ki/11909135"><incidntnum>150014006</incidntnum><category>SUSPICIOUS OCC</category><descript>INVESTIGATIVE DETENTION</descript><dayofweek>Monday</dayofweek><date>2015-01-05T00:00:00</date><time>17:08</time><pddistrict>MISSION</pddistrict><resolution>NONE</resolution><address>1000 Block of POTRERO AV</address><x>-122.406539115148</x><y>37.7564864109309</y><location human_address="{&quot;address&quot;:&quot;&quot;,&quot;city&quot;:&quot;&quot;,&quot;state&quot;:&quot;&quot;,&quot;zip&quot;:&quot;&quot;}" latitude="37.7564864109309" longitude="-122.406539115148" needs_recoding="false"/></row>