<?xml version="1.0" encoding="UTF-8"?><row _id="11226129" _uuid="24B9F717-2223-484F-97DB-96B07CB852FF" _position="11226129" _address="http://data.sfgov.org/resource/ritf-b9ki/11226129"><incidntnum>150035212</incidntnum><category>LARCENY/THEFT</category><descript>PETTY THEFT SHOPLIFTING</descript><dayofweek>Monday</dayofweek><date>2015-01-12T00:00:00</date><time>12:03</time><pddistrict>TENDERLOIN</pddistrict><resolution>NONE</resolution><address>0 Block of STOCKTON ST</address><x>-122.406351834294</x><y>37.7860311576362</y><location human_address="{&quot;address&quot;:&quot;&quot;,&quot;city&quot;:&quot;&quot;,&quot;state&quot;:&quot;&quot;,&quot;zip&quot;:&quot;&quot;}" latitude="37.7860311576362" longitude="-122.406351834294" needs_recoding="false"/></row>