<?xml version="1.0" encoding="UTF-8"?><row _id="11143891" _uuid="986BDA7F-1263-47FD-A888-2D5D24052AB2" _position="11143891" _address="http://data.sfgov.org/resource/ritf-b9ki/11143891"><incidntnum>150049514</incidntnum><category>VEHICLE THEFT</category><descript>STOLEN AUTOMOBILE</descript><dayofweek>Friday</dayofweek><date>2015-01-16T00:00:00</date><time>07:00</time><pddistrict>INGLESIDE</pddistrict><resolution>NONE</resolution><address>400 Block of POPE ST</address><x>-122.439554224551</x><y>37.7097804075407</y><location human_address="{&quot;address&quot;:&quot;&quot;,&quot;city&quot;:&quot;&quot;,&quot;state&quot;:&quot;&quot;,&quot;zip&quot;:&quot;&quot;}" latitude="37.7097804075407" longitude="-122.439554224551" needs_recoding="false"/></row>