<?xml version="1.0" encoding="UTF-8"?><row _id="12010725" _uuid="9CDF1BA7-E58B-45C4-91D7-B65BB5B22D75" _position="12010725" _address="http://data.sfgov.org/resource/ritf-b9ki/12010725"><incidntnum>150063564</incidntnum><category>NON-CRIMINAL</category><descript>CIVIL SIDEWALKS, WARNING</descript><dayofweek>Wednesday</dayofweek><date>2015-01-21T00:00:00</date><time>12:23</time><pddistrict>SOUTHERN</pddistrict><resolution>NONE</resolution><address>800 Block of BRYANT ST</address><x>-122.403404791479</x><y>37.775420706711</y><location human_address="{&quot;address&quot;:&quot;&quot;,&quot;city&quot;:&quot;&quot;,&quot;state&quot;:&quot;&quot;,&quot;zip&quot;:&quot;&quot;}" latitude="37.775420706711" longitude="-122.403404791479" needs_recoding="false"/></row>