<?xml version="1.0" encoding="UTF-8"?><row _id="11151146" _uuid="840FFF64-58C8-4696-BC62-B512C7629A0F" _position="11151146" _address="http://data.sfgov.org/resource/ritf-b9ki/11151146"><incidntnum>150006724</incidntnum><category>LARCENY/THEFT</category><descript>PETTY THEFT FROM LOCKED AUTO</descript><dayofweek>Friday</dayofweek><date>2015-01-02T00:00:00</date><time>16:00</time><pddistrict>NORTHERN</pddistrict><resolution>NONE</resolution><address>2200 Block of GREENWICH ST</address><x>-122.436717106743</x><y>37.798899254167</y><location human_address="{&quot;address&quot;:&quot;&quot;,&quot;city&quot;:&quot;&quot;,&quot;state&quot;:&quot;&quot;,&quot;zip&quot;:&quot;&quot;}" latitude="37.798899254167" longitude="-122.436717106743" needs_recoding="false"/></row>