<?xml version="1.0" encoding="UTF-8"?><row _id="11162851" _uuid="1EF73B80-DC90-4C9D-A47C-9026F770CCE1" _position="11162851" _address="http://data.sfgov.org/resource/ritf-b9ki/11162851"><incidntnum>150011858</incidntnum><category>OTHER OFFENSES</category><descript>FALSE REPORT OF BOMB</descript><dayofweek>Monday</dayofweek><date>2015-01-05T00:00:00</date><time>06:53</time><pddistrict>MISSION</pddistrict><resolution>NONE</resolution><address>700 Block of ELIZABETH ST</address><x>-122.437479508669</x><y>37.7518382452261</y><location human_address="{&quot;address&quot;:&quot;&quot;,&quot;city&quot;:&quot;&quot;,&quot;state&quot;:&quot;&quot;,&quot;zip&quot;:&quot;&quot;}" latitude="37.7518382452261" longitude="-122.437479508669" needs_recoding="false"/></row>