<?xml version="1.0" encoding="UTF-8"?><row _id="12463310" _uuid="E1514A23-0001-4BE9-ABE9-FE198B17C1B4" _position="12463310" _address="http://data.sfgov.org/resource/ritf-b9ki/12463310"><incidntnum>150029055</incidntnum><category>LARCENY/THEFT</category><descript>PETTY THEFT FROM A BUILDING</descript><dayofweek>Friday</dayofweek><date>2015-01-09T00:00:00</date><time>12:25</time><pddistrict>SOUTHERN</pddistrict><resolution>NONE</resolution><address>700 Block of HARRISON ST</address><x>-122.399045655841</x><y>37.7813197113532</y><location human_address="{&quot;address&quot;:&quot;&quot;,&quot;city&quot;:&quot;&quot;,&quot;state&quot;:&quot;&quot;,&quot;zip&quot;:&quot;&quot;}" latitude="37.7813197113532" longitude="-122.399045655841" needs_recoding="false"/></row>