<?xml version="1.0" encoding="UTF-8"?><row _id="10859458" _uuid="FBF15464-959D-4AAF-8041-994DF194CE66" _position="10859458" _address="http://data.sfgov.org/resource/ritf-b9ki/10859458"><incidntnum>150014238</incidntnum><category>VEHICLE THEFT</category><descript>STOLEN AUTOMOBILE</descript><dayofweek>Monday</dayofweek><date>2015-01-05T00:00:00</date><time>18:47</time><pddistrict>BAYVIEW</pddistrict><resolution>ARREST, BOOKED</resolution><address>1500 Block of THOMAS AV</address><x>-122.390412274884</x><y>37.7298480138652</y><location human_address="{&quot;address&quot;:&quot;&quot;,&quot;city&quot;:&quot;&quot;,&quot;state&quot;:&quot;&quot;,&quot;zip&quot;:&quot;&quot;}" latitude="37.7298480138652" longitude="-122.390412274884" needs_recoding="false"/></row>