<?xml version="1.0" encoding="UTF-8"?><row _id="10938573" _uuid="2BFDD3A3-0E34-49D6-9BC8-E3CC69ED9E2B" _position="10938573" _address="http://data.sfgov.org/resource/ritf-b9ki/10938573"><incidntnum>150052987</incidntnum><category>OTHER OFFENSES</category><descript>DRIVERS LICENSE, SUSPENDED OR REVOKED</descript><dayofweek>Saturday</dayofweek><date>2015-01-17T00:00:00</date><time>22:44</time><pddistrict>BAYVIEW</pddistrict><resolution>ARREST, BOOKED</resolution><address>3RD ST / OAKDALE AV</address><x>-122.390697630683</x><y>37.7347969947349</y><location human_address="{&quot;address&quot;:&quot;&quot;,&quot;city&quot;:&quot;&quot;,&quot;state&quot;:&quot;&quot;,&quot;zip&quot;:&quot;&quot;}" latitude="37.7347969947349" longitude="-122.390697630683" needs_recoding="false"/></row>