<?xml version="1.0" encoding="UTF-8"?><row _id="12052272" _uuid="FBE0BC07-140B-4A9C-82D5-937E67969F9F" _position="12052272" _address="http://data.sfgov.org/resource/ritf-b9ki/12052272"><incidntnum>156003954</incidntnum><category>NON-CRIMINAL</category><descript>LOST PROPERTY</descript><dayofweek>Sunday</dayofweek><date>2015-01-04T00:00:00</date><time>15:30</time><pddistrict>TARAVAL</pddistrict><resolution>NONE</resolution><address>1000 Block of TARAVAL ST</address><x>-122.477314517687</x><y>37.7430334964477</y><location human_address="{&quot;address&quot;:&quot;&quot;,&quot;city&quot;:&quot;&quot;,&quot;state&quot;:&quot;&quot;,&quot;zip&quot;:&quot;&quot;}" latitude="37.7430334964477" longitude="-122.477314517687" needs_recoding="false"/></row>