<?xml version="1.0" encoding="UTF-8"?><row _id="12283911" _uuid="48CB0422-4012-430F-9F7F-C9AA3FA84810" _position="12283911" _address="http://data.sfgov.org/resource/ritf-b9ki/12283911"><incidntnum>150021415</incidntnum><category>OTHER OFFENSES</category><descript>DRIVERS LICENSE, SUSPENDED OR REVOKED</descript><dayofweek>Wednesday</dayofweek><date>2015-01-07T00:00:00</date><time>23:15</time><pddistrict>INGLESIDE</pddistrict><resolution>ARREST, BOOKED</resolution><address>MADRID ST / PERSIA AV</address><x>-122.432804728335</x><y>37.7216179113708</y><location human_address="{&quot;address&quot;:&quot;&quot;,&quot;city&quot;:&quot;&quot;,&quot;state&quot;:&quot;&quot;,&quot;zip&quot;:&quot;&quot;}" latitude="37.7216179113708" longitude="-122.432804728335" needs_recoding="false"/></row>