<?xml version="1.0" encoding="UTF-8"?><row _id="11990950" _uuid="73433617-B46A-42C3-863A-873EF9CD3A7F" _position="11990950" _address="http://data.sfgov.org/resource/ritf-b9ki/11990950"><incidntnum>150020699</incidntnum><category>LARCENY/THEFT</category><descript>PETTY THEFT OF PROPERTY</descript><dayofweek>Wednesday</dayofweek><date>2015-01-07T00:00:00</date><time>18:00</time><pddistrict>BAYVIEW</pddistrict><resolution>NONE</resolution><address>500 Block of FELTON ST</address><x>-122.410057563248</x><y>37.7286661299345</y><location human_address="{&quot;address&quot;:&quot;&quot;,&quot;city&quot;:&quot;&quot;,&quot;state&quot;:&quot;&quot;,&quot;zip&quot;:&quot;&quot;}" latitude="37.7286661299345" longitude="-122.410057563248" needs_recoding="false"/></row>