<?xml version="1.0" encoding="UTF-8"?><row _id="11567418" _uuid="B4113F62-2CEE-4A40-AE63-27FBF224442C" _position="11567418" _address="http://data.sfgov.org/resource/ritf-b9ki/11567418"><incidntnum>150014761</incidntnum><category>OTHER OFFENSES</category><descript>DRIVERS LICENSE, SUSPENDED OR REVOKED</descript><dayofweek>Monday</dayofweek><date>2015-01-05T00:00:00</date><time>22:49</time><pddistrict>INGLESIDE</pddistrict><resolution>ARREST, CITED</resolution><address>MISSION ST / GENEVA AV</address><x>-122.441018108888</x><y>37.7164586830811</y><location human_address="{&quot;address&quot;:&quot;&quot;,&quot;city&quot;:&quot;&quot;,&quot;state&quot;:&quot;&quot;,&quot;zip&quot;:&quot;&quot;}" latitude="37.7164586830811" longitude="-122.441018108888" needs_recoding="false"/></row>