<?xml version="1.0" encoding="UTF-8"?><row _id="11155561" _uuid="95150911-DA0D-41F6-943D-AD6C972B80C3" _position="11155561" _address="http://data.sfgov.org/resource/ritf-b9ki/11155561"><incidntnum>156002194</incidntnum><category>LARCENY/THEFT</category><descript>GRAND THEFT FROM LOCKED AUTO</descript><dayofweek>Friday</dayofweek><date>2015-01-02T00:00:00</date><time>18:00</time><pddistrict>NORTHERN</pddistrict><resolution>NONE</resolution><address>HICKORY ST / FRANKLIN ST</address><x>-122.421054311722</x><y>37.7756938836734</y><location human_address="{&quot;address&quot;:&quot;&quot;,&quot;city&quot;:&quot;&quot;,&quot;state&quot;:&quot;&quot;,&quot;zip&quot;:&quot;&quot;}" latitude="37.7756938836734" longitude="-122.421054311722" needs_recoding="false"/></row>