<?xml version="1.0" encoding="UTF-8"?><row _id="11534162" _uuid="2D608C7D-24E8-4BC2-99DE-38A2FE8B3E16" _position="11534162" _address="http://data.sfgov.org/resource/ritf-b9ki/11534162"><incidntnum>156005267</incidntnum><category>NON-CRIMINAL</category><descript>LOST PROPERTY</descript><dayofweek>Sunday</dayofweek><date>2015-01-04T00:00:00</date><time>11:00</time><pddistrict>NORTHERN</pddistrict><resolution>NONE</resolution><address>FULTON ST / LARKIN ST</address><x>-122.416769999704</x><y>37.7795845776674</y><location human_address="{&quot;address&quot;:&quot;&quot;,&quot;city&quot;:&quot;&quot;,&quot;state&quot;:&quot;&quot;,&quot;zip&quot;:&quot;&quot;}" latitude="37.7795845776674" longitude="-122.416769999704" needs_recoding="false"/></row>