<?xml version="1.0" encoding="UTF-8"?><row _id="12025357" _uuid="928F0850-DC07-4231-852D-FEBAB438000A" _position="12025357" _address="http://data.sfgov.org/resource/ritf-b9ki/12025357"><incidntnum>150043710</incidntnum><category>NON-CRIMINAL</category><descript>FOUND PROPERTY</descript><dayofweek>Thursday</dayofweek><date>2015-01-15T00:00:00</date><time>05:00</time><pddistrict>MISSION</pddistrict><resolution>NONE</resolution><address>600 Block of VALENCIA ST</address><x>-122.421747650463</x><y>37.7627436601147</y><location human_address="{&quot;address&quot;:&quot;&quot;,&quot;city&quot;:&quot;&quot;,&quot;state&quot;:&quot;&quot;,&quot;zip&quot;:&quot;&quot;}" latitude="37.7627436601147" longitude="-122.421747650463" needs_recoding="false"/></row>