<?xml version="1.0" encoding="UTF-8"?><row _id="12542072" _uuid="804B102B-E4EB-41A4-9A80-C7916A642BCA" _position="12542072" _address="http://data.sfgov.org/resource/ritf-b9ki/12542072"><incidntnum>150134955</incidntnum><category>SUSPICIOUS OCC</category><descript>SUSPICIOUS OCCURRENCE</descript><dayofweek>Friday</dayofweek><date>2015-01-30T00:00:00</date><time>09:00</time><pddistrict>INGLESIDE</pddistrict><resolution>NONE</resolution><address>800 Block of PRAGUE ST</address><x>-122.434233140481</x><y>37.7104245091247</y><location human_address="{&quot;address&quot;:&quot;&quot;,&quot;city&quot;:&quot;&quot;,&quot;state&quot;:&quot;&quot;,&quot;zip&quot;:&quot;&quot;}" latitude="37.7104245091247" longitude="-122.434233140481" needs_recoding="false"/></row>