<?xml version="1.0" encoding="UTF-8"?><row _id="10880290" _uuid="E01B5186-EEA2-4800-9855-5B4772344290" _position="10880290" _address="http://data.sfgov.org/resource/ritf-b9ki/10880290"><incidntnum>150021487</incidntnum><category>NON-CRIMINAL</category><descript>AIDED CASE, MENTAL DISTURBED</descript><dayofweek>Wednesday</dayofweek><date>2015-01-07T00:00:00</date><time>23:30</time><pddistrict>PARK</pddistrict><resolution>NONE</resolution><address>2000 Block of OFARRELL ST</address><x>-122.438046144161</x><y>37.7825545922237</y><location human_address="{&quot;address&quot;:&quot;&quot;,&quot;city&quot;:&quot;&quot;,&quot;state&quot;:&quot;&quot;,&quot;zip&quot;:&quot;&quot;}" latitude="37.7825545922237" longitude="-122.438046144161" needs_recoding="false"/></row>