<?xml version="1.0" encoding="UTF-8"?><row _id="10830610" _uuid="060F50D3-E008-4D0D-BB56-AAAB96FED899" _position="10830610" _address="http://data.sfgov.org/resource/ritf-b9ki/10830610"><incidntnum>150038379</incidntnum><category>FRAUD</category><descript>FRAUDULENT USE OF AUTOMATED TELLER CARD</descript><dayofweek>Saturday</dayofweek><date>2015-01-03T00:00:00</date><time>17:44</time><pddistrict>CENTRAL</pddistrict><resolution>NONE</resolution><address>200 Block of STOCKTON ST</address><x>-122.406658711008</x><y>37.7882745285785</y><location human_address="{&quot;address&quot;:&quot;&quot;,&quot;city&quot;:&quot;&quot;,&quot;state&quot;:&quot;&quot;,&quot;zip&quot;:&quot;&quot;}" latitude="37.7882745285785" longitude="-122.406658711008" needs_recoding="false"/></row>