<?xml version="1.0" encoding="UTF-8"?><row _id="10943779" _uuid="6B055C16-B564-45DB-8B68-1DE0E73B3AE2" _position="10943779" _address="http://data.sfgov.org/resource/ritf-b9ki/10943779"><incidntnum>150019216</incidntnum><category>OTHER OFFENSES</category><descript>DRIVERS LICENSE, SUSPENDED OR REVOKED</descript><dayofweek>Wednesday</dayofweek><date>2015-01-07T00:00:00</date><time>10:52</time><pddistrict>SOUTHERN</pddistrict><resolution>ARREST, BOOKED</resolution><address>6TH ST / MISSION ST</address><x>-122.408710606663</x><y>37.7809706722053</y><location human_address="{&quot;address&quot;:&quot;&quot;,&quot;city&quot;:&quot;&quot;,&quot;state&quot;:&quot;&quot;,&quot;zip&quot;:&quot;&quot;}" latitude="37.7809706722053" longitude="-122.408710606663" needs_recoding="false"/></row>