<?xml version="1.0" encoding="UTF-8"?><row _id="10982674" _uuid="8FACAA18-F84C-4DD6-8B99-3E360636EC48" _position="10982674" _address="http://data.sfgov.org/resource/ritf-b9ki/10982674"><incidntnum>150009320</incidntnum><category>SUSPICIOUS OCC</category><descript>INVESTIGATIVE DETENTION</descript><dayofweek>Sunday</dayofweek><date>2015-01-04T00:00:00</date><time>07:56</time><pddistrict>SOUTHERN</pddistrict><resolution>NONE</resolution><address>600 Block of MARKET ST</address><x>-122.403070886779</x><y>37.7877867423496</y><location human_address="{&quot;address&quot;:&quot;&quot;,&quot;city&quot;:&quot;&quot;,&quot;state&quot;:&quot;&quot;,&quot;zip&quot;:&quot;&quot;}" latitude="37.7877867423496" longitude="-122.403070886779" needs_recoding="false"/></row>