<?xml version="1.0" encoding="UTF-8"?><row _id="10899309" _uuid="7616FB94-8213-439C-B351-3F34C11C06DF" _position="10899309" _address="http://data.sfgov.org/resource/ritf-b9ki/10899309"><incidntnum>150022996</incidntnum><category>KIDNAPPING</category><descript>FALSE IMPRISONMENT</descript><dayofweek>Thursday</dayofweek><date>2015-01-08T00:00:00</date><time>12:28</time><pddistrict>SOUTHERN</pddistrict><resolution>ARREST, BOOKED</resolution><address>1100 Block of FOLSOM ST</address><x>-122.409184636157</x><y>37.7756080205266</y><location human_address="{&quot;address&quot;:&quot;&quot;,&quot;city&quot;:&quot;&quot;,&quot;state&quot;:&quot;&quot;,&quot;zip&quot;:&quot;&quot;}" latitude="37.7756080205266" longitude="-122.409184636157" needs_recoding="false"/></row>