<?xml version="1.0" encoding="UTF-8"?><row _id="11822154" _uuid="9D20B689-F889-45E8-9177-9C1071F12309" _position="11822154" _address="http://data.sfgov.org/resource/ritf-b9ki/11822154"><incidntnum>150023314</incidntnum><category>FORGERY/COUNTERFEITING</category><descript>FORGERY &amp; COUNTERFEITING (GENERAL)</descript><dayofweek>Thursday</dayofweek><date>2015-01-08T00:00:00</date><time>13:43</time><pddistrict>PARK</pddistrict><resolution>EXCEPTIONAL CLEARANCE</resolution><address>1900 Block of HAYES ST</address><x>-122.448511700788</x><y>37.7735725810079</y><location human_address="{&quot;address&quot;:&quot;&quot;,&quot;city&quot;:&quot;&quot;,&quot;state&quot;:&quot;&quot;,&quot;zip&quot;:&quot;&quot;}" latitude="37.7735725810079" longitude="-122.448511700788" needs_recoding="false"/></row>