<?xml version="1.0" encoding="UTF-8"?><row _id="12268919" _uuid="397247E2-E320-4039-9BEC-0C2775933A07" _position="12268919" _address="http://data.sfgov.org/resource/ritf-b9ki/12268919"><incidntnum>150048845</incidntnum><category>NON-CRIMINAL</category><descript>COURTESY REPORT</descript><dayofweek>Friday</dayofweek><date>2015-01-16T00:00:00</date><time>17:30</time><pddistrict>NORTHERN</pddistrict><resolution>NONE</resolution><address>1100 Block of FILLMORE ST</address><x>-122.432116233695</x><y>37.7800304351156</y><location human_address="{&quot;address&quot;:&quot;&quot;,&quot;city&quot;:&quot;&quot;,&quot;state&quot;:&quot;&quot;,&quot;zip&quot;:&quot;&quot;}" latitude="37.7800304351156" longitude="-122.432116233695" needs_recoding="false"/></row>