<?xml version="1.0" encoding="UTF-8"?><row _id="12514454" _uuid="E1492B84-81FE-463E-A622-399E72DC3F22" _position="12514454" _address="http://data.sfgov.org/resource/ritf-b9ki/12514454"><incidntnum>156002990</incidntnum><category>LARCENY/THEFT</category><descript>GRAND THEFT FROM UNLOCKED AUTO</descript><dayofweek>Saturday</dayofweek><date>2015-01-03T00:00:00</date><time>19:00</time><pddistrict>NORTHERN</pddistrict><resolution>NONE</resolution><address>CEDAR ST / VANNESS AV</address><x>-122.421477162118</x><y>37.7861527352201</y><location human_address="{&quot;address&quot;:&quot;&quot;,&quot;city&quot;:&quot;&quot;,&quot;state&quot;:&quot;&quot;,&quot;zip&quot;:&quot;&quot;}" latitude="37.7861527352201" longitude="-122.421477162118" needs_recoding="false"/></row>