<?xml version="1.0" encoding="UTF-8"?><row _id="12102495" _uuid="10D3C7BF-39EA-4F6C-8D90-834A07A8EA1F" _position="12102495" _address="http://data.sfgov.org/resource/ritf-b9ki/12102495"><incidntnum>150008504</incidntnum><category>LARCENY/THEFT</category><descript>GRAND THEFT FROM LOCKED AUTO</descript><dayofweek>Saturday</dayofweek><date>2015-01-03T00:00:00</date><time>20:00</time><pddistrict>SOUTHERN</pddistrict><resolution>NONE</resolution><address>0 Block of FOLSOM ST</address><x>-122.390462451214</x><y>37.790393971625</y><location human_address="{&quot;address&quot;:&quot;&quot;,&quot;city&quot;:&quot;&quot;,&quot;state&quot;:&quot;&quot;,&quot;zip&quot;:&quot;&quot;}" latitude="37.790393971625" longitude="-122.390462451214" needs_recoding="false"/></row>