<?xml version="1.0" encoding="UTF-8"?><row _id="10893392" _uuid="EFCE3874-A23F-4964-8D0B-47C89B03ED43" _position="10893392" _address="http://data.sfgov.org/resource/ritf-b9ki/10893392"><incidntnum>156010711</incidntnum><category>LARCENY/THEFT</category><descript>PETTY THEFT OF PROPERTY</descript><dayofweek>Thursday</dayofweek><date>2015-01-08T00:00:00</date><time>22:00</time><pddistrict>SOUTHERN</pddistrict><resolution>NONE</resolution><address>200 Block of 5TH ST</address><x>-122.403604515344</x><y>37.7805203710322</y><location human_address="{&quot;address&quot;:&quot;&quot;,&quot;city&quot;:&quot;&quot;,&quot;state&quot;:&quot;&quot;,&quot;zip&quot;:&quot;&quot;}" latitude="37.7805203710322" longitude="-122.403604515344" needs_recoding="false"/></row>