<?xml version="1.0" encoding="UTF-8"?><row _id="12042540" _uuid="926FB080-C576-47AC-A116-70CF28379CC7" _position="12042540" _address="http://data.sfgov.org/resource/ritf-b9ki/12042540"><incidntnum>150022714</incidntnum><category>VEHICLE THEFT</category><descript>STOLEN MOTORCYCLE</descript><dayofweek>Friday</dayofweek><date>2015-01-02T00:00:00</date><time>22:30</time><pddistrict>PARK</pddistrict><resolution>NONE</resolution><address>600 Block of FREDERICK ST</address><x>-122.456202166027</x><y>37.765905864994</y><location human_address="{&quot;address&quot;:&quot;&quot;,&quot;city&quot;:&quot;&quot;,&quot;state&quot;:&quot;&quot;,&quot;zip&quot;:&quot;&quot;}" latitude="37.765905864994" longitude="-122.456202166027" needs_recoding="false"/></row>