<?xml version="1.0" encoding="UTF-8"?><row _id="12376754" _uuid="612D0BA9-AC74-413A-941E-B94F419A3FCF" _position="12376754" _address="http://data.sfgov.org/resource/ritf-b9ki/12376754"><incidntnum>150031696</incidntnum><category>BURGLARY</category><descript>BURGLARY,RESIDENCE UNDER CONSTRT, FORCIBLE ENTRY</descript><dayofweek>Saturday</dayofweek><date>2015-01-03T00:00:00</date><time>14:00</time><pddistrict>BAYVIEW</pddistrict><resolution>NONE</resolution><address>1300 Block of UNDERWOOD AV</address><x>-122.387153625351</x><y>37.7271911468699</y><location human_address="{&quot;address&quot;:&quot;&quot;,&quot;city&quot;:&quot;&quot;,&quot;state&quot;:&quot;&quot;,&quot;zip&quot;:&quot;&quot;}" latitude="37.7271911468699" longitude="-122.387153625351" needs_recoding="false"/></row>