<?xml version="1.0" encoding="UTF-8"?><row _id="11110923" _uuid="14194D2B-52EB-4642-B6DA-201A23F4B7EC" _position="11110923" _address="http://data.sfgov.org/resource/ritf-b9ki/11110923"><incidntnum>150016096</incidntnum><category>NON-CRIMINAL</category><descript>CIVIL SIDEWALKS, WARNING</descript><dayofweek>Tuesday</dayofweek><date>2015-01-06T00:00:00</date><time>10:38</time><pddistrict>MISSION</pddistrict><resolution>NONE</resolution><address>2200 Block of MARKET ST</address><x>-122.432198022433</x><y>37.7651107322703</y><location human_address="{&quot;address&quot;:&quot;&quot;,&quot;city&quot;:&quot;&quot;,&quot;state&quot;:&quot;&quot;,&quot;zip&quot;:&quot;&quot;}" latitude="37.7651107322703" longitude="-122.432198022433" needs_recoding="false"/></row>