<?xml version="1.0" encoding="UTF-8"?><row _id="11569239" _uuid="AA056837-9819-4557-8A50-26E284584665" _position="11569239" _address="http://data.sfgov.org/resource/ritf-b9ki/11569239"><incidntnum>150005362</incidntnum><category>ASSAULT</category><descript>BATTERY</descript><dayofweek>Friday</dayofweek><date>2015-01-02T00:00:00</date><time>19:10</time><pddistrict>RICHMOND</pddistrict><resolution>EXCEPTIONAL CLEARANCE</resolution><address>200 Block of 32ND AV</address><x>-122.492692861809</x><y>37.7851012946674</y><location human_address="{&quot;address&quot;:&quot;&quot;,&quot;city&quot;:&quot;&quot;,&quot;state&quot;:&quot;&quot;,&quot;zip&quot;:&quot;&quot;}" latitude="37.7851012946674" longitude="-122.492692861809" needs_recoding="false"/></row>