<?xml version="1.0" encoding="UTF-8"?><row _id="11110584" _uuid="7BBE5165-2D4A-4819-BC57-380AD2A91A4B" _position="11110584" _address="http://data.sfgov.org/resource/ritf-b9ki/11110584"><incidntnum>150015214</incidntnum><category>SUSPICIOUS OCC</category><descript>INVESTIGATIVE DETENTION</descript><dayofweek>Tuesday</dayofweek><date>2015-01-06T00:00:00</date><time>03:39</time><pddistrict>INGLESIDE</pddistrict><resolution>NONE</resolution><address>MISSION ST / TRUMBULL ST</address><x>-122.429306728376</x><y>37.7307429169559</y><location human_address="{&quot;address&quot;:&quot;&quot;,&quot;city&quot;:&quot;&quot;,&quot;state&quot;:&quot;&quot;,&quot;zip&quot;:&quot;&quot;}" latitude="37.7307429169559" longitude="-122.429306728376" needs_recoding="false"/></row>