<?xml version="1.0" encoding="UTF-8"?><row _id="12188747" _uuid="271D3856-5065-4ABD-B150-5EDAF37F29A9" _position="12188747" _address="http://data.sfgov.org/resource/ritf-b9ki/12188747"><incidntnum>156014525</incidntnum><category>LARCENY/THEFT</category><descript>GRAND THEFT FROM UNLOCKED AUTO</descript><dayofweek>Monday</dayofweek><date>2015-01-19T00:00:00</date><time>20:45</time><pddistrict>RICHMOND</pddistrict><resolution>NONE</resolution><address>CALIFORNIA ST / SPRUCE ST</address><x>-122.45340686052</x><y>37.786416419594</y><location human_address="{&quot;address&quot;:&quot;&quot;,&quot;city&quot;:&quot;&quot;,&quot;state&quot;:&quot;&quot;,&quot;zip&quot;:&quot;&quot;}" latitude="37.786416419594" longitude="-122.45340686052" needs_recoding="false"/></row>