<?xml version="1.0" encoding="UTF-8"?><row _id="12210270" _uuid="64C294DC-6474-4268-8779-F4D0FB05777B" _position="12210270" _address="http://data.sfgov.org/resource/ritf-b9ki/12210270"><incidntnum>150089316</incidntnum><category>LARCENY/THEFT</category><descript>GRAND THEFT BICYCLE</descript><dayofweek>Thursday</dayofweek><date>2015-01-29T00:00:00</date><time>11:00</time><pddistrict>SOUTHERN</pddistrict><resolution>NONE</resolution><address>0 Block of HERON ST</address><x>-122.4087346852</x><y>37.7745299461578</y><location human_address="{&quot;address&quot;:&quot;&quot;,&quot;city&quot;:&quot;&quot;,&quot;state&quot;:&quot;&quot;,&quot;zip&quot;:&quot;&quot;}" latitude="37.7745299461578" longitude="-122.4087346852" needs_recoding="false"/></row>