<?xml version="1.0" encoding="UTF-8"?><row _id="11898429" _uuid="E5F3CB42-0DD3-4A13-92CF-975A9383C127" _position="11898429" _address="http://data.sfgov.org/resource/ritf-b9ki/11898429"><incidntnum>150006796</incidntnum><category>ASSAULT</category><descript>THREATS AGAINST LIFE</descript><dayofweek>Saturday</dayofweek><date>2015-01-03T00:00:00</date><time>10:00</time><pddistrict>INGLESIDE</pddistrict><resolution>NONE</resolution><address>1500 Block of SUNNYDALE AV</address><x>-122.417144802399</x><y>37.7121502932531</y><location human_address="{&quot;address&quot;:&quot;&quot;,&quot;city&quot;:&quot;&quot;,&quot;state&quot;:&quot;&quot;,&quot;zip&quot;:&quot;&quot;}" latitude="37.7121502932531" longitude="-122.417144802399" needs_recoding="false"/></row>