<?xml version="1.0" encoding="UTF-8"?><row _id="11777155" _uuid="D3E4FE57-F2E4-40AA-94BE-2AC78B077905" _position="11777155" _address="http://data.sfgov.org/resource/ritf-b9ki/11777155"><incidntnum>150006934</incidntnum><category>ASSAULT</category><descript>ELDER ADULT OR DEPENDENT ABUSE (NOT EMBEZZLEMENT OR THEFT)</descript><dayofweek>Friday</dayofweek><date>2015-01-02T00:00:00</date><time>14:30</time><pddistrict>MISSION</pddistrict><resolution>NONE</resolution><address>24TH ST / LUCKY ST</address><x>-122.413519037359</x><y>37.7525390567169</y><location human_address="{&quot;address&quot;:&quot;&quot;,&quot;city&quot;:&quot;&quot;,&quot;state&quot;:&quot;&quot;,&quot;zip&quot;:&quot;&quot;}" latitude="37.7525390567169" longitude="-122.413519037359" needs_recoding="false"/></row>