<?xml version="1.0" encoding="UTF-8"?><row _id="11569163" _uuid="2BD2F7C1-0051-48AF-936E-9ADCF7F3E1A5" _position="11569163" _address="http://data.sfgov.org/resource/ritf-b9ki/11569163"><incidntnum>150011648</incidntnum><category>OTHER OFFENSES</category><descript>RESTRAINING ORDER NOTIFICATION/SERVICE OF RESTRAINING ORDER</descript><dayofweek>Monday</dayofweek><date>2015-01-05T00:00:00</date><time>02:20</time><pddistrict>SOUTHERN</pddistrict><resolution>NONE</resolution><address>300 Block of KING ST</address><x>-122.395021745914</x><y>37.7753128522284</y><location human_address="{&quot;address&quot;:&quot;&quot;,&quot;city&quot;:&quot;&quot;,&quot;state&quot;:&quot;&quot;,&quot;zip&quot;:&quot;&quot;}" latitude="37.7753128522284" longitude="-122.395021745914" needs_recoding="false"/></row>