<?xml version="1.0" encoding="UTF-8"?><row _id="11135605" _uuid="A5A781FF-1BA0-41D2-B344-1E6C2155F5CF" _position="11135605" _address="http://data.sfgov.org/resource/ritf-b9ki/11135605"><incidntnum>150039587</incidntnum><category>DRUG/NARCOTIC</category><descript>POSSESSION OF MARIJUANA</descript><dayofweek>Wednesday</dayofweek><date>2015-01-14T00:00:00</date><time>20:01</time><pddistrict>NORTHERN</pddistrict><resolution>ARREST, BOOKED</resolution><address>MCALLISTER ST / POLK ST</address><x>-122.418600974625</x><y>37.7802607511192</y><location human_address="{&quot;address&quot;:&quot;&quot;,&quot;city&quot;:&quot;&quot;,&quot;state&quot;:&quot;&quot;,&quot;zip&quot;:&quot;&quot;}" latitude="37.7802607511192" longitude="-122.418600974625" needs_recoding="false"/></row>