<?xml version="1.0" encoding="UTF-8"?><row _id="11617859" _uuid="6FF7FD22-02D0-4688-A7C1-A62B0E504AD4" _position="11617859" _address="http://data.sfgov.org/resource/ritf-b9ki/11617859"><incidntnum>150036298</incidntnum><category>OTHER OFFENSES</category><descript>MISCELLANEOUS INVESTIGATION</descript><dayofweek>Monday</dayofweek><date>2015-01-12T00:00:00</date><time>20:30</time><pddistrict>SOUTHERN</pddistrict><resolution>NONE</resolution><address>1200 Block of MARKET ST</address><x>-122.415448759562</x><y>37.778293520129</y><location human_address="{&quot;address&quot;:&quot;&quot;,&quot;city&quot;:&quot;&quot;,&quot;state&quot;:&quot;&quot;,&quot;zip&quot;:&quot;&quot;}" latitude="37.778293520129" longitude="-122.415448759562" needs_recoding="false"/></row>