<?xml version="1.0" encoding="UTF-8"?><row _id="12357809" _uuid="523907CD-D2CA-4C48-B610-47B36BD23956" _position="12357809" _address="http://data.sfgov.org/resource/ritf-b9ki/12357809"><incidntnum>150011331</incidntnum><category>LARCENY/THEFT</category><descript>PETTY THEFT FROM LOCKED AUTO</descript><dayofweek>Sunday</dayofweek><date>2015-01-04T00:00:00</date><time>19:30</time><pddistrict>TARAVAL</pddistrict><resolution>NONE</resolution><address>2400 Block of IRVING ST</address><x>-122.484096563184</x><y>37.7631996956975</y><location human_address="{&quot;address&quot;:&quot;&quot;,&quot;city&quot;:&quot;&quot;,&quot;state&quot;:&quot;&quot;,&quot;zip&quot;:&quot;&quot;}" latitude="37.7631996956975" longitude="-122.484096563184" needs_recoding="false"/></row>