<?xml version="1.0" encoding="UTF-8"?><row _id="12017126" _uuid="B89011E6-2B11-4E7A-A2D4-524E198109AB" _position="12017126" _address="http://data.sfgov.org/resource/ritf-b9ki/12017126"><incidntnum>150055254</incidntnum><category>VEHICLE THEFT</category><descript>STOLEN AUTOMOBILE</descript><dayofweek>Sunday</dayofweek><date>2015-01-11T00:00:00</date><time>20:00</time><pddistrict>TENDERLOIN</pddistrict><resolution>NONE</resolution><address>400 Block of EDDY ST</address><x>-122.41506687647</x><y>37.7835634796332</y><location human_address="{&quot;address&quot;:&quot;&quot;,&quot;city&quot;:&quot;&quot;,&quot;state&quot;:&quot;&quot;,&quot;zip&quot;:&quot;&quot;}" latitude="37.7835634796332" longitude="-122.41506687647" needs_recoding="false"/></row>