<?xml version="1.0" encoding="UTF-8"?><row _id="12369927" _uuid="B3EF0B98-3B60-40F1-B9C0-EE3169F0EFAD" _position="12369927" _address="http://data.sfgov.org/resource/ritf-b9ki/12369927"><incidntnum>150071313</incidntnum><category>WARRANTS</category><descript>WARRANT ARREST</descript><dayofweek>Friday</dayofweek><date>2015-01-23T00:00:00</date><time>19:19</time><pddistrict>NORTHERN</pddistrict><resolution>ARREST, BOOKED</resolution><address>0 Block of MARINA BL</address><x>-122.432951589917</x><y>37.8050520228881</y><location human_address="{&quot;address&quot;:&quot;&quot;,&quot;city&quot;:&quot;&quot;,&quot;state&quot;:&quot;&quot;,&quot;zip&quot;:&quot;&quot;}" latitude="37.8050520228881" longitude="-122.432951589917" needs_recoding="false"/></row>