<?xml version="1.0" encoding="UTF-8"?><row _id="12148453" _uuid="E0698CEA-4C0C-44F1-86D8-A8A2338CC071" _position="12148453" _address="http://data.sfgov.org/resource/ritf-b9ki/12148453"><incidntnum>156005091</incidntnum><category>LARCENY/THEFT</category><descript>GRAND THEFT FROM LOCKED AUTO</descript><dayofweek>Sunday</dayofweek><date>2015-01-04T00:00:00</date><time>20:51</time><pddistrict>CENTRAL</pddistrict><resolution>NONE</resolution><address>0 Block of JEFFERSON ST</address><x>-122.413349164272</x><y>37.8084667368908</y><location human_address="{&quot;address&quot;:&quot;&quot;,&quot;city&quot;:&quot;&quot;,&quot;state&quot;:&quot;&quot;,&quot;zip&quot;:&quot;&quot;}" latitude="37.8084667368908" longitude="-122.413349164272" needs_recoding="false"/></row>