<?xml version="1.0" encoding="UTF-8"?><row _id="12218999" _uuid="C44363E2-4F53-4A2A-8CFE-47E2885F38A7" _position="12218999" _address="http://data.sfgov.org/resource/ritf-b9ki/12218999"><incidntnum>150029334</incidntnum><category>VANDALISM</category><descript>MALICIOUS MISCHIEF, VANDALISM OF VEHICLES</descript><dayofweek>Saturday</dayofweek><date>2015-01-10T00:00:00</date><time>12:30</time><pddistrict>INGLESIDE</pddistrict><resolution>NONE</resolution><address>200 Block of JOHNFSHELLEY DR</address><x>-122.423304635548</x><y>37.7226694463003</y><location human_address="{&quot;address&quot;:&quot;&quot;,&quot;city&quot;:&quot;&quot;,&quot;state&quot;:&quot;&quot;,&quot;zip&quot;:&quot;&quot;}" latitude="37.7226694463003" longitude="-122.423304635548" needs_recoding="false"/></row>