<?xml version="1.0" encoding="UTF-8"?><row _id="10987516" _uuid="79BA1B4E-7AC8-4A93-B3A3-7ED8E728D05B" _position="10987516" _address="http://data.sfgov.org/resource/ritf-b9ki/10987516"><incidntnum>150006661</incidntnum><category>LARCENY/THEFT</category><descript>GRAND THEFT PICKPOCKET</descript><dayofweek>Friday</dayofweek><date>2015-01-02T00:00:00</date><time>15:00</time><pddistrict>CENTRAL</pddistrict><resolution>NONE</resolution><address>100 Block of MONTGOMERY ST</address><x>-122.402355166615</x><y>37.790503938715</y><location human_address="{&quot;address&quot;:&quot;&quot;,&quot;city&quot;:&quot;&quot;,&quot;state&quot;:&quot;&quot;,&quot;zip&quot;:&quot;&quot;}" latitude="37.790503938715" longitude="-122.402355166615" needs_recoding="false"/></row>