<?xml version="1.0" encoding="UTF-8"?><row _id="11852668" _uuid="E63B6147-55DC-4CBC-9671-AE8512C8E9E2" _position="11852668" _address="http://data.sfgov.org/resource/ritf-b9ki/11852668"><incidntnum>150009665</incidntnum><category>ASSAULT</category><descript>BATTERY</descript><dayofweek>Sunday</dayofweek><date>2015-01-04T00:00:00</date><time>11:00</time><pddistrict>MISSION</pddistrict><resolution>ARREST, BOOKED</resolution><address>MISSION ST / 20TH ST</address><x>-122.419052694349</x><y>37.7586324051562</y><location human_address="{&quot;address&quot;:&quot;&quot;,&quot;city&quot;:&quot;&quot;,&quot;state&quot;:&quot;&quot;,&quot;zip&quot;:&quot;&quot;}" latitude="37.7586324051562" longitude="-122.419052694349" needs_recoding="false"/></row>