<?xml version="1.0" encoding="UTF-8"?><row _id="11553605" _uuid="42503C19-B8F7-4D34-AD60-BD293DFA32C4" _position="11553605" _address="http://data.sfgov.org/resource/ritf-b9ki/11553605"><incidntnum>156006328</incidntnum><category>LARCENY/THEFT</category><descript>GRAND THEFT FROM LOCKED AUTO</descript><dayofweek>Thursday</dayofweek><date>2015-01-08T00:00:00</date><time>14:50</time><pddistrict>NORTHERN</pddistrict><resolution>NONE</resolution><address>2200 Block of UNION ST</address><x>-122.43631861387</x><y>37.7969279288883</y><location human_address="{&quot;address&quot;:&quot;&quot;,&quot;city&quot;:&quot;&quot;,&quot;state&quot;:&quot;&quot;,&quot;zip&quot;:&quot;&quot;}" latitude="37.7969279288883" longitude="-122.43631861387" needs_recoding="false"/></row>