<?xml version="1.0" encoding="UTF-8"?><row _id="10913383" _uuid="A63F169F-DE26-48C9-9366-10959E971D5D" _position="10913383" _address="http://data.sfgov.org/resource/ritf-b9ki/10913383"><incidntnum>150018321</incidntnum><category>SECONDARY CODES</category><descript>DOMESTIC VIOLENCE</descript><dayofweek>Tuesday</dayofweek><date>2015-01-06T00:00:00</date><time>22:45</time><pddistrict>SOUTHERN</pddistrict><resolution>NONE</resolution><address>BEALE ST / FOLSOM ST</address><x>-122.392727331074</x><y>37.7886861744434</y><location human_address="{&quot;address&quot;:&quot;&quot;,&quot;city&quot;:&quot;&quot;,&quot;state&quot;:&quot;&quot;,&quot;zip&quot;:&quot;&quot;}" latitude="37.7886861744434" longitude="-122.392727331074" needs_recoding="false"/></row>