<?xml version="1.0" encoding="UTF-8"?><row _id="11074463" _uuid="4A3022C2-E589-4BFD-8E1A-672B692A5DEA" _position="11074463" _address="http://data.sfgov.org/resource/ritf-b9ki/11074463"><incidntnum>156004899</incidntnum><category>LARCENY/THEFT</category><descript>GRAND THEFT FROM LOCKED AUTO</descript><dayofweek>Friday</dayofweek><date>2015-01-02T00:00:00</date><time>21:00</time><pddistrict>SOUTHERN</pddistrict><resolution>NONE</resolution><address>HARRISON ST / 11TH ST</address><x>-122.41248326348</x><y>37.7706305910776</y><location human_address="{&quot;address&quot;:&quot;&quot;,&quot;city&quot;:&quot;&quot;,&quot;state&quot;:&quot;&quot;,&quot;zip&quot;:&quot;&quot;}" latitude="37.7706305910776" longitude="-122.41248326348" needs_recoding="false"/></row>