<?xml version="1.0" encoding="UTF-8"?><row _id="11202954" _uuid="137B8FD6-6350-4093-B263-6F7F84B55231" _position="11202954" _address="http://data.sfgov.org/resource/ritf-b9ki/11202954"><incidntnum>150021697</incidntnum><category>NON-CRIMINAL</category><descript>DEATH REPORT, NATURAL CAUSES</descript><dayofweek>Thursday</dayofweek><date>2015-01-08T00:00:00</date><time>00:48</time><pddistrict>INGLESIDE</pddistrict><resolution>NONE</resolution><address>400 Block of GOLDMINE DR</address><x>-122.437104791787</x><y>37.7395555410588</y><location human_address="{&quot;address&quot;:&quot;&quot;,&quot;city&quot;:&quot;&quot;,&quot;state&quot;:&quot;&quot;,&quot;zip&quot;:&quot;&quot;}" latitude="37.7395555410588" longitude="-122.437104791787" needs_recoding="false"/></row>