<?xml version="1.0" encoding="UTF-8"?><row _id="12392815" _uuid="709C0F4B-E829-4BB1-BD88-AB48DEFE4763" _position="12392815" _address="http://data.sfgov.org/resource/ritf-b9ki/12392815"><incidntnum>156014729</incidntnum><category>LARCENY/THEFT</category><descript>GRAND THEFT FROM LOCKED AUTO</descript><dayofweek>Friday</dayofweek><date>2015-01-09T00:00:00</date><time>01:00</time><pddistrict>TARAVAL</pddistrict><resolution>NONE</resolution><address>100 Block of MAYWOOD DR</address><x>-122.461895919503</x><y>37.7334119937732</y><location human_address="{&quot;address&quot;:&quot;&quot;,&quot;city&quot;:&quot;&quot;,&quot;state&quot;:&quot;&quot;,&quot;zip&quot;:&quot;&quot;}" latitude="37.7334119937732" longitude="-122.461895919503" needs_recoding="false"/></row>