<?xml version="1.0" encoding="UTF-8"?><row _id="12136272" _uuid="954C8E72-A96F-4A51-A827-6EE96644CE3E" _position="12136272" _address="http://data.sfgov.org/resource/ritf-b9ki/12136272"><incidntnum>156005273</incidntnum><category>LARCENY/THEFT</category><descript>GRAND THEFT FROM LOCKED AUTO</descript><dayofweek>Sunday</dayofweek><date>2015-01-04T00:00:00</date><time>19:00</time><pddistrict>TENDERLOIN</pddistrict><resolution>NONE</resolution><address>200 Block of ELLIS ST</address><x>-122.410345341262</x><y>37.7852309989833</y><location human_address="{&quot;address&quot;:&quot;&quot;,&quot;city&quot;:&quot;&quot;,&quot;state&quot;:&quot;&quot;,&quot;zip&quot;:&quot;&quot;}" latitude="37.7852309989833" longitude="-122.410345341262" needs_recoding="false"/></row>