<?xml version="1.0" encoding="UTF-8"?><row _id="12221114" _uuid="3AF8B6D4-E7B9-4DA4-A6B3-F0837FDFB812" _position="12221114" _address="http://data.sfgov.org/resource/ritf-b9ki/12221114"><incidntnum>156004764</incidntnum><category>VANDALISM</category><descript>MALICIOUS MISCHIEF, VANDALISM</descript><dayofweek>Saturday</dayofweek><date>2015-01-03T00:00:00</date><time>11:32</time><pddistrict>SOUTHERN</pddistrict><resolution>NONE</resolution><address>HARRISON ST / 11TH ST</address><x>-122.41248326348</x><y>37.7706305910776</y><location human_address="{&quot;address&quot;:&quot;&quot;,&quot;city&quot;:&quot;&quot;,&quot;state&quot;:&quot;&quot;,&quot;zip&quot;:&quot;&quot;}" latitude="37.7706305910776" longitude="-122.41248326348" needs_recoding="false"/></row>