<?xml version="1.0" encoding="UTF-8"?><row _id="11637371" _uuid="9ADC2C00-AE2B-478C-85E2-25BC00BD8545" _position="11637371" _address="http://data.sfgov.org/resource/ritf-b9ki/11637371"><incidntnum>150040017</incidntnum><category>VEHICLE THEFT</category><descript>STOLEN TRUCK</descript><dayofweek>Thursday</dayofweek><date>2015-01-08T00:00:00</date><time>10:00</time><pddistrict>BAYVIEW</pddistrict><resolution>NONE</resolution><address>900 Block of WISCONSIN ST</address><x>-122.398799232213</x><y>37.7565633329089</y><location human_address="{&quot;address&quot;:&quot;&quot;,&quot;city&quot;:&quot;&quot;,&quot;state&quot;:&quot;&quot;,&quot;zip&quot;:&quot;&quot;}" latitude="37.7565633329089" longitude="-122.398799232213" needs_recoding="false"/></row>