<?xml version="1.0" encoding="UTF-8"?><row _id="11439348" _uuid="63530246-5127-444B-A488-411AC235AE57" _position="11439348" _address="http://data.sfgov.org/resource/ritf-b9ki/11439348"><incidntnum>150052012</incidntnum><category>OTHER OFFENSES</category><descript>PROBATION VIOLATION</descript><dayofweek>Saturday</dayofweek><date>2015-01-17T00:00:00</date><time>16:16</time><pddistrict>SOUTHERN</pddistrict><resolution>ARREST, BOOKED</resolution><address>0 Block of BLUXOME ST</address><x>-122.396829271959</x><y>37.7767640297712</y><location human_address="{&quot;address&quot;:&quot;&quot;,&quot;city&quot;:&quot;&quot;,&quot;state&quot;:&quot;&quot;,&quot;zip&quot;:&quot;&quot;}" latitude="37.7767640297712" longitude="-122.396829271959" needs_recoding="false"/></row>