<?xml version="1.0" encoding="UTF-8"?><row _id="11048115" _uuid="D7EC076F-C7B6-4657-A999-4BAC4927B19C" _position="11048115" _address="http://data.sfgov.org/resource/ritf-b9ki/11048115"><incidntnum>150031210</incidntnum><category>OTHER OFFENSES</category><descript>LOST/STOLEN LICENSE PLATE</descript><dayofweek>Friday</dayofweek><date>2015-01-09T00:00:00</date><time>22:00</time><pddistrict>BAYVIEW</pddistrict><resolution>NONE</resolution><address>500 Block of SELBY ST</address><x>-122.395970616699</x><y>37.7439242542019</y><location human_address="{&quot;address&quot;:&quot;&quot;,&quot;city&quot;:&quot;&quot;,&quot;state&quot;:&quot;&quot;,&quot;zip&quot;:&quot;&quot;}" latitude="37.7439242542019" longitude="-122.395970616699" needs_recoding="false"/></row>