<?xml version="1.0" encoding="UTF-8"?><row _id="12179098" _uuid="4AF18B6E-ED1C-4069-A5B4-772917257707" _position="12179098" _address="http://data.sfgov.org/resource/ritf-b9ki/12179098"><incidntnum>150069142</incidntnum><category>NON-CRIMINAL</category><descript>AIDED CASE</descript><dayofweek>Friday</dayofweek><date>2015-01-23T00:00:00</date><time>02:21</time><pddistrict>NORTHERN</pddistrict><resolution>NONE</resolution><address>1600 Block of GEARY BL</address><x>-122.429629258891</x><y>37.7848966681924</y><location human_address="{&quot;address&quot;:&quot;&quot;,&quot;city&quot;:&quot;&quot;,&quot;state&quot;:&quot;&quot;,&quot;zip&quot;:&quot;&quot;}" latitude="37.7848966681924" longitude="-122.429629258891" needs_recoding="false"/></row>