<?xml version="1.0" encoding="UTF-8"?><row _id="10896863" _uuid="24E8CDDA-CA38-4DC9-BF89-8511D6FF6C29" _position="10896863" _address="http://data.sfgov.org/resource/ritf-b9ki/10896863"><incidntnum>150029572</incidntnum><category>NON-CRIMINAL</category><descript>FOUND PROPERTY</descript><dayofweek>Saturday</dayofweek><date>2015-01-10T00:00:00</date><time>07:00</time><pddistrict>BAYVIEW</pddistrict><resolution>NONE</resolution><address>2500 Block of SAN BRUNO AV</address><x>-122.404407189561</x><y>37.7294075591753</y><location human_address="{&quot;address&quot;:&quot;&quot;,&quot;city&quot;:&quot;&quot;,&quot;state&quot;:&quot;&quot;,&quot;zip&quot;:&quot;&quot;}" latitude="37.7294075591753" longitude="-122.404407189561" needs_recoding="false"/></row>