<?xml version="1.0" encoding="UTF-8"?><row _id="11339724" _uuid="8480AE68-92DC-461A-B7C3-252FBC720BD1" _position="11339724" _address="http://data.sfgov.org/resource/ritf-b9ki/11339724"><incidntnum>150012345</incidntnum><category>ASSAULT</category><descript>BATTERY</descript><dayofweek>Monday</dayofweek><date>2015-01-05T00:00:00</date><time>09:50</time><pddistrict>CENTRAL</pddistrict><resolution>NONE</resolution><address>600 Block of MONTGOMERY ST</address><x>-122.403337490231</x><y>37.7952902504328</y><location human_address="{&quot;address&quot;:&quot;&quot;,&quot;city&quot;:&quot;&quot;,&quot;state&quot;:&quot;&quot;,&quot;zip&quot;:&quot;&quot;}" latitude="37.7952902504328" longitude="-122.403337490231" needs_recoding="false"/></row>