<?xml version="1.0" encoding="UTF-8"?><row _id="12478744" _uuid="B263B2F9-9399-40C7-9F7C-EE52ABCC00F8" _position="12478744" _address="http://data.sfgov.org/resource/ritf-b9ki/12478744"><incidntnum>150020116</incidntnum><category>WARRANTS</category><descript>ENROUTE TO OUTSIDE JURISDICTION</descript><dayofweek>Wednesday</dayofweek><date>2015-01-07T00:00:00</date><time>12:46</time><pddistrict>TARAVAL</pddistrict><resolution>NONE</resolution><address>RANDOLPH ST / RALSTON ST</address><x>-122.468893367579</x><y>37.714257207694</y><location human_address="{&quot;address&quot;:&quot;&quot;,&quot;city&quot;:&quot;&quot;,&quot;state&quot;:&quot;&quot;,&quot;zip&quot;:&quot;&quot;}" latitude="37.714257207694" longitude="-122.468893367579" needs_recoding="false"/></row>