<?xml version="1.0" encoding="UTF-8"?><row _id="12682605" _uuid="84049E9B-9251-4765-AA21-674F73AB8CDB" _position="12682605" _address="http://data.sfgov.org/resource/ritf-b9ki/12682605"><incidntnum>160042194</incidntnum><category>NON-CRIMINAL</category><descript>LICENSE PLATE, RECOVERED</descript><dayofweek>Wednesday</dayofweek><date>2015-01-14T00:00:00</date><time>19:00</time><pddistrict>BAYVIEW</pddistrict><resolution>NONE</resolution><address>KANSAS ST / 25TH ST</address><x>-122.402315844375</x><y>37.7519622803065</y><location human_address="{&quot;address&quot;:&quot;&quot;,&quot;city&quot;:&quot;&quot;,&quot;state&quot;:&quot;&quot;,&quot;zip&quot;:&quot;&quot;}" latitude="37.7519622803065" longitude="-122.402315844375" needs_recoding="false"/></row>