<?xml version="1.0" encoding="UTF-8"?><row _id="12429152" _uuid="D674F73C-9218-4B87-B305-F9E8026A1B48" _position="12429152" _address="http://data.sfgov.org/resource/ritf-b9ki/12429152"><incidntnum>150015866</incidntnum><category>LARCENY/THEFT</category><descript>GRAND THEFT OF PROPERTY</descript><dayofweek>Monday</dayofweek><date>2015-01-05T00:00:00</date><time>17:00</time><pddistrict>BAYVIEW</pddistrict><resolution>NONE</resolution><address>3200 Block of 3RD ST</address><x>-122.387462393411</x><y>37.7475593006487</y><location human_address="{&quot;address&quot;:&quot;&quot;,&quot;city&quot;:&quot;&quot;,&quot;state&quot;:&quot;&quot;,&quot;zip&quot;:&quot;&quot;}" latitude="37.7475593006487" longitude="-122.387462393411" needs_recoding="false"/></row>