<?xml version="1.0" encoding="UTF-8"?><row _id="11418369" _uuid="BE11BC88-94D7-46FE-8485-C8F567467CAA" _position="11418369" _address="http://data.sfgov.org/resource/ritf-b9ki/11418369"><incidntnum>150008708</incidntnum><category>DRUG/NARCOTIC</category><descript>POSSESSION OF NARCOTICS PARAPHERNALIA</descript><dayofweek>Saturday</dayofweek><date>2015-01-03T00:00:00</date><time>19:40</time><pddistrict>SOUTHERN</pddistrict><resolution>ARREST, BOOKED</resolution><address>100 Block of HENRYADAMS ST</address><x>-122.403746564781</x><y>37.7679454001113</y><location human_address="{&quot;address&quot;:&quot;&quot;,&quot;city&quot;:&quot;&quot;,&quot;state&quot;:&quot;&quot;,&quot;zip&quot;:&quot;&quot;}" latitude="37.7679454001113" longitude="-122.403746564781" needs_recoding="false"/></row>