<?xml version="1.0" encoding="UTF-8"?><row _id="12467195" _uuid="C348A509-682F-47BC-9BD4-4C4A83978E92" _position="12467195" _address="http://data.sfgov.org/resource/ritf-b9ki/12467195"><incidntnum>156005007</incidntnum><category>LARCENY/THEFT</category><descript>GRAND THEFT FROM LOCKED AUTO</descript><dayofweek>Monday</dayofweek><date>2015-01-05T00:00:00</date><time>18:00</time><pddistrict>CENTRAL</pddistrict><resolution>NONE</resolution><address>400 Block of MASON ST</address><x>-122.409925328419</x><y>37.7877640990096</y><location human_address="{&quot;address&quot;:&quot;&quot;,&quot;city&quot;:&quot;&quot;,&quot;state&quot;:&quot;&quot;,&quot;zip&quot;:&quot;&quot;}" latitude="37.7877640990096" longitude="-122.409925328419" needs_recoding="false"/></row>