<?xml version="1.0" encoding="UTF-8"?><row _id="12407696" _uuid="585260F4-5566-4B76-9027-EA611C9AA7C3" _position="12407696" _address="http://data.sfgov.org/resource/ritf-b9ki/12407696"><incidntnum>150009245</incidntnum><category>LARCENY/THEFT</category><descript>PETTY THEFT FROM A BUILDING</descript><dayofweek>Sunday</dayofweek><date>2015-01-04T00:00:00</date><time>06:25</time><pddistrict>SOUTHERN</pddistrict><resolution>NONE</resolution><address>0 Block of 6TH ST</address><x>-122.409011206639</x><y>37.7811340568243</y><location human_address="{&quot;address&quot;:&quot;&quot;,&quot;city&quot;:&quot;&quot;,&quot;state&quot;:&quot;&quot;,&quot;zip&quot;:&quot;&quot;}" latitude="37.7811340568243" longitude="-122.409011206639" needs_recoding="false"/></row>