<?xml version="1.0" encoding="UTF-8"?><row _id="10939069" _uuid="E8A55A11-1ACB-4E44-BEB0-3C5298373D96" _position="10939069" _address="http://data.sfgov.org/resource/ritf-b9ki/10939069"><incidntnum>156011082</incidntnum><category>LARCENY/THEFT</category><descript>PETTY THEFT OF PROPERTY</descript><dayofweek>Tuesday</dayofweek><date>2015-01-13T00:00:00</date><time>13:55</time><pddistrict>NORTHERN</pddistrict><resolution>NONE</resolution><address>2000 Block of CHESTNUT ST</address><x>-122.436797742278</x><y>37.8008031731089</y><location human_address="{&quot;address&quot;:&quot;&quot;,&quot;city&quot;:&quot;&quot;,&quot;state&quot;:&quot;&quot;,&quot;zip&quot;:&quot;&quot;}" latitude="37.8008031731089" longitude="-122.436797742278" needs_recoding="false"/></row>