<?xml version="1.0" encoding="UTF-8"?><row _id="11430274" _uuid="AF00F66D-66AD-438A-B7E4-EF802FB979AE" _position="11430274" _address="http://data.sfgov.org/resource/ritf-b9ki/11430274"><incidntnum>150014169</incidntnum><category>LARCENY/THEFT</category><descript>PETTY THEFT FROM LOCKED AUTO</descript><dayofweek>Saturday</dayofweek><date>2015-01-03T00:00:00</date><time>00:01</time><pddistrict>TENDERLOIN</pddistrict><resolution>NONE</resolution><address>200 Block of GOLDEN GATE AV</address><x>-122.415083177799</x><y>37.7816524457175</y><location human_address="{&quot;address&quot;:&quot;&quot;,&quot;city&quot;:&quot;&quot;,&quot;state&quot;:&quot;&quot;,&quot;zip&quot;:&quot;&quot;}" latitude="37.7816524457175" longitude="-122.415083177799" needs_recoding="false"/></row>