<?xml version="1.0" encoding="UTF-8"?><row _id="12279487" _uuid="A0B0A509-C105-4C05-9D45-9636BFEB9F8C" _position="12279487" _address="http://data.sfgov.org/resource/ritf-b9ki/12279487"><incidntnum>150008861</incidntnum><category>OTHER OFFENSES</category><descript>TRAFFIC VIOLATION ARREST</descript><dayofweek>Saturday</dayofweek><date>2015-01-03T00:00:00</date><time>23:50</time><pddistrict>TARAVAL</pddistrict><resolution>ARREST, BOOKED</resolution><address>34TH AV / ESCONDIDO AV</address><x>-122.491277558988</x><y>37.7346975540144</y><location human_address="{&quot;address&quot;:&quot;&quot;,&quot;city&quot;:&quot;&quot;,&quot;state&quot;:&quot;&quot;,&quot;zip&quot;:&quot;&quot;}" latitude="37.7346975540144" longitude="-122.491277558988" needs_recoding="false"/></row>