<?xml version="1.0" encoding="UTF-8"?><row _id="12327715" _uuid="B0929BBB-83A5-40F5-9938-E6BCB43C6C0D" _position="12327715" _address="http://data.sfgov.org/resource/ritf-b9ki/12327715"><incidntnum>150025912</incidntnum><category>NON-CRIMINAL</category><descript>AIDED CASE, MENTAL DISTURBED</descript><dayofweek>Friday</dayofweek><date>2015-01-09T00:00:00</date><time>11:11</time><pddistrict>BAYVIEW</pddistrict><resolution>NONE</resolution><address>1200 Block of MISSISSIPPI ST</address><x>-122.393463718795</x><y>37.7504879461151</y><location human_address="{&quot;address&quot;:&quot;&quot;,&quot;city&quot;:&quot;&quot;,&quot;state&quot;:&quot;&quot;,&quot;zip&quot;:&quot;&quot;}" latitude="37.7504879461151" longitude="-122.393463718795" needs_recoding="false"/></row>