<?xml version="1.0" encoding="UTF-8"?><row _id="11908323" _uuid="DAFF3634-7385-42D2-8252-0812DB11B976" _position="11908323" _address="http://data.sfgov.org/resource/ritf-b9ki/11908323"><incidntnum>150029099</incidntnum><category>LARCENY/THEFT</category><descript>PETTY THEFT SHOPLIFTING</descript><dayofweek>Saturday</dayofweek><date>2015-01-10T00:00:00</date><time>10:45</time><pddistrict>CENTRAL</pddistrict><resolution>NONE</resolution><address>0 Block of MONTGOMERY ST</address><x>-122.402163713618</x><y>37.7895710255863</y><location human_address="{&quot;address&quot;:&quot;&quot;,&quot;city&quot;:&quot;&quot;,&quot;state&quot;:&quot;&quot;,&quot;zip&quot;:&quot;&quot;}" latitude="37.7895710255863" longitude="-122.402163713618" needs_recoding="false"/></row>