<?xml version="1.0" encoding="UTF-8"?><row _id="12282099" _uuid="38C33848-8296-4AE5-9858-AB5C4EC795FC" _position="12282099" _address="http://data.sfgov.org/resource/ritf-b9ki/12282099"><incidntnum>150025401</incidntnum><category>VANDALISM</category><descript>MALICIOUS MISCHIEF, VANDALISM</descript><dayofweek>Friday</dayofweek><date>2015-01-09T00:00:00</date><time>06:40</time><pddistrict>SOUTHERN</pddistrict><resolution>NONE</resolution><address>500 Block of MARKET ST</address><x>-122.400922955775</x><y>37.7897601819924</y><location human_address="{&quot;address&quot;:&quot;&quot;,&quot;city&quot;:&quot;&quot;,&quot;state&quot;:&quot;&quot;,&quot;zip&quot;:&quot;&quot;}" latitude="37.7897601819924" longitude="-122.400922955775" needs_recoding="false"/></row>