<?xml version="1.0" encoding="UTF-8"?><row _id="11099974" _uuid="F74ED243-0F50-41B4-B6AC-724378794FC7" _position="11099974" _address="http://data.sfgov.org/resource/ritf-b9ki/11099974"><incidntnum>156004623</incidntnum><category>LARCENY/THEFT</category><descript>GRAND THEFT FROM LOCKED AUTO</descript><dayofweek>Monday</dayofweek><date>2015-01-05T00:00:00</date><time>18:00</time><pddistrict>NORTHERN</pddistrict><resolution>NONE</resolution><address>1600 Block of LOMBARD ST</address><x>-122.428640754534</x><y>37.8006638617379</y><location human_address="{&quot;address&quot;:&quot;&quot;,&quot;city&quot;:&quot;&quot;,&quot;state&quot;:&quot;&quot;,&quot;zip&quot;:&quot;&quot;}" latitude="37.8006638617379" longitude="-122.428640754534" needs_recoding="false"/></row>