<?xml version="1.0" encoding="UTF-8"?><row _id="12380160" _uuid="0A22CFD9-5622-4A83-A7BB-6026BE6ACFC8" _position="12380160" _address="http://data.sfgov.org/resource/ritf-b9ki/12380160"><incidntnum>150020332</incidntnum><category>DRUG/NARCOTIC</category><descript>POSSESSION OF NARCOTICS PARAPHERNALIA</descript><dayofweek>Wednesday</dayofweek><date>2015-01-07T00:00:00</date><time>03:00</time><pddistrict>PARK</pddistrict><resolution>ARREST, BOOKED</resolution><address>1100 Block of PIERCE ST</address><x>-122.435590528188</x><y>37.7805435736467</y><location human_address="{&quot;address&quot;:&quot;&quot;,&quot;city&quot;:&quot;&quot;,&quot;state&quot;:&quot;&quot;,&quot;zip&quot;:&quot;&quot;}" latitude="37.7805435736467" longitude="-122.435590528188" needs_recoding="false"/></row>