<?xml version="1.0" encoding="UTF-8"?><row _id="11481853" _uuid="2421BACA-B210-4C4F-A075-618CA1885F25" _position="11481853" _address="http://data.sfgov.org/resource/ritf-b9ki/11481853"><incidntnum>150062293</incidntnum><category>OTHER OFFENSES</category><descript>DRIVERS LICENSE, SUSPENDED OR REVOKED</descript><dayofweek>Tuesday</dayofweek><date>2015-01-20T00:00:00</date><time>23:20</time><pddistrict>RICHMOND</pddistrict><resolution>ARREST, BOOKED</resolution><address>4300 Block of GEARY BL</address><x>-122.465904997978</x><y>37.7810713659923</y><location human_address="{&quot;address&quot;:&quot;&quot;,&quot;city&quot;:&quot;&quot;,&quot;state&quot;:&quot;&quot;,&quot;zip&quot;:&quot;&quot;}" latitude="37.7810713659923" longitude="-122.465904997978" needs_recoding="false"/></row>