<?xml version="1.0" encoding="UTF-8"?><row _id="12066006" _uuid="C8E9B47C-220C-4DA5-98C0-ACBE34561926" _position="12066006" _address="http://data.sfgov.org/resource/ritf-b9ki/12066006"><incidntnum>150029259</incidntnum><category>NON-CRIMINAL</category><descript>FOUND PROPERTY</descript><dayofweek>Saturday</dayofweek><date>2015-01-10T00:00:00</date><time>10:00</time><pddistrict>SOUTHERN</pddistrict><resolution>NONE</resolution><address>1700 Block of MARKET ST</address><x>-122.422188261426</x><y>37.7726948236861</y><location human_address="{&quot;address&quot;:&quot;&quot;,&quot;city&quot;:&quot;&quot;,&quot;state&quot;:&quot;&quot;,&quot;zip&quot;:&quot;&quot;}" latitude="37.7726948236861" longitude="-122.422188261426" needs_recoding="false"/></row>