<?xml version="1.0" encoding="UTF-8"?><row _id="12209606" _uuid="5642A46A-F4E4-44AF-B989-4F08F2066DE0" _position="12209606" _address="http://data.sfgov.org/resource/ritf-b9ki/12209606"><incidntnum>156020152</incidntnum><category>LARCENY/THEFT</category><descript>GRAND THEFT FROM LOCKED AUTO</descript><dayofweek>Monday</dayofweek><date>2015-01-26T00:00:00</date><time>14:15</time><pddistrict>RICHMOND</pddistrict><resolution>NONE</resolution><address>500 Block of JOHNFKENNEDY DR</address><x>-122.466204667893</x><y>37.7725405391593</y><location human_address="{&quot;address&quot;:&quot;&quot;,&quot;city&quot;:&quot;&quot;,&quot;state&quot;:&quot;&quot;,&quot;zip&quot;:&quot;&quot;}" latitude="37.7725405391593" longitude="-122.466204667893" needs_recoding="false"/></row>