<?xml version="1.0" encoding="UTF-8"?><row _id="11951968" _uuid="69A95923-96CC-481C-BC73-2CA5DB64299A" _position="11951968" _address="http://data.sfgov.org/resource/ritf-b9ki/11951968"><incidntnum>150020100</incidntnum><category>OTHER OFFENSES</category><descript>VIOLATION OF MUNICIPAL CODE</descript><dayofweek>Wednesday</dayofweek><date>2015-01-07T00:00:00</date><time>14:54</time><pddistrict>TENDERLOIN</pddistrict><resolution>ARREST, BOOKED</resolution><address>100 Block of EDDY ST</address><x>-122.410135236377</x><y>37.7841889075267</y><location human_address="{&quot;address&quot;:&quot;&quot;,&quot;city&quot;:&quot;&quot;,&quot;state&quot;:&quot;&quot;,&quot;zip&quot;:&quot;&quot;}" latitude="37.7841889075267" longitude="-122.410135236377" needs_recoding="false"/></row>