<?xml version="1.0" encoding="UTF-8"?><row _id="11843137" _uuid="43CFF2C9-28A3-43F6-94F8-0E433B054BE9" _position="11843137" _address="http://data.sfgov.org/resource/ritf-b9ki/11843137"><incidntnum>156002893</incidntnum><category>LARCENY/THEFT</category><descript>PETTY THEFT OF PROPERTY</descript><dayofweek>Saturday</dayofweek><date>2015-01-03T00:00:00</date><time>10:30</time><pddistrict>RICHMOND</pddistrict><resolution>NONE</resolution><address>BALBOA ST / 2ND AV</address><x>-122.459725245285</x><y>37.7774279740594</y><location human_address="{&quot;address&quot;:&quot;&quot;,&quot;city&quot;:&quot;&quot;,&quot;state&quot;:&quot;&quot;,&quot;zip&quot;:&quot;&quot;}" latitude="37.7774279740594" longitude="-122.459725245285" needs_recoding="false"/></row>