<?xml version="1.0" encoding="UTF-8"?><row _id="11093814" _uuid="0D49C5C5-F292-4E1D-BBC7-C88AEFB8CCE4" _position="11093814" _address="http://data.sfgov.org/resource/ritf-b9ki/11093814"><incidntnum>150014636</incidntnum><category>VANDALISM</category><descript>MALICIOUS MISCHIEF, VANDALISM OF VEHICLES</descript><dayofweek>Monday</dayofweek><date>2015-01-05T00:00:00</date><time>21:30</time><pddistrict>MISSION</pddistrict><resolution>NONE</resolution><address>2000 Block of MARKET ST</address><x>-122.427682264817</x><y>37.7683148008502</y><location human_address="{&quot;address&quot;:&quot;&quot;,&quot;city&quot;:&quot;&quot;,&quot;state&quot;:&quot;&quot;,&quot;zip&quot;:&quot;&quot;}" latitude="37.7683148008502" longitude="-122.427682264817" needs_recoding="false"/></row>