<?xml version="1.0" encoding="UTF-8"?><row _id="10888591" _uuid="FC65D3F5-752D-4E6B-9760-72B8338FB0FF" _position="10888591" _address="http://data.sfgov.org/resource/ritf-b9ki/10888591"><incidntnum>150013785</incidntnum><category>ASSAULT</category><descript>BATTERY</descript><dayofweek>Monday</dayofweek><date>2015-01-05T00:00:00</date><time>16:15</time><pddistrict>SOUTHERN</pddistrict><resolution>NONE</resolution><address>1000 Block of MISSION ST</address><x>-122.409795194505</x><y>37.7800356268394</y><location human_address="{&quot;address&quot;:&quot;&quot;,&quot;city&quot;:&quot;&quot;,&quot;state&quot;:&quot;&quot;,&quot;zip&quot;:&quot;&quot;}" latitude="37.7800356268394" longitude="-122.409795194505" needs_recoding="false"/></row>