<?xml version="1.0" encoding="UTF-8"?><row _id="11707026" _uuid="9EF2B27A-40F0-4CBD-899A-B6BECBC7AA2A" _position="11707026" _address="http://data.sfgov.org/resource/ritf-b9ki/11707026"><incidntnum>150027247</incidntnum><category>NON-CRIMINAL</category><descript>FOUND PROPERTY</descript><dayofweek>Friday</dayofweek><date>2015-01-09T00:00:00</date><time>12:00</time><pddistrict>MISSION</pddistrict><resolution>NONE</resolution><address>16TH ST / MISSION ST</address><x>-122.419671780296</x><y>37.7650501214668</y><location human_address="{&quot;address&quot;:&quot;&quot;,&quot;city&quot;:&quot;&quot;,&quot;state&quot;:&quot;&quot;,&quot;zip&quot;:&quot;&quot;}" latitude="37.7650501214668" longitude="-122.419671780296" needs_recoding="false"/></row>