<?xml version="1.0" encoding="UTF-8"?><row _id="11551779" _uuid="7115D0B7-7F56-46B2-9C7E-6ACF58467F74" _position="11551779" _address="http://data.sfgov.org/resource/ritf-b9ki/11551779"><incidntnum>156006431</incidntnum><category>LARCENY/THEFT</category><descript>PETTY THEFT OF PROPERTY</descript><dayofweek>Wednesday</dayofweek><date>2015-01-07T00:00:00</date><time>09:35</time><pddistrict>CENTRAL</pddistrict><resolution>NONE</resolution><address>SUTTER ST / MASON ST</address><x>-122.410246553741</x><y>37.7890162035598</y><location human_address="{&quot;address&quot;:&quot;&quot;,&quot;city&quot;:&quot;&quot;,&quot;state&quot;:&quot;&quot;,&quot;zip&quot;:&quot;&quot;}" latitude="37.7890162035598" longitude="-122.410246553741" needs_recoding="false"/></row>