<?xml version="1.0" encoding="UTF-8"?><row _id="12199250" _uuid="19452DC0-89EC-401A-B4E8-EADD7CE625E5" _position="12199250" _address="http://data.sfgov.org/resource/ritf-b9ki/12199250"><incidntnum>150029271</incidntnum><category>VANDALISM</category><descript>MALICIOUS MISCHIEF, VANDALISM OF VEHICLES</descript><dayofweek>Saturday</dayofweek><date>2015-01-10T00:00:00</date><time>10:45</time><pddistrict>NORTHERN</pddistrict><resolution>NONE</resolution><address>3100 Block of FILLMORE ST</address><x>-122.435795989446</x><y>37.7982569877565</y><location human_address="{&quot;address&quot;:&quot;&quot;,&quot;city&quot;:&quot;&quot;,&quot;state&quot;:&quot;&quot;,&quot;zip&quot;:&quot;&quot;}" latitude="37.7982569877565" longitude="-122.435795989446" needs_recoding="false"/></row>