<?xml version="1.0" encoding="UTF-8"?><row _id="11935638" _uuid="48B321BF-D541-4E5D-9C14-E0EE654AC3F1" _position="11935638" _address="http://data.sfgov.org/resource/ritf-b9ki/11935638"><incidntnum>150101487</incidntnum><category>LARCENY/THEFT</category><descript>GRAND THEFT FROM A BUILDING</descript><dayofweek>Monday</dayofweek><date>2015-01-05T00:00:00</date><time>00:01</time><pddistrict>BAYVIEW</pddistrict><resolution>NONE</resolution><address>1300 Block of VANDYKE AV</address><x>-122.387714321434</x><y>37.7265698157203</y><location human_address="{&quot;address&quot;:&quot;&quot;,&quot;city&quot;:&quot;&quot;,&quot;state&quot;:&quot;&quot;,&quot;zip&quot;:&quot;&quot;}" latitude="37.7265698157203" longitude="-122.387714321434" needs_recoding="false"/></row>