<?xml version="1.0" encoding="UTF-8"?><row _id="12233295" _uuid="B46F96B2-06CA-408D-914B-AB496B400976" _position="12233295" _address="http://data.sfgov.org/resource/ritf-b9ki/12233295"><incidntnum>150037387</incidntnum><category>NON-CRIMINAL</category><descript>DEATH REPORT, CAUSE UNKNOWN</descript><dayofweek>Sunday</dayofweek><date>2015-01-11T00:00:00</date><time>17:00</time><pddistrict>TENDERLOIN</pddistrict><resolution>NONE</resolution><address>100 Block of EDDY ST</address><x>-122.410157073911</x><y>37.7842973843312</y><location human_address="{&quot;address&quot;:&quot;&quot;,&quot;city&quot;:&quot;&quot;,&quot;state&quot;:&quot;&quot;,&quot;zip&quot;:&quot;&quot;}" latitude="37.7842973843312" longitude="-122.410157073911" needs_recoding="false"/></row>