<?xml version="1.0" encoding="UTF-8"?><row _id="11333786" _uuid="8066CC60-C6CB-4354-9A05-B44CDA84588A" _position="11333786" _address="http://data.sfgov.org/resource/ritf-b9ki/11333786"><incidntnum>150023665</incidntnum><category>DRUG/NARCOTIC</category><descript>POSSESSION OF NARCOTICS PARAPHERNALIA</descript><dayofweek>Thursday</dayofweek><date>2015-01-08T00:00:00</date><time>16:05</time><pddistrict>MISSION</pddistrict><resolution>NONE</resolution><address>1000 Block of POTRERO AV</address><x>-122.406539115148</x><y>37.7564864109309</y><location human_address="{&quot;address&quot;:&quot;&quot;,&quot;city&quot;:&quot;&quot;,&quot;state&quot;:&quot;&quot;,&quot;zip&quot;:&quot;&quot;}" latitude="37.7564864109309" longitude="-122.406539115148" needs_recoding="false"/></row>