<?xml version="1.0" encoding="UTF-8"?><row _id="11492433" _uuid="B57C0D8D-668A-450C-A5AB-1F3B2323CBF9" _position="11492433" _address="http://data.sfgov.org/resource/ritf-b9ki/11492433"><incidntnum>150020887</incidntnum><category>LARCENY/THEFT</category><descript>PETTY THEFT FROM A BUILDING</descript><dayofweek>Wednesday</dayofweek><date>2015-01-07T00:00:00</date><time>09:00</time><pddistrict>NORTHERN</pddistrict><resolution>NONE</resolution><address>1000 Block of POLK ST</address><x>-122.419858277339</x><y>37.786137125238</y><location human_address="{&quot;address&quot;:&quot;&quot;,&quot;city&quot;:&quot;&quot;,&quot;state&quot;:&quot;&quot;,&quot;zip&quot;:&quot;&quot;}" latitude="37.786137125238" longitude="-122.419858277339" needs_recoding="false"/></row>