<?xml version="1.0" encoding="UTF-8"?><row _id="11560166" _uuid="AF9AE321-58C0-4F0C-93A1-C54E30F46CE4" _position="11560166" _address="http://data.sfgov.org/resource/ritf-b9ki/11560166"><incidntnum>150020382</incidntnum><category>BURGLARY</category><descript>BURGLARY OF RESIDENCE, FORCIBLE ENTRY</descript><dayofweek>Wednesday</dayofweek><date>2015-01-07T00:00:00</date><time>06:40</time><pddistrict>TARAVAL</pddistrict><resolution>NONE</resolution><address>0 Block of DELONG ST</address><x>-122.458369929336</x><y>37.7097257872629</y><location human_address="{&quot;address&quot;:&quot;&quot;,&quot;city&quot;:&quot;&quot;,&quot;state&quot;:&quot;&quot;,&quot;zip&quot;:&quot;&quot;}" latitude="37.7097257872629" longitude="-122.458369929336" needs_recoding="false"/></row>