<?xml version="1.0" encoding="UTF-8"?><row _id="10899053" _uuid="54A756A4-F6A6-4913-85AC-71FBCAF96894" _position="10899053" _address="http://data.sfgov.org/resource/ritf-b9ki/10899053"><incidntnum>150018951</incidntnum><category>LARCENY/THEFT</category><descript>GRAND THEFT FROM LOCKED AUTO</descript><dayofweek>Tuesday</dayofweek><date>2015-01-06T00:00:00</date><time>14:30</time><pddistrict>RICHMOND</pddistrict><resolution>NONE</resolution><address>25TH AV / MARTIN LUTHER KING JR DR</address><x>-122.482372245817</x><y>37.7667702165366</y><location human_address="{&quot;address&quot;:&quot;&quot;,&quot;city&quot;:&quot;&quot;,&quot;state&quot;:&quot;&quot;,&quot;zip&quot;:&quot;&quot;}" latitude="37.7667702165366" longitude="-122.482372245817" needs_recoding="false"/></row>