<?xml version="1.0" encoding="UTF-8"?><row _id="11455754" _uuid="13B5F450-49C7-4A71-9235-C6F705A04EBD" _position="11455754" _address="http://data.sfgov.org/resource/ritf-b9ki/11455754"><incidntnum>150008388</incidntnum><category>BURGLARY</category><descript>BURGLARY OF APARTMENT HOUSE, UNLAWFUL ENTRY</descript><dayofweek>Saturday</dayofweek><date>2015-01-03T00:00:00</date><time>18:00</time><pddistrict>SOUTHERN</pddistrict><resolution>ARREST, BOOKED</resolution><address>0 Block of ESSEX ST</address><x>-122.395062469002</x><y>37.7859930647181</y><location human_address="{&quot;address&quot;:&quot;&quot;,&quot;city&quot;:&quot;&quot;,&quot;state&quot;:&quot;&quot;,&quot;zip&quot;:&quot;&quot;}" latitude="37.7859930647181" longitude="-122.395062469002" needs_recoding="false"/></row>