<?xml version="1.0" encoding="UTF-8"?><row _id="11170062" _uuid="141A5765-2FF2-46AB-8505-AACC8ED5B3BA" _position="11170062" _address="http://data.sfgov.org/resource/ritf-b9ki/11170062"><incidntnum>150007017</incidntnum><category>VANDALISM</category><descript>MALICIOUS MISCHIEF, VANDALISM</descript><dayofweek>Friday</dayofweek><date>2015-01-02T00:00:00</date><time>22:00</time><pddistrict>CENTRAL</pddistrict><resolution>NONE</resolution><address>1200 Block of PACIFIC AV</address><x>-122.415834067071</x><y>37.795717449877</y><location human_address="{&quot;address&quot;:&quot;&quot;,&quot;city&quot;:&quot;&quot;,&quot;state&quot;:&quot;&quot;,&quot;zip&quot;:&quot;&quot;}" latitude="37.795717449877" longitude="-122.415834067071" needs_recoding="false"/></row>