<?xml version="1.0" encoding="UTF-8"?><row _id="11064236" _uuid="081BDDEA-E4CB-414F-93A3-9EF8766F0429" _position="11064236" _address="http://data.sfgov.org/resource/ritf-b9ki/11064236"><incidntnum>150088794</incidntnum><category>LARCENY/THEFT</category><descript>PETTY THEFT MOTORCYCLE STRIP</descript><dayofweek>Thursday</dayofweek><date>2015-01-29T00:00:00</date><time>07:30</time><pddistrict>MISSION</pddistrict><resolution>NONE</resolution><address>1100 Block of VERMONT ST</address><x>-122.403651923293</x><y>37.7550782145996</y><location human_address="{&quot;address&quot;:&quot;&quot;,&quot;city&quot;:&quot;&quot;,&quot;state&quot;:&quot;&quot;,&quot;zip&quot;:&quot;&quot;}" latitude="37.7550782145996" longitude="-122.403651923293" needs_recoding="false"/></row>