<?xml version="1.0" encoding="UTF-8"?><row _id="12375584" _uuid="1F05F064-63FB-49DB-A6AB-D7A776C5FF02" _position="12375584" _address="http://data.sfgov.org/resource/ritf-b9ki/12375584"><incidntnum>150036420</incidntnum><category>WARRANTS</category><descript>ENROUTE TO PAROLE OFFICER</descript><dayofweek>Monday</dayofweek><date>2015-01-12T00:00:00</date><time>21:12</time><pddistrict>NORTHERN</pddistrict><resolution>ARREST, BOOKED</resolution><address>LAGUNA ST / HICKORY ST</address><x>-122.425979454387</x><y>37.7750476564489</y><location human_address="{&quot;address&quot;:&quot;&quot;,&quot;city&quot;:&quot;&quot;,&quot;state&quot;:&quot;&quot;,&quot;zip&quot;:&quot;&quot;}" latitude="37.7750476564489" longitude="-122.425979454387" needs_recoding="false"/></row>