<?xml version="1.0" encoding="UTF-8"?><row _id="12133243" _uuid="748F30E9-2ECE-4032-B202-663644EF6953" _position="12133243" _address="http://data.sfgov.org/resource/ritf-b9ki/12133243"><incidntnum>150006837</incidntnum><category>WEAPON LAWS</category><descript>CARRYING OF CONCEALED WEAPON BY CONVICTED FELON</descript><dayofweek>Saturday</dayofweek><date>2015-01-03T00:00:00</date><time>11:35</time><pddistrict>MISSION</pddistrict><resolution>ARREST, BOOKED</resolution><address>25TH ST / OSAGE ST</address><x>-122.418862681557</x><y>37.7506062363965</y><location human_address="{&quot;address&quot;:&quot;&quot;,&quot;city&quot;:&quot;&quot;,&quot;state&quot;:&quot;&quot;,&quot;zip&quot;:&quot;&quot;}" latitude="37.7506062363965" longitude="-122.418862681557" needs_recoding="false"/></row>