<?xml version="1.0" encoding="UTF-8"?><row _id="11091864" _uuid="97D00FD0-F037-4D35-9DBE-5429F5220D9B" _position="11091864" _address="http://data.sfgov.org/resource/ritf-b9ki/11091864"><incidntnum>150041504</incidntnum><category>DRUG/NARCOTIC</category><descript>SALE OF BASE/ROCK COCAINE</descript><dayofweek>Wednesday</dayofweek><date>2015-01-14T00:00:00</date><time>14:25</time><pddistrict>NORTHERN</pddistrict><resolution>ARREST, BOOKED</resolution><address>800 Block of LARKIN ST</address><x>-122.417885441042</x><y>37.7854378471968</y><location human_address="{&quot;address&quot;:&quot;&quot;,&quot;city&quot;:&quot;&quot;,&quot;state&quot;:&quot;&quot;,&quot;zip&quot;:&quot;&quot;}" latitude="37.7854378471968" longitude="-122.417885441042" needs_recoding="false"/></row>