<?xml version="1.0" encoding="UTF-8"?><row _id="11450276" _uuid="8EB143F3-174F-43D1-9ABA-45576336CEB9" _position="11450276" _address="http://data.sfgov.org/resource/ritf-b9ki/11450276"><incidntnum>150017301</incidntnum><category>DRUG/NARCOTIC</category><descript>PLANTING/CULTIVATING MARIJUANA</descript><dayofweek>Tuesday</dayofweek><date>2015-01-06T00:00:00</date><time>15:17</time><pddistrict>TARAVAL</pddistrict><resolution>ARREST, BOOKED</resolution><address>2100 Block of RIVERA ST</address><x>-122.489349045404</x><y>37.7461333417376</y><location human_address="{&quot;address&quot;:&quot;&quot;,&quot;city&quot;:&quot;&quot;,&quot;state&quot;:&quot;&quot;,&quot;zip&quot;:&quot;&quot;}" latitude="37.7461333417376" longitude="-122.489349045404" needs_recoding="false"/></row>