<?xml version="1.0" encoding="UTF-8"?><row _id="11180628" _uuid="88F4826E-316F-434C-8245-A3910462799B" _position="11180628" _address="http://data.sfgov.org/resource/ritf-b9ki/11180628"><incidntnum>150021001</incidntnum><category>NON-CRIMINAL</category><descript>AIDED CASE, MENTAL DISTURBED</descript><dayofweek>Wednesday</dayofweek><date>2015-01-07T00:00:00</date><time>19:00</time><pddistrict>TARAVAL</pddistrict><resolution>NONE</resolution><address>1800 Block of VICENTE ST</address><x>-122.48560378101</x><y>37.7388214326705</y><location human_address="{&quot;address&quot;:&quot;&quot;,&quot;city&quot;:&quot;&quot;,&quot;state&quot;:&quot;&quot;,&quot;zip&quot;:&quot;&quot;}" latitude="37.7388214326705" longitude="-122.48560378101" needs_recoding="false"/></row>