<?xml version="1.0" encoding="UTF-8"?><row _id="11208142" _uuid="1F7CC820-6B19-4CF8-A705-1C1776C26E18" _position="11208142" _address="http://data.sfgov.org/resource/ritf-b9ki/11208142"><incidntnum>150018280</incidntnum><category>LARCENY/THEFT</category><descript>GRAND THEFT FROM LOCKED AUTO</descript><dayofweek>Tuesday</dayofweek><date>2015-01-06T00:00:00</date><time>20:30</time><pddistrict>CENTRAL</pddistrict><resolution>NONE</resolution><address>2700 Block of TAYLOR ST</address><x>-122.415642825776</x><y>37.8077624944954</y><location human_address="{&quot;address&quot;:&quot;&quot;,&quot;city&quot;:&quot;&quot;,&quot;state&quot;:&quot;&quot;,&quot;zip&quot;:&quot;&quot;}" latitude="37.8077624944954" longitude="-122.415642825776" needs_recoding="false"/></row>