<?xml version="1.0" encoding="UTF-8"?><row _id="12136528" _uuid="2850372F-2699-4DEF-8818-5D47B2A62D8A" _position="12136528" _address="http://data.sfgov.org/resource/ritf-b9ki/12136528"><incidntnum>150016096</incidntnum><category>DRUG/NARCOTIC</category><descript>POSSESSION OF NARCOTICS PARAPHERNALIA</descript><dayofweek>Tuesday</dayofweek><date>2015-01-06T00:00:00</date><time>10:38</time><pddistrict>MISSION</pddistrict><resolution>NONE</resolution><address>2200 Block of MARKET ST</address><x>-122.432198022433</x><y>37.7651107322703</y><location human_address="{&quot;address&quot;:&quot;&quot;,&quot;city&quot;:&quot;&quot;,&quot;state&quot;:&quot;&quot;,&quot;zip&quot;:&quot;&quot;}" latitude="37.7651107322703" longitude="-122.432198022433" needs_recoding="false"/></row>