<?xml version="1.0" encoding="UTF-8"?><row _id="12632722" _uuid="D151FBD6-F090-4A7E-BB89-71E5D7FE56DF" _position="12632722" _address="http://data.sfgov.org/resource/ritf-b9ki/12632722"><incidntnum>150034816</incidntnum><category>WARRANTS</category><descript>WARRANT ARREST</descript><dayofweek>Monday</dayofweek><date>2015-01-12T00:00:00</date><time>13:03</time><pddistrict>TENDERLOIN</pddistrict><resolution>ARREST, BOOKED</resolution><address>300 Block of TURK ST</address><x>-122.41487855905</x><y>37.7826335031541</y><location human_address="{&quot;address&quot;:&quot;&quot;,&quot;city&quot;:&quot;&quot;,&quot;state&quot;:&quot;&quot;,&quot;zip&quot;:&quot;&quot;}" latitude="37.7826335031541" longitude="-122.41487855905" needs_recoding="false"/></row>