<?xml version="1.0" encoding="UTF-8"?><row _id="11562455" _uuid="CE1BF74B-8ED7-49FF-AFEB-75B2C4F58EC0" _position="11562455" _address="http://data.sfgov.org/resource/ritf-b9ki/11562455"><incidntnum>150004916</incidntnum><category>ASSAULT</category><descript>AGGRAVATED ASSAULT WITH A KNIFE</descript><dayofweek>Friday</dayofweek><date>2015-01-02T00:00:00</date><time>16:56</time><pddistrict>SOUTHERN</pddistrict><resolution>ARREST, BOOKED</resolution><address>900 Block of MINNA ST</address><x>-122.41593235318</x><y>37.7743237451622</y><location human_address="{&quot;address&quot;:&quot;&quot;,&quot;city&quot;:&quot;&quot;,&quot;state&quot;:&quot;&quot;,&quot;zip&quot;:&quot;&quot;}" latitude="37.7743237451622" longitude="-122.41593235318" needs_recoding="false"/></row>