<?xml version="1.0" encoding="UTF-8"?><row _id="11372259" _uuid="A493C3EE-9254-4E03-AC72-E692A58C7AA7" _position="11372259" _address="http://data.sfgov.org/resource/ritf-b9ki/11372259"><incidntnum>150023621</incidntnum><category>LARCENY/THEFT</category><descript>PETTY THEFT SHOPLIFTING</descript><dayofweek>Thursday</dayofweek><date>2015-01-08T00:00:00</date><time>14:06</time><pddistrict>TENDERLOIN</pddistrict><resolution>ARREST, BOOKED</resolution><address>0 Block of OFARRELL ST</address><x>-122.405895369887</x><y>37.7867342184983</y><location human_address="{&quot;address&quot;:&quot;&quot;,&quot;city&quot;:&quot;&quot;,&quot;state&quot;:&quot;&quot;,&quot;zip&quot;:&quot;&quot;}" latitude="37.7867342184983" longitude="-122.405895369887" needs_recoding="false"/></row>