<?xml version="1.0" encoding="UTF-8"?><row _id="12057145" _uuid="CD3ADE26-4934-4010-9D1D-9CB3D0FEE8E6" _position="12057145" _address="http://data.sfgov.org/resource/ritf-b9ki/12057145"><incidntnum>150016353</incidntnum><category>LARCENY/THEFT</category><descript>GRAND THEFT FROM UNLOCKED AUTO</descript><dayofweek>Tuesday</dayofweek><date>2015-01-06T00:00:00</date><time>12:55</time><pddistrict>TENDERLOIN</pddistrict><resolution>NONE</resolution><address>ELLIS ST / LARKIN ST</address><x>-122.417710344726</x><y>37.7842362877887</y><location human_address="{&quot;address&quot;:&quot;&quot;,&quot;city&quot;:&quot;&quot;,&quot;state&quot;:&quot;&quot;,&quot;zip&quot;:&quot;&quot;}" latitude="37.7842362877887" longitude="-122.417710344726" needs_recoding="false"/></row>