<?xml version="1.0" encoding="UTF-8"?><row _id="12430707" _uuid="213D54DD-EAB7-468B-97E3-4941EBDDBC44" _position="12430707" _address="http://data.sfgov.org/resource/ritf-b9ki/12430707"><incidntnum>150022275</incidntnum><category>LARCENY/THEFT</category><descript>PETTY THEFT FROM A BUILDING</descript><dayofweek>Wednesday</dayofweek><date>2015-01-07T00:00:00</date><time>21:00</time><pddistrict>TARAVAL</pddistrict><resolution>NONE</resolution><address>1300 Block of 17TH AV</address><x>-122.474849731001</x><y>37.7627101583588</y><location human_address="{&quot;address&quot;:&quot;&quot;,&quot;city&quot;:&quot;&quot;,&quot;state&quot;:&quot;&quot;,&quot;zip&quot;:&quot;&quot;}" latitude="37.7627101583588" longitude="-122.474849731001" needs_recoding="false"/></row>