<?xml version="1.0" encoding="UTF-8"?><row _id="12632263" _uuid="EF95A343-2A16-4B37-AA25-7B2AC220C6FE" _position="12632263" _address="http://data.sfgov.org/resource/ritf-b9ki/12632263"><incidntnum>150060883</incidntnum><category>LIQUOR LAWS</category><descript>CONSUMING ALCOHOL IN PUBLIC VIEW</descript><dayofweek>Tuesday</dayofweek><date>2015-01-20T00:00:00</date><time>15:00</time><pddistrict>TENDERLOIN</pddistrict><resolution>ARREST, BOOKED</resolution><address>100 Block of OFARRELL ST</address><x>-122.407244087032</x><y>37.7865647607685</y><location human_address="{&quot;address&quot;:&quot;&quot;,&quot;city&quot;:&quot;&quot;,&quot;state&quot;:&quot;&quot;,&quot;zip&quot;:&quot;&quot;}" latitude="37.7865647607685" longitude="-122.407244087032" needs_recoding="false"/></row>