<?xml version="1.0" encoding="UTF-8"?><row _id="12058037" _uuid="364307A3-E45E-4CAB-B57A-E19E0527EBEE" _position="12058037" _address="http://data.sfgov.org/resource/ritf-b9ki/12058037"><incidntnum>150056810</incidntnum><category>NON-CRIMINAL</category><descript>LOST PROPERTY</descript><dayofweek>Saturday</dayofweek><date>2015-01-10T00:00:00</date><time>15:30</time><pddistrict>TENDERLOIN</pddistrict><resolution>NONE</resolution><address>LEAVENWORTH ST / EDDY ST</address><x>-122.414242955907</x><y>37.7837240254478</y><location human_address="{&quot;address&quot;:&quot;&quot;,&quot;city&quot;:&quot;&quot;,&quot;state&quot;:&quot;&quot;,&quot;zip&quot;:&quot;&quot;}" latitude="37.7837240254478" longitude="-122.414242955907" needs_recoding="false"/></row>