<?xml version="1.0" encoding="UTF-8"?><row _id="11076379" _uuid="64BA6E02-0D10-485F-95E5-49A321324B04" _position="11076379" _address="http://data.sfgov.org/resource/ritf-b9ki/11076379"><incidntnum>150092165</incidntnum><category>WARRANTS</category><descript>WARRANT ARREST</descript><dayofweek>Friday</dayofweek><date>2015-01-30T00:00:00</date><time>15:17</time><pddistrict>NORTHERN</pddistrict><resolution>ARREST, BOOKED</resolution><address>EDDY ST / BUCHANAN ST</address><x>-122.429042228256</x><y>37.781845649508</y><location human_address="{&quot;address&quot;:&quot;&quot;,&quot;city&quot;:&quot;&quot;,&quot;state&quot;:&quot;&quot;,&quot;zip&quot;:&quot;&quot;}" latitude="37.781845649508" longitude="-122.429042228256" needs_recoding="false"/></row>