<?xml version="1.0" encoding="UTF-8"?><row _id="12177264" _uuid="43760E57-9409-4D72-B15F-5C43456AD0E8" _position="12177264" _address="http://data.sfgov.org/resource/ritf-b9ki/12177264"><incidntnum>150018995</incidntnum><category>DRUG/NARCOTIC</category><descript>SALE OF MARIJUANA</descript><dayofweek>Wednesday</dayofweek><date>2015-01-07T00:00:00</date><time>09:48</time><pddistrict>SOUTHERN</pddistrict><resolution>ARREST, BOOKED</resolution><address>1000 Block of MARKET ST</address><x>-122.411071423064</x><y>37.7817511307229</y><location human_address="{&quot;address&quot;:&quot;&quot;,&quot;city&quot;:&quot;&quot;,&quot;state&quot;:&quot;&quot;,&quot;zip&quot;:&quot;&quot;}" latitude="37.7817511307229" longitude="-122.411071423064" needs_recoding="false"/></row>