<?xml version="1.0" encoding="UTF-8"?><row _id="12507001" _uuid="7E27603A-7D61-4DFB-804B-54551B7F9B0A" _position="12507001" _address="http://data.sfgov.org/resource/ritf-b9ki/12507001"><incidntnum>156002304</incidntnum><category>VANDALISM</category><descript>MALICIOUS MISCHIEF, VANDALISM OF VEHICLES</descript><dayofweek>Friday</dayofweek><date>2015-01-02T00:00:00</date><time>18:00</time><pddistrict>SOUTHERN</pddistrict><resolution>NONE</resolution><address>800 Block of BRYANT ST</address><x>-122.403404791479</x><y>37.775420706711</y><location human_address="{&quot;address&quot;:&quot;&quot;,&quot;city&quot;:&quot;&quot;,&quot;state&quot;:&quot;&quot;,&quot;zip&quot;:&quot;&quot;}" latitude="37.775420706711" longitude="-122.403404791479" needs_recoding="false"/></row>