<?xml version="1.0" encoding="UTF-8"?><row _id="11667081" _uuid="3B6D168A-2E9F-4ED2-88E3-FB202FC5C27D" _position="11667081" _address="http://data.sfgov.org/resource/ritf-b9ki/11667081"><incidntnum>150014777</incidntnum><category>OTHER OFFENSES</category><descript>MISCELLANEOUS INVESTIGATION</descript><dayofweek>Monday</dayofweek><date>2015-01-05T00:00:00</date><time>19:30</time><pddistrict>TARAVAL</pddistrict><resolution>NONE</resolution><address>2400 Block of 30TH AV</address><x>-122.487341103078</x><y>37.7415828399394</y><location human_address="{&quot;address&quot;:&quot;&quot;,&quot;city&quot;:&quot;&quot;,&quot;state&quot;:&quot;&quot;,&quot;zip&quot;:&quot;&quot;}" latitude="37.7415828399394" longitude="-122.487341103078" needs_recoding="false"/></row>