<?xml version="1.0" encoding="UTF-8"?><row _id="11807012" _uuid="D5375E62-7959-4E9A-B70B-E4C0C62A8D62" _position="11807012" _address="http://data.sfgov.org/resource/ritf-b9ki/11807012"><incidntnum>156002279</incidntnum><category>VANDALISM</category><descript>MALICIOUS MISCHIEF, VANDALISM OF VEHICLES</descript><dayofweek>Friday</dayofweek><date>2015-01-02T00:00:00</date><time>23:00</time><pddistrict>NORTHERN</pddistrict><resolution>NONE</resolution><address>CEDAR ST / VANNESS AV</address><x>-122.421477162118</x><y>37.7861527352201</y><location human_address="{&quot;address&quot;:&quot;&quot;,&quot;city&quot;:&quot;&quot;,&quot;state&quot;:&quot;&quot;,&quot;zip&quot;:&quot;&quot;}" latitude="37.7861527352201" longitude="-122.421477162118" needs_recoding="false"/></row>