<?xml version="1.0" encoding="UTF-8"?><row _id="11208974" _uuid="63B0E7FA-7B17-41F0-9D72-7B8DB990185F" _position="11208974" _address="http://data.sfgov.org/resource/ritf-b9ki/11208974"><incidntnum>150006097</incidntnum><category>NON-CRIMINAL</category><descript>LOST PROPERTY</descript><dayofweek>Saturday</dayofweek><date>2015-01-03T00:00:00</date><time>00:50</time><pddistrict>PARK</pddistrict><resolution>NONE</resolution><address>FELL ST / DIVISADERO ST</address><x>-122.437612766191</x><y>37.7740604119579</y><location human_address="{&quot;address&quot;:&quot;&quot;,&quot;city&quot;:&quot;&quot;,&quot;state&quot;:&quot;&quot;,&quot;zip&quot;:&quot;&quot;}" latitude="37.7740604119579" longitude="-122.437612766191" needs_recoding="false"/></row>