<?xml version="1.0" encoding="UTF-8"?><row _id="11685059" _uuid="8C27B68D-FE7B-450B-98DF-F153AFE3EA9A" _position="11685059" _address="http://data.sfgov.org/resource/ritf-b9ki/11685059"><incidntnum>150024823</incidntnum><category>NON-CRIMINAL</category><descript>FOUND PROPERTY</descript><dayofweek>Thursday</dayofweek><date>2015-01-08T00:00:00</date><time>23:05</time><pddistrict>BAYVIEW</pddistrict><resolution>NONE</resolution><address>200 Block of WILLIAMS AV</address><x>-122.397744427103</x><y>37.7299346936044</y><location human_address="{&quot;address&quot;:&quot;&quot;,&quot;city&quot;:&quot;&quot;,&quot;state&quot;:&quot;&quot;,&quot;zip&quot;:&quot;&quot;}" latitude="37.7299346936044" longitude="-122.397744427103" needs_recoding="false"/></row>