<?xml version="1.0" encoding="UTF-8"?><row _id="11143759" _uuid="7A612F9F-72E0-45E3-B861-46F65AF348FA" _position="11143759" _address="http://data.sfgov.org/resource/ritf-b9ki/11143759"><incidntnum>150016416</incidntnum><category>SUSPICIOUS OCC</category><descript>SUSPICIOUS OCCURRENCE</descript><dayofweek>Tuesday</dayofweek><date>2015-01-06T00:00:00</date><time>12:45</time><pddistrict>INGLESIDE</pddistrict><resolution>NONE</resolution><address>800 Block of CORTLAND AV</address><x>-122.41425511299</x><y>37.7389606166793</y><location human_address="{&quot;address&quot;:&quot;&quot;,&quot;city&quot;:&quot;&quot;,&quot;state&quot;:&quot;&quot;,&quot;zip&quot;:&quot;&quot;}" latitude="37.7389606166793" longitude="-122.41425511299" needs_recoding="false"/></row>