<?xml version="1.0" encoding="UTF-8"?><row _id="11227179" _uuid="E54E49C5-2D6C-49DA-B548-50F50669DBA5" _position="11227179" _address="http://data.sfgov.org/resource/ritf-b9ki/11227179"><incidntnum>150045465</incidntnum><category>SUSPICIOUS OCC</category><descript>INVESTIGATIVE DETENTION</descript><dayofweek>Thursday</dayofweek><date>2015-01-15T00:00:00</date><time>16:36</time><pddistrict>INGLESIDE</pddistrict><resolution>ARREST, BOOKED</resolution><address>200 Block of PORTOLA DR</address><x>-122.444276468858</x><y>37.7484965077695</y><location human_address="{&quot;address&quot;:&quot;&quot;,&quot;city&quot;:&quot;&quot;,&quot;state&quot;:&quot;&quot;,&quot;zip&quot;:&quot;&quot;}" latitude="37.7484965077695" longitude="-122.444276468858" needs_recoding="false"/></row>