<?xml version="1.0" encoding="UTF-8"?><row _id="11957722" _uuid="D5BEE999-B9C8-4CCF-B778-40ACAE7D2090" _position="11957722" _address="http://data.sfgov.org/resource/ritf-b9ki/11957722"><incidntnum>150014711</incidntnum><category>LARCENY/THEFT</category><descript>GRAND THEFT FROM LOCKED AUTO</descript><dayofweek>Monday</dayofweek><date>2015-01-05T00:00:00</date><time>19:00</time><pddistrict>CENTRAL</pddistrict><resolution>NONE</resolution><address>MASON ST / PINE ST</address><x>-122.410626812815</x><y>37.790880683394</y><location human_address="{&quot;address&quot;:&quot;&quot;,&quot;city&quot;:&quot;&quot;,&quot;state&quot;:&quot;&quot;,&quot;zip&quot;:&quot;&quot;}" latitude="37.790880683394" longitude="-122.410626812815" needs_recoding="false"/></row>