<?xml version="1.0" encoding="UTF-8"?><row _id="11400173" _uuid="405F60E5-A190-4C17-865A-FD6B63970A27" _position="11400173" _address="http://data.sfgov.org/resource/ritf-b9ki/11400173"><incidntnum>150062475</incidntnum><category>WARRANTS</category><descript>ENROUTE TO OUTSIDE JURISDICTION</descript><dayofweek>Wednesday</dayofweek><date>2015-01-21T00:00:00</date><time>01:08</time><pddistrict>NORTHERN</pddistrict><resolution>ARREST, BOOKED</resolution><address>2200 Block of VANNESS AV</address><x>-122.423340546898</x><y>37.7962454397193</y><location human_address="{&quot;address&quot;:&quot;&quot;,&quot;city&quot;:&quot;&quot;,&quot;state&quot;:&quot;&quot;,&quot;zip&quot;:&quot;&quot;}" latitude="37.7962454397193" longitude="-122.423340546898" needs_recoding="false"/></row>