<?xml version="1.0" encoding="UTF-8"?><row _id="11223114" _uuid="E9423054-5972-4022-9F18-3CB1D4839337" _position="11223114" _address="http://data.sfgov.org/resource/ritf-b9ki/11223114"><incidntnum>150009756</incidntnum><category>ASSAULT</category><descript>ELDER ADULT OR DEPENDENT ABUSE (NOT EMBEZZLEMENT OR THEFT)</descript><dayofweek>Sunday</dayofweek><date>2015-01-04T00:00:00</date><time>11:20</time><pddistrict>SOUTHERN</pddistrict><resolution>ARREST, BOOKED</resolution><address>6TH ST / CLARA ST</address><x>-122.404608556416</x><y>37.7776995229633</y><location human_address="{&quot;address&quot;:&quot;&quot;,&quot;city&quot;:&quot;&quot;,&quot;state&quot;:&quot;&quot;,&quot;zip&quot;:&quot;&quot;}" latitude="37.7776995229633" longitude="-122.404608556416" needs_recoding="false"/></row>