<?xml version="1.0" encoding="UTF-8"?><row _id="11934546" _uuid="A60C8546-409D-4A90-96D6-83B97A3D2D75" _position="11934546" _address="http://data.sfgov.org/resource/ritf-b9ki/11934546"><incidntnum>156004413</incidntnum><category>LARCENY/THEFT</category><descript>PETTY THEFT OF PROPERTY</descript><dayofweek>Saturday</dayofweek><date>2015-01-03T00:00:00</date><time>23:55</time><pddistrict>SOUTHERN</pddistrict><resolution>NONE</resolution><address>300 Block of 11TH ST</address><x>-122.413189430011</x><y>37.7712736913576</y><location human_address="{&quot;address&quot;:&quot;&quot;,&quot;city&quot;:&quot;&quot;,&quot;state&quot;:&quot;&quot;,&quot;zip&quot;:&quot;&quot;}" latitude="37.7712736913576" longitude="-122.413189430011" needs_recoding="false"/></row>