<?xml version="1.0" encoding="UTF-8"?><row _id="11514515" _uuid="E4A72E17-FF82-4366-AE60-19FFDAE9E882" _position="11514515" _address="http://data.sfgov.org/resource/ritf-b9ki/11514515"><incidntnum>150104027</incidntnum><category>VANDALISM</category><descript>MALICIOUS MISCHIEF, GRAFFITI</descript><dayofweek>Friday</dayofweek><date>2015-01-02T00:00:00</date><time>19:00</time><pddistrict>PARK</pddistrict><resolution>NONE</resolution><address>1700 Block of HAIGHT ST</address><x>-122.451314447797</x><y>37.7695046066162</y><location human_address="{&quot;address&quot;:&quot;&quot;,&quot;city&quot;:&quot;&quot;,&quot;state&quot;:&quot;&quot;,&quot;zip&quot;:&quot;&quot;}" latitude="37.7695046066162" longitude="-122.451314447797" needs_recoding="false"/></row>