<?xml version="1.0" encoding="UTF-8"?><row _id="11678304" _uuid="1CF99EFD-87B9-49B6-A015-02B353DCE9C6" _position="11678304" _address="http://data.sfgov.org/resource/ritf-b9ki/11678304"><incidntnum>150005726</incidntnum><category>LARCENY/THEFT</category><descript>PETTY THEFT FROM A BUILDING</descript><dayofweek>Friday</dayofweek><date>2015-01-02T00:00:00</date><time>19:20</time><pddistrict>SOUTHERN</pddistrict><resolution>ARREST, BOOKED</resolution><address>1500 Block of MISSION ST</address><x>-122.417975390351</x><y>37.7737509379648</y><location human_address="{&quot;address&quot;:&quot;&quot;,&quot;city&quot;:&quot;&quot;,&quot;state&quot;:&quot;&quot;,&quot;zip&quot;:&quot;&quot;}" latitude="37.7737509379648" longitude="-122.417975390351" needs_recoding="false"/></row>