<?xml version="1.0" encoding="UTF-8"?><row _id="12644433" _uuid="840E96A4-1CFF-4BF4-99FD-7EEB7664CA02" _position="12644433" _address="http://data.sfgov.org/resource/ritf-b9ki/12644433"><incidntnum>150042483</incidntnum><category>FRAUD</category><descript>CREDIT CARD, THEFT BY USE OF</descript><dayofweek>Wednesday</dayofweek><date>2015-01-14T00:00:00</date><time>08:15</time><pddistrict>SOUTHERN</pddistrict><resolution>ARREST, BOOKED</resolution><address>800 Block of MISSION ST</address><x>-122.405395493939</x><y>37.7835100715421</y><location human_address="{&quot;address&quot;:&quot;&quot;,&quot;city&quot;:&quot;&quot;,&quot;state&quot;:&quot;&quot;,&quot;zip&quot;:&quot;&quot;}" latitude="37.7835100715421" longitude="-122.405395493939" needs_recoding="false"/></row>