<?xml version="1.0" encoding="UTF-8"?><row _id="11016552" _uuid="93F82EE6-40FD-4003-AD45-244503EAEA23" _position="11016552" _address="http://data.sfgov.org/resource/ritf-b9ki/11016552"><incidntnum>150023314</incidntnum><category>FORGERY/COUNTERFEITING</category><descript>CHECKS, FORGERY (FELONY)</descript><dayofweek>Thursday</dayofweek><date>2015-01-08T00:00:00</date><time>13:43</time><pddistrict>PARK</pddistrict><resolution>EXCEPTIONAL CLEARANCE</resolution><address>1900 Block of HAYES ST</address><x>-122.448511700788</x><y>37.7735725810079</y><location human_address="{&quot;address&quot;:&quot;&quot;,&quot;city&quot;:&quot;&quot;,&quot;state&quot;:&quot;&quot;,&quot;zip&quot;:&quot;&quot;}" latitude="37.7735725810079" longitude="-122.448511700788" needs_recoding="false"/></row>