<?xml version="1.0" encoding="UTF-8"?><row _id="11750852" _uuid="330788E3-7E36-475C-A54A-37F3864D698F" _position="11750852" _address="http://data.sfgov.org/resource/ritf-b9ki/11750852"><incidntnum>150023574</incidntnum><category>LARCENY/THEFT</category><descript>GRAND THEFT FROM LOCKED AUTO</descript><dayofweek>Thursday</dayofweek><date>2015-01-08T00:00:00</date><time>14:30</time><pddistrict>CENTRAL</pddistrict><resolution>NONE</resolution><address>LOMBARD ST / KEARNY ST</address><x>-122.406585891157</x><y>37.8036312634057</y><location human_address="{&quot;address&quot;:&quot;&quot;,&quot;city&quot;:&quot;&quot;,&quot;state&quot;:&quot;&quot;,&quot;zip&quot;:&quot;&quot;}" latitude="37.8036312634057" longitude="-122.406585891157" needs_recoding="false"/></row>