<?xml version="1.0" encoding="UTF-8"?><row _id="12041853" _uuid="BBD0B1CE-F68C-46A1-8053-0812EF0E0DFE" _position="12041853" _address="http://data.sfgov.org/resource/ritf-b9ki/12041853"><incidntnum>150007493</incidntnum><category>LARCENY/THEFT</category><descript>PETTY THEFT FROM LOCKED AUTO</descript><dayofweek>Saturday</dayofweek><date>2015-01-03T00:00:00</date><time>12:30</time><pddistrict>CENTRAL</pddistrict><resolution>NONE</resolution><address>POLK ST / NORTHPOINT ST</address><x>-122.423658369809</x><y>37.8052850926566</y><location human_address="{&quot;address&quot;:&quot;&quot;,&quot;city&quot;:&quot;&quot;,&quot;state&quot;:&quot;&quot;,&quot;zip&quot;:&quot;&quot;}" latitude="37.8052850926566" longitude="-122.423658369809" needs_recoding="false"/></row>