<?xml version="1.0" encoding="UTF-8"?><row _id="11346425" _uuid="4C988EAD-E820-4450-B0A5-642DA9656E46" _position="11346425" _address="http://data.sfgov.org/resource/ritf-b9ki/11346425"><incidntnum>150008269</incidntnum><category>NON-CRIMINAL</category><descript>DEATH REPORT, CAUSE UNKNOWN</descript><dayofweek>Saturday</dayofweek><date>2015-01-03T00:00:00</date><time>19:52</time><pddistrict>NORTHERN</pddistrict><resolution>NONE</resolution><address>3100 Block of GOUGH ST</address><x>-122.42818635313</x><y>37.8023269679902</y><location human_address="{&quot;address&quot;:&quot;&quot;,&quot;city&quot;:&quot;&quot;,&quot;state&quot;:&quot;&quot;,&quot;zip&quot;:&quot;&quot;}" latitude="37.8023269679902" longitude="-122.42818635313" needs_recoding="false"/></row>