<?xml version="1.0" encoding="UTF-8"?><row _id="11241480" _uuid="87AFD587-CE6C-416F-A200-28DF30919CB7" _position="11241480" _address="http://data.sfgov.org/resource/ritf-b9ki/11241480"><incidntnum>150025774</incidntnum><category>ASSAULT</category><descript>THREATS AGAINST LIFE</descript><dayofweek>Friday</dayofweek><date>2015-01-09T00:00:00</date><time>10:16</time><pddistrict>INGLESIDE</pddistrict><resolution>ARREST, BOOKED</resolution><address>1900 Block of SUNNYDALE AV</address><x>-122.417107986993</x><y>37.7122561827524</y><location human_address="{&quot;address&quot;:&quot;&quot;,&quot;city&quot;:&quot;&quot;,&quot;state&quot;:&quot;&quot;,&quot;zip&quot;:&quot;&quot;}" latitude="37.7122561827524" longitude="-122.417107986993" needs_recoding="false"/></row>