<?xml version="1.0" encoding="UTF-8"?><row _id="11436787" _uuid="A3C3E6FC-910B-4F49-836F-F00A1893017B" _position="11436787" _address="http://data.sfgov.org/resource/ritf-b9ki/11436787"><incidntnum>150006815</incidntnum><category>NON-CRIMINAL</category><descript>LOST PROPERTY</descript><dayofweek>Saturday</dayofweek><date>2015-01-03T00:00:00</date><time>10:30</time><pddistrict>CENTRAL</pddistrict><resolution>NONE</resolution><address>STOCKTON ST / WASHINGTON ST</address><x>-122.408083155369</x><y>37.7949405880284</y><location human_address="{&quot;address&quot;:&quot;&quot;,&quot;city&quot;:&quot;&quot;,&quot;state&quot;:&quot;&quot;,&quot;zip&quot;:&quot;&quot;}" latitude="37.7949405880284" longitude="-122.408083155369" needs_recoding="false"/></row>