<?xml version="1.0" encoding="UTF-8"?><row _id="11388841" _uuid="C77D6676-4A90-4799-AAC1-182921F280BF" _position="11388841" _address="http://data.sfgov.org/resource/ritf-b9ki/11388841"><incidntnum>156005477</incidntnum><category>LARCENY/THEFT</category><descript>PETTY THEFT OF PROPERTY</descript><dayofweek>Sunday</dayofweek><date>2015-01-04T00:00:00</date><time>00:30</time><pddistrict>SOUTHERN</pddistrict><resolution>NONE</resolution><address>HARRISON ST / 3RD ST</address><x>-122.397388784826</x><y>37.7825543452426</y><location human_address="{&quot;address&quot;:&quot;&quot;,&quot;city&quot;:&quot;&quot;,&quot;state&quot;:&quot;&quot;,&quot;zip&quot;:&quot;&quot;}" latitude="37.7825543452426" longitude="-122.397388784826" needs_recoding="false"/></row>