<?xml version="1.0" encoding="UTF-8"?><row _id="11254850" _uuid="2CF5822C-2B3D-4469-AB3C-83604EDB4C54" _position="11254850" _address="http://data.sfgov.org/resource/ritf-b9ki/11254850"><incidntnum>150007023</incidntnum><category>LARCENY/THEFT</category><descript>GRAND THEFT FROM LOCKED AUTO</descript><dayofweek>Saturday</dayofweek><date>2015-01-03T00:00:00</date><time>12:00</time><pddistrict>BAYVIEW</pddistrict><resolution>NONE</resolution><address>3800 Block of 3RD ST</address><x>-122.387939452192</x><y>37.7422600519555</y><location human_address="{&quot;address&quot;:&quot;&quot;,&quot;city&quot;:&quot;&quot;,&quot;state&quot;:&quot;&quot;,&quot;zip&quot;:&quot;&quot;}" latitude="37.7422600519555" longitude="-122.387939452192" needs_recoding="false"/></row>