<?xml version="1.0" encoding="UTF-8"?><row _id="11989135" _uuid="EB8CB33E-9808-4EAD-8B96-B098BE193DF0" _position="11989135" _address="http://data.sfgov.org/resource/ritf-b9ki/11989135"><incidntnum>150033335</incidntnum><category>DRUG/NARCOTIC</category><descript>POSSESSION OF COCAINE FOR SALES</descript><dayofweek>Sunday</dayofweek><date>2015-01-11T00:00:00</date><time>23:45</time><pddistrict>INGLESIDE</pddistrict><resolution>ARREST, BOOKED</resolution><address>1600 Block of GENEVA AV</address><x>-122.427966288266</x><y>37.7118229386046</y><location human_address="{&quot;address&quot;:&quot;&quot;,&quot;city&quot;:&quot;&quot;,&quot;state&quot;:&quot;&quot;,&quot;zip&quot;:&quot;&quot;}" latitude="37.7118229386046" longitude="-122.427966288266" needs_recoding="false"/></row>