<?xml version="1.0" encoding="UTF-8"?><row _id="11994195" _uuid="0B2156F0-E584-4FDE-B152-8CC80BD015AE" _position="11994195" _address="http://data.sfgov.org/resource/ritf-b9ki/11994195"><incidntnum>150037989</incidntnum><category>ROBBERY</category><descript>ROBBERY ON THE STREET, STRONGARM</descript><dayofweek>Tuesday</dayofweek><date>2015-01-13T00:00:00</date><time>10:50</time><pddistrict>MISSION</pddistrict><resolution>NONE</resolution><address>14TH ST / JULIAN AV</address><x>-122.42121339889</x><y>37.7681976977245</y><location human_address="{&quot;address&quot;:&quot;&quot;,&quot;city&quot;:&quot;&quot;,&quot;state&quot;:&quot;&quot;,&quot;zip&quot;:&quot;&quot;}" latitude="37.7681976977245" longitude="-122.42121339889" needs_recoding="false"/></row>