<?xml version="1.0" encoding="UTF-8"?><row _id="10918108" _uuid="02ABE249-AD7C-4498-8DCB-747B9C0D5A45" _position="10918108" _address="http://data.sfgov.org/resource/ritf-b9ki/10918108"><incidntnum>150003059</incidntnum><category>LARCENY/THEFT</category><descript>ATTEMPTED THEFT FROM A BUILDING</descript><dayofweek>Friday</dayofweek><date>2015-01-02T00:00:00</date><time>02:00</time><pddistrict>CENTRAL</pddistrict><resolution>NONE</resolution><address>2000 Block of STOCKTON ST</address><x>-122.410051383552</x><y>37.8043917619618</y><location human_address="{&quot;address&quot;:&quot;&quot;,&quot;city&quot;:&quot;&quot;,&quot;state&quot;:&quot;&quot;,&quot;zip&quot;:&quot;&quot;}" latitude="37.8043917619618" longitude="-122.410051383552" needs_recoding="false"/></row>