<?xml version="1.0" encoding="UTF-8"?><row _id="11025169" _uuid="8AF31524-5DC2-4AE1-9BCE-3BCF832F36AF" _position="11025169" _address="http://data.sfgov.org/resource/ritf-b9ki/11025169"><incidntnum>150008316</incidntnum><category>LARCENY/THEFT</category><descript>GRAND THEFT FROM LOCKED AUTO</descript><dayofweek>Saturday</dayofweek><date>2015-01-03T00:00:00</date><time>10:20</time><pddistrict>NORTHERN</pddistrict><resolution>NONE</resolution><address>1000 Block of VANNESS AV</address><x>-122.421092281879</x><y>37.7849996426672</y><location human_address="{&quot;address&quot;:&quot;&quot;,&quot;city&quot;:&quot;&quot;,&quot;state&quot;:&quot;&quot;,&quot;zip&quot;:&quot;&quot;}" latitude="37.7849996426672" longitude="-122.421092281879" needs_recoding="false"/></row>