<?xml version="1.0" encoding="UTF-8"?><row _id="11484920" _uuid="9E1F7B83-0B76-4D15-983D-5B01B9C108C1" _position="11484920" _address="http://data.sfgov.org/resource/ritf-b9ki/11484920"><incidntnum>156013737</incidntnum><category>LARCENY/THEFT</category><descript>GRAND THEFT FROM LOCKED AUTO</descript><dayofweek>Saturday</dayofweek><date>2015-01-17T00:00:00</date><time>10:00</time><pddistrict>RICHMOND</pddistrict><resolution>NONE</resolution><address>0 Block of LUPINE AV</address><x>-122.449390199224</x><y>37.7840952881992</y><location human_address="{&quot;address&quot;:&quot;&quot;,&quot;city&quot;:&quot;&quot;,&quot;state&quot;:&quot;&quot;,&quot;zip&quot;:&quot;&quot;}" latitude="37.7840952881992" longitude="-122.449390199224" needs_recoding="false"/></row>