<?xml version="1.0" encoding="UTF-8"?><row _id="11948223" _uuid="F7413416-5666-4498-AD9F-A7D90695FF94" _position="11948223" _address="http://data.sfgov.org/resource/ritf-b9ki/11948223"><incidntnum>150038119</incidntnum><category>VANDALISM</category><descript>MALICIOUS MISCHIEF, VANDALISM</descript><dayofweek>Tuesday</dayofweek><date>2015-01-13T00:00:00</date><time>12:57</time><pddistrict>CENTRAL</pddistrict><resolution>NONE</resolution><address>400 Block of BAY ST</address><x>-122.414449135147</x><y>37.8055701762625</y><location human_address="{&quot;address&quot;:&quot;&quot;,&quot;city&quot;:&quot;&quot;,&quot;state&quot;:&quot;&quot;,&quot;zip&quot;:&quot;&quot;}" latitude="37.8055701762625" longitude="-122.414449135147" needs_recoding="false"/></row>