<?xml version="1.0" encoding="UTF-8"?><row _id="11367701" _uuid="996FCB28-DFA7-4DFF-86D5-AB9E4308ED52" _position="11367701" _address="http://data.sfgov.org/resource/ritf-b9ki/11367701"><incidntnum>150013898</incidntnum><category>ROBBERY</category><descript>ROBBERY OF A COMMERCIAL ESTABLISHMENT, STRONGARM</descript><dayofweek>Monday</dayofweek><date>2015-01-05T00:00:00</date><time>15:46</time><pddistrict>TARAVAL</pddistrict><resolution>ARREST, BOOKED</resolution><address>3200 Block of 20TH AV</address><x>-122.475647460786</x><y>37.7285280627465</y><location human_address="{&quot;address&quot;:&quot;&quot;,&quot;city&quot;:&quot;&quot;,&quot;state&quot;:&quot;&quot;,&quot;zip&quot;:&quot;&quot;}" latitude="37.7285280627465" longitude="-122.475647460786" needs_recoding="false"/></row>