<?xml version="1.0" encoding="UTF-8"?><row _id="11940638" _uuid="80086857-3D33-4375-B57E-0E2D25F1C341" _position="11940638" _address="http://data.sfgov.org/resource/ritf-b9ki/11940638"><incidntnum>150038153</incidntnum><category>WARRANTS</category><descript>ENROUTE TO OUTSIDE JURISDICTION</descript><dayofweek>Tuesday</dayofweek><date>2015-01-13T00:00:00</date><time>13:30</time><pddistrict>SOUTHERN</pddistrict><resolution>ARREST, BOOKED</resolution><address>0 Block of THE EMBARCADERONORTH ST</address><x>-122.388379873919</x><y>37.7833104067015</y><location human_address="{&quot;address&quot;:&quot;&quot;,&quot;city&quot;:&quot;&quot;,&quot;state&quot;:&quot;&quot;,&quot;zip&quot;:&quot;&quot;}" latitude="37.7833104067015" longitude="-122.388379873919" needs_recoding="false"/></row>