<?xml version="1.0" encoding="UTF-8"?><row _id="11477694" _uuid="99176E51-E233-493B-A3C0-305A7B256CF7" _position="11477694" _address="http://data.sfgov.org/resource/ritf-b9ki/11477694"><incidntnum>150028198</incidntnum><category>ASSAULT</category><descript>AGGRAVATED ASSAULT WITH A KNIFE</descript><dayofweek>Saturday</dayofweek><date>2015-01-10T00:00:00</date><time>01:25</time><pddistrict>MISSION</pddistrict><resolution>NONE</resolution><address>100 Block of ALBION ST</address><x>-122.422667774315</x><y>37.7636452868367</y><location human_address="{&quot;address&quot;:&quot;&quot;,&quot;city&quot;:&quot;&quot;,&quot;state&quot;:&quot;&quot;,&quot;zip&quot;:&quot;&quot;}" latitude="37.7636452868367" longitude="-122.422667774315" needs_recoding="false"/></row>