<?xml version="1.0" encoding="UTF-8"?><row _id="11440475" _uuid="A9A1F744-6276-4FD3-91F2-93C06E7CC560" _position="11440475" _address="http://data.sfgov.org/resource/ritf-b9ki/11440475"><incidntnum>150028502</incidntnum><category>LARCENY/THEFT</category><descript>GRAND THEFT FROM LOCKED AUTO</descript><dayofweek>Friday</dayofweek><date>2015-01-09T00:00:00</date><time>08:00</time><pddistrict>BAYVIEW</pddistrict><resolution>NONE</resolution><address>2000 Block of BAY SHORE BL</address><x>-122.399128823397</x><y>37.7145317461379</y><location human_address="{&quot;address&quot;:&quot;&quot;,&quot;city&quot;:&quot;&quot;,&quot;state&quot;:&quot;&quot;,&quot;zip&quot;:&quot;&quot;}" latitude="37.7145317461379" longitude="-122.399128823397" needs_recoding="false"/></row>