<?xml version="1.0" encoding="UTF-8"?><row _id="12292020" _uuid="4316A738-985C-46EE-8862-884CC5ECF9F3" _position="12292020" _address="http://data.sfgov.org/resource/ritf-b9ki/12292020"><incidntnum>150038664</incidntnum><category>LARCENY/THEFT</category><descript>PETTY THEFT AUTO STRIP</descript><dayofweek>Wednesday</dayofweek><date>2015-01-07T00:00:00</date><time>13:30</time><pddistrict>RICHMOND</pddistrict><resolution>NONE</resolution><address>BALBOA ST / 31ST AV</address><x>-122.490886599162</x><y>37.7760075870925</y><location human_address="{&quot;address&quot;:&quot;&quot;,&quot;city&quot;:&quot;&quot;,&quot;state&quot;:&quot;&quot;,&quot;zip&quot;:&quot;&quot;}" latitude="37.7760075870925" longitude="-122.490886599162" needs_recoding="false"/></row>