<?xml version="1.0" encoding="UTF-8"?><row _id="11797194" _uuid="251D609C-85DF-4570-BEFC-79524F37442C" _position="11797194" _address="http://data.sfgov.org/resource/ritf-b9ki/11797194"><incidntnum>150043055</incidntnum><category>WARRANTS</category><descript>WARRANT ARREST</descript><dayofweek>Wednesday</dayofweek><date>2015-01-14T00:00:00</date><time>22:19</time><pddistrict>INGLESIDE</pddistrict><resolution>ARREST, BOOKED</resolution><address>2900 Block of ALEMANY BL</address><x>-122.452619318946</x><y>37.7116873915892</y><location human_address="{&quot;address&quot;:&quot;&quot;,&quot;city&quot;:&quot;&quot;,&quot;state&quot;:&quot;&quot;,&quot;zip&quot;:&quot;&quot;}" latitude="37.7116873915892" longitude="-122.452619318946" needs_recoding="false"/></row>