<?xml version="1.0" encoding="UTF-8"?><row _id="11498710" _uuid="CC884430-B59D-4776-842F-06D02E1BFC93" _position="11498710" _address="http://data.sfgov.org/resource/ritf-b9ki/11498710"><incidntnum>150026261</incidntnum><category>SECONDARY CODES</category><descript>DOMESTIC VIOLENCE</descript><dayofweek>Wednesday</dayofweek><date>2015-01-07T00:00:00</date><time>02:30</time><pddistrict>NORTHERN</pddistrict><resolution>NONE</resolution><address>EDDY ST / GOUGH ST</address><x>-122.424109315499</x><y>37.7824756422772</y><location human_address="{&quot;address&quot;:&quot;&quot;,&quot;city&quot;:&quot;&quot;,&quot;state&quot;:&quot;&quot;,&quot;zip&quot;:&quot;&quot;}" latitude="37.7824756422772" longitude="-122.424109315499" needs_recoding="false"/></row>