<?xml version="1.0" encoding="UTF-8"?><row _id="11962762" _uuid="4221BA4D-9D85-4C2B-917B-2EBD3DB9A101" _position="11962762" _address="http://data.sfgov.org/resource/ritf-b9ki/11962762"><incidntnum>156008471</incidntnum><category>LARCENY/THEFT</category><descript>GRAND THEFT FROM LOCKED AUTO</descript><dayofweek>Friday</dayofweek><date>2015-01-09T00:00:00</date><time>11:00</time><pddistrict>NORTHERN</pddistrict><resolution>NONE</resolution><address>2000 Block of LOMBARD ST</address><x>-122.435218147193</x><y>37.7998288660666</y><location human_address="{&quot;address&quot;:&quot;&quot;,&quot;city&quot;:&quot;&quot;,&quot;state&quot;:&quot;&quot;,&quot;zip&quot;:&quot;&quot;}" latitude="37.7998288660666" longitude="-122.435218147193" needs_recoding="false"/></row>