<?xml version="1.0" encoding="UTF-8"?><row _id="11384878" _uuid="B1F6587E-5D9C-4249-A885-99EF289249A7" _position="11384878" _address="http://data.sfgov.org/resource/ritf-b9ki/11384878"><incidntnum>150008394</incidntnum><category>VANDALISM</category><descript>MALICIOUS MISCHIEF, VANDALISM</descript><dayofweek>Saturday</dayofweek><date>2015-01-03T00:00:00</date><time>14:00</time><pddistrict>NORTHERN</pddistrict><resolution>ARREST, BOOKED</resolution><address>900 Block of FILLMORE ST</address><x>-122.431739067403</x><y>37.7781662130453</y><location human_address="{&quot;address&quot;:&quot;&quot;,&quot;city&quot;:&quot;&quot;,&quot;state&quot;:&quot;&quot;,&quot;zip&quot;:&quot;&quot;}" latitude="37.7781662130453" longitude="-122.431739067403" needs_recoding="false"/></row>