<?xml version="1.0" encoding="UTF-8"?><row _id="11714988" _uuid="455653E6-2CB2-4741-8D60-AFD668F28BE6" _position="11714988" _address="http://data.sfgov.org/resource/ritf-b9ki/11714988"><incidntnum>150007879</incidntnum><category>ASSAULT</category><descript>STALKING</descript><dayofweek>Saturday</dayofweek><date>2015-01-03T00:00:00</date><time>16:25</time><pddistrict>RICHMOND</pddistrict><resolution>NONE</resolution><address>CHERRY ST / SACRAMENTO ST</address><x>-122.456874644824</x><y>37.7869275300062</y><location human_address="{&quot;address&quot;:&quot;&quot;,&quot;city&quot;:&quot;&quot;,&quot;state&quot;:&quot;&quot;,&quot;zip&quot;:&quot;&quot;}" latitude="37.7869275300062" longitude="-122.456874644824" needs_recoding="false"/></row>