<?xml version="1.0" encoding="UTF-8"?><row _id="11975137" _uuid="8CB66CFF-E5B5-472F-B50D-EDC355C9CC22" _position="11975137" _address="http://data.sfgov.org/resource/ritf-b9ki/11975137"><incidntnum>150010913</incidntnum><category>NON-CRIMINAL</category><descript>FOUND PROPERTY</descript><dayofweek>Sunday</dayofweek><date>2015-01-04T00:00:00</date><time>07:30</time><pddistrict>INGLESIDE</pddistrict><resolution>NONE</resolution><address>4500 Block of MISSION ST</address><x>-122.434263310171</x><y>37.7254969149557</y><location human_address="{&quot;address&quot;:&quot;&quot;,&quot;city&quot;:&quot;&quot;,&quot;state&quot;:&quot;&quot;,&quot;zip&quot;:&quot;&quot;}" latitude="37.7254969149557" longitude="-122.434263310171" needs_recoding="false"/></row>