<?xml version="1.0" encoding="UTF-8"?><row _id="12373790" _uuid="2293DF8D-B2BB-40F6-B326-423BD0C74AC0" _position="12373790" _address="http://data.sfgov.org/resource/ritf-b9ki/12373790"><incidntnum>150008598</incidntnum><category>ASSAULT</category><descript>INFLICT INJURY ON COHABITEE</descript><dayofweek>Saturday</dayofweek><date>2015-01-03T00:00:00</date><time>21:45</time><pddistrict>MISSION</pddistrict><resolution>ARREST, BOOKED</resolution><address>24TH ST / GUERRERO ST</address><x>-122.422879961412</x><y>37.7519719058164</y><location human_address="{&quot;address&quot;:&quot;&quot;,&quot;city&quot;:&quot;&quot;,&quot;state&quot;:&quot;&quot;,&quot;zip&quot;:&quot;&quot;}" latitude="37.7519719058164" longitude="-122.422879961412" needs_recoding="false"/></row>