<?xml version="1.0" encoding="UTF-8"?><row _id="12553555" _uuid="843B57BA-AB7C-4C85-BE21-64E6FF650D39" _position="12553555" _address="http://data.sfgov.org/resource/ritf-b9ki/12553555"><incidntnum>156042112</incidntnum><category>LARCENY/THEFT</category><descript>GRAND THEFT FROM UNLOCKED AUTO</descript><dayofweek>Saturday</dayofweek><date>2015-01-03T00:00:00</date><time>23:00</time><pddistrict>BAYVIEW</pddistrict><resolution>NONE</resolution><address>200 Block of BACON ST</address><x>-122.405077955636</x><y>37.7271898237074</y><location human_address="{&quot;address&quot;:&quot;&quot;,&quot;city&quot;:&quot;&quot;,&quot;state&quot;:&quot;&quot;,&quot;zip&quot;:&quot;&quot;}" latitude="37.7271898237074" longitude="-122.405077955636" needs_recoding="false"/></row>