<?xml version="1.0" encoding="UTF-8"?><row _id="11761608" _uuid="FBB965FA-B42E-418F-9EC0-C814A45A4D86" _position="11761608" _address="http://data.sfgov.org/resource/ritf-b9ki/11761608"><incidntnum>150021932</incidntnum><category>OTHER OFFENSES</category><descript>PUBLIC TRANSIT CRIMES - INFRACTIONS</descript><dayofweek>Thursday</dayofweek><date>2015-01-08T00:00:00</date><time>07:22</time><pddistrict>SOUTHERN</pddistrict><resolution>ARREST, BOOKED</resolution><address>11TH ST / MISSION ST</address><x>-122.417104895556</x><y>37.7743242867908</y><location human_address="{&quot;address&quot;:&quot;&quot;,&quot;city&quot;:&quot;&quot;,&quot;state&quot;:&quot;&quot;,&quot;zip&quot;:&quot;&quot;}" latitude="37.7743242867908" longitude="-122.417104895556" needs_recoding="false"/></row>