<?xml version="1.0" encoding="UTF-8"?><row _id="10937953" _uuid="51171B20-060C-424D-A23D-5308B10015C2" _position="10937953" _address="http://data.sfgov.org/resource/ritf-b9ki/10937953"><incidntnum>150071749</incidntnum><category>VEHICLE THEFT</category><descript>STOLEN AUTOMOBILE</descript><dayofweek>Thursday</dayofweek><date>2015-01-22T00:00:00</date><time>19:00</time><pddistrict>MISSION</pddistrict><resolution>NONE</resolution><address>CESAR CHAVEZ ST / FLORIDA ST</address><x>-122.409646927819</x><y>37.7483358948714</y><location human_address="{&quot;address&quot;:&quot;&quot;,&quot;city&quot;:&quot;&quot;,&quot;state&quot;:&quot;&quot;,&quot;zip&quot;:&quot;&quot;}" latitude="37.7483358948714" longitude="-122.409646927819" needs_recoding="false"/></row>