<?xml version="1.0" encoding="UTF-8"?><row _id="11063308" _uuid="007C7FE8-DC59-4EC6-AF49-ED4AAAD827A1" _position="11063308" _address="http://data.sfgov.org/resource/ritf-b9ki/11063308"><incidntnum>150025100</incidntnum><category>ASSAULT</category><descript>AGGRAVATED ASSAULT WITH A DEADLY WEAPON</descript><dayofweek>Friday</dayofweek><date>2015-01-09T00:00:00</date><time>00:30</time><pddistrict>TENDERLOIN</pddistrict><resolution>NONE</resolution><address>200 Block of POWELL ST</address><x>-122.408201657254</x><y>37.7868849113107</y><location human_address="{&quot;address&quot;:&quot;&quot;,&quot;city&quot;:&quot;&quot;,&quot;state&quot;:&quot;&quot;,&quot;zip&quot;:&quot;&quot;}" latitude="37.7868849113107" longitude="-122.408201657254" needs_recoding="false"/></row>