<?xml version="1.0" encoding="UTF-8"?><row _id="12613419" _uuid="3C06085E-D1CE-432D-A8CE-97DAC7EF8614" _position="12613419" _address="http://data.sfgov.org/resource/ritf-b9ki/12613419"><incidntnum>150673743</incidntnum><category>FRAUD</category><descript>TRICK AND DEVICE, GRAND THEFT</descript><dayofweek>Friday</dayofweek><date>2015-01-09T00:00:00</date><time>12:00</time><pddistrict>TARAVAL</pddistrict><resolution>NONE</resolution><address>2300 Block of 41ST AV</address><x>-122.499395459143</x><y>37.742922281073</y><location human_address="{&quot;address&quot;:&quot;&quot;,&quot;city&quot;:&quot;&quot;,&quot;state&quot;:&quot;&quot;,&quot;zip&quot;:&quot;&quot;}" latitude="37.742922281073" longitude="-122.499395459143" needs_recoding="false"/></row>