<?xml version="1.0" encoding="UTF-8"?><row _id="12452327" _uuid="04EE9837-9B92-4108-837F-5DB60FABABDD" _position="12452327" _address="http://data.sfgov.org/resource/ritf-b9ki/12452327"><incidntnum>150051741</incidntnum><category>NON-CRIMINAL</category><descript>FOUND PROPERTY</descript><dayofweek>Saturday</dayofweek><date>2015-01-17T00:00:00</date><time>14:00</time><pddistrict>NORTHERN</pddistrict><resolution>NONE</resolution><address>1100 Block of FILLMORE ST</address><x>-122.432116233695</x><y>37.7800304351156</y><location human_address="{&quot;address&quot;:&quot;&quot;,&quot;city&quot;:&quot;&quot;,&quot;state&quot;:&quot;&quot;,&quot;zip&quot;:&quot;&quot;}" latitude="37.7800304351156" longitude="-122.432116233695" needs_recoding="false"/></row>