<?xml version="1.0" encoding="UTF-8"?><row _id="11533563" _uuid="F563C53D-D135-4603-ABED-D5B1BC639E41" _position="11533563" _address="http://data.sfgov.org/resource/ritf-b9ki/11533563"><incidntnum>150009342</incidntnum><category>OTHER OFFENSES</category><descript>RECKLESS DRIVING</descript><dayofweek>Sunday</dayofweek><date>2015-01-04T00:00:00</date><time>08:32</time><pddistrict>NORTHERN</pddistrict><resolution>NONE</resolution><address>BUCHANAN ST / LOMBARD ST</address><x>-122.432764365612</x><y>37.8002576984272</y><location human_address="{&quot;address&quot;:&quot;&quot;,&quot;city&quot;:&quot;&quot;,&quot;state&quot;:&quot;&quot;,&quot;zip&quot;:&quot;&quot;}" latitude="37.8002576984272" longitude="-122.432764365612" needs_recoding="false"/></row>