<?xml version="1.0" encoding="UTF-8"?><row _id="11055080" _uuid="E69B65CC-5973-4EBE-9CE4-260B93F76EF5" _position="11055080" _address="http://data.sfgov.org/resource/ritf-b9ki/11055080"><incidntnum>150006746</incidntnum><category>NON-CRIMINAL</category><descript>AIDED CASE, MENTAL DISTURBED</descript><dayofweek>Saturday</dayofweek><date>2015-01-03T00:00:00</date><time>10:55</time><pddistrict>MISSION</pddistrict><resolution>NONE</resolution><address>2300 Block of 16TH ST</address><x>-122.409529913278</x><y>37.7657184395282</y><location human_address="{&quot;address&quot;:&quot;&quot;,&quot;city&quot;:&quot;&quot;,&quot;state&quot;:&quot;&quot;,&quot;zip&quot;:&quot;&quot;}" latitude="37.7657184395282" longitude="-122.409529913278" needs_recoding="false"/></row>