<?xml version="1.0" encoding="UTF-8"?><row _id="11670621" _uuid="CAAB2AB8-0A32-4DFA-99ED-3792EC479AF8" _position="11670621" _address="http://data.sfgov.org/resource/ritf-b9ki/11670621"><incidntnum>156009021</incidntnum><category>LARCENY/THEFT</category><descript>GRAND THEFT FROM LOCKED AUTO</descript><dayofweek>Sunday</dayofweek><date>2015-01-11T00:00:00</date><time>12:30</time><pddistrict>NORTHERN</pddistrict><resolution>NONE</resolution><address>PINE ST / WEBSTER ST</address><x>-122.432006422321</x><y>37.7881589749601</y><location human_address="{&quot;address&quot;:&quot;&quot;,&quot;city&quot;:&quot;&quot;,&quot;state&quot;:&quot;&quot;,&quot;zip&quot;:&quot;&quot;}" latitude="37.7881589749601" longitude="-122.432006422321" needs_recoding="false"/></row>