<?xml version="1.0" encoding="UTF-8"?><row _id="11004087" _uuid="BD654200-DE64-4853-AEB6-E157576FE976" _position="11004087" _address="http://data.sfgov.org/resource/ritf-b9ki/11004087"><incidntnum>156013856</incidntnum><category>NON-CRIMINAL</category><descript>LOST PROPERTY</descript><dayofweek>Monday</dayofweek><date>2015-01-12T00:00:00</date><time>13:45</time><pddistrict>INGLESIDE</pddistrict><resolution>NONE</resolution><address>MIRALOMA DR / MARNE AV</address><x>-122.459328688106</x><y>37.7404881179453</y><location human_address="{&quot;address&quot;:&quot;&quot;,&quot;city&quot;:&quot;&quot;,&quot;state&quot;:&quot;&quot;,&quot;zip&quot;:&quot;&quot;}" latitude="37.7404881179453" longitude="-122.459328688106" needs_recoding="false"/></row>