<?xml version="1.0" encoding="UTF-8"?><row _id="12543371" _uuid="0DD1C37F-8F37-490F-BDAE-170D2906672F" _position="12543371" _address="http://data.sfgov.org/resource/ritf-b9ki/12543371"><incidntnum>156041017</incidntnum><category>LARCENY/THEFT</category><descript>GRAND THEFT OF PROPERTY</descript><dayofweek>Tuesday</dayofweek><date>2015-01-06T00:00:00</date><time>10:30</time><pddistrict>NORTHERN</pddistrict><resolution>NONE</resolution><address>0 Block of CERVANTES BL</address><x>-122.438381234335</x><y>37.8035432868953</y><location human_address="{&quot;address&quot;:&quot;&quot;,&quot;city&quot;:&quot;&quot;,&quot;state&quot;:&quot;&quot;,&quot;zip&quot;:&quot;&quot;}" latitude="37.8035432868953" longitude="-122.438381234335" needs_recoding="false"/></row>