<?xml version="1.0" encoding="UTF-8"?><row _id="11147689" _uuid="48411C1A-A8AA-4D8E-9823-B2D7A8ECA267" _position="11147689" _address="http://data.sfgov.org/resource/ritf-b9ki/11147689"><incidntnum>150064512</incidntnum><category>SUSPICIOUS OCC</category><descript>SUSPICIOUS OCCURRENCE</descript><dayofweek>Thursday</dayofweek><date>2015-01-15T00:00:00</date><time>16:00</time><pddistrict>PARK</pddistrict><resolution>NONE</resolution><address>700 Block of STANYAN ST</address><x>-122.45319019834</x><y>37.7677850586334</y><location human_address="{&quot;address&quot;:&quot;&quot;,&quot;city&quot;:&quot;&quot;,&quot;state&quot;:&quot;&quot;,&quot;zip&quot;:&quot;&quot;}" latitude="37.7677850586334" longitude="-122.45319019834" needs_recoding="false"/></row>