<?xml version="1.0" encoding="UTF-8"?><row _id="11622310" _uuid="41FE963F-B066-456C-9E4D-BD4E51A3D6F7" _position="11622310" _address="http://data.sfgov.org/resource/ritf-b9ki/11622310"><incidntnum>150009405</incidntnum><category>OTHER OFFENSES</category><descript>DRIVERS LICENSE, SUSPENDED OR REVOKED</descript><dayofweek>Sunday</dayofweek><date>2015-01-04T00:00:00</date><time>09:28</time><pddistrict>BAYVIEW</pddistrict><resolution>ARREST, CITED</resolution><address>3RD ST / NEWCOMB AV</address><x>-122.390416955474</x><y>37.7355926105862</y><location human_address="{&quot;address&quot;:&quot;&quot;,&quot;city&quot;:&quot;&quot;,&quot;state&quot;:&quot;&quot;,&quot;zip&quot;:&quot;&quot;}" latitude="37.7355926105862" longitude="-122.390416955474" needs_recoding="false"/></row>