<?xml version="1.0" encoding="UTF-8"?><row _id="10997802" _uuid="DAFB1C25-0B31-4831-9041-6B5D8BFC57C6" _position="10997802" _address="http://data.sfgov.org/resource/ritf-b9ki/10997802"><incidntnum>150075365</incidntnum><category>ASSAULT</category><descript>BATTERY</descript><dayofweek>Sunday</dayofweek><date>2015-01-25T00:00:00</date><time>03:09</time><pddistrict>SOUTHERN</pddistrict><resolution>NONE</resolution><address>0 Block of 12TH ST</address><x>-122.420001436964</x><y>37.7740948566882</y><location human_address="{&quot;address&quot;:&quot;&quot;,&quot;city&quot;:&quot;&quot;,&quot;state&quot;:&quot;&quot;,&quot;zip&quot;:&quot;&quot;}" latitude="37.7740948566882" longitude="-122.420001436964" needs_recoding="false"/></row>