<?xml version="1.0" encoding="UTF-8"?><row _id="12512450" _uuid="C6663628-10B9-4B95-B93A-EAFE2D0B056C" _position="12512450" _address="http://data.sfgov.org/resource/ritf-b9ki/12512450"><incidntnum>156004184</incidntnum><category>NON-CRIMINAL</category><descript>LOST PROPERTY</descript><dayofweek>Saturday</dayofweek><date>2015-01-03T00:00:00</date><time>00:01</time><pddistrict>SOUTHERN</pddistrict><resolution>NONE</resolution><address>1000 Block of FOLSOM ST</address><x>-122.405834032593</x><y>37.778254811523</y><location human_address="{&quot;address&quot;:&quot;&quot;,&quot;city&quot;:&quot;&quot;,&quot;state&quot;:&quot;&quot;,&quot;zip&quot;:&quot;&quot;}" latitude="37.778254811523" longitude="-122.405834032593" needs_recoding="false"/></row>