<?xml version="1.0" encoding="UTF-8"?><row _id="12682265" _uuid="E6CC9E31-0841-4536-B712-117E6EF6467F" _position="12682265" _address="http://data.sfgov.org/resource/ritf-b9ki/12682265"><incidntnum>160040502</incidntnum><category>VEHICLE THEFT</category><descript>STOLEN MOTORCYCLE</descript><dayofweek>Saturday</dayofweek><date>2015-01-10T00:00:00</date><time>20:00</time><pddistrict>INGLESIDE</pddistrict><resolution>NONE</resolution><address>MARIETTA DR / REPOSA WY</address><x>-122.448441506622</x><y>37.7412262828159</y><location human_address="{&quot;address&quot;:&quot;&quot;,&quot;city&quot;:&quot;&quot;,&quot;state&quot;:&quot;&quot;,&quot;zip&quot;:&quot;&quot;}" latitude="37.7412262828159" longitude="-122.448441506622" needs_recoding="false"/></row>