<?xml version="1.0" encoding="UTF-8"?><row _id="12214939" _uuid="ED956E56-2A5A-41AD-B30C-17585AB50E1D" _position="12214939" _address="http://data.sfgov.org/resource/ritf-b9ki/12214939"><incidntnum>150004966</incidntnum><category>NON-CRIMINAL</category><descript>LOST PROPERTY</descript><dayofweek>Friday</dayofweek><date>2015-01-02T00:00:00</date><time>16:45</time><pddistrict>CENTRAL</pddistrict><resolution>NONE</resolution><address>1100 Block of STOCKTON ST</address><x>-122.408275403052</x><y>37.7962809345035</y><location human_address="{&quot;address&quot;:&quot;&quot;,&quot;city&quot;:&quot;&quot;,&quot;state&quot;:&quot;&quot;,&quot;zip&quot;:&quot;&quot;}" latitude="37.7962809345035" longitude="-122.408275403052" needs_recoding="false"/></row>