<?xml version="1.0" encoding="UTF-8"?><row _id="11652115" _uuid="F67EE4AE-BDDB-4F24-8231-52F9CCDC2FB6" _position="11652115" _address="http://data.sfgov.org/resource/ritf-b9ki/11652115"><incidntnum>150014658</incidntnum><category>LARCENY/THEFT</category><descript>PETTY THEFT FROM LOCKED AUTO</descript><dayofweek>Monday</dayofweek><date>2015-01-05T00:00:00</date><time>21:00</time><pddistrict>SOUTHERN</pddistrict><resolution>NONE</resolution><address>HARRISON ST / 4TH ST</address><x>-122.399617558782</x><y>37.7807906550067</y><location human_address="{&quot;address&quot;:&quot;&quot;,&quot;city&quot;:&quot;&quot;,&quot;state&quot;:&quot;&quot;,&quot;zip&quot;:&quot;&quot;}" latitude="37.7807906550067" longitude="-122.399617558782" needs_recoding="false"/></row>