<?xml version="1.0" encoding="UTF-8"?><row _id="11363926" _uuid="6391421F-E2FC-456D-9F1B-0F5232ADFAE1" _position="11363926" _address="http://data.sfgov.org/resource/ritf-b9ki/11363926"><incidntnum>150011422</incidntnum><category>ASSAULT</category><descript>ELDER ADULT OR DEPENDENT ABUSE (NOT EMBEZZLEMENT OR THEFT)</descript><dayofweek>Sunday</dayofweek><date>2015-01-04T00:00:00</date><time>22:55</time><pddistrict>MISSION</pddistrict><resolution>ARREST, BOOKED</resolution><address>1500 Block of 15TH ST</address><x>-122.418037580678</x><y>37.7667264799582</y><location human_address="{&quot;address&quot;:&quot;&quot;,&quot;city&quot;:&quot;&quot;,&quot;state&quot;:&quot;&quot;,&quot;zip&quot;:&quot;&quot;}" latitude="37.7667264799582" longitude="-122.418037580678" needs_recoding="false"/></row>