<?xml version="1.0" encoding="UTF-8"?><row _id="11084551" _uuid="4F21AE46-1EAE-4764-AEE2-DB84F7479CB3" _position="11084551" _address="http://data.sfgov.org/resource/ritf-b9ki/11084551"><incidntnum>156001613</incidntnum><category>NON-CRIMINAL</category><descript>LOST PROPERTY</descript><dayofweek>Friday</dayofweek><date>2015-01-02T00:00:00</date><time>02:00</time><pddistrict>CENTRAL</pddistrict><resolution>NONE</resolution><address>600 Block of GEARY ST</address><x>-122.413988841812</x><y>37.7865685406761</y><location human_address="{&quot;address&quot;:&quot;&quot;,&quot;city&quot;:&quot;&quot;,&quot;state&quot;:&quot;&quot;,&quot;zip&quot;:&quot;&quot;}" latitude="37.7865685406761" longitude="-122.413988841812" needs_recoding="false"/></row>