<?xml version="1.0" encoding="UTF-8"?><row _id="12483023" _uuid="3AAB6A8A-475C-4053-9DEB-3BAD921DC636" _position="12483023" _address="http://data.sfgov.org/resource/ritf-b9ki/12483023"><incidntnum>150010941</incidntnum><category>ASSAULT</category><descript>ELDER ADULT OR DEPENDENT ABUSE (NOT EMBEZZLEMENT OR THEFT)</descript><dayofweek>Sunday</dayofweek><date>2015-01-04T00:00:00</date><time>19:30</time><pddistrict>MISSION</pddistrict><resolution>ARREST, BOOKED</resolution><address>3500 Block of 17TH ST</address><x>-122.425120873327</x><y>37.7631528082695</y><location human_address="{&quot;address&quot;:&quot;&quot;,&quot;city&quot;:&quot;&quot;,&quot;state&quot;:&quot;&quot;,&quot;zip&quot;:&quot;&quot;}" latitude="37.7631528082695" longitude="-122.425120873327" needs_recoding="false"/></row>