<?xml version="1.0" encoding="UTF-8"?><row _id="12541142" _uuid="B5A4D7DA-3AF3-4F94-A0C1-F3F2178E8D12" _position="12541142" _address="http://data.sfgov.org/resource/ritf-b9ki/12541142"><incidntnum>156032420</incidntnum><category>VANDALISM</category><descript>MALICIOUS MISCHIEF, VANDALISM</descript><dayofweek>Monday</dayofweek><date>2015-01-19T00:00:00</date><time>19:00</time><pddistrict>BAYVIEW</pddistrict><resolution>NONE</resolution><address>0 Block of GOETTINGEN ST</address><x>-122.40821299146</x><y>37.7310127421949</y><location human_address="{&quot;address&quot;:&quot;&quot;,&quot;city&quot;:&quot;&quot;,&quot;state&quot;:&quot;&quot;,&quot;zip&quot;:&quot;&quot;}" latitude="37.7310127421949" longitude="-122.40821299146" needs_recoding="false"/></row>