<?xml version="1.0" encoding="UTF-8"?><row _id="11019112" _uuid="5F0EB089-1A84-433D-8FF2-A84D28372C79" _position="11019112" _address="http://data.sfgov.org/resource/ritf-b9ki/11019112"><incidntnum>150020241</incidntnum><category>NON-CRIMINAL</category><descript>AIDED CASE, MENTAL DISTURBED</descript><dayofweek>Wednesday</dayofweek><date>2015-01-07T00:00:00</date><time>14:32</time><pddistrict>CENTRAL</pddistrict><resolution>NONE</resolution><address>BUSH ST / HYDE ST</address><x>-122.417019320691</x><y>37.7891095538736</y><location human_address="{&quot;address&quot;:&quot;&quot;,&quot;city&quot;:&quot;&quot;,&quot;state&quot;:&quot;&quot;,&quot;zip&quot;:&quot;&quot;}" latitude="37.7891095538736" longitude="-122.417019320691" needs_recoding="false"/></row>