<?xml version="1.0" encoding="UTF-8"?><row _id="12685507" _uuid="C353889B-0DE1-42B3-80BE-2B97C3904011" _position="12685507" _address="http://data.sfgov.org/resource/ritf-b9ki/12685507"><incidntnum>166008085</incidntnum><category>BURGLARY</category><descript>BURGLARY, UNLAWFUL ENTRY</descript><dayofweek>Monday</dayofweek><date>2015-01-05T00:00:00</date><time>10:00</time><pddistrict>RICHMOND</pddistrict><resolution>NONE</resolution><address>6200 Block of GEARY BL</address><x>-122.486347492453</x><y>37.779894591415</y><location human_address="{&quot;address&quot;:&quot;&quot;,&quot;city&quot;:&quot;&quot;,&quot;state&quot;:&quot;&quot;,&quot;zip&quot;:&quot;&quot;}" latitude="37.779894591415" longitude="-122.486347492453" needs_recoding="false"/></row>