<?xml version="1.0" encoding="UTF-8"?><row _id="12088108" _uuid="AA9B2880-E3F1-480D-B43B-C3244D5633D0" _position="12088108" _address="http://data.sfgov.org/resource/ritf-b9ki/12088108"><incidntnum>150065786</incidntnum><category>DRUG/NARCOTIC</category><descript>TRANSPORTATION OF MARIJUANA</descript><dayofweek>Wednesday</dayofweek><date>2015-01-21T00:00:00</date><time>23:52</time><pddistrict>TARAVAL</pddistrict><resolution>ARREST, BOOKED</resolution><address>1800 Block of VICENTE ST</address><x>-122.48560378101</x><y>37.7388214326705</y><location human_address="{&quot;address&quot;:&quot;&quot;,&quot;city&quot;:&quot;&quot;,&quot;state&quot;:&quot;&quot;,&quot;zip&quot;:&quot;&quot;}" latitude="37.7388214326705" longitude="-122.48560378101" needs_recoding="false"/></row>