<?xml version="1.0" encoding="UTF-8"?><row _id="11995502" _uuid="68D829F1-5A48-45ED-9330-430D9CD69305" _position="11995502" _address="http://data.sfgov.org/resource/ritf-b9ki/11995502"><incidntnum>150029328</incidntnum><category>FORGERY/COUNTERFEITING</category><descript>MONEY, CHANGING FACE AMOUNT</descript><dayofweek>Friday</dayofweek><date>2015-01-09T00:00:00</date><time>19:15</time><pddistrict>SOUTHERN</pddistrict><resolution>EXCEPTIONAL CLEARANCE</resolution><address>800 Block of BRYANT ST</address><x>-122.403404791479</x><y>37.775420706711</y><location human_address="{&quot;address&quot;:&quot;&quot;,&quot;city&quot;:&quot;&quot;,&quot;state&quot;:&quot;&quot;,&quot;zip&quot;:&quot;&quot;}" latitude="37.775420706711" longitude="-122.403404791479" needs_recoding="false"/></row>