<?xml version="1.0" encoding="UTF-8"?><row _id="11270885" _uuid="5F5ECDAE-2A78-4F19-98FC-ED2D74AAE001" _position="11270885" _address="http://data.sfgov.org/resource/ritf-b9ki/11270885"><incidntnum>150016278</incidntnum><category>LARCENY/THEFT</category><descript>PETTY THEFT SHOPLIFTING</descript><dayofweek>Tuesday</dayofweek><date>2015-01-06T00:00:00</date><time>11:45</time><pddistrict>TENDERLOIN</pddistrict><resolution>ARREST, BOOKED</resolution><address>100 Block of OFARRELL ST</address><x>-122.407244087032</x><y>37.7865647607685</y><location human_address="{&quot;address&quot;:&quot;&quot;,&quot;city&quot;:&quot;&quot;,&quot;state&quot;:&quot;&quot;,&quot;zip&quot;:&quot;&quot;}" latitude="37.7865647607685" longitude="-122.407244087032" needs_recoding="false"/></row>