<?xml version="1.0" encoding="UTF-8"?><row _id="12237847" _uuid="DFB9B279-5199-4DAE-964F-3CC484B67015" _position="12237847" _address="http://data.sfgov.org/resource/ritf-b9ki/12237847"><incidntnum>156010987</incidntnum><category>LARCENY/THEFT</category><descript>PETTY THEFT OF PROPERTY</descript><dayofweek>Monday</dayofweek><date>2015-01-12T00:00:00</date><time>08:30</time><pddistrict>TENDERLOIN</pddistrict><resolution>NONE</resolution><address>MARKET ST / HYDE ST</address><x>-122.414743835382</x><y>37.778719262789</y><location human_address="{&quot;address&quot;:&quot;&quot;,&quot;city&quot;:&quot;&quot;,&quot;state&quot;:&quot;&quot;,&quot;zip&quot;:&quot;&quot;}" latitude="37.778719262789" longitude="-122.414743835382" needs_recoding="false"/></row>