<?xml version="1.0" encoding="UTF-8"?><row _id="12575316" _uuid="4BFF71F3-6E07-47F0-88FE-B65E28F9A39B" _position="12575316" _address="http://data.sfgov.org/resource/ritf-b9ki/12575316"><incidntnum>150361039</incidntnum><category>LARCENY/THEFT</category><descript>PETTY THEFT FROM A BUILDING</descript><dayofweek>Thursday</dayofweek><date>2015-01-08T00:00:00</date><time>16:00</time><pddistrict>TARAVAL</pddistrict><resolution>NONE</resolution><address>1500 Block of 19TH AV</address><x>-122.476605418987</x><y>37.758889724515</y><location human_address="{&quot;address&quot;:&quot;&quot;,&quot;city&quot;:&quot;&quot;,&quot;state&quot;:&quot;&quot;,&quot;zip&quot;:&quot;&quot;}" latitude="37.758889724515" longitude="-122.476605418987" needs_recoding="false"/></row>