<?xml version="1.0" encoding="UTF-8"?><row _id="10974653" _uuid="79EC74E7-2BAB-4C41-9797-D356EE6E000A" _position="10974653" _address="http://data.sfgov.org/resource/ritf-b9ki/10974653"><incidntnum>150009427</incidntnum><category>OTHER OFFENSES</category><descript>TRAFFIC VIOLATION ARREST</descript><dayofweek>Sunday</dayofweek><date>2015-01-04T00:00:00</date><time>09:30</time><pddistrict>TENDERLOIN</pddistrict><resolution>ARREST, BOOKED</resolution><address>100 Block of HYDE ST</address><x>-122.415669661443</x><y>37.7821198488931</y><location human_address="{&quot;address&quot;:&quot;&quot;,&quot;city&quot;:&quot;&quot;,&quot;state&quot;:&quot;&quot;,&quot;zip&quot;:&quot;&quot;}" latitude="37.7821198488931" longitude="-122.415669661443" needs_recoding="false"/></row>