<?xml version="1.0" encoding="UTF-8"?><row _id="11580404" _uuid="BAC56BCB-05B1-44B9-83BD-ECC9DED8A0CF" _position="11580404" _address="http://data.sfgov.org/resource/ritf-b9ki/11580404"><incidntnum>150020423</incidntnum><category>OTHER OFFENSES</category><descript>DRIVERS LICENSE, SUSPENDED OR REVOKED</descript><dayofweek>Wednesday</dayofweek><date>2015-01-07T00:00:00</date><time>16:44</time><pddistrict>NORTHERN</pddistrict><resolution>ARREST, BOOKED</resolution><address>LAGUNA ST / GOLDEN GATE AV</address><x>-122.427019628488</x><y>37.7801921188917</y><location human_address="{&quot;address&quot;:&quot;&quot;,&quot;city&quot;:&quot;&quot;,&quot;state&quot;:&quot;&quot;,&quot;zip&quot;:&quot;&quot;}" latitude="37.7801921188917" longitude="-122.427019628488" needs_recoding="false"/></row>