<?xml version="1.0" encoding="UTF-8"?><row _id="11817458" _uuid="D24BB362-BC57-43E3-8310-3CED5A42E29F" _position="11817458" _address="http://data.sfgov.org/resource/ritf-b9ki/11817458"><incidntnum>156009736</incidntnum><category>LARCENY/THEFT</category><descript>GRAND THEFT FROM LOCKED AUTO</descript><dayofweek>Thursday</dayofweek><date>2015-01-08T00:00:00</date><time>13:20</time><pddistrict>INGLESIDE</pddistrict><resolution>NONE</resolution><address>0 Block of RUSSIA AV</address><x>-122.436724043712</x><y>37.721435763041</y><location human_address="{&quot;address&quot;:&quot;&quot;,&quot;city&quot;:&quot;&quot;,&quot;state&quot;:&quot;&quot;,&quot;zip&quot;:&quot;&quot;}" latitude="37.721435763041" longitude="-122.436724043712" needs_recoding="false"/></row>