<?xml version="1.0" encoding="UTF-8"?><row _id="10850006" _uuid="CF731DB9-0A94-4A3E-BEC7-A287B4D78D42" _position="10850006" _address="http://data.sfgov.org/resource/ritf-b9ki/10850006"><incidntnum>150009499</incidntnum><category>ASSAULT</category><descript>BATTERY, FORMER SPOUSE OR DATING RELATIONSHIP</descript><dayofweek>Sunday</dayofweek><date>2015-01-04T00:00:00</date><time>09:40</time><pddistrict>TARAVAL</pddistrict><resolution>ARREST, BOOKED</resolution><address>2500 Block of 47TH AV</address><x>-122.505423893113</x><y>37.7389169017894</y><location human_address="{&quot;address&quot;:&quot;&quot;,&quot;city&quot;:&quot;&quot;,&quot;state&quot;:&quot;&quot;,&quot;zip&quot;:&quot;&quot;}" latitude="37.7389169017894" longitude="-122.505423893113" needs_recoding="false"/></row>