<?xml version="1.0" encoding="UTF-8"?><row _id="12139440" _uuid="8C5153AC-5F23-4A28-A7F2-EC277E3F1764" _position="12139440" _address="http://data.sfgov.org/resource/ritf-b9ki/12139440"><incidntnum>156004582</incidntnum><category>LARCENY/THEFT</category><descript>GRAND THEFT FROM LOCKED AUTO</descript><dayofweek>Monday</dayofweek><date>2015-01-05T00:00:00</date><time>20:30</time><pddistrict>NORTHERN</pddistrict><resolution>NONE</resolution><address>LAGUNA ST / WILLOW ST</address><x>-122.427491947754</x><y>37.7825220245863</y><location human_address="{&quot;address&quot;:&quot;&quot;,&quot;city&quot;:&quot;&quot;,&quot;state&quot;:&quot;&quot;,&quot;zip&quot;:&quot;&quot;}" latitude="37.7825220245863" longitude="-122.427491947754" needs_recoding="false"/></row>