<?xml version="1.0" encoding="UTF-8"?><row _id="10955376" _uuid="84D4B8F5-4F5F-4A62-A1BC-86EAE0966BFA" _position="10955376" _address="http://data.sfgov.org/resource/ritf-b9ki/10955376"><incidntnum>150069697</incidntnum><category>LARCENY/THEFT</category><descript>GRAND THEFT FROM LOCKED AUTO</descript><dayofweek>Wednesday</dayofweek><date>2015-01-14T00:00:00</date><time>22:00</time><pddistrict>BAYVIEW</pddistrict><resolution>NONE</resolution><address>SHAFTER AV / 3RD ST</address><x>-122.391800296943</x><y>37.7316450604526</y><location human_address="{&quot;address&quot;:&quot;&quot;,&quot;city&quot;:&quot;&quot;,&quot;state&quot;:&quot;&quot;,&quot;zip&quot;:&quot;&quot;}" latitude="37.7316450604526" longitude="-122.391800296943" needs_recoding="false"/></row>