<?xml version="1.0" encoding="UTF-8"?><row _id="11120147" _uuid="9059066F-FD78-41AC-9007-8E7B8B1107D1" _position="11120147" _address="http://data.sfgov.org/resource/ritf-b9ki/11120147"><incidntnum>156017278</incidntnum><category>LARCENY/THEFT</category><descript>GRAND THEFT OF PROPERTY</descript><dayofweek>Friday</dayofweek><date>2015-01-02T00:00:00</date><time>20:00</time><pddistrict>TARAVAL</pddistrict><resolution>NONE</resolution><address>4200 Block of JUDAH ST</address><x>-122.50754748028</x><y>37.7604078316909</y><location human_address="{&quot;address&quot;:&quot;&quot;,&quot;city&quot;:&quot;&quot;,&quot;state&quot;:&quot;&quot;,&quot;zip&quot;:&quot;&quot;}" latitude="37.7604078316909" longitude="-122.50754748028" needs_recoding="false"/></row>