<?xml version="1.0" encoding="UTF-8"?><row _id="12153121" _uuid="CE85B200-E733-45B7-8A39-A5230A50CE45" _position="12153121" _address="http://data.sfgov.org/resource/ritf-b9ki/12153121"><incidntnum>150007788</incidntnum><category>VANDALISM</category><descript>MALICIOUS MISCHIEF, VANDALISM</descript><dayofweek>Saturday</dayofweek><date>2015-01-03T00:00:00</date><time>16:10</time><pddistrict>CENTRAL</pddistrict><resolution>ARREST, BOOKED</resolution><address>800 Block of GRANT AV</address><x>-122.40632349142</x><y>37.7947208356735</y><location human_address="{&quot;address&quot;:&quot;&quot;,&quot;city&quot;:&quot;&quot;,&quot;state&quot;:&quot;&quot;,&quot;zip&quot;:&quot;&quot;}" latitude="37.7947208356735" longitude="-122.40632349142" needs_recoding="false"/></row>