<?xml version="1.0" encoding="UTF-8"?><row _id="11226323" _uuid="98D0FF42-71D4-4913-9AE0-AA50E5C1F8FF" _position="11226323" _address="http://data.sfgov.org/resource/ritf-b9ki/11226323"><incidntnum>150032387</incidntnum><category>SEX OFFENSES, FORCIBLE</category><descript>SEXUAL BATTERY</descript><dayofweek>Saturday</dayofweek><date>2015-01-10T00:00:00</date><time>01:00</time><pddistrict>SOUTHERN</pddistrict><resolution>NONE</resolution><address>11TH ST / FOLSOM ST</address><x>-122.41402726269</x><y>37.7718636177154</y><location human_address="{&quot;address&quot;:&quot;&quot;,&quot;city&quot;:&quot;&quot;,&quot;state&quot;:&quot;&quot;,&quot;zip&quot;:&quot;&quot;}" latitude="37.7718636177154" longitude="-122.41402726269" needs_recoding="false"/></row>