<?xml version="1.0" encoding="UTF-8"?><row _id="12114351" _uuid="A804D1E1-CDAC-434E-A838-7C53E9D3874E" _position="12114351" _address="http://data.sfgov.org/resource/ritf-b9ki/12114351"><incidntnum>150040415</incidntnum><category>ASSAULT</category><descript>CHILD ABUSE (PHYSICAL)</descript><dayofweek>Wednesday</dayofweek><date>2015-01-14T00:00:00</date><time>08:07</time><pddistrict>MISSION</pddistrict><resolution>ARREST, BOOKED</resolution><address>16TH ST / BRYANT ST</address><x>-122.410488829308</x><y>37.7656058638705</y><location human_address="{&quot;address&quot;:&quot;&quot;,&quot;city&quot;:&quot;&quot;,&quot;state&quot;:&quot;&quot;,&quot;zip&quot;:&quot;&quot;}" latitude="37.7656058638705" longitude="-122.410488829308" needs_recoding="false"/></row>