<?xml version="1.0" encoding="UTF-8"?><row _id="12237620" _uuid="0400F3BF-7140-485D-94EC-C385031A8455" _position="12237620" _address="http://data.sfgov.org/resource/ritf-b9ki/12237620"><incidntnum>156008211</incidntnum><category>LARCENY/THEFT</category><descript>PETTY THEFT OF PROPERTY</descript><dayofweek>Saturday</dayofweek><date>2015-01-10T00:00:00</date><time>15:30</time><pddistrict>TARAVAL</pddistrict><resolution>NONE</resolution><address>JUDAH ST / 9TH AV</address><x>-122.466180771685</x><y>37.7621738188702</y><location human_address="{&quot;address&quot;:&quot;&quot;,&quot;city&quot;:&quot;&quot;,&quot;state&quot;:&quot;&quot;,&quot;zip&quot;:&quot;&quot;}" latitude="37.7621738188702" longitude="-122.466180771685" needs_recoding="false"/></row>