<?xml version="1.0" encoding="UTF-8"?><row _id="11403575" _uuid="55CF5FDD-808D-4664-8463-51A0F87B3C6E" _position="11403575" _address="http://data.sfgov.org/resource/ritf-b9ki/11403575"><incidntnum>150040681</incidntnum><category>OTHER OFFENSES</category><descript>VIOLATION OF RESTRAINING ORDER</descript><dayofweek>Wednesday</dayofweek><date>2015-01-14T00:00:00</date><time>09:00</time><pddistrict>MISSION</pddistrict><resolution>NONE</resolution><address>1000 Block of HAMPSHIRE ST</address><x>-122.407454762196</x><y>37.7552963519407</y><location human_address="{&quot;address&quot;:&quot;&quot;,&quot;city&quot;:&quot;&quot;,&quot;state&quot;:&quot;&quot;,&quot;zip&quot;:&quot;&quot;}" latitude="37.7552963519407" longitude="-122.407454762196" needs_recoding="false"/></row>