<?xml version="1.0" encoding="UTF-8"?><row _id="12081772" _uuid="41B7A834-16C5-4867-AE82-0AD8F669EC1F" _position="12081772" _address="http://data.sfgov.org/resource/ritf-b9ki/12081772"><incidntnum>150012276</incidntnum><category>NON-CRIMINAL</category><descript>AIDED CASE, MENTAL DISTURBED</descript><dayofweek>Monday</dayofweek><date>2015-01-05T00:00:00</date><time>09:32</time><pddistrict>SOUTHERN</pddistrict><resolution>NONE</resolution><address>800 Block of BRYANT ST</address><x>-122.403404791479</x><y>37.775420706711</y><location human_address="{&quot;address&quot;:&quot;&quot;,&quot;city&quot;:&quot;&quot;,&quot;state&quot;:&quot;&quot;,&quot;zip&quot;:&quot;&quot;}" latitude="37.775420706711" longitude="-122.403404791479" needs_recoding="false"/></row>