<?xml version="1.0" encoding="UTF-8"?><row _id="11699084" _uuid="52F126C8-67B6-4B70-97D0-3D3916C4AEFA" _position="11699084" _address="http://data.sfgov.org/resource/ritf-b9ki/11699084"><incidntnum>156007649</incidntnum><category>LARCENY/THEFT</category><descript>GRAND THEFT FROM LOCKED AUTO</descript><dayofweek>Friday</dayofweek><date>2015-01-09T00:00:00</date><time>16:40</time><pddistrict>SOUTHERN</pddistrict><resolution>NONE</resolution><address>200 Block of 3RD ST</address><x>-122.399899436982</x><y>37.7846480308387</y><location human_address="{&quot;address&quot;:&quot;&quot;,&quot;city&quot;:&quot;&quot;,&quot;state&quot;:&quot;&quot;,&quot;zip&quot;:&quot;&quot;}" latitude="37.7846480308387" longitude="-122.399899436982" needs_recoding="false"/></row>