<?xml version="1.0" encoding="UTF-8"?><row _id="12446336" _uuid="EFA80085-1EA8-4886-A581-B65D1BC5DE11" _position="12446336" _address="http://data.sfgov.org/resource/ritf-b9ki/12446336"><incidntnum>156004554</incidntnum><category>LARCENY/THEFT</category><descript>GRAND THEFT FROM LOCKED AUTO</descript><dayofweek>Monday</dayofweek><date>2015-01-05T00:00:00</date><time>16:45</time><pddistrict>NORTHERN</pddistrict><resolution>NONE</resolution><address>1700 Block of OFARRELL ST</address><x>-122.43355503388</x><y>37.783240028248</y><location human_address="{&quot;address&quot;:&quot;&quot;,&quot;city&quot;:&quot;&quot;,&quot;state&quot;:&quot;&quot;,&quot;zip&quot;:&quot;&quot;}" latitude="37.783240028248" longitude="-122.43355503388" needs_recoding="false"/></row>