<?xml version="1.0" encoding="UTF-8"?><row _id="11749804" _uuid="170C5450-0232-4AB4-BF7A-D6DB9FB28015" _position="11749804" _address="http://data.sfgov.org/resource/ritf-b9ki/11749804"><incidntnum>150042609</incidntnum><category>LARCENY/THEFT</category><descript>PETTY THEFT FROM A BUILDING</descript><dayofweek>Tuesday</dayofweek><date>2015-01-13T00:00:00</date><time>19:00</time><pddistrict>CENTRAL</pddistrict><resolution>NONE</resolution><address>600 Block of PINE ST</address><x>-122.406558464984</x><y>37.7914504439376</y><location human_address="{&quot;address&quot;:&quot;&quot;,&quot;city&quot;:&quot;&quot;,&quot;state&quot;:&quot;&quot;,&quot;zip&quot;:&quot;&quot;}" latitude="37.7914504439376" longitude="-122.406558464984" needs_recoding="false"/></row>