<?xml version="1.0" encoding="UTF-8"?><row _id="12605125" _uuid="15262411-70C1-4F1F-97DF-E671FA2015DF" _position="12605125" _address="http://data.sfgov.org/resource/ritf-b9ki/12605125"><incidntnum>150025081</incidntnum><category>WARRANTS</category><descript>WARRANT ARREST</descript><dayofweek>Friday</dayofweek><date>2015-01-09T00:00:00</date><time>00:38</time><pddistrict>INGLESIDE</pddistrict><resolution>ARREST, BOOKED</resolution><address>MISSION ST / EXCELSIOR AV</address><x>-122.433623421746</x><y>37.7262358304722</y><location human_address="{&quot;address&quot;:&quot;&quot;,&quot;city&quot;:&quot;&quot;,&quot;state&quot;:&quot;&quot;,&quot;zip&quot;:&quot;&quot;}" latitude="37.7262358304722" longitude="-122.433623421746" needs_recoding="false"/></row>