<?xml version="1.0" encoding="UTF-8"?><row _id="11085856" _uuid="82BF7E1A-4369-4B90-A828-F17F383D029A" _position="11085856" _address="http://data.sfgov.org/resource/ritf-b9ki/11085856"><incidntnum>150017276</incidntnum><category>NON-CRIMINAL</category><descript>AIDED CASE, MENTAL DISTURBED</descript><dayofweek>Tuesday</dayofweek><date>2015-01-06T00:00:00</date><time>16:53</time><pddistrict>NORTHERN</pddistrict><resolution>NONE</resolution><address>700 Block of ELLIS ST</address><x>-122.418562097105</x><y>37.7841847091303</y><location human_address="{&quot;address&quot;:&quot;&quot;,&quot;city&quot;:&quot;&quot;,&quot;state&quot;:&quot;&quot;,&quot;zip&quot;:&quot;&quot;}" latitude="37.7841847091303" longitude="-122.418562097105" needs_recoding="false"/></row>