<?xml version="1.0" encoding="UTF-8"?><row _id="11701601" _uuid="473FBAE1-38D3-46BF-B44E-9ED030C9B20F" _position="11701601" _address="http://data.sfgov.org/resource/ritf-b9ki/11701601"><incidntnum>156011775</incidntnum><category>LARCENY/THEFT</category><descript>GRAND THEFT FROM LOCKED AUTO</descript><dayofweek>Friday</dayofweek><date>2015-01-16T00:00:00</date><time>13:00</time><pddistrict>TARAVAL</pddistrict><resolution>NONE</resolution><address>500 Block of SKYLINEBLVD HY</address><x>-122.498098202551</x><y>37.7145772172019</y><location human_address="{&quot;address&quot;:&quot;&quot;,&quot;city&quot;:&quot;&quot;,&quot;state&quot;:&quot;&quot;,&quot;zip&quot;:&quot;&quot;}" latitude="37.7145772172019" longitude="-122.498098202551" needs_recoding="false"/></row>