<?xml version="1.0" encoding="UTF-8"?><row _id="10881499" _uuid="0405D3A2-8DE8-4D54-ABC4-E07385E415C8" _position="10881499" _address="http://data.sfgov.org/resource/ritf-b9ki/10881499"><incidntnum>156003716</incidntnum><category>LARCENY/THEFT</category><descript>PETTY THEFT OF PROPERTY</descript><dayofweek>Sunday</dayofweek><date>2015-01-04T00:00:00</date><time>01:00</time><pddistrict>SOUTHERN</pddistrict><resolution>NONE</resolution><address>300 Block of 11TH ST</address><x>-122.413189430011</x><y>37.7712736913576</y><location human_address="{&quot;address&quot;:&quot;&quot;,&quot;city&quot;:&quot;&quot;,&quot;state&quot;:&quot;&quot;,&quot;zip&quot;:&quot;&quot;}" latitude="37.7712736913576" longitude="-122.413189430011" needs_recoding="false"/></row>