<?xml version="1.0" encoding="UTF-8"?><row _id="12677889" _uuid="4398EE8F-9AE2-4779-9CB1-AEEC5D64BBE6" _position="12677889" _address="http://data.sfgov.org/resource/ritf-b9ki/12677889"><incidntnum>160005095</incidntnum><category>WARRANTS</category><descript>WARRANT ARREST</descript><dayofweek>Friday</dayofweek><date>2015-01-02T00:00:00</date><time>20:10</time><pddistrict>INGLESIDE</pddistrict><resolution>ARREST, BOOKED</resolution><address>100 Block of BLYTHDALE AV</address><x>-122.420556751442</x><y>37.7108945814914</y><location human_address="{&quot;address&quot;:&quot;&quot;,&quot;city&quot;:&quot;&quot;,&quot;state&quot;:&quot;&quot;,&quot;zip&quot;:&quot;&quot;}" latitude="37.7108945814914" longitude="-122.420556751442" needs_recoding="false"/></row>