<?xml version="1.0" encoding="UTF-8"?><row _id="10969846" _uuid="F82671A2-5D1F-40E6-8438-29F64195402E" _position="10969846" _address="http://data.sfgov.org/resource/ritf-b9ki/10969846"><incidntnum>156002326</incidntnum><category>LARCENY/THEFT</category><descript>PETTY THEFT OF PROPERTY</descript><dayofweek>Friday</dayofweek><date>2015-01-02T00:00:00</date><time>23:25</time><pddistrict>NORTHERN</pddistrict><resolution>NONE</resolution><address>1700 Block of POLK ST</address><x>-122.421074787492</x><y>37.7928376626584</y><location human_address="{&quot;address&quot;:&quot;&quot;,&quot;city&quot;:&quot;&quot;,&quot;state&quot;:&quot;&quot;,&quot;zip&quot;:&quot;&quot;}" latitude="37.7928376626584" longitude="-122.421074787492" needs_recoding="false"/></row>