<?xml version="1.0" encoding="UTF-8"?><row _id="12118029" _uuid="AECBFDE9-75EE-4BA3-A667-853DD936D224" _position="12118029" _address="http://data.sfgov.org/resource/ritf-b9ki/12118029"><incidntnum>150048823</incidntnum><category>LARCENY/THEFT</category><descript>PETTY THEFT FROM A BUILDING</descript><dayofweek>Friday</dayofweek><date>2015-01-16T00:00:00</date><time>08:30</time><pddistrict>NORTHERN</pddistrict><resolution>NONE</resolution><address>2400 Block of CALIFORNIA ST</address><x>-122.434667446391</x><y>37.7887453721386</y><location human_address="{&quot;address&quot;:&quot;&quot;,&quot;city&quot;:&quot;&quot;,&quot;state&quot;:&quot;&quot;,&quot;zip&quot;:&quot;&quot;}" latitude="37.7887453721386" longitude="-122.434667446391" needs_recoding="false"/></row>