<?xml version="1.0" encoding="UTF-8"?><row _id="12540413" _uuid="AD2CEAC4-192B-4BFE-9AE3-B4DE6092958A" _position="12540413" _address="http://data.sfgov.org/resource/ritf-b9ki/12540413"><incidntnum>150110676</incidntnum><category>WARRANTS</category><descript>WARRANT ARREST</descript><dayofweek>Thursday</dayofweek><date>2015-02-05T00:00:00</date><time>10:45</time><pddistrict>TARAVAL</pddistrict><resolution>ARREST, BOOKED</resolution><address>1300 Block of 46TH AV</address><x>-122.505923256341</x><y>37.761339931633</y><location human_address="{&quot;address&quot;:&quot;&quot;,&quot;city&quot;:&quot;&quot;,&quot;state&quot;:&quot;&quot;,&quot;zip&quot;:&quot;&quot;}" latitude="37.761339931633" longitude="-122.505923256341" needs_recoding="false"/></row>