<?xml version="1.0" encoding="UTF-8"?><row _id="10847908" _uuid="DC8556E2-D08B-41C2-A142-D4DF79BA3452" _position="10847908" _address="http://data.sfgov.org/resource/ritf-b9ki/10847908"><incidntnum>150036884</incidntnum><category>ROBBERY</category><descript>ROBBERY ON THE STREET, STRONGARM</descript><dayofweek>Tuesday</dayofweek><date>2015-01-13T00:00:00</date><time>01:00</time><pddistrict>CENTRAL</pddistrict><resolution>NONE</resolution><address>GRANT AV / BUSH ST</address><x>-122.40557541431</x><y>37.7905641270131</y><location human_address="{&quot;address&quot;:&quot;&quot;,&quot;city&quot;:&quot;&quot;,&quot;state&quot;:&quot;&quot;,&quot;zip&quot;:&quot;&quot;}" latitude="37.7905641270131" longitude="-122.40557541431" needs_recoding="false"/></row>