<?xml version="1.0" encoding="UTF-8"?><row _id="11937927" _uuid="A3CBC25A-F0FC-4915-A143-7992C5973554" _position="11937927" _address="http://data.sfgov.org/resource/ritf-b9ki/11937927"><incidntnum>150017812</incidntnum><category>LARCENY/THEFT</category><descript>GRAND THEFT FROM LOCKED AUTO</descript><dayofweek>Tuesday</dayofweek><date>2015-01-06T00:00:00</date><time>17:00</time><pddistrict>PARK</pddistrict><resolution>NONE</resolution><address>500 Block of STANYAN ST</address><x>-122.454252426466</x><y>37.7724037893378</y><location human_address="{&quot;address&quot;:&quot;&quot;,&quot;city&quot;:&quot;&quot;,&quot;state&quot;:&quot;&quot;,&quot;zip&quot;:&quot;&quot;}" latitude="37.7724037893378" longitude="-122.454252426466" needs_recoding="false"/></row>