<?xml version="1.0" encoding="UTF-8"?><row _id="11495019" _uuid="8E37AE0B-6DAD-4015-A7F6-AD1784EA0303" _position="11495019" _address="http://data.sfgov.org/resource/ritf-b9ki/11495019"><incidntnum>150101584</incidntnum><category>WARRANTS</category><descript>WARRANT ARREST</descript><dayofweek>Sunday</dayofweek><date>2015-01-04T00:00:00</date><time>13:30</time><pddistrict>MISSION</pddistrict><resolution>ARREST, BOOKED</resolution><address>400 Block of NOE ST</address><x>-122.432901431254</x><y>37.7614166781504</y><location human_address="{&quot;address&quot;:&quot;&quot;,&quot;city&quot;:&quot;&quot;,&quot;state&quot;:&quot;&quot;,&quot;zip&quot;:&quot;&quot;}" latitude="37.7614166781504" longitude="-122.432901431254" needs_recoding="false"/></row>