<?xml version="1.0" encoding="UTF-8"?><row _id="11664027" _uuid="1FE2CC37-FE29-4987-8612-3874D3D8ED67" _position="11664027" _address="http://data.sfgov.org/resource/ritf-b9ki/11664027"><incidntnum>150013757</incidntnum><category>SUSPICIOUS OCC</category><descript>INVESTIGATIVE DETENTION</descript><dayofweek>Monday</dayofweek><date>2015-01-05T00:00:00</date><time>15:58</time><pddistrict>INGLESIDE</pddistrict><resolution>NONE</resolution><address>300 Block of PARIS ST</address><x>-122.433771131892</x><y>37.7231138517576</y><location human_address="{&quot;address&quot;:&quot;&quot;,&quot;city&quot;:&quot;&quot;,&quot;state&quot;:&quot;&quot;,&quot;zip&quot;:&quot;&quot;}" latitude="37.7231138517576" longitude="-122.433771131892" needs_recoding="false"/></row>