<?xml version="1.0" encoding="UTF-8"?><row _id="12335111" _uuid="A74A64AB-CBD5-464A-AD31-80216857FF4F" _position="12335111" _address="http://data.sfgov.org/resource/ritf-b9ki/12335111"><incidntnum>150027087</incidntnum><category>WARRANTS</category><descript>WARRANT ARREST</descript><dayofweek>Friday</dayofweek><date>2015-01-09T00:00:00</date><time>18:10</time><pddistrict>SOUTHERN</pddistrict><resolution>ARREST, BOOKED</resolution><address>JONES ST / MARKET ST</address><x>-122.411979487494</x><y>37.7809039696758</y><location human_address="{&quot;address&quot;:&quot;&quot;,&quot;city&quot;:&quot;&quot;,&quot;state&quot;:&quot;&quot;,&quot;zip&quot;:&quot;&quot;}" latitude="37.7809039696758" longitude="-122.411979487494" needs_recoding="false"/></row>