<?xml version="1.0" encoding="UTF-8"?><row _id="12358516" _uuid="145E1D14-7F6B-4786-B425-D821F7B472CF" _position="12358516" _address="http://data.sfgov.org/resource/ritf-b9ki/12358516"><incidntnum>150015816</incidntnum><category>VEHICLE THEFT</category><descript>STOLEN AUTOMOBILE</descript><dayofweek>Monday</dayofweek><date>2015-01-05T00:00:00</date><time>17:00</time><pddistrict>NORTHERN</pddistrict><resolution>NONE</resolution><address>PACIFIC AV / FILLMORE ST</address><x>-122.434737569068</x><y>37.7933470685534</y><location human_address="{&quot;address&quot;:&quot;&quot;,&quot;city&quot;:&quot;&quot;,&quot;state&quot;:&quot;&quot;,&quot;zip&quot;:&quot;&quot;}" latitude="37.7933470685534" longitude="-122.434737569068" needs_recoding="false"/></row>