<?xml version="1.0" encoding="UTF-8"?><row _id="11863214" _uuid="13F3AE4F-9E57-4991-829A-0B2F4E59CE5D" _position="11863214" _address="http://data.sfgov.org/resource/ritf-b9ki/11863214"><incidntnum>150031179</incidntnum><category>ASSAULT</category><descript>BATTERY</descript><dayofweek>Sunday</dayofweek><date>2015-01-11T00:00:00</date><time>04:57</time><pddistrict>TARAVAL</pddistrict><resolution>NONE</resolution><address>3000 Block of SAN JOSE AV</address><x>-122.457441212767</x><y>37.7098427794823</y><location human_address="{&quot;address&quot;:&quot;&quot;,&quot;city&quot;:&quot;&quot;,&quot;state&quot;:&quot;&quot;,&quot;zip&quot;:&quot;&quot;}" latitude="37.7098427794823" longitude="-122.457441212767" needs_recoding="false"/></row>