<?xml version="1.0" encoding="UTF-8"?><row _id="11860898" _uuid="38BB96D6-6785-4B11-86F1-7AD5216D3A10" _position="11860898" _address="http://data.sfgov.org/resource/ritf-b9ki/11860898"><incidntnum>150009740</incidntnum><category>OTHER OFFENSES</category><descript>DRIVERS LICENSE, SUSPENDED OR REVOKED</descript><dayofweek>Sunday</dayofweek><date>2015-01-04T00:00:00</date><time>11:46</time><pddistrict>SOUTHERN</pddistrict><resolution>ARREST, CITED</resolution><address>800 Block of BRYANT ST</address><x>-122.403404791479</x><y>37.775420706711</y><location human_address="{&quot;address&quot;:&quot;&quot;,&quot;city&quot;:&quot;&quot;,&quot;state&quot;:&quot;&quot;,&quot;zip&quot;:&quot;&quot;}" latitude="37.775420706711" longitude="-122.403404791479" needs_recoding="false"/></row>