<?xml version="1.0" encoding="UTF-8"?><row _id="12103168" _uuid="376BB404-86AC-43F2-985A-131D05AD8DD5" _position="12103168" _address="http://data.sfgov.org/resource/ritf-b9ki/12103168"><incidntnum>150016751</incidntnum><category>FRAUD</category><descript>FALSE PRETENSES, GRAND THEFT</descript><dayofweek>Monday</dayofweek><date>2015-01-05T00:00:00</date><time>09:00</time><pddistrict>TARAVAL</pddistrict><resolution>ARREST, BOOKED</resolution><address>2400 Block of 19TH AV</address><x>-122.475458634529</x><y>37.7421054994154</y><location human_address="{&quot;address&quot;:&quot;&quot;,&quot;city&quot;:&quot;&quot;,&quot;state&quot;:&quot;&quot;,&quot;zip&quot;:&quot;&quot;}" latitude="37.7421054994154" longitude="-122.475458634529" needs_recoding="false"/></row>