<?xml version="1.0" encoding="UTF-8"?><row _id="11472926" _uuid="41F9BB24-8361-400E-A6A8-D234658E803A" _position="11472926" _address="http://data.sfgov.org/resource/ritf-b9ki/11472926"><incidntnum>150038909</incidntnum><category>SUSPICIOUS OCC</category><descript>SUSPICIOUS OCCURRENCE</descript><dayofweek>Wednesday</dayofweek><date>2015-01-07T00:00:00</date><time>12:00</time><pddistrict>RICHMOND</pddistrict><resolution>NONE</resolution><address>3500 Block of GEARY BL</address><x>-122.457016163474</x><y>37.7812163786666</y><location human_address="{&quot;address&quot;:&quot;&quot;,&quot;city&quot;:&quot;&quot;,&quot;state&quot;:&quot;&quot;,&quot;zip&quot;:&quot;&quot;}" latitude="37.7812163786666" longitude="-122.457016163474" needs_recoding="false"/></row>