<?xml version="1.0" encoding="UTF-8"?><row _id="10908929" _uuid="E5264C3F-EBA1-425F-8E57-9DC5263B049C" _position="10908929" _address="http://data.sfgov.org/resource/ritf-b9ki/10908929"><incidntnum>150025774</incidntnum><category>ASSAULT</category><descript>BATTERY, FORMER SPOUSE OR DATING RELATIONSHIP</descript><dayofweek>Friday</dayofweek><date>2015-01-09T00:00:00</date><time>10:16</time><pddistrict>INGLESIDE</pddistrict><resolution>ARREST, BOOKED</resolution><address>1900 Block of SUNNYDALE AV</address><x>-122.417107986993</x><y>37.7122561827524</y><location human_address="{&quot;address&quot;:&quot;&quot;,&quot;city&quot;:&quot;&quot;,&quot;state&quot;:&quot;&quot;,&quot;zip&quot;:&quot;&quot;}" latitude="37.7122561827524" longitude="-122.417107986993" needs_recoding="false"/></row>