<?xml version="1.0" encoding="UTF-8"?><row _id="12108035" _uuid="3E2C44E2-1B03-4461-B47D-D8B44B98C231" _position="12108035" _address="http://data.sfgov.org/resource/ritf-b9ki/12108035"><incidntnum>150009455</incidntnum><category>LARCENY/THEFT</category><descript>GRAND THEFT FROM LOCKED AUTO</descript><dayofweek>Saturday</dayofweek><date>2015-01-03T00:00:00</date><time>00:01</time><pddistrict>SOUTHERN</pddistrict><resolution>NONE</resolution><address>900 Block of HOWARD ST</address><x>-122.406508487003</x><y>37.7803313209065</y><location human_address="{&quot;address&quot;:&quot;&quot;,&quot;city&quot;:&quot;&quot;,&quot;state&quot;:&quot;&quot;,&quot;zip&quot;:&quot;&quot;}" latitude="37.7803313209065" longitude="-122.406508487003" needs_recoding="false"/></row>