<?xml version="1.0" encoding="UTF-8"?><row _id="12249011" _uuid="410BC316-D6B7-458E-A4EF-44F6ACC13E33" _position="12249011" _address="http://data.sfgov.org/resource/ritf-b9ki/12249011"><incidntnum>150060134</incidntnum><category>NON-CRIMINAL</category><descript>FIRE REPORT</descript><dayofweek>Tuesday</dayofweek><date>2015-01-20T00:00:00</date><time>12:20</time><pddistrict>INGLESIDE</pddistrict><resolution>NONE</resolution><address>SANTOS ST / VELASCO AV</address><x>-122.419348416119</x><y>37.7099491573125</y><location human_address="{&quot;address&quot;:&quot;&quot;,&quot;city&quot;:&quot;&quot;,&quot;state&quot;:&quot;&quot;,&quot;zip&quot;:&quot;&quot;}" latitude="37.7099491573125" longitude="-122.419348416119" needs_recoding="false"/></row>