<?xml version="1.0" encoding="UTF-8"?><row _id="12500730" _uuid="9C6882CB-3E4A-445F-B4F1-63924F729CDF" _position="12500730" _address="http://data.sfgov.org/resource/ritf-b9ki/12500730"><incidntnum>150010474</incidntnum><category>NON-CRIMINAL</category><descript>FOUND PROPERTY</descript><dayofweek>Sunday</dayofweek><date>2015-01-04T00:00:00</date><time>11:45</time><pddistrict>NORTHERN</pddistrict><resolution>NONE</resolution><address>LOMBARD ST / POLK ST</address><x>-122.422903989743</x><y>37.8015561122036</y><location human_address="{&quot;address&quot;:&quot;&quot;,&quot;city&quot;:&quot;&quot;,&quot;state&quot;:&quot;&quot;,&quot;zip&quot;:&quot;&quot;}" latitude="37.8015561122036" longitude="-122.422903989743" needs_recoding="false"/></row>