<?xml version="1.0" encoding="UTF-8"?><row _id="11816330" _uuid="F8F3A7D2-EB0E-4CC9-AEC8-E8420BA19698" _position="11816330" _address="http://data.sfgov.org/resource/ritf-b9ki/11816330"><incidntnum>150013581</incidntnum><category>VEHICLE THEFT</category><descript>STOLEN TRUCK</descript><dayofweek>Monday</dayofweek><date>2015-01-05T00:00:00</date><time>13:00</time><pddistrict>CENTRAL</pddistrict><resolution>NONE</resolution><address>BUSH ST / LARKIN ST</address><x>-122.418658294829</x><y>37.7889098399421</y><location human_address="{&quot;address&quot;:&quot;&quot;,&quot;city&quot;:&quot;&quot;,&quot;state&quot;:&quot;&quot;,&quot;zip&quot;:&quot;&quot;}" latitude="37.7889098399421" longitude="-122.418658294829" needs_recoding="false"/></row>