<?xml version="1.0" encoding="UTF-8"?><row _id="12311821" _uuid="6073212B-6406-4BFD-B7E5-E12F9BB6070E" _position="12311821" _address="http://data.sfgov.org/resource/ritf-b9ki/12311821"><incidntnum>150027526</incidntnum><category>DRUG/NARCOTIC</category><descript>SALE OF BASE/ROCK COCAINE</descript><dayofweek>Friday</dayofweek><date>2015-01-09T00:00:00</date><time>20:13</time><pddistrict>TENDERLOIN</pddistrict><resolution>ARREST, BOOKED</resolution><address>EDDY ST / TAYLOR ST</address><x>-122.410955248906</x><y>37.7841399509594</y><location human_address="{&quot;address&quot;:&quot;&quot;,&quot;city&quot;:&quot;&quot;,&quot;state&quot;:&quot;&quot;,&quot;zip&quot;:&quot;&quot;}" latitude="37.7841399509594" longitude="-122.410955248906" needs_recoding="false"/></row>