<?xml version="1.0" encoding="UTF-8"?><row _id="11145106" _uuid="5B6E4547-D016-4433-A3BA-D5286E7A1B80" _position="11145106" _address="http://data.sfgov.org/resource/ritf-b9ki/11145106"><incidntnum>150021744</incidntnum><category>LARCENY/THEFT</category><descript>PETTY THEFT FROM LOCKED AUTO</descript><dayofweek>Wednesday</dayofweek><date>2015-01-07T00:00:00</date><time>21:35</time><pddistrict>SOUTHERN</pddistrict><resolution>NONE</resolution><address>100 Block of STILLMAN ST</address><x>-122.397461770461</x><y>37.7808091185679</y><location human_address="{&quot;address&quot;:&quot;&quot;,&quot;city&quot;:&quot;&quot;,&quot;state&quot;:&quot;&quot;,&quot;zip&quot;:&quot;&quot;}" latitude="37.7808091185679" longitude="-122.397461770461" needs_recoding="false"/></row>