<?xml version="1.0" encoding="UTF-8"?><row _id="11218766" _uuid="1AEE9909-0C1A-4836-B4CE-16AD64C89A75" _position="11218766" _address="http://data.sfgov.org/resource/ritf-b9ki/11218766"><incidntnum>150035983</incidntnum><category>OTHER OFFENSES</category><descript>FALSE PERSONATION</descript><dayofweek>Sunday</dayofweek><date>2015-01-11T00:00:00</date><time>07:19</time><pddistrict>PARK</pddistrict><resolution>NONE</resolution><address>1800 Block of GOLDEN GATE AV</address><x>-122.441044298253</x><y>37.7783492556721</y><location human_address="{&quot;address&quot;:&quot;&quot;,&quot;city&quot;:&quot;&quot;,&quot;state&quot;:&quot;&quot;,&quot;zip&quot;:&quot;&quot;}" latitude="37.7783492556721" longitude="-122.441044298253" needs_recoding="false"/></row>