<?xml version="1.0" encoding="UTF-8"?><row _id="11827792" _uuid="2FF5D3D6-1767-4C7B-9EA1-8951ED815AEF" _position="11827792" _address="http://data.sfgov.org/resource/ritf-b9ki/11827792"><incidntnum>150004819</incidntnum><category>ASSAULT</category><descript>THREATENING PHONE CALL(S)</descript><dayofweek>Friday</dayofweek><date>2015-01-02T00:00:00</date><time>15:00</time><pddistrict>TENDERLOIN</pddistrict><resolution>NONE</resolution><address>200 Block of GOLDEN GATE AV</address><x>-122.414302052544</x><y>37.781863316866</y><location human_address="{&quot;address&quot;:&quot;&quot;,&quot;city&quot;:&quot;&quot;,&quot;state&quot;:&quot;&quot;,&quot;zip&quot;:&quot;&quot;}" latitude="37.781863316866" longitude="-122.414302052544" needs_recoding="false"/></row>