<?xml version="1.0" encoding="UTF-8"?><row _id="11698756" _uuid="D07E611B-96FC-43D3-BBE0-395B0FE48B5F" _position="11698756" _address="http://data.sfgov.org/resource/ritf-b9ki/11698756"><incidntnum>150027162</incidntnum><category>STOLEN PROPERTY</category><descript>STOLEN CELLULAR PHONE, NON-CLONED, POSSESSION</descript><dayofweek>Friday</dayofweek><date>2015-01-09T00:00:00</date><time>18:05</time><pddistrict>MISSION</pddistrict><resolution>JUVENILE BOOKED</resolution><address>24TH ST / MISSION ST</address><x>-122.418448186101</x><y>37.7522391652625</y><location human_address="{&quot;address&quot;:&quot;&quot;,&quot;city&quot;:&quot;&quot;,&quot;state&quot;:&quot;&quot;,&quot;zip&quot;:&quot;&quot;}" latitude="37.7522391652625" longitude="-122.418448186101" needs_recoding="false"/></row>