<?xml version="1.0" encoding="UTF-8"?><row _id="11731880" _uuid="ADFCA167-3AB2-4F63-8F05-E1B49B2D34F5" _position="11731880" _address="http://data.sfgov.org/resource/ritf-b9ki/11731880"><incidntnum>150015305</incidntnum><category>SUSPICIOUS OCC</category><descript>INVESTIGATIVE DETENTION</descript><dayofweek>Tuesday</dayofweek><date>2015-01-06T00:00:00</date><time>06:20</time><pddistrict>NORTHERN</pddistrict><resolution>NONE</resolution><address>700 Block of ELLIS ST</address><x>-122.418562097105</x><y>37.7841847091303</y><location human_address="{&quot;address&quot;:&quot;&quot;,&quot;city&quot;:&quot;&quot;,&quot;state&quot;:&quot;&quot;,&quot;zip&quot;:&quot;&quot;}" latitude="37.7841847091303" longitude="-122.418562097105" needs_recoding="false"/></row>