<?xml version="1.0" encoding="UTF-8"?><row _id="12516844" _uuid="0B3117E4-05AE-46B0-B334-7C2B9B83D5CF" _position="12516844" _address="http://data.sfgov.org/resource/ritf-b9ki/12516844"><incidntnum>156008142</incidntnum><category>NON-CRIMINAL</category><descript>LOST PROPERTY</descript><dayofweek>Saturday</dayofweek><date>2015-01-10T00:00:00</date><time>15:00</time><pddistrict>RICHMOND</pddistrict><resolution>NONE</resolution><address>CALIFORNIA ST / LOCUST ST</address><x>-122.451757655731</x><y>37.7866167883705</y><location human_address="{&quot;address&quot;:&quot;&quot;,&quot;city&quot;:&quot;&quot;,&quot;state&quot;:&quot;&quot;,&quot;zip&quot;:&quot;&quot;}" latitude="37.7866167883705" longitude="-122.451757655731" needs_recoding="false"/></row>