<?xml version="1.0" encoding="UTF-8"?><row _id="11673739" _uuid="3476E3DA-54AB-4720-8652-11BCD869AE07" _position="11673739" _address="http://data.sfgov.org/resource/ritf-b9ki/11673739"><incidntnum>150004988</incidntnum><category>LARCENY/THEFT</category><descript>GRAND THEFT FROM A BUILDING</descript><dayofweek>Friday</dayofweek><date>2015-01-02T00:00:00</date><time>14:15</time><pddistrict>CENTRAL</pddistrict><resolution>NONE</resolution><address>100 Block of GEARY ST</address><x>-122.405841476462</x><y>37.7877190985177</y><location human_address="{&quot;address&quot;:&quot;&quot;,&quot;city&quot;:&quot;&quot;,&quot;state&quot;:&quot;&quot;,&quot;zip&quot;:&quot;&quot;}" latitude="37.7877190985177" longitude="-122.405841476462" needs_recoding="false"/></row>