<?xml version="1.0" encoding="UTF-8"?><row _id="11641572" _uuid="562503D3-7971-46B9-8947-61C0D5D5C43C" _position="11641572" _address="http://data.sfgov.org/resource/ritf-b9ki/11641572"><incidntnum>150068702</incidntnum><category>OTHER OFFENSES</category><descript>DRIVERS LICENSE, SUSPENDED OR REVOKED</descript><dayofweek>Thursday</dayofweek><date>2015-01-22T00:00:00</date><time>22:20</time><pddistrict>INGLESIDE</pddistrict><resolution>ARREST, BOOKED</resolution><address>GENEVA AV / PRAGUE ST</address><x>-122.431928011089</x><y>37.712767884821</y><location human_address="{&quot;address&quot;:&quot;&quot;,&quot;city&quot;:&quot;&quot;,&quot;state&quot;:&quot;&quot;,&quot;zip&quot;:&quot;&quot;}" latitude="37.712767884821" longitude="-122.431928011089" needs_recoding="false"/></row>