<?xml version="1.0" encoding="UTF-8"?><row _id="12484254" _uuid="7CDD3069-5F2A-4E21-924D-2938648E5857" _position="12484254" _address="http://data.sfgov.org/resource/ritf-b9ki/12484254"><incidntnum>150022667</incidntnum><category>SUSPICIOUS OCC</category><descript>SUSPICIOUS OCCURRENCE</descript><dayofweek>Thursday</dayofweek><date>2015-01-08T00:00:00</date><time>10:45</time><pddistrict>INGLESIDE</pddistrict><resolution>NONE</resolution><address>200 Block of EVELYN WY</address><x>-122.449389111284</x><y>37.7426688025766</y><location human_address="{&quot;address&quot;:&quot;&quot;,&quot;city&quot;:&quot;&quot;,&quot;state&quot;:&quot;&quot;,&quot;zip&quot;:&quot;&quot;}" latitude="37.7426688025766" longitude="-122.449389111284" needs_recoding="false"/></row>