<?xml version="1.0" encoding="UTF-8"?><row _id="12677670" _uuid="25C9226A-AE15-4386-901D-031F609DC48B" _position="12677670" _address="http://data.sfgov.org/resource/ritf-b9ki/12677670"><incidntnum>166003182</incidntnum><category>LARCENY/THEFT</category><descript>PETTY THEFT OF PROPERTY</descript><dayofweek>Friday</dayofweek><date>2015-01-02T00:00:00</date><time>15:30</time><pddistrict>SOUTHERN</pddistrict><resolution>NONE</resolution><address>MARKET ST / STOCKTON ST</address><x>-122.405832474482</x><y>37.7857446545609</y><location human_address="{&quot;address&quot;:&quot;&quot;,&quot;city&quot;:&quot;&quot;,&quot;state&quot;:&quot;&quot;,&quot;zip&quot;:&quot;&quot;}" latitude="37.7857446545609" longitude="-122.405832474482" needs_recoding="false"/></row>