<?xml version="1.0" encoding="UTF-8"?><row _id="12541895" _uuid="A7FFA5BC-B76D-4669-BF57-C9D6D61652C8" _position="12541895" _address="http://data.sfgov.org/resource/ritf-b9ki/12541895"><incidntnum>150123538</incidntnum><category>DRUG/NARCOTIC</category><descript>POSSESSION OF BASE/ROCK COCAINE</descript><dayofweek>Monday</dayofweek><date>2015-02-09T00:00:00</date><time>19:34</time><pddistrict>TENDERLOIN</pddistrict><resolution>ARREST, BOOKED</resolution><address>700 Block of OFARRELL ST</address><x>-122.417107256373</x><y>37.7853238292094</y><location human_address="{&quot;address&quot;:&quot;&quot;,&quot;city&quot;:&quot;&quot;,&quot;state&quot;:&quot;&quot;,&quot;zip&quot;:&quot;&quot;}" latitude="37.7853238292094" longitude="-122.417107256373" needs_recoding="false"/></row>