<?xml version="1.0" encoding="UTF-8"?><row _id="11878750" _uuid="4EFBB754-EDAC-4987-9163-7860E2C99F59" _position="11878750" _address="http://data.sfgov.org/resource/ritf-b9ki/11878750"><incidntnum>150007948</incidntnum><category>WARRANTS</category><descript>ENROUTE TO DEPARTMENT OF CORRECTIONS</descript><dayofweek>Saturday</dayofweek><date>2015-01-03T00:00:00</date><time>17:31</time><pddistrict>TENDERLOIN</pddistrict><resolution>ARREST, BOOKED</resolution><address>0 Block of JONES ST</address><x>-122.412054141237</x><y>37.7816136403158</y><location human_address="{&quot;address&quot;:&quot;&quot;,&quot;city&quot;:&quot;&quot;,&quot;state&quot;:&quot;&quot;,&quot;zip&quot;:&quot;&quot;}" latitude="37.7816136403158" longitude="-122.412054141237" needs_recoding="false"/></row>