<?xml version="1.0" encoding="UTF-8"?><row _id="11908672" _uuid="37EDF2A5-6150-439F-BF1F-DB9088521613" _position="11908672" _address="http://data.sfgov.org/resource/ritf-b9ki/11908672"><incidntnum>150005657</incidntnum><category>LARCENY/THEFT</category><descript>PETTY THEFT FROM LOCKED AUTO</descript><dayofweek>Friday</dayofweek><date>2015-01-02T00:00:00</date><time>19:00</time><pddistrict>CENTRAL</pddistrict><resolution>NONE</resolution><address>LEAVENWORTH ST / BEACH ST</address><x>-122.418911060677</x><y>37.806862238932</y><location human_address="{&quot;address&quot;:&quot;&quot;,&quot;city&quot;:&quot;&quot;,&quot;state&quot;:&quot;&quot;,&quot;zip&quot;:&quot;&quot;}" latitude="37.806862238932" longitude="-122.418911060677" needs_recoding="false"/></row>