<?xml version="1.0" encoding="UTF-8"?><row _id="12469532" _uuid="260BB8E1-CA7E-4A35-9B14-CF8940FE815F" _position="12469532" _address="http://data.sfgov.org/resource/ritf-b9ki/12469532"><incidntnum>150011977</incidntnum><category>OTHER OFFENSES</category><descript>DRIVERS LICENSE, SUSPENDED OR REVOKED</descript><dayofweek>Monday</dayofweek><date>2015-01-05T00:00:00</date><time>08:35</time><pddistrict>TENDERLOIN</pddistrict><resolution>ARREST, BOOKED</resolution><address>TURK ST / HYDE ST</address><x>-122.415694922134</x><y>37.7825851968467</y><location human_address="{&quot;address&quot;:&quot;&quot;,&quot;city&quot;:&quot;&quot;,&quot;state&quot;:&quot;&quot;,&quot;zip&quot;:&quot;&quot;}" latitude="37.7825851968467" longitude="-122.415694922134" needs_recoding="false"/></row>