<?xml version="1.0" encoding="UTF-8"?><row _id="12108818" _uuid="81DB6AEB-3893-4D10-B1E1-0F0EA5A6C80A" _position="12108818" _address="http://data.sfgov.org/resource/ritf-b9ki/12108818"><incidntnum>156018947</incidntnum><category>LARCENY/THEFT</category><descript>GRAND THEFT FROM LOCKED AUTO</descript><dayofweek>Sunday</dayofweek><date>2015-01-04T00:00:00</date><time>17:30</time><pddistrict>TENDERLOIN</pddistrict><resolution>NONE</resolution><address>400 Block of EDDY ST</address><x>-122.415088721046</x><y>37.7836719564372</y><location human_address="{&quot;address&quot;:&quot;&quot;,&quot;city&quot;:&quot;&quot;,&quot;state&quot;:&quot;&quot;,&quot;zip&quot;:&quot;&quot;}" latitude="37.7836719564372" longitude="-122.415088721046" needs_recoding="false"/></row>