<?xml version="1.0" encoding="UTF-8"?><row _id="11796356" _uuid="77E01604-1C5B-40A5-BA4D-930E36ADDA9A" _position="11796356" _address="http://data.sfgov.org/resource/ritf-b9ki/11796356"><incidntnum>150010101</incidntnum><category>WARRANTS</category><descript>WARRANT ARREST</descript><dayofweek>Sunday</dayofweek><date>2015-01-04T00:00:00</date><time>06:45</time><pddistrict>SOUTHERN</pddistrict><resolution>NONE</resolution><address>1400 Block of MISSION ST</address><x>-122.416566499663</x><y>37.7748284841464</y><location human_address="{&quot;address&quot;:&quot;&quot;,&quot;city&quot;:&quot;&quot;,&quot;state&quot;:&quot;&quot;,&quot;zip&quot;:&quot;&quot;}" latitude="37.7748284841464" longitude="-122.416566499663" needs_recoding="false"/></row>