<?xml version="1.0" encoding="UTF-8"?><row _id="12072547" _uuid="D4CF026E-2C43-48DC-985A-14F4FA0941B6" _position="12072547" _address="http://data.sfgov.org/resource/ritf-b9ki/12072547"><incidntnum>156002473</incidntnum><category>LARCENY/THEFT</category><descript>GRAND THEFT FROM LOCKED AUTO</descript><dayofweek>Saturday</dayofweek><date>2015-01-03T00:00:00</date><time>16:10</time><pddistrict>NORTHERN</pddistrict><resolution>NONE</resolution><address>VANNESS AV / OLIVE ST</address><x>-122.421096796936</x><y>37.7842937802977</y><location human_address="{&quot;address&quot;:&quot;&quot;,&quot;city&quot;:&quot;&quot;,&quot;state&quot;:&quot;&quot;,&quot;zip&quot;:&quot;&quot;}" latitude="37.7842937802977" longitude="-122.421096796936" needs_recoding="false"/></row>