<?xml version="1.0" encoding="UTF-8"?><row _id="11930099" _uuid="DDF03DBB-420A-4880-9F96-3448CD9C1C62" _position="11930099" _address="http://data.sfgov.org/resource/ritf-b9ki/11930099"><incidntnum>156007837</incidntnum><category>LARCENY/THEFT</category><descript>GRAND THEFT FROM LOCKED AUTO</descript><dayofweek>Friday</dayofweek><date>2015-01-09T00:00:00</date><time>08:15</time><pddistrict>RICHMOND</pddistrict><resolution>NONE</resolution><address>3300 Block of GEARY BL</address><x>-122.454715495025</x><y>37.7813970325524</y><location human_address="{&quot;address&quot;:&quot;&quot;,&quot;city&quot;:&quot;&quot;,&quot;state&quot;:&quot;&quot;,&quot;zip&quot;:&quot;&quot;}" latitude="37.7813970325524" longitude="-122.454715495025" needs_recoding="false"/></row>