<?xml version="1.0" encoding="UTF-8"?><row _id="12343129" _uuid="226797DE-92A3-46F2-BDED-1E268BFFF853" _position="12343129" _address="http://data.sfgov.org/resource/ritf-b9ki/12343129"><incidntnum>150005431</incidntnum><category>SUSPICIOUS OCC</category><descript>SUSPICIOUS OCCURRENCE</descript><dayofweek>Friday</dayofweek><date>2015-01-02T00:00:00</date><time>19:15</time><pddistrict>NORTHERN</pddistrict><resolution>NONE</resolution><address>POST ST / WEBSTER ST</address><x>-122.431369772433</x><y>37.7853730435472</y><location human_address="{&quot;address&quot;:&quot;&quot;,&quot;city&quot;:&quot;&quot;,&quot;state&quot;:&quot;&quot;,&quot;zip&quot;:&quot;&quot;}" latitude="37.7853730435472" longitude="-122.431369772433" needs_recoding="false"/></row>