<?xml version="1.0" encoding="UTF-8"?><row _id="11196012" _uuid="1BB66FF8-D9BA-4FA6-88DE-255B9F36916E" _position="11196012" _address="http://data.sfgov.org/resource/ritf-b9ki/11196012"><incidntnum>150032105</incidntnum><category>NON-CRIMINAL</category><descript>CASE CLOSURE</descript><dayofweek>Sunday</dayofweek><date>2015-01-04T00:00:00</date><time>14:00</time><pddistrict>CENTRAL</pddistrict><resolution>EXCEPTIONAL CLEARANCE</resolution><address>800 Block of VALLEJO ST</address><x>-122.411302650354</x><y>37.798321225099</y><location human_address="{&quot;address&quot;:&quot;&quot;,&quot;city&quot;:&quot;&quot;,&quot;state&quot;:&quot;&quot;,&quot;zip&quot;:&quot;&quot;}" latitude="37.798321225099" longitude="-122.411302650354" needs_recoding="false"/></row>