<?xml version="1.0" encoding="UTF-8"?><row _id="11854020" _uuid="CAA9A2ED-0EA1-4839-A265-78D3B128B1AF" _position="11854020" _address="http://data.sfgov.org/resource/ritf-b9ki/11854020"><incidntnum>156013367</incidntnum><category>LARCENY/THEFT</category><descript>GRAND THEFT FROM UNLOCKED AUTO</descript><dayofweek>Saturday</dayofweek><date>2015-01-17T00:00:00</date><time>23:00</time><pddistrict>CENTRAL</pddistrict><resolution>NONE</resolution><address>KEARNY ST / PACIFIC AV</address><x>-122.405320552012</x><y>37.7970893815548</y><location human_address="{&quot;address&quot;:&quot;&quot;,&quot;city&quot;:&quot;&quot;,&quot;state&quot;:&quot;&quot;,&quot;zip&quot;:&quot;&quot;}" latitude="37.7970893815548" longitude="-122.405320552012" needs_recoding="false"/></row>