<?xml version="1.0" encoding="UTF-8"?><row _id="11157270" _uuid="ADE44752-583A-4F4E-AAAA-0322E66D360E" _position="11157270" _address="http://data.sfgov.org/resource/ritf-b9ki/11157270"><incidntnum>156014995</incidntnum><category>LARCENY/THEFT</category><descript>GRAND THEFT FROM LOCKED AUTO</descript><dayofweek>Sunday</dayofweek><date>2015-01-04T00:00:00</date><time>02:30</time><pddistrict>INGLESIDE</pddistrict><resolution>NONE</resolution><address>STILL ST / BADGER ST</address><x>-122.434188905847</x><y>37.7312204961406</y><location human_address="{&quot;address&quot;:&quot;&quot;,&quot;city&quot;:&quot;&quot;,&quot;state&quot;:&quot;&quot;,&quot;zip&quot;:&quot;&quot;}" latitude="37.7312204961406" longitude="-122.434188905847" needs_recoding="false"/></row>