<?xml version="1.0" encoding="UTF-8"?><row _id="10867277" _uuid="952F9E11-6148-465E-9424-6F8C47C3B10E" _position="10867277" _address="http://data.sfgov.org/resource/ritf-b9ki/10867277"><incidntnum>156011634</incidntnum><category>LARCENY/THEFT</category><descript>GRAND THEFT FROM LOCKED AUTO</descript><dayofweek>Friday</dayofweek><date>2015-01-16T00:00:00</date><time>09:02</time><pddistrict>NORTHERN</pddistrict><resolution>NONE</resolution><address>BUSH ST / STEINER ST</address><x>-122.435107179729</x><y>37.7868088327514</y><location human_address="{&quot;address&quot;:&quot;&quot;,&quot;city&quot;:&quot;&quot;,&quot;state&quot;:&quot;&quot;,&quot;zip&quot;:&quot;&quot;}" latitude="37.7868088327514" longitude="-122.435107179729" needs_recoding="false"/></row>