<?xml version="1.0" encoding="UTF-8"?><row _id="12485573" _uuid="080D996E-BAEA-4AE9-A8A7-ACBBE6B7560C" _position="12485573" _address="http://data.sfgov.org/resource/ritf-b9ki/12485573"><incidntnum>156005552</incidntnum><category>LARCENY/THEFT</category><descript>PETTY THEFT OF PROPERTY</descript><dayofweek>Saturday</dayofweek><date>2015-01-03T00:00:00</date><time>08:55</time><pddistrict>SOUTHERN</pddistrict><resolution>NONE</resolution><address>0 Block of THE EMBARCADEROSOUTH ST</address><x>-122.388379873919</x><y>37.7833104067015</y><location human_address="{&quot;address&quot;:&quot;&quot;,&quot;city&quot;:&quot;&quot;,&quot;state&quot;:&quot;&quot;,&quot;zip&quot;:&quot;&quot;}" latitude="37.7833104067015" longitude="-122.388379873919" needs_recoding="false"/></row>