<?xml version="1.0" encoding="UTF-8"?><row _id="12059600" _uuid="494E1B02-5760-429F-81A5-95E277A70478" _position="12059600" _address="http://data.sfgov.org/resource/ritf-b9ki/12059600"><incidntnum>156014359</incidntnum><category>LARCENY/THEFT</category><descript>GRAND THEFT FROM LOCKED AUTO</descript><dayofweek>Sunday</dayofweek><date>2015-01-18T00:00:00</date><time>09:30</time><pddistrict>NORTHERN</pddistrict><resolution>NONE</resolution><address>2900 Block of VANNESS AV</address><x>-122.424656302023</x><y>37.8027754871782</y><location human_address="{&quot;address&quot;:&quot;&quot;,&quot;city&quot;:&quot;&quot;,&quot;state&quot;:&quot;&quot;,&quot;zip&quot;:&quot;&quot;}" latitude="37.8027754871782" longitude="-122.424656302023" needs_recoding="false"/></row>