<?xml version="1.0" encoding="UTF-8"?><row _id="11984119" _uuid="56C9A140-EB19-4137-B278-40032CF20318" _position="11984119" _address="http://data.sfgov.org/resource/ritf-b9ki/11984119"><incidntnum>150028615</incidntnum><category>WARRANTS</category><descript>WARRANT ARREST</descript><dayofweek>Friday</dayofweek><date>2015-01-09T00:00:00</date><time>20:00</time><pddistrict>NORTHERN</pddistrict><resolution>ARREST, BOOKED</resolution><address>400 Block of STEINER ST</address><x>-122.432307054076</x><y>37.7733106929264</y><location human_address="{&quot;address&quot;:&quot;&quot;,&quot;city&quot;:&quot;&quot;,&quot;state&quot;:&quot;&quot;,&quot;zip&quot;:&quot;&quot;}" latitude="37.7733106929264" longitude="-122.432307054076" needs_recoding="false"/></row>