<?xml version="1.0" encoding="UTF-8"?><row _id="12355919" _uuid="229C6530-3295-49ED-BA94-49E90E40DB9D" _position="12355919" _address="http://data.sfgov.org/resource/ritf-b9ki/12355919"><incidntnum>156006243</incidntnum><category>LARCENY/THEFT</category><descript>GRAND THEFT FROM LOCKED AUTO</descript><dayofweek>Wednesday</dayofweek><date>2015-01-07T00:00:00</date><time>22:30</time><pddistrict>NORTHERN</pddistrict><resolution>NONE</resolution><address>0 Block of WALLER ST</address><x>-122.424535363098</x><y>37.771951149902</y><location human_address="{&quot;address&quot;:&quot;&quot;,&quot;city&quot;:&quot;&quot;,&quot;state&quot;:&quot;&quot;,&quot;zip&quot;:&quot;&quot;}" latitude="37.771951149902" longitude="-122.424535363098" needs_recoding="false"/></row>