<?xml version="1.0" encoding="UTF-8"?><row _id="11751146" _uuid="43E30B0D-C81D-42D6-A558-B6C95299B832" _position="11751146" _address="http://data.sfgov.org/resource/ritf-b9ki/11751146"><incidntnum>150012549</incidntnum><category>ASSAULT</category><descript>BATTERY, FORMER SPOUSE OR DATING RELATIONSHIP</descript><dayofweek>Monday</dayofweek><date>2015-01-05T00:00:00</date><time>10:00</time><pddistrict>TARAVAL</pddistrict><resolution>NONE</resolution><address>200 Block of SANTACLARA AV</address><x>-122.466244782322</x><y>37.7358116029051</y><location human_address="{&quot;address&quot;:&quot;&quot;,&quot;city&quot;:&quot;&quot;,&quot;state&quot;:&quot;&quot;,&quot;zip&quot;:&quot;&quot;}" latitude="37.7358116029051" longitude="-122.466244782322" needs_recoding="false"/></row>