<?xml version="1.0" encoding="UTF-8"?><row _id="11440563" _uuid="641D3C8B-AA85-4765-ABE0-36EF41B4760C" _position="11440563" _address="http://data.sfgov.org/resource/ritf-b9ki/11440563"><incidntnum>150052636</incidntnum><category>OTHER OFFENSES</category><descript>DRIVERS LICENSE, SUSPENDED OR REVOKED</descript><dayofweek>Saturday</dayofweek><date>2015-01-17T00:00:00</date><time>20:09</time><pddistrict>BAYVIEW</pddistrict><resolution>ARREST, BOOKED</resolution><address>PENNSYLVANIA AV / MARIPOSA ST</address><x>-122.393732090374</x><y>37.7640221094087</y><location human_address="{&quot;address&quot;:&quot;&quot;,&quot;city&quot;:&quot;&quot;,&quot;state&quot;:&quot;&quot;,&quot;zip&quot;:&quot;&quot;}" latitude="37.7640221094087" longitude="-122.393732090374" needs_recoding="false"/></row>