<?xml version="1.0" encoding="UTF-8"?><row _id="12055241" _uuid="966B1D19-CB49-4D43-89D4-63D0677F1F4B" _position="12055241" _address="http://data.sfgov.org/resource/ritf-b9ki/12055241"><incidntnum>150018127</incidntnum><category>ASSAULT</category><descript>THREATS AGAINST LIFE</descript><dayofweek>Tuesday</dayofweek><date>2015-01-06T00:00:00</date><time>21:50</time><pddistrict>TENDERLOIN</pddistrict><resolution>NONE</resolution><address>MARKET ST / LARKIN ST</address><x>-122.416293820935</x><y>37.777493677735</y><location human_address="{&quot;address&quot;:&quot;&quot;,&quot;city&quot;:&quot;&quot;,&quot;state&quot;:&quot;&quot;,&quot;zip&quot;:&quot;&quot;}" latitude="37.777493677735" longitude="-122.416293820935" needs_recoding="false"/></row>