<?xml version="1.0" encoding="UTF-8"?><row _id="10952700" _uuid="6AB4DDA2-FC61-449E-94CF-F4825A71B90A" _position="10952700" _address="http://data.sfgov.org/resource/ritf-b9ki/10952700"><incidntnum>150022708</incidntnum><category>LARCENY/THEFT</category><descript>PETTY THEFT FROM LOCKED AUTO</descript><dayofweek>Thursday</dayofweek><date>2015-01-08T00:00:00</date><time>11:00</time><pddistrict>NORTHERN</pddistrict><resolution>NONE</resolution><address>CHESTNUT ST / POLK ST</address><x>-122.423090882965</x><y>37.8024897590924</y><location human_address="{&quot;address&quot;:&quot;&quot;,&quot;city&quot;:&quot;&quot;,&quot;state&quot;:&quot;&quot;,&quot;zip&quot;:&quot;&quot;}" latitude="37.8024897590924" longitude="-122.423090882965" needs_recoding="false"/></row>