<?xml version="1.0" encoding="UTF-8"?><row _id="11795947" _uuid="186955C7-838E-4C4D-9AF0-0FEC1E36C4CD" _position="11795947" _address="http://data.sfgov.org/resource/ritf-b9ki/11795947"><incidntnum>150038589</incidntnum><category>WARRANTS</category><descript>PAROLE SEARCH</descript><dayofweek>Tuesday</dayofweek><date>2015-01-13T00:00:00</date><time>15:31</time><pddistrict>SOUTHERN</pddistrict><resolution>NONE</resolution><address>MARKET ST / MASON ST</address><x>-122.408953598279</x><y>37.783287873572</y><location human_address="{&quot;address&quot;:&quot;&quot;,&quot;city&quot;:&quot;&quot;,&quot;state&quot;:&quot;&quot;,&quot;zip&quot;:&quot;&quot;}" latitude="37.783287873572" longitude="-122.408953598279" needs_recoding="false"/></row>