<?xml version="1.0" encoding="UTF-8"?><row _id="11458788" _uuid="6145B8CE-39D0-489B-806E-2F1782FF03A0" _position="11458788" _address="http://data.sfgov.org/resource/ritf-b9ki/11458788"><incidntnum>150028518</incidntnum><category>VANDALISM</category><descript>MALICIOUS MISCHIEF, VANDALISM</descript><dayofweek>Saturday</dayofweek><date>2015-01-10T00:00:00</date><time>07:57</time><pddistrict>PARK</pddistrict><resolution>ARREST, BOOKED</resolution><address>1100 Block of STANYAN ST</address><x>-122.4523847829</x><y>37.763247335315</y><location human_address="{&quot;address&quot;:&quot;&quot;,&quot;city&quot;:&quot;&quot;,&quot;state&quot;:&quot;&quot;,&quot;zip&quot;:&quot;&quot;}" latitude="37.763247335315" longitude="-122.4523847829" needs_recoding="false"/></row>