<?xml version="1.0" encoding="UTF-8"?><row _id="11636702" _uuid="E0850B7C-E5C3-414C-BB80-3494FDBA0019" _position="11636702" _address="http://data.sfgov.org/resource/ritf-b9ki/11636702"><incidntnum>150015054</incidntnum><category>OTHER OFFENSES</category><descript>LOST/STOLEN LICENSE PLATE</descript><dayofweek>Monday</dayofweek><date>2015-01-05T00:00:00</date><time>16:00</time><pddistrict>BAYVIEW</pddistrict><resolution>NONE</resolution><address>700 Block of RHODEISLAND ST</address><x>-122.402071298246</x><y>37.760304992452</y><location human_address="{&quot;address&quot;:&quot;&quot;,&quot;city&quot;:&quot;&quot;,&quot;state&quot;:&quot;&quot;,&quot;zip&quot;:&quot;&quot;}" latitude="37.760304992452" longitude="-122.402071298246" needs_recoding="false"/></row>