<?xml version="1.0" encoding="UTF-8"?><row _id="12416957" _uuid="7669E28B-6DBF-435C-B292-8B6809435870" _position="12416957" _address="http://data.sfgov.org/resource/ritf-b9ki/12416957"><incidntnum>150010195</incidntnum><category>LARCENY/THEFT</category><descript>GRAND THEFT FROM A BUILDING</descript><dayofweek>Saturday</dayofweek><date>2015-01-03T00:00:00</date><time>19:00</time><pddistrict>INGLESIDE</pddistrict><resolution>NONE</resolution><address>200 Block of PRECITA AV</address><x>-122.415479005904</x><y>37.7473718419863</y><location human_address="{&quot;address&quot;:&quot;&quot;,&quot;city&quot;:&quot;&quot;,&quot;state&quot;:&quot;&quot;,&quot;zip&quot;:&quot;&quot;}" latitude="37.7473718419863" longitude="-122.415479005904" needs_recoding="false"/></row>