<?xml version="1.0" encoding="UTF-8"?><row _id="11163215" _uuid="83B282C9-2CC0-4912-89FB-D7AD5C75FB6A" _position="11163215" _address="http://data.sfgov.org/resource/ritf-b9ki/11163215"><incidntnum>150018456</incidntnum><category>OTHER OFFENSES</category><descript>FALSE PERSONATION</descript><dayofweek>Tuesday</dayofweek><date>2015-01-06T00:00:00</date><time>22:48</time><pddistrict>MISSION</pddistrict><resolution>ARREST, BOOKED</resolution><address>14TH ST / STEVENSON ST</address><x>-122.42121339889</x><y>37.7681976977245</y><location human_address="{&quot;address&quot;:&quot;&quot;,&quot;city&quot;:&quot;&quot;,&quot;state&quot;:&quot;&quot;,&quot;zip&quot;:&quot;&quot;}" latitude="37.7681976977245" longitude="-122.42121339889" needs_recoding="false"/></row>