<?xml version="1.0" encoding="UTF-8"?><row _id="10932666" _uuid="7A2C13AA-5241-4806-8A43-4835F00DFF8E" _position="10932666" _address="http://data.sfgov.org/resource/ritf-b9ki/10932666"><incidntnum>150014664</incidntnum><category>VANDALISM</category><descript>MALICIOUS MISCHIEF, VANDALISM OF VEHICLES</descript><dayofweek>Monday</dayofweek><date>2015-01-05T00:00:00</date><time>19:00</time><pddistrict>SOUTHERN</pddistrict><resolution>NONE</resolution><address>HOWARD ST / STEUART ST</address><x>-122.39164888422</x><y>37.7920052450737</y><location human_address="{&quot;address&quot;:&quot;&quot;,&quot;city&quot;:&quot;&quot;,&quot;state&quot;:&quot;&quot;,&quot;zip&quot;:&quot;&quot;}" latitude="37.7920052450737" longitude="-122.39164888422" needs_recoding="false"/></row>