<?xml version="1.0" encoding="UTF-8"?><row _id="11520097" _uuid="A1EEDBC7-DBE8-4846-8851-2AF293B200CC" _position="11520097" _address="http://data.sfgov.org/resource/ritf-b9ki/11520097"><incidntnum>150008532</incidntnum><category>SECONDARY CODES</category><descript>DOMESTIC VIOLENCE</descript><dayofweek>Saturday</dayofweek><date>2015-01-03T00:00:00</date><time>21:56</time><pddistrict>INGLESIDE</pddistrict><resolution>ARREST, BOOKED</resolution><address>3300 Block of MISSION ST</address><x>-122.421644478447</x><y>37.7429970144076</y><location human_address="{&quot;address&quot;:&quot;&quot;,&quot;city&quot;:&quot;&quot;,&quot;state&quot;:&quot;&quot;,&quot;zip&quot;:&quot;&quot;}" latitude="37.7429970144076" longitude="-122.421644478447" needs_recoding="false"/></row>