<?xml version="1.0" encoding="UTF-8"?><row _id="11806005" _uuid="2E9A0DAE-810A-4F5B-80D7-496D1913FE57" _position="11806005" _address="http://data.sfgov.org/resource/ritf-b9ki/11806005"><incidntnum>150018343</incidntnum><category>OTHER OFFENSES</category><descript>TRAFFIC VIOLATION ARREST</descript><dayofweek>Tuesday</dayofweek><date>2015-01-06T00:00:00</date><time>19:55</time><pddistrict>MISSION</pddistrict><resolution>ARREST, BOOKED</resolution><address>21ST ST / VALENCIA ST</address><x>-122.421118473704</x><y>37.7569011511725</y><location human_address="{&quot;address&quot;:&quot;&quot;,&quot;city&quot;:&quot;&quot;,&quot;state&quot;:&quot;&quot;,&quot;zip&quot;:&quot;&quot;}" latitude="37.7569011511725" longitude="-122.421118473704" needs_recoding="false"/></row>