<?xml version="1.0" encoding="UTF-8"?><row _id="11308401" _uuid="F4DDF8A8-15A9-4F86-A55A-61543914FDA1" _position="11308401" _address="http://data.sfgov.org/resource/ritf-b9ki/11308401"><incidntnum>150005221</incidntnum><category>WEAPON LAWS</category><descript>POSS OF FIREARM BY CONVICTED FELON/ADDICT/ALIEN</descript><dayofweek>Friday</dayofweek><date>2015-01-02T00:00:00</date><time>18:33</time><pddistrict>MISSION</pddistrict><resolution>ARREST, BOOKED</resolution><address>24TH ST / CAPP ST</address><x>-122.417360139477</x><y>37.7523063170181</y><location human_address="{&quot;address&quot;:&quot;&quot;,&quot;city&quot;:&quot;&quot;,&quot;state&quot;:&quot;&quot;,&quot;zip&quot;:&quot;&quot;}" latitude="37.7523063170181" longitude="-122.417360139477" needs_recoding="false"/></row>