<?xml version="1.0" encoding="UTF-8"?><row _id="11457342" _uuid="689C7CE9-1A68-4C8D-B94C-627B728BDCDB" _position="11457342" _address="http://data.sfgov.org/resource/ritf-b9ki/11457342"><incidntnum>150023728</incidntnum><category>LARCENY/THEFT</category><descript>GRAND THEFT FROM LOCKED AUTO</descript><dayofweek>Thursday</dayofweek><date>2015-01-08T00:00:00</date><time>13:15</time><pddistrict>NORTHERN</pddistrict><resolution>NONE</resolution><address>GEARY BL / BERTIEMINOR LN</address><x>-122.429123002243</x><y>37.784821986435</y><location human_address="{&quot;address&quot;:&quot;&quot;,&quot;city&quot;:&quot;&quot;,&quot;state&quot;:&quot;&quot;,&quot;zip&quot;:&quot;&quot;}" latitude="37.784821986435" longitude="-122.429123002243" needs_recoding="false"/></row>