<?xml version="1.0" encoding="UTF-8"?><row _id="11307518" _uuid="DB709233-0B43-4303-A0CA-31211593F4BB" _position="11307518" _address="http://data.sfgov.org/resource/ritf-b9ki/11307518"><incidntnum>150039270</incidntnum><category>LARCENY/THEFT</category><descript>PETTY THEFT SHOPLIFTING</descript><dayofweek>Tuesday</dayofweek><date>2015-01-13T00:00:00</date><time>18:07</time><pddistrict>CENTRAL</pddistrict><resolution>ARREST, BOOKED</resolution><address>200 Block of POST ST</address><x>-122.406021838484</x><y>37.7886491245294</y><location human_address="{&quot;address&quot;:&quot;&quot;,&quot;city&quot;:&quot;&quot;,&quot;state&quot;:&quot;&quot;,&quot;zip&quot;:&quot;&quot;}" latitude="37.7886491245294" longitude="-122.406021838484" needs_recoding="false"/></row>