<?xml version="1.0" encoding="UTF-8"?><row _id="11969713" _uuid="7C9A4148-5E86-4E43-906C-53A5EDC23116" _position="11969713" _address="http://data.sfgov.org/resource/ritf-b9ki/11969713"><incidntnum>150072220</incidntnum><category>ASSAULT</category><descript>BATTERY</descript><dayofweek>Saturday</dayofweek><date>2015-01-24T00:00:00</date><time>00:39</time><pddistrict>CENTRAL</pddistrict><resolution>ARREST, BOOKED</resolution><address>0 Block of DRUMM ST</address><x>-122.396556426173</x><y>37.7941169057941</y><location human_address="{&quot;address&quot;:&quot;&quot;,&quot;city&quot;:&quot;&quot;,&quot;state&quot;:&quot;&quot;,&quot;zip&quot;:&quot;&quot;}" latitude="37.7941169057941" longitude="-122.396556426173" needs_recoding="false"/></row>