<?xml version="1.0" encoding="UTF-8"?><row _id="10904393" _uuid="66776E14-9C33-4171-B791-80F4237252D1" _position="10904393" _address="http://data.sfgov.org/resource/ritf-b9ki/10904393"><incidntnum>150010236</incidntnum><category>WARRANTS</category><descript>ENROUTE TO DEPARTMENT OF CORRECTIONS</descript><dayofweek>Sunday</dayofweek><date>2015-01-04T00:00:00</date><time>14:40</time><pddistrict>BAYVIEW</pddistrict><resolution>ARREST, BOOKED</resolution><address>1000 Block of OAKDALE AV</address><x>-122.380268162997</x><y>37.7289171340996</y><location human_address="{&quot;address&quot;:&quot;&quot;,&quot;city&quot;:&quot;&quot;,&quot;state&quot;:&quot;&quot;,&quot;zip&quot;:&quot;&quot;}" latitude="37.7289171340996" longitude="-122.380268162997" needs_recoding="false"/></row>