<?xml version="1.0" encoding="UTF-8"?><row _id="11966385" _uuid="442189DF-597B-42B6-9050-3648AA4CDBE9" _position="11966385" _address="http://data.sfgov.org/resource/ritf-b9ki/11966385"><incidntnum>150010349</incidntnum><category>LARCENY/THEFT</category><descript>PETTY THEFT FROM LOCKED AUTO</descript><dayofweek>Saturday</dayofweek><date>2015-01-03T00:00:00</date><time>21:30</time><pddistrict>RICHMOND</pddistrict><resolution>NONE</resolution><address>800 Block of 46TH AV</address><x>-122.506821062061</x><y>37.7724536866236</y><location human_address="{&quot;address&quot;:&quot;&quot;,&quot;city&quot;:&quot;&quot;,&quot;state&quot;:&quot;&quot;,&quot;zip&quot;:&quot;&quot;}" latitude="37.7724536866236" longitude="-122.506821062061" needs_recoding="false"/></row>