<?xml version="1.0" encoding="UTF-8"?><row _id="11308529" _uuid="A68DB2A9-771D-4761-B806-9A4E4504ABBB" _position="11308529" _address="http://data.sfgov.org/resource/ritf-b9ki/11308529"><incidntnum>156011640</incidntnum><category>LARCENY/THEFT</category><descript>GRAND THEFT FROM UNLOCKED AUTO</descript><dayofweek>Friday</dayofweek><date>2015-01-16T00:00:00</date><time>15:00</time><pddistrict>NORTHERN</pddistrict><resolution>NONE</resolution><address>2900 Block of OCTAVIA ST</address><x>-122.429129674042</x><y>37.7993404474472</y><location human_address="{&quot;address&quot;:&quot;&quot;,&quot;city&quot;:&quot;&quot;,&quot;state&quot;:&quot;&quot;,&quot;zip&quot;:&quot;&quot;}" latitude="37.7993404474472" longitude="-122.429129674042" needs_recoding="false"/></row>