<?xml version="1.0" encoding="UTF-8"?><row _id="11665814" _uuid="87F6F2A5-B0D0-4E37-8136-545350B75925" _position="11665814" _address="http://data.sfgov.org/resource/ritf-b9ki/11665814"><incidntnum>150008861</incidntnum><category>WARRANTS</category><descript>WARRANT ARREST</descript><dayofweek>Saturday</dayofweek><date>2015-01-03T00:00:00</date><time>23:50</time><pddistrict>TARAVAL</pddistrict><resolution>ARREST, BOOKED</resolution><address>34TH AV / ESCONDIDO AV</address><x>-122.491277558988</x><y>37.7346975540144</y><location human_address="{&quot;address&quot;:&quot;&quot;,&quot;city&quot;:&quot;&quot;,&quot;state&quot;:&quot;&quot;,&quot;zip&quot;:&quot;&quot;}" latitude="37.7346975540144" longitude="-122.491277558988" needs_recoding="false"/></row>