<?xml version="1.0" encoding="UTF-8"?><row _id="12167301" _uuid="62E8DE04-5EF6-47B9-AE43-D2FDC1D3BB44" _position="12167301" _address="http://data.sfgov.org/resource/ritf-b9ki/12167301"><incidntnum>150024594</incidntnum><category>LARCENY/THEFT</category><descript>PETTY THEFT FROM LOCKED AUTO</descript><dayofweek>Thursday</dayofweek><date>2015-01-08T00:00:00</date><time>21:20</time><pddistrict>TARAVAL</pddistrict><resolution>NONE</resolution><address>ALEMANY BL / CRYSTAL ST</address><x>-122.460622701872</x><y>37.7104779877599</y><location human_address="{&quot;address&quot;:&quot;&quot;,&quot;city&quot;:&quot;&quot;,&quot;state&quot;:&quot;&quot;,&quot;zip&quot;:&quot;&quot;}" latitude="37.7104779877599" longitude="-122.460622701872" needs_recoding="false"/></row>