<?xml version="1.0" encoding="UTF-8"?><row _id="12414014" _uuid="BAC7B4E4-12B2-499D-9AAA-2CA592C82355" _position="12414014" _address="http://data.sfgov.org/resource/ritf-b9ki/12414014"><incidntnum>156006356</incidntnum><category>LARCENY/THEFT</category><descript>GRAND THEFT FROM LOCKED AUTO</descript><dayofweek>Wednesday</dayofweek><date>2015-01-07T00:00:00</date><time>19:30</time><pddistrict>SOUTHERN</pddistrict><resolution>NONE</resolution><address>800 Block of HARRISON ST</address><x>-122.400799947914</x><y>37.7799338672319</y><location human_address="{&quot;address&quot;:&quot;&quot;,&quot;city&quot;:&quot;&quot;,&quot;state&quot;:&quot;&quot;,&quot;zip&quot;:&quot;&quot;}" latitude="37.7799338672319" longitude="-122.400799947914" needs_recoding="false"/></row>