<?xml version="1.0" encoding="UTF-8"?><row _id="11086241" _uuid="08D9968D-DABB-4B55-903D-331F51DEE50F" _position="11086241" _address="http://data.sfgov.org/resource/ritf-b9ki/11086241"><incidntnum>156009231</incidntnum><category>LARCENY/THEFT</category><descript>GRAND THEFT FROM LOCKED AUTO</descript><dayofweek>Monday</dayofweek><date>2015-01-12T00:00:00</date><time>18:00</time><pddistrict>CENTRAL</pddistrict><resolution>NONE</resolution><address>1300 Block of BATTERY ST</address><x>-122.402005149655</x><y>37.803687099963</y><location human_address="{&quot;address&quot;:&quot;&quot;,&quot;city&quot;:&quot;&quot;,&quot;state&quot;:&quot;&quot;,&quot;zip&quot;:&quot;&quot;}" latitude="37.803687099963" longitude="-122.402005149655" needs_recoding="false"/></row>