<?xml version="1.0" encoding="UTF-8"?><row _id="11780031" _uuid="7EB26C36-69E8-4B81-BCCB-A94FF8AFE041" _position="11780031" _address="http://data.sfgov.org/resource/ritf-b9ki/11780031"><incidntnum>150027827</incidntnum><category>SUSPICIOUS OCC</category><descript>INVESTIGATIVE DETENTION</descript><dayofweek>Friday</dayofweek><date>2015-01-09T00:00:00</date><time>21:10</time><pddistrict>RICHMOND</pddistrict><resolution>NONE</resolution><address>300 Block of CLEMENT ST</address><x>-122.462828915971</x><y>37.7830681361445</y><location human_address="{&quot;address&quot;:&quot;&quot;,&quot;city&quot;:&quot;&quot;,&quot;state&quot;:&quot;&quot;,&quot;zip&quot;:&quot;&quot;}" latitude="37.7830681361445" longitude="-122.462828915971" needs_recoding="false"/></row>