<?xml version="1.0" encoding="UTF-8"?><row _id="11631275" _uuid="83C94594-B3D5-4082-A791-26D8A01E67B1" _position="11631275" _address="http://data.sfgov.org/resource/ritf-b9ki/11631275"><incidntnum>150012737</incidntnum><category>SUSPICIOUS OCC</category><descript>INVESTIGATIVE DETENTION</descript><dayofweek>Monday</dayofweek><date>2015-01-05T00:00:00</date><time>11:49</time><pddistrict>INGLESIDE</pddistrict><resolution>NONE</resolution><address>0 Block of LAMARTINE ST</address><x>-122.433270702363</x><y>37.7309267461012</y><location human_address="{&quot;address&quot;:&quot;&quot;,&quot;city&quot;:&quot;&quot;,&quot;state&quot;:&quot;&quot;,&quot;zip&quot;:&quot;&quot;}" latitude="37.7309267461012" longitude="-122.433270702363" needs_recoding="false"/></row>