<?xml version="1.0" encoding="UTF-8"?><row _id="12291391" _uuid="167F0BFD-7DB1-4A4F-86D0-0E2F8ADD7AEA" _position="12291391" _address="http://data.sfgov.org/resource/ritf-b9ki/12291391"><incidntnum>150012066</incidntnum><category>VANDALISM</category><descript>MALICIOUS MISCHIEF, VANDALISM OF VEHICLES</descript><dayofweek>Sunday</dayofweek><date>2015-01-04T00:00:00</date><time>22:00</time><pddistrict>MISSION</pddistrict><resolution>NONE</resolution><address>MARKET ST / 15TH ST</address><x>-122.431028702713</x><y>37.7658672394532</y><location human_address="{&quot;address&quot;:&quot;&quot;,&quot;city&quot;:&quot;&quot;,&quot;state&quot;:&quot;&quot;,&quot;zip&quot;:&quot;&quot;}" latitude="37.7658672394532" longitude="-122.431028702713" needs_recoding="false"/></row>