<?xml version="1.0" encoding="UTF-8"?><row _id="11703317" _uuid="F89B8D9B-587A-417C-AC44-1424B67E8C5D" _position="11703317" _address="http://data.sfgov.org/resource/ritf-b9ki/11703317"><incidntnum>156007702</incidntnum><category>LARCENY/THEFT</category><descript>GRAND THEFT FROM LOCKED AUTO</descript><dayofweek>Sunday</dayofweek><date>2015-01-04T00:00:00</date><time>00:01</time><pddistrict>INGLESIDE</pddistrict><resolution>NONE</resolution><address>700 Block of HURON AV</address><x>-122.449680408276</x><y>37.7118975735448</y><location human_address="{&quot;address&quot;:&quot;&quot;,&quot;city&quot;:&quot;&quot;,&quot;state&quot;:&quot;&quot;,&quot;zip&quot;:&quot;&quot;}" latitude="37.7118975735448" longitude="-122.449680408276" needs_recoding="false"/></row>