<?xml version="1.0" encoding="UTF-8"?><row _id="11352542" _uuid="384F4117-50BE-4A01-9005-BF34F686C3C0" _position="11352542" _address="http://data.sfgov.org/resource/ritf-b9ki/11352542"><incidntnum>150022645</incidntnum><category>ASSAULT</category><descript>ELDER ADULT OR DEPENDENT ABUSE (NOT EMBEZZLEMENT OR THEFT)</descript><dayofweek>Thursday</dayofweek><date>2015-01-08T00:00:00</date><time>11:42</time><pddistrict>TARAVAL</pddistrict><resolution>ARREST, BOOKED</resolution><address>WAWONA ST / 23RD AV</address><x>-122.479599685917</x><y>37.7372649789507</y><location human_address="{&quot;address&quot;:&quot;&quot;,&quot;city&quot;:&quot;&quot;,&quot;state&quot;:&quot;&quot;,&quot;zip&quot;:&quot;&quot;}" latitude="37.7372649789507" longitude="-122.479599685917" needs_recoding="false"/></row>