<?xml version="1.0" encoding="UTF-8"?><row _id="12168501" _uuid="E8E54020-1379-45FF-8222-D67520FC95D6" _position="12168501" _address="http://data.sfgov.org/resource/ritf-b9ki/12168501"><incidntnum>150028825</incidntnum><category>DRUG/NARCOTIC</category><descript>POSSESSION OF CONTROLLED SUBSTANCE</descript><dayofweek>Saturday</dayofweek><date>2015-01-10T00:00:00</date><time>10:30</time><pddistrict>CENTRAL</pddistrict><resolution>ARREST, BOOKED</resolution><address>400 Block of BROADWAY ST</address><x>-122.404282497745</x><y>37.7982249345487</y><location human_address="{&quot;address&quot;:&quot;&quot;,&quot;city&quot;:&quot;&quot;,&quot;state&quot;:&quot;&quot;,&quot;zip&quot;:&quot;&quot;}" latitude="37.7982249345487" longitude="-122.404282497745" needs_recoding="false"/></row>