<?xml version="1.0" encoding="UTF-8"?><row _id="12237365" _uuid="29C10B8C-E73D-4E5E-AFF7-B520A939C18E" _position="12237365" _address="http://data.sfgov.org/resource/ritf-b9ki/12237365"><incidntnum>150005102</incidntnum><category>SUSPICIOUS OCC</category><descript>INVESTIGATIVE DETENTION</descript><dayofweek>Friday</dayofweek><date>2015-01-02T00:00:00</date><time>17:59</time><pddistrict>SOUTHERN</pddistrict><resolution>NONE</resolution><address>100 Block of 6TH ST</address><x>-122.408368579345</x><y>37.7807784253732</y><location human_address="{&quot;address&quot;:&quot;&quot;,&quot;city&quot;:&quot;&quot;,&quot;state&quot;:&quot;&quot;,&quot;zip&quot;:&quot;&quot;}" latitude="37.7807784253732" longitude="-122.408368579345" needs_recoding="false"/></row>