<?xml version="1.0" encoding="UTF-8"?><row _id="11565935" _uuid="3C204A3A-A4F6-4943-A5FB-082D898F73D4" _position="11565935" _address="http://data.sfgov.org/resource/ritf-b9ki/11565935"><incidntnum>150016143</incidntnum><category>NON-CRIMINAL</category><descript>CIVIL SIDEWALKS, WARNING</descript><dayofweek>Tuesday</dayofweek><date>2015-01-06T00:00:00</date><time>12:13</time><pddistrict>NORTHERN</pddistrict><resolution>NONE</resolution><address>500 Block of HAIGHT ST</address><x>-122.431268066985</x><y>37.7719465066457</y><location human_address="{&quot;address&quot;:&quot;&quot;,&quot;city&quot;:&quot;&quot;,&quot;state&quot;:&quot;&quot;,&quot;zip&quot;:&quot;&quot;}" latitude="37.7719465066457" longitude="-122.431268066985" needs_recoding="false"/></row>