<?xml version="1.0" encoding="UTF-8"?><row _id="12677292" _uuid="338559A0-5DE2-43B5-B9BB-2986EFAB63CA" _position="12677292" _address="http://data.sfgov.org/resource/ritf-b9ki/12677292"><incidntnum>160013894</incidntnum><category>VEHICLE THEFT</category><descript>STOLEN TRUCK</descript><dayofweek>Tuesday</dayofweek><date>2015-01-06T00:00:00</date><time>02:00</time><pddistrict>MISSION</pddistrict><resolution>NONE</resolution><address>15TH ST / FOLSOM ST</address><x>-122.415464372874</x><y>37.7669370292874</y><location human_address="{&quot;address&quot;:&quot;&quot;,&quot;city&quot;:&quot;&quot;,&quot;state&quot;:&quot;&quot;,&quot;zip&quot;:&quot;&quot;}" latitude="37.7669370292874" longitude="-122.415464372874" needs_recoding="false"/></row>