<?xml version="1.0" encoding="UTF-8"?><row _id="11844852" _uuid="8794BA29-8251-478E-BBEA-EA7EB000F5A7" _position="11844852" _address="http://data.sfgov.org/resource/ritf-b9ki/11844852"><incidntnum>150019078</incidntnum><category>WARRANTS</category><descript>WARRANT ARREST</descript><dayofweek>Wednesday</dayofweek><date>2015-01-07T00:00:00</date><time>10:10</time><pddistrict>MISSION</pddistrict><resolution>ARREST, BOOKED</resolution><address>1700 Block of 15TH ST</address><x>-122.422667886722</x><y>37.7665569549171</y><location human_address="{&quot;address&quot;:&quot;&quot;,&quot;city&quot;:&quot;&quot;,&quot;state&quot;:&quot;&quot;,&quot;zip&quot;:&quot;&quot;}" latitude="37.7665569549171" longitude="-122.422667886722" needs_recoding="false"/></row>