<?xml version="1.0" encoding="UTF-8"?><row _id="11927263" _uuid="FDBA2886-A33D-4C74-BB52-E98CCEBC9103" _position="11927263" _address="http://data.sfgov.org/resource/ritf-b9ki/11927263"><incidntnum>156004457</incidntnum><category>LARCENY/THEFT</category><descript>GRAND THEFT FROM LOCKED AUTO</descript><dayofweek>Friday</dayofweek><date>2015-01-02T00:00:00</date><time>21:45</time><pddistrict>BAYVIEW</pddistrict><resolution>NONE</resolution><address>DEHARO ST / ALAMEDA ST</address><x>-122.401966042339</x><y>37.7687048636082</y><location human_address="{&quot;address&quot;:&quot;&quot;,&quot;city&quot;:&quot;&quot;,&quot;state&quot;:&quot;&quot;,&quot;zip&quot;:&quot;&quot;}" latitude="37.7687048636082" longitude="-122.401966042339" needs_recoding="false"/></row>