<?xml version="1.0" encoding="UTF-8"?><row _id="12545317" _uuid="623463B9-A3EC-4B2A-86D6-CA69CFCB6181" _position="12545317" _address="http://data.sfgov.org/resource/ritf-b9ki/12545317"><incidntnum>150150898</incidntnum><category>LARCENY/THEFT</category><descript>GRAND THEFT FROM PERSON</descript><dayofweek>Wednesday</dayofweek><date>2015-02-18T00:00:00</date><time>15:50</time><pddistrict>SOUTHERN</pddistrict><resolution>NONE</resolution><address>9TH ST / HARRISON ST</address><x>-122.410078544842</x><y>37.7725264934261</y><location human_address="{&quot;address&quot;:&quot;&quot;,&quot;city&quot;:&quot;&quot;,&quot;state&quot;:&quot;&quot;,&quot;zip&quot;:&quot;&quot;}" latitude="37.7725264934261" longitude="-122.410078544842" needs_recoding="false"/></row>