<?xml version="1.0" encoding="UTF-8"?><row _id="11420231" _uuid="4A15DC71-3830-4A11-A490-3CA00C67B195" _position="11420231" _address="http://data.sfgov.org/resource/ritf-b9ki/11420231"><incidntnum>150005027</incidntnum><category>NON-CRIMINAL</category><descript>LOST PROPERTY</descript><dayofweek>Friday</dayofweek><date>2015-01-02T00:00:00</date><time>14:30</time><pddistrict>TENDERLOIN</pddistrict><resolution>NONE</resolution><address>300 Block of OFARRELL ST</address><x>-122.410530908418</x><y>37.7861517236899</y><location human_address="{&quot;address&quot;:&quot;&quot;,&quot;city&quot;:&quot;&quot;,&quot;state&quot;:&quot;&quot;,&quot;zip&quot;:&quot;&quot;}" latitude="37.7861517236899" longitude="-122.410530908418" needs_recoding="false"/></row>