<?xml version="1.0" encoding="UTF-8"?><row _id="11557362" _uuid="C2473722-7F18-4A4E-B0C1-5782032EDAF3" _position="11557362" _address="http://data.sfgov.org/resource/ritf-b9ki/11557362"><incidntnum>150040772</incidntnum><category>LARCENY/THEFT</category><descript>GRAND THEFT FROM PERSON</descript><dayofweek>Saturday</dayofweek><date>2015-01-10T00:00:00</date><time>02:40</time><pddistrict>TENDERLOIN</pddistrict><resolution>NONE</resolution><address>300 Block of OFARRELL ST</address><x>-122.410530908418</x><y>37.7861517236899</y><location human_address="{&quot;address&quot;:&quot;&quot;,&quot;city&quot;:&quot;&quot;,&quot;state&quot;:&quot;&quot;,&quot;zip&quot;:&quot;&quot;}" latitude="37.7861517236899" longitude="-122.410530908418" needs_recoding="false"/></row>