<?xml version="1.0" encoding="UTF-8"?><row _id="12549965" _uuid="742923A7-A1BE-4E38-BA13-01F0BE7B36FB" _position="12549965" _address="http://data.sfgov.org/resource/ritf-b9ki/12549965"><incidntnum>150021120</incidntnum><category>NON-CRIMINAL</category><descript>CASE CLOSURE</descript><dayofweek>Wednesday</dayofweek><date>2015-01-07T00:00:00</date><time>20:04</time><pddistrict>BAYVIEW</pddistrict><resolution>NONE</resolution><address>3100 Block of SAN BRUNO AV</address><x>-122.401167732996</x><y>37.7215842994216</y><location human_address="{&quot;address&quot;:&quot;&quot;,&quot;city&quot;:&quot;&quot;,&quot;state&quot;:&quot;&quot;,&quot;zip&quot;:&quot;&quot;}" latitude="37.7215842994216" longitude="-122.401167732996" needs_recoding="false"/></row>