<?xml version="1.0" encoding="UTF-8"?><row _id="11829120" _uuid="99C0C014-93E6-40A8-B9C2-3EE099895C9E" _position="11829120" _address="http://data.sfgov.org/resource/ritf-b9ki/11829120"><incidntnum>150033943</incidntnum><category>LARCENY/THEFT</category><descript>PETTY THEFT FROM UNLOCKED AUTO</descript><dayofweek>Sunday</dayofweek><date>2015-01-11T00:00:00</date><time>17:30</time><pddistrict>MISSION</pddistrict><resolution>NONE</resolution><address>2100 Block of MARKET ST</address><x>-122.429788986988</x><y>37.7666521474762</y><location human_address="{&quot;address&quot;:&quot;&quot;,&quot;city&quot;:&quot;&quot;,&quot;state&quot;:&quot;&quot;,&quot;zip&quot;:&quot;&quot;}" latitude="37.7666521474762" longitude="-122.429788986988" needs_recoding="false"/></row>