<?xml version="1.0" encoding="UTF-8"?><row _id="11042889" _uuid="F193C028-F629-4911-AE05-4CFBA0D41605" _position="11042889" _address="http://data.sfgov.org/resource/ritf-b9ki/11042889"><incidntnum>150030557</incidntnum><category>NON-CRIMINAL</category><descript>AIDED CASE, MENTAL DISTURBED</descript><dayofweek>Saturday</dayofweek><date>2015-01-10T00:00:00</date><time>22:29</time><pddistrict>NORTHERN</pddistrict><resolution>EXCEPTIONAL CLEARANCE</resolution><address>LOMBARD ST / DIVISADERO ST</address><x>-122.442649696374</x><y>37.798999247001</y><location human_address="{&quot;address&quot;:&quot;&quot;,&quot;city&quot;:&quot;&quot;,&quot;state&quot;:&quot;&quot;,&quot;zip&quot;:&quot;&quot;}" latitude="37.798999247001" longitude="-122.442649696374" needs_recoding="false"/></row>