<?xml version="1.0" encoding="UTF-8"?><row _id="11501626" _uuid="8DB721EB-0C4B-49FD-AC66-1F83B7B1296D" _position="11501626" _address="http://data.sfgov.org/resource/ritf-b9ki/11501626"><incidntnum>150055113</incidntnum><category>ASSAULT</category><descript>THREATS AGAINST LIFE</descript><dayofweek>Sunday</dayofweek><date>2015-01-18T00:00:00</date><time>15:00</time><pddistrict>MISSION</pddistrict><resolution>ARREST, BOOKED</resolution><address>1300 Block of NATOMA ST</address><x>-122.418546858015</x><y>37.7675401219176</y><location human_address="{&quot;address&quot;:&quot;&quot;,&quot;city&quot;:&quot;&quot;,&quot;state&quot;:&quot;&quot;,&quot;zip&quot;:&quot;&quot;}" latitude="37.7675401219176" longitude="-122.418546858015" needs_recoding="false"/></row>