<?xml version="1.0" encoding="UTF-8"?><row _id="12049250" _uuid="82504390-93AE-448F-AF2B-84199B581B7F" _position="12049250" _address="http://data.sfgov.org/resource/ritf-b9ki/12049250"><incidntnum>150044467</incidntnum><category>SUSPICIOUS OCC</category><descript>SUSPICIOUS OCCURRENCE</descript><dayofweek>Thursday</dayofweek><date>2015-01-15T00:00:00</date><time>10:50</time><pddistrict>SOUTHERN</pddistrict><resolution>NONE</resolution><address>200 Block of RHODEISLAND ST</address><x>-122.402675805943</x><y>37.7667155437407</y><location human_address="{&quot;address&quot;:&quot;&quot;,&quot;city&quot;:&quot;&quot;,&quot;state&quot;:&quot;&quot;,&quot;zip&quot;:&quot;&quot;}" latitude="37.7667155437407" longitude="-122.402675805943" needs_recoding="false"/></row>