<?xml version="1.0" encoding="UTF-8"?><row _id="11646408" _uuid="6AF2C5D3-C2BB-4E97-8A85-83BB9B3CA148" _position="11646408" _address="http://data.sfgov.org/resource/ritf-b9ki/11646408"><incidntnum>150011773</incidntnum><category>DISORDERLY CONDUCT</category><descript>MAINTAINING A PUBLIC NUISANCE AFTER NOTIFICATION</descript><dayofweek>Monday</dayofweek><date>2015-01-05T00:00:00</date><time>05:56</time><pddistrict>TENDERLOIN</pddistrict><resolution>ARREST, BOOKED</resolution><address>100 Block of HYDE ST</address><x>-122.415669661443</x><y>37.7821198488931</y><location human_address="{&quot;address&quot;:&quot;&quot;,&quot;city&quot;:&quot;&quot;,&quot;state&quot;:&quot;&quot;,&quot;zip&quot;:&quot;&quot;}" latitude="37.7821198488931" longitude="-122.415669661443" needs_recoding="false"/></row>