<?xml version="1.0" encoding="UTF-8"?><row _id="12392372" _uuid="40C4A734-AAF3-402B-BF13-C31171D294BE" _position="12392372" _address="http://data.sfgov.org/resource/ritf-b9ki/12392372"><incidntnum>156006970</incidntnum><category>LARCENY/THEFT</category><descript>GRAND THEFT FROM LOCKED AUTO</descript><dayofweek>Monday</dayofweek><date>2015-01-05T00:00:00</date><time>03:36</time><pddistrict>PARK</pddistrict><resolution>NONE</resolution><address>CHRISTOPHER DR / CRESTMONT DR</address><x>-122.457352641023</x><y>37.7556868804845</y><location human_address="{&quot;address&quot;:&quot;&quot;,&quot;city&quot;:&quot;&quot;,&quot;state&quot;:&quot;&quot;,&quot;zip&quot;:&quot;&quot;}" latitude="37.7556868804845" longitude="-122.457352641023" needs_recoding="false"/></row>