<?xml version="1.0" encoding="UTF-8"?><row _id="11999647" _uuid="D673F551-2713-46D5-AF60-4FE18BA9E6F2" _position="11999647" _address="http://data.sfgov.org/resource/ritf-b9ki/11999647"><incidntnum>150012163</incidntnum><category>ASSAULT</category><descript>AGGRAVATED ASSAULT WITH BODILY FORCE</descript><dayofweek>Monday</dayofweek><date>2015-01-05T00:00:00</date><time>08:00</time><pddistrict>MISSION</pddistrict><resolution>NONE</resolution><address>CAPP ST / 25TH ST</address><x>-122.417201182657</x><y>37.7507046984566</y><location human_address="{&quot;address&quot;:&quot;&quot;,&quot;city&quot;:&quot;&quot;,&quot;state&quot;:&quot;&quot;,&quot;zip&quot;:&quot;&quot;}" latitude="37.7507046984566" longitude="-122.417201182657" needs_recoding="false"/></row>