<?xml version="1.0" encoding="UTF-8"?><row _id="10876527" _uuid="CB70BEC7-3347-44F5-A306-32109C9AE81B" _position="10876527" _address="http://data.sfgov.org/resource/ritf-b9ki/10876527"><incidntnum>150014147</incidntnum><category>MISSING PERSON</category><descript>MISSING ADULT</descript><dayofweek>Monday</dayofweek><date>2015-01-05T00:00:00</date><time>16:52</time><pddistrict>BAYVIEW</pddistrict><resolution>NONE</resolution><address>500 Block of VERMONT ST</address><x>-122.404383181572</x><y>37.762731169054</y><location human_address="{&quot;address&quot;:&quot;&quot;,&quot;city&quot;:&quot;&quot;,&quot;state&quot;:&quot;&quot;,&quot;zip&quot;:&quot;&quot;}" latitude="37.762731169054" longitude="-122.404383181572" needs_recoding="false"/></row>