<?xml version="1.0" encoding="UTF-8"?><row _id="12074516" _uuid="B85A57F5-2D17-4A34-AC01-89B6DA790D95" _position="12074516" _address="http://data.sfgov.org/resource/ritf-b9ki/12074516"><incidntnum>150017624</incidntnum><category>MISSING PERSON</category><descript>FOUND PERSON</descript><dayofweek>Tuesday</dayofweek><date>2015-01-06T00:00:00</date><time>15:45</time><pddistrict>INGLESIDE</pddistrict><resolution>NONE</resolution><address>100 Block of TOPAZ WY</address><x>-122.436409657177</x><y>37.7415057556445</y><location human_address="{&quot;address&quot;:&quot;&quot;,&quot;city&quot;:&quot;&quot;,&quot;state&quot;:&quot;&quot;,&quot;zip&quot;:&quot;&quot;}" latitude="37.7415057556445" longitude="-122.436409657177" needs_recoding="false"/></row>