<?xml version="1.0" encoding="UTF-8"?><row _id="11700812" _uuid="EDD5449D-07F1-4E62-9918-1647F6CCADAE" _position="11700812" _address="http://data.sfgov.org/resource/ritf-b9ki/11700812"><incidntnum>150015264</incidntnum><category>FRAUD</category><descript>CREDIT CARD, THEFT BY USE OF</descript><dayofweek>Tuesday</dayofweek><date>2015-01-06T00:00:00</date><time>05:00</time><pddistrict>CENTRAL</pddistrict><resolution>ARREST, BOOKED</resolution><address>300 Block of STOCKTON ST</address><x>-122.406886503606</x><y>37.7887345763527</y><location human_address="{&quot;address&quot;:&quot;&quot;,&quot;city&quot;:&quot;&quot;,&quot;state&quot;:&quot;&quot;,&quot;zip&quot;:&quot;&quot;}" latitude="37.7887345763527" longitude="-122.406886503606" needs_recoding="false"/></row>