<?xml version="1.0" encoding="UTF-8"?><row _id="11776704" _uuid="D48D415A-0F20-41BB-AD3B-784812FC15C7" _position="11776704" _address="http://data.sfgov.org/resource/ritf-b9ki/11776704"><incidntnum>150019959</incidntnum><category>LARCENY/THEFT</category><descript>GRAND THEFT BICYCLE</descript><dayofweek>Wednesday</dayofweek><date>2015-01-07T00:00:00</date><time>13:55</time><pddistrict>PARK</pddistrict><resolution>ARREST, BOOKED</resolution><address>1800 Block of HAIGHT ST</address><x>-122.452706340322</x><y>37.7692156705894</y><location human_address="{&quot;address&quot;:&quot;&quot;,&quot;city&quot;:&quot;&quot;,&quot;state&quot;:&quot;&quot;,&quot;zip&quot;:&quot;&quot;}" latitude="37.7692156705894" longitude="-122.452706340322" needs_recoding="false"/></row>