<?xml version="1.0" encoding="UTF-8"?><row _id="11920799" _uuid="5C049F74-682A-456C-8FBA-9DD74D74E632" _position="11920799" _address="http://data.sfgov.org/resource/ritf-b9ki/11920799"><incidntnum>150009615</incidntnum><category>VANDALISM</category><descript>MALICIOUS MISCHIEF, VANDALISM</descript><dayofweek>Saturday</dayofweek><date>2015-01-03T00:00:00</date><time>16:00</time><pddistrict>NORTHERN</pddistrict><resolution>NONE</resolution><address>1500 Block of BAY ST</address><x>-122.43253044394</x><y>37.8032140328664</y><location human_address="{&quot;address&quot;:&quot;&quot;,&quot;city&quot;:&quot;&quot;,&quot;state&quot;:&quot;&quot;,&quot;zip&quot;:&quot;&quot;}" latitude="37.8032140328664" longitude="-122.43253044394" needs_recoding="false"/></row>