<?xml version="1.0" encoding="UTF-8"?><row _id="12458964" _uuid="0B4605C7-8C56-48BD-A4AE-4DC133F9FE8B" _position="12458964" _address="http://data.sfgov.org/resource/ritf-b9ki/12458964"><incidntnum>150015195</incidntnum><category>NON-CRIMINAL</category><descript>AIDED CASE, MENTAL DISTURBED</descript><dayofweek>Tuesday</dayofweek><date>2015-01-06T00:00:00</date><time>03:56</time><pddistrict>SOUTHERN</pddistrict><resolution>NONE</resolution><address>800 Block of BRYANT ST</address><x>-122.403404791479</x><y>37.775420706711</y><location human_address="{&quot;address&quot;:&quot;&quot;,&quot;city&quot;:&quot;&quot;,&quot;state&quot;:&quot;&quot;,&quot;zip&quot;:&quot;&quot;}" latitude="37.775420706711" longitude="-122.403404791479" needs_recoding="false"/></row>