<?xml version="1.0" encoding="UTF-8"?><row _id="11181926" _uuid="5DA36D89-7D10-4D33-A9E6-3A3AE2377902" _position="11181926" _address="http://data.sfgov.org/resource/ritf-b9ki/11181926"><incidntnum>150014448</incidntnum><category>SUSPICIOUS OCC</category><descript>INVESTIGATIVE DETENTION</descript><dayofweek>Monday</dayofweek><date>2015-01-05T00:00:00</date><time>20:49</time><pddistrict>TENDERLOIN</pddistrict><resolution>NONE</resolution><address>400 Block of TURK ST</address><x>-122.416342977622</x><y>37.7824465135592</y><location human_address="{&quot;address&quot;:&quot;&quot;,&quot;city&quot;:&quot;&quot;,&quot;state&quot;:&quot;&quot;,&quot;zip&quot;:&quot;&quot;}" latitude="37.7824465135592" longitude="-122.416342977622" needs_recoding="false"/></row>