<?xml version="1.0" encoding="UTF-8"?><row _id="11296714" _uuid="ACBBDFD1-E110-4E56-9BBC-322513A06E44" _position="11296714" _address="http://data.sfgov.org/resource/ritf-b9ki/11296714"><incidntnum>150102883</incidntnum><category>ROBBERY</category><descript>ROBBERY, ARMED WITH A KNIFE</descript><dayofweek>Saturday</dayofweek><date>2015-01-03T00:00:00</date><time>05:15</time><pddistrict>CENTRAL</pddistrict><resolution>NONE</resolution><address>TAYLOR ST / SACRAMENTO ST</address><x>-122.412653223062</x><y>37.7925509103928</y><location human_address="{&quot;address&quot;:&quot;&quot;,&quot;city&quot;:&quot;&quot;,&quot;state&quot;:&quot;&quot;,&quot;zip&quot;:&quot;&quot;}" latitude="37.7925509103928" longitude="-122.412653223062" needs_recoding="false"/></row>