<?xml version="1.0" encoding="UTF-8"?><row _id="11711311" _uuid="F39F2EAE-0A53-4D29-B4CC-997B77C18D29" _position="11711311" _address="http://data.sfgov.org/resource/ritf-b9ki/11711311"><incidntnum>156009742</incidntnum><category>LARCENY/THEFT</category><descript>GRAND THEFT FROM UNLOCKED AUTO</descript><dayofweek>Thursday</dayofweek><date>2015-01-08T00:00:00</date><time>00:01</time><pddistrict>INGLESIDE</pddistrict><resolution>NONE</resolution><address>400 Block of CAMPBELL AV</address><x>-122.405042717541</x><y>37.7148101485629</y><location human_address="{&quot;address&quot;:&quot;&quot;,&quot;city&quot;:&quot;&quot;,&quot;state&quot;:&quot;&quot;,&quot;zip&quot;:&quot;&quot;}" latitude="37.7148101485629" longitude="-122.405042717541" needs_recoding="false"/></row>