<?xml version="1.0" encoding="UTF-8"?><row _id="12548302" _uuid="EFCFB181-CA67-4BA1-A3B6-83D3CA05BBD1" _position="12548302" _address="http://data.sfgov.org/resource/ritf-b9ki/12548302"><incidntnum>156010733</incidntnum><category>LARCENY/THEFT</category><descript>GRAND THEFT FROM LOCKED AUTO</descript><dayofweek>Tuesday</dayofweek><date>2015-01-13T00:00:00</date><time>09:00</time><pddistrict>SOUTHERN</pddistrict><resolution>NONE</resolution><address>200 Block of 3RD ST</address><x>-122.399899436982</x><y>37.7846480308387</y><location human_address="{&quot;address&quot;:&quot;&quot;,&quot;city&quot;:&quot;&quot;,&quot;state&quot;:&quot;&quot;,&quot;zip&quot;:&quot;&quot;}" latitude="37.7846480308387" longitude="-122.399899436982" needs_recoding="false"/></row>