<?xml version="1.0" encoding="UTF-8"?><row _id="12007337" _uuid="255BD7C7-9D76-4339-9804-1031F324E79C" _position="12007337" _address="http://data.sfgov.org/resource/ritf-b9ki/12007337"><incidntnum>150014410</incidntnum><category>WARRANTS</category><descript>WARRANT ARREST</descript><dayofweek>Monday</dayofweek><date>2015-01-05T00:00:00</date><time>20:10</time><pddistrict>NORTHERN</pddistrict><resolution>ARREST, BOOKED</resolution><address>2600 Block of STEINER ST</address><x>-122.436407559729</x><y>37.7936146828234</y><location human_address="{&quot;address&quot;:&quot;&quot;,&quot;city&quot;:&quot;&quot;,&quot;state&quot;:&quot;&quot;,&quot;zip&quot;:&quot;&quot;}" latitude="37.7936146828234" longitude="-122.436407559729" needs_recoding="false"/></row>