<?xml version="1.0" encoding="UTF-8"?><row _id="11155526" _uuid="41D74FD5-E2B5-42CE-9C0E-26A7CCB04A4F" _position="11155526" _address="http://data.sfgov.org/resource/ritf-b9ki/11155526"><incidntnum>150019711</incidntnum><category>MISSING PERSON</category><descript>FOUND PERSON</descript><dayofweek>Wednesday</dayofweek><date>2015-01-07T00:00:00</date><time>12:40</time><pddistrict>RICHMOND</pddistrict><resolution>ARREST, BOOKED</resolution><address>300 Block of 7TH AV</address><x>-122.465352199094</x><y>37.7819129193277</y><location human_address="{&quot;address&quot;:&quot;&quot;,&quot;city&quot;:&quot;&quot;,&quot;state&quot;:&quot;&quot;,&quot;zip&quot;:&quot;&quot;}" latitude="37.7819129193277" longitude="-122.465352199094" needs_recoding="false"/></row>