<?xml version="1.0" encoding="UTF-8"?><row _id="11778153" _uuid="2F673290-B6B8-4730-A628-C2EE729F947B" _position="11778153" _address="http://data.sfgov.org/resource/ritf-b9ki/11778153"><incidntnum>150014846</incidntnum><category>OTHER OFFENSES</category><descript>RESISTING ARREST</descript><dayofweek>Monday</dayofweek><date>2015-01-05T00:00:00</date><time>22:42</time><pddistrict>MISSION</pddistrict><resolution>ARREST, BOOKED</resolution><address>14TH ST / MINNA ST</address><x>-122.419226797663</x><y>37.7683179615007</y><location human_address="{&quot;address&quot;:&quot;&quot;,&quot;city&quot;:&quot;&quot;,&quot;state&quot;:&quot;&quot;,&quot;zip&quot;:&quot;&quot;}" latitude="37.7683179615007" longitude="-122.419226797663" needs_recoding="false"/></row>