<?xml version="1.0" encoding="UTF-8"?><row _id="11215194" _uuid="3776AC6D-8C25-4CC8-8668-F50441046E6C" _position="11215194" _address="http://data.sfgov.org/resource/ritf-b9ki/11215194"><incidntnum>156004758</incidntnum><category>LARCENY/THEFT</category><descript>GRAND THEFT FROM LOCKED AUTO</descript><dayofweek>Tuesday</dayofweek><date>2015-01-06T00:00:00</date><time>18:00</time><pddistrict>TARAVAL</pddistrict><resolution>NONE</resolution><address>3200 Block of 20TH AV</address><x>-122.475647460786</x><y>37.7285280627465</y><location human_address="{&quot;address&quot;:&quot;&quot;,&quot;city&quot;:&quot;&quot;,&quot;state&quot;:&quot;&quot;,&quot;zip&quot;:&quot;&quot;}" latitude="37.7285280627465" longitude="-122.475647460786" needs_recoding="false"/></row>