<?xml version="1.0" encoding="UTF-8"?><row _id="12434074" _uuid="53D00EF3-EF71-4D29-9B43-3E6F091736F9" _position="12434074" _address="http://data.sfgov.org/resource/ritf-b9ki/12434074"><incidntnum>150071391</incidntnum><category>OTHER OFFENSES</category><descript>VIOLATION OF MUNICIPAL CODE</descript><dayofweek>Friday</dayofweek><date>2015-01-23T00:00:00</date><time>20:15</time><pddistrict>SOUTHERN</pddistrict><resolution>ARREST, BOOKED</resolution><address>MISSION ST / BEALE ST</address><x>-122.395815475491</x><y>37.7911527166535</y><location human_address="{&quot;address&quot;:&quot;&quot;,&quot;city&quot;:&quot;&quot;,&quot;state&quot;:&quot;&quot;,&quot;zip&quot;:&quot;&quot;}" latitude="37.7911527166535" longitude="-122.395815475491" needs_recoding="false"/></row>