<?xml version="1.0" encoding="UTF-8"?><row _id="12463409" _uuid="CED57802-C163-48CC-A43D-896909C520ED" _position="12463409" _address="http://data.sfgov.org/resource/ritf-b9ki/12463409"><incidntnum>156008045</incidntnum><category>LARCENY/THEFT</category><descript>GRAND THEFT FROM LOCKED AUTO</descript><dayofweek>Tuesday</dayofweek><date>2015-01-06T00:00:00</date><time>20:00</time><pddistrict>RICHMOND</pddistrict><resolution>NONE</resolution><address>2500 Block of TURK ST</address><x>-122.449320757469</x><y>37.7782778994108</y><location human_address="{&quot;address&quot;:&quot;&quot;,&quot;city&quot;:&quot;&quot;,&quot;state&quot;:&quot;&quot;,&quot;zip&quot;:&quot;&quot;}" latitude="37.7782778994108" longitude="-122.449320757469" needs_recoding="false"/></row>