<?xml version="1.0" encoding="UTF-8"?><row _id="12647585" _uuid="59E7D5DE-9AA1-46BE-9894-AAE8B9816939" _position="12647585" _address="http://data.sfgov.org/resource/ritf-b9ki/12647585"><incidntnum>150890351</incidntnum><category>WARRANTS</category><descript>ENROUTE TO PAROLE OFFICER</descript><dayofweek>Sunday</dayofweek><date>2015-10-11T00:00:00</date><time>13:17</time><pddistrict>MISSION</pddistrict><resolution>ARREST, BOOKED</resolution><address>2000 Block of MISSION ST</address><x>-122.41965834371</x><y>37.7642205603745</y><location human_address="{&quot;address&quot;:&quot;&quot;,&quot;city&quot;:&quot;&quot;,&quot;state&quot;:&quot;&quot;,&quot;zip&quot;:&quot;&quot;}" latitude="37.7642205603745" longitude="-122.41965834371" needs_recoding="false"/></row>