<?xml version="1.0" encoding="UTF-8"?><row _id="12643835" _uuid="456ACB94-B061-4471-ABEC-B104F473F0D0" _position="12643835" _address="http://data.sfgov.org/resource/ritf-b9ki/12643835"><incidntnum>150862059</incidntnum><category>VEHICLE THEFT</category><descript>STOLEN AUTOMOBILE</descript><dayofweek>Friday</dayofweek><date>2015-10-02T00:00:00</date><time>00:15</time><pddistrict>BAYVIEW</pddistrict><resolution>NONE</resolution><address>1200 Block of INDIANA ST</address><x>-122.39086965269</x><y>37.7539159203935</y><location human_address="{&quot;address&quot;:&quot;&quot;,&quot;city&quot;:&quot;&quot;,&quot;state&quot;:&quot;&quot;,&quot;zip&quot;:&quot;&quot;}" latitude="37.7539159203935" longitude="-122.39086965269" needs_recoding="false"/></row>