<?xml version="1.0" encoding="UTF-8"?><row _id="12648987" _uuid="D02AA61E-10F9-4A94-AC5F-E7EB589F1D66" _position="12648987" _address="http://data.sfgov.org/resource/ritf-b9ki/12648987"><incidntnum>150900900</incidntnum><category>LARCENY/THEFT</category><descript>GRAND THEFT FROM PERSON</descript><dayofweek>Thursday</dayofweek><date>2015-10-15T00:00:00</date><time>20:40</time><pddistrict>CENTRAL</pddistrict><resolution>NONE</resolution><address>POWELL ST / POST ST</address><x>-122.408403859899</x><y>37.7882933915158</y><location human_address="{&quot;address&quot;:&quot;&quot;,&quot;city&quot;:&quot;&quot;,&quot;state&quot;:&quot;&quot;,&quot;zip&quot;:&quot;&quot;}" latitude="37.7882933915158" longitude="-122.408403859899" needs_recoding="false"/></row>