<?xml version="1.0" encoding="UTF-8"?><row _id="12644932" _uuid="438649FC-6BC2-4DCD-A968-3327C0532940" _position="12644932" _address="http://data.sfgov.org/resource/ritf-b9ki/12644932"><incidntnum>156251573</incidntnum><category>LARCENY/THEFT</category><descript>GRAND THEFT FROM UNLOCKED AUTO</descript><dayofweek>Friday</dayofweek><date>2015-10-02T00:00:00</date><time>12:30</time><pddistrict>RICHMOND</pddistrict><resolution>NONE</resolution><address>500 Block of 11TH AV</address><x>-122.469357481945</x><y>37.7779050116432</y><location human_address="{&quot;address&quot;:&quot;&quot;,&quot;city&quot;:&quot;&quot;,&quot;state&quot;:&quot;&quot;,&quot;zip&quot;:&quot;&quot;}" latitude="37.7779050116432" longitude="-122.469357481945" needs_recoding="false"/></row>