<?xml version="1.0" encoding="UTF-8"?><row _id="12643314" _uuid="30A9610C-F23B-4686-A7C4-E69527BCA72C" _position="12643314" _address="http://data.sfgov.org/resource/ritf-b9ki/12643314"><incidntnum>150861932</incidntnum><category>OTHER OFFENSES</category><descript>DRIVERS LICENSE, SUSPENDED OR REVOKED</descript><dayofweek>Thursday</dayofweek><date>2015-10-01T00:00:00</date><time>23:55</time><pddistrict>BAYVIEW</pddistrict><resolution>ARREST, BOOKED</resolution><address>SWEENY ST / DARTMOUTH ST</address><x>-122.413733473817</x><y>37.7313155554984</y><location human_address="{&quot;address&quot;:&quot;&quot;,&quot;city&quot;:&quot;&quot;,&quot;state&quot;:&quot;&quot;,&quot;zip&quot;:&quot;&quot;}" latitude="37.7313155554984" longitude="-122.413733473817" needs_recoding="false"/></row>