<?xml version="1.0" encoding="UTF-8"?><row _id="12643998" _uuid="1E6132AC-FB61-40B8-ACBA-4127E2244A32" _position="12643998" _address="http://data.sfgov.org/resource/ritf-b9ki/12643998"><incidntnum>150864497</incidntnum><category>WARRANTS</category><descript>WARRANT ARREST</descript><dayofweek>Friday</dayofweek><date>2015-10-02T00:00:00</date><time>19:00</time><pddistrict>MISSION</pddistrict><resolution>ARREST, BOOKED</resolution><address>600 Block of VALENCIA ST</address><x>-122.421747650463</x><y>37.7627436601147</y><location human_address="{&quot;address&quot;:&quot;&quot;,&quot;city&quot;:&quot;&quot;,&quot;state&quot;:&quot;&quot;,&quot;zip&quot;:&quot;&quot;}" latitude="37.7627436601147" longitude="-122.421747650463" needs_recoding="false"/></row>