<?xml version="1.0" encoding="UTF-8"?><row _id="12644710" _uuid="06771824-E9AB-444D-B541-BBEADA08FE53" _position="12644710" _address="http://data.sfgov.org/resource/ritf-b9ki/12644710"><incidntnum>150869130</incidntnum><category>SUSPICIOUS OCC</category><descript>SUSPICIOUS OCCURRENCE</descript><dayofweek>Sunday</dayofweek><date>2015-10-04T00:00:00</date><time>11:41</time><pddistrict>SOUTHERN</pddistrict><resolution>NONE</resolution><address>800 Block of BRANNAN ST</address><x>-122.404385042303</x><y>37.7721958190345</y><location human_address="{&quot;address&quot;:&quot;&quot;,&quot;city&quot;:&quot;&quot;,&quot;state&quot;:&quot;&quot;,&quot;zip&quot;:&quot;&quot;}" latitude="37.7721958190345" longitude="-122.404385042303" needs_recoding="false"/></row>