<?xml version="1.0" encoding="UTF-8"?><row _id="12643499" _uuid="1742A736-A015-46E9-933E-B136A564FE59" _position="12643499" _address="http://data.sfgov.org/resource/ritf-b9ki/12643499"><incidntnum>156241643</incidntnum><category>LARCENY/THEFT</category><descript>GRAND THEFT OF PROPERTY</descript><dayofweek>Thursday</dayofweek><date>2015-10-01T00:00:00</date><time>10:00</time><pddistrict>SOUTHERN</pddistrict><resolution>NONE</resolution><address>800 Block of BRYANT ST</address><x>-122.403404791479</x><y>37.775420706711</y><location human_address="{&quot;address&quot;:&quot;&quot;,&quot;city&quot;:&quot;&quot;,&quot;state&quot;:&quot;&quot;,&quot;zip&quot;:&quot;&quot;}" latitude="37.775420706711" longitude="-122.403404791479" needs_recoding="false"/></row>