<?xml version="1.0" encoding="UTF-8"?><row _id="12650504" _uuid="F57A2806-C614-4C6D-BB79-B05828A43E56" _position="12650504" _address="http://data.sfgov.org/resource/ritf-b9ki/12650504"><incidntnum>150914804</incidntnum><category>FORGERY/COUNTERFEITING</category><descript>COUNTERFEITING, POSSESSION COINS OR NOTES</descript><dayofweek>Sunday</dayofweek><date>2015-10-18T00:00:00</date><time>22:40</time><pddistrict>NORTHERN</pddistrict><resolution>UNFOUNDED</resolution><address>1800 Block of UNION ST</address><x>-122.429763201881</x><y>37.7978730399148</y><location human_address="{&quot;address&quot;:&quot;&quot;,&quot;city&quot;:&quot;&quot;,&quot;state&quot;:&quot;&quot;,&quot;zip&quot;:&quot;&quot;}" latitude="37.7978730399148" longitude="-122.429763201881" needs_recoding="false"/></row>