<?xml version="1.0" encoding="UTF-8"?><row _id="12646025" _uuid="C9D4DF83-B87B-4E04-A1F7-CDD36EE99AEF" _position="12646025" _address="http://data.sfgov.org/resource/ritf-b9ki/12646025"><incidntnum>150876919</incidntnum><category>BURGLARY</category><descript>BURGLARY OF APARTMENT HOUSE, UNLAWFUL ENTRY</descript><dayofweek>Wednesday</dayofweek><date>2015-10-07T00:00:00</date><time>03:21</time><pddistrict>BAYVIEW</pddistrict><resolution>NONE</resolution><address>1800 Block of 25TH ST</address><x>-122.397486915671</x><y>37.752197092814</y><location human_address="{&quot;address&quot;:&quot;&quot;,&quot;city&quot;:&quot;&quot;,&quot;state&quot;:&quot;&quot;,&quot;zip&quot;:&quot;&quot;}" latitude="37.752197092814" longitude="-122.397486915671" needs_recoding="false"/></row>