<?xml version="1.0" encoding="UTF-8"?><row _id="12645600" _uuid="1599B513-BB11-4F1D-A603-75ABDA872571" _position="12645600" _address="http://data.sfgov.org/resource/ritf-b9ki/12645600"><incidntnum>150879032</incidntnum><category>FRAUD</category><descript>FALSE PRETENSES, GRAND THEFT</descript><dayofweek>Tuesday</dayofweek><date>2015-10-06T00:00:00</date><time>15:00</time><pddistrict>BAYVIEW</pddistrict><resolution>NONE</resolution><address>500 Block of 16TH ST</address><x>-122.389969598767</x><y>37.7669067689539</y><location human_address="{&quot;address&quot;:&quot;&quot;,&quot;city&quot;:&quot;&quot;,&quot;state&quot;:&quot;&quot;,&quot;zip&quot;:&quot;&quot;}" latitude="37.7669067689539" longitude="-122.389969598767" needs_recoding="false"/></row>