<?xml version="1.0" encoding="UTF-8"?><row _id="12646764" _uuid="7224810F-4421-4394-B5D5-FCF904074520" _position="12646764" _address="http://data.sfgov.org/resource/ritf-b9ki/12646764"><incidntnum>150897125</incidntnum><category>LARCENY/THEFT</category><descript>PETTY THEFT FROM A BUILDING</descript><dayofweek>Friday</dayofweek><date>2015-10-09T00:00:00</date><time>17:00</time><pddistrict>SOUTHERN</pddistrict><resolution>NONE</resolution><address>0 Block of MISSION ST</address><x>-122.392889145798</x><y>37.7935385958356</y><location human_address="{&quot;address&quot;:&quot;&quot;,&quot;city&quot;:&quot;&quot;,&quot;state&quot;:&quot;&quot;,&quot;zip&quot;:&quot;&quot;}" latitude="37.7935385958356" longitude="-122.392889145798" needs_recoding="false"/></row>