<?xml version="1.0" encoding="UTF-8"?><row _id="12643299" _uuid="4790B90D-2F0C-4160-9E22-502815AE9DA1" _position="12643299" _address="http://data.sfgov.org/resource/ritf-b9ki/12643299"><incidntnum>150860605</incidntnum><category>OTHER OFFENSES</category><descript>DRIVERS LICENSE, SUSPENDED OR REVOKED</descript><dayofweek>Thursday</dayofweek><date>2015-10-01T00:00:00</date><time>15:55</time><pddistrict>TENDERLOIN</pddistrict><resolution>ARREST, BOOKED</resolution><address>ELLIS ST / MASON ST</address><x>-122.409499861107</x><y>37.7852842684318</y><location human_address="{&quot;address&quot;:&quot;&quot;,&quot;city&quot;:&quot;&quot;,&quot;state&quot;:&quot;&quot;,&quot;zip&quot;:&quot;&quot;}" latitude="37.7852842684318" longitude="-122.409499861107" needs_recoding="false"/></row>