<?xml version="1.0" encoding="UTF-8"?><row _id="12646463" _uuid="20BBBB3D-FFED-4B10-AA1B-6C9A6D4A7AFB" _position="12646463" _address="http://data.sfgov.org/resource/ritf-b9ki/12646463"><incidntnum>150881413</incidntnum><category>ASSAULT</category><descript>ELDER ADULT OR DEPENDENT ABUSE (NOT EMBEZZLEMENT OR THEFT)</descript><dayofweek>Thursday</dayofweek><date>2015-10-08T00:00:00</date><time>12:00</time><pddistrict>BAYVIEW</pddistrict><resolution>NONE</resolution><address>100 Block of CHANNEL ST</address><x>-122.390753273663</x><y>37.7743792347808</y><location human_address="{&quot;address&quot;:&quot;&quot;,&quot;city&quot;:&quot;&quot;,&quot;state&quot;:&quot;&quot;,&quot;zip&quot;:&quot;&quot;}" latitude="37.7743792347808" longitude="-122.390753273663" needs_recoding="false"/></row>