<?xml version="1.0" encoding="UTF-8"?><row _id="12645573" _uuid="94B7C27B-063A-4334-B940-C8A22BF16D93" _position="12645573" _address="http://data.sfgov.org/resource/ritf-b9ki/12645573"><incidntnum>150876389</incidntnum><category>OTHER OFFENSES</category><descript>TRAFFIC VIOLATION ARREST</descript><dayofweek>Tuesday</dayofweek><date>2015-10-06T00:00:00</date><time>21:00</time><pddistrict>CENTRAL</pddistrict><resolution>ARREST, CITED</resolution><address>500 Block of UNION ST</address><x>-122.408205606839</x><y>37.8006189151963</y><location human_address="{&quot;address&quot;:&quot;&quot;,&quot;city&quot;:&quot;&quot;,&quot;state&quot;:&quot;&quot;,&quot;zip&quot;:&quot;&quot;}" latitude="37.8006189151963" longitude="-122.408205606839" needs_recoding="false"/></row>