<?xml version="1.0" encoding="UTF-8"?><row _id="12643465" _uuid="A01AFBFF-988D-4D93-9550-AD185CA42111" _position="12643465" _address="http://data.sfgov.org/resource/ritf-b9ki/12643465"><incidntnum>150860809</incidntnum><category>ROBBERY</category><descript>ATTEMPTED ROBBERY COMM. ESTABLISHMENT W/KNIFE</descript><dayofweek>Thursday</dayofweek><date>2015-10-01T00:00:00</date><time>16:53</time><pddistrict>CENTRAL</pddistrict><resolution>NONE</resolution><address>100 Block of PINE ST</address><x>-122.39917586354</x><y>37.7922774162948</y><location human_address="{&quot;address&quot;:&quot;&quot;,&quot;city&quot;:&quot;&quot;,&quot;state&quot;:&quot;&quot;,&quot;zip&quot;:&quot;&quot;}" latitude="37.7922774162948" longitude="-122.39917586354" needs_recoding="false"/></row>