<?xml version="1.0" encoding="UTF-8"?><row _id="12653900" _uuid="F3A2E7C7-2043-4516-8469-CD05F57730AB" _position="12653900" _address="http://data.sfgov.org/resource/ritf-b9ki/12653900"><incidntnum>150937094</incidntnum><category>ASSAULT</category><descript>INFLICT INJURY ON COHABITEE</descript><dayofweek>Monday</dayofweek><date>2015-10-26T00:00:00</date><time>17:50</time><pddistrict>TENDERLOIN</pddistrict><resolution>ARREST, BOOKED</resolution><address>100 Block of ELLIS ST</address><x>-122.408270724034</x><y>37.7854941424186</y><location human_address="{&quot;address&quot;:&quot;&quot;,&quot;city&quot;:&quot;&quot;,&quot;state&quot;:&quot;&quot;,&quot;zip&quot;:&quot;&quot;}" latitude="37.7854941424186" longitude="-122.408270724034" needs_recoding="false"/></row>