<?xml version="1.0" encoding="UTF-8"?><row _id="12644593" _uuid="F1E2D0E1-6ED7-4582-B224-E4CFFCF9CAA5" _position="12644593" _address="http://data.sfgov.org/resource/ritf-b9ki/12644593"><incidntnum>150870206</incidntnum><category>OTHER OFFENSES</category><descript>LOST/STOLEN LICENSE PLATE</descript><dayofweek>Sunday</dayofweek><date>2015-10-04T00:00:00</date><time>10:00</time><pddistrict>RICHMOND</pddistrict><resolution>NONE</resolution><address>9TH AV / MARTIN LUTHER KING JR DR</address><x>-122.466429551488</x><y>37.7664741386096</y><location human_address="{&quot;address&quot;:&quot;&quot;,&quot;city&quot;:&quot;&quot;,&quot;state&quot;:&quot;&quot;,&quot;zip&quot;:&quot;&quot;}" latitude="37.7664741386096" longitude="-122.466429551488" needs_recoding="false"/></row>