<?xml version="1.0" encoding="UTF-8"?><row _id="12653167" _uuid="96B26163-961C-42FE-8ABF-3D42442A9934" _position="12653167" _address="http://data.sfgov.org/resource/ritf-b9ki/12653167"><incidntnum>150872575</incidntnum><category>SEX OFFENSES, FORCIBLE</category><descript>FORCIBLE RAPE, BODILY FORCE</descript><dayofweek>Saturday</dayofweek><date>2015-10-03T00:00:00</date><time>03:00</time><pddistrict>INGLESIDE</pddistrict><resolution>NONE</resolution><address>1100 Block of GENEVA AV</address><x>-122.436523020079</x><y>37.7144783913105</y><location human_address="{&quot;address&quot;:&quot;&quot;,&quot;city&quot;:&quot;&quot;,&quot;state&quot;:&quot;&quot;,&quot;zip&quot;:&quot;&quot;}" latitude="37.7144783913105" longitude="-122.436523020079" needs_recoding="false"/></row>