<?xml version="1.0" encoding="UTF-8"?><row _id="12645063" _uuid="488BC042-300A-4B0C-81FB-2B219BD139F2" _position="12645063" _address="http://data.sfgov.org/resource/ritf-b9ki/12645063"><incidntnum>150872252</incidntnum><category>VEHICLE THEFT</category><descript>STOLEN TRUCK</descript><dayofweek>Monday</dayofweek><date>2015-10-05T00:00:00</date><time>14:19</time><pddistrict>BAYVIEW</pddistrict><resolution>NONE</resolution><address>WAYLAND ST / CAMBRIDGE ST</address><x>-122.416917779318</x><y>37.7228251987383</y><location human_address="{&quot;address&quot;:&quot;&quot;,&quot;city&quot;:&quot;&quot;,&quot;state&quot;:&quot;&quot;,&quot;zip&quot;:&quot;&quot;}" latitude="37.7228251987383" longitude="-122.416917779318" needs_recoding="false"/></row>