<?xml version="1.0" encoding="UTF-8"?><row _id="12643802" _uuid="7C410A7C-208C-4439-9CB7-1A0E694AB857" _position="12643802" _address="http://data.sfgov.org/resource/ritf-b9ki/12643802"><incidntnum>150859937</incidntnum><category>NON-CRIMINAL</category><descript>FOUND PROPERTY</descript><dayofweek>Thursday</dayofweek><date>2015-10-01T00:00:00</date><time>12:15</time><pddistrict>TENDERLOIN</pddistrict><resolution>NONE</resolution><address>MARKET ST / 8TH ST</address><x>-122.414743835382</x><y>37.778719262789</y><location human_address="{&quot;address&quot;:&quot;&quot;,&quot;city&quot;:&quot;&quot;,&quot;state&quot;:&quot;&quot;,&quot;zip&quot;:&quot;&quot;}" latitude="37.778719262789" longitude="-122.414743835382" needs_recoding="false"/></row>