<?xml version="1.0" encoding="UTF-8"?><row _id="12645544" _uuid="0C3823F0-518D-4E4A-B890-BA43397EAD49" _position="12645544" _address="http://data.sfgov.org/resource/ritf-b9ki/12645544"><incidntnum>150873802</incidntnum><category>ASSAULT</category><descript>INFLICT INJURY ON COHABITEE</descript><dayofweek>Tuesday</dayofweek><date>2015-10-06T00:00:00</date><time>00:50</time><pddistrict>BAYVIEW</pddistrict><resolution>ARREST, BOOKED</resolution><address>900 Block of CONNECTICUT ST</address><x>-122.397089183868</x><y>37.7535987880327</y><location human_address="{&quot;address&quot;:&quot;&quot;,&quot;city&quot;:&quot;&quot;,&quot;state&quot;:&quot;&quot;,&quot;zip&quot;:&quot;&quot;}" latitude="37.7535987880327" longitude="-122.397089183868" needs_recoding="false"/></row>