<?xml version="1.0" encoding="UTF-8"?><row _id="12645807" _uuid="DC7F8EBB-A3F5-4EE1-97F0-D7E1E1764524" _position="12645807" _address="http://data.sfgov.org/resource/ritf-b9ki/12645807"><incidntnum>156246922</incidntnum><category>LARCENY/THEFT</category><descript>GRAND THEFT OF PROPERTY</descript><dayofweek>Wednesday</dayofweek><date>2015-10-07T00:00:00</date><time>08:00</time><pddistrict>SOUTHERN</pddistrict><resolution>NONE</resolution><address>3RD ST / MARKET ST</address><x>-122.403434086745</x><y>37.78764305018</y><location human_address="{&quot;address&quot;:&quot;&quot;,&quot;city&quot;:&quot;&quot;,&quot;state&quot;:&quot;&quot;,&quot;zip&quot;:&quot;&quot;}" latitude="37.78764305018" longitude="-122.403434086745" needs_recoding="false"/></row>