<?xml version="1.0" encoding="UTF-8"?><row _id="12645305" _uuid="E1E38373-4711-48CA-9FEB-C15469BDAC7F" _position="12645305" _address="http://data.sfgov.org/resource/ritf-b9ki/12645305"><incidntnum>156252628</incidntnum><category>LARCENY/THEFT</category><descript>GRAND THEFT FROM LOCKED AUTO</descript><dayofweek>Monday</dayofweek><date>2015-10-05T00:00:00</date><time>18:00</time><pddistrict>CENTRAL</pddistrict><resolution>NONE</resolution><address>900 Block of POST ST</address><x>-122.417641342653</x><y>37.7871735250079</y><location human_address="{&quot;address&quot;:&quot;&quot;,&quot;city&quot;:&quot;&quot;,&quot;state&quot;:&quot;&quot;,&quot;zip&quot;:&quot;&quot;}" latitude="37.7871735250079" longitude="-122.417641342653" needs_recoding="false"/></row>