<?xml version="1.0" encoding="UTF-8"?><row _id="12679042" _uuid="33A84782-E7A9-4C7D-B0C7-17F41A7A501F" _position="12679042" _address="http://data.sfgov.org/resource/ritf-b9ki/12679042"><incidntnum>160012545</incidntnum><category>OTHER OFFENSES</category><descript>FRAUDULENT GAME OR TRICK, OBTAINING MONEY OR PROPERTY</descript><dayofweek>Saturday</dayofweek><date>2015-10-03T00:00:00</date><time>00:01</time><pddistrict>BAYVIEW</pddistrict><resolution>NONE</resolution><address>5000 Block of 3RD ST</address><x>-122.391517460482</x><y>37.7328509353031</y><location human_address="{&quot;address&quot;:&quot;&quot;,&quot;city&quot;:&quot;&quot;,&quot;state&quot;:&quot;&quot;,&quot;zip&quot;:&quot;&quot;}" latitude="37.7328509353031" longitude="-122.391517460482" needs_recoding="false"/></row>