<?xml version="1.0" encoding="UTF-8"?><row _id="12653392" _uuid="D9B0A317-871E-47AA-B956-6E944C38B1FB" _position="12653392" _address="http://data.sfgov.org/resource/ritf-b9ki/12653392"><incidntnum>150933274</incidntnum><category>WARRANTS</category><descript>WARRANT ARREST</descript><dayofweek>Sunday</dayofweek><date>2015-10-25T00:00:00</date><time>16:17</time><pddistrict>NORTHERN</pddistrict><resolution>ARREST, BOOKED</resolution><address>100 Block of CHURCH ST</address><x>-122.429080297019</x><y>37.7681979747465</y><location human_address="{&quot;address&quot;:&quot;&quot;,&quot;city&quot;:&quot;&quot;,&quot;state&quot;:&quot;&quot;,&quot;zip&quot;:&quot;&quot;}" latitude="37.7681979747465" longitude="-122.429080297019" needs_recoding="false"/></row>