<?xml version="1.0" encoding="UTF-8"?><row _id="12644745" _uuid="D3FA27CC-C63F-49C0-AFF2-E4C82BA5ED38" _position="12644745" _address="http://data.sfgov.org/resource/ritf-b9ki/12644745"><incidntnum>150870290</incidntnum><category>OTHER OFFENSES</category><descript>TRAFFIC VIOLATION</descript><dayofweek>Sunday</dayofweek><date>2015-10-04T00:00:00</date><time>19:39</time><pddistrict>TENDERLOIN</pddistrict><resolution>JUVENILE BOOKED</resolution><address>300 Block of JONES ST</address><x>-122.412758846145</x><y>37.7843997500192</y><location human_address="{&quot;address&quot;:&quot;&quot;,&quot;city&quot;:&quot;&quot;,&quot;state&quot;:&quot;&quot;,&quot;zip&quot;:&quot;&quot;}" latitude="37.7843997500192" longitude="-122.412758846145" needs_recoding="false"/></row>