<?xml version="1.0" encoding="UTF-8"?><row _id="12648049" _uuid="76576BCB-580D-47D6-B6AF-64587363CE3C" _position="12648049" _address="http://data.sfgov.org/resource/ritf-b9ki/12648049"><incidntnum>150894018</incidntnum><category>LARCENY/THEFT</category><descript>PETTY THEFT SHOPLIFTING</descript><dayofweek>Monday</dayofweek><date>2015-10-12T00:00:00</date><time>14:25</time><pddistrict>SOUTHERN</pddistrict><resolution>NONE</resolution><address>800 Block of MARKET ST</address><x>-122.406690592261</x><y>37.7852071918419</y><location human_address="{&quot;address&quot;:&quot;&quot;,&quot;city&quot;:&quot;&quot;,&quot;state&quot;:&quot;&quot;,&quot;zip&quot;:&quot;&quot;}" latitude="37.7852071918419" longitude="-122.406690592261" needs_recoding="false"/></row>