<?xml version="1.0" encoding="UTF-8"?><row _id="12643843" _uuid="775F5EFA-7DF7-468D-83C1-2E02679AE374" _position="12643843" _address="http://data.sfgov.org/resource/ritf-b9ki/12643843"><incidntnum>150862184</incidntnum><category>DRUG/NARCOTIC</category><descript>POSSESSION OF CONTROLLED SUBSTANCE</descript><dayofweek>Friday</dayofweek><date>2015-10-02T00:00:00</date><time>01:40</time><pddistrict>CENTRAL</pddistrict><resolution>ARREST, BOOKED</resolution><address>600 Block of STOCKTON ST</address><x>-122.407354509443</x><y>37.7917926375029</y><location human_address="{&quot;address&quot;:&quot;&quot;,&quot;city&quot;:&quot;&quot;,&quot;state&quot;:&quot;&quot;,&quot;zip&quot;:&quot;&quot;}" latitude="37.7917926375029" longitude="-122.407354509443" needs_recoding="false"/></row>