<?xml version="1.0" encoding="UTF-8"?><row _id="12650444" _uuid="EDF9047F-838B-466D-A933-CBA3068DC550" _position="12650444" _address="http://data.sfgov.org/resource/ritf-b9ki/12650444"><incidntnum>150911258</incidntnum><category>WARRANTS</category><descript>ENROUTE TO OUTSIDE JURISDICTION</descript><dayofweek>Sunday</dayofweek><date>2015-10-18T00:00:00</date><time>12:55</time><pddistrict>BAYVIEW</pddistrict><resolution>ARREST, BOOKED</resolution><address>0 Block of GEORGE CT</address><x>-122.382660660186</x><y>37.7308000998774</y><location human_address="{&quot;address&quot;:&quot;&quot;,&quot;city&quot;:&quot;&quot;,&quot;state&quot;:&quot;&quot;,&quot;zip&quot;:&quot;&quot;}" latitude="37.7308000998774" longitude="-122.382660660186" needs_recoding="false"/></row>