<?xml version="1.0" encoding="UTF-8"?><row _id="12645550" _uuid="2A3B0B69-17EE-4F2F-9BAD-71E0515FC19B" _position="12645550" _address="http://data.sfgov.org/resource/ritf-b9ki/12645550"><incidntnum>150875068</incidntnum><category>NON-CRIMINAL</category><descript>AIDED CASE, MENTAL DISTURBED</descript><dayofweek>Tuesday</dayofweek><date>2015-10-06T00:00:00</date><time>12:29</time><pddistrict>SOUTHERN</pddistrict><resolution>ARREST, BOOKED</resolution><address>600 Block of STEVENSON ST</address><x>-122.412651894354</x><y>37.7795131668888</y><location human_address="{&quot;address&quot;:&quot;&quot;,&quot;city&quot;:&quot;&quot;,&quot;state&quot;:&quot;&quot;,&quot;zip&quot;:&quot;&quot;}" latitude="37.7795131668888" longitude="-122.412651894354" needs_recoding="false"/></row>