<?xml version="1.0" encoding="UTF-8"?><row _id="12646527" _uuid="6C941F84-324E-4C24-AFA6-295E0D0F2EBA" _position="12646527" _address="http://data.sfgov.org/resource/ritf-b9ki/12646527"><incidntnum>150885437</incidntnum><category>NON-CRIMINAL</category><descript>FOUND PROPERTY</descript><dayofweek>Friday</dayofweek><date>2015-10-09T00:00:00</date><time>20:13</time><pddistrict>PARK</pddistrict><resolution>NONE</resolution><address>NOE ST / 14TH ST</address><x>-122.433409294261</x><y>37.7674598906238</y><location human_address="{&quot;address&quot;:&quot;&quot;,&quot;city&quot;:&quot;&quot;,&quot;state&quot;:&quot;&quot;,&quot;zip&quot;:&quot;&quot;}" latitude="37.7674598906238" longitude="-122.433409294261" needs_recoding="false"/></row>