<?xml version="1.0" encoding="UTF-8"?><row _id="12644188" _uuid="261E8F97-6EC5-4F80-8AC5-062A565E81A7" _position="12644188" _address="http://data.sfgov.org/resource/ritf-b9ki/12644188"><incidntnum>150867980</incidntnum><category>OTHER OFFENSES</category><descript>DRIVERS LICENSE, SUSPENDED OR REVOKED</descript><dayofweek>Saturday</dayofweek><date>2015-10-03T00:00:00</date><time>23:20</time><pddistrict>TENDERLOIN</pddistrict><resolution>ARREST, BOOKED</resolution><address>LEAVENWORTH ST / EDDY ST</address><x>-122.414242955907</x><y>37.7837240254478</y><location human_address="{&quot;address&quot;:&quot;&quot;,&quot;city&quot;:&quot;&quot;,&quot;state&quot;:&quot;&quot;,&quot;zip&quot;:&quot;&quot;}" latitude="37.7837240254478" longitude="-122.414242955907" needs_recoding="false"/></row>