<?xml version="1.0" encoding="UTF-8"?><row _id="12644388" _uuid="C60E239C-DBC7-4E95-8084-3EA4D7C34AF2" _position="12644388" _address="http://data.sfgov.org/resource/ritf-b9ki/12644388"><incidntnum>150868041</incidntnum><category>ASSAULT</category><descript>BATTERY</descript><dayofweek>Saturday</dayofweek><date>2015-10-03T00:00:00</date><time>21:30</time><pddistrict>CENTRAL</pddistrict><resolution>NONE</resolution><address>500 Block of FRANCISCO ST</address><x>-122.41426677512</x><y>37.8046348825476</y><location human_address="{&quot;address&quot;:&quot;&quot;,&quot;city&quot;:&quot;&quot;,&quot;state&quot;:&quot;&quot;,&quot;zip&quot;:&quot;&quot;}" latitude="37.8046348825476" longitude="-122.41426677512" needs_recoding="false"/></row>