<?xml version="1.0" encoding="UTF-8"?><row _id="12653174" _uuid="2B20B883-FE44-4EC5-B636-8CC51AB78368" _position="12653174" _address="http://data.sfgov.org/resource/ritf-b9ki/12653174"><incidntnum>150942720</incidntnum><category>VEHICLE THEFT</category><descript>STOLEN MOTORCYCLE</descript><dayofweek>Saturday</dayofweek><date>2015-10-24T00:00:00</date><time>04:00</time><pddistrict>PARK</pddistrict><resolution>NONE</resolution><address>900 Block of FELL ST</address><x>-122.433475908902</x><y>37.7745279756155</y><location human_address="{&quot;address&quot;:&quot;&quot;,&quot;city&quot;:&quot;&quot;,&quot;state&quot;:&quot;&quot;,&quot;zip&quot;:&quot;&quot;}" latitude="37.7745279756155" longitude="-122.433475908902" needs_recoding="false"/></row>