<?xml version="1.0" encoding="UTF-8"?><row _id="12645696" _uuid="63DF0A36-FAE5-49A3-A6B9-179A8B188718" _position="12645696" _address="http://data.sfgov.org/resource/ritf-b9ki/12645696"><incidntnum>150874719</incidntnum><category>STOLEN PROPERTY</category><descript>STOLEN PROPERTY, POSSESSION WITH KNOWLEDGE, RECEIVING</descript><dayofweek>Tuesday</dayofweek><date>2015-10-06T00:00:00</date><time>11:15</time><pddistrict>INGLESIDE</pddistrict><resolution>ARREST, BOOKED</resolution><address>JARBOE AV / ANDERSON ST</address><x>-122.415227305943</x><y>37.7384168230749</y><location human_address="{&quot;address&quot;:&quot;&quot;,&quot;city&quot;:&quot;&quot;,&quot;state&quot;:&quot;&quot;,&quot;zip&quot;:&quot;&quot;}" latitude="37.7384168230749" longitude="-122.415227305943" needs_recoding="false"/></row>