<?xml version="1.0" encoding="UTF-8"?><row _id="12649854" _uuid="78088ABE-897B-4E7A-801B-25F4F344322A" _position="12649854" _address="http://data.sfgov.org/resource/ritf-b9ki/12649854"><incidntnum>150907837</incidntnum><category>ASSAULT</category><descript>THREATS AGAINST LIFE</descript><dayofweek>Saturday</dayofweek><date>2015-10-17T00:00:00</date><time>03:05</time><pddistrict>PARK</pddistrict><resolution>NONE</resolution><address>HAIGHT ST / COLE ST</address><x>-122.450709919144</x><y>37.7695262270693</y><location human_address="{&quot;address&quot;:&quot;&quot;,&quot;city&quot;:&quot;&quot;,&quot;state&quot;:&quot;&quot;,&quot;zip&quot;:&quot;&quot;}" latitude="37.7695262270693" longitude="-122.450709919144" needs_recoding="false"/></row>