<?xml version="1.0" encoding="UTF-8"?><row _id="12644896" _uuid="A0D2148F-1F46-4FC0-B09B-67BCF46EEC05" _position="12644896" _address="http://data.sfgov.org/resource/ritf-b9ki/12644896"><incidntnum>156249283</incidntnum><category>LARCENY/THEFT</category><descript>GRAND THEFT FROM LOCKED AUTO</descript><dayofweek>Sunday</dayofweek><date>2015-10-04T00:00:00</date><time>19:30</time><pddistrict>BAYVIEW</pddistrict><resolution>NONE</resolution><address>200 Block of WILLIAMS AV</address><x>-122.397744427103</x><y>37.7299346936044</y><location human_address="{&quot;address&quot;:&quot;&quot;,&quot;city&quot;:&quot;&quot;,&quot;state&quot;:&quot;&quot;,&quot;zip&quot;:&quot;&quot;}" latitude="37.7299346936044" longitude="-122.397744427103" needs_recoding="false"/></row>