<?xml version="1.0" encoding="UTF-8"?><row _id="12643379" _uuid="A6AC9247-E9B6-4EA7-A1FD-490345C72574" _position="12643379" _address="http://data.sfgov.org/resource/ritf-b9ki/12643379"><incidntnum>156243730</incidntnum><category>LARCENY/THEFT</category><descript>GRAND THEFT FROM LOCKED AUTO</descript><dayofweek>Thursday</dayofweek><date>2015-10-01T00:00:00</date><time>12:00</time><pddistrict>CENTRAL</pddistrict><resolution>NONE</resolution><address>BEACH ST / HYDE ST</address><x>-122.420564122317</x><y>37.8066567824467</y><location human_address="{&quot;address&quot;:&quot;&quot;,&quot;city&quot;:&quot;&quot;,&quot;state&quot;:&quot;&quot;,&quot;zip&quot;:&quot;&quot;}" latitude="37.8066567824467" longitude="-122.420564122317" needs_recoding="false"/></row>