<?xml version="1.0" encoding="UTF-8"?><row _id="12648291" _uuid="4D813E51-DB1C-4A45-B338-932004920686" _position="12648291" _address="http://data.sfgov.org/resource/ritf-b9ki/12648291"><incidntnum>150896600</incidntnum><category>OTHER OFFENSES</category><descript>DRIVERS LICENSE, SUSPENDED OR REVOKED</descript><dayofweek>Tuesday</dayofweek><date>2015-10-13T00:00:00</date><time>15:10</time><pddistrict>NORTHERN</pddistrict><resolution>ARREST, BOOKED</resolution><address>FILLMORE ST / EDDY ST</address><x>-122.432329732386</x><y>37.7814292195409</y><location human_address="{&quot;address&quot;:&quot;&quot;,&quot;city&quot;:&quot;&quot;,&quot;state&quot;:&quot;&quot;,&quot;zip&quot;:&quot;&quot;}" latitude="37.7814292195409" longitude="-122.432329732386" needs_recoding="false"/></row>