<?xml version="1.0" encoding="UTF-8"?><row _id="12650607" _uuid="74338AEE-4DDC-4D8E-8FE3-58BF48E5D8CD" _position="12650607" _address="http://data.sfgov.org/resource/ritf-b9ki/12650607"><incidntnum>156258159</incidntnum><category>LARCENY/THEFT</category><descript>PETTY THEFT OF PROPERTY</descript><dayofweek>Sunday</dayofweek><date>2015-10-04T00:00:00</date><time>00:01</time><pddistrict>CENTRAL</pddistrict><resolution>NONE</resolution><address>0 Block of GEARY ST</address><x>-122.404277568186</x><y>37.7879185264229</y><location human_address="{&quot;address&quot;:&quot;&quot;,&quot;city&quot;:&quot;&quot;,&quot;state&quot;:&quot;&quot;,&quot;zip&quot;:&quot;&quot;}" latitude="37.7879185264229" longitude="-122.404277568186" needs_recoding="false"/></row>