<?xml version="1.0" encoding="UTF-8"?><row _id="12649791" _uuid="1F548D7D-D753-40DF-BE83-EB2AC61D5A23" _position="12649791" _address="http://data.sfgov.org/resource/ritf-b9ki/12649791"><incidntnum>150932470</incidntnum><category>OTHER OFFENSES</category><descript>FALSE PERSONATION TO RECEIVE MONEY OR PROPERTY</descript><dayofweek>Thursday</dayofweek><date>2015-10-15T00:00:00</date><time>08:00</time><pddistrict>TARAVAL</pddistrict><resolution>NONE</resolution><address>2100 Block of 43RD AV</address><x>-122.50166341038</x><y>37.7465624576687</y><location human_address="{&quot;address&quot;:&quot;&quot;,&quot;city&quot;:&quot;&quot;,&quot;state&quot;:&quot;&quot;,&quot;zip&quot;:&quot;&quot;}" latitude="37.7465624576687" longitude="-122.50166341038" needs_recoding="false"/></row>