<?xml version="1.0" encoding="UTF-8"?><row _id="12644191" _uuid="ED0A4367-FE27-4BF2-82D1-39910F89258B" _position="12644191" _address="http://data.sfgov.org/resource/ritf-b9ki/12644191"><incidntnum>150865871</incidntnum><category>ASSAULT</category><descript>ATTEMPTED HOMICIDE WITH A GUN</descript><dayofweek>Saturday</dayofweek><date>2015-10-03T00:00:00</date><time>06:12</time><pddistrict>INGLESIDE</pddistrict><resolution>NONE</resolution><address>30TH ST / SAN JOSE AV</address><x>-122.423286810998</x><y>37.7422960681573</y><location human_address="{&quot;address&quot;:&quot;&quot;,&quot;city&quot;:&quot;&quot;,&quot;state&quot;:&quot;&quot;,&quot;zip&quot;:&quot;&quot;}" latitude="37.7422960681573" longitude="-122.423286810998" needs_recoding="false"/></row>