<?xml version="1.0" encoding="UTF-8"?><row _id="12643510" _uuid="9E0B27DE-BF43-40F6-B958-93F46F1E1B53" _position="12643510" _address="http://data.sfgov.org/resource/ritf-b9ki/12643510"><incidntnum>150860025</incidntnum><category>LARCENY/THEFT</category><descript>GRAND THEFT FROM LOCKED AUTO</descript><dayofweek>Thursday</dayofweek><date>2015-10-01T00:00:00</date><time>11:50</time><pddistrict>RICHMOND</pddistrict><resolution>NONE</resolution><address>500 Block of JOHNFKENNEDY DR</address><x>-122.466204667893</x><y>37.7725405391593</y><location human_address="{&quot;address&quot;:&quot;&quot;,&quot;city&quot;:&quot;&quot;,&quot;state&quot;:&quot;&quot;,&quot;zip&quot;:&quot;&quot;}" latitude="37.7725405391593" longitude="-122.466204667893" needs_recoding="false"/></row>