<?xml version="1.0" encoding="UTF-8"?><row _id="12644344" _uuid="119BFBA3-D135-4F0A-B4C8-596D2967A7FC" _position="12644344" _address="http://data.sfgov.org/resource/ritf-b9ki/12644344"><incidntnum>150867736</incidntnum><category>WEAPON LAWS</category><descript>POSS OF FIREARM BY CONVICTED FELON/ADDICT/ALIEN</descript><dayofweek>Saturday</dayofweek><date>2015-10-03T00:00:00</date><time>18:26</time><pddistrict>CENTRAL</pddistrict><resolution>ARREST, BOOKED</resolution><address>600 Block of BROADWAY ST</address><x>-122.407822401083</x><y>37.7976687725776</y><location human_address="{&quot;address&quot;:&quot;&quot;,&quot;city&quot;:&quot;&quot;,&quot;state&quot;:&quot;&quot;,&quot;zip&quot;:&quot;&quot;}" latitude="37.7976687725776" longitude="-122.407822401083" needs_recoding="false"/></row>