<?xml version="1.0" encoding="UTF-8"?><row _id="12644656" _uuid="BFC98AD9-CEFF-4769-85A2-1713B793EF53" _position="12644656" _address="http://data.sfgov.org/resource/ritf-b9ki/12644656"><incidntnum>156244722</incidntnum><category>LARCENY/THEFT</category><descript>GRAND THEFT FROM LOCKED AUTO</descript><dayofweek>Sunday</dayofweek><date>2015-10-04T00:00:00</date><time>14:30</time><pddistrict>CENTRAL</pddistrict><resolution>NONE</resolution><address>COMMERCIAL ST / MONTGOMERY ST</address><x>-122.403048757743</x><y>37.7942171036001</y><location human_address="{&quot;address&quot;:&quot;&quot;,&quot;city&quot;:&quot;&quot;,&quot;state&quot;:&quot;&quot;,&quot;zip&quot;:&quot;&quot;}" latitude="37.7942171036001" longitude="-122.403048757743" needs_recoding="false"/></row>