<?xml version="1.0" encoding="UTF-8"?><row _id="12644933" _uuid="2BAA0478-4AD6-4C72-8048-5DA9E78EE464" _position="12644933" _address="http://data.sfgov.org/resource/ritf-b9ki/12644933"><incidntnum>156251614</incidntnum><category>LARCENY/THEFT</category><descript>PETTY THEFT OF PROPERTY</descript><dayofweek>Thursday</dayofweek><date>2015-10-01T00:00:00</date><time>14:00</time><pddistrict>RICHMOND</pddistrict><resolution>NONE</resolution><address>500 Block of 29TH AV</address><x>-122.488874091637</x><y>37.7789159175171</y><location human_address="{&quot;address&quot;:&quot;&quot;,&quot;city&quot;:&quot;&quot;,&quot;state&quot;:&quot;&quot;,&quot;zip&quot;:&quot;&quot;}" latitude="37.7789159175171" longitude="-122.488874091637" needs_recoding="false"/></row>