<?xml version="1.0" encoding="UTF-8"?><row _id="12648625" _uuid="E9775A45-5CF7-487B-B7BD-F43DD3EFA208" _position="12648625" _address="http://data.sfgov.org/resource/ritf-b9ki/12648625"><incidntnum>150895276</incidntnum><category>ASSAULT</category><descript>THREAT OR FORCE TO RESIST EXECUTIVE OFFICER</descript><dayofweek>Tuesday</dayofweek><date>2015-10-13T00:00:00</date><time>06:52</time><pddistrict>MISSION</pddistrict><resolution>NONE</resolution><address>600 Block of VALENCIA ST</address><x>-122.421747650463</x><y>37.7627436601147</y><location human_address="{&quot;address&quot;:&quot;&quot;,&quot;city&quot;:&quot;&quot;,&quot;state&quot;:&quot;&quot;,&quot;zip&quot;:&quot;&quot;}" latitude="37.7627436601147" longitude="-122.421747650463" needs_recoding="false"/></row>