<?xml version="1.0" encoding="UTF-8"?><row _id="12649955" _uuid="0C69CF18-16FF-4A5E-B0DA-D978808757D3" _position="12649955" _address="http://data.sfgov.org/resource/ritf-b9ki/12649955"><incidntnum>150909770</incidntnum><category>LARCENY/THEFT</category><descript>PETTY THEFT SHOPLIFTING</descript><dayofweek>Saturday</dayofweek><date>2015-10-17T00:00:00</date><time>20:55</time><pddistrict>SOUTHERN</pddistrict><resolution>ARREST, BOOKED</resolution><address>800 Block of MARKET ST</address><x>-122.407633520742</x><y>37.7841893501425</y><location human_address="{&quot;address&quot;:&quot;&quot;,&quot;city&quot;:&quot;&quot;,&quot;state&quot;:&quot;&quot;,&quot;zip&quot;:&quot;&quot;}" latitude="37.7841893501425" longitude="-122.407633520742" needs_recoding="false"/></row>