<?xml version="1.0" encoding="UTF-8"?><row _id="12645693" _uuid="F3E6637B-AF90-4D4D-86BF-E8CF742C3441" _position="12645693" _address="http://data.sfgov.org/resource/ritf-b9ki/12645693"><incidntnum>150876997</incidntnum><category>VEHICLE THEFT</category><descript>STOLEN AUTOMOBILE</descript><dayofweek>Tuesday</dayofweek><date>2015-10-06T00:00:00</date><time>22:00</time><pddistrict>TARAVAL</pddistrict><resolution>NONE</resolution><address>2500 Block of 45TH AV</address><x>-122.50328313627</x><y>37.7390111274842</y><location human_address="{&quot;address&quot;:&quot;&quot;,&quot;city&quot;:&quot;&quot;,&quot;state&quot;:&quot;&quot;,&quot;zip&quot;:&quot;&quot;}" latitude="37.7390111274842" longitude="-122.50328313627" needs_recoding="false"/></row>