<?xml version="1.0" encoding="UTF-8"?><row _id="12643595" _uuid="10F0BE12-35B3-4C11-BD8E-2AE7E3ADBD8F" _position="12643595" _address="http://data.sfgov.org/resource/ritf-b9ki/12643595"><incidntnum>156242152</incidntnum><category>LARCENY/THEFT</category><descript>PETTY THEFT OF PROPERTY</descript><dayofweek>Thursday</dayofweek><date>2015-10-01T00:00:00</date><time>18:45</time><pddistrict>NORTHERN</pddistrict><resolution>NONE</resolution><address>1200 Block of VANNESS AV</address><x>-122.421441956086</x><y>37.7868516471087</y><location human_address="{&quot;address&quot;:&quot;&quot;,&quot;city&quot;:&quot;&quot;,&quot;state&quot;:&quot;&quot;,&quot;zip&quot;:&quot;&quot;}" latitude="37.7868516471087" longitude="-122.421441956086" needs_recoding="false"/></row>