<?xml version="1.0" encoding="UTF-8"?><row _id="12645996" _uuid="03543AD3-6958-416A-9997-1995EAF37F5F" _position="12645996" _address="http://data.sfgov.org/resource/ritf-b9ki/12645996"><incidntnum>150880051</incidntnum><category>VEHICLE THEFT</category><descript>STOLEN MOTORCYCLE</descript><dayofweek>Wednesday</dayofweek><date>2015-10-07T00:00:00</date><time>14:30</time><pddistrict>SOUTHERN</pddistrict><resolution>NONE</resolution><address>100 Block of 10TH ST</address><x>-122.415590844463</x><y>37.7750968170762</y><location human_address="{&quot;address&quot;:&quot;&quot;,&quot;city&quot;:&quot;&quot;,&quot;state&quot;:&quot;&quot;,&quot;zip&quot;:&quot;&quot;}" latitude="37.7750968170762" longitude="-122.415590844463" needs_recoding="false"/></row>