<?xml version="1.0" encoding="UTF-8"?><row _id="12647104" _uuid="1BA64B5D-0478-4C77-8D28-452865334CF0" _position="12647104" _address="http://data.sfgov.org/resource/ritf-b9ki/12647104"><incidntnum>150887267</incidntnum><category>NON-CRIMINAL</category><descript>AIDED CASE, MENTAL DISTURBED</descript><dayofweek>Saturday</dayofweek><date>2015-10-10T00:00:00</date><time>12:42</time><pddistrict>BAYVIEW</pddistrict><resolution>NONE</resolution><address>3200 Block of INGALLS ST</address><x>-122.393324841737</x><y>37.7188264259962</y><location human_address="{&quot;address&quot;:&quot;&quot;,&quot;city&quot;:&quot;&quot;,&quot;state&quot;:&quot;&quot;,&quot;zip&quot;:&quot;&quot;}" latitude="37.7188264259962" longitude="-122.393324841737" needs_recoding="false"/></row>