<?xml version="1.0" encoding="UTF-8"?><row _id="12645856" _uuid="016B696A-207C-418D-9157-E4AEED939F58" _position="12645856" _address="http://data.sfgov.org/resource/ritf-b9ki/12645856"><incidntnum>150877393</incidntnum><category>LARCENY/THEFT</category><descript>LOST PROPERTY, PETTY THEFT</descript><dayofweek>Wednesday</dayofweek><date>2015-10-07T00:00:00</date><time>08:30</time><pddistrict>BAYVIEW</pddistrict><resolution>NONE</resolution><address>1700 Block of NEWHALL ST</address><x>-122.394425722004</x><y>37.7331064676349</y><location human_address="{&quot;address&quot;:&quot;&quot;,&quot;city&quot;:&quot;&quot;,&quot;state&quot;:&quot;&quot;,&quot;zip&quot;:&quot;&quot;}" latitude="37.7331064676349" longitude="-122.394425722004" needs_recoding="false"/></row>