<?xml version="1.0" encoding="UTF-8"?><row _id="12645720" _uuid="A6D8977A-CD95-4BA5-9E40-DFDAB98C04C9" _position="12645720" _address="http://data.sfgov.org/resource/ritf-b9ki/12645720"><incidntnum>150875961</incidntnum><category>STOLEN PROPERTY</category><descript>STOLEN PROPERTY, POSSESSION WITH KNOWLEDGE, RECEIVING</descript><dayofweek>Tuesday</dayofweek><date>2015-10-06T00:00:00</date><time>18:00</time><pddistrict>MISSION</pddistrict><resolution>ARREST, BOOKED</resolution><address>400 Block of LIBERTY ST</address><x>-122.430503595049</x><y>37.7571925607671</y><location human_address="{&quot;address&quot;:&quot;&quot;,&quot;city&quot;:&quot;&quot;,&quot;state&quot;:&quot;&quot;,&quot;zip&quot;:&quot;&quot;}" latitude="37.7571925607671" longitude="-122.430503595049" needs_recoding="false"/></row>