<?xml version="1.0" encoding="UTF-8"?><row _id="12643750" _uuid="83FD0060-0EB0-4C44-8329-FCE04A09FB76" _position="12643750" _address="http://data.sfgov.org/resource/ritf-b9ki/12643750"><incidntnum>150863336</incidntnum><category>OTHER OFFENSES</category><descript>DRIVERS LICENSE, SUSPENDED OR REVOKED</descript><dayofweek>Friday</dayofweek><date>2015-10-02T00:00:00</date><time>13:52</time><pddistrict>INGLESIDE</pddistrict><resolution>ARREST, BOOKED</resolution><address>OCEAN AV / ALEMANY BL</address><x>-122.437438118789</x><y>37.7237173829812</y><location human_address="{&quot;address&quot;:&quot;&quot;,&quot;city&quot;:&quot;&quot;,&quot;state&quot;:&quot;&quot;,&quot;zip&quot;:&quot;&quot;}" latitude="37.7237173829812" longitude="-122.437438118789" needs_recoding="false"/></row>