<?xml version="1.0" encoding="UTF-8"?><row _id="12647397" _uuid="7A8C466D-3FEE-4167-AC3C-F4ED625F8BF9" _position="12647397" _address="http://data.sfgov.org/resource/ritf-b9ki/12647397"><incidntnum>150894115</incidntnum><category>VEHICLE THEFT</category><descript>STOLEN TRUCK</descript><dayofweek>Sunday</dayofweek><date>2015-10-11T00:00:00</date><time>01:30</time><pddistrict>MISSION</pddistrict><resolution>UNFOUNDED</resolution><address>20TH ST / GUERRERO ST</address><x>-122.423488307268</x><y>37.7583650668235</y><location human_address="{&quot;address&quot;:&quot;&quot;,&quot;city&quot;:&quot;&quot;,&quot;state&quot;:&quot;&quot;,&quot;zip&quot;:&quot;&quot;}" latitude="37.7583650668235" longitude="-122.423488307268" needs_recoding="false"/></row>