<?xml version="1.0" encoding="UTF-8"?><row _id="12654649" _uuid="8E7EDC9B-03A6-4909-8115-973BED1A9412" _position="12654649" _address="http://data.sfgov.org/resource/ritf-b9ki/12654649"><incidntnum>150940956</incidntnum><category>OTHER OFFENSES</category><descript>DRIVERS LICENSE, SUSPENDED OR REVOKED</descript><dayofweek>Wednesday</dayofweek><date>2015-10-28T00:00:00</date><time>00:38</time><pddistrict>SOUTHERN</pddistrict><resolution>ARREST, BOOKED</resolution><address>700 Block of 8TH ST</address><x>-122.403607291444</x><y>37.7699589588211</y><location human_address="{&quot;address&quot;:&quot;&quot;,&quot;city&quot;:&quot;&quot;,&quot;state&quot;:&quot;&quot;,&quot;zip&quot;:&quot;&quot;}" latitude="37.7699589588211" longitude="-122.403607291444" needs_recoding="false"/></row>