<?xml version="1.0" encoding="UTF-8"?><row _id="12647650" _uuid="2A4D2CE4-458F-4CB8-A924-6093FF52DD0D" _position="12647650" _address="http://data.sfgov.org/resource/ritf-b9ki/12647650"><incidntnum>150891995</incidntnum><category>RUNAWAY</category><descript>RUNAWAY</descript><dayofweek>Sunday</dayofweek><date>2015-10-11T00:00:00</date><time>14:00</time><pddistrict>SOUTHERN</pddistrict><resolution>NONE</resolution><address>0 Block of MOSS ST</address><x>-122.407999186749</x><y>37.7778241673064</y><location human_address="{&quot;address&quot;:&quot;&quot;,&quot;city&quot;:&quot;&quot;,&quot;state&quot;:&quot;&quot;,&quot;zip&quot;:&quot;&quot;}" latitude="37.7778241673064" longitude="-122.407999186749" needs_recoding="false"/></row>