<?xml version="1.0" encoding="UTF-8"?><row _id="12644557" _uuid="58085A3E-1497-4490-B597-C300487556B6" _position="12644557" _address="http://data.sfgov.org/resource/ritf-b9ki/12644557"><incidntnum>150865768</incidntnum><category>NON-CRIMINAL</category><descript>CASE CLOSURE</descript><dayofweek>Saturday</dayofweek><date>2015-10-03T00:00:00</date><time>00:01</time><pddistrict>TENDERLOIN</pddistrict><resolution>NONE</resolution><address>200 Block of MASON ST</address><x>-122.409523740653</x><y>37.7857602954934</y><location human_address="{&quot;address&quot;:&quot;&quot;,&quot;city&quot;:&quot;&quot;,&quot;state&quot;:&quot;&quot;,&quot;zip&quot;:&quot;&quot;}" latitude="37.7857602954934" longitude="-122.409523740653" needs_recoding="false"/></row>