<?xml version="1.0" encoding="UTF-8"?><row _id="12645199" _uuid="D42C85E5-5EB2-4029-A0DA-969CB4C68DA7" _position="12645199" _address="http://data.sfgov.org/resource/ritf-b9ki/12645199"><incidntnum>150872042</incidntnum><category>SECONDARY CODES</category><descript>DOMESTIC VIOLENCE</descript><dayofweek>Monday</dayofweek><date>2015-10-05T00:00:00</date><time>04:30</time><pddistrict>TENDERLOIN</pddistrict><resolution>ARREST, BOOKED</resolution><address>200 Block of GOLDEN GATE AV</address><x>-122.414302052544</x><y>37.781863316866</y><location human_address="{&quot;address&quot;:&quot;&quot;,&quot;city&quot;:&quot;&quot;,&quot;state&quot;:&quot;&quot;,&quot;zip&quot;:&quot;&quot;}" latitude="37.781863316866" longitude="-122.414302052544" needs_recoding="false"/></row>