<?xml version="1.0" encoding="UTF-8"?><row _id="12644818" _uuid="7B84A3D2-4734-4972-BB2C-12535EF635E7" _position="12644818" _address="http://data.sfgov.org/resource/ritf-b9ki/12644818"><incidntnum>150875610</incidntnum><category>LARCENY/THEFT</category><descript>PETTY THEFT FROM LOCKED AUTO</descript><dayofweek>Sunday</dayofweek><date>2015-10-04T00:00:00</date><time>13:00</time><pddistrict>SOUTHERN</pddistrict><resolution>NONE</resolution><address>800 Block of MISSION ST</address><x>-122.405395493939</x><y>37.7835100715421</y><location human_address="{&quot;address&quot;:&quot;&quot;,&quot;city&quot;:&quot;&quot;,&quot;state&quot;:&quot;&quot;,&quot;zip&quot;:&quot;&quot;}" latitude="37.7835100715421" longitude="-122.405395493939" needs_recoding="false"/></row>