<?xml version="1.0" encoding="UTF-8"?><row _id="12643535" _uuid="5435EA33-2A52-4BE3-B902-6F0533C066DA" _position="12643535" _address="http://data.sfgov.org/resource/ritf-b9ki/12643535"><incidntnum>150862065</incidntnum><category>SUSPICIOUS OCC</category><descript>SUSPICIOUS OCCURRENCE</descript><dayofweek>Thursday</dayofweek><date>2015-10-01T00:00:00</date><time>21:13</time><pddistrict>TARAVAL</pddistrict><resolution>NONE</resolution><address>100 Block of VERNON ST</address><x>-122.467937380221</x><y>37.7152027405519</y><location human_address="{&quot;address&quot;:&quot;&quot;,&quot;city&quot;:&quot;&quot;,&quot;state&quot;:&quot;&quot;,&quot;zip&quot;:&quot;&quot;}" latitude="37.7152027405519" longitude="-122.467937380221" needs_recoding="false"/></row>