<?xml version="1.0" encoding="UTF-8"?><row _id="12646447" _uuid="498D5D76-E7D9-48B5-9506-E41768825611" _position="12646447" _address="http://data.sfgov.org/resource/ritf-b9ki/12646447"><incidntnum>156253046</incidntnum><category>LARCENY/THEFT</category><descript>GRAND THEFT OF PROPERTY</descript><dayofweek>Wednesday</dayofweek><date>2015-10-07T00:00:00</date><time>07:00</time><pddistrict>RICHMOND</pddistrict><resolution>NONE</resolution><address>2800 Block of BUSH ST</address><x>-122.444221848933</x><y>37.7857058456402</y><location human_address="{&quot;address&quot;:&quot;&quot;,&quot;city&quot;:&quot;&quot;,&quot;state&quot;:&quot;&quot;,&quot;zip&quot;:&quot;&quot;}" latitude="37.7857058456402" longitude="-122.444221848933" needs_recoding="false"/></row>