<?xml version="1.0" encoding="UTF-8"?><row _id="12646725" _uuid="060B62EC-D937-43CB-BB32-E3D43A331A47" _position="12646725" _address="http://data.sfgov.org/resource/ritf-b9ki/12646725"><incidntnum>150893173</incidntnum><category>NON-CRIMINAL</category><descript>LOST PROPERTY</descript><dayofweek>Friday</dayofweek><date>2015-10-09T00:00:00</date><time>23:30</time><pddistrict>SOUTHERN</pddistrict><resolution>NONE</resolution><address>1000 Block of FOLSOM ST</address><x>-122.406629219771</x><y>37.7777816676305</y><location human_address="{&quot;address&quot;:&quot;&quot;,&quot;city&quot;:&quot;&quot;,&quot;state&quot;:&quot;&quot;,&quot;zip&quot;:&quot;&quot;}" latitude="37.7777816676305" longitude="-122.406629219771" needs_recoding="false"/></row>