<?xml version="1.0" encoding="UTF-8"?><row _id="12645274" _uuid="23D992AF-50AF-4ED4-B882-3984C6C1B1F8" _position="12645274" _address="http://data.sfgov.org/resource/ritf-b9ki/12645274"><incidntnum>150877343</incidntnum><category>ASSAULT</category><descript>THREATS AGAINST LIFE</descript><dayofweek>Thursday</dayofweek><date>2015-10-01T00:00:00</date><time>11:30</time><pddistrict>CENTRAL</pddistrict><resolution>NONE</resolution><address>300 Block of THE EMBARCADERONORTH ST</address><x>-122.396374439116</x><y>37.7980532528058</y><location human_address="{&quot;address&quot;:&quot;&quot;,&quot;city&quot;:&quot;&quot;,&quot;state&quot;:&quot;&quot;,&quot;zip&quot;:&quot;&quot;}" latitude="37.7980532528058" longitude="-122.396374439116" needs_recoding="false"/></row>