<?xml version="1.0" encoding="UTF-8"?><row _id="12643846" _uuid="9C998ABF-1F34-4386-A2C0-9C2FAAF4E73C" _position="12643846" _address="http://data.sfgov.org/resource/ritf-b9ki/12643846"><incidntnum>150862247</incidntnum><category>WARRANTS</category><descript>WARRANT ARREST</descript><dayofweek>Friday</dayofweek><date>2015-10-02T00:00:00</date><time>04:25</time><pddistrict>MISSION</pddistrict><resolution>ARREST, BOOKED</resolution><address>3300 Block of 26TH ST</address><x>-122.417303028119</x><y>37.7490361654123</y><location human_address="{&quot;address&quot;:&quot;&quot;,&quot;city&quot;:&quot;&quot;,&quot;state&quot;:&quot;&quot;,&quot;zip&quot;:&quot;&quot;}" latitude="37.7490361654123" longitude="-122.417303028119" needs_recoding="false"/></row>