<?xml version="1.0" encoding="UTF-8"?><row _id="12650052" _uuid="7C1EE70B-FFFB-4E0D-B1F5-C21F53C2AFB3" _position="12650052" _address="http://data.sfgov.org/resource/ritf-b9ki/12650052"><incidntnum>150908904</incidntnum><category>ASSAULT</category><descript>AGGRAVATED ASSAULT WITH BODILY FORCE</descript><dayofweek>Saturday</dayofweek><date>2015-10-17T00:00:00</date><time>14:30</time><pddistrict>TARAVAL</pddistrict><resolution>ARREST, BOOKED</resolution><address>700 Block of HEAD ST</address><x>-122.46440361195</x><y>37.720705678506</y><location human_address="{&quot;address&quot;:&quot;&quot;,&quot;city&quot;:&quot;&quot;,&quot;state&quot;:&quot;&quot;,&quot;zip&quot;:&quot;&quot;}" latitude="37.720705678506" longitude="-122.46440361195" needs_recoding="false"/></row>