<?xml version="1.0" encoding="UTF-8"?><row _id="12643739" _uuid="878D61E0-BBAD-466C-863E-8E2EB6D7F4BF" _position="12643739" _address="http://data.sfgov.org/resource/ritf-b9ki/12643739"><incidntnum>150863182</incidntnum><category>BURGLARY</category><descript>BURGLARY, HOT PROWL, UNLAWFUL ENTRY</descript><dayofweek>Friday</dayofweek><date>2015-10-02T00:00:00</date><time>12:53</time><pddistrict>PARK</pddistrict><resolution>ARREST, BOOKED</resolution><address>LINCOLN WY / 5TH AV</address><x>-122.462163702961</x><y>37.766108463453</y><location human_address="{&quot;address&quot;:&quot;&quot;,&quot;city&quot;:&quot;&quot;,&quot;state&quot;:&quot;&quot;,&quot;zip&quot;:&quot;&quot;}" latitude="37.766108463453" longitude="-122.462163702961" needs_recoding="false"/></row>