<?xml version="1.0" encoding="UTF-8"?><row _id="12644546" _uuid="F1B50CBC-CF07-45A4-8DAA-EB054CBF5F6C" _position="12644546" _address="http://data.sfgov.org/resource/ritf-b9ki/12644546"><incidntnum>150866750</incidntnum><category>ASSAULT</category><descript>BATTERY WITH SERIOUS INJURIES</descript><dayofweek>Saturday</dayofweek><date>2015-10-03T00:00:00</date><time>13:48</time><pddistrict>SOUTHERN</pddistrict><resolution>NONE</resolution><address>100 Block of OTIS ST</address><x>-122.420165459336</x><y>37.77090487409</y><location human_address="{&quot;address&quot;:&quot;&quot;,&quot;city&quot;:&quot;&quot;,&quot;state&quot;:&quot;&quot;,&quot;zip&quot;:&quot;&quot;}" latitude="37.77090487409" longitude="-122.420165459336" needs_recoding="false"/></row>