<?xml version="1.0" encoding="UTF-8"?><row _id="12651683" _uuid="49A1B257-F56F-4632-9353-058C16F6296A" _position="12651683" _address="http://data.sfgov.org/resource/ritf-b9ki/12651683"><incidntnum>150920099</incidntnum><category>TRESPASS</category><descript>TRESPASSING</descript><dayofweek>Wednesday</dayofweek><date>2015-10-21T00:00:00</date><time>11:01</time><pddistrict>NORTHERN</pddistrict><resolution>ARREST, BOOKED</resolution><address>1100 Block of ELLIS ST</address><x>-122.425966024744</x><y>37.7832452486459</y><location human_address="{&quot;address&quot;:&quot;&quot;,&quot;city&quot;:&quot;&quot;,&quot;state&quot;:&quot;&quot;,&quot;zip&quot;:&quot;&quot;}" latitude="37.7832452486459" longitude="-122.425966024744" needs_recoding="false"/></row>