<?xml version="1.0" encoding="UTF-8"?><row _id="12643826" _uuid="BF797736-A636-4FD5-9061-58C24B12E48D" _position="12643826" _address="http://data.sfgov.org/resource/ritf-b9ki/12643826"><incidntnum>156243520</incidntnum><category>LARCENY/THEFT</category><descript>PETTY THEFT OF PROPERTY</descript><dayofweek>Friday</dayofweek><date>2015-10-02T00:00:00</date><time>17:15</time><pddistrict>NORTHERN</pddistrict><resolution>NONE</resolution><address>POLK ST / CEDAR ST</address><x>-122.419834938618</x><y>37.7863580362743</y><location human_address="{&quot;address&quot;:&quot;&quot;,&quot;city&quot;:&quot;&quot;,&quot;state&quot;:&quot;&quot;,&quot;zip&quot;:&quot;&quot;}" latitude="37.7863580362743" longitude="-122.419834938618" needs_recoding="false"/></row>