<?xml version="1.0" encoding="UTF-8"?><row _id="12644770" _uuid="4B688344-8B38-483A-ACF1-4BEBC8BAD83E" _position="12644770" _address="http://data.sfgov.org/resource/ritf-b9ki/12644770"><incidntnum>150868530</incidntnum><category>ASSAULT</category><descript>AGGRAVATED ASSAULT WITH A GUN</descript><dayofweek>Sunday</dayofweek><date>2015-10-04T00:00:00</date><time>05:30</time><pddistrict>MISSION</pddistrict><resolution>NONE</resolution><address>100 Block of SAN BRUNO AV</address><x>-122.405952385075</x><y>37.7690621071229</y><location human_address="{&quot;address&quot;:&quot;&quot;,&quot;city&quot;:&quot;&quot;,&quot;state&quot;:&quot;&quot;,&quot;zip&quot;:&quot;&quot;}" latitude="37.7690621071229" longitude="-122.405952385075" needs_recoding="false"/></row>