<?xml version="1.0" encoding="UTF-8"?><row _id="12646909" _uuid="C39F26C5-5460-41B3-B819-78AA64CA9D10" _position="12646909" _address="http://data.sfgov.org/resource/ritf-b9ki/12646909"><incidntnum>150889053</incidntnum><category>OTHER OFFENSES</category><descript>INTOXICATED JUVENILE</descript><dayofweek>Saturday</dayofweek><date>2015-10-10T00:00:00</date><time>22:36</time><pddistrict>TARAVAL</pddistrict><resolution>JUVENILE BOOKED</resolution><address>TERRACE DR / SANTACLARA AV</address><x>-122.465715337953</x><y>37.7373930507955</y><location human_address="{&quot;address&quot;:&quot;&quot;,&quot;city&quot;:&quot;&quot;,&quot;state&quot;:&quot;&quot;,&quot;zip&quot;:&quot;&quot;}" latitude="37.7373930507955" longitude="-122.465715337953" needs_recoding="false"/></row>