<?xml version="1.0" encoding="UTF-8"?><row _id="12644539" _uuid="3605878E-5AED-44D9-AED0-7AF38DA66A39" _position="12644539" _address="http://data.sfgov.org/resource/ritf-b9ki/12644539"><incidntnum>150867918</incidntnum><category>ASSAULT</category><descript>BATTERY, FORMER SPOUSE OR DATING RELATIONSHIP</descript><dayofweek>Saturday</dayofweek><date>2015-10-03T00:00:00</date><time>22:20</time><pddistrict>NORTHERN</pddistrict><resolution>ARREST, BOOKED</resolution><address>POST ST / FILLMORE ST</address><x>-122.433084166837</x><y>37.7851499161537</y><location human_address="{&quot;address&quot;:&quot;&quot;,&quot;city&quot;:&quot;&quot;,&quot;state&quot;:&quot;&quot;,&quot;zip&quot;:&quot;&quot;}" latitude="37.7851499161537" longitude="-122.433084166837" needs_recoding="false"/></row>