<?xml version="1.0" encoding="UTF-8"?><row _id="12647001" _uuid="D39F8B94-DB50-434D-89F5-82D1FBDD69D8" _position="12647001" _address="http://data.sfgov.org/resource/ritf-b9ki/12647001"><incidntnum>156246972</incidntnum><category>LARCENY/THEFT</category><descript>GRAND THEFT FROM LOCKED AUTO</descript><dayofweek>Tuesday</dayofweek><date>2015-10-06T00:00:00</date><time>20:00</time><pddistrict>PARK</pddistrict><resolution>NONE</resolution><address>FULTON ST / COLE ST</address><x>-122.451360061171</x><y>37.7751741554658</y><location human_address="{&quot;address&quot;:&quot;&quot;,&quot;city&quot;:&quot;&quot;,&quot;state&quot;:&quot;&quot;,&quot;zip&quot;:&quot;&quot;}" latitude="37.7751741554658" longitude="-122.451360061171" needs_recoding="false"/></row>