<?xml version="1.0" encoding="UTF-8"?><row _id="12649988" _uuid="D5AB629D-FDE8-48DC-8BE3-78BD5FBAA4E7" _position="12649988" _address="http://data.sfgov.org/resource/ritf-b9ki/12649988"><incidntnum>150908299</incidntnum><category>FRAUD</category><descript>CREDIT CARD, THEFT BY USE OF</descript><dayofweek>Saturday</dayofweek><date>2015-10-17T00:00:00</date><time>09:15</time><pddistrict>RICHMOND</pddistrict><resolution>NONE</resolution><address>1100 Block of 9TH AV</address><x>-122.466504397113</x><y>37.7662014296859</y><location human_address="{&quot;address&quot;:&quot;&quot;,&quot;city&quot;:&quot;&quot;,&quot;state&quot;:&quot;&quot;,&quot;zip&quot;:&quot;&quot;}" latitude="37.7662014296859" longitude="-122.466504397113" needs_recoding="false"/></row>