<?xml version="1.0" encoding="UTF-8"?><row _id="12643237" _uuid="953FEA0C-10C1-4EC8-9355-1BBF1706D91E" _position="12643237" _address="http://data.sfgov.org/resource/ritf-b9ki/12643237"><incidntnum>150856842</incidntnum><category>SUSPICIOUS OCC</category><descript>INVESTIGATIVE DETENTION</descript><dayofweek>Wednesday</dayofweek><date>2015-09-30T00:00:00</date><time>13:01</time><pddistrict>BAYVIEW</pddistrict><resolution>UNFOUNDED</resolution><address>100 Block of NORTHRIDGE RD</address><x>-122.378153448108</x><y>37.7313876738139</y><location human_address="{&quot;address&quot;:&quot;&quot;,&quot;city&quot;:&quot;&quot;,&quot;state&quot;:&quot;&quot;,&quot;zip&quot;:&quot;&quot;}" latitude="37.7313876738139" longitude="-122.378153448108" needs_recoding="false"/></row>