<?xml version="1.0" encoding="UTF-8"?><row _id="12646853" _uuid="DAF85782-9228-433F-B86F-3D5C4C72A46B" _position="12646853" _address="http://data.sfgov.org/resource/ritf-b9ki/12646853"><incidntnum>150885716</incidntnum><category>ASSAULT</category><descript>BATTERY, FORMER SPOUSE OR DATING RELATIONSHIP</descript><dayofweek>Friday</dayofweek><date>2015-10-09T00:00:00</date><time>21:05</time><pddistrict>MISSION</pddistrict><resolution>NONE</resolution><address>2400 Block of BRYANT ST</address><x>-122.409298233257</x><y>37.755184549826</y><location human_address="{&quot;address&quot;:&quot;&quot;,&quot;city&quot;:&quot;&quot;,&quot;state&quot;:&quot;&quot;,&quot;zip&quot;:&quot;&quot;}" latitude="37.755184549826" longitude="-122.409298233257" needs_recoding="false"/></row>