<?xml version="1.0" encoding="UTF-8"?><row _id="12648976" _uuid="8C7F0A2B-82A7-402C-910D-3F20394B3E3A" _position="12648976" _address="http://data.sfgov.org/resource/ritf-b9ki/12648976"><incidntnum>150900693</incidntnum><category>NON-CRIMINAL</category><descript>CIVIL SIDEWALKS, WARNING</descript><dayofweek>Wednesday</dayofweek><date>2015-10-14T00:00:00</date><time>19:35</time><pddistrict>SOUTHERN</pddistrict><resolution>NONE</resolution><address>500 Block of MARKET ST</address><x>-122.400922955775</x><y>37.7897601819924</y><location human_address="{&quot;address&quot;:&quot;&quot;,&quot;city&quot;:&quot;&quot;,&quot;state&quot;:&quot;&quot;,&quot;zip&quot;:&quot;&quot;}" latitude="37.7897601819924" longitude="-122.400922955775" needs_recoding="false"/></row>