<?xml version="1.0" encoding="UTF-8"?><row _id="12644090" _uuid="E5B69318-6A78-4C34-B848-1E22E523393F" _position="12644090" _address="http://data.sfgov.org/resource/ritf-b9ki/12644090"><incidntnum>150864572</incidntnum><category>WARRANTS</category><descript>ENROUTE TO PAROLE OFFICER</descript><dayofweek>Friday</dayofweek><date>2015-10-02T00:00:00</date><time>19:25</time><pddistrict>BAYVIEW</pddistrict><resolution>ARREST, BOOKED</resolution><address>0 Block of NAPOLEON ST</address><x>-122.399112963442</x><y>37.74687962237</y><location human_address="{&quot;address&quot;:&quot;&quot;,&quot;city&quot;:&quot;&quot;,&quot;state&quot;:&quot;&quot;,&quot;zip&quot;:&quot;&quot;}" latitude="37.74687962237" longitude="-122.399112963442" needs_recoding="false"/></row>