<?xml version="1.0" encoding="UTF-8"?><row _id="12644222" _uuid="8FAB5151-B287-47BA-813D-E4601858AF31" _position="12644222" _address="http://data.sfgov.org/resource/ritf-b9ki/12644222"><incidntnum>150867112</incidntnum><category>WARRANTS</category><descript>WARRANT ARREST</descript><dayofweek>Saturday</dayofweek><date>2015-10-03T00:00:00</date><time>16:29</time><pddistrict>TENDERLOIN</pddistrict><resolution>ARREST, BOOKED</resolution><address>LARKIN ST / FULTON ST</address><x>-122.416769999704</x><y>37.7795845776674</y><location human_address="{&quot;address&quot;:&quot;&quot;,&quot;city&quot;:&quot;&quot;,&quot;state&quot;:&quot;&quot;,&quot;zip&quot;:&quot;&quot;}" latitude="37.7795845776674" longitude="-122.416769999704" needs_recoding="false"/></row>