<?xml version="1.0" encoding="UTF-8"?><row _id="12646064" _uuid="EEB7706E-0FB7-40BD-9A9D-CF9B9C485E7B" _position="12646064" _address="http://data.sfgov.org/resource/ritf-b9ki/12646064"><incidntnum>150878244</incidntnum><category>VANDALISM</category><descript>VANDALISM OR GRAFFITI TOOLS, POSSESSION</descript><dayofweek>Wednesday</dayofweek><date>2015-10-07T00:00:00</date><time>14:00</time><pddistrict>SOUTHERN</pddistrict><resolution>ARREST, BOOKED</resolution><address>1000 Block of MARKET ST</address><x>-122.411071423064</x><y>37.7817511307229</y><location human_address="{&quot;address&quot;:&quot;&quot;,&quot;city&quot;:&quot;&quot;,&quot;state&quot;:&quot;&quot;,&quot;zip&quot;:&quot;&quot;}" latitude="37.7817511307229" longitude="-122.411071423064" needs_recoding="false"/></row>