<?xml version="1.0" encoding="UTF-8"?><row _id="12653298" _uuid="A24100ED-B14A-4DF8-B2A8-43EF868CAF35" _position="12653298" _address="http://data.sfgov.org/resource/ritf-b9ki/12653298"><incidntnum>150935264</incidntnum><category>NON-CRIMINAL</category><descript>FOUND PROPERTY</descript><dayofweek>Sunday</dayofweek><date>2015-10-25T00:00:00</date><time>09:00</time><pddistrict>INGLESIDE</pddistrict><resolution>NONE</resolution><address>MADRID ST / BRAZIL AV</address><x>-122.431634619475</x><y>37.7231671540033</y><location human_address="{&quot;address&quot;:&quot;&quot;,&quot;city&quot;:&quot;&quot;,&quot;state&quot;:&quot;&quot;,&quot;zip&quot;:&quot;&quot;}" latitude="37.7231671540033" longitude="-122.431634619475" needs_recoding="false"/></row>