<?xml version="1.0" encoding="UTF-8"?><row _id="12645870" _uuid="9C1B91E5-8F28-47B8-A5A9-7666D3749100" _position="12645870" _address="http://data.sfgov.org/resource/ritf-b9ki/12645870"><incidntnum>150879167</incidntnum><category>MISSING PERSON</category><descript>MISSING JUVENILE</descript><dayofweek>Wednesday</dayofweek><date>2015-10-07T00:00:00</date><time>16:00</time><pddistrict>SOUTHERN</pddistrict><resolution>NONE</resolution><address>200 Block of INTERSTATE80 HY</address><x>-122.365565425353</x><y>37.8096707013239</y><location human_address="{&quot;address&quot;:&quot;&quot;,&quot;city&quot;:&quot;&quot;,&quot;state&quot;:&quot;&quot;,&quot;zip&quot;:&quot;&quot;}" latitude="37.8096707013239" longitude="-122.365565425353" needs_recoding="false"/></row>