<?xml version="1.0" encoding="UTF-8"?><row _id="12644622" _uuid="14D085EE-67F3-47AE-9A12-0650C22E8E6E" _position="12644622" _address="http://data.sfgov.org/resource/ritf-b9ki/12644622"><incidntnum>150869215</incidntnum><category>NON-CRIMINAL</category><descript>AIDED CASE, MENTAL DISTURBED</descript><dayofweek>Sunday</dayofweek><date>2015-10-04T00:00:00</date><time>12:06</time><pddistrict>INGLESIDE</pddistrict><resolution>ARREST, BOOKED</resolution><address>GENEVA AV / SANTOS ST</address><x>-122.420084075242</x><y>37.7083109744591</y><location human_address="{&quot;address&quot;:&quot;&quot;,&quot;city&quot;:&quot;&quot;,&quot;state&quot;:&quot;&quot;,&quot;zip&quot;:&quot;&quot;}" latitude="37.7083109744591" longitude="-122.420084075242" needs_recoding="false"/></row>