<?xml version="1.0" encoding="UTF-8"?><row _id="12644682" _uuid="8C9E08E0-4B55-474E-9DBA-09471C9D1A81" _position="12644682" _address="http://data.sfgov.org/resource/ritf-b9ki/12644682"><incidntnum>150870074</incidntnum><category>NON-CRIMINAL</category><descript>AIDED CASE, MENTAL DISTURBED</descript><dayofweek>Sunday</dayofweek><date>2015-10-04T00:00:00</date><time>18:35</time><pddistrict>MISSION</pddistrict><resolution>NONE</resolution><address>MISSION ST / 22ND ST</address><x>-122.418748733523</x><y>37.7554371875097</y><location human_address="{&quot;address&quot;:&quot;&quot;,&quot;city&quot;:&quot;&quot;,&quot;state&quot;:&quot;&quot;,&quot;zip&quot;:&quot;&quot;}" latitude="37.7554371875097" longitude="-122.418748733523" needs_recoding="false"/></row>