<?xml version="1.0" encoding="UTF-8"?><row _id="12644136" _uuid="49F70A83-648F-407B-907F-82571D3C80EB" _position="12644136" _address="http://data.sfgov.org/resource/ritf-b9ki/12644136"><incidntnum>150864641</incidntnum><category>LARCENY/THEFT</category><descript>THEFT FROM MERCHANT OR LIBRARY</descript><dayofweek>Friday</dayofweek><date>2015-10-02T00:00:00</date><time>20:15</time><pddistrict>SOUTHERN</pddistrict><resolution>ARREST, BOOKED</resolution><address>800 Block of MISSION ST</address><x>-122.404636264759</x><y>37.7842645474624</y><location human_address="{&quot;address&quot;:&quot;&quot;,&quot;city&quot;:&quot;&quot;,&quot;state&quot;:&quot;&quot;,&quot;zip&quot;:&quot;&quot;}" latitude="37.7842645474624" longitude="-122.404636264759" needs_recoding="false"/></row>