<?xml version="1.0" encoding="UTF-8"?><row _id="12645212" _uuid="CCF2EB10-5F1A-4D12-8267-EA3085BDECB9" _position="12645212" _address="http://data.sfgov.org/resource/ritf-b9ki/12645212"><incidntnum>150874850</incidntnum><category>SUSPICIOUS OCC</category><descript>SUSPICIOUS OCCURRENCE</descript><dayofweek>Monday</dayofweek><date>2015-10-05T00:00:00</date><time>08:00</time><pddistrict>TARAVAL</pddistrict><resolution>NONE</resolution><address>2100 Block of 24TH AV</address><x>-122.481305019184</x><y>37.7474613181905</y><location human_address="{&quot;address&quot;:&quot;&quot;,&quot;city&quot;:&quot;&quot;,&quot;state&quot;:&quot;&quot;,&quot;zip&quot;:&quot;&quot;}" latitude="37.7474613181905" longitude="-122.481305019184" needs_recoding="false"/></row>