<?xml version="1.0" encoding="UTF-8"?><row _id="12646004" _uuid="9E574693-03BF-4ED8-B88C-865305BBBED0" _position="12646004" _address="http://data.sfgov.org/resource/ritf-b9ki/12646004"><incidntnum>150881344</incidntnum><category>LARCENY/THEFT</category><descript>PETTY THEFT FROM A BUILDING</descript><dayofweek>Wednesday</dayofweek><date>2015-10-07T00:00:00</date><time>12:20</time><pddistrict>RICHMOND</pddistrict><resolution>NONE</resolution><address>600 Block of 32ND AV</address><x>-122.491956779206</x><y>37.7768766735218</y><location human_address="{&quot;address&quot;:&quot;&quot;,&quot;city&quot;:&quot;&quot;,&quot;state&quot;:&quot;&quot;,&quot;zip&quot;:&quot;&quot;}" latitude="37.7768766735218" longitude="-122.491956779206" needs_recoding="false"/></row>