<?xml version="1.0" encoding="UTF-8"?><row _id="12643889" _uuid="70DB4A41-42E6-4F6B-9EAC-E8E9AECE23F0" _position="12643889" _address="http://data.sfgov.org/resource/ritf-b9ki/12643889"><incidntnum>150866051</incidntnum><category>MISSING PERSON</category><descript>MISSING JUVENILE</descript><dayofweek>Friday</dayofweek><date>2015-10-02T00:00:00</date><time>16:00</time><pddistrict>PARK</pddistrict><resolution>NONE</resolution><address>500 Block of CENTRAL AV</address><x>-122.444432207954</x><y>37.7746354223627</y><location human_address="{&quot;address&quot;:&quot;&quot;,&quot;city&quot;:&quot;&quot;,&quot;state&quot;:&quot;&quot;,&quot;zip&quot;:&quot;&quot;}" latitude="37.7746354223627" longitude="-122.444432207954" needs_recoding="false"/></row>