<?xml version="1.0" encoding="UTF-8"?><row _id="12646549" _uuid="E5AF6320-265D-488B-A85C-F6AB0DD0DB4F" _position="12646549" _address="http://data.sfgov.org/resource/ritf-b9ki/12646549"><incidntnum>150883403</incidntnum><category>VEHICLE THEFT</category><descript>STOLEN AND RECOVERED VEHICLE</descript><dayofweek>Friday</dayofweek><date>2015-10-09T00:00:00</date><time>01:53</time><pddistrict>NORTHERN</pddistrict><resolution>NONE</resolution><address>LAGUNA ST / GROVE ST</address><x>-122.426455452526</x><y>37.777388494941</y><location human_address="{&quot;address&quot;:&quot;&quot;,&quot;city&quot;:&quot;&quot;,&quot;state&quot;:&quot;&quot;,&quot;zip&quot;:&quot;&quot;}" latitude="37.777388494941" longitude="-122.426455452526" needs_recoding="false"/></row>