<?xml version="1.0" encoding="UTF-8"?><row _id="12647602" _uuid="75E060C2-93E5-41C6-91C2-8B9EB92489B8" _position="12647602" _address="http://data.sfgov.org/resource/ritf-b9ki/12647602"><incidntnum>150891860</incidntnum><category>OTHER OFFENSES</category><descript>TRAFFIC VIOLATION</descript><dayofweek>Sunday</dayofweek><date>2015-10-11T00:00:00</date><time>23:39</time><pddistrict>MISSION</pddistrict><resolution>ARREST, BOOKED</resolution><address>2300 Block of MISSION ST</address><x>-122.419058868103</x><y>37.7594227506297</y><location human_address="{&quot;address&quot;:&quot;&quot;,&quot;city&quot;:&quot;&quot;,&quot;state&quot;:&quot;&quot;,&quot;zip&quot;:&quot;&quot;}" latitude="37.7594227506297" longitude="-122.419058868103" needs_recoding="false"/></row>