<?xml version="1.0" encoding="UTF-8"?><row _id="12646614" _uuid="ADE22D3D-B40A-4BAB-98D5-999C119CEE06" _position="12646614" _address="http://data.sfgov.org/resource/ritf-b9ki/12646614"><incidntnum>150885051</incidntnum><category>ASSAULT</category><descript>CHILD ABUSE (PHYSICAL)</descript><dayofweek>Friday</dayofweek><date>2015-10-09T00:00:00</date><time>17:47</time><pddistrict>BAYVIEW</pddistrict><resolution>ARREST, BOOKED</resolution><address>0 Block of BEATRICE LN</address><x>-122.381261847626</x><y>37.7315916551069</y><location human_address="{&quot;address&quot;:&quot;&quot;,&quot;city&quot;:&quot;&quot;,&quot;state&quot;:&quot;&quot;,&quot;zip&quot;:&quot;&quot;}" latitude="37.7315916551069" longitude="-122.381261847626" needs_recoding="false"/></row>