<?xml version="1.0" encoding="UTF-8"?><row _id="12644672" _uuid="12DA34CB-D36C-4347-8796-C836CFD02C49" _position="12644672" _address="http://data.sfgov.org/resource/ritf-b9ki/12644672"><incidntnum>156245388</incidntnum><category>LARCENY/THEFT</category><descript>PETTY THEFT OF PROPERTY</descript><dayofweek>Sunday</dayofweek><date>2015-10-04T00:00:00</date><time>17:26</time><pddistrict>RICHMOND</pddistrict><resolution>NONE</resolution><address>FULTON ST / 35TH AV</address><x>-122.494902902871</x><y>37.7720802079053</y><location human_address="{&quot;address&quot;:&quot;&quot;,&quot;city&quot;:&quot;&quot;,&quot;state&quot;:&quot;&quot;,&quot;zip&quot;:&quot;&quot;}" latitude="37.7720802079053" longitude="-122.494902902871" needs_recoding="false"/></row>