<?xml version="1.0" encoding="UTF-8"?><row _id="12644084" _uuid="7C18620A-0D4C-4F29-A33C-FACB2F1C6F8B" _position="12644084" _address="http://data.sfgov.org/resource/ritf-b9ki/12644084"><incidntnum>156246308</incidntnum><category>LARCENY/THEFT</category><descript>PETTY THEFT OF PROPERTY</descript><dayofweek>Friday</dayofweek><date>2015-10-02T00:00:00</date><time>11:00</time><pddistrict>SOUTHERN</pddistrict><resolution>NONE</resolution><address>1100 Block of FOLSOM ST</address><x>-122.409184636157</x><y>37.7756080205266</y><location human_address="{&quot;address&quot;:&quot;&quot;,&quot;city&quot;:&quot;&quot;,&quot;state&quot;:&quot;&quot;,&quot;zip&quot;:&quot;&quot;}" latitude="37.7756080205266" longitude="-122.409184636157" needs_recoding="false"/></row>