<?xml version="1.0" encoding="UTF-8"?><row _id="12663230" _uuid="AAC8D632-88F2-4EEF-B654-8B4D8FE04215" _position="12663230" _address="http://data.sfgov.org/resource/ritf-b9ki/12663230"><incidntnum>156273248</incidntnum><category>LARCENY/THEFT</category><descript>GRAND THEFT FROM LOCKED AUTO</descript><dayofweek>Friday</dayofweek><date>2015-11-06T00:00:00</date><time>14:00</time><pddistrict>NORTHERN</pddistrict><resolution>NONE</resolution><address>MARINA BL / WEBSTER ST</address><x>-122.435650446687</x><y>37.8061903877567</y><location human_address="{&quot;address&quot;:&quot;&quot;,&quot;city&quot;:&quot;&quot;,&quot;state&quot;:&quot;&quot;,&quot;zip&quot;:&quot;&quot;}" latitude="37.8061903877567" longitude="-122.435650446687" needs_recoding="false"/></row>