<?xml version="1.0" encoding="UTF-8"?><row _id="12649715" _uuid="E9B29A27-99F9-4103-853B-A463744B08E3" _position="12649715" _address="http://data.sfgov.org/resource/ritf-b9ki/12649715"><incidntnum>159005644</incidntnum><category>OTHER OFFENSES</category><descript>DRIVERS LICENSE, SUSPENDED OR REVOKED</descript><dayofweek>Thursday</dayofweek><date>2015-10-08T00:00:00</date><time>01:12</time><pddistrict>SOUTHERN</pddistrict><resolution>ARREST, BOOKED</resolution><address>800 Block of BRYANT ST</address><x>-122.403404791479</x><y>37.775420706711</y><location human_address="{&quot;address&quot;:&quot;&quot;,&quot;city&quot;:&quot;&quot;,&quot;state&quot;:&quot;&quot;,&quot;zip&quot;:&quot;&quot;}" latitude="37.775420706711" longitude="-122.403404791479" needs_recoding="false"/></row>