<?xml version="1.0" encoding="UTF-8"?><row _id="12647610" _uuid="07363627-F0C3-450D-9079-0087624BC73F" _position="12647610" _address="http://data.sfgov.org/resource/ritf-b9ki/12647610"><incidntnum>150889326</incidntnum><category>ASSAULT</category><descript>AGGRAVATED ASSAULT WITH A DEADLY WEAPON</descript><dayofweek>Sunday</dayofweek><date>2015-10-11T00:00:00</date><time>01:10</time><pddistrict>MISSION</pddistrict><resolution>NONE</resolution><address>3100 Block of 16TH ST</address><x>-122.423622537404</x><y>37.7647573853335</y><location human_address="{&quot;address&quot;:&quot;&quot;,&quot;city&quot;:&quot;&quot;,&quot;state&quot;:&quot;&quot;,&quot;zip&quot;:&quot;&quot;}" latitude="37.7647573853335" longitude="-122.423622537404" needs_recoding="false"/></row>