<?xml version="1.0" encoding="UTF-8"?><row _id="12644178" _uuid="ECC0F348-036C-41FA-A8C4-CB033B8093C0" _position="12644178" _address="http://data.sfgov.org/resource/ritf-b9ki/12644178"><incidntnum>150867015</incidntnum><category>NON-CRIMINAL</category><descript>LOST PROPERTY</descript><dayofweek>Saturday</dayofweek><date>2015-10-03T00:00:00</date><time>15:00</time><pddistrict>TARAVAL</pddistrict><resolution>NONE</resolution><address>19TH AV / JUDAH ST</address><x>-122.477012148678</x><y>37.7616987104058</y><location human_address="{&quot;address&quot;:&quot;&quot;,&quot;city&quot;:&quot;&quot;,&quot;state&quot;:&quot;&quot;,&quot;zip&quot;:&quot;&quot;}" latitude="37.7616987104058" longitude="-122.477012148678" needs_recoding="false"/></row>