<?xml version="1.0" encoding="UTF-8"?><row _id="12651850" _uuid="4C56B914-F873-4E81-BE94-5E05DEB7A2B1" _position="12651850" _address="http://data.sfgov.org/resource/ritf-b9ki/12651850"><incidntnum>150919359</incidntnum><category>WARRANTS</category><descript>ENROUTE TO PAROLE OFFICER</descript><dayofweek>Wednesday</dayofweek><date>2015-10-21T00:00:00</date><time>05:02</time><pddistrict>PARK</pddistrict><resolution>ARREST, BOOKED</resolution><address>1700 Block of MCALLISTER ST</address><x>-122.440857271375</x><y>37.7774237689287</y><location human_address="{&quot;address&quot;:&quot;&quot;,&quot;city&quot;:&quot;&quot;,&quot;state&quot;:&quot;&quot;,&quot;zip&quot;:&quot;&quot;}" latitude="37.7774237689287" longitude="-122.440857271375" needs_recoding="false"/></row>