<?xml version="1.0" encoding="UTF-8"?><row _id="12645098" _uuid="E7FD1E33-70C5-4EDC-A7AD-7AD6AB5BB274" _position="12645098" _address="http://data.sfgov.org/resource/ritf-b9ki/12645098"><incidntnum>150872092</incidntnum><category>BURGLARY</category><descript>BURGLARY OF STORE, UNLAWFUL ENTRY</descript><dayofweek>Monday</dayofweek><date>2015-10-05T00:00:00</date><time>13:40</time><pddistrict>RICHMOND</pddistrict><resolution>NONE</resolution><address>700 Block of CLEMENT ST</address><x>-122.467102254248</x><y>37.7827705350074</y><location human_address="{&quot;address&quot;:&quot;&quot;,&quot;city&quot;:&quot;&quot;,&quot;state&quot;:&quot;&quot;,&quot;zip&quot;:&quot;&quot;}" latitude="37.7827705350074" longitude="-122.467102254248" needs_recoding="false"/></row>