<?xml version="1.0" encoding="UTF-8"?><row _id="12647274" _uuid="19243706-3210-41A4-99B0-869D62BC8467" _position="12647274" _address="http://data.sfgov.org/resource/ritf-b9ki/12647274"><incidntnum>150887502</incidntnum><category>ASSAULT</category><descript>THREATS AGAINST LIFE</descript><dayofweek>Saturday</dayofweek><date>2015-10-10T00:00:00</date><time>13:35</time><pddistrict>MISSION</pddistrict><resolution>NONE</resolution><address>0 Block of CUNNINGHAM PL</address><x>-122.421737619685</x><y>37.7592952658019</y><location human_address="{&quot;address&quot;:&quot;&quot;,&quot;city&quot;:&quot;&quot;,&quot;state&quot;:&quot;&quot;,&quot;zip&quot;:&quot;&quot;}" latitude="37.7592952658019" longitude="-122.421737619685" needs_recoding="false"/></row>