<?xml version="1.0" encoding="UTF-8"?><row _id="12655601" _uuid="6C7DA7B3-971A-42AC-92BF-1E651CA38905" _position="12655601" _address="http://data.sfgov.org/resource/ritf-b9ki/12655601"><incidntnum>150961548</incidntnum><category>VEHICLE THEFT</category><descript>STOLEN AND RECOVERED VEHICLE</descript><dayofweek>Friday</dayofweek><date>2015-10-30T00:00:00</date><time>01:35</time><pddistrict>MISSION</pddistrict><resolution>NONE</resolution><address>1200 Block of VALENCIA ST</address><x>-122.420806049169</x><y>37.7528840217529</y><location human_address="{&quot;address&quot;:&quot;&quot;,&quot;city&quot;:&quot;&quot;,&quot;state&quot;:&quot;&quot;,&quot;zip&quot;:&quot;&quot;}" latitude="37.7528840217529" longitude="-122.420806049169" needs_recoding="false"/></row>