<?xml version="1.0" encoding="UTF-8"?><row _id="12643181" _uuid="025D1A46-16B3-49D2-AE5B-3A01E7D76A32" _position="12643181" _address="http://data.sfgov.org/resource/ritf-b9ki/12643181"><incidntnum>150862695</incidntnum><category>LARCENY/THEFT</category><descript>PETTY THEFT SHOPLIFTING</descript><dayofweek>Wednesday</dayofweek><date>2015-09-30T00:00:00</date><time>20:45</time><pddistrict>SOUTHERN</pddistrict><resolution>NONE</resolution><address>800 Block of MARKET ST</address><x>-122.406690592261</x><y>37.7852071918419</y><location human_address="{&quot;address&quot;:&quot;&quot;,&quot;city&quot;:&quot;&quot;,&quot;state&quot;:&quot;&quot;,&quot;zip&quot;:&quot;&quot;}" latitude="37.7852071918419" longitude="-122.406690592261" needs_recoding="false"/></row>