<?xml version="1.0" encoding="UTF-8"?><row _id="12649269" _uuid="C41EA13D-E015-4221-AED4-A606C08251C5" _position="12649269" _address="http://data.sfgov.org/resource/ritf-b9ki/12649269"><incidntnum>150901845</incidntnum><category>MISSING PERSON</category><descript>FOUND PERSON</descript><dayofweek>Tuesday</dayofweek><date>2015-10-13T00:00:00</date><time>18:00</time><pddistrict>NORTHERN</pddistrict><resolution>CLEARED-CONTACT JUVENILE FOR MORE INFO</resolution><address>1300 Block of STEINER ST</address><x>-122.434137606289</x><y>37.7816850865094</y><location human_address="{&quot;address&quot;:&quot;&quot;,&quot;city&quot;:&quot;&quot;,&quot;state&quot;:&quot;&quot;,&quot;zip&quot;:&quot;&quot;}" latitude="37.7816850865094" longitude="-122.434137606289" needs_recoding="false"/></row>