<?xml version="1.0" encoding="UTF-8"?><row _id="12644637" _uuid="14E1BEDF-C1BC-4EC7-B9BE-B45BCBD4E630" _position="12644637" _address="http://data.sfgov.org/resource/ritf-b9ki/12644637"><incidntnum>150870591</incidntnum><category>OTHER OFFENSES</category><descript>DRIVERS LICENSE, SUSPENDED OR REVOKED</descript><dayofweek>Sunday</dayofweek><date>2015-10-04T00:00:00</date><time>22:36</time><pddistrict>PARK</pddistrict><resolution>ARREST, BOOKED</resolution><address>GEARY BL / SCOTT ST</address><x>-122.437850882558</x><y>37.7837174333803</y><location human_address="{&quot;address&quot;:&quot;&quot;,&quot;city&quot;:&quot;&quot;,&quot;state&quot;:&quot;&quot;,&quot;zip&quot;:&quot;&quot;}" latitude="37.7837174333803" longitude="-122.437850882558" needs_recoding="false"/></row>