<?xml version="1.0" encoding="UTF-8"?><row _id="12653511" _uuid="4DDDE5FF-30CC-4ECA-A1E1-7DD642085DA3" _position="12653511" _address="http://data.sfgov.org/resource/ritf-b9ki/12653511"><incidntnum>156261641</incidntnum><category>LARCENY/THEFT</category><descript>PETTY THEFT OF PROPERTY</descript><dayofweek>Sunday</dayofweek><date>2015-10-25T00:00:00</date><time>05:55</time><pddistrict>RICHMOND</pddistrict><resolution>NONE</resolution><address>100 Block of FUNSTON AV</address><x>-122.472048255203</x><y>37.7853902153809</y><location human_address="{&quot;address&quot;:&quot;&quot;,&quot;city&quot;:&quot;&quot;,&quot;state&quot;:&quot;&quot;,&quot;zip&quot;:&quot;&quot;}" latitude="37.7853902153809" longitude="-122.472048255203" needs_recoding="false"/></row>