<?xml version="1.0" encoding="UTF-8"?><row _id="12643601" _uuid="24682094-9928-43F6-9457-A2274BDE11F5" _position="12643601" _address="http://data.sfgov.org/resource/ritf-b9ki/12643601"><incidntnum>156242293</incidntnum><category>LARCENY/THEFT</category><descript>GRAND THEFT FROM LOCKED AUTO</descript><dayofweek>Thursday</dayofweek><date>2015-10-01T00:00:00</date><time>19:30</time><pddistrict>PARK</pddistrict><resolution>NONE</resolution><address>500 Block of TWINPEAKS BL</address><x>-122.446757209575</x><y>37.7531845175462</y><location human_address="{&quot;address&quot;:&quot;&quot;,&quot;city&quot;:&quot;&quot;,&quot;state&quot;:&quot;&quot;,&quot;zip&quot;:&quot;&quot;}" latitude="37.7531845175462" longitude="-122.446757209575" needs_recoding="false"/></row>