<?xml version="1.0" encoding="UTF-8"?><row _id="12643875" _uuid="03CD4936-2141-4F6A-9351-4CA0498F9604" _position="12643875" _address="http://data.sfgov.org/resource/ritf-b9ki/12643875"><incidntnum>150863693</incidntnum><category>NON-CRIMINAL</category><descript>FOUND PROPERTY</descript><dayofweek>Friday</dayofweek><date>2015-10-02T00:00:00</date><time>14:20</time><pddistrict>RICHMOND</pddistrict><resolution>NONE</resolution><address>600 Block of 32ND AV</address><x>-122.491956779206</x><y>37.7768766735218</y><location human_address="{&quot;address&quot;:&quot;&quot;,&quot;city&quot;:&quot;&quot;,&quot;state&quot;:&quot;&quot;,&quot;zip&quot;:&quot;&quot;}" latitude="37.7768766735218" longitude="-122.491956779206" needs_recoding="false"/></row>