<?xml version="1.0" encoding="UTF-8"?><row _id="12643771" _uuid="D532554A-9490-44D3-B92A-3C5D3E2BF189" _position="12643771" _address="http://data.sfgov.org/resource/ritf-b9ki/12643771"><incidntnum>150865558</incidntnum><category>VEHICLE THEFT</category><descript>STOLEN AUTOMOBILE</descript><dayofweek>Friday</dayofweek><date>2015-10-02T00:00:00</date><time>16:30</time><pddistrict>NORTHERN</pddistrict><resolution>NONE</resolution><address>OCTAVIA ST / VALLEJO ST</address><x>-122.428539198808</x><y>37.7960609204813</y><location human_address="{&quot;address&quot;:&quot;&quot;,&quot;city&quot;:&quot;&quot;,&quot;state&quot;:&quot;&quot;,&quot;zip&quot;:&quot;&quot;}" latitude="37.7960609204813" longitude="-122.428539198808" needs_recoding="false"/></row>