<?xml version="1.0" encoding="UTF-8"?><row _id="12650374" _uuid="7154B675-1013-4260-827E-63BE5E2F04BE" _position="12650374" _address="http://data.sfgov.org/resource/ritf-b9ki/12650374"><incidntnum>156258109</incidntnum><category>LARCENY/THEFT</category><descript>GRAND THEFT FROM LOCKED AUTO</descript><dayofweek>Saturday</dayofweek><date>2015-10-03T00:00:00</date><time>21:30</time><pddistrict>TENDERLOIN</pddistrict><resolution>NONE</resolution><address>FULTON ST / LARKIN ST</address><x>-122.416769999704</x><y>37.7795845776674</y><location human_address="{&quot;address&quot;:&quot;&quot;,&quot;city&quot;:&quot;&quot;,&quot;state&quot;:&quot;&quot;,&quot;zip&quot;:&quot;&quot;}" latitude="37.7795845776674" longitude="-122.416769999704" needs_recoding="false"/></row>