<?xml version="1.0" encoding="UTF-8"?><row _id="12647574" _uuid="72670A35-04E2-46BD-AFAB-BF5A8208AA15" _position="12647574" _address="http://data.sfgov.org/resource/ritf-b9ki/12647574"><incidntnum>150889495</incidntnum><category>MISSING PERSON</category><descript>MISSING JUVENILE</descript><dayofweek>Sunday</dayofweek><date>2015-10-11T00:00:00</date><time>02:05</time><pddistrict>INGLESIDE</pddistrict><resolution>NONE</resolution><address>100 Block of PERSIA AV</address><x>-122.434764286692</x><y>37.7226161363136</y><location human_address="{&quot;address&quot;:&quot;&quot;,&quot;city&quot;:&quot;&quot;,&quot;state&quot;:&quot;&quot;,&quot;zip&quot;:&quot;&quot;}" latitude="37.7226161363136" longitude="-122.434764286692" needs_recoding="false"/></row>