<?xml version="1.0" encoding="UTF-8"?><row _id="12647525" _uuid="2AEB314E-BF98-478F-8638-A818BFDA5EEE" _position="12647525" _address="http://data.sfgov.org/resource/ritf-b9ki/12647525"><incidntnum>156254135</incidntnum><category>LARCENY/THEFT</category><descript>GRAND THEFT FROM LOCKED AUTO</descript><dayofweek>Saturday</dayofweek><date>2015-10-03T00:00:00</date><time>23:00</time><pddistrict>INGLESIDE</pddistrict><resolution>NONE</resolution><address>BRUNSWICK ST / CURTIS ST</address><x>-122.439079823479</x><y>37.7117493611247</y><location human_address="{&quot;address&quot;:&quot;&quot;,&quot;city&quot;:&quot;&quot;,&quot;state&quot;:&quot;&quot;,&quot;zip&quot;:&quot;&quot;}" latitude="37.7117493611247" longitude="-122.439079823479" needs_recoding="false"/></row>