<?xml version="1.0" encoding="UTF-8"?><row _id="12645191" _uuid="B06B0395-AB04-49F1-B5FB-1DD520E499BB" _position="12645191" _address="http://data.sfgov.org/resource/ritf-b9ki/12645191"><incidntnum>150876179</incidntnum><category>LARCENY/THEFT</category><descript>GRAND THEFT FROM LOCKED AUTO</descript><dayofweek>Monday</dayofweek><date>2015-10-05T00:00:00</date><time>19:45</time><pddistrict>SOUTHERN</pddistrict><resolution>NONE</resolution><address>300 Block of 6TH ST</address><x>-122.404871554716</x><y>37.7778340046476</y><location human_address="{&quot;address&quot;:&quot;&quot;,&quot;city&quot;:&quot;&quot;,&quot;state&quot;:&quot;&quot;,&quot;zip&quot;:&quot;&quot;}" latitude="37.7778340046476" longitude="-122.404871554716" needs_recoding="false"/></row>