<?xml version="1.0" encoding="UTF-8"?><row _id="12644002" _uuid="38BE9A85-17B1-477D-85E5-4AF677BCE40A" _position="12644002" _address="http://data.sfgov.org/resource/ritf-b9ki/12644002"><incidntnum>150865780</incidntnum><category>MISSING PERSON</category><descript>FOUND PERSON</descript><dayofweek>Friday</dayofweek><date>2015-10-02T00:00:00</date><time>09:00</time><pddistrict>SOUTHERN</pddistrict><resolution>NONE</resolution><address>0 Block of DORE ST</address><x>-122.413045971966</x><y>37.7738617771611</y><location human_address="{&quot;address&quot;:&quot;&quot;,&quot;city&quot;:&quot;&quot;,&quot;state&quot;:&quot;&quot;,&quot;zip&quot;:&quot;&quot;}" latitude="37.7738617771611" longitude="-122.413045971966" needs_recoding="false"/></row>