<?xml version="1.0" encoding="UTF-8"?><row _id="12649356" _uuid="C9742621-9743-4326-A4D4-779429D9C9C7" _position="12649356" _address="http://data.sfgov.org/resource/ritf-b9ki/12649356"><incidntnum>150901679</incidntnum><category>ASSAULT</category><descript>FALSE IMPRISONMENT</descript><dayofweek>Thursday</dayofweek><date>2015-10-15T00:00:00</date><time>07:02</time><pddistrict>INGLESIDE</pddistrict><resolution>ARREST, BOOKED</resolution><address>1500 Block of SUNNYDALE AV</address><x>-122.417107986993</x><y>37.7122561827524</y><location human_address="{&quot;address&quot;:&quot;&quot;,&quot;city&quot;:&quot;&quot;,&quot;state&quot;:&quot;&quot;,&quot;zip&quot;:&quot;&quot;}" latitude="37.7122561827524" longitude="-122.417107986993" needs_recoding="false"/></row>