<?xml version="1.0" encoding="UTF-8"?><row _id="12645263" _uuid="26756B63-FF67-4F05-BC2C-BEC7B811DC30" _position="12645263" _address="http://data.sfgov.org/resource/ritf-b9ki/12645263"><incidntnum>150870961</incidntnum><category>NON-CRIMINAL</category><descript>AIDED CASE, MENTAL DISTURBED</descript><dayofweek>Monday</dayofweek><date>2015-10-05T00:00:00</date><time>03:25</time><pddistrict>TENDERLOIN</pddistrict><resolution>NONE</resolution><address>200 Block of JONES ST</address><x>-122.412573643201</x><y>37.7834687204586</y><location human_address="{&quot;address&quot;:&quot;&quot;,&quot;city&quot;:&quot;&quot;,&quot;state&quot;:&quot;&quot;,&quot;zip&quot;:&quot;&quot;}" latitude="37.7834687204586" longitude="-122.412573643201" needs_recoding="false"/></row>