<?xml version="1.0" encoding="UTF-8"?><row _id="12645103" _uuid="51899610-A12C-4D4E-BF06-6CCEE6255968" _position="12645103" _address="http://data.sfgov.org/resource/ritf-b9ki/12645103"><incidntnum>150872569</incidntnum><category>NON-CRIMINAL</category><descript>AIDED CASE, MENTAL DISTURBED</descript><dayofweek>Monday</dayofweek><date>2015-10-05T00:00:00</date><time>15:00</time><pddistrict>CENTRAL</pddistrict><resolution>NONE</resolution><address>700 Block of KEARNY ST</address><x>-122.404767635853</x><y>37.7946646538154</y><location human_address="{&quot;address&quot;:&quot;&quot;,&quot;city&quot;:&quot;&quot;,&quot;state&quot;:&quot;&quot;,&quot;zip&quot;:&quot;&quot;}" latitude="37.7946646538154" longitude="-122.404767635853" needs_recoding="false"/></row>