<?xml version="1.0" encoding="UTF-8"?><row _id="12643540" _uuid="647C5C26-8BF0-40D2-8730-8FDED0D77314" _position="12643540" _address="http://data.sfgov.org/resource/ritf-b9ki/12643540"><incidntnum>150861374</incidntnum><category>MISSING PERSON</category><descript>MISSING JUVENILE</descript><dayofweek>Thursday</dayofweek><date>2015-10-01T00:00:00</date><time>20:00</time><pddistrict>MISSION</pddistrict><resolution>NONE</resolution><address>900 Block of POTRERO AV</address><x>-122.406604919508</x><y>37.7571580431915</y><location human_address="{&quot;address&quot;:&quot;&quot;,&quot;city&quot;:&quot;&quot;,&quot;state&quot;:&quot;&quot;,&quot;zip&quot;:&quot;&quot;}" latitude="37.7571580431915" longitude="-122.406604919508" needs_recoding="false"/></row>