<?xml version="1.0" encoding="UTF-8"?><row _id="12653137" _uuid="9FA475C7-2E34-4307-A00A-2F2DF2EAB14D" _position="12653137" _address="http://data.sfgov.org/resource/ritf-b9ki/12653137"><incidntnum>156263879</incidntnum><category>LARCENY/THEFT</category><descript>PETTY THEFT OF PROPERTY</descript><dayofweek>Saturday</dayofweek><date>2015-10-24T00:00:00</date><time>23:00</time><pddistrict>SOUTHERN</pddistrict><resolution>NONE</resolution><address>300 Block of MARKET ST</address><x>-122.397742235773</x><y>37.7919805766981</y><location human_address="{&quot;address&quot;:&quot;&quot;,&quot;city&quot;:&quot;&quot;,&quot;state&quot;:&quot;&quot;,&quot;zip&quot;:&quot;&quot;}" latitude="37.7919805766981" longitude="-122.397742235773" needs_recoding="false"/></row>