<?xml version="1.0" encoding="UTF-8"?><row _id="12645962" _uuid="D44106E4-4745-4393-8A04-CB3706FA853B" _position="12645962" _address="http://data.sfgov.org/resource/ritf-b9ki/12645962"><incidntnum>156245225</incidntnum><category>LARCENY/THEFT</category><descript>GRAND THEFT FROM LOCKED AUTO</descript><dayofweek>Wednesday</dayofweek><date>2015-10-07T00:00:00</date><time>10:00</time><pddistrict>NORTHERN</pddistrict><resolution>NONE</resolution><address>2300 Block of BAY ST</address><x>-122.445738080461</x><y>37.8015741248208</y><location human_address="{&quot;address&quot;:&quot;&quot;,&quot;city&quot;:&quot;&quot;,&quot;state&quot;:&quot;&quot;,&quot;zip&quot;:&quot;&quot;}" latitude="37.8015741248208" longitude="-122.445738080461" needs_recoding="false"/></row>