<?xml version="1.0" encoding="UTF-8"?><row _id="12653133" _uuid="079DF3D8-43D0-4AB6-8E58-45A6D4C633A3" _position="12653133" _address="http://data.sfgov.org/resource/ritf-b9ki/12653133"><incidntnum>150961708</incidntnum><category>LARCENY/THEFT</category><descript>PETTY THEFT FROM A BUILDING</descript><dayofweek>Friday</dayofweek><date>2015-10-02T00:00:00</date><time>19:00</time><pddistrict>NORTHERN</pddistrict><resolution>NONE</resolution><address>1100 Block of LARKIN ST</address><x>-122.418580508889</x><y>37.7881906054546</y><location human_address="{&quot;address&quot;:&quot;&quot;,&quot;city&quot;:&quot;&quot;,&quot;state&quot;:&quot;&quot;,&quot;zip&quot;:&quot;&quot;}" latitude="37.7881906054546" longitude="-122.418580508889" needs_recoding="false"/></row>