<?xml version="1.0" encoding="UTF-8"?><row _id="12645774" _uuid="1B09F311-6088-4EC1-88B9-DA9939E2F373" _position="12645774" _address="http://data.sfgov.org/resource/ritf-b9ki/12645774"><incidntnum>150880045</incidntnum><category>LARCENY/THEFT</category><descript>GRAND THEFT FROM LOCKED AUTO</descript><dayofweek>Wednesday</dayofweek><date>2015-10-07T00:00:00</date><time>23:40</time><pddistrict>SOUTHERN</pddistrict><resolution>NONE</resolution><address>LAPU-LAPU ST / RIZAL ST</address><x>-122.398882384128</x><y>37.7822226458536</y><location human_address="{&quot;address&quot;:&quot;&quot;,&quot;city&quot;:&quot;&quot;,&quot;state&quot;:&quot;&quot;,&quot;zip&quot;:&quot;&quot;}" latitude="37.7822226458536" longitude="-122.398882384128" needs_recoding="false"/></row>