<?xml version="1.0" encoding="UTF-8"?><row _id="12645463" _uuid="479F1B8B-9409-4982-A943-D58E6AB3A3D8" _position="12645463" _address="http://data.sfgov.org/resource/ritf-b9ki/12645463"><incidntnum>150874139</incidntnum><category>ASSAULT</category><descript>BATTERY</descript><dayofweek>Tuesday</dayofweek><date>2015-10-06T00:00:00</date><time>07:55</time><pddistrict>BAYVIEW</pddistrict><resolution>NONE</resolution><address>3RD ST / EVANS AV</address><x>-122.387927387609</x><y>37.7427030847405</y><location human_address="{&quot;address&quot;:&quot;&quot;,&quot;city&quot;:&quot;&quot;,&quot;state&quot;:&quot;&quot;,&quot;zip&quot;:&quot;&quot;}" latitude="37.7427030847405" longitude="-122.387927387609" needs_recoding="false"/></row>