<?xml version="1.0" encoding="UTF-8"?><row _id="12657340" _uuid="869AF98F-B1F0-412F-A966-F3DB34552DED" _position="12657340" _address="http://data.sfgov.org/resource/ritf-b9ki/12657340"><incidntnum>150983605</incidntnum><category>ASSAULT</category><descript>BATTERY WITH SERIOUS INJURIES</descript><dayofweek>Thursday</dayofweek><date>2015-10-22T00:00:00</date><time>16:40</time><pddistrict>INGLESIDE</pddistrict><resolution>NONE</resolution><address>GENEVA AV / MOSCOW ST</address><x>-122.433708216535</x><y>37.7131452213851</y><location human_address="{&quot;address&quot;:&quot;&quot;,&quot;city&quot;:&quot;&quot;,&quot;state&quot;:&quot;&quot;,&quot;zip&quot;:&quot;&quot;}" latitude="37.7131452213851" longitude="-122.433708216535" needs_recoding="false"/></row>