<?xml version="1.0" encoding="UTF-8"?><row _id="12645735" _uuid="4073FFC1-70A3-401D-8CD5-21B6B12DD0FD" _position="12645735" _address="http://data.sfgov.org/resource/ritf-b9ki/12645735"><incidntnum>150877547</incidntnum><category>ASSAULT</category><descript>BATTERY</descript><dayofweek>Wednesday</dayofweek><date>2015-10-07T00:00:00</date><time>11:25</time><pddistrict>BAYVIEW</pddistrict><resolution>ARREST, BOOKED</resolution><address>BAY SHORE BL / JERROLD AV</address><x>-122.403564371001</x><y>37.7477613103514</y><location human_address="{&quot;address&quot;:&quot;&quot;,&quot;city&quot;:&quot;&quot;,&quot;state&quot;:&quot;&quot;,&quot;zip&quot;:&quot;&quot;}" latitude="37.7477613103514" longitude="-122.403564371001" needs_recoding="false"/></row>