<?xml version="1.0" encoding="UTF-8"?><row _id="12645717" _uuid="16A2B666-562A-4B3B-B57B-740BFDDEE997" _position="12645717" _address="http://data.sfgov.org/resource/ritf-b9ki/12645717"><incidntnum>150882728</incidntnum><category>OTHER OFFENSES</category><descript>FALSE PERSONATION</descript><dayofweek>Tuesday</dayofweek><date>2015-10-06T00:00:00</date><time>00:01</time><pddistrict>PARK</pddistrict><resolution>NONE</resolution><address>700 Block of COLE ST</address><x>-122.4503083982</x><y>37.7671882889192</y><location human_address="{&quot;address&quot;:&quot;&quot;,&quot;city&quot;:&quot;&quot;,&quot;state&quot;:&quot;&quot;,&quot;zip&quot;:&quot;&quot;}" latitude="37.7671882889192" longitude="-122.4503083982" needs_recoding="false"/></row>