<?xml version="1.0" encoding="UTF-8"?><row _id="12645167" _uuid="65F1F412-E0AB-4241-A34B-D76AF7820B94" _position="12645167" _address="http://data.sfgov.org/resource/ritf-b9ki/12645167"><incidntnum>150873313</incidntnum><category>FRAUD</category><descript>CREDIT CARD, THEFT BY USE OF</descript><dayofweek>Monday</dayofweek><date>2015-10-05T00:00:00</date><time>18:30</time><pddistrict>SOUTHERN</pddistrict><resolution>NONE</resolution><address>700 Block of MARKET ST</address><x>-122.405294845215</x><y>37.7863072236365</y><location human_address="{&quot;address&quot;:&quot;&quot;,&quot;city&quot;:&quot;&quot;,&quot;state&quot;:&quot;&quot;,&quot;zip&quot;:&quot;&quot;}" latitude="37.7863072236365" longitude="-122.405294845215" needs_recoding="false"/></row>