<?xml version="1.0" encoding="UTF-8"?><row _id="12651081" _uuid="8102CD1F-F46A-4A82-A540-99EF725E287D" _position="12651081" _address="http://data.sfgov.org/resource/ritf-b9ki/12651081"><incidntnum>150917450</incidntnum><category>VEHICLE THEFT</category><descript>STOLEN AUTOMOBILE</descript><dayofweek>Monday</dayofweek><date>2015-10-19T00:00:00</date><time>19:00</time><pddistrict>BAYVIEW</pddistrict><resolution>NONE</resolution><address>900 Block of OLMSTEAD ST</address><x>-122.411011764708</x><y>37.7204313121733</y><location human_address="{&quot;address&quot;:&quot;&quot;,&quot;city&quot;:&quot;&quot;,&quot;state&quot;:&quot;&quot;,&quot;zip&quot;:&quot;&quot;}" latitude="37.7204313121733" longitude="-122.411011764708" needs_recoding="false"/></row>