<?xml version="1.0" encoding="UTF-8"?><row _id="12645148" _uuid="79ED1EBF-6E90-4BF7-AAC3-3D219FCF63FF" _position="12645148" _address="http://data.sfgov.org/resource/ritf-b9ki/12645148"><incidntnum>150872553</incidntnum><category>SECONDARY CODES</category><descript>DOMESTIC VIOLENCE</descript><dayofweek>Monday</dayofweek><date>2015-10-05T00:00:00</date><time>16:05</time><pddistrict>PARK</pddistrict><resolution>NONE</resolution><address>1700 Block of EDDY ST</address><x>-122.43644305449</x><y>37.7808493247624</y><location human_address="{&quot;address&quot;:&quot;&quot;,&quot;city&quot;:&quot;&quot;,&quot;state&quot;:&quot;&quot;,&quot;zip&quot;:&quot;&quot;}" latitude="37.7808493247624" longitude="-122.43644305449" needs_recoding="false"/></row>