<?xml version="1.0" encoding="UTF-8"?><row _id="12645003" _uuid="12591EDE-E721-4393-8B3F-D3F750F4E88F" _position="12645003" _address="http://data.sfgov.org/resource/ritf-b9ki/12645003"><incidntnum>150873335</incidntnum><category>LARCENY/THEFT</category><descript>GRAND THEFT FROM LOCKED AUTO</descript><dayofweek>Monday</dayofweek><date>2015-10-05T00:00:00</date><time>18:30</time><pddistrict>BAYVIEW</pddistrict><resolution>NONE</resolution><address>3RD ST / 23RD ST</address><x>-122.388004140125</x><y>37.7553898296702</y><location human_address="{&quot;address&quot;:&quot;&quot;,&quot;city&quot;:&quot;&quot;,&quot;state&quot;:&quot;&quot;,&quot;zip&quot;:&quot;&quot;}" latitude="37.7553898296702" longitude="-122.388004140125" needs_recoding="false"/></row>