<?xml version="1.0" encoding="UTF-8"?><row _id="12649292" _uuid="89B0EDB3-4D91-4086-9D50-9A096DCEB169" _position="12649292" _address="http://data.sfgov.org/resource/ritf-b9ki/12649292"><incidntnum>150918527</incidntnum><category>ASSAULT</category><descript>THREATS AGAINST LIFE</descript><dayofweek>Thursday</dayofweek><date>2015-10-15T00:00:00</date><time>19:00</time><pddistrict>TENDERLOIN</pddistrict><resolution>ARREST, BOOKED</resolution><address>300 Block of TURK ST</address><x>-122.414900544562</x><y>37.7827419623926</y><location human_address="{&quot;address&quot;:&quot;&quot;,&quot;city&quot;:&quot;&quot;,&quot;state&quot;:&quot;&quot;,&quot;zip&quot;:&quot;&quot;}" latitude="37.7827419623926" longitude="-122.414900544562" needs_recoding="false"/></row>