<?xml version="1.0" encoding="UTF-8"?><row _id="12643685" _uuid="6CAA4504-8874-46FF-ABA1-E3F706E2BC53" _position="12643685" _address="http://data.sfgov.org/resource/ritf-b9ki/12643685"><incidntnum>150859062</incidntnum><category>TRESPASS</category><descript>LODGING WITHOUT PERMISSION</descript><dayofweek>Thursday</dayofweek><date>2015-10-01T00:00:00</date><time>05:20</time><pddistrict>SOUTHERN</pddistrict><resolution>NONE</resolution><address>0 Block of THE EMBARCADERONORTH ST</address><x>-122.38791460114</x><y>37.7833631726076</y><location human_address="{&quot;address&quot;:&quot;&quot;,&quot;city&quot;:&quot;&quot;,&quot;state&quot;:&quot;&quot;,&quot;zip&quot;:&quot;&quot;}" latitude="37.7833631726076" longitude="-122.38791460114" needs_recoding="false"/></row>