<?xml version="1.0" encoding="UTF-8"?><row _id="12163582" _uuid="5BF1DF67-6530-4A2D-B61C-FB378422D786" _position="12163582" _address="http://data.sfgov.org/resource/ritf-b9ki/12163582"><incidntnum>120883392</incidntnum><category>ROBBERY</category><descript>ROBBERY, BODILY FORCE</descript><dayofweek>Thursday</dayofweek><date>2015-10-01T00:00:00</date><time>22:20</time><pddistrict>TENDERLOIN</pddistrict><resolution>ARREST, BOOKED</resolution><address>0 Block of TURK ST</address><x>-122.409853729941</x><y>37.7833862379382</y><location human_address="{&quot;address&quot;:&quot;&quot;,&quot;city&quot;:&quot;&quot;,&quot;state&quot;:&quot;&quot;,&quot;zip&quot;:&quot;&quot;}" latitude="37.7833862379382" longitude="-122.409853729941" needs_recoding="false"/></row>