<?xml version="1.0" encoding="UTF-8"?><row _id="12644247" _uuid="9E7692BA-905D-4080-8C84-838A8235F04E" _position="12644247" _address="http://data.sfgov.org/resource/ritf-b9ki/12644247"><incidntnum>156243611</incidntnum><category>LARCENY/THEFT</category><descript>GRAND THEFT OF PROPERTY</descript><dayofweek>Saturday</dayofweek><date>2015-10-03T00:00:00</date><time>19:00</time><pddistrict>RICHMOND</pddistrict><resolution>NONE</resolution><address>FULTON ST / 38TH AV</address><x>-122.498113827222</x><y>37.7719324282176</y><location human_address="{&quot;address&quot;:&quot;&quot;,&quot;city&quot;:&quot;&quot;,&quot;state&quot;:&quot;&quot;,&quot;zip&quot;:&quot;&quot;}" latitude="37.7719324282176" longitude="-122.498113827222" needs_recoding="false"/></row>