<?xml version="1.0" encoding="UTF-8"?><row _id="12653066" _uuid="BD5EBED2-C460-4660-95BE-836D649671F1" _position="12653066" _address="http://data.sfgov.org/resource/ritf-b9ki/12653066"><incidntnum>150931052</incidntnum><category>OTHER OFFENSES</category><descript>TRAFFIC VIOLATION ARREST</descript><dayofweek>Saturday</dayofweek><date>2015-10-24T00:00:00</date><time>21:23</time><pddistrict>PARK</pddistrict><resolution>ARREST, BOOKED</resolution><address>1700 Block of OAK ST</address><x>-122.448140059075</x><y>37.7717170013104</y><location human_address="{&quot;address&quot;:&quot;&quot;,&quot;city&quot;:&quot;&quot;,&quot;state&quot;:&quot;&quot;,&quot;zip&quot;:&quot;&quot;}" latitude="37.7717170013104" longitude="-122.448140059075" needs_recoding="false"/></row>