<?xml version="1.0" encoding="UTF-8"?><row _id="12644802" _uuid="CF81CF73-9A42-4103-A387-61F20BD666C5" _position="12644802" _address="http://data.sfgov.org/resource/ritf-b9ki/12644802"><incidntnum>150870604</incidntnum><category>LARCENY/THEFT</category><descript>PETTY THEFT FROM LOCKED AUTO</descript><dayofweek>Sunday</dayofweek><date>2015-10-04T00:00:00</date><time>20:00</time><pddistrict>CENTRAL</pddistrict><resolution>NONE</resolution><address>2600 Block of JONES ST</address><x>-122.41691595708</x><y>37.805694248558</y><location human_address="{&quot;address&quot;:&quot;&quot;,&quot;city&quot;:&quot;&quot;,&quot;state&quot;:&quot;&quot;,&quot;zip&quot;:&quot;&quot;}" latitude="37.805694248558" longitude="-122.41691595708" needs_recoding="false"/></row>