<?xml version="1.0" encoding="UTF-8"?><row _id="12647128" _uuid="CB666159-F1D8-4C76-906E-D7C91BE5716D" _position="12647128" _address="http://data.sfgov.org/resource/ritf-b9ki/12647128"><incidntnum>150889213</incidntnum><category>NON-CRIMINAL</category><descript>AIDED CASE, MENTAL DISTURBED</descript><dayofweek>Saturday</dayofweek><date>2015-10-10T00:00:00</date><time>23:22</time><pddistrict>CENTRAL</pddistrict><resolution>NONE</resolution><address>1100 Block of BUSH ST</address><x>-122.416221156508</x><y>37.7892672343725</y><location human_address="{&quot;address&quot;:&quot;&quot;,&quot;city&quot;:&quot;&quot;,&quot;state&quot;:&quot;&quot;,&quot;zip&quot;:&quot;&quot;}" latitude="37.7892672343725" longitude="-122.416221156508" needs_recoding="false"/></row>