<?xml version="1.0" encoding="UTF-8"?><row _id="12646773" _uuid="8EED0524-C5F4-455D-9F51-DBE857AFD87E" _position="12646773" _address="http://data.sfgov.org/resource/ritf-b9ki/12646773"><incidntnum>150902752</incidntnum><category>FRAUD</category><descript>CREDIT CARD, THEFT OF</descript><dayofweek>Monday</dayofweek><date>2015-10-05T00:00:00</date><time>08:00</time><pddistrict>CENTRAL</pddistrict><resolution>NONE</resolution><address>200 Block of CALIFORNIA ST</address><x>-122.399392457561</x><y>37.7933368944757</y><location human_address="{&quot;address&quot;:&quot;&quot;,&quot;city&quot;:&quot;&quot;,&quot;state&quot;:&quot;&quot;,&quot;zip&quot;:&quot;&quot;}" latitude="37.7933368944757" longitude="-122.399392457561" needs_recoding="false"/></row>