<?xml version="1.0" encoding="UTF-8"?><row _id="12647281" _uuid="7B642120-0D3D-4E70-87D2-63E9A0F60504" _position="12647281" _address="http://data.sfgov.org/resource/ritf-b9ki/12647281"><incidntnum>150889752</incidntnum><category>VANDALISM</category><descript>MALICIOUS MISCHIEF, VANDALISM OF VEHICLES</descript><dayofweek>Saturday</dayofweek><date>2015-10-10T00:00:00</date><time>18:00</time><pddistrict>INGLESIDE</pddistrict><resolution>NONE</resolution><address>0 Block of DUNCAN ST</address><x>-122.422012659838</x><y>37.7464491625882</y><location human_address="{&quot;address&quot;:&quot;&quot;,&quot;city&quot;:&quot;&quot;,&quot;state&quot;:&quot;&quot;,&quot;zip&quot;:&quot;&quot;}" latitude="37.7464491625882" longitude="-122.422012659838" needs_recoding="false"/></row>