<?xml version="1.0" encoding="UTF-8"?><row _id="12645485" _uuid="F46E460A-2B38-4E4B-B53A-D78741FC66C1" _position="12645485" _address="http://data.sfgov.org/resource/ritf-b9ki/12645485"><incidntnum>150891321</incidntnum><category>NON-CRIMINAL</category><descript>FOUND PROPERTY</descript><dayofweek>Tuesday</dayofweek><date>2015-10-06T00:00:00</date><time>18:00</time><pddistrict>NORTHERN</pddistrict><resolution>NONE</resolution><address>WEBSTER ST / GOLDEN GATE AV</address><x>-122.430234565273</x><y>37.7797824261683</y><location human_address="{&quot;address&quot;:&quot;&quot;,&quot;city&quot;:&quot;&quot;,&quot;state&quot;:&quot;&quot;,&quot;zip&quot;:&quot;&quot;}" latitude="37.7797824261683" longitude="-122.430234565273" needs_recoding="false"/></row>