<?xml version="1.0" encoding="UTF-8"?><row _id="12643707" _uuid="5BC0142C-E5B1-46AD-99DF-93D6AB84BCB0" _position="12643707" _address="http://data.sfgov.org/resource/ritf-b9ki/12643707"><incidntnum>150863041</incidntnum><category>OTHER OFFENSES</category><descript>DRIVERS LICENSE, SUSPENDED OR REVOKED</descript><dayofweek>Friday</dayofweek><date>2015-10-02T00:00:00</date><time>12:41</time><pddistrict>BAYVIEW</pddistrict><resolution>ARREST, CITED</resolution><address>INGALLS ST / VANDYKE AV</address><x>-122.386800717671</x><y>37.7259869217106</y><location human_address="{&quot;address&quot;:&quot;&quot;,&quot;city&quot;:&quot;&quot;,&quot;state&quot;:&quot;&quot;,&quot;zip&quot;:&quot;&quot;}" latitude="37.7259869217106" longitude="-122.386800717671" needs_recoding="false"/></row>