<?xml version="1.0" encoding="UTF-8"?><row _id="12648114" _uuid="7BB1BE68-056B-45C2-9A0E-E4191FAB5141" _position="12648114" _address="http://data.sfgov.org/resource/ritf-b9ki/12648114"><incidntnum>156251620</incidntnum><category>LARCENY/THEFT</category><descript>PETTY THEFT OF PROPERTY</descript><dayofweek>Monday</dayofweek><date>2015-10-12T00:00:00</date><time>19:30</time><pddistrict>SOUTHERN</pddistrict><resolution>NONE</resolution><address>800 Block of BRYANT ST</address><x>-122.403404791479</x><y>37.775420706711</y><location human_address="{&quot;address&quot;:&quot;&quot;,&quot;city&quot;:&quot;&quot;,&quot;state&quot;:&quot;&quot;,&quot;zip&quot;:&quot;&quot;}" latitude="37.775420706711" longitude="-122.403404791479" needs_recoding="false"/></row>