<?xml version="1.0" encoding="UTF-8"?><row _id="12651661" _uuid="6FEF744B-9093-411D-9AA8-F427D84D3930" _position="12651661" _address="http://data.sfgov.org/resource/ritf-b9ki/12651661"><incidntnum>156260580</incidntnum><category>LARCENY/THEFT</category><descript>GRAND THEFT FROM UNLOCKED AUTO</descript><dayofweek>Wednesday</dayofweek><date>2015-10-21T00:00:00</date><time>11:55</time><pddistrict>CENTRAL</pddistrict><resolution>NONE</resolution><address>FRONT ST / GREEN ST</address><x>-122.400252662923</x><y>37.8006075195541</y><location human_address="{&quot;address&quot;:&quot;&quot;,&quot;city&quot;:&quot;&quot;,&quot;state&quot;:&quot;&quot;,&quot;zip&quot;:&quot;&quot;}" latitude="37.8006075195541" longitude="-122.400252662923" needs_recoding="false"/></row>