<?xml version="1.0" encoding="UTF-8"?><row _id="12643696" _uuid="2900BAB7-0762-445B-8814-C16F175A04BC" _position="12643696" _address="http://data.sfgov.org/resource/ritf-b9ki/12643696"><incidntnum>150862231</incidntnum><category>OTHER OFFENSES</category><descript>VIOLATION OF PARK CODE</descript><dayofweek>Friday</dayofweek><date>2015-10-02T00:00:00</date><time>03:26</time><pddistrict>PARK</pddistrict><resolution>ARREST, BOOKED</resolution><address>FELL ST / CLAYTON ST</address><x>-122.449142861775</x><y>37.7725792727241</y><location human_address="{&quot;address&quot;:&quot;&quot;,&quot;city&quot;:&quot;&quot;,&quot;state&quot;:&quot;&quot;,&quot;zip&quot;:&quot;&quot;}" latitude="37.7725792727241" longitude="-122.449142861775" needs_recoding="false"/></row>