<?xml version="1.0" encoding="UTF-8"?><row _id="12649667" _uuid="242FB6AD-C24E-4685-9E00-3F379BEEE643" _position="12649667" _address="http://data.sfgov.org/resource/ritf-b9ki/12649667"><incidntnum>150922170</incidntnum><category>NON-CRIMINAL</category><descript>LOST PROPERTY</descript><dayofweek>Friday</dayofweek><date>2015-10-16T00:00:00</date><time>23:00</time><pddistrict>CENTRAL</pddistrict><resolution>NONE</resolution><address>400 Block of POWELL ST</address><x>-122.408431861057</x><y>37.7887772719153</y><location human_address="{&quot;address&quot;:&quot;&quot;,&quot;city&quot;:&quot;&quot;,&quot;state&quot;:&quot;&quot;,&quot;zip&quot;:&quot;&quot;}" latitude="37.7887772719153" longitude="-122.408431861057" needs_recoding="false"/></row>