<?xml version="1.0" encoding="UTF-8"?><row _id="12652986" _uuid="E927C605-503E-425D-8E6C-7BD9EA748D7A" _position="12652986" _address="http://data.sfgov.org/resource/ritf-b9ki/12652986"><incidntnum>150929148</incidntnum><category>NON-CRIMINAL</category><descript>AIDED CASE, MENTAL DISTURBED</descript><dayofweek>Saturday</dayofweek><date>2015-10-24T00:00:00</date><time>07:38</time><pddistrict>MISSION</pddistrict><resolution>NONE</resolution><address>1000 Block of POTRERO AV</address><x>-122.406539115148</x><y>37.7564864109309</y><location human_address="{&quot;address&quot;:&quot;&quot;,&quot;city&quot;:&quot;&quot;,&quot;state&quot;:&quot;&quot;,&quot;zip&quot;:&quot;&quot;}" latitude="37.7564864109309" longitude="-122.406539115148" needs_recoding="false"/></row>