<?xml version="1.0" encoding="UTF-8"?><row _id="12643518" _uuid="D9DAAA31-5A2B-4DB2-BB61-3CED88E82DEF" _position="12643518" _address="http://data.sfgov.org/resource/ritf-b9ki/12643518"><incidntnum>150860536</incidntnum><category>FAMILY OFFENSES</category><descript>MINOR WITHOUT PROPER PARENTAL CARE</descript><dayofweek>Thursday</dayofweek><date>2015-10-01T00:00:00</date><time>15:21</time><pddistrict>MISSION</pddistrict><resolution>NONE</resolution><address>1000 Block of POTRERO AV</address><x>-122.406539115148</x><y>37.7564864109309</y><location human_address="{&quot;address&quot;:&quot;&quot;,&quot;city&quot;:&quot;&quot;,&quot;state&quot;:&quot;&quot;,&quot;zip&quot;:&quot;&quot;}" latitude="37.7564864109309" longitude="-122.406539115148" needs_recoding="false"/></row>