<?xml version="1.0" encoding="UTF-8"?><row _id="12647042" _uuid="78A5F74A-9F87-4E99-BCC3-A1CCD4D25AF3" _position="12647042" _address="http://data.sfgov.org/resource/ritf-b9ki/12647042"><incidntnum>150887831</incidntnum><category>WARRANTS</category><descript>ENROUTE TO OUTSIDE JURISDICTION</descript><dayofweek>Saturday</dayofweek><date>2015-10-10T00:00:00</date><time>15:05</time><pddistrict>PARK</pddistrict><resolution>ARREST, BOOKED</resolution><address>1700 Block of HAIGHT ST</address><x>-122.451288061231</x><y>37.7693967099165</y><location human_address="{&quot;address&quot;:&quot;&quot;,&quot;city&quot;:&quot;&quot;,&quot;state&quot;:&quot;&quot;,&quot;zip&quot;:&quot;&quot;}" latitude="37.7693967099165" longitude="-122.451288061231" needs_recoding="false"/></row>