<?xml version="1.0" encoding="UTF-8"?><row _id="12643730" _uuid="15BC988B-77E0-4D16-9FB3-498B63CB044B" _position="12643730" _address="http://data.sfgov.org/resource/ritf-b9ki/12643730"><incidntnum>111008842</incidntnum><category>WARRANTS</category><descript>WARRANT ARREST</descript><dayofweek>Friday</dayofweek><date>2015-10-02T00:00:00</date><time>22:21</time><pddistrict>TARAVAL</pddistrict><resolution>ARREST, BOOKED</resolution><address>ALEMANY BL / KEMPTON AV</address><x>-122.468425552228</x><y>37.7109549221546</y><location human_address="{&quot;address&quot;:&quot;&quot;,&quot;city&quot;:&quot;&quot;,&quot;state&quot;:&quot;&quot;,&quot;zip&quot;:&quot;&quot;}" latitude="37.7109549221546" longitude="-122.468425552228" needs_recoding="false"/></row>