<?xml version="1.0" encoding="UTF-8"?><row _id="12644453" _uuid="6428932B-F14A-48EF-9940-53873CBAAD9E" _position="12644453" _address="http://data.sfgov.org/resource/ritf-b9ki/12644453"><incidntnum>150868217</incidntnum><category>MISSING PERSON</category><descript>FOUND PERSON</descript><dayofweek>Saturday</dayofweek><date>2015-10-03T00:00:00</date><time>16:24</time><pddistrict>INGLESIDE</pddistrict><resolution>NONE</resolution><address>100 Block of PERSIA AV</address><x>-122.434764286692</x><y>37.7226161363136</y><location human_address="{&quot;address&quot;:&quot;&quot;,&quot;city&quot;:&quot;&quot;,&quot;state&quot;:&quot;&quot;,&quot;zip&quot;:&quot;&quot;}" latitude="37.7226161363136" longitude="-122.434764286692" needs_recoding="false"/></row>