<?xml version="1.0" encoding="UTF-8"?><row _id="12653147" _uuid="3D4830AB-4692-41AF-8CD2-7B7B854A9FE8" _position="12653147" _address="http://data.sfgov.org/resource/ritf-b9ki/12653147"><incidntnum>156269504</incidntnum><category>LARCENY/THEFT</category><descript>PETTY THEFT OF PROPERTY</descript><dayofweek>Saturday</dayofweek><date>2015-10-03T00:00:00</date><time>16:00</time><pddistrict>TARAVAL</pddistrict><resolution>NONE</resolution><address>100 Block of BRIGHTON AV</address><x>-122.455053673215</x><y>37.7209597725258</y><location human_address="{&quot;address&quot;:&quot;&quot;,&quot;city&quot;:&quot;&quot;,&quot;state&quot;:&quot;&quot;,&quot;zip&quot;:&quot;&quot;}" latitude="37.7209597725258" longitude="-122.455053673215" needs_recoding="false"/></row>