<?xml version="1.0" encoding="UTF-8"?><row _id="12644663" _uuid="1F966309-D667-47BF-8D81-A26F9D04661D" _position="12644663" _address="http://data.sfgov.org/resource/ritf-b9ki/12644663"><incidntnum>156244700</incidntnum><category>VANDALISM</category><descript>MALICIOUS MISCHIEF, VANDALISM</descript><dayofweek>Sunday</dayofweek><date>2015-10-04T00:00:00</date><time>12:00</time><pddistrict>CENTRAL</pddistrict><resolution>NONE</resolution><address>FRANCISCO ST / JONES ST</address><x>-122.416701183024</x><y>37.8042748858666</y><location human_address="{&quot;address&quot;:&quot;&quot;,&quot;city&quot;:&quot;&quot;,&quot;state&quot;:&quot;&quot;,&quot;zip&quot;:&quot;&quot;}" latitude="37.8042748858666" longitude="-122.416701183024" needs_recoding="false"/></row>