<?xml version="1.0" encoding="UTF-8"?><row _id="12660460" _uuid="A3552B81-089B-46EE-8D48-B950D9702AC3" _position="12660460" _address="http://data.sfgov.org/resource/ritf-b9ki/12660460"><incidntnum>150986546</incidntnum><category>LARCENY/THEFT</category><descript>PETTY THEFT COIN OPERATED MACHINE</descript><dayofweek>Thursday</dayofweek><date>2015-11-12T00:00:00</date><time>14:00</time><pddistrict>NORTHERN</pddistrict><resolution>NONE</resolution><address>FULTON ST / STEINER ST</address><x>-122.433220475299</x><y>37.7774892652621</y><location human_address="{&quot;address&quot;:&quot;&quot;,&quot;city&quot;:&quot;&quot;,&quot;state&quot;:&quot;&quot;,&quot;zip&quot;:&quot;&quot;}" latitude="37.7774892652621" longitude="-122.433220475299" needs_recoding="false"/></row>