<?xml version="1.0" encoding="UTF-8"?><row _id="12643884" _uuid="D1DA1ADB-8235-4023-9CE2-5EF379BDD93D" _position="12643884" _address="http://data.sfgov.org/resource/ritf-b9ki/12643884"><incidntnum>150864356</incidntnum><category>DRUG/NARCOTIC</category><descript>SALE OF MARIJUANA</descript><dayofweek>Friday</dayofweek><date>2015-10-02T00:00:00</date><time>19:10</time><pddistrict>PARK</pddistrict><resolution>ARREST, BOOKED</resolution><address>1500 Block of HAIGHT ST</address><x>-122.44776112232</x><y>37.7698464875415</y><location human_address="{&quot;address&quot;:&quot;&quot;,&quot;city&quot;:&quot;&quot;,&quot;state&quot;:&quot;&quot;,&quot;zip&quot;:&quot;&quot;}" latitude="37.7698464875415" longitude="-122.44776112232" needs_recoding="false"/></row>