<?xml version="1.0" encoding="UTF-8"?><row _id="12651409" _uuid="B9491DE7-ACDC-4D2E-A13F-0FEE97C58B6E" _position="12651409" _address="http://data.sfgov.org/resource/ritf-b9ki/12651409"><incidntnum>150920005</incidntnum><category>LARCENY/THEFT</category><descript>PETTY THEFT BICYCLE</descript><dayofweek>Tuesday</dayofweek><date>2015-10-20T00:00:00</date><time>16:00</time><pddistrict>TENDERLOIN</pddistrict><resolution>NONE</resolution><address>100 Block of MASON ST</address><x>-122.40947349732</x><y>37.784816365102</y><location human_address="{&quot;address&quot;:&quot;&quot;,&quot;city&quot;:&quot;&quot;,&quot;state&quot;:&quot;&quot;,&quot;zip&quot;:&quot;&quot;}" latitude="37.784816365102" longitude="-122.40947349732" needs_recoding="false"/></row>