<?xml version="1.0" encoding="UTF-8"?><row _id="12645506" _uuid="FFC72441-87BF-4202-A8BB-B34C4505309D" _position="12645506" _address="http://data.sfgov.org/resource/ritf-b9ki/12645506"><incidntnum>150874800</incidntnum><category>DRUG/NARCOTIC</category><descript>POSSESSION OF MARIJUANA</descript><dayofweek>Tuesday</dayofweek><date>2015-10-06T00:00:00</date><time>12:08</time><pddistrict>NORTHERN</pddistrict><resolution>NONE</resolution><address>700 Block of GOLDEN GATE AV</address><x>-122.42291369529</x><y>37.7806600950548</y><location human_address="{&quot;address&quot;:&quot;&quot;,&quot;city&quot;:&quot;&quot;,&quot;state&quot;:&quot;&quot;,&quot;zip&quot;:&quot;&quot;}" latitude="37.7806600950548" longitude="-122.42291369529" needs_recoding="false"/></row>