<?xml version="1.0" encoding="UTF-8"?><row _id="12643864" _uuid="10060C23-3E84-44BC-B70D-D13B2001ADB5" _position="12643864" _address="http://data.sfgov.org/resource/ritf-b9ki/12643864"><incidntnum>150863342</incidntnum><category>MISSING PERSON</category><descript>MISSING JUVENILE</descript><dayofweek>Friday</dayofweek><date>2015-10-02T00:00:00</date><time>11:00</time><pddistrict>RICHMOND</pddistrict><resolution>JUVENILE BOOKED</resolution><address>700 Block of 33RD AV</address><x>-122.492903087989</x><y>37.7749629647565</y><location human_address="{&quot;address&quot;:&quot;&quot;,&quot;city&quot;:&quot;&quot;,&quot;state&quot;:&quot;&quot;,&quot;zip&quot;:&quot;&quot;}" latitude="37.7749629647565" longitude="-122.492903087989" needs_recoding="false"/></row>