<?xml version="1.0" encoding="UTF-8"?><row _id="12644101" _uuid="B460B490-0D80-44C9-8992-6AA0C8B08080" _position="12644101" _address="http://data.sfgov.org/resource/ritf-b9ki/12644101"><incidntnum>156242447</incidntnum><category>LARCENY/THEFT</category><descript>GRAND THEFT FROM LOCKED AUTO</descript><dayofweek>Friday</dayofweek><date>2015-10-02T00:00:00</date><time>08:15</time><pddistrict>BAYVIEW</pddistrict><resolution>NONE</resolution><address>1600 Block of THOMAS AV</address><x>-122.391648699288</x><y>37.7306822385776</y><location human_address="{&quot;address&quot;:&quot;&quot;,&quot;city&quot;:&quot;&quot;,&quot;state&quot;:&quot;&quot;,&quot;zip&quot;:&quot;&quot;}" latitude="37.7306822385776" longitude="-122.391648699288" needs_recoding="false"/></row>