<?xml version="1.0" encoding="UTF-8"?><row _id="12648170" _uuid="97B9C62E-F22D-4784-87E1-4872870830E8" _position="12648170" _address="http://data.sfgov.org/resource/ritf-b9ki/12648170"><incidntnum>150918157</incidntnum><category>ASSAULT</category><descript>INFLICT INJURY ON COHABITEE</descript><dayofweek>Monday</dayofweek><date>2015-10-12T00:00:00</date><time>08:00</time><pddistrict>RICHMOND</pddistrict><resolution>ARREST, BOOKED</resolution><address>700 Block of 37TH AV</address><x>-122.497318509404</x><y>37.7747609872428</y><location human_address="{&quot;address&quot;:&quot;&quot;,&quot;city&quot;:&quot;&quot;,&quot;state&quot;:&quot;&quot;,&quot;zip&quot;:&quot;&quot;}" latitude="37.7747609872428" longitude="-122.497318509404" needs_recoding="false"/></row>