<?xml version="1.0" encoding="UTF-8"?><row _id="12643445" _uuid="661B4B26-2509-4001-8DFC-477F12279BFF" _position="12643445" _address="http://data.sfgov.org/resource/ritf-b9ki/12643445"><incidntnum>150860081</incidntnum><category>DRUG/NARCOTIC</category><descript>POSSESSION OF NARCOTICS PARAPHERNALIA</descript><dayofweek>Thursday</dayofweek><date>2015-10-01T00:00:00</date><time>12:32</time><pddistrict>BAYVIEW</pddistrict><resolution>ARREST, BOOKED</resolution><address>1500 Block of OAKDALE AV</address><x>-122.389471535682</x><y>37.7340319720999</y><location human_address="{&quot;address&quot;:&quot;&quot;,&quot;city&quot;:&quot;&quot;,&quot;state&quot;:&quot;&quot;,&quot;zip&quot;:&quot;&quot;}" latitude="37.7340319720999" longitude="-122.389471535682" needs_recoding="false"/></row>