<?xml version="1.0" encoding="UTF-8"?><row _id="12646916" _uuid="49F66B1C-0634-4689-82A1-4E9C7772BFC4" _position="12646916" _address="http://data.sfgov.org/resource/ritf-b9ki/12646916"><incidntnum>150886219</incidntnum><category>OTHER OFFENSES</category><descript>TRAFFIC VIOLATION ARREST</descript><dayofweek>Saturday</dayofweek><date>2015-10-10T00:00:00</date><time>01:28</time><pddistrict>TARAVAL</pddistrict><resolution>ARREST, BOOKED</resolution><address>19TH AV / TARAVAL ST</address><x>-122.475644251197</x><y>37.7430505534925</y><location human_address="{&quot;address&quot;:&quot;&quot;,&quot;city&quot;:&quot;&quot;,&quot;state&quot;:&quot;&quot;,&quot;zip&quot;:&quot;&quot;}" latitude="37.7430505534925" longitude="-122.475644251197" needs_recoding="false"/></row>