<?xml version="1.0" encoding="UTF-8"?><row _id="12643466" _uuid="52EF4A40-E90C-41DA-BEC4-D8354EF49227" _position="12643466" _address="http://data.sfgov.org/resource/ritf-b9ki/12643466"><incidntnum>150860934</incidntnum><category>LARCENY/THEFT</category><descript>PETTY THEFT SHOPLIFTING</descript><dayofweek>Thursday</dayofweek><date>2015-10-01T00:00:00</date><time>17:10</time><pddistrict>TENDERLOIN</pddistrict><resolution>ARREST, BOOKED</resolution><address>0 Block of POWELL ST</address><x>-122.407707096397</x><y>37.7851034545661</y><location human_address="{&quot;address&quot;:&quot;&quot;,&quot;city&quot;:&quot;&quot;,&quot;state&quot;:&quot;&quot;,&quot;zip&quot;:&quot;&quot;}" latitude="37.7851034545661" longitude="-122.407707096397" needs_recoding="false"/></row>