<?xml version="1.0" encoding="UTF-8"?><row _id="12644207" _uuid="506C26AE-5556-430C-A7AC-AAA8E25FBF99" _position="12644207" _address="http://data.sfgov.org/resource/ritf-b9ki/12644207"><incidntnum>150867764</incidntnum><category>LARCENY/THEFT</category><descript>PETTY THEFT FROM LOCKED AUTO</descript><dayofweek>Saturday</dayofweek><date>2015-10-03T00:00:00</date><time>18:30</time><pddistrict>SOUTHERN</pddistrict><resolution>NONE</resolution><address>STEVENSON ST / GOUGH ST</address><x>-122.42144246366</x><y>37.7726384794114</y><location human_address="{&quot;address&quot;:&quot;&quot;,&quot;city&quot;:&quot;&quot;,&quot;state&quot;:&quot;&quot;,&quot;zip&quot;:&quot;&quot;}" latitude="37.7726384794114" longitude="-122.42144246366" needs_recoding="false"/></row>