<?xml version="1.0" encoding="UTF-8"?><row _id="12643995" _uuid="98081BD4-5B17-492E-A393-4FED61DF90F9" _position="12643995" _address="http://data.sfgov.org/resource/ritf-b9ki/12643995"><incidntnum>150872672</incidntnum><category>OTHER OFFENSES</category><descript>LOST/STOLEN LICENSE PLATE</descript><dayofweek>Friday</dayofweek><date>2015-10-02T00:00:00</date><time>18:00</time><pddistrict>PARK</pddistrict><resolution>NONE</resolution><address>0 Block of CRESTLINE DR</address><x>-122.446432100907</x><y>37.750241057883</y><location human_address="{&quot;address&quot;:&quot;&quot;,&quot;city&quot;:&quot;&quot;,&quot;state&quot;:&quot;&quot;,&quot;zip&quot;:&quot;&quot;}" latitude="37.750241057883" longitude="-122.446432100907" needs_recoding="false"/></row>