<?xml version="1.0" encoding="UTF-8"?><row _id="12645645" _uuid="F9B1A336-63B6-4F71-8C99-9EE98E3D4A4D" _position="12645645" _address="http://data.sfgov.org/resource/ritf-b9ki/12645645"><incidntnum>150880910</incidntnum><category>SUSPICIOUS OCC</category><descript>SUSPICIOUS OCCURRENCE</descript><dayofweek>Tuesday</dayofweek><date>2015-10-06T00:00:00</date><time>12:45</time><pddistrict>TENDERLOIN</pddistrict><resolution>NONE</resolution><address>200 Block of EDDY ST</address><x>-122.411800134753</x><y>37.7840890366868</y><location human_address="{&quot;address&quot;:&quot;&quot;,&quot;city&quot;:&quot;&quot;,&quot;state&quot;:&quot;&quot;,&quot;zip&quot;:&quot;&quot;}" latitude="37.7840890366868" longitude="-122.411800134753" needs_recoding="false"/></row>