<?xml version="1.0" encoding="UTF-8"?><row _id="12644108" _uuid="279BEB45-E404-48F6-AE43-F5E658B6267F" _position="12644108" _address="http://data.sfgov.org/resource/ritf-b9ki/12644108"><incidntnum>150862269</incidntnum><category>ASSAULT</category><descript>BATTERY, FORMER SPOUSE OR DATING RELATIONSHIP</descript><dayofweek>Friday</dayofweek><date>2015-10-02T00:00:00</date><time>04:44</time><pddistrict>MISSION</pddistrict><resolution>NONE</resolution><address>18TH ST / CASTRO ST</address><x>-122.435002864298</x><y>37.7608878061194</y><location human_address="{&quot;address&quot;:&quot;&quot;,&quot;city&quot;:&quot;&quot;,&quot;state&quot;:&quot;&quot;,&quot;zip&quot;:&quot;&quot;}" latitude="37.7608878061194" longitude="-122.435002864298" needs_recoding="false"/></row>