<?xml version="1.0" encoding="UTF-8"?><row _id="12646489" _uuid="C138168A-3D54-48AB-A09D-9616487D51A9" _position="12646489" _address="http://data.sfgov.org/resource/ritf-b9ki/12646489"><incidntnum>156242287</incidntnum><category>NON-CRIMINAL</category><descript>SEARCH WARRANT SERVICE</descript><dayofweek>Thursday</dayofweek><date>2015-10-01T00:00:00</date><time>20:15</time><pddistrict>TARAVAL</pddistrict><resolution>ARREST, BOOKED</resolution><address>1100 Block of OCEAN AV</address><x>-122.455615861538</x><y>37.7238590120011</y><location human_address="{&quot;address&quot;:&quot;&quot;,&quot;city&quot;:&quot;&quot;,&quot;state&quot;:&quot;&quot;,&quot;zip&quot;:&quot;&quot;}" latitude="37.7238590120011" longitude="-122.455615861538" needs_recoding="false"/></row>