<?xml version="1.0" encoding="UTF-8"?><row _id="12646652" _uuid="7F32EA3E-BB4E-47EC-BEAE-E0BDBF13281D" _position="12646652" _address="http://data.sfgov.org/resource/ritf-b9ki/12646652"><incidntnum>150885841</incidntnum><category>VANDALISM</category><descript>MALICIOUS MISCHIEF, BREAKING WINDOWS</descript><dayofweek>Friday</dayofweek><date>2015-10-09T00:00:00</date><time>22:10</time><pddistrict>PARK</pddistrict><resolution>NONE</resolution><address>1200 Block of PAGE ST</address><x>-122.441393701114</x><y>37.7717273141771</y><location human_address="{&quot;address&quot;:&quot;&quot;,&quot;city&quot;:&quot;&quot;,&quot;state&quot;:&quot;&quot;,&quot;zip&quot;:&quot;&quot;}" latitude="37.7717273141771" longitude="-122.441393701114" needs_recoding="false"/></row>