<?xml version="1.0" encoding="UTF-8"?><row _id="12648116" _uuid="C637DA1F-53DA-4A66-8757-BAFD6B4F7512" _position="12648116" _address="http://data.sfgov.org/resource/ritf-b9ki/12648116"><incidntnum>150893032</incidntnum><category>LARCENY/THEFT</category><descript>PETTY THEFT SHOPLIFTING</descript><dayofweek>Monday</dayofweek><date>2015-10-12T00:00:00</date><time>10:52</time><pddistrict>MISSION</pddistrict><resolution>NONE</resolution><address>1500 Block of BRYANT ST</address><x>-122.410738097315</x><y>37.767524308783</y><location human_address="{&quot;address&quot;:&quot;&quot;,&quot;city&quot;:&quot;&quot;,&quot;state&quot;:&quot;&quot;,&quot;zip&quot;:&quot;&quot;}" latitude="37.767524308783" longitude="-122.410738097315" needs_recoding="false"/></row>