<?xml version="1.0" encoding="UTF-8"?><row _id="12644839" _uuid="18A6E57F-595F-4C63-B9E2-42640168990C" _position="12644839" _address="http://data.sfgov.org/resource/ritf-b9ki/12644839"><incidntnum>156245899</incidntnum><category>LARCENY/THEFT</category><descript>GRAND THEFT FROM LOCKED AUTO</descript><dayofweek>Sunday</dayofweek><date>2015-10-04T00:00:00</date><time>11:00</time><pddistrict>SOUTHERN</pddistrict><resolution>NONE</resolution><address>400 Block of CLEMENTINA ST</address><x>-122.405014776049</x><y>37.7797649716594</y><location human_address="{&quot;address&quot;:&quot;&quot;,&quot;city&quot;:&quot;&quot;,&quot;state&quot;:&quot;&quot;,&quot;zip&quot;:&quot;&quot;}" latitude="37.7797649716594" longitude="-122.405014776049" needs_recoding="false"/></row>