<?xml version="1.0" encoding="UTF-8"?><row _id="12653992" _uuid="3646ABA8-48C7-47B8-A4B5-72F61D0930A7" _position="12653992" _address="http://data.sfgov.org/resource/ritf-b9ki/12653992"><incidntnum>150936290</incidntnum><category>DRUG/NARCOTIC</category><descript>POSSESSION OF NARCOTICS PARAPHERNALIA</descript><dayofweek>Monday</dayofweek><date>2015-10-26T00:00:00</date><time>14:46</time><pddistrict>BAYVIEW</pddistrict><resolution>ARREST, BOOKED</resolution><address>1100 Block of NEWHALL ST</address><x>-122.390753296929</x><y>37.7371863998904</y><location human_address="{&quot;address&quot;:&quot;&quot;,&quot;city&quot;:&quot;&quot;,&quot;state&quot;:&quot;&quot;,&quot;zip&quot;:&quot;&quot;}" latitude="37.7371863998904" longitude="-122.390753296929" needs_recoding="false"/></row>