<?xml version="1.0" encoding="UTF-8"?><row _id="12660726" _uuid="0DD9CEF8-4DFC-49ED-8354-A26576BE1EC1" _position="12660726" _address="http://data.sfgov.org/resource/ritf-b9ki/12660726"><incidntnum>150987550</incidntnum><category>BURGLARY</category><descript>BURGLARY, HOT PROWL, ATTEMPTED FORCIBLE ENTRY</descript><dayofweek>Thursday</dayofweek><date>2015-11-12T00:00:00</date><time>19:58</time><pddistrict>PARK</pddistrict><resolution>ARREST, BOOKED</resolution><address>1900 Block of OAK ST</address><x>-122.4514503257</x><y>37.7714077700262</y><location human_address="{&quot;address&quot;:&quot;&quot;,&quot;city&quot;:&quot;&quot;,&quot;state&quot;:&quot;&quot;,&quot;zip&quot;:&quot;&quot;}" latitude="37.7714077700262" longitude="-122.4514503257" needs_recoding="false"/></row>