<?xml version="1.0" encoding="UTF-8"?><row _id="12643895" _uuid="A8249A7F-8F6F-4E57-839D-9AE37C7E594D" _position="12643895" _address="http://data.sfgov.org/resource/ritf-b9ki/12643895"><incidntnum>150866904</incidntnum><category>BURGLARY</category><descript>BURGLARY OF STORE, ATTEMPTED FORCIBLE ENTRY</descript><dayofweek>Friday</dayofweek><date>2015-10-02T00:00:00</date><time>20:30</time><pddistrict>MISSION</pddistrict><resolution>NONE</resolution><address>1400 Block of VALENCIA ST</address><x>-122.420359911899</x><y>37.749695007739</y><location human_address="{&quot;address&quot;:&quot;&quot;,&quot;city&quot;:&quot;&quot;,&quot;state&quot;:&quot;&quot;,&quot;zip&quot;:&quot;&quot;}" latitude="37.749695007739" longitude="-122.420359911899" needs_recoding="false"/></row>