<?xml version="1.0" encoding="UTF-8"?><row _id="12645628" _uuid="3D103E20-5FC7-4E5B-943B-05EBF94896B9" _position="12645628" _address="http://data.sfgov.org/resource/ritf-b9ki/12645628"><incidntnum>150876107</incidntnum><category>NON-CRIMINAL</category><descript>LOST PROPERTY</descript><dayofweek>Tuesday</dayofweek><date>2015-10-06T00:00:00</date><time>10:30</time><pddistrict>SOUTHERN</pddistrict><resolution>NONE</resolution><address>0 Block of NEWMONTGOMERY ST</address><x>-122.400593259668</x><y>37.7876024687437</y><location human_address="{&quot;address&quot;:&quot;&quot;,&quot;city&quot;:&quot;&quot;,&quot;state&quot;:&quot;&quot;,&quot;zip&quot;:&quot;&quot;}" latitude="37.7876024687437" longitude="-122.400593259668" needs_recoding="false"/></row>