<?xml version="1.0" encoding="UTF-8"?><row _id="12644623" _uuid="86496C33-1D9A-4A38-A893-BC846EA0FADB" _position="12644623" _address="http://data.sfgov.org/resource/ritf-b9ki/12644623"><incidntnum>150869362</incidntnum><category>WARRANTS</category><descript>ENROUTE TO OUTSIDE JURISDICTION</descript><dayofweek>Sunday</dayofweek><date>2015-10-04T00:00:00</date><time>03:00</time><pddistrict>TENDERLOIN</pddistrict><resolution>ARREST, BOOKED</resolution><address>JONES ST / GOLDEN GATE AV</address><x>-122.412224164736</x><y>37.7820729312029</y><location human_address="{&quot;address&quot;:&quot;&quot;,&quot;city&quot;:&quot;&quot;,&quot;state&quot;:&quot;&quot;,&quot;zip&quot;:&quot;&quot;}" latitude="37.7820729312029" longitude="-122.412224164736" needs_recoding="false"/></row>