<?xml version="1.0" encoding="UTF-8"?><row _id="12645412" _uuid="2C099D4A-888F-444E-A461-AEBCB17ECD2D" _position="12645412" _address="http://data.sfgov.org/resource/ritf-b9ki/12645412"><incidntnum>150876141</incidntnum><category>NON-CRIMINAL</category><descript>AIDED CASE, DOG BITE</descript><dayofweek>Tuesday</dayofweek><date>2015-10-06T00:00:00</date><time>18:45</time><pddistrict>PARK</pddistrict><resolution>NONE</resolution><address>STANYAN ST / HAIGHT ST</address><x>-122.45353456066</x><y>37.7691662978052</y><location human_address="{&quot;address&quot;:&quot;&quot;,&quot;city&quot;:&quot;&quot;,&quot;state&quot;:&quot;&quot;,&quot;zip&quot;:&quot;&quot;}" latitude="37.7691662978052" longitude="-122.45353456066" needs_recoding="false"/></row>