<?xml version="1.0" encoding="UTF-8"?><row _id="12643901" _uuid="72FE78CD-765D-4738-BF6D-28496D3C2B7F" _position="12643901" _address="http://data.sfgov.org/resource/ritf-b9ki/12643901"><incidntnum>150862162</incidntnum><category>ASSAULT</category><descript>THREATS AGAINST LIFE</descript><dayofweek>Friday</dayofweek><date>2015-10-02T00:00:00</date><time>02:05</time><pddistrict>TARAVAL</pddistrict><resolution>NONE</resolution><address>300 Block of FAXON AV</address><x>-122.460152208945</x><y>37.7209454201879</y><location human_address="{&quot;address&quot;:&quot;&quot;,&quot;city&quot;:&quot;&quot;,&quot;state&quot;:&quot;&quot;,&quot;zip&quot;:&quot;&quot;}" latitude="37.7209454201879" longitude="-122.460152208945" needs_recoding="false"/></row>