<?xml version="1.0" encoding="UTF-8"?><row _id="12646384" _uuid="39AF946B-E66E-40E6-8FB3-84C86861957B" _position="12646384" _address="http://data.sfgov.org/resource/ritf-b9ki/12646384"><incidntnum>150896105</incidntnum><category>BURGLARY</category><descript>BURGLARY, UNLAWFUL ENTRY</descript><dayofweek>Thursday</dayofweek><date>2015-10-08T00:00:00</date><time>16:30</time><pddistrict>MISSION</pddistrict><resolution>NONE</resolution><address>1200 Block of NOE ST</address><x>-122.43174723</x><y>37.7494248005842</y><location human_address="{&quot;address&quot;:&quot;&quot;,&quot;city&quot;:&quot;&quot;,&quot;state&quot;:&quot;&quot;,&quot;zip&quot;:&quot;&quot;}" latitude="37.7494248005842" longitude="-122.43174723" needs_recoding="false"/></row>