<?xml version="1.0" encoding="UTF-8"?><row _id="12647907" _uuid="64123F8B-2EDF-4732-9842-C5AA6D124302" _position="12647907" _address="http://data.sfgov.org/resource/ritf-b9ki/12647907"><incidntnum>150892432</incidntnum><category>NON-CRIMINAL</category><descript>AIDED CASE, MENTAL DISTURBED</descript><dayofweek>Monday</dayofweek><date>2015-10-12T00:00:00</date><time>07:33</time><pddistrict>MISSION</pddistrict><resolution>NONE</resolution><address>POTRERO AV / 15TH ST</address><x>-122.407685897302</x><y>37.7670824029841</y><location human_address="{&quot;address&quot;:&quot;&quot;,&quot;city&quot;:&quot;&quot;,&quot;state&quot;:&quot;&quot;,&quot;zip&quot;:&quot;&quot;}" latitude="37.7670824029841" longitude="-122.407685897302" needs_recoding="false"/></row>