<?xml version="1.0" encoding="UTF-8"?><row _id="12647187" _uuid="AA1678C7-6FC4-4DCC-8C3B-7F392807FD6C" _position="12647187" _address="http://data.sfgov.org/resource/ritf-b9ki/12647187"><incidntnum>150891406</incidntnum><category>VEHICLE THEFT</category><descript>STOLEN MOTORCYCLE</descript><dayofweek>Saturday</dayofweek><date>2015-10-10T00:00:00</date><time>01:00</time><pddistrict>BAYVIEW</pddistrict><resolution>NONE</resolution><address>900 Block of MINNESOTA ST</address><x>-122.390400000758</x><y>37.759108682594</y><location human_address="{&quot;address&quot;:&quot;&quot;,&quot;city&quot;:&quot;&quot;,&quot;state&quot;:&quot;&quot;,&quot;zip&quot;:&quot;&quot;}" latitude="37.759108682594" longitude="-122.390400000758" needs_recoding="false"/></row>