<?xml version="1.0" encoding="UTF-8"?><row _id="12643841" _uuid="E0266A24-52C4-433C-9EF6-19ED8D534F8D" _position="12643841" _address="http://data.sfgov.org/resource/ritf-b9ki/12643841"><incidntnum>150862811</incidntnum><category>WARRANTS</category><descript>WARRANT ARREST</descript><dayofweek>Friday</dayofweek><date>2015-10-02T00:00:00</date><time>10:42</time><pddistrict>CENTRAL</pddistrict><resolution>ARREST, BOOKED</resolution><address>1100 Block of CALIFORNIA ST</address><x>-122.413310900175</x><y>37.7915739862746</y><location human_address="{&quot;address&quot;:&quot;&quot;,&quot;city&quot;:&quot;&quot;,&quot;state&quot;:&quot;&quot;,&quot;zip&quot;:&quot;&quot;}" latitude="37.7915739862746" longitude="-122.413310900175" needs_recoding="false"/></row>