<?xml version="1.0" encoding="UTF-8"?><row _id="12645954" _uuid="905A8AF1-057A-4D54-A9A8-4414DB3CA900" _position="12645954" _address="http://data.sfgov.org/resource/ritf-b9ki/12645954"><incidntnum>150880437</incidntnum><category>BURGLARY</category><descript>BURGLARY OF STORE, FORCIBLE ENTRY</descript><dayofweek>Wednesday</dayofweek><date>2015-10-07T00:00:00</date><time>19:00</time><pddistrict>BAYVIEW</pddistrict><resolution>NONE</resolution><address>2500 Block of SAN BRUNO AV</address><x>-122.404407189561</x><y>37.7294075591753</y><location human_address="{&quot;address&quot;:&quot;&quot;,&quot;city&quot;:&quot;&quot;,&quot;state&quot;:&quot;&quot;,&quot;zip&quot;:&quot;&quot;}" latitude="37.7294075591753" longitude="-122.404407189561" needs_recoding="false"/></row>