<?xml version="1.0" encoding="UTF-8"?><row _id="12645966" _uuid="9386F2CB-0DFA-407E-8830-B4FA140460E2" _position="12645966" _address="http://data.sfgov.org/resource/ritf-b9ki/12645966"><incidntnum>156246198</incidntnum><category>LARCENY/THEFT</category><descript>GRAND THEFT OF PROPERTY</descript><dayofweek>Wednesday</dayofweek><date>2015-10-07T00:00:00</date><time>09:00</time><pddistrict>SOUTHERN</pddistrict><resolution>NONE</resolution><address>1100 Block of FOLSOM ST</address><x>-122.408685885018</x><y>37.7761558110245</y><location human_address="{&quot;address&quot;:&quot;&quot;,&quot;city&quot;:&quot;&quot;,&quot;state&quot;:&quot;&quot;,&quot;zip&quot;:&quot;&quot;}" latitude="37.7761558110245" longitude="-122.408685885018" needs_recoding="false"/></row>