<?xml version="1.0" encoding="UTF-8"?><row _id="12648668" _uuid="21D72208-46C6-423E-984D-15A48BBFC20A" _position="12648668" _address="http://data.sfgov.org/resource/ritf-b9ki/12648668"><incidntnum>150898355</incidntnum><category>ROBBERY</category><descript>CARJACKING WITH A GUN</descript><dayofweek>Wednesday</dayofweek><date>2015-10-14T00:00:00</date><time>01:40</time><pddistrict>INGLESIDE</pddistrict><resolution>NONE</resolution><address>HOLLADAY AV / WRIGHT ST</address><x>-122.405104106073</x><y>37.7473683409626</y><location human_address="{&quot;address&quot;:&quot;&quot;,&quot;city&quot;:&quot;&quot;,&quot;state&quot;:&quot;&quot;,&quot;zip&quot;:&quot;&quot;}" latitude="37.7473683409626" longitude="-122.405104106073" needs_recoding="false"/></row>