<?xml version="1.0" encoding="UTF-8"?><row _id="12650244" _uuid="18BEEF18-FF3E-46FF-924B-F4B5DDE7355B" _position="12650244" _address="http://data.sfgov.org/resource/ritf-b9ki/12650244"><incidntnum>150910539</incidntnum><category>OTHER OFFENSES</category><descript>DRIVERS LICENSE, SUSPENDED OR REVOKED</descript><dayofweek>Sunday</dayofweek><date>2015-10-18T00:00:00</date><time>05:40</time><pddistrict>BAYVIEW</pddistrict><resolution>ARREST, BOOKED</resolution><address>SILVER AV / BAY SHORE BL</address><x>-122.404658361435</x><y>37.7329487043192</y><location human_address="{&quot;address&quot;:&quot;&quot;,&quot;city&quot;:&quot;&quot;,&quot;state&quot;:&quot;&quot;,&quot;zip&quot;:&quot;&quot;}" latitude="37.7329487043192" longitude="-122.404658361435" needs_recoding="false"/></row>