<?xml version="1.0" encoding="UTF-8"?><row _id="12646642" _uuid="77194169-B3BD-405A-B03A-FC19CB76581A" _position="12646642" _address="http://data.sfgov.org/resource/ritf-b9ki/12646642"><incidntnum>150884859</incidntnum><category>GAMBLING</category><descript>GAMBLING</descript><dayofweek>Friday</dayofweek><date>2015-10-09T00:00:00</date><time>16:50</time><pddistrict>TENDERLOIN</pddistrict><resolution>ARREST, BOOKED</resolution><address>0 Block of UNITEDNATIONS PZ</address><x>-122.414317857881</x><y>37.7799444052046</y><location human_address="{&quot;address&quot;:&quot;&quot;,&quot;city&quot;:&quot;&quot;,&quot;state&quot;:&quot;&quot;,&quot;zip&quot;:&quot;&quot;}" latitude="37.7799444052046" longitude="-122.414317857881" needs_recoding="false"/></row>