<?xml version="1.0" encoding="UTF-8"?><row _id="12645902" _uuid="D8EB86F0-EF43-40E6-BCD6-95EB76A6D2F7" _position="12645902" _address="http://data.sfgov.org/resource/ritf-b9ki/12645902"><incidntnum>150878943</incidntnum><category>LARCENY/THEFT</category><descript>PETTY THEFT FROM LOCKED AUTO</descript><dayofweek>Wednesday</dayofweek><date>2015-10-07T00:00:00</date><time>16:45</time><pddistrict>PARK</pddistrict><resolution>NONE</resolution><address>200 Block of TWINPEAKS BL</address><x>-122.448491291265</x><y>37.7584127304774</y><location human_address="{&quot;address&quot;:&quot;&quot;,&quot;city&quot;:&quot;&quot;,&quot;state&quot;:&quot;&quot;,&quot;zip&quot;:&quot;&quot;}" latitude="37.7584127304774" longitude="-122.448491291265" needs_recoding="false"/></row>