<?xml version="1.0" encoding="UTF-8"?><row _id="12644126" _uuid="EC932088-B57B-4091-93F1-F26BE242ECB7" _position="12644126" _address="http://data.sfgov.org/resource/ritf-b9ki/12644126"><incidntnum>150864522</incidntnum><category>ASSAULT</category><descript>BATTERY, FORMER SPOUSE OR DATING RELATIONSHIP</descript><dayofweek>Friday</dayofweek><date>2015-10-02T00:00:00</date><time>18:45</time><pddistrict>MISSION</pddistrict><resolution>ARREST, BOOKED</resolution><address>2800 Block of FOLSOM ST</address><x>-122.413935404044</x><y>37.7516932889916</y><location human_address="{&quot;address&quot;:&quot;&quot;,&quot;city&quot;:&quot;&quot;,&quot;state&quot;:&quot;&quot;,&quot;zip&quot;:&quot;&quot;}" latitude="37.7516932889916" longitude="-122.413935404044" needs_recoding="false"/></row>