<?xml version="1.0" encoding="UTF-8"?><row _id="12644780" _uuid="B0E9C010-7832-4559-BAE0-20B6FE485F69" _position="12644780" _address="http://data.sfgov.org/resource/ritf-b9ki/12644780"><incidntnum>150868944</incidntnum><category>TRESPASS</category><descript>TRESPASSING</descript><dayofweek>Sunday</dayofweek><date>2015-10-04T00:00:00</date><time>10:54</time><pddistrict>SOUTHERN</pddistrict><resolution>ARREST, BOOKED</resolution><address>1100 Block of MARKET ST</address><x>-122.413564091744</x><y>37.779514030063</y><location human_address="{&quot;address&quot;:&quot;&quot;,&quot;city&quot;:&quot;&quot;,&quot;state&quot;:&quot;&quot;,&quot;zip&quot;:&quot;&quot;}" latitude="37.779514030063" longitude="-122.413564091744" needs_recoding="false"/></row>