<?xml version="1.0" encoding="UTF-8"?><row _id="12644571" _uuid="35D00C94-FBBB-4133-AC47-C1C175C18767" _position="12644571" _address="http://data.sfgov.org/resource/ritf-b9ki/12644571"><incidntnum>150867479</incidntnum><category>ASSAULT</category><descript>ELDER ADULT OR DEPENDENT ABUSE (NOT EMBEZZLEMENT OR THEFT)</descript><dayofweek>Saturday</dayofweek><date>2015-10-03T00:00:00</date><time>18:30</time><pddistrict>RICHMOND</pddistrict><resolution>ARREST, BOOKED</resolution><address>700 Block of 30TH AV</address><x>-122.489677253609</x><y>37.7751100512376</y><location human_address="{&quot;address&quot;:&quot;&quot;,&quot;city&quot;:&quot;&quot;,&quot;state&quot;:&quot;&quot;,&quot;zip&quot;:&quot;&quot;}" latitude="37.7751100512376" longitude="-122.489677253609" needs_recoding="false"/></row>