<?xml version="1.0" encoding="UTF-8"?><row _id="12644313" _uuid="6FF78D5F-6531-49F4-8BD5-572FB2FF76EE" _position="12644313" _address="http://data.sfgov.org/resource/ritf-b9ki/12644313"><incidntnum>150866716</incidntnum><category>DRUG/NARCOTIC</category><descript>POSSESSION OF MARIJUANA</descript><dayofweek>Saturday</dayofweek><date>2015-10-03T00:00:00</date><time>11:45</time><pddistrict>RICHMOND</pddistrict><resolution>ARREST, BOOKED</resolution><address>500 Block of JOHNFKENNEDY DR</address><x>-122.466204667893</x><y>37.7725405391593</y><location human_address="{&quot;address&quot;:&quot;&quot;,&quot;city&quot;:&quot;&quot;,&quot;state&quot;:&quot;&quot;,&quot;zip&quot;:&quot;&quot;}" latitude="37.7725405391593" longitude="-122.466204667893" needs_recoding="false"/></row>