<?xml version="1.0" encoding="UTF-8"?><row _id="12654944" _uuid="4854357C-B84D-4DBB-883B-564C4BA322C3" _position="12654944" _address="http://data.sfgov.org/resource/ritf-b9ki/12654944"><incidntnum>150946625</incidntnum><category>WARRANTS</category><descript>ENROUTE TO OUTSIDE JURISDICTION</descript><dayofweek>Thursday</dayofweek><date>2015-10-29T00:00:00</date><time>19:37</time><pddistrict>SOUTHERN</pddistrict><resolution>ARREST, BOOKED</resolution><address>OTIS ST / MCCOPPIN ST</address><x>-122.420347208832</x><y>37.7717690722244</y><location human_address="{&quot;address&quot;:&quot;&quot;,&quot;city&quot;:&quot;&quot;,&quot;state&quot;:&quot;&quot;,&quot;zip&quot;:&quot;&quot;}" latitude="37.7717690722244" longitude="-122.420347208832" needs_recoding="false"/></row>