<?xml version="1.0" encoding="UTF-8"?><row _id="12643918" _uuid="5E5C559F-11B9-491A-AF4B-658684EFCD2C" _position="12643918" _address="http://data.sfgov.org/resource/ritf-b9ki/12643918"><incidntnum>150863530</incidntnum><category>DRUNKENNESS</category><descript>UNDER INFLUENCE OF ALCOHOL IN A PUBLIC PLACE</descript><dayofweek>Friday</dayofweek><date>2015-10-02T00:00:00</date><time>14:00</time><pddistrict>BAYVIEW</pddistrict><resolution>NONE</resolution><address>1500 Block of SILVER AV</address><x>-122.406092270691</x><y>37.7323483235069</y><location human_address="{&quot;address&quot;:&quot;&quot;,&quot;city&quot;:&quot;&quot;,&quot;state&quot;:&quot;&quot;,&quot;zip&quot;:&quot;&quot;}" latitude="37.7323483235069" longitude="-122.406092270691" needs_recoding="false"/></row>