<?xml version="1.0" encoding="UTF-8"?><row _id="12651782" _uuid="1C99674B-508C-41CC-97B7-6A4E7926297C" _position="12651782" _address="http://data.sfgov.org/resource/ritf-b9ki/12651782"><incidntnum>150923974</incidntnum><category>VANDALISM</category><descript>MALICIOUS MISCHIEF, VANDALISM OF VEHICLES</descript><dayofweek>Wednesday</dayofweek><date>2015-10-21T00:00:00</date><time>18:00</time><pddistrict>RICHMOND</pddistrict><resolution>NONE</resolution><address>700 Block of 22ND AV</address><x>-122.481113611848</x><y>37.7736287951417</y><location human_address="{&quot;address&quot;:&quot;&quot;,&quot;city&quot;:&quot;&quot;,&quot;state&quot;:&quot;&quot;,&quot;zip&quot;:&quot;&quot;}" latitude="37.7736287951417" longitude="-122.481113611848" needs_recoding="false"/></row>