<?xml version="1.0" encoding="UTF-8"?><row _id="12646246" _uuid="2C4B8ED0-E576-4E63-8811-EF714B96CC1C" _position="12646246" _address="http://data.sfgov.org/resource/ritf-b9ki/12646246"><incidntnum>150882609</incidntnum><category>LARCENY/THEFT</category><descript>GRAND THEFT FROM LOCKED AUTO</descript><dayofweek>Thursday</dayofweek><date>2015-10-08T00:00:00</date><time>17:00</time><pddistrict>NORTHERN</pddistrict><resolution>NONE</resolution><address>0 Block of GOUGH ST</address><x>-122.422344796838</x><y>37.7734091793677</y><location human_address="{&quot;address&quot;:&quot;&quot;,&quot;city&quot;:&quot;&quot;,&quot;state&quot;:&quot;&quot;,&quot;zip&quot;:&quot;&quot;}" latitude="37.7734091793677" longitude="-122.422344796838" needs_recoding="false"/></row>