<?xml version="1.0" encoding="UTF-8"?><row _id="12652617" _uuid="569A4E4B-E47C-4D79-928E-2889F0D7BAE4" _position="12652617" _address="http://data.sfgov.org/resource/ritf-b9ki/12652617"><incidntnum>150926821</incidntnum><category>WARRANTS</category><descript>WARRANT ARREST</descript><dayofweek>Friday</dayofweek><date>2015-10-23T00:00:00</date><time>13:11</time><pddistrict>MISSION</pddistrict><resolution>ARREST, BOOKED</resolution><address>2800 Block of FOLSOM ST</address><x>-122.413935404044</x><y>37.7516932889916</y><location human_address="{&quot;address&quot;:&quot;&quot;,&quot;city&quot;:&quot;&quot;,&quot;state&quot;:&quot;&quot;,&quot;zip&quot;:&quot;&quot;}" latitude="37.7516932889916" longitude="-122.413935404044" needs_recoding="false"/></row>