<?xml version="1.0" encoding="UTF-8"?><row _id="12647841" _uuid="0AF2926C-AD8B-4327-BC34-B9160C4C08E6" _position="12647841" _address="http://data.sfgov.org/resource/ritf-b9ki/12647841"><incidntnum>156254674</incidntnum><category>LARCENY/THEFT</category><descript>GRAND THEFT FROM LOCKED AUTO</descript><dayofweek>Sunday</dayofweek><date>2015-10-04T00:00:00</date><time>18:00</time><pddistrict>INGLESIDE</pddistrict><resolution>NONE</resolution><address>2700 Block of DIAMOND ST</address><x>-122.433850481856</x><y>37.7347861527161</y><location human_address="{&quot;address&quot;:&quot;&quot;,&quot;city&quot;:&quot;&quot;,&quot;state&quot;:&quot;&quot;,&quot;zip&quot;:&quot;&quot;}" latitude="37.7347861527161" longitude="-122.433850481856" needs_recoding="false"/></row>