<?xml version="1.0" encoding="UTF-8"?><row _id="12643630" _uuid="5D75F6A7-B8F8-4B0D-9B27-12108374D1C4" _position="12643630" _address="http://data.sfgov.org/resource/ritf-b9ki/12643630"><incidntnum>150862350</incidntnum><category>VEHICLE THEFT</category><descript>STOLEN AUTOMOBILE</descript><dayofweek>Thursday</dayofweek><date>2015-10-01T00:00:00</date><time>22:30</time><pddistrict>PARK</pddistrict><resolution>NONE</resolution><address>0 Block of SCOTT ST</address><x>-122.435189460375</x><y>37.7702290468121</y><location human_address="{&quot;address&quot;:&quot;&quot;,&quot;city&quot;:&quot;&quot;,&quot;state&quot;:&quot;&quot;,&quot;zip&quot;:&quot;&quot;}" latitude="37.7702290468121" longitude="-122.435189460375" needs_recoding="false"/></row>