<?xml version="1.0" encoding="UTF-8"?><row _id="12644302" _uuid="F77A9B85-9BB9-437A-BE09-2B80A0DAC7D7" _position="12644302" _address="http://data.sfgov.org/resource/ritf-b9ki/12644302"><incidntnum>150866164</incidntnum><category>LARCENY/THEFT</category><descript>GRAND THEFT FROM LOCKED AUTO</descript><dayofweek>Saturday</dayofweek><date>2015-10-03T00:00:00</date><time>09:30</time><pddistrict>TARAVAL</pddistrict><resolution>NONE</resolution><address>2000 Block of GREAT HY</address><x>-122.507747058887</x><y>37.7481676180147</y><location human_address="{&quot;address&quot;:&quot;&quot;,&quot;city&quot;:&quot;&quot;,&quot;state&quot;:&quot;&quot;,&quot;zip&quot;:&quot;&quot;}" latitude="37.7481676180147" longitude="-122.507747058887" needs_recoding="false"/></row>