<?xml version="1.0" encoding="UTF-8"?><row _id="12643588" _uuid="4836727D-C822-42E3-A304-F0CF20951CF7" _position="12643588" _address="http://data.sfgov.org/resource/ritf-b9ki/12643588"><incidntnum>150876022</incidntnum><category>SECONDARY CODES</category><descript>DOMESTIC VIOLENCE</descript><dayofweek>Thursday</dayofweek><date>2015-10-01T00:00:00</date><time>15:12</time><pddistrict>INGLESIDE</pddistrict><resolution>NONE</resolution><address>100 Block of APPLETON AV</address><x>-122.42189877187</x><y>37.7379500847076</y><location human_address="{&quot;address&quot;:&quot;&quot;,&quot;city&quot;:&quot;&quot;,&quot;state&quot;:&quot;&quot;,&quot;zip&quot;:&quot;&quot;}" latitude="37.7379500847076" longitude="-122.42189877187" needs_recoding="false"/></row>