<?xml version="1.0" encoding="UTF-8"?><row _id="12649478" _uuid="A2692B70-5182-485F-A0BF-38784F278F13" _position="12649478" _address="http://data.sfgov.org/resource/ritf-b9ki/12649478"><incidntnum>156254157</incidntnum><category>LARCENY/THEFT</category><descript>GRAND THEFT FROM LOCKED AUTO</descript><dayofweek>Friday</dayofweek><date>2015-10-16T00:00:00</date><time>12:00</time><pddistrict>NORTHERN</pddistrict><resolution>NONE</resolution><address>FRANKLIN ST / FULTON ST</address><x>-122.421713231971</x><y>37.7789574682026</y><location human_address="{&quot;address&quot;:&quot;&quot;,&quot;city&quot;:&quot;&quot;,&quot;state&quot;:&quot;&quot;,&quot;zip&quot;:&quot;&quot;}" latitude="37.7789574682026" longitude="-122.421713231971" needs_recoding="false"/></row>