<?xml version="1.0" encoding="UTF-8"?><row _id="12643810" _uuid="5AD3B54E-4D23-4017-B084-52E56118746F" _position="12643810" _address="http://data.sfgov.org/resource/ritf-b9ki/12643810"><incidntnum>150865677</incidntnum><category>LARCENY/THEFT</category><descript>GRAND THEFT FROM LOCKED AUTO</descript><dayofweek>Friday</dayofweek><date>2015-10-02T00:00:00</date><time>21:00</time><pddistrict>SOUTHERN</pddistrict><resolution>NONE</resolution><address>10TH ST / HARRISON ST</address><x>-122.411279189969</x><y>37.7715785765043</y><location human_address="{&quot;address&quot;:&quot;&quot;,&quot;city&quot;:&quot;&quot;,&quot;state&quot;:&quot;&quot;,&quot;zip&quot;:&quot;&quot;}" latitude="37.7715785765043" longitude="-122.411279189969" needs_recoding="false"/></row>