<?xml version="1.0" encoding="UTF-8"?><row _id="12645370" _uuid="F661FA39-36B4-4FF5-8516-C7C7641B2360" _position="12645370" _address="http://data.sfgov.org/resource/ritf-b9ki/12645370"><incidntnum>150873749</incidntnum><category>OTHER OFFENSES</category><descript>INCIDENT ON SCHOOL GROUNDS</descript><dayofweek>Monday</dayofweek><date>2015-10-05T00:00:00</date><time>08:00</time><pddistrict>SOUTHERN</pddistrict><resolution>NONE</resolution><address>0 Block of MOSS ST</address><x>-122.407999186749</x><y>37.7778241673064</y><location human_address="{&quot;address&quot;:&quot;&quot;,&quot;city&quot;:&quot;&quot;,&quot;state&quot;:&quot;&quot;,&quot;zip&quot;:&quot;&quot;}" latitude="37.7778241673064" longitude="-122.407999186749" needs_recoding="false"/></row>