<?xml version="1.0" encoding="UTF-8"?><row _id="12656311" _uuid="A8325F94-55FD-4314-9BAC-23FBA4852B9D" _position="12656311" _address="http://data.sfgov.org/resource/ritf-b9ki/12656311"><incidntnum>156275476</incidntnum><category>LARCENY/THEFT</category><descript>GRAND THEFT FROM LOCKED AUTO</descript><dayofweek>Sunday</dayofweek><date>2015-10-04T00:00:00</date><time>23:34</time><pddistrict>INGLESIDE</pddistrict><resolution>NONE</resolution><address>RAYMOND AV / BAY SHORE BL</address><x>-122.403175408201</x><y>37.7117773523474</y><location human_address="{&quot;address&quot;:&quot;&quot;,&quot;city&quot;:&quot;&quot;,&quot;state&quot;:&quot;&quot;,&quot;zip&quot;:&quot;&quot;}" latitude="37.7117773523474" longitude="-122.403175408201" needs_recoding="false"/></row>