<?xml version="1.0" encoding="UTF-8"?><row _id="12643742" _uuid="2A2324DF-EB51-451A-8237-FB2B55F5A4C2" _position="12643742" _address="http://data.sfgov.org/resource/ritf-b9ki/12643742"><incidntnum>150863273</incidntnum><category>MISSING PERSON</category><descript>MISSING ADULT</descript><dayofweek>Friday</dayofweek><date>2015-10-02T00:00:00</date><time>12:00</time><pddistrict>RICHMOND</pddistrict><resolution>NONE</resolution><address>25TH AV / FULTON ST</address><x>-122.484194946272</x><y>37.7725658462015</y><location human_address="{&quot;address&quot;:&quot;&quot;,&quot;city&quot;:&quot;&quot;,&quot;state&quot;:&quot;&quot;,&quot;zip&quot;:&quot;&quot;}" latitude="37.7725658462015" longitude="-122.484194946272" needs_recoding="false"/></row>