<?xml version="1.0" encoding="UTF-8"?><row _id="12644511" _uuid="1ADEFB18-F966-43D0-B4F6-6B8A12ACB870" _position="12644511" _address="http://data.sfgov.org/resource/ritf-b9ki/12644511"><incidntnum>150872575</incidntnum><category>SUSPICIOUS OCC</category><descript>SUSPICIOUS ACT TOWARDS FEMALE</descript><dayofweek>Saturday</dayofweek><date>2015-10-03T00:00:00</date><time>03:00</time><pddistrict>INGLESIDE</pddistrict><resolution>NONE</resolution><address>1100 Block of GENEVA AV</address><x>-122.436523020079</x><y>37.7144783913105</y><location human_address="{&quot;address&quot;:&quot;&quot;,&quot;city&quot;:&quot;&quot;,&quot;state&quot;:&quot;&quot;,&quot;zip&quot;:&quot;&quot;}" latitude="37.7144783913105" longitude="-122.436523020079" needs_recoding="false"/></row>