<?xml version="1.0" encoding="UTF-8"?><row _id="12643402" _uuid="0044BD51-C063-4348-B47F-3212032982B2" _position="12643402" _address="http://data.sfgov.org/resource/ritf-b9ki/12643402"><incidntnum>150859329</incidntnum><category>ASSAULT</category><descript>AGGRAVATED ASSAULT WITH BODILY FORCE</descript><dayofweek>Thursday</dayofweek><date>2015-10-01T00:00:00</date><time>07:30</time><pddistrict>SOUTHERN</pddistrict><resolution>ARREST, BOOKED</resolution><address>400 Block of BERRY ST</address><x>-122.398973245</x><y>37.7712675583636</y><location human_address="{&quot;address&quot;:&quot;&quot;,&quot;city&quot;:&quot;&quot;,&quot;state&quot;:&quot;&quot;,&quot;zip&quot;:&quot;&quot;}" latitude="37.7712675583636" longitude="-122.398973245" needs_recoding="false"/></row>