<?xml version="1.0" encoding="UTF-8"?><row _id="12655556" _uuid="6AC431A2-FB88-4FF6-B0FE-843B8A27AAC2" _position="12655556" _address="http://data.sfgov.org/resource/ritf-b9ki/12655556"><incidntnum>150949259</incidntnum><category>ASSAULT</category><descript>AGGRAVATED ASSAULT WITH A DEADLY WEAPON</descript><dayofweek>Friday</dayofweek><date>2015-10-30T00:00:00</date><time>18:24</time><pddistrict>TENDERLOIN</pddistrict><resolution>NONE</resolution><address>200 Block of EDDY ST</address><x>-122.411800134753</x><y>37.7840890366868</y><location human_address="{&quot;address&quot;:&quot;&quot;,&quot;city&quot;:&quot;&quot;,&quot;state&quot;:&quot;&quot;,&quot;zip&quot;:&quot;&quot;}" latitude="37.7840890366868" longitude="-122.411800134753" needs_recoding="false"/></row>