<?xml version="1.0" encoding="UTF-8"?><row _id="12646970" _uuid="71C8447D-4A69-494F-A0E8-1F7919C6FA5B" _position="12646970" _address="http://data.sfgov.org/resource/ritf-b9ki/12646970"><incidntnum>150886281</incidntnum><category>ASSAULT</category><descript>BATTERY</descript><dayofweek>Saturday</dayofweek><date>2015-10-10T00:00:00</date><time>02:08</time><pddistrict>MISSION</pddistrict><resolution>NONE</resolution><address>14TH ST / SOUTH VAN NESS AV</address><x>-122.417803355796</x><y>37.7684043083075</y><location human_address="{&quot;address&quot;:&quot;&quot;,&quot;city&quot;:&quot;&quot;,&quot;state&quot;:&quot;&quot;,&quot;zip&quot;:&quot;&quot;}" latitude="37.7684043083075" longitude="-122.417803355796" needs_recoding="false"/></row>