<?xml version="1.0" encoding="UTF-8"?><row _id="12644871" _uuid="CC1AD433-43E5-4F2C-BDF3-0A973A405EE3" _position="12644871" _address="http://data.sfgov.org/resource/ritf-b9ki/12644871"><incidntnum>150894494</incidntnum><category>FRAUD</category><descript>FRAUDULENT USE OF AUTOMATED TELLER CARD</descript><dayofweek>Sunday</dayofweek><date>2015-10-04T00:00:00</date><time>12:00</time><pddistrict>TARAVAL</pddistrict><resolution>NONE</resolution><address>2300 Block of 24TH AV</address><x>-122.48118317163</x><y>37.7437268170337</y><location human_address="{&quot;address&quot;:&quot;&quot;,&quot;city&quot;:&quot;&quot;,&quot;state&quot;:&quot;&quot;,&quot;zip&quot;:&quot;&quot;}" latitude="37.7437268170337" longitude="-122.48118317163" needs_recoding="false"/></row>