<?xml version="1.0" encoding="UTF-8"?><row _id="12671086" _uuid="4D889991-1AB7-4DAB-8BD7-49B3A3E06A29" _position="12671086" _address="http://data.sfgov.org/resource/ritf-b9ki/12671086"><incidntnum>151088917</incidntnum><category>OTHER OFFENSES</category><descript>FALSE PERSONATION TO RECEIVE MONEY OR PROPERTY</descript><dayofweek>Sunday</dayofweek><date>2015-11-01T00:00:00</date><time>00:01</time><pddistrict>RICHMOND</pddistrict><resolution>NONE</resolution><address>2500 Block of JACKSON ST</address><x>-122.437051291533</x><y>37.7922105645878</y><location human_address="{&quot;address&quot;:&quot;&quot;,&quot;city&quot;:&quot;&quot;,&quot;state&quot;:&quot;&quot;,&quot;zip&quot;:&quot;&quot;}" latitude="37.7922105645878" longitude="-122.437051291533" needs_recoding="false"/></row>