<?xml version="1.0" encoding="UTF-8"?><row _id="12657253" _uuid="DB84CB1F-C275-47E3-B5AC-FB77CEF308FB" _position="12657253" _address="http://data.sfgov.org/resource/ritf-b9ki/12657253"><incidntnum>150960205</incidntnum><category>DRUG/NARCOTIC</category><descript>POSSESSION OF METH-AMPHETAMINE</descript><dayofweek>Tuesday</dayofweek><date>2015-11-03T00:00:00</date><time>11:39</time><pddistrict>CENTRAL</pddistrict><resolution>ARREST, BOOKED</resolution><address>1400 Block of MASON ST</address><x>-122.411736808375</x><y>37.7967282037481</y><location human_address="{&quot;address&quot;:&quot;&quot;,&quot;city&quot;:&quot;&quot;,&quot;state&quot;:&quot;&quot;,&quot;zip&quot;:&quot;&quot;}" latitude="37.7967282037481" longitude="-122.411736808375" needs_recoding="false"/></row>