<?xml version="1.0" encoding="UTF-8"?><row _id="12651699" _uuid="F949006C-5AA5-42B5-B7C3-2D0D5C65807C" _position="12651699" _address="http://data.sfgov.org/resource/ritf-b9ki/12651699"><incidntnum>150921752</incidntnum><category>OTHER OFFENSES</category><descript>CONSPIRACY</descript><dayofweek>Wednesday</dayofweek><date>2015-10-21T00:00:00</date><time>19:55</time><pddistrict>SOUTHERN</pddistrict><resolution>NONE</resolution><address>1100 Block of FOLSOM ST</address><x>-122.408685885018</x><y>37.7761558110245</y><location human_address="{&quot;address&quot;:&quot;&quot;,&quot;city&quot;:&quot;&quot;,&quot;state&quot;:&quot;&quot;,&quot;zip&quot;:&quot;&quot;}" latitude="37.7761558110245" longitude="-122.408685885018" needs_recoding="false"/></row>