<?xml version="1.0" encoding="UTF-8"?><row _id="12676373" _uuid="3BD9F68F-0A9F-4034-BEB9-1109592237A0" _position="12676373" _address="http://data.sfgov.org/resource/ritf-b9ki/12676373"><incidntnum>156313117</incidntnum><category>LARCENY/THEFT</category><descript>GRAND THEFT FROM LOCKED AUTO</descript><dayofweek>Thursday</dayofweek><date>2015-10-22T00:00:00</date><time>18:02</time><pddistrict>PARK</pddistrict><resolution>NONE</resolution><address>SHRADER ST / GRATTAN ST</address><x>-122.451041636689</x><y>37.763842814077</y><location human_address="{&quot;address&quot;:&quot;&quot;,&quot;city&quot;:&quot;&quot;,&quot;state&quot;:&quot;&quot;,&quot;zip&quot;:&quot;&quot;}" latitude="37.763842814077" longitude="-122.451041636689" needs_recoding="false"/></row>