<?xml version="1.0" encoding="UTF-8"?><row _id="12663471" _uuid="CBEAF0F2-AD84-4AD2-9150-4BD1D219DBA4" _position="12663471" _address="http://data.sfgov.org/resource/ritf-b9ki/12663471"><incidntnum>156250575</incidntnum><category>LARCENY/THEFT</category><descript>GRAND THEFT FROM LOCKED AUTO</descript><dayofweek>Monday</dayofweek><date>2015-10-12T00:00:00</date><time>18:00</time><pddistrict>NORTHERN</pddistrict><resolution>NONE</resolution><address>0 Block of MARINA BL</address><x>-122.432951589917</x><y>37.8050520228881</y><location human_address="{&quot;address&quot;:&quot;&quot;,&quot;city&quot;:&quot;&quot;,&quot;state&quot;:&quot;&quot;,&quot;zip&quot;:&quot;&quot;}" latitude="37.8050520228881" longitude="-122.432951589917" needs_recoding="false"/></row>