<?xml version="1.0" encoding="UTF-8"?><row _id="12644291" _uuid="CE9EF1FD-7A61-47C6-9B05-D2F6CB54CC60" _position="12644291" _address="http://data.sfgov.org/resource/ritf-b9ki/12644291"><incidntnum>156248928</incidntnum><category>LARCENY/THEFT</category><descript>GRAND THEFT FROM LOCKED AUTO</descript><dayofweek>Thursday</dayofweek><date>2015-10-01T00:00:00</date><time>22:30</time><pddistrict>BAYVIEW</pddistrict><resolution>NONE</resolution><address>PENNSYLVANIA AV / 17TH ST</address><x>-122.393851319977</x><y>37.7653057455376</y><location human_address="{&quot;address&quot;:&quot;&quot;,&quot;city&quot;:&quot;&quot;,&quot;state&quot;:&quot;&quot;,&quot;zip&quot;:&quot;&quot;}" latitude="37.7653057455376" longitude="-122.393851319977" needs_recoding="false"/></row>