<?xml version="1.0" encoding="UTF-8"?><row _id="12647059" _uuid="281AC576-7A55-44F4-8E80-C1AD9D5F79D0" _position="12647059" _address="http://data.sfgov.org/resource/ritf-b9ki/12647059"><incidntnum>150886946</incidntnum><category>SECONDARY CODES</category><descript>DOMESTIC VIOLENCE</descript><dayofweek>Saturday</dayofweek><date>2015-10-10T00:00:00</date><time>09:29</time><pddistrict>NORTHERN</pddistrict><resolution>NONE</resolution><address>400 Block of FELL ST</address><x>-122.425225538054</x><y>37.7756912449511</y><location human_address="{&quot;address&quot;:&quot;&quot;,&quot;city&quot;:&quot;&quot;,&quot;state&quot;:&quot;&quot;,&quot;zip&quot;:&quot;&quot;}" latitude="37.7756912449511" longitude="-122.425225538054" needs_recoding="false"/></row>