<?xml version="1.0" encoding="UTF-8"?><row _id="12644299" _uuid="DA5BB2E1-21A1-4402-888F-E9C1D7BBA205" _position="12644299" _address="http://data.sfgov.org/resource/ritf-b9ki/12644299"><incidntnum>150865473</incidntnum><category>DRIVING UNDER THE INFLUENCE</category><descript>DRIVING WHILE UNDER THE INFLUENCE OF ALCOHOL</descript><dayofweek>Saturday</dayofweek><date>2015-10-03T00:00:00</date><time>00:40</time><pddistrict>MISSION</pddistrict><resolution>ARREST, BOOKED</resolution><address>1200 Block of POTRERO AV</address><x>-122.406345654667</x><y>37.7523483654161</y><location human_address="{&quot;address&quot;:&quot;&quot;,&quot;city&quot;:&quot;&quot;,&quot;state&quot;:&quot;&quot;,&quot;zip&quot;:&quot;&quot;}" latitude="37.7523483654161" longitude="-122.406345654667" needs_recoding="false"/></row>