<?xml version="1.0" encoding="UTF-8"?><row _id="12649354" _uuid="5DB762FD-45B3-46AD-AB73-447595B9BA6D" _position="12649354" _address="http://data.sfgov.org/resource/ritf-b9ki/12649354"><incidntnum>150904281</incidntnum><category>SUSPICIOUS OCC</category><descript>INVESTIGATIVE DETENTION</descript><dayofweek>Thursday</dayofweek><date>2015-10-15T00:00:00</date><time>22:00</time><pddistrict>TENDERLOIN</pddistrict><resolution>NONE</resolution><address>GOLDEN GATE AV / LEAVENWORTH ST</address><x>-122.413869632554</x><y>37.7818621883021</y><location human_address="{&quot;address&quot;:&quot;&quot;,&quot;city&quot;:&quot;&quot;,&quot;state&quot;:&quot;&quot;,&quot;zip&quot;:&quot;&quot;}" latitude="37.7818621883021" longitude="-122.413869632554" needs_recoding="false"/></row>