<?xml version="1.0" encoding="UTF-8"?><row _id="12645171" _uuid="D301FE12-1CC1-43CD-A176-81BB2A3E3835" _position="12645171" _address="http://data.sfgov.org/resource/ritf-b9ki/12645171"><incidntnum>150873426</incidntnum><category>ROBBERY</category><descript>ROBBERY, BODILY FORCE</descript><dayofweek>Monday</dayofweek><date>2015-10-05T00:00:00</date><time>21:34</time><pddistrict>CENTRAL</pddistrict><resolution>NONE</resolution><address>600 Block of BAY ST</address><x>-122.417867154077</x><y>37.8050301528697</y><location human_address="{&quot;address&quot;:&quot;&quot;,&quot;city&quot;:&quot;&quot;,&quot;state&quot;:&quot;&quot;,&quot;zip&quot;:&quot;&quot;}" latitude="37.8050301528697" longitude="-122.417867154077" needs_recoding="false"/></row>