<?xml version="1.0" encoding="UTF-8"?><row _id="12644066" _uuid="0DE61BF9-31D7-44A2-A5FA-77ADD69D35BC" _position="12644066" _address="http://data.sfgov.org/resource/ritf-b9ki/12644066"><incidntnum>150882433</incidntnum><category>OTHER OFFENSES</category><descript>LOST/STOLEN LICENSE PLATE</descript><dayofweek>Thursday</dayofweek><date>2015-10-01T00:00:00</date><time>15:00</time><pddistrict>CENTRAL</pddistrict><resolution>NONE</resolution><address>1400 Block of TAYLOR ST</address><x>-122.413210338057</x><y>37.7956578490762</y><location human_address="{&quot;address&quot;:&quot;&quot;,&quot;city&quot;:&quot;&quot;,&quot;state&quot;:&quot;&quot;,&quot;zip&quot;:&quot;&quot;}" latitude="37.7956578490762" longitude="-122.413210338057" needs_recoding="false"/></row>