<?xml version="1.0" encoding="UTF-8"?><row _id="12645342" _uuid="5ACA26C3-9C90-46A4-86B9-22F05C058C9E" _position="12645342" _address="http://data.sfgov.org/resource/ritf-b9ki/12645342"><incidntnum>150899240</incidntnum><category>BURGLARY</category><descript>BURGLARY OF RESIDENCE, FORCIBLE ENTRY</descript><dayofweek>Saturday</dayofweek><date>2015-10-03T00:00:00</date><time>07:00</time><pddistrict>TARAVAL</pddistrict><resolution>NONE</resolution><address>1600 Block of 17TH AV</address><x>-122.474596545088</x><y>37.7571107665298</y><location human_address="{&quot;address&quot;:&quot;&quot;,&quot;city&quot;:&quot;&quot;,&quot;state&quot;:&quot;&quot;,&quot;zip&quot;:&quot;&quot;}" latitude="37.7571107665298" longitude="-122.474596545088" needs_recoding="false"/></row>