<?xml version="1.0" encoding="UTF-8"?><row _id="12643955" _uuid="6C792F91-54D7-4F28-B718-18F41E00D525" _position="12643955" _address="http://data.sfgov.org/resource/ritf-b9ki/12643955"><incidntnum>150865019</incidntnum><category>LARCENY/THEFT</category><descript>GRAND THEFT FROM LOCKED AUTO</descript><dayofweek>Friday</dayofweek><date>2015-10-02T00:00:00</date><time>19:43</time><pddistrict>RICHMOND</pddistrict><resolution>NONE</resolution><address>700 Block of CLEMENT ST</address><x>-122.467109954837</x><y>37.7828802181572</y><location human_address="{&quot;address&quot;:&quot;&quot;,&quot;city&quot;:&quot;&quot;,&quot;state&quot;:&quot;&quot;,&quot;zip&quot;:&quot;&quot;}" latitude="37.7828802181572" longitude="-122.467109954837" needs_recoding="false"/></row>