<?xml version="1.0" encoding="UTF-8"?><row _id="12648719" _uuid="C67559D9-F0AC-4E43-B82D-FB5510291B70" _position="12648719" _address="http://data.sfgov.org/resource/ritf-b9ki/12648719"><incidntnum>156253466</incidntnum><category>LARCENY/THEFT</category><descript>PETTY THEFT OF PROPERTY</descript><dayofweek>Wednesday</dayofweek><date>2015-10-14T00:00:00</date><time>18:30</time><pddistrict>SOUTHERN</pddistrict><resolution>NONE</resolution><address>9TH ST / HOWARD ST</address><x>-122.413163134276</x><y>37.7749926445385</y><location human_address="{&quot;address&quot;:&quot;&quot;,&quot;city&quot;:&quot;&quot;,&quot;state&quot;:&quot;&quot;,&quot;zip&quot;:&quot;&quot;}" latitude="37.7749926445385" longitude="-122.413163134276" needs_recoding="false"/></row>