<?xml version="1.0" encoding="UTF-8"?><row _id="12644256" _uuid="EC6EA06F-7CF8-4532-B957-A3B9025063F8" _position="12644256" _address="http://data.sfgov.org/resource/ritf-b9ki/12644256"><incidntnum>156244556</incidntnum><category>LARCENY/THEFT</category><descript>GRAND THEFT FROM LOCKED AUTO</descript><dayofweek>Saturday</dayofweek><date>2015-10-03T00:00:00</date><time>08:00</time><pddistrict>CENTRAL</pddistrict><resolution>NONE</resolution><address>GREEN ST / LEAVENWORTH ST</address><x>-122.417219538328</x><y>37.7984732451801</y><location human_address="{&quot;address&quot;:&quot;&quot;,&quot;city&quot;:&quot;&quot;,&quot;state&quot;:&quot;&quot;,&quot;zip&quot;:&quot;&quot;}" latitude="37.7984732451801" longitude="-122.417219538328" needs_recoding="false"/></row>