<?xml version="1.0" encoding="UTF-8"?><row _id="12643857" _uuid="507F021B-2F36-4816-8154-F6F7D6D7B624" _position="12643857" _address="http://data.sfgov.org/resource/ritf-b9ki/12643857"><incidntnum>150862667</incidntnum><category>NON-CRIMINAL</category><descript>AIDED CASE, MENTAL DISTURBED</descript><dayofweek>Friday</dayofweek><date>2015-10-02T00:00:00</date><time>09:02</time><pddistrict>CENTRAL</pddistrict><resolution>NONE</resolution><address>600 Block of CLAY ST</address><x>-122.403994862674</x><y>37.794611817992</y><location human_address="{&quot;address&quot;:&quot;&quot;,&quot;city&quot;:&quot;&quot;,&quot;state&quot;:&quot;&quot;,&quot;zip&quot;:&quot;&quot;}" latitude="37.794611817992" longitude="-122.403994862674" needs_recoding="false"/></row>