<?xml version="1.0" encoding="UTF-8"?><row _id="12643757" _uuid="276CB155-5EAE-47F1-B461-E62686A7F8D3" _position="12643757" _address="http://data.sfgov.org/resource/ritf-b9ki/12643757"><incidntnum>150864293</incidntnum><category>NON-CRIMINAL</category><descript>LOCATED PROPERTY</descript><dayofweek>Friday</dayofweek><date>2015-10-02T00:00:00</date><time>18:16</time><pddistrict>NORTHERN</pddistrict><resolution>ARREST, BOOKED</resolution><address>HEMLOCK ST / VANNESS AV</address><x>-122.421663714433</x><y>37.787075403993</y><location human_address="{&quot;address&quot;:&quot;&quot;,&quot;city&quot;:&quot;&quot;,&quot;state&quot;:&quot;&quot;,&quot;zip&quot;:&quot;&quot;}" latitude="37.787075403993" longitude="-122.421663714433" needs_recoding="false"/></row>