<?xml version="1.0" encoding="UTF-8"?><row _id="12648284" _uuid="E7656CF6-2DFF-4D46-93B3-E3E08B69AB8D" _position="12648284" _address="http://data.sfgov.org/resource/ritf-b9ki/12648284"><incidntnum>150895072</incidntnum><category>OTHER OFFENSES</category><descript>TRAFFIC VIOLATION ARREST</descript><dayofweek>Tuesday</dayofweek><date>2015-10-13T00:00:00</date><time>01:40</time><pddistrict>PARK</pddistrict><resolution>ARREST, BOOKED</resolution><address>GEARY BL / DIVISADERO ST</address><x>-122.439480772242</x><y>37.7833088100846</y><location human_address="{&quot;address&quot;:&quot;&quot;,&quot;city&quot;:&quot;&quot;,&quot;state&quot;:&quot;&quot;,&quot;zip&quot;:&quot;&quot;}" latitude="37.7833088100846" longitude="-122.439480772242" needs_recoding="false"/></row>