<?xml version="1.0" encoding="UTF-8"?><row _id="12644267" _uuid="CB776FBF-ABB6-4C72-8815-6BDCEE32A3A8" _position="12644267" _address="http://data.sfgov.org/resource/ritf-b9ki/12644267"><incidntnum>150868013</incidntnum><category>SEX OFFENSES, FORCIBLE</category><descript>SEXUAL BATTERY</descript><dayofweek>Saturday</dayofweek><date>2015-10-03T00:00:00</date><time>22:54</time><pddistrict>BAYVIEW</pddistrict><resolution>NONE</resolution><address>TEXAS ST / DAKOTA ST</address><x>-122.394588601098</x><y>37.7524273768115</y><location human_address="{&quot;address&quot;:&quot;&quot;,&quot;city&quot;:&quot;&quot;,&quot;state&quot;:&quot;&quot;,&quot;zip&quot;:&quot;&quot;}" latitude="37.7524273768115" longitude="-122.394588601098" needs_recoding="false"/></row>