<?xml version="1.0" encoding="UTF-8"?><row _id="12644361" _uuid="3CA3C857-8F70-4A27-B294-51988F87B5C7" _position="12644361" _address="http://data.sfgov.org/resource/ritf-b9ki/12644361"><incidntnum>150869328</incidntnum><category>VEHICLE THEFT</category><descript>STOLEN TRUCK</descript><dayofweek>Saturday</dayofweek><date>2015-10-03T00:00:00</date><time>18:00</time><pddistrict>PARK</pddistrict><resolution>NONE</resolution><address>0 Block of BAKER ST</address><x>-122.440383635898</x><y>37.7713219755505</y><location human_address="{&quot;address&quot;:&quot;&quot;,&quot;city&quot;:&quot;&quot;,&quot;state&quot;:&quot;&quot;,&quot;zip&quot;:&quot;&quot;}" latitude="37.7713219755505" longitude="-122.440383635898" needs_recoding="false"/></row>