<?xml version="1.0" encoding="UTF-8"?><row _id="12664081" _uuid="C058D1B1-9E61-4E51-A3C3-45FAEED1E6B7" _position="12664081" _address="http://data.sfgov.org/resource/ritf-b9ki/12664081"><incidntnum>015620568</incidntnum><category>LARCENY/THEFT</category><descript>GRAND THEFT BICYCLE</descript><dayofweek>Tuesday</dayofweek><date>2015-10-20T00:00:00</date><time>20:00</time><pddistrict>CENTRAL</pddistrict><resolution>NONE</resolution><address>1200 Block of SANSOME ST</address><x>-122.402815059511</x><y>37.8017218962616</y><location human_address="{&quot;address&quot;:&quot;&quot;,&quot;city&quot;:&quot;&quot;,&quot;state&quot;:&quot;&quot;,&quot;zip&quot;:&quot;&quot;}" latitude="37.8017218962616" longitude="-122.402815059511" needs_recoding="false"/></row>