<?xml version="1.0" encoding="UTF-8"?><row _id="12648899" _uuid="B686131E-40C6-42D5-A0CF-E7552FBFDC67" _position="12648899" _address="http://data.sfgov.org/resource/ritf-b9ki/12648899"><incidntnum>150904043</incidntnum><category>VEHICLE THEFT</category><descript>STOLEN MOTORCYCLE</descript><dayofweek>Wednesday</dayofweek><date>2015-10-14T00:00:00</date><time>18:30</time><pddistrict>INGLESIDE</pddistrict><resolution>NONE</resolution><address>500 Block of CHENERY ST</address><x>-122.431000600403</x><y>37.7349991167299</y><location human_address="{&quot;address&quot;:&quot;&quot;,&quot;city&quot;:&quot;&quot;,&quot;state&quot;:&quot;&quot;,&quot;zip&quot;:&quot;&quot;}" latitude="37.7349991167299" longitude="-122.431000600403" needs_recoding="false"/></row>