<?xml version="1.0" encoding="UTF-8"?><row _id="12645135" _uuid="F73A5E7E-FD4F-4D5E-93F9-573CEA3CB422" _position="12645135" _address="http://data.sfgov.org/resource/ritf-b9ki/12645135"><incidntnum>150872218</incidntnum><category>TRESPASS</category><descript>TRESPASSING</descript><dayofweek>Monday</dayofweek><date>2015-10-05T00:00:00</date><time>13:59</time><pddistrict>MISSION</pddistrict><resolution>ARREST, BOOKED</resolution><address>2000 Block of MARKET ST</address><x>-122.426955631709</x><y>37.769247063207</y><location human_address="{&quot;address&quot;:&quot;&quot;,&quot;city&quot;:&quot;&quot;,&quot;state&quot;:&quot;&quot;,&quot;zip&quot;:&quot;&quot;}" latitude="37.769247063207" longitude="-122.426955631709" needs_recoding="false"/></row>