<?xml version="1.0" encoding="UTF-8"?><row _id="12644004" _uuid="9664A84F-C197-4868-AB86-868957F6490E" _position="12644004" _address="http://data.sfgov.org/resource/ritf-b9ki/12644004"><incidntnum>150866794</incidntnum><category>ASSAULT</category><descript>BATTERY</descript><dayofweek>Friday</dayofweek><date>2015-10-02T00:00:00</date><time>12:15</time><pddistrict>CENTRAL</pddistrict><resolution>NONE</resolution><address>500 Block of MONTGOMERY ST</address><x>-122.403026088419</x><y>37.7944564013948</y><location human_address="{&quot;address&quot;:&quot;&quot;,&quot;city&quot;:&quot;&quot;,&quot;state&quot;:&quot;&quot;,&quot;zip&quot;:&quot;&quot;}" latitude="37.7944564013948" longitude="-122.403026088419" needs_recoding="false"/></row>