<?xml version="1.0" encoding="UTF-8"?><row _id="12643706" _uuid="0667010C-0120-487F-92FB-A3CD8C0A7AF4" _position="12643706" _address="http://data.sfgov.org/resource/ritf-b9ki/12643706"><incidntnum>150862899</incidntnum><category>OTHER OFFENSES</category><descript>TRAFFIC VIOLATION ARREST</descript><dayofweek>Friday</dayofweek><date>2015-10-02T00:00:00</date><time>11:30</time><pddistrict>CENTRAL</pddistrict><resolution>ARREST, BOOKED</resolution><address>BATTERY ST / MARKET ST</address><x>-122.399152260199</x><y>37.7910166130682</y><location human_address="{&quot;address&quot;:&quot;&quot;,&quot;city&quot;:&quot;&quot;,&quot;state&quot;:&quot;&quot;,&quot;zip&quot;:&quot;&quot;}" latitude="37.7910166130682" longitude="-122.399152260199" needs_recoding="false"/></row>