<?xml version="1.0" encoding="UTF-8"?><row _id="12647603" _uuid="C2959C6B-DBC5-4AA4-9FFE-4B20EB58A6A6" _position="12647603" _address="http://data.sfgov.org/resource/ritf-b9ki/12647603"><incidntnum>150891860</incidntnum><category>DRIVING UNDER THE INFLUENCE</category><descript>DRIVING WHILE UNDER THE INFLUENCE OF ALCOHOL</descript><dayofweek>Sunday</dayofweek><date>2015-10-11T00:00:00</date><time>23:39</time><pddistrict>MISSION</pddistrict><resolution>ARREST, BOOKED</resolution><address>2300 Block of MISSION ST</address><x>-122.419058868103</x><y>37.7594227506297</y><location human_address="{&quot;address&quot;:&quot;&quot;,&quot;city&quot;:&quot;&quot;,&quot;state&quot;:&quot;&quot;,&quot;zip&quot;:&quot;&quot;}" latitude="37.7594227506297" longitude="-122.419058868103" needs_recoding="false"/></row>