<?xml version="1.0" encoding="UTF-8"?><row _id="12644950" _uuid="1183F718-E29A-458A-8570-07B2AD47006A" _position="12644950" _address="http://data.sfgov.org/resource/ritf-b9ki/12644950"><incidntnum>150870977</incidntnum><category>WARRANTS</category><descript>POST RELEASE COMMUNITY SUPERVISION</descript><dayofweek>Sunday</dayofweek><date>2015-10-04T00:00:00</date><time>23:15</time><pddistrict>TARAVAL</pddistrict><resolution>NONE</resolution><address>4100 Block of NORIEGA ST</address><x>-122.507993743835</x><y>37.7527946244713</y><location human_address="{&quot;address&quot;:&quot;&quot;,&quot;city&quot;:&quot;&quot;,&quot;state&quot;:&quot;&quot;,&quot;zip&quot;:&quot;&quot;}" latitude="37.7527946244713" longitude="-122.507993743835" needs_recoding="false"/></row>