<?xml version="1.0" encoding="UTF-8"?><row _id="12658678" _uuid="32DECACD-9C39-4708-80A7-7E3A2594FECA" _position="12658678" _address="http://data.sfgov.org/resource/ritf-b9ki/12658678"><incidntnum>150971951</incidntnum><category>MISSING PERSON</category><descript>FOUND PERSON</descript><dayofweek>Saturday</dayofweek><date>2015-11-07T00:00:00</date><time>10:38</time><pddistrict>RICHMOND</pddistrict><resolution>NONE</resolution><address>700 Block of 33RD AV</address><x>-122.492903087989</x><y>37.7749629647565</y><location human_address="{&quot;address&quot;:&quot;&quot;,&quot;city&quot;:&quot;&quot;,&quot;state&quot;:&quot;&quot;,&quot;zip&quot;:&quot;&quot;}" latitude="37.7749629647565" longitude="-122.492903087989" needs_recoding="false"/></row>