<?xml version="1.0" encoding="UTF-8"?><row _id="12643929" _uuid="57221CFF-17EA-4D92-AC7A-2C8F5F07346E" _position="12643929" _address="http://data.sfgov.org/resource/ritf-b9ki/12643929"><incidntnum>150864271</incidntnum><category>NON-CRIMINAL</category><descript>AIDED CASE, MENTAL DISTURBED</descript><dayofweek>Friday</dayofweek><date>2015-10-02T00:00:00</date><time>18:30</time><pddistrict>CENTRAL</pddistrict><resolution>NONE</resolution><address>300 Block of JEFFERSON ST</address><x>-122.418277044979</x><y>37.8079624466014</y><location human_address="{&quot;address&quot;:&quot;&quot;,&quot;city&quot;:&quot;&quot;,&quot;state&quot;:&quot;&quot;,&quot;zip&quot;:&quot;&quot;}" latitude="37.8079624466014" longitude="-122.418277044979" needs_recoding="false"/></row>