<?xml version="1.0" encoding="UTF-8"?><row _id="12647228" _uuid="7F683A7D-7303-44D2-AE86-5F97ACE6C637" _position="12647228" _address="http://data.sfgov.org/resource/ritf-b9ki/12647228"><incidntnum>156247550</incidntnum><category>LARCENY/THEFT</category><descript>GRAND THEFT FROM UNLOCKED AUTO</descript><dayofweek>Wednesday</dayofweek><date>2015-10-07T00:00:00</date><time>19:00</time><pddistrict>CENTRAL</pddistrict><resolution>NONE</resolution><address>0 Block of FRESNO ST</address><x>-122.406749745573</x><y>37.7984850291391</y><location human_address="{&quot;address&quot;:&quot;&quot;,&quot;city&quot;:&quot;&quot;,&quot;state&quot;:&quot;&quot;,&quot;zip&quot;:&quot;&quot;}" latitude="37.7984850291391" longitude="-122.406749745573" needs_recoding="false"/></row>