<?xml version="1.0" encoding="UTF-8"?><row _id="12647506" _uuid="13B74B04-B0A3-4B97-9237-F90F931E6034" _position="12647506" _address="http://data.sfgov.org/resource/ritf-b9ki/12647506"><incidntnum>156249114</incidntnum><category>LARCENY/THEFT</category><descript>GRAND THEFT FROM LOCKED AUTO</descript><dayofweek>Saturday</dayofweek><date>2015-10-03T00:00:00</date><time>17:00</time><pddistrict>INGLESIDE</pddistrict><resolution>NONE</resolution><address>MISSION ST / 30TH ST</address><x>-122.421970919029</x><y>37.7423752245255</y><location human_address="{&quot;address&quot;:&quot;&quot;,&quot;city&quot;:&quot;&quot;,&quot;state&quot;:&quot;&quot;,&quot;zip&quot;:&quot;&quot;}" latitude="37.7423752245255" longitude="-122.421970919029" needs_recoding="false"/></row>