<?xml version="1.0" encoding="UTF-8"?><row _id="12648445" _uuid="13DF6BF3-02B0-4CA5-A3B6-0FD55FE14D91" _position="12648445" _address="http://data.sfgov.org/resource/ritf-b9ki/12648445"><incidntnum>150896688</incidntnum><category>OTHER OFFENSES</category><descript>MISCELLANEOUS INVESTIGATION</descript><dayofweek>Tuesday</dayofweek><date>2015-10-13T00:00:00</date><time>10:43</time><pddistrict>MISSION</pddistrict><resolution>NONE</resolution><address>2100 Block of MISSION ST</address><x>-122.419470488515</x><y>37.7622701739914</y><location human_address="{&quot;address&quot;:&quot;&quot;,&quot;city&quot;:&quot;&quot;,&quot;state&quot;:&quot;&quot;,&quot;zip&quot;:&quot;&quot;}" latitude="37.7622701739914" longitude="-122.419470488515" needs_recoding="false"/></row>