<?xml version="1.0" encoding="UTF-8"?><row _id="12644505" _uuid="ADC7A108-1296-46BE-9D9D-BACF8479B776" _position="12644505" _address="http://data.sfgov.org/resource/ritf-b9ki/12644505"><incidntnum>150867225</incidntnum><category>ROBBERY</category><descript>ATTEMPTED ROBBERY ON THE STREET WITH BODILY FORCE</descript><dayofweek>Saturday</dayofweek><date>2015-10-03T00:00:00</date><time>16:50</time><pddistrict>PARK</pddistrict><resolution>NONE</resolution><address>1100 Block of OAK ST</address><x>-122.438282677734</x><y>37.7730799477749</y><location human_address="{&quot;address&quot;:&quot;&quot;,&quot;city&quot;:&quot;&quot;,&quot;state&quot;:&quot;&quot;,&quot;zip&quot;:&quot;&quot;}" latitude="37.7730799477749" longitude="-122.438282677734" needs_recoding="false"/></row>