<?xml version="1.0" encoding="UTF-8"?><row _id="12645246" _uuid="ED1A1CB1-8E27-464F-9D62-222757D7A56C" _position="12645246" _address="http://data.sfgov.org/resource/ritf-b9ki/12645246"><incidntnum>156245106</incidntnum><category>LARCENY/THEFT</category><descript>GRAND THEFT OF PROPERTY</descript><dayofweek>Monday</dayofweek><date>2015-10-05T00:00:00</date><time>15:30</time><pddistrict>CENTRAL</pddistrict><resolution>NONE</resolution><address>500 Block of PINE ST</address><x>-122.404383062992</x><y>37.7917255614231</y><location human_address="{&quot;address&quot;:&quot;&quot;,&quot;city&quot;:&quot;&quot;,&quot;state&quot;:&quot;&quot;,&quot;zip&quot;:&quot;&quot;}" latitude="37.7917255614231" longitude="-122.404383062992" needs_recoding="false"/></row>