<?xml version="1.0" encoding="UTF-8"?><row _id="12643858" _uuid="B13A6C37-351E-4C6A-9A8E-E78BEA2B7F70" _position="12643858" _address="http://data.sfgov.org/resource/ritf-b9ki/12643858"><incidntnum>150862902</incidntnum><category>LARCENY/THEFT</category><descript>PETTY THEFT FROM LOCKED AUTO</descript><dayofweek>Friday</dayofweek><date>2015-10-02T00:00:00</date><time>09:00</time><pddistrict>INGLESIDE</pddistrict><resolution>NONE</resolution><address>0 Block of BONVIEW ST</address><x>-122.416035979303</x><y>37.7444018187621</y><location human_address="{&quot;address&quot;:&quot;&quot;,&quot;city&quot;:&quot;&quot;,&quot;state&quot;:&quot;&quot;,&quot;zip&quot;:&quot;&quot;}" latitude="37.7444018187621" longitude="-122.416035979303" needs_recoding="false"/></row>