<?xml version="1.0" encoding="UTF-8"?><row _id="12645451" _uuid="CE053D70-D99A-4E61-A747-151BE40BAD1F" _position="12645451" _address="http://data.sfgov.org/resource/ritf-b9ki/12645451"><incidntnum>156246160</incidntnum><category>LARCENY/THEFT</category><descript>GRAND THEFT FROM LOCKED AUTO</descript><dayofweek>Tuesday</dayofweek><date>2015-10-06T00:00:00</date><time>21:00</time><pddistrict>SOUTHERN</pddistrict><resolution>NONE</resolution><address>ALAMEDA ST / RHODEISLAND ST</address><x>-122.402930032237</x><y>37.7686481017534</y><location human_address="{&quot;address&quot;:&quot;&quot;,&quot;city&quot;:&quot;&quot;,&quot;state&quot;:&quot;&quot;,&quot;zip&quot;:&quot;&quot;}" latitude="37.7686481017534" longitude="-122.402930032237" needs_recoding="false"/></row>