<?xml version="1.0" encoding="UTF-8"?><row _id="12643765" _uuid="FC313DFB-DD4E-42F8-B075-5CBF4828FB63" _position="12643765" _address="http://data.sfgov.org/resource/ritf-b9ki/12643765"><incidntnum>150865207</incidntnum><category>NON-CRIMINAL</category><descript>FOUND PROPERTY</descript><dayofweek>Friday</dayofweek><date>2015-10-02T00:00:00</date><time>22:52</time><pddistrict>INGLESIDE</pddistrict><resolution>NONE</resolution><address>LONDON ST / GENEVA AV</address><x>-122.440253342983</x><y>37.7160400107849</y><location human_address="{&quot;address&quot;:&quot;&quot;,&quot;city&quot;:&quot;&quot;,&quot;state&quot;:&quot;&quot;,&quot;zip&quot;:&quot;&quot;}" latitude="37.7160400107849" longitude="-122.440253342983" needs_recoding="false"/></row>