<?xml version="1.0" encoding="UTF-8"?><row _id="12645408" _uuid="0DFD79BD-75DC-4672-B0B2-FDD10C02DCA2" _position="12645408" _address="http://data.sfgov.org/resource/ritf-b9ki/12645408"><incidntnum>150875579</incidntnum><category>WARRANTS</category><descript>ENROUTE TO PAROLE OFFICER</descript><dayofweek>Tuesday</dayofweek><date>2015-10-06T00:00:00</date><time>15:20</time><pddistrict>SOUTHERN</pddistrict><resolution>ARREST, BOOKED</resolution><address>NATOMA ST / 6TH ST</address><x>-122.407693108529</x><y>37.7801630691196</y><location human_address="{&quot;address&quot;:&quot;&quot;,&quot;city&quot;:&quot;&quot;,&quot;state&quot;:&quot;&quot;,&quot;zip&quot;:&quot;&quot;}" latitude="37.7801630691196" longitude="-122.407693108529" needs_recoding="false"/></row>