<?xml version="1.0" encoding="UTF-8"?><row _id="12644504" _uuid="4CD69E57-909F-49D1-A78B-3115C698A62F" _position="12644504" _address="http://data.sfgov.org/resource/ritf-b9ki/12644504"><incidntnum>150865821</incidntnum><category>OTHER OFFENSES</category><descript>MISCELLANEOUS INVESTIGATION</descript><dayofweek>Saturday</dayofweek><date>2015-10-03T00:00:00</date><time>04:10</time><pddistrict>CENTRAL</pddistrict><resolution>NONE</resolution><address>200 Block of CALIFORNIA ST</address><x>-122.399392457561</x><y>37.7933368944757</y><location human_address="{&quot;address&quot;:&quot;&quot;,&quot;city&quot;:&quot;&quot;,&quot;state&quot;:&quot;&quot;,&quot;zip&quot;:&quot;&quot;}" latitude="37.7933368944757" longitude="-122.399392457561" needs_recoding="false"/></row>