<?xml version="1.0" encoding="UTF-8"?><row _id="12645374" _uuid="A4ACAE4B-7A31-49E0-A86E-DCD70957380F" _position="12645374" _address="http://data.sfgov.org/resource/ritf-b9ki/12645374"><incidntnum>150870820</incidntnum><category>OTHER OFFENSES</category><descript>EVADING A POLICE OFFICER RECKLESSLY</descript><dayofweek>Monday</dayofweek><date>2015-10-05T00:00:00</date><time>00:03</time><pddistrict>INGLESIDE</pddistrict><resolution>ARREST, BOOKED</resolution><address>0 Block of MIRABEL AV</address><x>-122.416490513829</x><y>37.7465284344966</y><location human_address="{&quot;address&quot;:&quot;&quot;,&quot;city&quot;:&quot;&quot;,&quot;state&quot;:&quot;&quot;,&quot;zip&quot;:&quot;&quot;}" latitude="37.7465284344966" longitude="-122.416490513829" needs_recoding="false"/></row>