<?xml version="1.0" encoding="UTF-8"?><row _id="12643350" _uuid="EBD8133C-5FD0-4FA0-9F9E-914B739E078C" _position="12643350" _address="http://data.sfgov.org/resource/ritf-b9ki/12643350"><incidntnum>150866108</incidntnum><category>VEHICLE THEFT</category><descript>STOLEN AND RECOVERED VEHICLE</descript><dayofweek>Thursday</dayofweek><date>2015-10-01T00:00:00</date><time>19:00</time><pddistrict>SOUTHERN</pddistrict><resolution>NONE</resolution><address>BRYANT ST / 7TH ST</address><x>-122.404749273533</x><y>37.7742800977454</y><location human_address="{&quot;address&quot;:&quot;&quot;,&quot;city&quot;:&quot;&quot;,&quot;state&quot;:&quot;&quot;,&quot;zip&quot;:&quot;&quot;}" latitude="37.7742800977454" longitude="-122.404749273533" needs_recoding="false"/></row>