<?xml version="1.0" encoding="UTF-8"?><row _id="12648083" _uuid="8A6413F6-E69C-4F69-A13F-7BC36B338AE3" _position="12648083" _address="http://data.sfgov.org/resource/ritf-b9ki/12648083"><incidntnum>150894290</incidntnum><category>NON-CRIMINAL</category><descript>AIDED CASE, MENTAL DISTURBED</descript><dayofweek>Monday</dayofweek><date>2015-10-12T00:00:00</date><time>18:30</time><pddistrict>NORTHERN</pddistrict><resolution>NONE</resolution><address>800 Block of ELLIS ST</address><x>-122.42019129512</x><y>37.7838703920898</y><location human_address="{&quot;address&quot;:&quot;&quot;,&quot;city&quot;:&quot;&quot;,&quot;state&quot;:&quot;&quot;,&quot;zip&quot;:&quot;&quot;}" latitude="37.7838703920898" longitude="-122.42019129512" needs_recoding="false"/></row>