<?xml version="1.0" encoding="UTF-8"?><row _id="12644182" _uuid="59E3FD09-20DC-4D11-9E52-C5E4D78BC6B5" _position="12644182" _address="http://data.sfgov.org/resource/ritf-b9ki/12644182"><incidntnum>150867491</incidntnum><category>OTHER OFFENSES</category><descript>TRAFFIC VIOLATION ARREST</descript><dayofweek>Saturday</dayofweek><date>2015-10-03T00:00:00</date><time>19:07</time><pddistrict>SOUTHERN</pddistrict><resolution>ARREST, BOOKED</resolution><address>NEWMONTGOMERY ST / MISSION ST</address><x>-122.40050441968</x><y>37.7874513289662</y><location human_address="{&quot;address&quot;:&quot;&quot;,&quot;city&quot;:&quot;&quot;,&quot;state&quot;:&quot;&quot;,&quot;zip&quot;:&quot;&quot;}" latitude="37.7874513289662" longitude="-122.40050441968" needs_recoding="false"/></row>