<?xml version="1.0" encoding="UTF-8"?><row _id="12643964" _uuid="35F881FF-5C9B-48F4-A16C-6B2B28F09736" _position="12643964" _address="http://data.sfgov.org/resource/ritf-b9ki/12643964"><incidntnum>150865172</incidntnum><category>ASSAULT</category><descript>INFLICT INJURY ON COHABITEE</descript><dayofweek>Friday</dayofweek><date>2015-10-02T00:00:00</date><time>22:45</time><pddistrict>NORTHERN</pddistrict><resolution>NONE</resolution><address>0 Block of MAGNOLIA ST</address><x>-122.432052436423</x><y>37.8009327418849</y><location human_address="{&quot;address&quot;:&quot;&quot;,&quot;city&quot;:&quot;&quot;,&quot;state&quot;:&quot;&quot;,&quot;zip&quot;:&quot;&quot;}" latitude="37.8009327418849" longitude="-122.432052436423" needs_recoding="false"/></row>