<?xml version="1.0" encoding="UTF-8"?><row _id="12646377" _uuid="8D8A9B90-4A5A-4FFE-8EFB-F9ABD23FE3AC" _position="12646377" _address="http://data.sfgov.org/resource/ritf-b9ki/12646377"><incidntnum>150893593</incidntnum><category>ASSAULT</category><descript>STALKING</descript><dayofweek>Thursday</dayofweek><date>2015-10-08T00:00:00</date><time>05:00</time><pddistrict>BAYVIEW</pddistrict><resolution>ARREST, BOOKED</resolution><address>1500 Block of UNDERWOOD AV</address><x>-122.390894724304</x><y>37.7293119114256</y><location human_address="{&quot;address&quot;:&quot;&quot;,&quot;city&quot;:&quot;&quot;,&quot;state&quot;:&quot;&quot;,&quot;zip&quot;:&quot;&quot;}" latitude="37.7293119114256" longitude="-122.390894724304" needs_recoding="false"/></row>