<?xml version="1.0" encoding="UTF-8"?><row _id="12647020" _uuid="B6860F70-3874-4EEB-B21D-D73A10BE0416" _position="12647020" _address="http://data.sfgov.org/resource/ritf-b9ki/12647020"><incidntnum>150886388</incidntnum><category>LARCENY/THEFT</category><descript>PETTY THEFT FROM LOCKED AUTO</descript><dayofweek>Saturday</dayofweek><date>2015-10-10T00:00:00</date><time>01:00</time><pddistrict>SOUTHERN</pddistrict><resolution>ARREST, BOOKED</resolution><address>300 Block of FOLSOM ST</address><x>-122.392976405511</x><y>37.7884089676788</y><location human_address="{&quot;address&quot;:&quot;&quot;,&quot;city&quot;:&quot;&quot;,&quot;state&quot;:&quot;&quot;,&quot;zip&quot;:&quot;&quot;}" latitude="37.7884089676788" longitude="-122.392976405511" needs_recoding="false"/></row>