<?xml version="1.0" encoding="UTF-8"?><row _id="12651165" _uuid="967FD024-239A-489D-8982-6DBE7E265BC4" _position="12651165" _address="http://data.sfgov.org/resource/ritf-b9ki/12651165"><incidntnum>150915125</incidntnum><category>NON-CRIMINAL</category><descript>CIVIL SIDEWALKS, BOOKING</descript><dayofweek>Monday</dayofweek><date>2015-10-19T00:00:00</date><time>17:56</time><pddistrict>PARK</pddistrict><resolution>ARREST, BOOKED</resolution><address>600 Block of COLE ST</address><x>-122.450545856412</x><y>37.7690591231714</y><location human_address="{&quot;address&quot;:&quot;&quot;,&quot;city&quot;:&quot;&quot;,&quot;state&quot;:&quot;&quot;,&quot;zip&quot;:&quot;&quot;}" latitude="37.7690591231714" longitude="-122.450545856412" needs_recoding="false"/></row>