<?xml version="1.0" encoding="UTF-8"?><row _id="12643438" _uuid="25039A7C-1096-4DA1-8BBA-88AA7E3AFB41" _position="12643438" _address="http://data.sfgov.org/resource/ritf-b9ki/12643438"><incidntnum>150858791</incidntnum><category>NON-CRIMINAL</category><descript>AIDED CASE, INJURED PERSON</descript><dayofweek>Thursday</dayofweek><date>2015-10-01T00:00:00</date><time>01:33</time><pddistrict>NORTHERN</pddistrict><resolution>NONE</resolution><address>1100 Block of LARKIN ST</address><x>-122.418580508889</x><y>37.7881906054546</y><location human_address="{&quot;address&quot;:&quot;&quot;,&quot;city&quot;:&quot;&quot;,&quot;state&quot;:&quot;&quot;,&quot;zip&quot;:&quot;&quot;}" latitude="37.7881906054546" longitude="-122.418580508889" needs_recoding="false"/></row>