<?xml version="1.0" encoding="UTF-8"?><row _id="12643971" _uuid="1F3D4478-907C-4086-8627-03432D210401" _position="12643971" _address="http://data.sfgov.org/resource/ritf-b9ki/12643971"><incidntnum>150865360</incidntnum><category>LARCENY/THEFT</category><descript>PETTY THEFT FROM LOCKED AUTO</descript><dayofweek>Friday</dayofweek><date>2015-10-02T00:00:00</date><time>19:00</time><pddistrict>MISSION</pddistrict><resolution>NONE</resolution><address>2300 Block of 16TH ST</address><x>-122.409529913278</x><y>37.7657184395282</y><location human_address="{&quot;address&quot;:&quot;&quot;,&quot;city&quot;:&quot;&quot;,&quot;state&quot;:&quot;&quot;,&quot;zip&quot;:&quot;&quot;}" latitude="37.7657184395282" longitude="-122.409529913278" needs_recoding="false"/></row>