<?xml version="1.0" encoding="UTF-8"?><row _id="12646590" _uuid="0E0D9C4E-3DDA-4CCE-90F9-E95ECE34DC41" _position="12646590" _address="http://data.sfgov.org/resource/ritf-b9ki/12646590"><incidntnum>150900637</incidntnum><category>NON-CRIMINAL</category><descript>LOST PROPERTY</descript><dayofweek>Friday</dayofweek><date>2015-10-09T00:00:00</date><time>23:00</time><pddistrict>MISSION</pddistrict><resolution>NONE</resolution><address>20TH ST / CAPP ST</address><x>-122.41796448376</x><y>37.7586968166489</y><location human_address="{&quot;address&quot;:&quot;&quot;,&quot;city&quot;:&quot;&quot;,&quot;state&quot;:&quot;&quot;,&quot;zip&quot;:&quot;&quot;}" latitude="37.7586968166489" longitude="-122.41796448376" needs_recoding="false"/></row>