<?xml version="1.0" encoding="UTF-8"?><row _id="12645551" _uuid="3EA2E398-8FD7-4357-A3D0-BA570CAB64F8" _position="12645551" _address="http://data.sfgov.org/resource/ritf-b9ki/12645551"><incidntnum>150875303</incidntnum><category>DRUG/NARCOTIC</category><descript>POSSESSION OF MARIJUANA</descript><dayofweek>Tuesday</dayofweek><date>2015-10-06T00:00:00</date><time>10:20</time><pddistrict>PARK</pddistrict><resolution>NONE</resolution><address>300 Block of LAGUNAHONDA BL</address><x>-122.458680189782</x><y>37.7481554692332</y><location human_address="{&quot;address&quot;:&quot;&quot;,&quot;city&quot;:&quot;&quot;,&quot;state&quot;:&quot;&quot;,&quot;zip&quot;:&quot;&quot;}" latitude="37.7481554692332" longitude="-122.458680189782" needs_recoding="false"/></row>