<?xml version="1.0" encoding="UTF-8"?><row _id="12643940" _uuid="377409F1-29CA-461F-A6AA-8B5A503B9649" _position="12643940" _address="http://data.sfgov.org/resource/ritf-b9ki/12643940"><incidntnum>150864613</incidntnum><category>ASSAULT</category><descript>BATTERY</descript><dayofweek>Friday</dayofweek><date>2015-10-02T00:00:00</date><time>19:49</time><pddistrict>SOUTHERN</pddistrict><resolution>ARREST, BOOKED</resolution><address>400 Block of NATOMA ST</address><x>-122.407039055082</x><y>37.7807565183591</y><location human_address="{&quot;address&quot;:&quot;&quot;,&quot;city&quot;:&quot;&quot;,&quot;state&quot;:&quot;&quot;,&quot;zip&quot;:&quot;&quot;}" latitude="37.7807565183591" longitude="-122.407039055082" needs_recoding="false"/></row>