<?xml version="1.0" encoding="UTF-8"?><row _id="12647785" _uuid="87E8233A-5B21-4B18-ABE2-02117A920BCC" _position="12647785" _address="http://data.sfgov.org/resource/ritf-b9ki/12647785"><incidntnum>156253723</incidntnum><category>LARCENY/THEFT</category><descript>GRAND THEFT FROM LOCKED AUTO</descript><dayofweek>Saturday</dayofweek><date>2015-10-10T00:00:00</date><time>20:00</time><pddistrict>BAYVIEW</pddistrict><resolution>NONE</resolution><address>0 Block of YOUNG CT</address><x>-122.386051860295</x><y>37.7362465179188</y><location human_address="{&quot;address&quot;:&quot;&quot;,&quot;city&quot;:&quot;&quot;,&quot;state&quot;:&quot;&quot;,&quot;zip&quot;:&quot;&quot;}" latitude="37.7362465179188" longitude="-122.386051860295" needs_recoding="false"/></row>