<?xml version="1.0" encoding="UTF-8"?><row _id="12650441" _uuid="446ED621-6976-41C2-99BD-32F5D1184E14" _position="12650441" _address="http://data.sfgov.org/resource/ritf-b9ki/12650441"><incidntnum>150911189</incidntnum><category>DRUG/NARCOTIC</category><descript>POSSESSION OF METH-AMPHETAMINE</descript><dayofweek>Sunday</dayofweek><date>2015-10-18T00:00:00</date><time>12:47</time><pddistrict>SOUTHERN</pddistrict><resolution>ARREST, BOOKED</resolution><address>500 Block of MARKET ST</address><x>-122.399911318801</x><y>37.7905596637863</y><location human_address="{&quot;address&quot;:&quot;&quot;,&quot;city&quot;:&quot;&quot;,&quot;state&quot;:&quot;&quot;,&quot;zip&quot;:&quot;&quot;}" latitude="37.7905596637863" longitude="-122.399911318801" needs_recoding="false"/></row>