<?xml version="1.0" encoding="UTF-8"?><row _id="12648834" _uuid="66E3D9B5-F9B1-490C-8B7E-AAEA38FAB1E9" _position="12648834" _address="http://data.sfgov.org/resource/ritf-b9ki/12648834"><incidntnum>150900988</incidntnum><category>ASSAULT</category><descript>BATTERY</descript><dayofweek>Wednesday</dayofweek><date>2015-10-14T00:00:00</date><time>21:45</time><pddistrict>MISSION</pddistrict><resolution>NONE</resolution><address>600 Block of VALENCIA ST</address><x>-122.421550176461</x><y>37.7621307247611</y><location human_address="{&quot;address&quot;:&quot;&quot;,&quot;city&quot;:&quot;&quot;,&quot;state&quot;:&quot;&quot;,&quot;zip&quot;:&quot;&quot;}" latitude="37.7621307247611" longitude="-122.421550176461" needs_recoding="false"/></row>