<?xml version="1.0" encoding="UTF-8"?><row _id="12645186" _uuid="23C05FDB-87A6-4B61-840F-88400B73CD71" _position="12645186" _address="http://data.sfgov.org/resource/ritf-b9ki/12645186"><incidntnum>150874628</incidntnum><category>VEHICLE THEFT</category><descript>STOLEN TRUCK</descript><dayofweek>Monday</dayofweek><date>2015-10-05T00:00:00</date><time>09:00</time><pddistrict>MISSION</pddistrict><resolution>NONE</resolution><address>400 Block of GUERRERO ST</address><x>-122.424146866925</x><y>37.763953010283</y><location human_address="{&quot;address&quot;:&quot;&quot;,&quot;city&quot;:&quot;&quot;,&quot;state&quot;:&quot;&quot;,&quot;zip&quot;:&quot;&quot;}" latitude="37.763953010283" longitude="-122.424146866925" needs_recoding="false"/></row>