<?xml version="1.0" encoding="UTF-8"?><row _id="12644582" _uuid="983FA390-3592-4610-A086-66370C5781ED" _position="12644582" _address="http://data.sfgov.org/resource/ritf-b9ki/12644582"><incidntnum>150868386</incidntnum><category>ASSAULT</category><descript>BATTERY</descript><dayofweek>Sunday</dayofweek><date>2015-10-04T00:00:00</date><time>03:01</time><pddistrict>SOUTHERN</pddistrict><resolution>NONE</resolution><address>FOLSOM ST / HARRIET ST</address><x>-122.406151482163</x><y>37.7780811278912</y><location human_address="{&quot;address&quot;:&quot;&quot;,&quot;city&quot;:&quot;&quot;,&quot;state&quot;:&quot;&quot;,&quot;zip&quot;:&quot;&quot;}" latitude="37.7780811278912" longitude="-122.406151482163" needs_recoding="false"/></row>