<?xml version="1.0" encoding="UTF-8"?><row _id="12658375" _uuid="47D6EB4D-FAD8-4A42-B9ED-34D7A5B4349A" _position="12658375" _address="http://data.sfgov.org/resource/ritf-b9ki/12658375"><incidntnum>150970834</incidntnum><category>ROBBERY</category><descript>ROBBERY ON THE STREET, STRONGARM</descript><dayofweek>Friday</dayofweek><date>2015-11-06T00:00:00</date><time>21:57</time><pddistrict>SOUTHERN</pddistrict><resolution>NONE</resolution><address>1100 Block of MARKET ST</address><x>-122.413564091744</x><y>37.779514030063</y><location human_address="{&quot;address&quot;:&quot;&quot;,&quot;city&quot;:&quot;&quot;,&quot;state&quot;:&quot;&quot;,&quot;zip&quot;:&quot;&quot;}" latitude="37.779514030063" longitude="-122.413564091744" needs_recoding="false"/></row>