<?xml version="1.0" encoding="UTF-8"?><row _id="12644307" _uuid="4D7E6DF6-02D6-4F6D-92C2-B980E59819D0" _position="12644307" _address="http://data.sfgov.org/resource/ritf-b9ki/12644307"><incidntnum>150866374</incidntnum><category>NON-CRIMINAL</category><descript>AIDED CASE, MENTAL DISTURBED</descript><dayofweek>Saturday</dayofweek><date>2015-10-03T00:00:00</date><time>11:06</time><pddistrict>TARAVAL</pddistrict><resolution>NONE</resolution><address>300 Block of CARDENAS AV</address><x>-122.475200160656</x><y>37.7190562595098</y><location human_address="{&quot;address&quot;:&quot;&quot;,&quot;city&quot;:&quot;&quot;,&quot;state&quot;:&quot;&quot;,&quot;zip&quot;:&quot;&quot;}" latitude="37.7190562595098" longitude="-122.475200160656" needs_recoding="false"/></row>