<?xml version="1.0" encoding="UTF-8"?><row _id="12643805" _uuid="03FD0AD5-CA7E-4B08-86D4-DEC0B5E648E2" _position="12643805" _address="http://data.sfgov.org/resource/ritf-b9ki/12643805"><incidntnum>150864986</incidntnum><category>LARCENY/THEFT</category><descript>GRAND THEFT FROM LOCKED AUTO</descript><dayofweek>Friday</dayofweek><date>2015-10-02T00:00:00</date><time>18:30</time><pddistrict>NORTHERN</pddistrict><resolution>NONE</resolution><address>FILLMORE ST / FULTON ST</address><x>-122.431578618623</x><y>37.7777002216831</y><location human_address="{&quot;address&quot;:&quot;&quot;,&quot;city&quot;:&quot;&quot;,&quot;state&quot;:&quot;&quot;,&quot;zip&quot;:&quot;&quot;}" latitude="37.7777002216831" longitude="-122.431578618623" needs_recoding="false"/></row>