<?xml version="1.0" encoding="UTF-8"?><row _id="12646200" _uuid="A752A525-0950-44B4-9DFB-6699322FCD66" _position="12646200" _address="http://data.sfgov.org/resource/ritf-b9ki/12646200"><incidntnum>150880409</incidntnum><category>OTHER OFFENSES</category><descript>DRIVERS LICENSE, SUSPENDED OR REVOKED</descript><dayofweek>Thursday</dayofweek><date>2015-10-08T00:00:00</date><time>08:42</time><pddistrict>SOUTHERN</pddistrict><resolution>ARREST, BOOKED</resolution><address>100 Block of FREMONT ST</address><x>-122.395368983007</x><y>37.7894863287687</y><location human_address="{&quot;address&quot;:&quot;&quot;,&quot;city&quot;:&quot;&quot;,&quot;state&quot;:&quot;&quot;,&quot;zip&quot;:&quot;&quot;}" latitude="37.7894863287687" longitude="-122.395368983007" needs_recoding="false"/></row>