<?xml version="1.0" encoding="UTF-8"?><row _id="12646243" _uuid="39AEEFEB-97FE-4F17-A2AF-B05234AF32B0" _position="12646243" _address="http://data.sfgov.org/resource/ritf-b9ki/12646243"><incidntnum>150882477</incidntnum><category>ASSAULT</category><descript>BATTERY</descript><dayofweek>Thursday</dayofweek><date>2015-10-08T00:00:00</date><time>14:00</time><pddistrict>BAYVIEW</pddistrict><resolution>NONE</resolution><address>2000 Block of SILVER AV</address><x>-122.399483468572</x><y>37.7360581877632</y><location human_address="{&quot;address&quot;:&quot;&quot;,&quot;city&quot;:&quot;&quot;,&quot;state&quot;:&quot;&quot;,&quot;zip&quot;:&quot;&quot;}" latitude="37.7360581877632" longitude="-122.399483468572" needs_recoding="false"/></row>