<?xml version="1.0" encoding="UTF-8"?><row _id="12643365" _uuid="DA9A959E-63E6-4D22-96FF-A1A72D472E61" _position="12643365" _address="http://data.sfgov.org/resource/ritf-b9ki/12643365"><incidntnum>150861299</incidntnum><category>NON-CRIMINAL</category><descript>AIDED CASE, MENTAL DISTURBED</descript><dayofweek>Thursday</dayofweek><date>2015-10-01T00:00:00</date><time>20:01</time><pddistrict>BAYVIEW</pddistrict><resolution>NONE</resolution><address>EVANS AV / NAPOLEON ST</address><x>-122.396010154384</x><y>37.7472622922066</y><location human_address="{&quot;address&quot;:&quot;&quot;,&quot;city&quot;:&quot;&quot;,&quot;state&quot;:&quot;&quot;,&quot;zip&quot;:&quot;&quot;}" latitude="37.7472622922066" longitude="-122.396010154384" needs_recoding="false"/></row>