<?xml version="1.0" encoding="UTF-8"?><row _id="12643899" _uuid="86849F5E-CDDA-40D2-8E02-BCD6EAC8A5F7" _position="12643899" _address="http://data.sfgov.org/resource/ritf-b9ki/12643899"><incidntnum>150862106</incidntnum><category>OTHER OFFENSES</category><descript>RESISTING ARREST</descript><dayofweek>Friday</dayofweek><date>2015-10-02T00:00:00</date><time>00:01</time><pddistrict>TARAVAL</pddistrict><resolution>ARREST, BOOKED</resolution><address>2400 Block of NORIEGA ST</address><x>-122.489868656046</x><y>37.7535951575186</y><location human_address="{&quot;address&quot;:&quot;&quot;,&quot;city&quot;:&quot;&quot;,&quot;state&quot;:&quot;&quot;,&quot;zip&quot;:&quot;&quot;}" latitude="37.7535951575186" longitude="-122.489868656046" needs_recoding="false"/></row>