<?xml version="1.0" encoding="UTF-8"?><row _id="12670208" _uuid="E4A3B51C-12F1-45F2-A05A-8ADB856487BE" _position="12670208" _address="http://data.sfgov.org/resource/ritf-b9ki/12670208"><incidntnum>156297793</incidntnum><category>LARCENY/THEFT</category><descript>GRAND THEFT FROM LOCKED AUTO</descript><dayofweek>Saturday</dayofweek><date>2015-10-17T00:00:00</date><time>02:24</time><pddistrict>TARAVAL</pddistrict><resolution>NONE</resolution><address>1400 Block of 23RD AV</address><x>-122.481280797162</x><y>37.7605563833487</y><location human_address="{&quot;address&quot;:&quot;&quot;,&quot;city&quot;:&quot;&quot;,&quot;state&quot;:&quot;&quot;,&quot;zip&quot;:&quot;&quot;}" latitude="37.7605563833487" longitude="-122.481280797162" needs_recoding="false"/></row>