<?xml version="1.0" encoding="UTF-8"?><row _id="12648226" _uuid="CE7C14CC-234A-401A-8201-C43BBAACCF8E" _position="12648226" _address="http://data.sfgov.org/resource/ritf-b9ki/12648226"><incidntnum>156253068</incidntnum><category>LARCENY/THEFT</category><descript>GRAND THEFT FROM LOCKED AUTO</descript><dayofweek>Monday</dayofweek><date>2015-10-12T00:00:00</date><time>12:00</time><pddistrict>TARAVAL</pddistrict><resolution>NONE</resolution><address>400 Block of LAWTON ST</address><x>-122.467540525236</x><y>37.7584286583173</y><location human_address="{&quot;address&quot;:&quot;&quot;,&quot;city&quot;:&quot;&quot;,&quot;state&quot;:&quot;&quot;,&quot;zip&quot;:&quot;&quot;}" latitude="37.7584286583173" longitude="-122.467540525236" needs_recoding="false"/></row>