<?xml version="1.0" encoding="UTF-8"?><row _id="12647244" _uuid="EB775313-A8C0-46EC-A724-0A37B25E8520" _position="12647244" _address="http://data.sfgov.org/resource/ritf-b9ki/12647244"><incidntnum>156248360</incidntnum><category>LARCENY/THEFT</category><descript>GRAND THEFT FROM LOCKED AUTO</descript><dayofweek>Wednesday</dayofweek><date>2015-10-07T00:00:00</date><time>19:30</time><pddistrict>NORTHERN</pddistrict><resolution>NONE</resolution><address>900 Block of FILLMORE ST</address><x>-122.431602414547</x><y>37.7781836295712</y><location human_address="{&quot;address&quot;:&quot;&quot;,&quot;city&quot;:&quot;&quot;,&quot;state&quot;:&quot;&quot;,&quot;zip&quot;:&quot;&quot;}" latitude="37.7781836295712" longitude="-122.431602414547" needs_recoding="false"/></row>