<?xml version="1.0" encoding="UTF-8"?><row _id="12645315" _uuid="71EDC1AC-E2B0-4FFD-BDC1-DA2D2C54E531" _position="12645315" _address="http://data.sfgov.org/resource/ritf-b9ki/12645315"><incidntnum>150872070</incidntnum><category>VANDALISM</category><descript>MALICIOUS MISCHIEF, VANDALISM OF VEHICLES</descript><dayofweek>Monday</dayofweek><date>2015-10-05T00:00:00</date><time>13:21</time><pddistrict>SOUTHERN</pddistrict><resolution>ARREST, BOOKED</resolution><address>0 Block of MORRIS ST</address><x>-122.402690596658</x><y>37.777112007478</y><location human_address="{&quot;address&quot;:&quot;&quot;,&quot;city&quot;:&quot;&quot;,&quot;state&quot;:&quot;&quot;,&quot;zip&quot;:&quot;&quot;}" latitude="37.777112007478" longitude="-122.402690596658" needs_recoding="false"/></row>