<?xml version="1.0" encoding="UTF-8"?><row _id="12645213" _uuid="A908D7BA-8C19-4B7E-9B4E-280537B7683D" _position="12645213" _address="http://data.sfgov.org/resource/ritf-b9ki/12645213"><incidntnum>150873749</incidntnum><category>MISSING PERSON</category><descript>FOUND PERSON</descript><dayofweek>Monday</dayofweek><date>2015-10-05T00:00:00</date><time>08:00</time><pddistrict>SOUTHERN</pddistrict><resolution>NONE</resolution><address>0 Block of MOSS ST</address><x>-122.407999186749</x><y>37.7778241673064</y><location human_address="{&quot;address&quot;:&quot;&quot;,&quot;city&quot;:&quot;&quot;,&quot;state&quot;:&quot;&quot;,&quot;zip&quot;:&quot;&quot;}" latitude="37.7778241673064" longitude="-122.407999186749" needs_recoding="false"/></row>