<?xml version="1.0" encoding="UTF-8"?><row _id="12652648" _uuid="722D968F-B6C5-4CE3-94FA-5C7BCE7C5A42" _position="12652648" _address="http://data.sfgov.org/resource/ritf-b9ki/12652648"><incidntnum>150936228</incidntnum><category>FRAUD</category><descript>FRAUDULENT CREDIT APPLICATION</descript><dayofweek>Friday</dayofweek><date>2015-10-23T00:00:00</date><time>12:00</time><pddistrict>CENTRAL</pddistrict><resolution>NONE</resolution><address>300 Block of CALIFORNIA ST</address><x>-122.400564715523</x><y>37.7931875060418</y><location human_address="{&quot;address&quot;:&quot;&quot;,&quot;city&quot;:&quot;&quot;,&quot;state&quot;:&quot;&quot;,&quot;zip&quot;:&quot;&quot;}" latitude="37.7931875060418" longitude="-122.400564715523" needs_recoding="false"/></row>