<?xml version="1.0" encoding="UTF-8"?><row _id="12643720" _uuid="6C410B72-68B9-4242-A1D8-0F346E046ED5" _position="12643720" _address="http://data.sfgov.org/resource/ritf-b9ki/12643720"><incidntnum>150864077</incidntnum><category>OTHER OFFENSES</category><descript>TRAFFIC VIOLATION ARREST</descript><dayofweek>Friday</dayofweek><date>2015-10-02T00:00:00</date><time>17:45</time><pddistrict>SOUTHERN</pddistrict><resolution>ARREST, BOOKED</resolution><address>BRANNAN ST / HARRIET ST</address><x>-122.401519713125</x><y>37.7743844269434</y><location human_address="{&quot;address&quot;:&quot;&quot;,&quot;city&quot;:&quot;&quot;,&quot;state&quot;:&quot;&quot;,&quot;zip&quot;:&quot;&quot;}" latitude="37.7743844269434" longitude="-122.401519713125" needs_recoding="false"/></row>