<?xml version="1.0" encoding="UTF-8"?><row _id="12647592" _uuid="2E6264F2-173A-4ECC-9472-E0A00A950269" _position="12647592" _address="http://data.sfgov.org/resource/ritf-b9ki/12647592"><incidntnum>150891296</incidntnum><category>BURGLARY</category><descript>BURGLARY, HOT PROWL, ATTEMPTED FORCIBLE ENTRY</descript><dayofweek>Sunday</dayofweek><date>2015-10-11T00:00:00</date><time>19:32</time><pddistrict>INGLESIDE</pddistrict><resolution>NONE</resolution><address>100 Block of BRITTON ST</address><x>-122.412741397426</x><y>37.7123588004385</y><location human_address="{&quot;address&quot;:&quot;&quot;,&quot;city&quot;:&quot;&quot;,&quot;state&quot;:&quot;&quot;,&quot;zip&quot;:&quot;&quot;}" latitude="37.7123588004385" longitude="-122.412741397426" needs_recoding="false"/></row>