<?xml version="1.0" encoding="UTF-8"?><row _id="12651143" _uuid="5A699924-EB38-4087-A503-92880D2FC24B" _position="12651143" _address="http://data.sfgov.org/resource/ritf-b9ki/12651143"><incidntnum>150906550</incidntnum><category>OTHER OFFENSES</category><descript>MASSAGE ESTABLISHMENT PERMIT VIOLATION</descript><dayofweek>Friday</dayofweek><date>2015-10-16T00:00:00</date><time>17:39</time><pddistrict>TENDERLOIN</pddistrict><resolution>EXCEPTIONAL CLEARANCE</resolution><address>400 Block of OFARRELL ST</address><x>-122.411747371924</x><y>37.7859988323798</y><location human_address="{&quot;address&quot;:&quot;&quot;,&quot;city&quot;:&quot;&quot;,&quot;state&quot;:&quot;&quot;,&quot;zip&quot;:&quot;&quot;}" latitude="37.7859988323798" longitude="-122.411747371924" needs_recoding="false"/></row>