<?xml version="1.0" encoding="UTF-8"?><row _id="12679147" _uuid="BEFDF020-A82A-429D-8781-F83568984D35" _position="12679147" _address="http://data.sfgov.org/resource/ritf-b9ki/12679147"><incidntnum>160022964</incidntnum><category>OTHER OFFENSES</category><descript>LOST/STOLEN LICENSE PLATE</descript><dayofweek>Monday</dayofweek><date>2015-10-05T00:00:00</date><time>12:00</time><pddistrict>MISSION</pddistrict><resolution>NONE</resolution><address>700 Block of HAMPSHIRE ST</address><x>-122.407931898254</x><y>37.7599448549562</y><location human_address="{&quot;address&quot;:&quot;&quot;,&quot;city&quot;:&quot;&quot;,&quot;state&quot;:&quot;&quot;,&quot;zip&quot;:&quot;&quot;}" latitude="37.7599448549562" longitude="-122.407931898254" needs_recoding="false"/></row>