<?xml version="1.0" encoding="UTF-8"?><row _id="12646996" _uuid="40741A71-D6D3-4BBF-9576-FC27EFA22B29" _position="12646996" _address="http://data.sfgov.org/resource/ritf-b9ki/12646996"><incidntnum>156246803</incidntnum><category>LARCENY/THEFT</category><descript>GRAND THEFT FROM LOCKED AUTO</descript><dayofweek>Sunday</dayofweek><date>2015-10-04T00:00:00</date><time>08:15</time><pddistrict>PARK</pddistrict><resolution>NONE</resolution><address>OAK ST / ASHBURY ST</address><x>-122.447314537469</x><y>37.7718760580638</y><location human_address="{&quot;address&quot;:&quot;&quot;,&quot;city&quot;:&quot;&quot;,&quot;state&quot;:&quot;&quot;,&quot;zip&quot;:&quot;&quot;}" latitude="37.7718760580638" longitude="-122.447314537469" needs_recoding="false"/></row>