<?xml version="1.0" encoding="UTF-8"?><row _id="12648462" _uuid="5B9D76EE-3B7A-45E9-A4C8-313DC9D07A6C" _position="12648462" _address="http://data.sfgov.org/resource/ritf-b9ki/12648462"><incidntnum>150897517</incidntnum><category>NON-CRIMINAL</category><descript>AIDED CASE</descript><dayofweek>Tuesday</dayofweek><date>2015-10-13T00:00:00</date><time>18:48</time><pddistrict>SOUTHERN</pddistrict><resolution>NONE</resolution><address>100 Block of THE EMBARCADEROSOUTH ST</address><x>-122.394670134268</x><y>37.7953311868128</y><location human_address="{&quot;address&quot;:&quot;&quot;,&quot;city&quot;:&quot;&quot;,&quot;state&quot;:&quot;&quot;,&quot;zip&quot;:&quot;&quot;}" latitude="37.7953311868128" longitude="-122.394670134268" needs_recoding="false"/></row>