<?xml version="1.0" encoding="UTF-8"?><row _id="12643387" _uuid="FA8C313D-0D31-4C9B-9C61-05956A988D66" _position="12643387" _address="http://data.sfgov.org/resource/ritf-b9ki/12643387"><incidntnum>156245463</incidntnum><category>NON-CRIMINAL</category><descript>LOST PROPERTY</descript><dayofweek>Thursday</dayofweek><date>2015-10-01T00:00:00</date><time>20:20</time><pddistrict>SOUTHERN</pddistrict><resolution>NONE</resolution><address>2ND ST / BRYANT ST</address><x>-122.393622739343</x><y>37.7830791191471</y><location human_address="{&quot;address&quot;:&quot;&quot;,&quot;city&quot;:&quot;&quot;,&quot;state&quot;:&quot;&quot;,&quot;zip&quot;:&quot;&quot;}" latitude="37.7830791191471" longitude="-122.393622739343" needs_recoding="false"/></row>