<?xml version="1.0" encoding="UTF-8"?><row _id="12643801" _uuid="50FC6DB9-AF0B-4386-A974-FF203DD8412D" _position="12643801" _address="http://data.sfgov.org/resource/ritf-b9ki/12643801"><incidntnum>150836446</incidntnum><category>OTHER OFFENSES</category><descript>MISCELLANEOUS INVESTIGATION</descript><dayofweek>Thursday</dayofweek><date>2015-10-01T00:00:00</date><time>10:05</time><pddistrict>RICHMOND</pddistrict><resolution>NONE</resolution><address>FULTON ST / 22ND AV</address><x>-122.480980581059</x><y>37.7727160506722</y><location human_address="{&quot;address&quot;:&quot;&quot;,&quot;city&quot;:&quot;&quot;,&quot;state&quot;:&quot;&quot;,&quot;zip&quot;:&quot;&quot;}" latitude="37.7727160506722" longitude="-122.480980581059" needs_recoding="false"/></row>