<?xml version="1.0" encoding="UTF-8"?><row _id="12651125" _uuid="D36879DF-13E2-4A22-BE69-1D32E600D200" _position="12651125" _address="http://data.sfgov.org/resource/ritf-b9ki/12651125"><incidntnum>150915062</incidntnum><category>STOLEN PROPERTY</category><descript>STOLEN ACCESS CARD, POSSESSION</descript><dayofweek>Monday</dayofweek><date>2015-10-19T00:00:00</date><time>18:30</time><pddistrict>NORTHERN</pddistrict><resolution>ARREST, BOOKED</resolution><address>500 Block of IVY ST</address><x>-122.42718841022</x><y>37.7767686999004</y><location human_address="{&quot;address&quot;:&quot;&quot;,&quot;city&quot;:&quot;&quot;,&quot;state&quot;:&quot;&quot;,&quot;zip&quot;:&quot;&quot;}" latitude="37.7767686999004" longitude="-122.42718841022" needs_recoding="false"/></row>