<?xml version="1.0" encoding="UTF-8"?><row _id="12644096" _uuid="B6B980A1-6F99-4432-988C-C502B888B7CD" _position="12644096" _address="http://data.sfgov.org/resource/ritf-b9ki/12644096"><incidntnum>156242992</incidntnum><category>VANDALISM</category><descript>MALICIOUS MISCHIEF, VANDALISM</descript><dayofweek>Friday</dayofweek><date>2015-10-02T00:00:00</date><time>21:30</time><pddistrict>RICHMOND</pddistrict><resolution>NONE</resolution><address>500 Block of 25TH AV</address><x>-122.484731526251</x><y>37.7791076311023</y><location human_address="{&quot;address&quot;:&quot;&quot;,&quot;city&quot;:&quot;&quot;,&quot;state&quot;:&quot;&quot;,&quot;zip&quot;:&quot;&quot;}" latitude="37.7791076311023" longitude="-122.484731526251" needs_recoding="false"/></row>