<?xml version="1.0" encoding="UTF-8"?><row _id="12647813" _uuid="90037412-8B07-49D1-9D31-203B6E4D2F0D" _position="12647813" _address="http://data.sfgov.org/resource/ritf-b9ki/12647813"><incidntnum>150890834</incidntnum><category>LARCENY/THEFT</category><descript>GRAND THEFT FROM A BUILDING</descript><dayofweek>Sunday</dayofweek><date>2015-10-11T00:00:00</date><time>06:00</time><pddistrict>RICHMOND</pddistrict><resolution>NONE</resolution><address>500 Block of 17TH AV</address><x>-122.475886375404</x><y>37.7776087618962</y><location human_address="{&quot;address&quot;:&quot;&quot;,&quot;city&quot;:&quot;&quot;,&quot;state&quot;:&quot;&quot;,&quot;zip&quot;:&quot;&quot;}" latitude="37.7776087618962" longitude="-122.475886375404" needs_recoding="false"/></row>