<?xml version="1.0" encoding="UTF-8"?><row _id="12651561" _uuid="AF180230-C84A-4B35-93D7-D34440C46D60" _position="12651561" _address="http://data.sfgov.org/resource/ritf-b9ki/12651561"><incidntnum>150916333</incidntnum><category>STOLEN PROPERTY</category><descript>STOLEN PROPERTY, POSSESSION WITH KNOWLEDGE, RECEIVING</descript><dayofweek>Tuesday</dayofweek><date>2015-10-20T00:00:00</date><time>08:20</time><pddistrict>TARAVAL</pddistrict><resolution>ARREST, BOOKED</resolution><address>2200 Block of GREAT HY</address><x>-122.507245187757</x><y>37.7444515250052</y><location human_address="{&quot;address&quot;:&quot;&quot;,&quot;city&quot;:&quot;&quot;,&quot;state&quot;:&quot;&quot;,&quot;zip&quot;:&quot;&quot;}" latitude="37.7444515250052" longitude="-122.507245187757" needs_recoding="false"/></row>