<?xml version="1.0" encoding="UTF-8"?><row _id="12643953" _uuid="81003AF4-3A4C-4B61-BAB1-3F918E4B4231" _position="12643953" _address="http://data.sfgov.org/resource/ritf-b9ki/12643953"><incidntnum>150864964</incidntnum><category>NON-CRIMINAL</category><descript>AIDED CASE, MENTAL DISTURBED</descript><dayofweek>Friday</dayofweek><date>2015-10-02T00:00:00</date><time>21:45</time><pddistrict>BAYVIEW</pddistrict><resolution>NONE</resolution><address>900 Block of 23RD ST</address><x>-122.389509728665</x><y>37.7553540860117</y><location human_address="{&quot;address&quot;:&quot;&quot;,&quot;city&quot;:&quot;&quot;,&quot;state&quot;:&quot;&quot;,&quot;zip&quot;:&quot;&quot;}" latitude="37.7553540860117" longitude="-122.389509728665" needs_recoding="false"/></row>