<?xml version="1.0" encoding="UTF-8"?><row _id="12644764" _uuid="7679D8B1-21B5-4B49-ADC6-988327C7685D" _position="12644764" _address="http://data.sfgov.org/resource/ritf-b9ki/12644764"><incidntnum>150868433</incidntnum><category>MISSING PERSON</category><descript>FOUND PERSON</descript><dayofweek>Sunday</dayofweek><date>2015-10-04T00:00:00</date><time>02:20</time><pddistrict>PARK</pddistrict><resolution>NONE</resolution><address>1000 Block of FELL ST</address><x>-122.435122669886</x><y>37.7743200394152</y><location human_address="{&quot;address&quot;:&quot;&quot;,&quot;city&quot;:&quot;&quot;,&quot;state&quot;:&quot;&quot;,&quot;zip&quot;:&quot;&quot;}" latitude="37.7743200394152" longitude="-122.435122669886" needs_recoding="false"/></row>