<?xml version="1.0" encoding="UTF-8"?><row _id="12643977" _uuid="0CA23AD5-C44C-45C0-875E-35E379BD2299" _position="12643977" _address="http://data.sfgov.org/resource/ritf-b9ki/12643977"><incidntnum>150865702</incidntnum><category>LARCENY/THEFT</category><descript>GRAND THEFT FROM LOCKED AUTO</descript><dayofweek>Friday</dayofweek><date>2015-10-02T00:00:00</date><time>20:00</time><pddistrict>SOUTHERN</pddistrict><resolution>NONE</resolution><address>1400 Block of HARRISON ST</address><x>-122.411939261411</x><y>37.7711341126595</y><location human_address="{&quot;address&quot;:&quot;&quot;,&quot;city&quot;:&quot;&quot;,&quot;state&quot;:&quot;&quot;,&quot;zip&quot;:&quot;&quot;}" latitude="37.7711341126595" longitude="-122.411939261411" needs_recoding="false"/></row>