<?xml version="1.0" encoding="UTF-8"?><row _id="12653630" _uuid="96716376-162D-4BF3-A4CC-91AB0DE04B0D" _position="12653630" _address="http://data.sfgov.org/resource/ritf-b9ki/12653630"><incidntnum>156265223</incidntnum><category>LARCENY/THEFT</category><descript>PETTY THEFT OF PROPERTY</descript><dayofweek>Saturday</dayofweek><date>2015-10-03T00:00:00</date><time>18:15</time><pddistrict>RICHMOND</pddistrict><resolution>NONE</resolution><address>1400 Block of BRODERICK ST</address><x>-122.441371352148</x><y>37.7838710811201</y><location human_address="{&quot;address&quot;:&quot;&quot;,&quot;city&quot;:&quot;&quot;,&quot;state&quot;:&quot;&quot;,&quot;zip&quot;:&quot;&quot;}" latitude="37.7838710811201" longitude="-122.441371352148" needs_recoding="false"/></row>