<?xml version="1.0" encoding="UTF-8"?><row _id="12646337" _uuid="902F6ED1-C7EA-48ED-B981-A4D141E02543" _position="12646337" _address="http://data.sfgov.org/resource/ritf-b9ki/12646337"><incidntnum>150882013</incidntnum><category>NON-CRIMINAL</category><descript>DEATH REPORT, CAUSE UNKNOWN</descript><dayofweek>Thursday</dayofweek><date>2015-10-08T00:00:00</date><time>14:00</time><pddistrict>RICHMOND</pddistrict><resolution>NONE</resolution><address>500 Block of 40TH AV</address><x>-122.500798936879</x><y>37.7783711459087</y><location human_address="{&quot;address&quot;:&quot;&quot;,&quot;city&quot;:&quot;&quot;,&quot;state&quot;:&quot;&quot;,&quot;zip&quot;:&quot;&quot;}" latitude="37.7783711459087" longitude="-122.500798936879" needs_recoding="false"/></row>