<?xml version="1.0" encoding="UTF-8"?><row _id="12644189" _uuid="20918E14-49CD-41B5-9FDF-111301FA57D8" _position="12644189" _address="http://data.sfgov.org/resource/ritf-b9ki/12644189"><incidntnum>150865837</incidntnum><category>NON-CRIMINAL</category><descript>AIDED CASE, MENTAL DISTURBED</descript><dayofweek>Saturday</dayofweek><date>2015-10-03T00:00:00</date><time>05:10</time><pddistrict>BAYVIEW</pddistrict><resolution>NONE</resolution><address>3RD ST / PALOU AV</address><x>-122.390971734551</x><y>37.7340152180723</y><location human_address="{&quot;address&quot;:&quot;&quot;,&quot;city&quot;:&quot;&quot;,&quot;state&quot;:&quot;&quot;,&quot;zip&quot;:&quot;&quot;}" latitude="37.7340152180723" longitude="-122.390971734551" needs_recoding="false"/></row>