<?xml version="1.0" encoding="UTF-8"?><row _id="12643898" _uuid="C4070C52-5A76-4CE0-BD23-04ACB183AFE4" _position="12643898" _address="http://data.sfgov.org/resource/ritf-b9ki/12643898"><incidntnum>150862106</incidntnum><category>DRUNKENNESS</category><descript>UNDER INFLUENCE OF ALCOHOL IN A PUBLIC PLACE</descript><dayofweek>Friday</dayofweek><date>2015-10-02T00:00:00</date><time>00:01</time><pddistrict>TARAVAL</pddistrict><resolution>ARREST, BOOKED</resolution><address>2400 Block of NORIEGA ST</address><x>-122.489868656046</x><y>37.7535951575186</y><location human_address="{&quot;address&quot;:&quot;&quot;,&quot;city&quot;:&quot;&quot;,&quot;state&quot;:&quot;&quot;,&quot;zip&quot;:&quot;&quot;}" latitude="37.7535951575186" longitude="-122.489868656046" needs_recoding="false"/></row>