<?xml version="1.0" encoding="UTF-8"?><row _id="12645641" _uuid="BF17AD9D-84EC-46E6-AC6C-6BEA9C0FAF45" _position="12645641" _address="http://data.sfgov.org/resource/ritf-b9ki/12645641"><incidntnum>150877791</incidntnum><category>LARCENY/THEFT</category><descript>GRAND THEFT FROM A BUILDING</descript><dayofweek>Tuesday</dayofweek><date>2015-10-06T00:00:00</date><time>11:20</time><pddistrict>CENTRAL</pddistrict><resolution>ARREST, BOOKED</resolution><address>100 Block of CALIFORNIA ST</address><x>-122.39821721889</x><y>37.793486649905</y><location human_address="{&quot;address&quot;:&quot;&quot;,&quot;city&quot;:&quot;&quot;,&quot;state&quot;:&quot;&quot;,&quot;zip&quot;:&quot;&quot;}" latitude="37.793486649905" longitude="-122.39821721889" needs_recoding="false"/></row>