<?xml version="1.0" encoding="UTF-8"?><row _id="12643767" _uuid="8800E55B-0FE0-4CD9-9710-A8842634309A" _position="12643767" _address="http://data.sfgov.org/resource/ritf-b9ki/12643767"><incidntnum>150865304</incidntnum><category>LARCENY/THEFT</category><descript>GRAND THEFT FROM LOCKED AUTO</descript><dayofweek>Friday</dayofweek><date>2015-10-02T00:00:00</date><time>22:30</time><pddistrict>SOUTHERN</pddistrict><resolution>NONE</resolution><address>MISSION ST / 6TH ST</address><x>-122.408710606663</x><y>37.7809706722053</y><location human_address="{&quot;address&quot;:&quot;&quot;,&quot;city&quot;:&quot;&quot;,&quot;state&quot;:&quot;&quot;,&quot;zip&quot;:&quot;&quot;}" latitude="37.7809706722053" longitude="-122.408710606663" needs_recoding="false"/></row>