<?xml version="1.0" encoding="UTF-8"?><row _id="12647633" _uuid="0E0702A6-2588-4324-915F-1C64F1FEF96A" _position="12647633" _address="http://data.sfgov.org/resource/ritf-b9ki/12647633"><incidntnum>150891246</incidntnum><category>KIDNAPPING</category><descript>CHILD STEALING</descript><dayofweek>Sunday</dayofweek><date>2015-10-11T00:00:00</date><time>18:00</time><pddistrict>INGLESIDE</pddistrict><resolution>NONE</resolution><address>0 Block of SGTJOHNVYOUNG LN</address><x>-122.444707063455</x><y>37.7249307267936</y><location human_address="{&quot;address&quot;:&quot;&quot;,&quot;city&quot;:&quot;&quot;,&quot;state&quot;:&quot;&quot;,&quot;zip&quot;:&quot;&quot;}" latitude="37.7249307267936" longitude="-122.444707063455" needs_recoding="false"/></row>