<?xml version="1.0" encoding="UTF-8"?><row _id="12659912" _uuid="A2A5C4EC-D787-4EA8-A59D-DDC9301A9B1E" _position="12659912" _address="http://data.sfgov.org/resource/ritf-b9ki/12659912"><incidntnum>150981336</incidntnum><category>LARCENY/THEFT</category><descript>GRAND THEFT FROM LOCKED AUTO</descript><dayofweek>Tuesday</dayofweek><date>2015-11-10T00:00:00</date><time>15:40</time><pddistrict>RICHMOND</pddistrict><resolution>NONE</resolution><address>300 Block of 32ND AV</address><x>-122.49248913097</x><y>37.7822906641847</y><location human_address="{&quot;address&quot;:&quot;&quot;,&quot;city&quot;:&quot;&quot;,&quot;state&quot;:&quot;&quot;,&quot;zip&quot;:&quot;&quot;}" latitude="37.7822906641847" longitude="-122.49248913097" needs_recoding="false"/></row>