<?xml version="1.0" encoding="UTF-8"?><row _id="12644741" _uuid="25E73797-E322-463F-BD56-D409F491BDD7" _position="12644741" _address="http://data.sfgov.org/resource/ritf-b9ki/12644741"><incidntnum>150870262</incidntnum><category>VEHICLE THEFT</category><descript>STOLEN AUTOMOBILE</descript><dayofweek>Sunday</dayofweek><date>2015-10-04T00:00:00</date><time>10:30</time><pddistrict>TARAVAL</pddistrict><resolution>NONE</resolution><address>4500 Block of LINCOLN WY</address><x>-122.506745150219</x><y>37.7642381778035</y><location human_address="{&quot;address&quot;:&quot;&quot;,&quot;city&quot;:&quot;&quot;,&quot;state&quot;:&quot;&quot;,&quot;zip&quot;:&quot;&quot;}" latitude="37.7642381778035" longitude="-122.506745150219" needs_recoding="false"/></row>