<?xml version="1.0" encoding="UTF-8"?><row _id="12643919" _uuid="4D6EBB6D-5A14-4A9C-A70D-70CA2D202DF8" _position="12643919" _address="http://data.sfgov.org/resource/ritf-b9ki/12643919"><incidntnum>150863530</incidntnum><category>MISSING PERSON</category><descript>FOUND PERSON</descript><dayofweek>Friday</dayofweek><date>2015-10-02T00:00:00</date><time>14:00</time><pddistrict>BAYVIEW</pddistrict><resolution>NONE</resolution><address>1500 Block of SILVER AV</address><x>-122.406092270691</x><y>37.7323483235069</y><location human_address="{&quot;address&quot;:&quot;&quot;,&quot;city&quot;:&quot;&quot;,&quot;state&quot;:&quot;&quot;,&quot;zip&quot;:&quot;&quot;}" latitude="37.7323483235069" longitude="-122.406092270691" needs_recoding="false"/></row>