<?xml version="1.0" encoding="UTF-8"?><row _id="12646976" _uuid="6247A1EF-CFD3-4A9F-9F8C-2F6282CA91E2" _position="12646976" _address="http://data.sfgov.org/resource/ritf-b9ki/12646976"><incidntnum>150895674</incidntnum><category>VANDALISM</category><descript>MALICIOUS MISCHIEF, TIRE SLASHING</descript><dayofweek>Saturday</dayofweek><date>2015-10-10T00:00:00</date><time>11:00</time><pddistrict>INGLESIDE</pddistrict><resolution>NONE</resolution><address>MISSION ST / APPLETON AV</address><x>-122.42395150775</x><y>37.73884330767</y><location human_address="{&quot;address&quot;:&quot;&quot;,&quot;city&quot;:&quot;&quot;,&quot;state&quot;:&quot;&quot;,&quot;zip&quot;:&quot;&quot;}" latitude="37.73884330767" longitude="-122.42395150775" needs_recoding="false"/></row>