<?xml version="1.0" encoding="UTF-8"?><row _id="12647966" _uuid="49B34436-8324-4B60-8EA7-37DC390D10F5" _position="12647966" _address="http://data.sfgov.org/resource/ritf-b9ki/12647966"><incidntnum>150894911</incidntnum><category>OTHER OFFENSES</category><descript>PAROLE VIOLATION</descript><dayofweek>Monday</dayofweek><date>2015-10-12T00:00:00</date><time>22:40</time><pddistrict>BAYVIEW</pddistrict><resolution>ARREST, BOOKED</resolution><address>3RD ST / LASALLE AV</address><x>-122.389865610332</x><y>37.7371699446203</y><location human_address="{&quot;address&quot;:&quot;&quot;,&quot;city&quot;:&quot;&quot;,&quot;state&quot;:&quot;&quot;,&quot;zip&quot;:&quot;&quot;}" latitude="37.7371699446203" longitude="-122.389865610332" needs_recoding="false"/></row>