<?xml version="1.0" encoding="UTF-8"?><row _id="12646554" _uuid="982EAF87-E9B8-4F7F-9F3F-84B89ED4CEDE" _position="12646554" _address="http://data.sfgov.org/resource/ritf-b9ki/12646554"><incidntnum>150883594</incidntnum><category>OTHER OFFENSES</category><descript>TRAFFIC VIOLATION ARREST</descript><dayofweek>Friday</dayofweek><date>2015-10-09T00:00:00</date><time>08:08</time><pddistrict>NORTHERN</pddistrict><resolution>ARREST, BOOKED</resolution><address>BUSH ST / FILLMORE ST</address><x>-122.433461662619</x><y>37.7870198718253</y><location human_address="{&quot;address&quot;:&quot;&quot;,&quot;city&quot;:&quot;&quot;,&quot;state&quot;:&quot;&quot;,&quot;zip&quot;:&quot;&quot;}" latitude="37.7870198718253" longitude="-122.433461662619" needs_recoding="false"/></row>