<?xml version="1.0" encoding="UTF-8"?><row _id="12644560" _uuid="AADEEABC-A701-4E1F-B41C-B9AA1DF71CF9" _position="12644560" _address="http://data.sfgov.org/resource/ritf-b9ki/12644560"><incidntnum>150866932</incidntnum><category>SUSPICIOUS OCC</category><descript>INVESTIGATIVE DETENTION</descript><dayofweek>Saturday</dayofweek><date>2015-10-03T00:00:00</date><time>14:34</time><pddistrict>MISSION</pddistrict><resolution>NONE</resolution><address>2000 Block of MISSION ST</address><x>-122.41965834371</x><y>37.7642205603745</y><location human_address="{&quot;address&quot;:&quot;&quot;,&quot;city&quot;:&quot;&quot;,&quot;state&quot;:&quot;&quot;,&quot;zip&quot;:&quot;&quot;}" latitude="37.7642205603745" longitude="-122.41965834371" needs_recoding="false"/></row>