<?xml version="1.0" encoding="UTF-8"?><row _id="12644750" _uuid="5076CB2E-1510-462F-9620-0099EC631B52" _position="12644750" _address="http://data.sfgov.org/resource/ritf-b9ki/12644750"><incidntnum>150870535</incidntnum><category>OTHER OFFENSES</category><descript>CRUELTY TO ANIMALS</descript><dayofweek>Sunday</dayofweek><date>2015-10-04T00:00:00</date><time>21:20</time><pddistrict>TENDERLOIN</pddistrict><resolution>NONE</resolution><address>400 Block of ELLIS ST</address><x>-122.413609328985</x><y>37.784696907904</y><location human_address="{&quot;address&quot;:&quot;&quot;,&quot;city&quot;:&quot;&quot;,&quot;state&quot;:&quot;&quot;,&quot;zip&quot;:&quot;&quot;}" latitude="37.784696907904" longitude="-122.413609328985" needs_recoding="false"/></row>