<?xml version="1.0" encoding="UTF-8"?><row _id="12645271" _uuid="CDA881C7-7C9D-465F-9BE9-25D96F181FD9" _position="12645271" _address="http://data.sfgov.org/resource/ritf-b9ki/12645271"><incidntnum>150875773</incidntnum><category>VANDALISM</category><descript>MALICIOUS MISCHIEF, BREAKING WINDOWS</descript><dayofweek>Monday</dayofweek><date>2015-10-05T00:00:00</date><time>20:45</time><pddistrict>MISSION</pddistrict><resolution>NONE</resolution><address>1700 Block of FOLSOM ST</address><x>-122.415543452448</x><y>37.7689495838525</y><location human_address="{&quot;address&quot;:&quot;&quot;,&quot;city&quot;:&quot;&quot;,&quot;state&quot;:&quot;&quot;,&quot;zip&quot;:&quot;&quot;}" latitude="37.7689495838525" longitude="-122.415543452448" needs_recoding="false"/></row>