<?xml version="1.0" encoding="UTF-8"?><row _id="12651704" _uuid="EACBACFF-D4FB-4D5C-B123-A2C60343B95D" _position="12651704" _address="http://data.sfgov.org/resource/ritf-b9ki/12651704"><incidntnum>150921865</incidntnum><category>ROBBERY</category><descript>ROBBERY, BODILY FORCE</descript><dayofweek>Wednesday</dayofweek><date>2015-10-21T00:00:00</date><time>20:39</time><pddistrict>SOUTHERN</pddistrict><resolution>NONE</resolution><address>600 Block of MINNA ST</address><x>-122.412315780647</x><y>37.777343040466</y><location human_address="{&quot;address&quot;:&quot;&quot;,&quot;city&quot;:&quot;&quot;,&quot;state&quot;:&quot;&quot;,&quot;zip&quot;:&quot;&quot;}" latitude="37.777343040466" longitude="-122.412315780647" needs_recoding="false"/></row>