<?xml version="1.0" encoding="UTF-8"?><row _id="12653995" _uuid="B2C90577-59A4-40E3-AB56-129EFAC6BBD9" _position="12653995" _address="http://data.sfgov.org/resource/ritf-b9ki/12653995"><incidntnum>150936488</incidntnum><category>ROBBERY</category><descript>ROBBERY OF A BANK WITH A DANGEROUS WEAPON</descript><dayofweek>Monday</dayofweek><date>2015-10-26T00:00:00</date><time>15:25</time><pddistrict>CENTRAL</pddistrict><resolution>NONE</resolution><address>1000 Block of STOCKTON ST</address><x>-122.408236208765</x><y>37.7953821757057</y><location human_address="{&quot;address&quot;:&quot;&quot;,&quot;city&quot;:&quot;&quot;,&quot;state&quot;:&quot;&quot;,&quot;zip&quot;:&quot;&quot;}" latitude="37.7953821757057" longitude="-122.408236208765" needs_recoding="false"/></row>