<?xml version="1.0" encoding="UTF-8"?><row _id="12643839" _uuid="3CFFD93F-2214-4A83-A08B-66EACD815D87" _position="12643839" _address="http://data.sfgov.org/resource/ritf-b9ki/12643839"><incidntnum>150862770</incidntnum><category>VANDALISM</category><descript>MALICIOUS MISCHIEF, VANDALISM</descript><dayofweek>Friday</dayofweek><date>2015-10-02T00:00:00</date><time>02:40</time><pddistrict>BAYVIEW</pddistrict><resolution>NONE</resolution><address>100 Block of UNIVERSITY ST</address><x>-122.414637633249</x><y>37.7280628650399</y><location human_address="{&quot;address&quot;:&quot;&quot;,&quot;city&quot;:&quot;&quot;,&quot;state&quot;:&quot;&quot;,&quot;zip&quot;:&quot;&quot;}" latitude="37.7280628650399" longitude="-122.414637633249" needs_recoding="false"/></row>