<?xml version="1.0" encoding="UTF-8"?><row _id="12645631" _uuid="0A55A03F-D721-4ED6-BB2E-521362E058E7" _position="12645631" _address="http://data.sfgov.org/resource/ritf-b9ki/12645631"><incidntnum>150876555</incidntnum><category>MISSING PERSON</category><descript>MISSING JUVENILE</descript><dayofweek>Tuesday</dayofweek><date>2015-10-06T00:00:00</date><time>22:45</time><pddistrict>BAYVIEW</pddistrict><resolution>NONE</resolution><address>0 Block of REUEL CT</address><x>-122.382919646324</x><y>37.7364122533313</y><location human_address="{&quot;address&quot;:&quot;&quot;,&quot;city&quot;:&quot;&quot;,&quot;state&quot;:&quot;&quot;,&quot;zip&quot;:&quot;&quot;}" latitude="37.7364122533313" longitude="-122.382919646324" needs_recoding="false"/></row>