<?xml version="1.0" encoding="UTF-8"?><row _id="12646061" _uuid="B4F90D4E-4C2F-4414-A4E3-B4DCF31A83EC" _position="12646061" _address="http://data.sfgov.org/resource/ritf-b9ki/12646061"><incidntnum>150877757</incidntnum><category>BURGLARY</category><descript>BURGLARY, VEHICLE (ARREST MADE)</descript><dayofweek>Wednesday</dayofweek><date>2015-10-07T00:00:00</date><time>12:00</time><pddistrict>NORTHERN</pddistrict><resolution>ARREST, BOOKED</resolution><address>3600 Block of LYON ST</address><x>-122.44827840533</x><y>37.804271887891</y><location human_address="{&quot;address&quot;:&quot;&quot;,&quot;city&quot;:&quot;&quot;,&quot;state&quot;:&quot;&quot;,&quot;zip&quot;:&quot;&quot;}" latitude="37.804271887891" longitude="-122.44827840533" needs_recoding="false"/></row>