<?xml version="1.0" encoding="UTF-8"?><row _id="12668035" _uuid="2D35C6C3-EF86-4925-B172-3F2E405C33F3" _position="12668035" _address="http://data.sfgov.org/resource/ritf-b9ki/12668035"><incidntnum>151040428</incidntnum><category>LARCENY/THEFT</category><descript>PETTY THEFT FROM LOCKED AUTO</descript><dayofweek>Monday</dayofweek><date>2015-11-30T00:00:00</date><time>19:45</time><pddistrict>SOUTHERN</pddistrict><resolution>NONE</resolution><address>700 Block of FOLSOM ST</address><x>-122.399724574663</x><y>37.7832351787318</y><location human_address="{&quot;address&quot;:&quot;&quot;,&quot;city&quot;:&quot;&quot;,&quot;state&quot;:&quot;&quot;,&quot;zip&quot;:&quot;&quot;}" latitude="37.7832351787318" longitude="-122.399724574663" needs_recoding="false"/></row>