<?xml version="1.0" encoding="UTF-8"?><row _id="12643754" _uuid="0DDAC25B-E6DB-4E1D-B3EF-FD55CB7FB2A7" _position="12643754" _address="http://data.sfgov.org/resource/ritf-b9ki/12643754"><incidntnum>150864237</incidntnum><category>NON-CRIMINAL</category><descript>FOUND PROPERTY</descript><dayofweek>Friday</dayofweek><date>2015-10-02T00:00:00</date><time>18:22</time><pddistrict>SOUTHERN</pddistrict><resolution>NONE</resolution><address>SUTTER ST / SANSOME ST</address><x>-122.400316057286</x><y>37.790099627367</y><location human_address="{&quot;address&quot;:&quot;&quot;,&quot;city&quot;:&quot;&quot;,&quot;state&quot;:&quot;&quot;,&quot;zip&quot;:&quot;&quot;}" latitude="37.790099627367" longitude="-122.400316057286" needs_recoding="false"/></row>