<?xml version="1.0" encoding="UTF-8"?><row _id="12644645" _uuid="0F548114-1395-4903-BADC-DF4997D0E00D" _position="12644645" _address="http://data.sfgov.org/resource/ritf-b9ki/12644645"><incidntnum>150875949</incidntnum><category>NON-CRIMINAL</category><descript>FOUND PROPERTY</descript><dayofweek>Sunday</dayofweek><date>2015-10-04T00:00:00</date><time>15:00</time><pddistrict>SOUTHERN</pddistrict><resolution>UNFOUNDED</resolution><address>BRYANT ST / 9TH ST</address><x>-122.408534526845</x><y>37.7712906694516</y><location human_address="{&quot;address&quot;:&quot;&quot;,&quot;city&quot;:&quot;&quot;,&quot;state&quot;:&quot;&quot;,&quot;zip&quot;:&quot;&quot;}" latitude="37.7712906694516" longitude="-122.408534526845" needs_recoding="false"/></row>