<?xml version="1.0" encoding="UTF-8"?><row _id="12644390" _uuid="82CE4055-D02C-4015-9951-D129BEA67875" _position="12644390" _address="http://data.sfgov.org/resource/ritf-b9ki/12644390"><incidntnum>150868057</incidntnum><category>OTHER OFFENSES</category><descript>MISCELLANEOUS INVESTIGATION</descript><dayofweek>Saturday</dayofweek><date>2015-10-03T00:00:00</date><time>23:30</time><pddistrict>CENTRAL</pddistrict><resolution>NONE</resolution><address>0 Block of GEARY ST</address><x>-122.404277568186</x><y>37.7879185264229</y><location human_address="{&quot;address&quot;:&quot;&quot;,&quot;city&quot;:&quot;&quot;,&quot;state&quot;:&quot;&quot;,&quot;zip&quot;:&quot;&quot;}" latitude="37.7879185264229" longitude="-122.404277568186" needs_recoding="false"/></row>