<?xml version="1.0" encoding="UTF-8"?><row _id="12645368" _uuid="260A3AB4-C57F-405C-B853-43877E91A8C7" _position="12645368" _address="http://data.sfgov.org/resource/ritf-b9ki/12645368"><incidntnum>150873028</incidntnum><category>STOLEN PROPERTY</category><descript>STOLEN PROPERTY, POSSESSION WITH KNOWLEDGE, RECEIVING</descript><dayofweek>Monday</dayofweek><date>2015-10-05T00:00:00</date><time>18:18</time><pddistrict>SOUTHERN</pddistrict><resolution>ARREST, BOOKED</resolution><address>1200 Block of MARKET ST</address><x>-122.415444159886</x><y>37.7780245674641</y><location human_address="{&quot;address&quot;:&quot;&quot;,&quot;city&quot;:&quot;&quot;,&quot;state&quot;:&quot;&quot;,&quot;zip&quot;:&quot;&quot;}" latitude="37.7780245674641" longitude="-122.415444159886" needs_recoding="false"/></row>