<?xml version="1.0" encoding="UTF-8"?><row _id="12643475" _uuid="24BFDD3F-3215-4BE1-A5E4-05E010AC8076" _position="12643475" _address="http://data.sfgov.org/resource/ritf-b9ki/12643475"><incidntnum>150861647</incidntnum><category>LARCENY/THEFT</category><descript>PETTY THEFT FROM LOCKED AUTO</descript><dayofweek>Thursday</dayofweek><date>2015-10-01T00:00:00</date><time>17:00</time><pddistrict>SOUTHERN</pddistrict><resolution>NONE</resolution><address>800 Block of BRYANT ST</address><x>-122.403404791479</x><y>37.775420706711</y><location human_address="{&quot;address&quot;:&quot;&quot;,&quot;city&quot;:&quot;&quot;,&quot;state&quot;:&quot;&quot;,&quot;zip&quot;:&quot;&quot;}" latitude="37.775420706711" longitude="-122.403404791479" needs_recoding="false"/></row>