<?xml version="1.0" encoding="UTF-8"?><row _id="12646306" _uuid="192675BA-5AA6-4B70-A3F0-1C28DDFD5ABB" _position="12646306" _address="http://data.sfgov.org/resource/ritf-b9ki/12646306"><incidntnum>156246784</incidntnum><category>LARCENY/THEFT</category><descript>GRAND THEFT FROM LOCKED AUTO</descript><dayofweek>Thursday</dayofweek><date>2015-10-08T00:00:00</date><time>00:01</time><pddistrict>TARAVAL</pddistrict><resolution>NONE</resolution><address>1600 Block of 33RD AV</address><x>-122.491600474332</x><y>37.7563610441277</y><location human_address="{&quot;address&quot;:&quot;&quot;,&quot;city&quot;:&quot;&quot;,&quot;state&quot;:&quot;&quot;,&quot;zip&quot;:&quot;&quot;}" latitude="37.7563610441277" longitude="-122.491600474332" needs_recoding="false"/></row>