<?xml version="1.0" encoding="UTF-8"?><row _id="12645177" _uuid="53FC561C-5AE8-4F03-B7C8-0656C3C36071" _position="12645177" _address="http://data.sfgov.org/resource/ritf-b9ki/12645177"><incidntnum>150873460</incidntnum><category>WEAPON LAWS</category><descript>POSS OF PROHIBITED WEAPON</descript><dayofweek>Monday</dayofweek><date>2015-10-05T00:00:00</date><time>22:16</time><pddistrict>BAYVIEW</pddistrict><resolution>ARREST, BOOKED</resolution><address>4600 Block of 3RD ST</address><x>-122.390412132668</x><y>37.7360102192532</y><location human_address="{&quot;address&quot;:&quot;&quot;,&quot;city&quot;:&quot;&quot;,&quot;state&quot;:&quot;&quot;,&quot;zip&quot;:&quot;&quot;}" latitude="37.7360102192532" longitude="-122.390412132668" needs_recoding="false"/></row>