<?xml version="1.0" encoding="UTF-8"?><row _id="12650327" _uuid="FC5CF9D2-7B29-4F1C-B576-7A3204D8B5DB" _position="12650327" _address="http://data.sfgov.org/resource/ritf-b9ki/12650327"><incidntnum>156255581</incidntnum><category>LARCENY/THEFT</category><descript>GRAND THEFT FROM LOCKED AUTO</descript><dayofweek>Sunday</dayofweek><date>2015-10-18T00:00:00</date><time>01:00</time><pddistrict>TENDERLOIN</pddistrict><resolution>NONE</resolution><address>HYDE ST / GEARY ST</address><x>-122.416452065595</x><y>37.7863086885804</y><location human_address="{&quot;address&quot;:&quot;&quot;,&quot;city&quot;:&quot;&quot;,&quot;state&quot;:&quot;&quot;,&quot;zip&quot;:&quot;&quot;}" latitude="37.7863086885804" longitude="-122.416452065595" needs_recoding="false"/></row>