<?xml version="1.0" encoding="UTF-8"?><row _id="12647454" _uuid="CF01823D-7198-4CC3-B7B9-1AF3058F9FF9" _position="12647454" _address="http://data.sfgov.org/resource/ritf-b9ki/12647454"><incidntnum>150890840</incidntnum><category>WARRANTS</category><descript>WARRANT ARREST</descript><dayofweek>Sunday</dayofweek><date>2015-10-11T00:00:00</date><time>17:00</time><pddistrict>MISSION</pddistrict><resolution>ARREST, BOOKED</resolution><address>SOUTH VAN NESS AV / 21ST ST</address><x>-122.416720982004</x><y>37.7571677817188</y><location human_address="{&quot;address&quot;:&quot;&quot;,&quot;city&quot;:&quot;&quot;,&quot;state&quot;:&quot;&quot;,&quot;zip&quot;:&quot;&quot;}" latitude="37.7571677817188" longitude="-122.416720982004" needs_recoding="false"/></row>