<?xml version="1.0" encoding="UTF-8"?><row _id="12644056" _uuid="A06C50AE-E395-406A-BE24-52B9DA713058" _position="12644056" _address="http://data.sfgov.org/resource/ritf-b9ki/12644056"><incidntnum>150875911</incidntnum><category>ROBBERY</category><descript>ROBBERY ON THE STREET, STRONGARM</descript><dayofweek>Friday</dayofweek><date>2015-10-02T00:00:00</date><time>22:00</time><pddistrict>SOUTHERN</pddistrict><resolution>NONE</resolution><address>800 Block of BRYANT ST</address><x>-122.403404791479</x><y>37.775420706711</y><location human_address="{&quot;address&quot;:&quot;&quot;,&quot;city&quot;:&quot;&quot;,&quot;state&quot;:&quot;&quot;,&quot;zip&quot;:&quot;&quot;}" latitude="37.775420706711" longitude="-122.403404791479" needs_recoding="false"/></row>