<?xml version="1.0" encoding="UTF-8"?><row _id="12644422" _uuid="630A5FBC-69E6-4B15-99D3-AD6F92DDA5A2" _position="12644422" _address="http://data.sfgov.org/resource/ritf-b9ki/12644422"><incidntnum>150869334</incidntnum><category>OTHER OFFENSES</category><descript>RESISTING ARREST</descript><dayofweek>Saturday</dayofweek><date>2015-10-03T00:00:00</date><time>11:30</time><pddistrict>MISSION</pddistrict><resolution>ARREST, BOOKED</resolution><address>0 Block of SHOTWELL ST</address><x>-122.416696931762</x><y>37.7676671063296</y><location human_address="{&quot;address&quot;:&quot;&quot;,&quot;city&quot;:&quot;&quot;,&quot;state&quot;:&quot;&quot;,&quot;zip&quot;:&quot;&quot;}" latitude="37.7676671063296" longitude="-122.416696931762" needs_recoding="false"/></row>