<?xml version="1.0" encoding="UTF-8"?><row _id="12647750" _uuid="9DF941D3-4FFD-4971-9D83-32167555D641" _position="12647750" _address="http://data.sfgov.org/resource/ritf-b9ki/12647750"><incidntnum>156248291</incidntnum><category>LARCENY/THEFT</category><descript>GRAND THEFT FROM LOCKED AUTO</descript><dayofweek>Friday</dayofweek><date>2015-10-09T00:00:00</date><time>16:00</time><pddistrict>TARAVAL</pddistrict><resolution>NONE</resolution><address>300 Block of CHESTER AV</address><x>-122.470488304174</x><y>37.7104303663335</y><location human_address="{&quot;address&quot;:&quot;&quot;,&quot;city&quot;:&quot;&quot;,&quot;state&quot;:&quot;&quot;,&quot;zip&quot;:&quot;&quot;}" latitude="37.7104303663335" longitude="-122.470488304174" needs_recoding="false"/></row>