<?xml version="1.0" encoding="UTF-8"?><row _id="12643526" _uuid="729207E7-83D2-4101-8F65-DCCD5CBD1602" _position="12643526" _address="http://data.sfgov.org/resource/ritf-b9ki/12643526"><incidntnum>150860990</incidntnum><category>OTHER OFFENSES</category><descript>MISCELLANEOUS INVESTIGATION</descript><dayofweek>Thursday</dayofweek><date>2015-10-01T00:00:00</date><time>17:30</time><pddistrict>BAYVIEW</pddistrict><resolution>NONE</resolution><address>1500 Block of SHAFTER AV</address><x>-122.389849114797</x><y>37.7304741509374</y><location human_address="{&quot;address&quot;:&quot;&quot;,&quot;city&quot;:&quot;&quot;,&quot;state&quot;:&quot;&quot;,&quot;zip&quot;:&quot;&quot;}" latitude="37.7304741509374" longitude="-122.389849114797" needs_recoding="false"/></row>