<?xml version="1.0" encoding="UTF-8"?><row _id="12646700" _uuid="2F4FEBAF-A2E1-4C64-A7F5-4381881DC210" _position="12646700" _address="http://data.sfgov.org/resource/ritf-b9ki/12646700"><incidntnum>150884661</incidntnum><category>WARRANTS</category><descript>WARRANT ARREST</descript><dayofweek>Friday</dayofweek><date>2015-10-09T00:00:00</date><time>14:40</time><pddistrict>MISSION</pddistrict><resolution>ARREST, BOOKED</resolution><address>200 Block of VALENCIA ST</address><x>-122.422350411388</x><y>37.7689928234329</y><location human_address="{&quot;address&quot;:&quot;&quot;,&quot;city&quot;:&quot;&quot;,&quot;state&quot;:&quot;&quot;,&quot;zip&quot;:&quot;&quot;}" latitude="37.7689928234329" longitude="-122.422350411388" needs_recoding="false"/></row>