<?xml version="1.0" encoding="UTF-8"?><row _id="12650060" _uuid="8273A8B0-5EC6-49BC-9816-8BF897CD40A0" _position="12650060" _address="http://data.sfgov.org/resource/ritf-b9ki/12650060"><incidntnum>156255070</incidntnum><category>LARCENY/THEFT</category><descript>PETTY THEFT OF PROPERTY</descript><dayofweek>Saturday</dayofweek><date>2015-10-17T00:00:00</date><time>13:30</time><pddistrict>CENTRAL</pddistrict><resolution>NONE</resolution><address>800 Block of MONTGOMERY ST</address><x>-122.403680915299</x><y>37.7969760062164</y><location human_address="{&quot;address&quot;:&quot;&quot;,&quot;city&quot;:&quot;&quot;,&quot;state&quot;:&quot;&quot;,&quot;zip&quot;:&quot;&quot;}" latitude="37.7969760062164" longitude="-122.403680915299" needs_recoding="false"/></row>