<?xml version="1.0" encoding="UTF-8"?><row _id="12649273" _uuid="136D45AA-D9A7-490F-9C82-816D28478D00" _position="12649273" _address="http://data.sfgov.org/resource/ritf-b9ki/12649273"><incidntnum>150903647</incidntnum><category>LARCENY/THEFT</category><descript>PETTY THEFT SHOPLIFTING</descript><dayofweek>Thursday</dayofweek><date>2015-10-15T00:00:00</date><time>18:36</time><pddistrict>SOUTHERN</pddistrict><resolution>ARREST, BOOKED</resolution><address>900 Block of MARKET ST</address><x>-122.409536662692</x><y>37.7826911213472</y><location human_address="{&quot;address&quot;:&quot;&quot;,&quot;city&quot;:&quot;&quot;,&quot;state&quot;:&quot;&quot;,&quot;zip&quot;:&quot;&quot;}" latitude="37.7826911213472" longitude="-122.409536662692" needs_recoding="false"/></row>