<?xml version="1.0" encoding="UTF-8"?><row _id="12644239" _uuid="FEEDA38D-4ED8-4110-B173-355C7E9A5243" _position="12644239" _address="http://data.sfgov.org/resource/ritf-b9ki/12644239"><incidntnum>150871232</incidntnum><category>LARCENY/THEFT</category><descript>PETTY THEFT FROM LOCKED AUTO</descript><dayofweek>Saturday</dayofweek><date>2015-10-03T00:00:00</date><time>09:30</time><pddistrict>TENDERLOIN</pddistrict><resolution>NONE</resolution><address>HYDE ST / ELLIS ST</address><x>-122.416075285051</x><y>37.7844496612791</y><location human_address="{&quot;address&quot;:&quot;&quot;,&quot;city&quot;:&quot;&quot;,&quot;state&quot;:&quot;&quot;,&quot;zip&quot;:&quot;&quot;}" latitude="37.7844496612791" longitude="-122.416075285051" needs_recoding="false"/></row>