<?xml version="1.0" encoding="UTF-8"?><row _id="12644055" _uuid="8F6B2145-EC7F-4FAF-8181-E199C0AC81B6" _position="12644055" _address="http://data.sfgov.org/resource/ritf-b9ki/12644055"><incidntnum>150874026</incidntnum><category>NON-CRIMINAL</category><descript>DEATH REPORT, CAUSE UNKNOWN</descript><dayofweek>Friday</dayofweek><date>2015-10-02T00:00:00</date><time>06:00</time><pddistrict>NORTHERN</pddistrict><resolution>NONE</resolution><address>2500 Block of LOMBARD ST</address><x>-122.44352039096</x><y>37.7989993135254</y><location human_address="{&quot;address&quot;:&quot;&quot;,&quot;city&quot;:&quot;&quot;,&quot;state&quot;:&quot;&quot;,&quot;zip&quot;:&quot;&quot;}" latitude="37.7989993135254" longitude="-122.44352039096" needs_recoding="false"/></row>