<?xml version="1.0" encoding="UTF-8"?><row _id="12643851" _uuid="2EDDEA9D-3E1D-42CA-A46D-80BC59904E69" _position="12643851" _address="http://data.sfgov.org/resource/ritf-b9ki/12643851"><incidntnum>150862457</incidntnum><category>DRUNKENNESS</category><descript>UNDER INFLUENCE OF ALCOHOL IN A PUBLIC PLACE</descript><dayofweek>Friday</dayofweek><date>2015-10-02T00:00:00</date><time>07:57</time><pddistrict>SOUTHERN</pddistrict><resolution>ARREST, BOOKED</resolution><address>700 Block of MARKET ST</address><x>-122.405294845215</x><y>37.7863072236365</y><location human_address="{&quot;address&quot;:&quot;&quot;,&quot;city&quot;:&quot;&quot;,&quot;state&quot;:&quot;&quot;,&quot;zip&quot;:&quot;&quot;}" latitude="37.7863072236365" longitude="-122.405294845215" needs_recoding="false"/></row>