<?xml version="1.0" encoding="UTF-8"?><row _id="12643970" _uuid="539AC941-7CA6-4142-AB0A-5586F14C4F26" _position="12643970" _address="http://data.sfgov.org/resource/ritf-b9ki/12643970"><incidntnum>150865326</incidntnum><category>ROBBERY</category><descript>ROBBERY, BODILY FORCE</descript><dayofweek>Friday</dayofweek><date>2015-10-02T00:00:00</date><time>23:00</time><pddistrict>PARK</pddistrict><resolution>NONE</resolution><address>100 Block of JOHNFKENNEDY DR</address><x>-122.457507583541</x><y>37.7711332354432</y><location human_address="{&quot;address&quot;:&quot;&quot;,&quot;city&quot;:&quot;&quot;,&quot;state&quot;:&quot;&quot;,&quot;zip&quot;:&quot;&quot;}" latitude="37.7711332354432" longitude="-122.457507583541" needs_recoding="false"/></row>