<?xml version="1.0" encoding="UTF-8"?><row _id="12643408" _uuid="CDE0BBFE-438F-41F7-B36A-B43BE1071E76" _position="12643408" _address="http://data.sfgov.org/resource/ritf-b9ki/12643408"><incidntnum>150859733</incidntnum><category>ASSAULT</category><descript>THREATS AGAINST LIFE</descript><dayofweek>Thursday</dayofweek><date>2015-10-01T00:00:00</date><time>10:46</time><pddistrict>TENDERLOIN</pddistrict><resolution>NONE</resolution><address>100 Block of POWELL ST</address><x>-122.407877787733</x><y>37.7859680076775</y><location human_address="{&quot;address&quot;:&quot;&quot;,&quot;city&quot;:&quot;&quot;,&quot;state&quot;:&quot;&quot;,&quot;zip&quot;:&quot;&quot;}" latitude="37.7859680076775" longitude="-122.407877787733" needs_recoding="false"/></row>