<?xml version="1.0" encoding="UTF-8"?><row _id="12647997" _uuid="8E0353D7-453D-40FB-9F11-F1F1BDC8C178" _position="12647997" _address="http://data.sfgov.org/resource/ritf-b9ki/12647997"><incidntnum>150892313</incidntnum><category>BURGLARY</category><descript>BURGLARY, UNLAWFUL ENTRY</descript><dayofweek>Monday</dayofweek><date>2015-10-12T00:00:00</date><time>04:58</time><pddistrict>SOUTHERN</pddistrict><resolution>NONE</resolution><address>800 Block of MARKET ST</address><x>-122.407633520742</x><y>37.7841893501425</y><location human_address="{&quot;address&quot;:&quot;&quot;,&quot;city&quot;:&quot;&quot;,&quot;state&quot;:&quot;&quot;,&quot;zip&quot;:&quot;&quot;}" latitude="37.7841893501425" longitude="-122.407633520742" needs_recoding="false"/></row>