<?xml version="1.0" encoding="UTF-8"?><row _id="12644951" _uuid="4697B895-E03A-471B-8701-02DEA1BDB0BC" _position="12644951" _address="http://data.sfgov.org/resource/ritf-b9ki/12644951"><incidntnum>150868477</incidntnum><category>SUSPICIOUS OCC</category><descript>INVESTIGATIVE DETENTION</descript><dayofweek>Sunday</dayofweek><date>2015-10-04T00:00:00</date><time>04:30</time><pddistrict>SOUTHERN</pddistrict><resolution>NONE</resolution><address>0 Block of HARRIET ST</address><x>-122.406969944087</x><y>37.7786617943902</y><location human_address="{&quot;address&quot;:&quot;&quot;,&quot;city&quot;:&quot;&quot;,&quot;state&quot;:&quot;&quot;,&quot;zip&quot;:&quot;&quot;}" latitude="37.7786617943902" longitude="-122.406969944087" needs_recoding="false"/></row>