<?xml version="1.0" encoding="UTF-8"?><row _id="12654256" _uuid="E240D059-27DF-4649-AC42-92D4801549AC" _position="12654256" _address="http://data.sfgov.org/resource/ritf-b9ki/12654256"><incidntnum>150943217</incidntnum><category>LARCENY/THEFT</category><descript>PETTY THEFT FROM LOCKED AUTO</descript><dayofweek>Tuesday</dayofweek><date>2015-10-27T00:00:00</date><time>22:00</time><pddistrict>RICHMOND</pddistrict><resolution>NONE</resolution><address>BRODERICK ST / BUSH ST</address><x>-122.441727283323</x><y>37.785966565752</y><location human_address="{&quot;address&quot;:&quot;&quot;,&quot;city&quot;:&quot;&quot;,&quot;state&quot;:&quot;&quot;,&quot;zip&quot;:&quot;&quot;}" latitude="37.785966565752" longitude="-122.441727283323" needs_recoding="false"/></row>