<?xml version="1.0" encoding="UTF-8"?><row _id="12646958" _uuid="42E0B423-5139-4B19-A8D4-468E6423EB25" _position="12646958" _address="http://data.sfgov.org/resource/ritf-b9ki/12646958"><incidntnum>150888481</incidntnum><category>ROBBERY</category><descript>ROBBERY ON THE STREET, STRONGARM</descript><dayofweek>Saturday</dayofweek><date>2015-10-10T00:00:00</date><time>00:01</time><pddistrict>TENDERLOIN</pddistrict><resolution>NONE</resolution><address>GEARY ST / TAYLOR ST</address><x>-122.411518820359</x><y>37.7869408998805</y><location human_address="{&quot;address&quot;:&quot;&quot;,&quot;city&quot;:&quot;&quot;,&quot;state&quot;:&quot;&quot;,&quot;zip&quot;:&quot;&quot;}" latitude="37.7869408998805" longitude="-122.411518820359" needs_recoding="false"/></row>