<?xml version="1.0" encoding="UTF-8"?><row _id="12643255" _uuid="D4E11A0E-BC47-42A1-998B-6FC83E19A747" _position="12643255" _address="http://data.sfgov.org/resource/ritf-b9ki/12643255"><incidntnum>150863778</incidntnum><category>BRIBERY</category><descript>DISSUADING WITNESS, VICTIM</descript><dayofweek>Wednesday</dayofweek><date>2015-09-30T00:00:00</date><time>17:30</time><pddistrict>MISSION</pddistrict><resolution>NONE</resolution><address>600 Block of SOUTH VAN NESS AV</address><x>-122.417323188551</x><y>37.7627500212999</y><location human_address="{&quot;address&quot;:&quot;&quot;,&quot;city&quot;:&quot;&quot;,&quot;state&quot;:&quot;&quot;,&quot;zip&quot;:&quot;&quot;}" latitude="37.7627500212999" longitude="-122.417323188551" needs_recoding="false"/></row>