<?xml version="1.0" encoding="UTF-8"?><row _id="12643640" _uuid="6CF5DE80-844A-47EF-9309-04F329363CA1" _position="12643640" _address="http://data.sfgov.org/resource/ritf-b9ki/12643640"><incidntnum>156244346</incidntnum><category>LARCENY/THEFT</category><descript>PETTY THEFT BICYCLE</descript><dayofweek>Thursday</dayofweek><date>2015-10-01T00:00:00</date><time>09:00</time><pddistrict>CENTRAL</pddistrict><resolution>NONE</resolution><address>200 Block of POST ST</address><x>-122.406000218489</x><y>37.7885406192723</y><location human_address="{&quot;address&quot;:&quot;&quot;,&quot;city&quot;:&quot;&quot;,&quot;state&quot;:&quot;&quot;,&quot;zip&quot;:&quot;&quot;}" latitude="37.7885406192723" longitude="-122.406000218489" needs_recoding="false"/></row>