<?xml version="1.0" encoding="UTF-8"?><row _id="12644265" _uuid="06284990-99C8-47EC-9122-14C31A8D55C5" _position="12644265" _address="http://data.sfgov.org/resource/ritf-b9ki/12644265"><incidntnum>150868007</incidntnum><category>VEHICLE THEFT</category><descript>STOLEN AUTOMOBILE</descript><dayofweek>Saturday</dayofweek><date>2015-10-03T00:00:00</date><time>13:40</time><pddistrict>CENTRAL</pddistrict><resolution>NONE</resolution><address>LARKIN ST / BUSH ST</address><x>-122.418658294829</x><y>37.7889098399421</y><location human_address="{&quot;address&quot;:&quot;&quot;,&quot;city&quot;:&quot;&quot;,&quot;state&quot;:&quot;&quot;,&quot;zip&quot;:&quot;&quot;}" latitude="37.7889098399421" longitude="-122.418658294829" needs_recoding="false"/></row>