<?xml version="1.0" encoding="UTF-8"?><row _id="12647120" _uuid="261FE5EA-285D-460C-814F-6DDECE7DE283" _position="12647120" _address="http://data.sfgov.org/resource/ritf-b9ki/12647120"><incidntnum>150888782</incidntnum><category>VANDALISM</category><descript>MALICIOUS MISCHIEF, VANDALISM</descript><dayofweek>Saturday</dayofweek><date>2015-10-10T00:00:00</date><time>20:24</time><pddistrict>TARAVAL</pddistrict><resolution>NONE</resolution><address>600 Block of GRAFTON AV</address><x>-122.459717824828</x><y>37.7199676396628</y><location human_address="{&quot;address&quot;:&quot;&quot;,&quot;city&quot;:&quot;&quot;,&quot;state&quot;:&quot;&quot;,&quot;zip&quot;:&quot;&quot;}" latitude="37.7199676396628" longitude="-122.459717824828" needs_recoding="false"/></row>