<?xml version="1.0" encoding="UTF-8"?><row _id="12643315" _uuid="14DC7DA7-9612-4022-BEBB-0217C6A87684" _position="12643315" _address="http://data.sfgov.org/resource/ritf-b9ki/12643315"><incidntnum>150861948</incidntnum><category>ROBBERY</category><descript>ROBBERY ON THE STREET WITH A GUN</descript><dayofweek>Thursday</dayofweek><date>2015-10-01T00:00:00</date><time>23:30</time><pddistrict>CENTRAL</pddistrict><resolution>NONE</resolution><address>NORTHPOINT ST / POLK ST</address><x>-122.423658369809</x><y>37.8052850926566</y><location human_address="{&quot;address&quot;:&quot;&quot;,&quot;city&quot;:&quot;&quot;,&quot;state&quot;:&quot;&quot;,&quot;zip&quot;:&quot;&quot;}" latitude="37.8052850926566" longitude="-122.423658369809" needs_recoding="false"/></row>