<?xml version="1.0" encoding="UTF-8"?><row _id="12643092" _uuid="001A8517-E735-4F34-9191-5571442671C4" _position="12643092" _address="http://data.sfgov.org/resource/ritf-b9ki/12643092"><incidntnum>150856717</incidntnum><category>ASSAULT</category><descript>BATTERY</descript><dayofweek>Wednesday</dayofweek><date>2015-09-30T00:00:00</date><time>12:19</time><pddistrict>SOUTHERN</pddistrict><resolution>ARREST, BOOKED</resolution><address>900 Block of MISSION ST</address><x>-122.40805253847</x><y>37.7815668300024</y><location human_address="{&quot;address&quot;:&quot;&quot;,&quot;city&quot;:&quot;&quot;,&quot;state&quot;:&quot;&quot;,&quot;zip&quot;:&quot;&quot;}" latitude="37.7815668300024" longitude="-122.40805253847" needs_recoding="false"/></row>