<?xml version="1.0" encoding="UTF-8"?><row _id="12652717" _uuid="CCFD2F58-29D9-4988-9F9D-35BBC8470C66" _position="12652717" _address="http://data.sfgov.org/resource/ritf-b9ki/12652717"><incidntnum>150862855</incidntnum><category>OTHER OFFENSES</category><descript>TRAFFIC COLLISION, HIT &amp; RUN, INJURY</descript><dayofweek>Friday</dayofweek><date>2015-10-02T00:00:00</date><time>08:40</time><pddistrict>TARAVAL</pddistrict><resolution>ARREST, BOOKED</resolution><address>QUINTARA ST / 35TH AV</address><x>-122.492154689334</x><y>37.7479341404582</y><location human_address="{&quot;address&quot;:&quot;&quot;,&quot;city&quot;:&quot;&quot;,&quot;state&quot;:&quot;&quot;,&quot;zip&quot;:&quot;&quot;}" latitude="37.7479341404582" longitude="-122.492154689334" needs_recoding="false"/></row>