<?xml version="1.0" encoding="UTF-8"?><row _id="12648748" _uuid="30800052-E297-4A08-B88D-E29162F7D6CC" _position="12648748" _address="http://data.sfgov.org/resource/ritf-b9ki/12648748"><incidntnum>150898270</incidntnum><category>LARCENY/THEFT</category><descript>GRAND THEFT FROM LOCKED AUTO</descript><dayofweek>Wednesday</dayofweek><date>2015-10-14T00:00:00</date><time>00:25</time><pddistrict>CENTRAL</pddistrict><resolution>NONE</resolution><address>100 Block of CALIFORNIA ST</address><x>-122.398195272702</x><y>37.7933781865757</y><location human_address="{&quot;address&quot;:&quot;&quot;,&quot;city&quot;:&quot;&quot;,&quot;state&quot;:&quot;&quot;,&quot;zip&quot;:&quot;&quot;}" latitude="37.7933781865757" longitude="-122.398195272702" needs_recoding="false"/></row>