<?xml version="1.0" encoding="UTF-8"?><row _id="12645169" _uuid="86180FA3-95A4-411D-8454-59745EB95E32" _position="12645169" _address="http://data.sfgov.org/resource/ritf-b9ki/12645169"><incidntnum>150873379</incidntnum><category>LARCENY/THEFT</category><descript>GRAND THEFT FROM LOCKED AUTO</descript><dayofweek>Monday</dayofweek><date>2015-10-05T00:00:00</date><time>12:45</time><pddistrict>MISSION</pddistrict><resolution>NONE</resolution><address>1400 Block of VALENCIA ST</address><x>-122.420359911899</x><y>37.749695007739</y><location human_address="{&quot;address&quot;:&quot;&quot;,&quot;city&quot;:&quot;&quot;,&quot;state&quot;:&quot;&quot;,&quot;zip&quot;:&quot;&quot;}" latitude="37.749695007739" longitude="-122.420359911899" needs_recoding="false"/></row>