<?xml version="1.0" encoding="UTF-8"?><row _id="12644786" _uuid="407FCBF8-567F-4A9B-BF71-8A92C8014DA7" _position="12644786" _address="http://data.sfgov.org/resource/ritf-b9ki/12644786"><incidntnum>150869538</incidntnum><category>FRAUD</category><descript>DEFRAUDING AN INNKEEPER</descript><dayofweek>Sunday</dayofweek><date>2015-10-04T00:00:00</date><time>13:56</time><pddistrict>NORTHERN</pddistrict><resolution>JUVENILE BOOKED</resolution><address>1000 Block of VANNESS AV</address><x>-122.421203512</x><y>37.7854812046447</y><location human_address="{&quot;address&quot;:&quot;&quot;,&quot;city&quot;:&quot;&quot;,&quot;state&quot;:&quot;&quot;,&quot;zip&quot;:&quot;&quot;}" latitude="37.7854812046447" longitude="-122.421203512" needs_recoding="false"/></row>