<?xml version="1.0" encoding="UTF-8"?><row _id="12646346" _uuid="99AA05DE-8FFB-4E77-A384-162499104407" _position="12646346" _address="http://data.sfgov.org/resource/ritf-b9ki/12646346"><incidntnum>150882803</incidntnum><category>NON-CRIMINAL</category><descript>LOST PROPERTY</descript><dayofweek>Thursday</dayofweek><date>2015-10-08T00:00:00</date><time>14:00</time><pddistrict>SOUTHERN</pddistrict><resolution>NONE</resolution><address>800 Block of BRYANT ST</address><x>-122.403404791479</x><y>37.775420706711</y><location human_address="{&quot;address&quot;:&quot;&quot;,&quot;city&quot;:&quot;&quot;,&quot;state&quot;:&quot;&quot;,&quot;zip&quot;:&quot;&quot;}" latitude="37.775420706711" longitude="-122.403404791479" needs_recoding="false"/></row>