<?xml version="1.0" encoding="UTF-8"?><row _id="12644201" _uuid="B3FBE36B-1B34-4EF0-9F87-B99A79CC56D0" _position="12644201" _address="http://data.sfgov.org/resource/ritf-b9ki/12644201"><incidntnum>150867128</incidntnum><category>LARCENY/THEFT</category><descript>GRAND THEFT FROM LOCKED AUTO</descript><dayofweek>Saturday</dayofweek><date>2015-10-03T00:00:00</date><time>14:00</time><pddistrict>NORTHERN</pddistrict><resolution>NONE</resolution><address>GEARY BL / WEBSTER ST</address><x>-122.431206932079</x><y>37.7845681170336</y><location human_address="{&quot;address&quot;:&quot;&quot;,&quot;city&quot;:&quot;&quot;,&quot;state&quot;:&quot;&quot;,&quot;zip&quot;:&quot;&quot;}" latitude="37.7845681170336" longitude="-122.431206932079" needs_recoding="false"/></row>