<?xml version="1.0" encoding="UTF-8"?><row _id="12649212" _uuid="42F4B086-BC81-40E9-ACF1-4758679523CA" _position="12649212" _address="http://data.sfgov.org/resource/ritf-b9ki/12649212"><incidntnum>150907473</incidntnum><category>BURGLARY</category><descript>BURGLARY, UNLAWFUL ENTRY</descript><dayofweek>Thursday</dayofweek><date>2015-10-15T00:00:00</date><time>23:00</time><pddistrict>MISSION</pddistrict><resolution>NONE</resolution><address>1000 Block of CAPP ST</address><x>-122.417192395984</x><y>37.7498863746378</y><location human_address="{&quot;address&quot;:&quot;&quot;,&quot;city&quot;:&quot;&quot;,&quot;state&quot;:&quot;&quot;,&quot;zip&quot;:&quot;&quot;}" latitude="37.7498863746378" longitude="-122.417192395984" needs_recoding="false"/></row>