<?xml version="1.0" encoding="UTF-8"?><row _id="12642981" _uuid="6F8BDE75-E0BD-46ED-A43F-09C579F10469" _position="12642981" _address="http://data.sfgov.org/resource/ritf-b9ki/12642981"><incidntnum>150861255</incidntnum><category>FRAUD</category><descript>CREDIT CARD, THEFT BY USE OF</descript><dayofweek>Wednesday</dayofweek><date>2015-09-30T00:00:00</date><time>14:00</time><pddistrict>SOUTHERN</pddistrict><resolution>NONE</resolution><address>3RD ST / BRYANT ST</address><x>-122.395848299154</x><y>37.7813210474369</y><location human_address="{&quot;address&quot;:&quot;&quot;,&quot;city&quot;:&quot;&quot;,&quot;state&quot;:&quot;&quot;,&quot;zip&quot;:&quot;&quot;}" latitude="37.7813210474369" longitude="-122.395848299154" needs_recoding="false"/></row>