<?xml version="1.0" encoding="UTF-8"?><row _id="12644280" _uuid="FF3C8F2F-1787-42F6-B258-25FA451293E1" _position="12644280" _address="http://data.sfgov.org/resource/ritf-b9ki/12644280"><incidntnum>156244578</incidntnum><category>LARCENY/THEFT</category><descript>GRAND THEFT FROM LOCKED AUTO</descript><dayofweek>Saturday</dayofweek><date>2015-10-03T00:00:00</date><time>13:15</time><pddistrict>CENTRAL</pddistrict><resolution>NONE</resolution><address>LARKIN ST / GREENWICH ST</address><x>-122.421064321955</x><y>37.8008334432403</y><location human_address="{&quot;address&quot;:&quot;&quot;,&quot;city&quot;:&quot;&quot;,&quot;state&quot;:&quot;&quot;,&quot;zip&quot;:&quot;&quot;}" latitude="37.8008334432403" longitude="-122.421064321955" needs_recoding="false"/></row>