<?xml version="1.0" encoding="UTF-8"?><row _id="12654007" _uuid="035433EB-922D-47B6-8799-255457C91ABC" _position="12654007" _address="http://data.sfgov.org/resource/ritf-b9ki/12654007"><incidntnum>150937903</incidntnum><category>SECONDARY CODES</category><descript>DOMESTIC VIOLENCE</descript><dayofweek>Monday</dayofweek><date>2015-10-26T00:00:00</date><time>23:19</time><pddistrict>NORTHERN</pddistrict><resolution>NONE</resolution><address>1100 Block of FILLMORE ST</address><x>-122.432116233695</x><y>37.7800304351156</y><location human_address="{&quot;address&quot;:&quot;&quot;,&quot;city&quot;:&quot;&quot;,&quot;state&quot;:&quot;&quot;,&quot;zip&quot;:&quot;&quot;}" latitude="37.7800304351156" longitude="-122.432116233695" needs_recoding="false"/></row>