<?xml version="1.0" encoding="UTF-8"?><row _id="12643708" _uuid="73FA095F-FC35-4F50-A606-3190165FF671" _position="12643708" _address="http://data.sfgov.org/resource/ritf-b9ki/12643708"><incidntnum>150863085</incidntnum><category>OTHER OFFENSES</category><descript>DRIVERS LICENSE, SUSPENDED OR REVOKED</descript><dayofweek>Friday</dayofweek><date>2015-10-02T00:00:00</date><time>12:48</time><pddistrict>SOUTHERN</pddistrict><resolution>ARREST, BOOKED</resolution><address>6TH ST / BRYANT ST</address><x>-122.402527594665</x><y>37.7760382838346</y><location human_address="{&quot;address&quot;:&quot;&quot;,&quot;city&quot;:&quot;&quot;,&quot;state&quot;:&quot;&quot;,&quot;zip&quot;:&quot;&quot;}" latitude="37.7760382838346" longitude="-122.402527594665" needs_recoding="false"/></row>