<?xml version="1.0" encoding="UTF-8"?><row _id="12644987" _uuid="5F9A5A8E-2C74-42B4-B7D6-0EB923506F8F" _position="12644987" _address="http://data.sfgov.org/resource/ritf-b9ki/12644987"><incidntnum>150871812</incidntnum><category>DRUG/NARCOTIC</category><descript>POSSESSION OF METH-AMPHETAMINE</descript><dayofweek>Monday</dayofweek><date>2015-10-05T00:00:00</date><time>12:16</time><pddistrict>TENDERLOIN</pddistrict><resolution>ARREST, BOOKED</resolution><address>EDDY ST / MASON ST</address><x>-122.409313111431</x><y>37.7843478513151</y><location human_address="{&quot;address&quot;:&quot;&quot;,&quot;city&quot;:&quot;&quot;,&quot;state&quot;:&quot;&quot;,&quot;zip&quot;:&quot;&quot;}" latitude="37.7843478513151" longitude="-122.409313111431" needs_recoding="false"/></row>