<?xml version="1.0" encoding="UTF-8"?><row _id="12655447" _uuid="4410AE5F-7E1A-491D-8E8A-9AEA9243328C" _position="12655447" _address="http://data.sfgov.org/resource/ritf-b9ki/12655447"><incidntnum>156271593</incidntnum><category>LARCENY/THEFT</category><descript>GRAND THEFT FROM LOCKED AUTO</descript><dayofweek>Friday</dayofweek><date>2015-10-02T00:00:00</date><time>10:19</time><pddistrict>BAYVIEW</pddistrict><resolution>NONE</resolution><address>GILMAN AV / JENNINGS ST</address><x>-122.393739160349</x><y>37.7214090925114</y><location human_address="{&quot;address&quot;:&quot;&quot;,&quot;city&quot;:&quot;&quot;,&quot;state&quot;:&quot;&quot;,&quot;zip&quot;:&quot;&quot;}" latitude="37.7214090925114" longitude="-122.393739160349" needs_recoding="false"/></row>