<?xml version="1.0" encoding="UTF-8"?><row _id="12645325" _uuid="01A2EBFF-3AF1-4BDD-B0EA-4FB72AB4D0FF" _position="12645325" _address="http://data.sfgov.org/resource/ritf-b9ki/12645325"><incidntnum>150872826</incidntnum><category>SUSPICIOUS OCC</category><descript>SUSPICIOUS OCCURRENCE</descript><dayofweek>Monday</dayofweek><date>2015-10-05T00:00:00</date><time>09:00</time><pddistrict>BAYVIEW</pddistrict><resolution>NONE</resolution><address>0 Block of MARIST CT</address><x>-122.378234380571</x><y>37.7331074057574</y><location human_address="{&quot;address&quot;:&quot;&quot;,&quot;city&quot;:&quot;&quot;,&quot;state&quot;:&quot;&quot;,&quot;zip&quot;:&quot;&quot;}" latitude="37.7331074057574" longitude="-122.378234380571" needs_recoding="false"/></row>