<?xml version="1.0" encoding="UTF-8"?><row _id="12650915" _uuid="E5DCBE14-C535-4BCC-8AC8-6416CBF499AC" _position="12650915" _address="http://data.sfgov.org/resource/ritf-b9ki/12650915"><incidntnum>150915573</incidntnum><category>BURGLARY</category><descript>BURGLARY OF RESIDENCE, UNLAWFUL ENTRY</descript><dayofweek>Monday</dayofweek><date>2015-10-19T00:00:00</date><time>19:30</time><pddistrict>INGLESIDE</pddistrict><resolution>ARREST, BOOKED</resolution><address>0 Block of TALBERT CT</address><x>-122.406061775728</x><y>37.7112082697974</y><location human_address="{&quot;address&quot;:&quot;&quot;,&quot;city&quot;:&quot;&quot;,&quot;state&quot;:&quot;&quot;,&quot;zip&quot;:&quot;&quot;}" latitude="37.7112082697974" longitude="-122.406061775728" needs_recoding="false"/></row>