<?xml version="1.0" encoding="UTF-8"?><row _id="12644523" _uuid="50CD988E-C107-42F3-AC0C-79E59A4BD843" _position="12644523" _address="http://data.sfgov.org/resource/ritf-b9ki/12644523"><incidntnum>150887687</incidntnum><category>BURGLARY</category><descript>BURGLARY, HOT PROWL, UNLAWFUL ENTRY</descript><dayofweek>Wednesday</dayofweek><date>2015-09-30T00:00:00</date><time>17:00</time><pddistrict>TARAVAL</pddistrict><resolution>NONE</resolution><address>1900 Block of 17TH AV</address><x>-122.474069905393</x><y>37.7515231467127</y><location human_address="{&quot;address&quot;:&quot;&quot;,&quot;city&quot;:&quot;&quot;,&quot;state&quot;:&quot;&quot;,&quot;zip&quot;:&quot;&quot;}" latitude="37.7515231467127" longitude="-122.474069905393" needs_recoding="false"/></row>