<?xml version="1.0" encoding="UTF-8"?><row _id="12643285" _uuid="B8B7E4D6-6C56-4756-9D48-0EED683E62A8" _position="12643285" _address="http://data.sfgov.org/resource/ritf-b9ki/12643285"><incidntnum>150858917</incidntnum><category>WARRANTS</category><descript>WARRANT ARREST</descript><dayofweek>Thursday</dayofweek><date>2015-10-01T00:00:00</date><time>02:33</time><pddistrict>TENDERLOIN</pddistrict><resolution>ARREST, BOOKED</resolution><address>HYDE ST / GOLDEN GATE AV</address><x>-122.415508242782</x><y>37.7816542806076</y><location human_address="{&quot;address&quot;:&quot;&quot;,&quot;city&quot;:&quot;&quot;,&quot;state&quot;:&quot;&quot;,&quot;zip&quot;:&quot;&quot;}" latitude="37.7816542806076" longitude="-122.415508242782" needs_recoding="false"/></row>