<?xml version="1.0" encoding="UTF-8"?><row _id="12645685" _uuid="6DDB659A-8233-4925-B28C-861E819BECCC" _position="12645685" _address="http://data.sfgov.org/resource/ritf-b9ki/12645685"><incidntnum>156244998</incidntnum><category>LARCENY/THEFT</category><descript>GRAND THEFT FROM LOCKED AUTO</descript><dayofweek>Tuesday</dayofweek><date>2015-10-06T00:00:00</date><time>11:00</time><pddistrict>TARAVAL</pddistrict><resolution>NONE</resolution><address>1300 Block of 35TH AV</address><x>-122.494134755333</x><y>37.7618607308677</y><location human_address="{&quot;address&quot;:&quot;&quot;,&quot;city&quot;:&quot;&quot;,&quot;state&quot;:&quot;&quot;,&quot;zip&quot;:&quot;&quot;}" latitude="37.7618607308677" longitude="-122.494134755333" needs_recoding="false"/></row>