<?xml version="1.0" encoding="UTF-8"?><row _id="12646164" _uuid="616F75C2-0484-4AB0-84FC-FFC1C631F3C0" _position="12646164" _address="http://data.sfgov.org/resource/ritf-b9ki/12646164"><incidntnum>150882502</incidntnum><category>LARCENY/THEFT</category><descript>GRAND THEFT FROM LOCKED AUTO</descript><dayofweek>Thursday</dayofweek><date>2015-10-08T00:00:00</date><time>15:15</time><pddistrict>NORTHERN</pddistrict><resolution>NONE</resolution><address>POST ST / POLK ST</address><x>-122.419930111611</x><y>37.7868262082156</y><location human_address="{&quot;address&quot;:&quot;&quot;,&quot;city&quot;:&quot;&quot;,&quot;state&quot;:&quot;&quot;,&quot;zip&quot;:&quot;&quot;}" latitude="37.7868262082156" longitude="-122.419930111611" needs_recoding="false"/></row>