<?xml version="1.0" encoding="UTF-8"?><row _id="12650116" _uuid="1AA0DFBC-5808-4311-81A3-30B563C8AFD3" _position="12650116" _address="http://data.sfgov.org/resource/ritf-b9ki/12650116"><incidntnum>156257082</incidntnum><category>LARCENY/THEFT</category><descript>GRAND THEFT FROM LOCKED AUTO</descript><dayofweek>Saturday</dayofweek><date>2015-10-17T00:00:00</date><time>23:23</time><pddistrict>TARAVAL</pddistrict><resolution>NONE</resolution><address>500 Block of JOHNMUIR DR</address><x>-122.49206801734</x><y>37.7143615498756</y><location human_address="{&quot;address&quot;:&quot;&quot;,&quot;city&quot;:&quot;&quot;,&quot;state&quot;:&quot;&quot;,&quot;zip&quot;:&quot;&quot;}" latitude="37.7143615498756" longitude="-122.49206801734" needs_recoding="false"/></row>