<?xml version="1.0" encoding="UTF-8"?><row _id="12657465" _uuid="A5865F54-DB97-4033-B354-67C22509F92E" _position="12657465" _address="http://data.sfgov.org/resource/ritf-b9ki/12657465"><incidntnum>150970458</incidntnum><category>VEHICLE THEFT</category><descript>STOLEN AUTOMOBILE</descript><dayofweek>Wednesday</dayofweek><date>2015-11-04T00:00:00</date><time>22:00</time><pddistrict>NORTHERN</pddistrict><resolution>NONE</resolution><address>GEARY BL / BUCHANAN ST</address><x>-122.429640669207</x><y>37.7847640707198</y><location human_address="{&quot;address&quot;:&quot;&quot;,&quot;city&quot;:&quot;&quot;,&quot;state&quot;:&quot;&quot;,&quot;zip&quot;:&quot;&quot;}" latitude="37.7847640707198" longitude="-122.429640669207" needs_recoding="false"/></row>