<?xml version="1.0" encoding="UTF-8"?><row _id="12644405" _uuid="E2A9EF49-D529-4921-9EE7-60122800E88A" _position="12644405" _address="http://data.sfgov.org/resource/ritf-b9ki/12644405"><incidntnum>150876301</incidntnum><category>NON-CRIMINAL</category><descript>LOST PROPERTY</descript><dayofweek>Saturday</dayofweek><date>2015-10-03T00:00:00</date><time>00:01</time><pddistrict>TENDERLOIN</pddistrict><resolution>NONE</resolution><address>100 Block of ELLIS ST</address><x>-122.408270724034</x><y>37.7854941424186</y><location human_address="{&quot;address&quot;:&quot;&quot;,&quot;city&quot;:&quot;&quot;,&quot;state&quot;:&quot;&quot;,&quot;zip&quot;:&quot;&quot;}" latitude="37.7854941424186" longitude="-122.408270724034" needs_recoding="false"/></row>