<?xml version="1.0" encoding="UTF-8"?><row _id="12644811" _uuid="88D659F2-6F32-4AFE-9B03-BFB751EC053A" _position="12644811" _address="http://data.sfgov.org/resource/ritf-b9ki/12644811"><incidntnum>150872274</incidntnum><category>LARCENY/THEFT</category><descript>PETTY THEFT FROM LOCKED AUTO</descript><dayofweek>Sunday</dayofweek><date>2015-10-04T00:00:00</date><time>07:00</time><pddistrict>INGLESIDE</pddistrict><resolution>NONE</resolution><address>400 Block of 28TH ST</address><x>-122.432385562541</x><y>37.7450004894972</y><location human_address="{&quot;address&quot;:&quot;&quot;,&quot;city&quot;:&quot;&quot;,&quot;state&quot;:&quot;&quot;,&quot;zip&quot;:&quot;&quot;}" latitude="37.7450004894972" longitude="-122.432385562541" needs_recoding="false"/></row>