<?xml version="1.0" encoding="UTF-8"?><row _id="12645652" _uuid="21737002-9A28-4B8C-A9FB-B9C44FAB5355" _position="12645652" _address="http://data.sfgov.org/resource/ritf-b9ki/12645652"><incidntnum>150884213</incidntnum><category>LARCENY/THEFT</category><descript>PETTY THEFT FROM LOCKED AUTO</descript><dayofweek>Tuesday</dayofweek><date>2015-10-06T00:00:00</date><time>20:55</time><pddistrict>SOUTHERN</pddistrict><resolution>NONE</resolution><address>500 Block of 3RD ST</address><x>-122.394799124177</x><y>37.7805661978095</y><location human_address="{&quot;address&quot;:&quot;&quot;,&quot;city&quot;:&quot;&quot;,&quot;state&quot;:&quot;&quot;,&quot;zip&quot;:&quot;&quot;}" latitude="37.7805661978095" longitude="-122.394799124177" needs_recoding="false"/></row>