<?xml version="1.0" encoding="UTF-8"?><row _id="12644031" _uuid="239B24F0-DBA3-4783-AA3D-2A1C0C962281" _position="12644031" _address="http://data.sfgov.org/resource/ritf-b9ki/12644031"><incidntnum>150863784</incidntnum><category>PROSTITUTION</category><descript>SOLICITS FOR ACT OF PROSTITUTION</descript><dayofweek>Friday</dayofweek><date>2015-10-02T00:00:00</date><time>16:26</time><pddistrict>NORTHERN</pddistrict><resolution>NONE</resolution><address>1500 Block of VANNESS AV</address><x>-122.422062730264</x><y>37.7899200014841</y><location human_address="{&quot;address&quot;:&quot;&quot;,&quot;city&quot;:&quot;&quot;,&quot;state&quot;:&quot;&quot;,&quot;zip&quot;:&quot;&quot;}" latitude="37.7899200014841" longitude="-122.422062730264" needs_recoding="false"/></row>