<?xml version="1.0" encoding="UTF-8"?><row _id="12643302" _uuid="A25503A3-64F9-446A-AB16-E83A8C79083C" _position="12643302" _address="http://data.sfgov.org/resource/ritf-b9ki/12643302"><incidntnum>150861051</incidntnum><category>ASSAULT</category><descript>CHILD ABUSE (PHYSICAL)</descript><dayofweek>Thursday</dayofweek><date>2015-10-01T00:00:00</date><time>18:00</time><pddistrict>SOUTHERN</pddistrict><resolution>ARREST, BOOKED</resolution><address>MARKET ST / MONTGOMERY ST</address><x>-122.402070243227</x><y>37.7887198688133</y><location human_address="{&quot;address&quot;:&quot;&quot;,&quot;city&quot;:&quot;&quot;,&quot;state&quot;:&quot;&quot;,&quot;zip&quot;:&quot;&quot;}" latitude="37.7887198688133" longitude="-122.402070243227" needs_recoding="false"/></row>