<?xml version="1.0" encoding="UTF-8"?><row _id="12649132" _uuid="FE99CDEF-68AA-46D6-BCC6-79BBB17A94BF" _position="12649132" _address="http://data.sfgov.org/resource/ritf-b9ki/12649132"><incidntnum>150902633</incidntnum><category>NON-CRIMINAL</category><descript>AIDED CASE, MENTAL DISTURBED</descript><dayofweek>Thursday</dayofweek><date>2015-10-15T00:00:00</date><time>12:42</time><pddistrict>MISSION</pddistrict><resolution>NONE</resolution><address>2800 Block of 24TH ST</address><x>-122.408664686116</x><y>37.7528787651491</y><location human_address="{&quot;address&quot;:&quot;&quot;,&quot;city&quot;:&quot;&quot;,&quot;state&quot;:&quot;&quot;,&quot;zip&quot;:&quot;&quot;}" latitude="37.7528787651491" longitude="-122.408664686116" needs_recoding="false"/></row>