<?xml version="1.0" encoding="UTF-8"?><row _id="12644998" _uuid="E7734AC0-5928-4671-860F-22CE084541EF" _position="12644998" _address="http://data.sfgov.org/resource/ritf-b9ki/12644998"><incidntnum>150872848</incidntnum><category>WARRANTS</category><descript>WARRANT ARREST</descript><dayofweek>Monday</dayofweek><date>2015-10-05T00:00:00</date><time>17:09</time><pddistrict>TENDERLOIN</pddistrict><resolution>ARREST, BOOKED</resolution><address>LEAVENWORTH ST / GOLDEN GATE AV</address><x>-122.413869632554</x><y>37.7818621883021</y><location human_address="{&quot;address&quot;:&quot;&quot;,&quot;city&quot;:&quot;&quot;,&quot;state&quot;:&quot;&quot;,&quot;zip&quot;:&quot;&quot;}" latitude="37.7818621883021" longitude="-122.413869632554" needs_recoding="false"/></row>