<?xml version="1.0" encoding="UTF-8"?><row _id="12645118" _uuid="0607CF23-E696-4E6F-A19C-36DD9641EA63" _position="12645118" _address="http://data.sfgov.org/resource/ritf-b9ki/12645118"><incidntnum>150871044</incidntnum><category>WARRANTS</category><descript>ENROUTE TO OUTSIDE JURISDICTION</descript><dayofweek>Monday</dayofweek><date>2015-10-05T00:00:00</date><time>06:47</time><pddistrict>PARK</pddistrict><resolution>ARREST, BOOKED</resolution><address>100 Block of MUSEUM WY</address><x>-122.440134716077</x><y>37.7646048667932</y><location human_address="{&quot;address&quot;:&quot;&quot;,&quot;city&quot;:&quot;&quot;,&quot;state&quot;:&quot;&quot;,&quot;zip&quot;:&quot;&quot;}" latitude="37.7646048667932" longitude="-122.440134716077" needs_recoding="false"/></row>