<?xml version="1.0" encoding="UTF-8"?><row _id="12647866" _uuid="CB95A641-F680-4D02-BBE5-22D695B2632A" _position="12647866" _address="http://data.sfgov.org/resource/ritf-b9ki/12647866"><incidntnum>150890088</incidntnum><category>FAMILY OFFENSES</category><descript>CHILDREN, ABANDONMENT &amp; NEGLECT OF (GENERAL)</descript><dayofweek>Sunday</dayofweek><date>2015-10-11T00:00:00</date><time>11:20</time><pddistrict>BAYVIEW</pddistrict><resolution>NONE</resolution><address>1000 Block of GRIFFITH ST</address><x>-122.378920771859</x><y>37.7286119710993</y><location human_address="{&quot;address&quot;:&quot;&quot;,&quot;city&quot;:&quot;&quot;,&quot;state&quot;:&quot;&quot;,&quot;zip&quot;:&quot;&quot;}" latitude="37.7286119710993" longitude="-122.378920771859" needs_recoding="false"/></row>