<?xml version="1.0" encoding="UTF-8"?><row _id="12649519" _uuid="3D3C8C6C-5DCD-4CA4-B7B5-A89FC016654C" _position="12649519" _address="http://data.sfgov.org/resource/ritf-b9ki/12649519"><incidntnum>150905900</incidntnum><category>OTHER OFFENSES</category><descript>MISCELLANEOUS INVESTIGATION</descript><dayofweek>Friday</dayofweek><date>2015-10-16T00:00:00</date><time>13:15</time><pddistrict>CENTRAL</pddistrict><resolution>NONE</resolution><address>300 Block of BUSH ST</address><x>-122.403208277822</x><y>37.7908083300178</y><location human_address="{&quot;address&quot;:&quot;&quot;,&quot;city&quot;:&quot;&quot;,&quot;state&quot;:&quot;&quot;,&quot;zip&quot;:&quot;&quot;}" latitude="37.7908083300178" longitude="-122.403208277822" needs_recoding="false"/></row>