<?xml version="1.0" encoding="UTF-8"?><row _id="12645689" _uuid="9D698C2A-0AA2-4B00-A9E1-12E2BFCCE0AE" _position="12645689" _address="http://data.sfgov.org/resource/ritf-b9ki/12645689"><incidntnum>156245407</incidntnum><category>VANDALISM</category><descript>MALICIOUS MISCHIEF, VANDALISM</descript><dayofweek>Tuesday</dayofweek><date>2015-10-06T00:00:00</date><time>07:50</time><pddistrict>TARAVAL</pddistrict><resolution>NONE</resolution><address>1400 Block of 20TH AV</address><x>-122.478067213175</x><y>37.7606979828387</y><location human_address="{&quot;address&quot;:&quot;&quot;,&quot;city&quot;:&quot;&quot;,&quot;state&quot;:&quot;&quot;,&quot;zip&quot;:&quot;&quot;}" latitude="37.7606979828387" longitude="-122.478067213175" needs_recoding="false"/></row>