<?xml version="1.0" encoding="UTF-8"?><row _id="12650029" _uuid="0ADCDD4A-B834-4E63-8984-E7AC2C0A88BB" _position="12650029" _address="http://data.sfgov.org/resource/ritf-b9ki/12650029"><incidntnum>150909059</incidntnum><category>ASSAULT</category><descript>BATTERY</descript><dayofweek>Saturday</dayofweek><date>2015-10-17T00:00:00</date><time>16:10</time><pddistrict>MISSION</pddistrict><resolution>NONE</resolution><address>500 Block of DOLORES ST</address><x>-122.426036566526</x><y>37.759419804663</y><location human_address="{&quot;address&quot;:&quot;&quot;,&quot;city&quot;:&quot;&quot;,&quot;state&quot;:&quot;&quot;,&quot;zip&quot;:&quot;&quot;}" latitude="37.759419804663" longitude="-122.426036566526" needs_recoding="false"/></row>