<?xml version="1.0" encoding="UTF-8"?><row _id="12643811" _uuid="EFFF207C-7761-469B-84C3-DB0D3C625BD9" _position="12643811" _address="http://data.sfgov.org/resource/ritf-b9ki/12643811"><incidntnum>150875676</incidntnum><category>VEHICLE THEFT</category><descript>STOLEN TRUCK</descript><dayofweek>Friday</dayofweek><date>2015-10-02T00:00:00</date><time>12:00</time><pddistrict>MISSION</pddistrict><resolution>NONE</resolution><address>16TH ST / SHARON ST</address><x>-122.429773616405</x><y>37.7644401638599</y><location human_address="{&quot;address&quot;:&quot;&quot;,&quot;city&quot;:&quot;&quot;,&quot;state&quot;:&quot;&quot;,&quot;zip&quot;:&quot;&quot;}" latitude="37.7644401638599" longitude="-122.429773616405" needs_recoding="false"/></row>