<?xml version="1.0" encoding="UTF-8"?><row _id="12644503" _uuid="3F73345A-CE56-4FF1-B904-091C04EF50CA" _position="12644503" _address="http://data.sfgov.org/resource/ritf-b9ki/12644503"><incidntnum>150869500</incidntnum><category>LARCENY/THEFT</category><descript>GRAND THEFT FROM A BUILDING</descript><dayofweek>Saturday</dayofweek><date>2015-10-03T00:00:00</date><time>12:00</time><pddistrict>TARAVAL</pddistrict><resolution>NONE</resolution><address>1900 Block of 35TH AV</address><x>-122.493490973001</x><y>37.7506625909817</y><location human_address="{&quot;address&quot;:&quot;&quot;,&quot;city&quot;:&quot;&quot;,&quot;state&quot;:&quot;&quot;,&quot;zip&quot;:&quot;&quot;}" latitude="37.7506625909817" longitude="-122.493490973001" needs_recoding="false"/></row>