<?xml version="1.0" encoding="UTF-8"?><row _id="12644326" _uuid="2120D24E-E01B-4430-B10B-2680CF25F1F1" _position="12644326" _address="http://data.sfgov.org/resource/ritf-b9ki/12644326"><incidntnum>150865978</incidntnum><category>EMBEZZLEMENT</category><descript>EMBEZZLEMENT, PETTY THEFT</descript><dayofweek>Saturday</dayofweek><date>2015-10-03T00:00:00</date><time>07:45</time><pddistrict>SOUTHERN</pddistrict><resolution>NONE</resolution><address>200 Block of 8TH ST</address><x>-122.411271940537</x><y>37.7760329501244</y><location human_address="{&quot;address&quot;:&quot;&quot;,&quot;city&quot;:&quot;&quot;,&quot;state&quot;:&quot;&quot;,&quot;zip&quot;:&quot;&quot;}" latitude="37.7760329501244" longitude="-122.411271940537" needs_recoding="false"/></row>