<?xml version="1.0" encoding="UTF-8"?><row _id="12685879" _uuid="27459479-C960-40BA-B3BC-243AE3705AE7" _position="12685879" _address="http://data.sfgov.org/resource/ritf-b9ki/12685879"><incidntnum>160026819</incidntnum><category>NON-CRIMINAL</category><descript>LOST PROPERTY</descript><dayofweek>Thursday</dayofweek><date>2015-10-01T00:00:00</date><time>12:00</time><pddistrict>CENTRAL</pddistrict><resolution>NONE</resolution><address>700 Block of VALLEJO ST</address><x>-122.409791662293</x><y>37.7985083480435</y><location human_address="{&quot;address&quot;:&quot;&quot;,&quot;city&quot;:&quot;&quot;,&quot;state&quot;:&quot;&quot;,&quot;zip&quot;:&quot;&quot;}" latitude="37.7985083480435" longitude="-122.409791662293" needs_recoding="false"/></row>