<?xml version="1.0" encoding="UTF-8"?><row _id="12651528" _uuid="9495E840-1843-430E-A7C6-95FD1D735217" _position="12651528" _address="http://data.sfgov.org/resource/ritf-b9ki/12651528"><incidntnum>156257838</incidntnum><category>LARCENY/THEFT</category><descript>GRAND THEFT FROM UNLOCKED AUTO</descript><dayofweek>Tuesday</dayofweek><date>2015-10-20T00:00:00</date><time>22:00</time><pddistrict>BAYVIEW</pddistrict><resolution>NONE</resolution><address>1200 Block of SHAFTER AV</address><x>-122.384241699101</x><y>37.7272946445203</y><location human_address="{&quot;address&quot;:&quot;&quot;,&quot;city&quot;:&quot;&quot;,&quot;state&quot;:&quot;&quot;,&quot;zip&quot;:&quot;&quot;}" latitude="37.7272946445203" longitude="-122.384241699101" needs_recoding="false"/></row>