<?xml version="1.0" encoding="UTF-8"?><row _id="12647588" _uuid="43DEB321-BFC0-49CD-A51C-950E31699288" _position="12647588" _address="http://data.sfgov.org/resource/ritf-b9ki/12647588"><incidntnum>150890931</incidntnum><category>ROBBERY</category><descript>ROBBERY, BODILY FORCE</descript><dayofweek>Sunday</dayofweek><date>2015-10-11T00:00:00</date><time>16:50</time><pddistrict>TARAVAL</pddistrict><resolution>NONE</resolution><address>1200 Block of 9TH AV</address><x>-122.46630620635</x><y>37.7649657627052</y><location human_address="{&quot;address&quot;:&quot;&quot;,&quot;city&quot;:&quot;&quot;,&quot;state&quot;:&quot;&quot;,&quot;zip&quot;:&quot;&quot;}" latitude="37.7649657627052" longitude="-122.46630620635" needs_recoding="false"/></row>