<?xml version="1.0" encoding="UTF-8"?><row _id="12646058" _uuid="50EBAF56-B2EC-482C-9D88-6B4103B55541" _position="12646058" _address="http://data.sfgov.org/resource/ritf-b9ki/12646058"><incidntnum>150879496</incidntnum><category>OTHER OFFENSES</category><descript>THROWING INJURIOUS SUBSTANCE ON HIGHWAY</descript><dayofweek>Wednesday</dayofweek><date>2015-10-07T00:00:00</date><time>20:56</time><pddistrict>BAYVIEW</pddistrict><resolution>NONE</resolution><address>OAKDALE AV / BALDWIN CT</address><x>-122.381400971393</x><y>37.7294904424423</y><location human_address="{&quot;address&quot;:&quot;&quot;,&quot;city&quot;:&quot;&quot;,&quot;state&quot;:&quot;&quot;,&quot;zip&quot;:&quot;&quot;}" latitude="37.7294904424423" longitude="-122.381400971393" needs_recoding="false"/></row>