<?xml version="1.0" encoding="UTF-8"?><row _id="12645066" _uuid="D9255C6B-3139-470A-8619-FB3D46285887" _position="12645066" _address="http://data.sfgov.org/resource/ritf-b9ki/12645066"><incidntnum>150872995</incidntnum><category>LARCENY/THEFT</category><descript>GRAND THEFT FROM LOCKED AUTO</descript><dayofweek>Monday</dayofweek><date>2015-10-05T00:00:00</date><time>18:45</time><pddistrict>CENTRAL</pddistrict><resolution>NONE</resolution><address>BAY ST / MIDWAY ST</address><x>-122.409492478232</x><y>37.8061306089443</y><location human_address="{&quot;address&quot;:&quot;&quot;,&quot;city&quot;:&quot;&quot;,&quot;state&quot;:&quot;&quot;,&quot;zip&quot;:&quot;&quot;}" latitude="37.8061306089443" longitude="-122.409492478232" needs_recoding="false"/></row>