<?xml version="1.0" encoding="UTF-8"?><row _id="12643301" _uuid="E8B4CADF-79FD-40D2-A79A-6D84C41934A5" _position="12643301" _address="http://data.sfgov.org/resource/ritf-b9ki/12643301"><incidntnum>150860815</incidntnum><category>OTHER OFFENSES</category><descript>DRIVERS LICENSE, SUSPENDED OR REVOKED</descript><dayofweek>Thursday</dayofweek><date>2015-10-01T00:00:00</date><time>16:50</time><pddistrict>BAYVIEW</pddistrict><resolution>ARREST, BOOKED</resolution><address>OAKDALE AV / RANKIN ST</address><x>-122.397812021225</x><y>37.7388469465485</y><location human_address="{&quot;address&quot;:&quot;&quot;,&quot;city&quot;:&quot;&quot;,&quot;state&quot;:&quot;&quot;,&quot;zip&quot;:&quot;&quot;}" latitude="37.7388469465485" longitude="-122.397812021225" needs_recoding="false"/></row>