<?xml version="1.0" encoding="UTF-8"?><row _id="12646222" _uuid="E3143045-42B6-48B0-AB16-8EB03BC1334B" _position="12646222" _address="http://data.sfgov.org/resource/ritf-b9ki/12646222"><incidntnum>150881372</incidntnum><category>NON-CRIMINAL</category><descript>PROPERTY FOR IDENTIFICATION</descript><dayofweek>Thursday</dayofweek><date>2015-10-08T00:00:00</date><time>13:00</time><pddistrict>CENTRAL</pddistrict><resolution>ARREST, BOOKED</resolution><address>400 Block of BROADWAY ST</address><x>-122.404260458632</x><y>37.7981164818887</y><location human_address="{&quot;address&quot;:&quot;&quot;,&quot;city&quot;:&quot;&quot;,&quot;state&quot;:&quot;&quot;,&quot;zip&quot;:&quot;&quot;}" latitude="37.7981164818887" longitude="-122.404260458632" needs_recoding="false"/></row>