<?xml version="1.0" encoding="UTF-8"?><row _id="12649081" _uuid="BDE22206-25A0-4F3C-8BE4-BA4106C34AA7" _position="12649081" _address="http://data.sfgov.org/resource/ritf-b9ki/12649081"><incidntnum>150924364</incidntnum><category>ROBBERY</category><descript>ATTEMPTED ROBBERY ON THE STREET WITH BODILY FORCE</descript><dayofweek>Sunday</dayofweek><date>2015-10-04T00:00:00</date><time>04:45</time><pddistrict>CENTRAL</pddistrict><resolution>NONE</resolution><address>NORTHPOINT ST / KEARNY ST</address><x>-122.407278660793</x><y>37.8074190149002</y><location human_address="{&quot;address&quot;:&quot;&quot;,&quot;city&quot;:&quot;&quot;,&quot;state&quot;:&quot;&quot;,&quot;zip&quot;:&quot;&quot;}" latitude="37.8074190149002" longitude="-122.407278660793" needs_recoding="false"/></row>