<?xml version="1.0" encoding="UTF-8"?><row _id="12678636" _uuid="3273B16D-0028-4A3A-B0EE-471412AFFE31" _position="12678636" _address="http://data.sfgov.org/resource/ritf-b9ki/12678636"><incidntnum>150868938</incidntnum><category>NON-CRIMINAL</category><descript>LICENSE PLATE, RECOVERED</descript><dayofweek>Saturday</dayofweek><date>2015-10-03T00:00:00</date><time>22:00</time><pddistrict>CENTRAL</pddistrict><resolution>NONE</resolution><address>2100 Block of STOCKTON ST</address><x>-122.410150652629</x><y>37.8055805271312</y><location human_address="{&quot;address&quot;:&quot;&quot;,&quot;city&quot;:&quot;&quot;,&quot;state&quot;:&quot;&quot;,&quot;zip&quot;:&quot;&quot;}" latitude="37.8055805271312" longitude="-122.410150652629" needs_recoding="false"/></row>