<?xml version="1.0" encoding="UTF-8"?><row _id="12643691" _uuid="448C3E74-4623-4FD2-9137-A4D16FEE2FBB" _position="12643691" _address="http://data.sfgov.org/resource/ritf-b9ki/12643691"><incidntnum>150862203</incidntnum><category>DRIVING UNDER THE INFLUENCE</category><descript>DRIVING WHILE UNDER THE INFLUENCE OF ALCOHOL</descript><dayofweek>Friday</dayofweek><date>2015-10-02T00:00:00</date><time>02:24</time><pddistrict>NORTHERN</pddistrict><resolution>ARREST, BOOKED</resolution><address>ELLIS ST / VANNESS AV</address><x>-122.421011927709</x><y>37.7838226942199</y><location human_address="{&quot;address&quot;:&quot;&quot;,&quot;city&quot;:&quot;&quot;,&quot;state&quot;:&quot;&quot;,&quot;zip&quot;:&quot;&quot;}" latitude="37.7838226942199" longitude="-122.421011927709" needs_recoding="false"/></row>