<?xml version="1.0" encoding="UTF-8"?><row _id="12655071" _uuid="1FE048BC-1AD2-4C4E-AD31-8C7A35B27A93" _position="12655071" _address="http://data.sfgov.org/resource/ritf-b9ki/12655071"><incidntnum>150945570</incidntnum><category>LARCENY/THEFT</category><descript>PETTY THEFT FROM LOCKED AUTO</descript><dayofweek>Thursday</dayofweek><date>2015-10-29T00:00:00</date><time>09:13</time><pddistrict>SOUTHERN</pddistrict><resolution>NONE</resolution><address>400 Block of STEVENSON ST</address><x>-122.408560037296</x><y>37.7825859895625</y><location human_address="{&quot;address&quot;:&quot;&quot;,&quot;city&quot;:&quot;&quot;,&quot;state&quot;:&quot;&quot;,&quot;zip&quot;:&quot;&quot;}" latitude="37.7825859895625" longitude="-122.408560037296" needs_recoding="false"/></row>