<?xml version="1.0" encoding="UTF-8"?><row _id="12652670" _uuid="39416923-57B5-411E-893F-456099A3EE35" _position="12652670" _address="http://data.sfgov.org/resource/ritf-b9ki/12652670"><incidntnum>150957252</incidntnum><category>SUSPICIOUS OCC</category><descript>SUSPICIOUS OCCURRENCE</descript><dayofweek>Thursday</dayofweek><date>2015-10-01T00:00:00</date><time>12:00</time><pddistrict>SOUTHERN</pddistrict><resolution>NONE</resolution><address>900 Block of MARKET ST</address><x>-122.409708423721</x><y>37.7828276498838</y><location human_address="{&quot;address&quot;:&quot;&quot;,&quot;city&quot;:&quot;&quot;,&quot;state&quot;:&quot;&quot;,&quot;zip&quot;:&quot;&quot;}" latitude="37.7828276498838" longitude="-122.409708423721" needs_recoding="false"/></row>