<?xml version="1.0" encoding="UTF-8"?><row _id="12655442" _uuid="50551E03-6689-434E-818A-283DD8DEB6AA" _position="12655442" _address="http://data.sfgov.org/resource/ritf-b9ki/12655442"><incidntnum>156271305</incidntnum><category>LARCENY/THEFT</category><descript>GRAND THEFT FROM LOCKED AUTO</descript><dayofweek>Thursday</dayofweek><date>2015-10-01T00:00:00</date><time>23:00</time><pddistrict>BAYVIEW</pddistrict><resolution>NONE</resolution><address>OAKDALE AV / PHELPS ST</address><x>-122.394095034837</x><y>37.7367311967078</y><location human_address="{&quot;address&quot;:&quot;&quot;,&quot;city&quot;:&quot;&quot;,&quot;state&quot;:&quot;&quot;,&quot;zip&quot;:&quot;&quot;}" latitude="37.7367311967078" longitude="-122.394095034837" needs_recoding="false"/></row>