<?xml version="1.0" encoding="UTF-8"?><row _id="12647469" _uuid="94B70E13-DCD7-48B2-A555-BACF231BC01E" _position="12647469" _address="http://data.sfgov.org/resource/ritf-b9ki/12647469"><incidntnum>150917814</incidntnum><category>KIDNAPPING</category><descript>KIDNAPPING, ADULT VICTIM</descript><dayofweek>Friday</dayofweek><date>2015-10-02T00:00:00</date><time>11:30</time><pddistrict>INGLESIDE</pddistrict><resolution>NONE</resolution><address>MISSION ST / PERSIA AV</address><x>-122.43597721703</x><y>37.7231288306727</y><location human_address="{&quot;address&quot;:&quot;&quot;,&quot;city&quot;:&quot;&quot;,&quot;state&quot;:&quot;&quot;,&quot;zip&quot;:&quot;&quot;}" latitude="37.7231288306727" longitude="-122.43597721703" needs_recoding="false"/></row>