<?xml version="1.0" encoding="UTF-8"?><row _id="12647037" _uuid="2CC821FC-53F9-4EE2-9280-0F8C5FE5A560" _position="12647037" _address="http://data.sfgov.org/resource/ritf-b9ki/12647037"><incidntnum>150887411</incidntnum><category>WARRANTS</category><descript>WARRANT ARREST</descript><dayofweek>Saturday</dayofweek><date>2015-10-10T00:00:00</date><time>12:57</time><pddistrict>MISSION</pddistrict><resolution>ARREST, BOOKED</resolution><address>100 Block of COLLINGWOOD ST</address><x>-122.436102868825</x><y>37.7600036963355</y><location human_address="{&quot;address&quot;:&quot;&quot;,&quot;city&quot;:&quot;&quot;,&quot;state&quot;:&quot;&quot;,&quot;zip&quot;:&quot;&quot;}" latitude="37.7600036963355" longitude="-122.436102868825" needs_recoding="false"/></row>