<?xml version="1.0" encoding="UTF-8"?><row _id="12648392" _uuid="5F5C8FCC-2285-43E6-8D43-CE85463CF5A8" _position="12648392" _address="http://data.sfgov.org/resource/ritf-b9ki/12648392"><incidntnum>150897006</incidntnum><category>WARRANTS</category><descript>ENROUTE TO OUTSIDE JURISDICTION</descript><dayofweek>Tuesday</dayofweek><date>2015-10-13T00:00:00</date><time>16:36</time><pddistrict>SOUTHERN</pddistrict><resolution>ARREST, BOOKED</resolution><address>900 Block of MARKET ST</address><x>-122.408421116922</x><y>37.7835699386918</y><location human_address="{&quot;address&quot;:&quot;&quot;,&quot;city&quot;:&quot;&quot;,&quot;state&quot;:&quot;&quot;,&quot;zip&quot;:&quot;&quot;}" latitude="37.7835699386918" longitude="-122.408421116922" needs_recoding="false"/></row>