<?xml version="1.0" encoding="UTF-8"?><row _id="12645399" _uuid="29DF767C-8D97-41D6-9501-29D8E22162B2" _position="12645399" _address="http://data.sfgov.org/resource/ritf-b9ki/12645399"><incidntnum>150874929</incidntnum><category>OTHER OFFENSES</category><descript>TAMPERING WITH A VEHICLE</descript><dayofweek>Tuesday</dayofweek><date>2015-10-06T00:00:00</date><time>12:20</time><pddistrict>NORTHERN</pddistrict><resolution>ARREST, BOOKED</resolution><address>WEBSTER ST / MARINA BL</address><x>-122.435650446687</x><y>37.8061903877567</y><location human_address="{&quot;address&quot;:&quot;&quot;,&quot;city&quot;:&quot;&quot;,&quot;state&quot;:&quot;&quot;,&quot;zip&quot;:&quot;&quot;}" latitude="37.8061903877567" longitude="-122.435650446687" needs_recoding="false"/></row>