<?xml version="1.0" encoding="UTF-8"?><row _id="12643295" _uuid="95F4B0F8-F25F-4202-BA9E-207D340FEA4D" _position="12643295" _address="http://data.sfgov.org/resource/ritf-b9ki/12643295"><incidntnum>150861067</incidntnum><category>DRUG/NARCOTIC</category><descript>POSSESSION OF METH-AMPHETAMINE FOR SALE</descript><dayofweek>Thursday</dayofweek><date>2015-10-01T00:00:00</date><time>18:30</time><pddistrict>TENDERLOIN</pddistrict><resolution>ARREST, BOOKED</resolution><address>HYDE ST / GOLDEN GATE AV</address><x>-122.415508242782</x><y>37.7816542806076</y><location human_address="{&quot;address&quot;:&quot;&quot;,&quot;city&quot;:&quot;&quot;,&quot;state&quot;:&quot;&quot;,&quot;zip&quot;:&quot;&quot;}" latitude="37.7816542806076" longitude="-122.415508242782" needs_recoding="false"/></row>