<?xml version="1.0" encoding="UTF-8"?><row _id="12643672" _uuid="282A9F45-54D0-4E9C-BEB0-DC33E9A36079" _position="12643672" _address="http://data.sfgov.org/resource/ritf-b9ki/12643672"><incidntnum>150862043</incidntnum><category>SUSPICIOUS OCC</category><descript>INVESTIGATIVE DETENTION</descript><dayofweek>Thursday</dayofweek><date>2015-10-01T00:00:00</date><time>23:43</time><pddistrict>CENTRAL</pddistrict><resolution>NONE</resolution><address>900 Block of HYDE ST</address><x>-122.41718099053</x><y>37.7895779739091</y><location human_address="{&quot;address&quot;:&quot;&quot;,&quot;city&quot;:&quot;&quot;,&quot;state&quot;:&quot;&quot;,&quot;zip&quot;:&quot;&quot;}" latitude="37.7895779739091" longitude="-122.41718099053" needs_recoding="false"/></row>