<?xml version="1.0" encoding="UTF-8"?><row _id="12644368" _uuid="F115122B-A1A2-4138-9FA1-46DD54B1B25A" _position="12644368" _address="http://data.sfgov.org/resource/ritf-b9ki/12644368"><incidntnum>150866017</incidntnum><category>NON-CRIMINAL</category><descript>AIDED CASE, MENTAL DISTURBED</descript><dayofweek>Saturday</dayofweek><date>2015-10-03T00:00:00</date><time>08:24</time><pddistrict>TENDERLOIN</pddistrict><resolution>NONE</resolution><address>200 Block of EDDY ST</address><x>-122.411800134753</x><y>37.7840890366868</y><location human_address="{&quot;address&quot;:&quot;&quot;,&quot;city&quot;:&quot;&quot;,&quot;state&quot;:&quot;&quot;,&quot;zip&quot;:&quot;&quot;}" latitude="37.7840890366868" longitude="-122.411800134753" needs_recoding="false"/></row>