<?xml version="1.0" encoding="UTF-8"?><row _id="12646414" _uuid="8C6603F9-4002-470B-875C-07EC7E880D50" _position="12646414" _address="http://data.sfgov.org/resource/ritf-b9ki/12646414"><incidntnum>150883005</incidntnum><category>LARCENY/THEFT</category><descript>GRAND THEFT FROM LOCKED AUTO</descript><dayofweek>Thursday</dayofweek><date>2015-10-08T00:00:00</date><time>20:00</time><pddistrict>CENTRAL</pddistrict><resolution>NONE</resolution><address>800 Block of SACRAMENTO ST</address><x>-122.407563368631</x><y>37.7931432786834</y><location human_address="{&quot;address&quot;:&quot;&quot;,&quot;city&quot;:&quot;&quot;,&quot;state&quot;:&quot;&quot;,&quot;zip&quot;:&quot;&quot;}" latitude="37.7931432786834" longitude="-122.407563368631" needs_recoding="false"/></row>