<?xml version="1.0" encoding="UTF-8"?><row _id="12651220" _uuid="CCF55B47-7C68-4B12-BBF7-9B734886B065" _position="12651220" _address="http://data.sfgov.org/resource/ritf-b9ki/12651220"><incidntnum>150917278</incidntnum><category>OTHER OFFENSES</category><descript>DRIVERS LICENSE, SUSPENDED OR REVOKED</descript><dayofweek>Tuesday</dayofweek><date>2015-10-20T00:00:00</date><time>13:45</time><pddistrict>NORTHERN</pddistrict><resolution>ARREST, BOOKED</resolution><address>FULTON ST / WEBSTER ST</address><x>-122.429850411503</x><y>37.7779180624996</y><location human_address="{&quot;address&quot;:&quot;&quot;,&quot;city&quot;:&quot;&quot;,&quot;state&quot;:&quot;&quot;,&quot;zip&quot;:&quot;&quot;}" latitude="37.7779180624996" longitude="-122.429850411503" needs_recoding="false"/></row>