<?xml version="1.0" encoding="UTF-8"?><row _id="12643082" _uuid="8599768D-6714-419E-A124-7A2265D582F1" _position="12643082" _address="http://data.sfgov.org/resource/ritf-b9ki/12643082"><incidntnum>150858230</incidntnum><category>VEHICLE THEFT</category><descript>STOLEN AUTOMOBILE</descript><dayofweek>Wednesday</dayofweek><date>2015-09-30T00:00:00</date><time>20:10</time><pddistrict>BAYVIEW</pddistrict><resolution>NONE</resolution><address>300 Block of SELBY ST</address><x>-122.394672180805</x><y>37.7455623557639</y><location human_address="{&quot;address&quot;:&quot;&quot;,&quot;city&quot;:&quot;&quot;,&quot;state&quot;:&quot;&quot;,&quot;zip&quot;:&quot;&quot;}" latitude="37.7455623557639" longitude="-122.394672180805" needs_recoding="false"/></row>