<?xml version="1.0" encoding="UTF-8"?><row _id="12664102" _uuid="B00D53F4-910E-47DE-A414-0F1DF41432F1" _position="12664102" _address="http://data.sfgov.org/resource/ritf-b9ki/12664102"><incidntnum>151009731</incidntnum><category>WEAPON LAWS</category><descript>FIREARM, ARMED WHILE POSSESSING CONTROLLED SUBSTANCE</descript><dayofweek>Friday</dayofweek><date>2015-11-20T00:00:00</date><time>00:15</time><pddistrict>MISSION</pddistrict><resolution>ARREST, BOOKED</resolution><address>16TH ST / CAPP ST</address><x>-122.418701003284</x><y>37.7651098786222</y><location human_address="{&quot;address&quot;:&quot;&quot;,&quot;city&quot;:&quot;&quot;,&quot;state&quot;:&quot;&quot;,&quot;zip&quot;:&quot;&quot;}" latitude="37.7651098786222" longitude="-122.418701003284" needs_recoding="false"/></row>