<?xml version="1.0" encoding="UTF-8"?><row _id="12655782" _uuid="1F58215A-AE9E-4189-A0B2-96A859A5781E" _position="12655782" _address="http://data.sfgov.org/resource/ritf-b9ki/12655782"><incidntnum>150951674</incidntnum><category>ASSAULT</category><descript>BATTERY</descript><dayofweek>Saturday</dayofweek><date>2015-10-31T00:00:00</date><time>13:50</time><pddistrict>BAYVIEW</pddistrict><resolution>NONE</resolution><address>MINNESOTA ST / 23RD ST</address><x>-122.389990446132</x><y>37.7552700917707</y><location human_address="{&quot;address&quot;:&quot;&quot;,&quot;city&quot;:&quot;&quot;,&quot;state&quot;:&quot;&quot;,&quot;zip&quot;:&quot;&quot;}" latitude="37.7552700917707" longitude="-122.389990446132" needs_recoding="false"/></row>