<?xml version="1.0" encoding="UTF-8"?><row _id="12643976" _uuid="57781329-777D-4504-AEC6-8311F8C50396" _position="12643976" _address="http://data.sfgov.org/resource/ritf-b9ki/12643976"><incidntnum>150865586</incidntnum><category>VANDALISM</category><descript>MALICIOUS MISCHIEF, VANDALISM</descript><dayofweek>Friday</dayofweek><date>2015-10-02T00:00:00</date><time>22:00</time><pddistrict>NORTHERN</pddistrict><resolution>NONE</resolution><address>1000 Block of POST ST</address><x>-122.419104424644</x><y>37.7868764841608</y><location human_address="{&quot;address&quot;:&quot;&quot;,&quot;city&quot;:&quot;&quot;,&quot;state&quot;:&quot;&quot;,&quot;zip&quot;:&quot;&quot;}" latitude="37.7868764841608" longitude="-122.419104424644" needs_recoding="false"/></row>