<?xml version="1.0" encoding="UTF-8"?><row _id="12643599" _uuid="B92A9882-ED8B-44B7-AD78-B8AB55998698" _position="12643599" _address="http://data.sfgov.org/resource/ritf-b9ki/12643599"><incidntnum>156242265</incidntnum><category>LARCENY/THEFT</category><descript>GRAND THEFT OF PROPERTY</descript><dayofweek>Thursday</dayofweek><date>2015-10-01T00:00:00</date><time>16:45</time><pddistrict>NORTHERN</pddistrict><resolution>NONE</resolution><address>1700 Block of UNION ST</address><x>-122.428096303159</x><y>37.797973756334</y><location human_address="{&quot;address&quot;:&quot;&quot;,&quot;city&quot;:&quot;&quot;,&quot;state&quot;:&quot;&quot;,&quot;zip&quot;:&quot;&quot;}" latitude="37.797973756334" longitude="-122.428096303159" needs_recoding="false"/></row>