<?xml version="1.0" encoding="UTF-8"?><row _id="12644254" _uuid="1D1330D4-1B4C-4402-936B-53FC1A7F68E9" _position="12644254" _address="http://data.sfgov.org/resource/ritf-b9ki/12644254"><incidntnum>156243144</incidntnum><category>NON-CRIMINAL</category><descript>LOST PROPERTY</descript><dayofweek>Saturday</dayofweek><date>2015-10-03T00:00:00</date><time>18:00</time><pddistrict>NORTHERN</pddistrict><resolution>NONE</resolution><address>BROADWAY ST / POLK ST</address><x>-122.421772135304</x><y>37.7959461531958</y><location human_address="{&quot;address&quot;:&quot;&quot;,&quot;city&quot;:&quot;&quot;,&quot;state&quot;:&quot;&quot;,&quot;zip&quot;:&quot;&quot;}" latitude="37.7959461531958" longitude="-122.421772135304" needs_recoding="false"/></row>