<?xml version="1.0" encoding="UTF-8"?><row _id="12644322" _uuid="C077A627-746F-4467-BF19-781947970836" _position="12644322" _address="http://data.sfgov.org/resource/ritf-b9ki/12644322"><incidntnum>150864588</incidntnum><category>MISSING PERSON</category><descript>FOUND PERSON</descript><dayofweek>Saturday</dayofweek><date>2015-10-03T00:00:00</date><time>19:45</time><pddistrict>SOUTHERN</pddistrict><resolution>UNFOUNDED</resolution><address>800 Block of 3RD ST</address><x>-122.391425069857</x><y>37.7778727797586</y><location human_address="{&quot;address&quot;:&quot;&quot;,&quot;city&quot;:&quot;&quot;,&quot;state&quot;:&quot;&quot;,&quot;zip&quot;:&quot;&quot;}" latitude="37.7778727797586" longitude="-122.391425069857" needs_recoding="false"/></row>