<?xml version="1.0" encoding="UTF-8"?><row _id="12644900" _uuid="17878C0F-9F81-4D19-B65B-A6A20163B945" _position="12644900" _address="http://data.sfgov.org/resource/ritf-b9ki/12644900"><incidntnum>150868568</incidntnum><category>VANDALISM</category><descript>MALICIOUS MISCHIEF, BREAKING WINDOWS</descript><dayofweek>Sunday</dayofweek><date>2015-10-04T00:00:00</date><time>05:01</time><pddistrict>TARAVAL</pddistrict><resolution>NONE</resolution><address>1200 Block of 26TH AV</address><x>-122.484622387843</x><y>37.7641590187584</y><location human_address="{&quot;address&quot;:&quot;&quot;,&quot;city&quot;:&quot;&quot;,&quot;state&quot;:&quot;&quot;,&quot;zip&quot;:&quot;&quot;}" latitude="37.7641590187584" longitude="-122.484622387843" needs_recoding="false"/></row>