<?xml version="1.0" encoding="UTF-8"?><row _id="12644116" _uuid="E8506B22-6B6A-4EB2-85A1-FD0CEF59A30B" _position="12644116" _address="http://data.sfgov.org/resource/ritf-b9ki/12644116"><incidntnum>150864607</incidntnum><category>WEAPON LAWS</category><descript>FIREARM, LOADED, IN VEHICLE, POSSESSION OR USE</descript><dayofweek>Friday</dayofweek><date>2015-10-02T00:00:00</date><time>19:38</time><pddistrict>NORTHERN</pddistrict><resolution>ARREST, BOOKED</resolution><address>WALLER ST / FILLMORE ST</address><x>-122.430263450517</x><y>37.7711730992215</y><location human_address="{&quot;address&quot;:&quot;&quot;,&quot;city&quot;:&quot;&quot;,&quot;state&quot;:&quot;&quot;,&quot;zip&quot;:&quot;&quot;}" latitude="37.7711730992215" longitude="-122.430263450517" needs_recoding="false"/></row>