<?xml version="1.0" encoding="UTF-8"?><row _id="12647526" _uuid="022C89C5-93F2-4467-AE0A-187A77E0CC84" _position="12647526" _address="http://data.sfgov.org/resource/ritf-b9ki/12647526"><incidntnum>156254141</incidntnum><category>NON-CRIMINAL</category><descript>LOST PROPERTY</descript><dayofweek>Saturday</dayofweek><date>2015-10-10T00:00:00</date><time>22:00</time><pddistrict>NORTHERN</pddistrict><resolution>NONE</resolution><address>POLK ST / FERN ST</address><x>-122.420211964949</x><y>37.7882225424263</y><location human_address="{&quot;address&quot;:&quot;&quot;,&quot;city&quot;:&quot;&quot;,&quot;state&quot;:&quot;&quot;,&quot;zip&quot;:&quot;&quot;}" latitude="37.7882225424263" longitude="-122.420211964949" needs_recoding="false"/></row>