<?xml version="1.0" encoding="UTF-8"?><row _id="12654525" _uuid="259C69E1-281C-4408-BF74-99EF0AEE4FDD" _position="12654525" _address="http://data.sfgov.org/resource/ritf-b9ki/12654525"><incidntnum>150940304</incidntnum><category>NON-CRIMINAL</category><descript>CIVIL SIDEWALKS, WARNING</descript><dayofweek>Tuesday</dayofweek><date>2015-10-27T00:00:00</date><time>19:48</time><pddistrict>PARK</pddistrict><resolution>NONE</resolution><address>700 Block of STANYAN ST</address><x>-122.453376250788</x><y>37.7687142722405</y><location human_address="{&quot;address&quot;:&quot;&quot;,&quot;city&quot;:&quot;&quot;,&quot;state&quot;:&quot;&quot;,&quot;zip&quot;:&quot;&quot;}" latitude="37.7687142722405" longitude="-122.453376250788" needs_recoding="false"/></row>