<?xml version="1.0" encoding="UTF-8"?><row _id="12644118" _uuid="C1D309E7-FEEC-4026-9B66-4780713FB2F7" _position="12644118" _address="http://data.sfgov.org/resource/ritf-b9ki/12644118"><incidntnum>150865285</incidntnum><category>PROSTITUTION</category><descript>LOITERING FOR PURPOSE OF PROSTITUTION</descript><dayofweek>Friday</dayofweek><date>2015-10-02T00:00:00</date><time>23:15</time><pddistrict>MISSION</pddistrict><resolution>ARREST, BOOKED</resolution><address>21ST ST / SHOTWELL ST</address><x>-122.415629332446</x><y>37.757232227914</y><location human_address="{&quot;address&quot;:&quot;&quot;,&quot;city&quot;:&quot;&quot;,&quot;state&quot;:&quot;&quot;,&quot;zip&quot;:&quot;&quot;}" latitude="37.757232227914" longitude="-122.415629332446" needs_recoding="false"/></row>