<?xml version="1.0" encoding="UTF-8"?><row _id="12648152" _uuid="16FA51D8-35D6-41FB-9670-3C7D01B9512C" _position="12648152" _address="http://data.sfgov.org/resource/ritf-b9ki/12648152"><incidntnum>150895646</incidntnum><category>LARCENY/THEFT</category><descript>PETTY THEFT FROM A BUILDING</descript><dayofweek>Monday</dayofweek><date>2015-10-12T00:00:00</date><time>09:30</time><pddistrict>NORTHERN</pddistrict><resolution>NONE</resolution><address>600 Block of VANNESS AV</address><x>-122.420691386664</x><y>37.7814832523537</y><location human_address="{&quot;address&quot;:&quot;&quot;,&quot;city&quot;:&quot;&quot;,&quot;state&quot;:&quot;&quot;,&quot;zip&quot;:&quot;&quot;}" latitude="37.7814832523537" longitude="-122.420691386664" needs_recoding="false"/></row>