<?xml version="1.0" encoding="UTF-8"?><row _id="12650326" _uuid="5D841790-B72A-4D8E-BEAD-DC20C92DEB3D" _position="12650326" _address="http://data.sfgov.org/resource/ritf-b9ki/12650326"><incidntnum>150942231</incidntnum><category>OTHER OFFENSES</category><descript>LOST/STOLEN LICENSE PLATE</descript><dayofweek>Sunday</dayofweek><date>2015-10-18T00:00:00</date><time>10:00</time><pddistrict>NORTHERN</pddistrict><resolution>NONE</resolution><address>WASHINGTON ST / FRANKLIN ST</address><x>-122.424519835009</x><y>37.7928412840447</y><location human_address="{&quot;address&quot;:&quot;&quot;,&quot;city&quot;:&quot;&quot;,&quot;state&quot;:&quot;&quot;,&quot;zip&quot;:&quot;&quot;}" latitude="37.7928412840447" longitude="-122.424519835009" needs_recoding="false"/></row>