<?xml version="1.0" encoding="UTF-8"?><row _id="12644372" _uuid="BD7DE46B-647E-45DC-9359-B6A0596B742B" _position="12644372" _address="http://data.sfgov.org/resource/ritf-b9ki/12644372"><incidntnum>150866512</incidntnum><category>WARRANTS</category><descript>ENROUTE TO DEPARTMENT OF CORRECTIONS</descript><dayofweek>Saturday</dayofweek><date>2015-10-03T00:00:00</date><time>12:05</time><pddistrict>SOUTHERN</pddistrict><resolution>ARREST, BOOKED</resolution><address>200 Block of KING ST</address><x>-122.393110640713</x><y>37.7773103219698</y><location human_address="{&quot;address&quot;:&quot;&quot;,&quot;city&quot;:&quot;&quot;,&quot;state&quot;:&quot;&quot;,&quot;zip&quot;:&quot;&quot;}" latitude="37.7773103219698" longitude="-122.393110640713" needs_recoding="false"/></row>