<?xml version="1.0" encoding="UTF-8"?><row _id="12650386" _uuid="918A1486-C00F-48B8-AFF9-ADA26F220FB7" _position="12650386" _address="http://data.sfgov.org/resource/ritf-b9ki/12650386"><incidntnum>156258999</incidntnum><category>LARCENY/THEFT</category><descript>GRAND THEFT FROM LOCKED AUTO</descript><dayofweek>Sunday</dayofweek><date>2015-10-18T00:00:00</date><time>20:00</time><pddistrict>SOUTHERN</pddistrict><resolution>NONE</resolution><address>HARRISON ST / 10TH ST</address><x>-122.411279189969</x><y>37.7715785765043</y><location human_address="{&quot;address&quot;:&quot;&quot;,&quot;city&quot;:&quot;&quot;,&quot;state&quot;:&quot;&quot;,&quot;zip&quot;:&quot;&quot;}" latitude="37.7715785765043" longitude="-122.411279189969" needs_recoding="false"/></row>