<?xml version="1.0" encoding="UTF-8"?><row _id="12653140" _uuid="11AD5F89-BC2C-4383-85C7-0CFBC07F0541" _position="12653140" _address="http://data.sfgov.org/resource/ritf-b9ki/12653140"><incidntnum>156264877</incidntnum><category>NON-CRIMINAL</category><descript>LOST PROPERTY</descript><dayofweek>Saturday</dayofweek><date>2015-10-24T00:00:00</date><time>01:00</time><pddistrict>TENDERLOIN</pddistrict><resolution>NONE</resolution><address>0 Block of POWELL ST</address><x>-122.407845374111</x><y>37.7850943210103</y><location human_address="{&quot;address&quot;:&quot;&quot;,&quot;city&quot;:&quot;&quot;,&quot;state&quot;:&quot;&quot;,&quot;zip&quot;:&quot;&quot;}" latitude="37.7850943210103" longitude="-122.407845374111" needs_recoding="false"/></row>