<?xml version="1.0" encoding="UTF-8"?><row _id="12650752" _uuid="6B0C11ED-65B1-4777-99A4-9099A0D3AE94" _position="12650752" _address="http://data.sfgov.org/resource/ritf-b9ki/12650752"><incidntnum>150913113</incidntnum><category>OTHER OFFENSES</category><descript>DRIVERS LICENSE, SUSPENDED OR REVOKED</descript><dayofweek>Monday</dayofweek><date>2015-10-19T00:00:00</date><time>08:02</time><pddistrict>SOUTHERN</pddistrict><resolution>ARREST, BOOKED</resolution><address>TOWNSEND ST / 7TH ST</address><x>-122.401658145147</x><y>37.7718165835839</y><location human_address="{&quot;address&quot;:&quot;&quot;,&quot;city&quot;:&quot;&quot;,&quot;state&quot;:&quot;&quot;,&quot;zip&quot;:&quot;&quot;}" latitude="37.7718165835839" longitude="-122.401658145147" needs_recoding="false"/></row>