<?xml version="1.0" encoding="UTF-8"?><row _id="12644288" _uuid="ED78E5EC-D0DC-4070-AB44-2EC119F2BB15" _position="12644288" _address="http://data.sfgov.org/resource/ritf-b9ki/12644288"><incidntnum>156247356</incidntnum><category>LARCENY/THEFT</category><descript>GRAND THEFT FROM LOCKED AUTO</descript><dayofweek>Saturday</dayofweek><date>2015-10-03T00:00:00</date><time>22:29</time><pddistrict>SOUTHERN</pddistrict><resolution>NONE</resolution><address>STILLMAN ST / 3RD ST</address><x>-122.396381836885</x><y>37.7817492235226</y><location human_address="{&quot;address&quot;:&quot;&quot;,&quot;city&quot;:&quot;&quot;,&quot;state&quot;:&quot;&quot;,&quot;zip&quot;:&quot;&quot;}" latitude="37.7817492235226" longitude="-122.396381836885" needs_recoding="false"/></row>