<?xml version="1.0" encoding="UTF-8"?><row _id="12645011" _uuid="3846AF73-997D-4FAE-9BBB-575FFCAA18FE" _position="12645011" _address="http://data.sfgov.org/resource/ritf-b9ki/12645011"><incidntnum>150873539</incidntnum><category>LARCENY/THEFT</category><descript>PETTY THEFT FROM UNLOCKED AUTO</descript><dayofweek>Monday</dayofweek><date>2015-10-05T00:00:00</date><time>19:00</time><pddistrict>CENTRAL</pddistrict><resolution>NONE</resolution><address>BATTERY ST / SACRAMENTO ST</address><x>-122.400152784011</x><y>37.7941347017286</y><location human_address="{&quot;address&quot;:&quot;&quot;,&quot;city&quot;:&quot;&quot;,&quot;state&quot;:&quot;&quot;,&quot;zip&quot;:&quot;&quot;}" latitude="37.7941347017286" longitude="-122.400152784011" needs_recoding="false"/></row>