<?xml version="1.0" encoding="UTF-8"?><row _id="12648512" _uuid="E906E99A-C1F9-4B6D-933A-0B458653D3C6" _position="12648512" _address="http://data.sfgov.org/resource/ritf-b9ki/12648512"><incidntnum>150895884</incidntnum><category>ASSAULT</category><descript>AGGRAVATED ASSAULT WITH BODILY FORCE</descript><dayofweek>Tuesday</dayofweek><date>2015-10-13T00:00:00</date><time>10:45</time><pddistrict>INGLESIDE</pddistrict><resolution>ARREST, BOOKED</resolution><address>0 Block of PHELAN AV</address><x>-122.452289660492</x><y>37.7256933575703</y><location human_address="{&quot;address&quot;:&quot;&quot;,&quot;city&quot;:&quot;&quot;,&quot;state&quot;:&quot;&quot;,&quot;zip&quot;:&quot;&quot;}" latitude="37.7256933575703" longitude="-122.452289660492" needs_recoding="false"/></row>