<?xml version="1.0" encoding="UTF-8"?><row _id="12646423" _uuid="B57C515D-E7C6-4622-BF12-F97FA176B009" _position="12646423" _address="http://data.sfgov.org/resource/ritf-b9ki/12646423"><incidntnum>150881827</incidntnum><category>ASSAULT</category><descript>BATTERY</descript><dayofweek>Thursday</dayofweek><date>2015-10-08T00:00:00</date><time>14:45</time><pddistrict>NORTHERN</pddistrict><resolution>NONE</resolution><address>1000 Block of OFARRELL ST</address><x>-122.42201624387</x><y>37.7845943285477</y><location human_address="{&quot;address&quot;:&quot;&quot;,&quot;city&quot;:&quot;&quot;,&quot;state&quot;:&quot;&quot;,&quot;zip&quot;:&quot;&quot;}" latitude="37.7845943285477" longitude="-122.42201624387" needs_recoding="false"/></row>