<?xml version="1.0" encoding="UTF-8"?><row _id="12646494" _uuid="D0975E32-B77A-4F16-BB3A-7FACC6545F3D" _position="12646494" _address="http://data.sfgov.org/resource/ritf-b9ki/12646494"><incidntnum>150882665</incidntnum><category>NON-CRIMINAL</category><descript>CIVIL SIDEWALKS, CITATION</descript><dayofweek>Thursday</dayofweek><date>2015-10-08T00:00:00</date><time>20:00</time><pddistrict>MISSION</pddistrict><resolution>ARREST, BOOKED</resolution><address>200 Block of CLINTONPARK ST</address><x>-122.425665566837</x><y>37.7691019900231</y><location human_address="{&quot;address&quot;:&quot;&quot;,&quot;city&quot;:&quot;&quot;,&quot;state&quot;:&quot;&quot;,&quot;zip&quot;:&quot;&quot;}" latitude="37.7691019900231" longitude="-122.425665566837" needs_recoding="false"/></row>