<?xml version="1.0" encoding="UTF-8"?><row _id="12646152" _uuid="D1FEC6B5-8A30-4BAC-9123-958C23758EF6" _position="12646152" _address="http://data.sfgov.org/resource/ritf-b9ki/12646152"><incidntnum>150880603</incidntnum><category>OTHER OFFENSES</category><descript>RESISTING ARREST</descript><dayofweek>Thursday</dayofweek><date>2015-10-08T00:00:00</date><time>09:27</time><pddistrict>MISSION</pddistrict><resolution>ARREST, BOOKED</resolution><address>16TH ST / MISSION ST</address><x>-122.419671780296</x><y>37.7650501214668</y><location human_address="{&quot;address&quot;:&quot;&quot;,&quot;city&quot;:&quot;&quot;,&quot;state&quot;:&quot;&quot;,&quot;zip&quot;:&quot;&quot;}" latitude="37.7650501214668" longitude="-122.419671780296" needs_recoding="false"/></row>