<?xml version="1.0" encoding="UTF-8"?><row _id="12667047" _uuid="9C682853-E105-4E5E-9241-8DF2B70A8916" _position="12667047" _address="http://data.sfgov.org/resource/ritf-b9ki/12667047"><incidntnum>151041802</incidntnum><category>NON-CRIMINAL</category><descript>AIDED CASE, MENTAL DISTURBED</descript><dayofweek>Thursday</dayofweek><date>2015-10-01T00:00:00</date><time>12:36</time><pddistrict>SOUTHERN</pddistrict><resolution>UNFOUNDED</resolution><address>1000 Block of HOWARD ST</address><x>-122.408520791815</x><y>37.7785853155801</y><location human_address="{&quot;address&quot;:&quot;&quot;,&quot;city&quot;:&quot;&quot;,&quot;state&quot;:&quot;&quot;,&quot;zip&quot;:&quot;&quot;}" latitude="37.7785853155801" longitude="-122.408520791815" needs_recoding="false"/></row>