<?xml version="1.0" encoding="UTF-8"?><row _id="12644049" _uuid="85666B78-761E-4165-81F2-171C58B462D1" _position="12644049" _address="http://data.sfgov.org/resource/ritf-b9ki/12644049"><incidntnum>150865699</incidntnum><category>LIQUOR LAWS</category><descript>SALE OF ALCOHOL AFTER HOURS</descript><dayofweek>Friday</dayofweek><date>2015-10-02T00:00:00</date><time>23:00</time><pddistrict>INGLESIDE</pddistrict><resolution>ARREST, BOOKED</resolution><address>4400 Block of MISSION ST</address><x>-122.433431238863</x><y>37.7263839435754</y><location human_address="{&quot;address&quot;:&quot;&quot;,&quot;city&quot;:&quot;&quot;,&quot;state&quot;:&quot;&quot;,&quot;zip&quot;:&quot;&quot;}" latitude="37.7263839435754" longitude="-122.433431238863" needs_recoding="false"/></row>