<?xml version="1.0" encoding="UTF-8"?><row _id="12646078" _uuid="A278AD19-9201-41C3-A2A6-8632203846C4" _position="12646078" _address="http://data.sfgov.org/resource/ritf-b9ki/12646078"><incidntnum>150876953</incidntnum><category>TRESPASS</category><descript>LODGING WITHOUT PERMISSION</descript><dayofweek>Wednesday</dayofweek><date>2015-10-07T00:00:00</date><time>05:25</time><pddistrict>MISSION</pddistrict><resolution>NONE</resolution><address>0 Block of ERIE ST</address><x>-122.416710431543</x><y>37.7692014949216</y><location human_address="{&quot;address&quot;:&quot;&quot;,&quot;city&quot;:&quot;&quot;,&quot;state&quot;:&quot;&quot;,&quot;zip&quot;:&quot;&quot;}" latitude="37.7692014949216" longitude="-122.416710431543" needs_recoding="false"/></row>