<?xml version="1.0" encoding="UTF-8"?><row _id="12644642" _uuid="D2FEE449-B1EA-4290-83A8-3C14D1AC18DD" _position="12644642" _address="http://data.sfgov.org/resource/ritf-b9ki/12644642"><incidntnum>150871301</incidntnum><category>LARCENY/THEFT</category><descript>GRAND THEFT BICYCLE</descript><dayofweek>Sunday</dayofweek><date>2015-10-04T00:00:00</date><time>20:30</time><pddistrict>TENDERLOIN</pddistrict><resolution>NONE</resolution><address>POWELL ST / ELLIS ST</address><x>-122.407854234538</x><y>37.7854922044602</y><location human_address="{&quot;address&quot;:&quot;&quot;,&quot;city&quot;:&quot;&quot;,&quot;state&quot;:&quot;&quot;,&quot;zip&quot;:&quot;&quot;}" latitude="37.7854922044602" longitude="-122.407854234538" needs_recoding="false"/></row>