<?xml version="1.0" encoding="UTF-8"?><row _id="12644142" _uuid="C6F6DADE-C5F2-49C7-A517-9F32E6ED0A8A" _position="12644142" _address="http://data.sfgov.org/resource/ritf-b9ki/12644142"><incidntnum>150863950</incidntnum><category>OTHER OFFENSES</category><descript>FALSE PERSONATION TO RECEIVE MONEY OR PROPERTY</descript><dayofweek>Friday</dayofweek><date>2015-10-02T00:00:00</date><time>09:00</time><pddistrict>BAYVIEW</pddistrict><resolution>NONE</resolution><address>1300 Block of FAIRFAX AV</address><x>-122.384404223333</x><y>37.739674117404</y><location human_address="{&quot;address&quot;:&quot;&quot;,&quot;city&quot;:&quot;&quot;,&quot;state&quot;:&quot;&quot;,&quot;zip&quot;:&quot;&quot;}" latitude="37.739674117404" longitude="-122.384404223333" needs_recoding="false"/></row>