<?xml version="1.0" encoding="UTF-8"?><row _id="12644033" _uuid="596F6CEA-9E31-4A45-A4CE-DC5EAA520E31" _position="12644033" _address="http://data.sfgov.org/resource/ritf-b9ki/12644033"><incidntnum>150863853</incidntnum><category>PROSTITUTION</category><descript>SOLICITS FOR ACT OF PROSTITUTION</descript><dayofweek>Friday</dayofweek><date>2015-10-02T00:00:00</date><time>16:30</time><pddistrict>NORTHERN</pddistrict><resolution>ARREST, BOOKED</resolution><address>1500 Block of VANNESS AV</address><x>-122.422062730264</x><y>37.7899200014841</y><location human_address="{&quot;address&quot;:&quot;&quot;,&quot;city&quot;:&quot;&quot;,&quot;state&quot;:&quot;&quot;,&quot;zip&quot;:&quot;&quot;}" latitude="37.7899200014841" longitude="-122.422062730264" needs_recoding="false"/></row>