<?xml version="1.0" encoding="UTF-8"?><row _id="12648326" _uuid="98900A80-6BAC-4D9A-BE8B-F9F68F74C779" _position="12648326" _address="http://data.sfgov.org/resource/ritf-b9ki/12648326"><incidntnum>150898220</incidntnum><category>OTHER OFFENSES</category><descript>RESISTING ARREST</descript><dayofweek>Tuesday</dayofweek><date>2015-10-13T00:00:00</date><time>23:50</time><pddistrict>BAYVIEW</pddistrict><resolution>ARREST, BOOKED</resolution><address>20TH ST / 3RD ST</address><x>-122.388559411328</x><y>37.7604929243617</y><location human_address="{&quot;address&quot;:&quot;&quot;,&quot;city&quot;:&quot;&quot;,&quot;state&quot;:&quot;&quot;,&quot;zip&quot;:&quot;&quot;}" latitude="37.7604929243617" longitude="-122.388559411328" needs_recoding="false"/></row>