<?xml version="1.0" encoding="UTF-8"?><row _id="12650728" _uuid="7C927B8F-A926-480C-B1D4-4C40D7CC158E" _position="12650728" _address="http://data.sfgov.org/resource/ritf-b9ki/12650728"><incidntnum>150911606</incidntnum><category>SUSPICIOUS OCC</category><descript>INVESTIGATIVE DETENTION</descript><dayofweek>Sunday</dayofweek><date>2015-10-18T00:00:00</date><time>15:30</time><pddistrict>INGLESIDE</pddistrict><resolution>NONE</resolution><address>200 Block of EDINBURGH ST</address><x>-122.429019048618</x><y>37.7250789973584</y><location human_address="{&quot;address&quot;:&quot;&quot;,&quot;city&quot;:&quot;&quot;,&quot;state&quot;:&quot;&quot;,&quot;zip&quot;:&quot;&quot;}" latitude="37.7250789973584" longitude="-122.429019048618" needs_recoding="false"/></row>