<?xml version="1.0" encoding="UTF-8"?><row _id="12656892" _uuid="85DDCE78-E059-4588-847E-001EACB377CC" _position="12656892" _address="http://data.sfgov.org/resource/ritf-b9ki/12656892"><incidntnum>150969865</incidntnum><category>FRAUD</category><descript>CREDIT CARD, THEFT BY USE OF</descript><dayofweek>Monday</dayofweek><date>2015-11-02T00:00:00</date><time>13:32</time><pddistrict>RICHMOND</pddistrict><resolution>NONE</resolution><address>300 Block of 7TH AV</address><x>-122.465490381382</x><y>37.7819066124774</y><location human_address="{&quot;address&quot;:&quot;&quot;,&quot;city&quot;:&quot;&quot;,&quot;state&quot;:&quot;&quot;,&quot;zip&quot;:&quot;&quot;}" latitude="37.7819066124774" longitude="-122.465490381382" needs_recoding="false"/></row>