<?xml version="1.0" encoding="UTF-8"?><row _id="12647052" _uuid="6E251E04-F209-4B8C-A02B-C85308ECC2B5" _position="12647052" _address="http://data.sfgov.org/resource/ritf-b9ki/12647052"><incidntnum>150886190</incidntnum><category>SECONDARY CODES</category><descript>DOMESTIC VIOLENCE</descript><dayofweek>Saturday</dayofweek><date>2015-10-10T00:00:00</date><time>01:10</time><pddistrict>BAYVIEW</pddistrict><resolution>ARREST, BOOKED</resolution><address>1200 Block of REVERE AV</address><x>-122.383599364346</x><y>37.7280102316098</y><location human_address="{&quot;address&quot;:&quot;&quot;,&quot;city&quot;:&quot;&quot;,&quot;state&quot;:&quot;&quot;,&quot;zip&quot;:&quot;&quot;}" latitude="37.7280102316098" longitude="-122.383599364346" needs_recoding="false"/></row>