<?xml version="1.0" encoding="UTF-8"?><row _id="12643429" _uuid="AC2F2920-8305-4A73-9C7F-C955D982A794" _position="12643429" _address="http://data.sfgov.org/resource/ritf-b9ki/12643429"><incidntnum>150861584</incidntnum><category>OTHER OFFENSES</category><descript>TRAFFIC VIOLATION ARREST</descript><dayofweek>Thursday</dayofweek><date>2015-10-01T00:00:00</date><time>20:58</time><pddistrict>SOUTHERN</pddistrict><resolution>ARREST, BOOKED</resolution><address>1100 Block of FOLSOM ST</address><x>-122.409845783196</x><y>37.7752407085662</y><location human_address="{&quot;address&quot;:&quot;&quot;,&quot;city&quot;:&quot;&quot;,&quot;state&quot;:&quot;&quot;,&quot;zip&quot;:&quot;&quot;}" latitude="37.7752407085662" longitude="-122.409845783196" needs_recoding="false"/></row>