<?xml version="1.0" encoding="UTF-8"?><row _id="12649390" _uuid="1A06D265-BB58-4496-8A30-94E2A4F67227" _position="12649390" _address="http://data.sfgov.org/resource/ritf-b9ki/12649390"><incidntnum>150905580</incidntnum><category>NON-CRIMINAL</category><descript>AIDED CASE, MENTAL DISTURBED</descript><dayofweek>Friday</dayofweek><date>2015-10-16T00:00:00</date><time>12:13</time><pddistrict>NORTHERN</pddistrict><resolution>NONE</resolution><address>VANNESS AV / PINE ST</address><x>-122.422139511488</x><y>37.7894107633457</y><location human_address="{&quot;address&quot;:&quot;&quot;,&quot;city&quot;:&quot;&quot;,&quot;state&quot;:&quot;&quot;,&quot;zip&quot;:&quot;&quot;}" latitude="37.7894107633457" longitude="-122.422139511488" needs_recoding="false"/></row>