<?xml version="1.0" encoding="UTF-8"?><row _id="12652131" _uuid="F8ACC965-43AE-45A6-A477-11275862C896" _position="12652131" _address="http://data.sfgov.org/resource/ritf-b9ki/12652131"><incidntnum>150922954</incidntnum><category>LARCENY/THEFT</category><descript>PETTY THEFT FROM A BUILDING</descript><dayofweek>Thursday</dayofweek><date>2015-10-22T00:00:00</date><time>09:10</time><pddistrict>PARK</pddistrict><resolution>ARREST, BOOKED</resolution><address>500 Block of PARNASSUS AV</address><x>-122.458220811697</x><y>37.7633123961354</y><location human_address="{&quot;address&quot;:&quot;&quot;,&quot;city&quot;:&quot;&quot;,&quot;state&quot;:&quot;&quot;,&quot;zip&quot;:&quot;&quot;}" latitude="37.7633123961354" longitude="-122.458220811697" needs_recoding="false"/></row>