<?xml version="1.0" encoding="UTF-8"?><row _id="12646332" _uuid="CDD98AAA-91BE-45B9-AAE6-76CB70A02551" _position="12646332" _address="http://data.sfgov.org/resource/ritf-b9ki/12646332"><incidntnum>150881811</incidntnum><category>WARRANTS</category><descript>WARRANT ARREST</descript><dayofweek>Thursday</dayofweek><date>2015-10-08T00:00:00</date><time>15:26</time><pddistrict>TENDERLOIN</pddistrict><resolution>ARREST, BOOKED</resolution><address>100 Block of GOLDEN GATE AV</address><x>-122.413069926397</x><y>37.7820204255866</y><location human_address="{&quot;address&quot;:&quot;&quot;,&quot;city&quot;:&quot;&quot;,&quot;state&quot;:&quot;&quot;,&quot;zip&quot;:&quot;&quot;}" latitude="37.7820204255866" longitude="-122.413069926397" needs_recoding="false"/></row>