<?xml version="1.0" encoding="UTF-8"?><row _id="12643710" _uuid="7E1A40EA-C7CB-46A6-B497-CBD05EDC4816" _position="12643710" _address="http://data.sfgov.org/resource/ritf-b9ki/12643710"><incidntnum>150863110</incidntnum><category>DRUG/NARCOTIC</category><descript>POSSESSION OF CONTROLLED SUBSTANCE</descript><dayofweek>Friday</dayofweek><date>2015-10-02T00:00:00</date><time>12:25</time><pddistrict>SOUTHERN</pddistrict><resolution>ARREST, BOOKED</resolution><address>10TH ST / MISSION ST</address><x>-122.41591119887</x><y>37.7752721501379</y><location human_address="{&quot;address&quot;:&quot;&quot;,&quot;city&quot;:&quot;&quot;,&quot;state&quot;:&quot;&quot;,&quot;zip&quot;:&quot;&quot;}" latitude="37.7752721501379" longitude="-122.41591119887" needs_recoding="false"/></row>