<?xml version="1.0" encoding="UTF-8"?><row _id="12644665" _uuid="65369B23-53C5-4858-9FE3-6302B985842E" _position="12644665" _address="http://data.sfgov.org/resource/ritf-b9ki/12644665"><incidntnum>156244788</incidntnum><category>LARCENY/THEFT</category><descript>GRAND THEFT FROM LOCKED AUTO</descript><dayofweek>Sunday</dayofweek><date>2015-10-04T00:00:00</date><time>21:00</time><pddistrict>CENTRAL</pddistrict><resolution>NONE</resolution><address>BROADWAY ST / STOCKTON ST</address><x>-122.408622974321</x><y>37.7976265594608</y><location human_address="{&quot;address&quot;:&quot;&quot;,&quot;city&quot;:&quot;&quot;,&quot;state&quot;:&quot;&quot;,&quot;zip&quot;:&quot;&quot;}" latitude="37.7976265594608" longitude="-122.408622974321" needs_recoding="false"/></row>