<?xml version="1.0" encoding="UTF-8"?><row _id="12646849" _uuid="88C50B1E-4B4B-44C5-B102-AE3B9E9CCCF2" _position="12646849" _address="http://data.sfgov.org/resource/ritf-b9ki/12646849"><incidntnum>150884053</incidntnum><category>ASSAULT</category><descript>BATTERY, FORMER SPOUSE OR DATING RELATIONSHIP</descript><dayofweek>Friday</dayofweek><date>2015-10-09T00:00:00</date><time>10:50</time><pddistrict>SOUTHERN</pddistrict><resolution>NONE</resolution><address>800 Block of BRYANT ST</address><x>-122.402849079555</x><y>37.7758599616408</y><location human_address="{&quot;address&quot;:&quot;&quot;,&quot;city&quot;:&quot;&quot;,&quot;state&quot;:&quot;&quot;,&quot;zip&quot;:&quot;&quot;}" latitude="37.7758599616408" longitude="-122.402849079555" needs_recoding="false"/></row>