<?xml version="1.0" encoding="UTF-8"?><row _id="12658910" _uuid="3899C776-8679-4070-877C-9A91C9700C04" _position="12658910" _address="http://data.sfgov.org/resource/ritf-b9ki/12658910"><incidntnum>150954399</incidntnum><category>NON-CRIMINAL</category><descript>CASE CLOSURE</descript><dayofweek>Sunday</dayofweek><date>2015-11-01T00:00:00</date><time>10:00</time><pddistrict>INGLESIDE</pddistrict><resolution>UNFOUNDED</resolution><address>700 Block of NAPLES ST</address><x>-122.434214356016</x><y>37.7169800042342</y><location human_address="{&quot;address&quot;:&quot;&quot;,&quot;city&quot;:&quot;&quot;,&quot;state&quot;:&quot;&quot;,&quot;zip&quot;:&quot;&quot;}" latitude="37.7169800042342" longitude="-122.434214356016" needs_recoding="false"/></row>