<?xml version="1.0" encoding="UTF-8"?><row _id="12649533" _uuid="DFC84D15-9026-4E1B-94E7-EA1C1E7F9FBE" _position="12649533" _address="http://data.sfgov.org/resource/ritf-b9ki/12649533"><incidntnum>150906475</incidntnum><category>DRUG/NARCOTIC</category><descript>POSSESSION OF MARIJUANA FOR SALES</descript><dayofweek>Friday</dayofweek><date>2015-10-16T00:00:00</date><time>17:16</time><pddistrict>SOUTHERN</pddistrict><resolution>ARREST, BOOKED</resolution><address>1000 Block of MARKET ST</address><x>-122.411071423064</x><y>37.7817511307229</y><location human_address="{&quot;address&quot;:&quot;&quot;,&quot;city&quot;:&quot;&quot;,&quot;state&quot;:&quot;&quot;,&quot;zip&quot;:&quot;&quot;}" latitude="37.7817511307229" longitude="-122.411071423064" needs_recoding="false"/></row>