<?xml version="1.0" encoding="UTF-8"?><row _id="12645798" _uuid="04923790-5997-4223-9E3E-795EA2C51295" _position="12645798" _address="http://data.sfgov.org/resource/ritf-b9ki/12645798"><incidntnum>156245344</incidntnum><category>LARCENY/THEFT</category><descript>GRAND THEFT FROM UNLOCKED AUTO</descript><dayofweek>Wednesday</dayofweek><date>2015-10-07T00:00:00</date><time>05:00</time><pddistrict>NORTHERN</pddistrict><resolution>NONE</resolution><address>LAGUNA ST / GREEN ST</address><x>-122.430371829258</x><y>37.7967808411162</y><location human_address="{&quot;address&quot;:&quot;&quot;,&quot;city&quot;:&quot;&quot;,&quot;state&quot;:&quot;&quot;,&quot;zip&quot;:&quot;&quot;}" latitude="37.7967808411162" longitude="-122.430371829258" needs_recoding="false"/></row>