<?xml version="1.0" encoding="UTF-8"?><row _id="12653418" _uuid="153F0677-BF8C-48D2-B8FF-475D8ECFB168" _position="12653418" _address="http://data.sfgov.org/resource/ritf-b9ki/12653418"><incidntnum>150933967</incidntnum><category>OTHER OFFENSES</category><descript>RESISTING ARREST</descript><dayofweek>Sunday</dayofweek><date>2015-10-25T00:00:00</date><time>18:33</time><pddistrict>CENTRAL</pddistrict><resolution>ARREST, BOOKED</resolution><address>400 Block of PACIFIC AV</address><x>-122.40330682057</x><y>37.7973997054772</y><location human_address="{&quot;address&quot;:&quot;&quot;,&quot;city&quot;:&quot;&quot;,&quot;state&quot;:&quot;&quot;,&quot;zip&quot;:&quot;&quot;}" latitude="37.7973997054772" longitude="-122.40330682057" needs_recoding="false"/></row>