<?xml version="1.0" encoding="UTF-8"?><row _id="12645548" _uuid="97D36A15-86D0-4DFF-BF81-821EE996A655" _position="12645548" _address="http://data.sfgov.org/resource/ritf-b9ki/12645548"><incidntnum>150874098</incidntnum><category>VANDALISM</category><descript>MALICIOUS MISCHIEF, VANDALISM</descript><dayofweek>Tuesday</dayofweek><date>2015-10-06T00:00:00</date><time>06:55</time><pddistrict>TARAVAL</pddistrict><resolution>NONE</resolution><address>1900 Block of 42ND AV</address><x>-122.500990298409</x><y>37.7503347598201</y><location human_address="{&quot;address&quot;:&quot;&quot;,&quot;city&quot;:&quot;&quot;,&quot;state&quot;:&quot;&quot;,&quot;zip&quot;:&quot;&quot;}" latitude="37.7503347598201" longitude="-122.500990298409" needs_recoding="false"/></row>