<?xml version="1.0" encoding="UTF-8"?><row _id="12661929" _uuid="316833CD-9BEA-4E7C-94B1-E8067ED759A4" _position="12661929" _address="http://data.sfgov.org/resource/ritf-b9ki/12661929"><incidntnum>150990694</incidntnum><category>KIDNAPPING</category><descript>KIDNAPPING, ADULT VICTIM</descript><dayofweek>Monday</dayofweek><date>2015-11-09T00:00:00</date><time>22:45</time><pddistrict>CENTRAL</pddistrict><resolution>NONE</resolution><address>700 Block of POST ST</address><x>-122.41420144235</x><y>37.7876109394648</y><location human_address="{&quot;address&quot;:&quot;&quot;,&quot;city&quot;:&quot;&quot;,&quot;state&quot;:&quot;&quot;,&quot;zip&quot;:&quot;&quot;}" latitude="37.7876109394648" longitude="-122.41420144235" needs_recoding="false"/></row>