<?xml version="1.0" encoding="UTF-8"?><row _id="12648052" _uuid="A5CEE7EE-D76D-4362-9119-7548415EFFEE" _position="12648052" _address="http://data.sfgov.org/resource/ritf-b9ki/12648052"><incidntnum>150894046</incidntnum><category>WARRANTS</category><descript>WARRANT ARREST</descript><dayofweek>Monday</dayofweek><date>2015-10-12T00:00:00</date><time>17:09</time><pddistrict>PARK</pddistrict><resolution>NONE</resolution><address>1800 Block of HAIGHT ST</address><x>-122.452706340322</x><y>37.7692156705894</y><location human_address="{&quot;address&quot;:&quot;&quot;,&quot;city&quot;:&quot;&quot;,&quot;state&quot;:&quot;&quot;,&quot;zip&quot;:&quot;&quot;}" latitude="37.7692156705894" longitude="-122.452706340322" needs_recoding="false"/></row>