<?xml version="1.0" encoding="UTF-8"?><row _id="12643570" _uuid="52EB5320-C795-48EF-84B2-CB64CAF1FDF6" _position="12643570" _address="http://data.sfgov.org/resource/ritf-b9ki/12643570"><incidntnum>150860558</incidntnum><category>LARCENY/THEFT</category><descript>GRAND THEFT FROM LOCKED AUTO</descript><dayofweek>Thursday</dayofweek><date>2015-10-01T00:00:00</date><time>13:00</time><pddistrict>TARAVAL</pddistrict><resolution>NONE</resolution><address>2300 Block of 24TH AV</address><x>-122.48118317163</x><y>37.7437268170337</y><location human_address="{&quot;address&quot;:&quot;&quot;,&quot;city&quot;:&quot;&quot;,&quot;state&quot;:&quot;&quot;,&quot;zip&quot;:&quot;&quot;}" latitude="37.7437268170337" longitude="-122.48118317163" needs_recoding="false"/></row>