<?xml version="1.0" encoding="UTF-8"?><row _id="12643278" _uuid="B8D73283-9DEC-457E-B25D-FD19A459B39D" _position="12643278" _address="http://data.sfgov.org/resource/ritf-b9ki/12643278"><incidntnum>150861885</incidntnum><category>VANDALISM</category><descript>MALICIOUS MISCHIEF, VANDALISM OF VEHICLES</descript><dayofweek>Thursday</dayofweek><date>2015-10-01T00:00:00</date><time>19:00</time><pddistrict>TENDERLOIN</pddistrict><resolution>NONE</resolution><address>EDDY ST / HYDE ST</address><x>-122.415885065788</x><y>37.7835160564153</y><location human_address="{&quot;address&quot;:&quot;&quot;,&quot;city&quot;:&quot;&quot;,&quot;state&quot;:&quot;&quot;,&quot;zip&quot;:&quot;&quot;}" latitude="37.7835160564153" longitude="-122.415885065788" needs_recoding="false"/></row>