<?xml version="1.0" encoding="UTF-8"?><row _id="12645237" _uuid="9126F555-1F9C-4399-A1F8-3A3D9BF3C923" _position="12645237" _address="http://data.sfgov.org/resource/ritf-b9ki/12645237"><incidntnum>150870886</incidntnum><category>VANDALISM</category><descript>MALICIOUS MISCHIEF, VANDALISM OF VEHICLES</descript><dayofweek>Monday</dayofweek><date>2015-10-05T00:00:00</date><time>00:10</time><pddistrict>MISSION</pddistrict><resolution>NONE</resolution><address>0 Block of HARTFORD ST</address><x>-122.433912487821</x><y>37.7617417986798</y><location human_address="{&quot;address&quot;:&quot;&quot;,&quot;city&quot;:&quot;&quot;,&quot;state&quot;:&quot;&quot;,&quot;zip&quot;:&quot;&quot;}" latitude="37.7617417986798" longitude="-122.433912487821" needs_recoding="false"/></row>