<?xml version="1.0" encoding="UTF-8"?><row _id="12666159" _uuid="4D0F8BD1-6851-4653-BD19-F24E714EC14D" _position="12666159" _address="http://data.sfgov.org/resource/ritf-b9ki/12666159"><incidntnum>151048450</incidntnum><category>LARCENY/THEFT</category><descript>GRAND THEFT FROM LOCKED AUTO</descript><dayofweek>Monday</dayofweek><date>2015-10-05T00:00:00</date><time>16:00</time><pddistrict>BAYVIEW</pddistrict><resolution>NONE</resolution><address>THOMAS AV / INGALLS ST</address><x>-122.385684144722</x><y>37.7272326718559</y><location human_address="{&quot;address&quot;:&quot;&quot;,&quot;city&quot;:&quot;&quot;,&quot;state&quot;:&quot;&quot;,&quot;zip&quot;:&quot;&quot;}" latitude="37.7272326718559" longitude="-122.385684144722" needs_recoding="false"/></row>