<?xml version="1.0" encoding="UTF-8"?><row _id="12643352" _uuid="D415B627-97F2-4217-9ABB-8A6D98A4B860" _position="12643352" _address="http://data.sfgov.org/resource/ritf-b9ki/12643352"><incidntnum>150867071</incidntnum><category>LARCENY/THEFT</category><descript>PETTY THEFT FROM LOCKED AUTO</descript><dayofweek>Thursday</dayofweek><date>2015-10-01T00:00:00</date><time>17:40</time><pddistrict>INGLESIDE</pddistrict><resolution>NONE</resolution><address>29TH ST / SAN JOSE AV</address><x>-122.422672192368</x><y>37.7439432704307</y><location human_address="{&quot;address&quot;:&quot;&quot;,&quot;city&quot;:&quot;&quot;,&quot;state&quot;:&quot;&quot;,&quot;zip&quot;:&quot;&quot;}" latitude="37.7439432704307" longitude="-122.422672192368" needs_recoding="false"/></row>