<?xml version="1.0" encoding="UTF-8"?><row _id="12646110" _uuid="ABA9EFC7-4C73-403C-9CEC-C59EBB4ECB95" _position="12646110" _address="http://data.sfgov.org/resource/ritf-b9ki/12646110"><incidntnum>150883215</incidntnum><category>LARCENY/THEFT</category><descript>GRAND THEFT FROM LOCKED AUTO</descript><dayofweek>Thursday</dayofweek><date>2015-10-08T00:00:00</date><time>22:00</time><pddistrict>SOUTHERN</pddistrict><resolution>NONE</resolution><address>6TH ST / MISSION ST</address><x>-122.408710606663</x><y>37.7809706722053</y><location human_address="{&quot;address&quot;:&quot;&quot;,&quot;city&quot;:&quot;&quot;,&quot;state&quot;:&quot;&quot;,&quot;zip&quot;:&quot;&quot;}" latitude="37.7809706722053" longitude="-122.408710606663" needs_recoding="false"/></row>