<?xml version="1.0" encoding="UTF-8"?><row _id="12644334" _uuid="6F9D68FD-5D3D-46DD-965D-EC51050F6799" _position="12644334" _address="http://data.sfgov.org/resource/ritf-b9ki/12644334"><incidntnum>150866744</incidntnum><category>LARCENY/THEFT</category><descript>LOST PROPERTY, PETTY THEFT</descript><dayofweek>Saturday</dayofweek><date>2015-10-03T00:00:00</date><time>12:40</time><pddistrict>MISSION</pddistrict><resolution>NONE</resolution><address>900 Block of POTRERO AV</address><x>-122.406604919508</x><y>37.7571580431915</y><location human_address="{&quot;address&quot;:&quot;&quot;,&quot;city&quot;:&quot;&quot;,&quot;state&quot;:&quot;&quot;,&quot;zip&quot;:&quot;&quot;}" latitude="37.7571580431915" longitude="-122.406604919508" needs_recoding="false"/></row>