<?xml version="1.0" encoding="UTF-8"?><row _id="12644315" _uuid="D21B9E04-3A13-420A-85CC-143313B04656" _position="12644315" _address="http://data.sfgov.org/resource/ritf-b9ki/12644315"><incidntnum>150867059</incidntnum><category>LARCENY/THEFT</category><descript>PETTY THEFT BICYCLE</descript><dayofweek>Saturday</dayofweek><date>2015-10-03T00:00:00</date><time>15:48</time><pddistrict>SOUTHERN</pddistrict><resolution>NONE</resolution><address>800 Block of BRYANT ST</address><x>-122.403404791479</x><y>37.775420706711</y><location human_address="{&quot;address&quot;:&quot;&quot;,&quot;city&quot;:&quot;&quot;,&quot;state&quot;:&quot;&quot;,&quot;zip&quot;:&quot;&quot;}" latitude="37.775420706711" longitude="-122.403404791479" needs_recoding="false"/></row>