<?xml version="1.0" encoding="UTF-8"?><row _id="12644800" _uuid="CFF40511-35E6-45DD-B270-01F7E5EA85CC" _position="12644800" _address="http://data.sfgov.org/resource/ritf-b9ki/12644800"><incidntnum>150870444</incidntnum><category>TRESPASS</category><descript>TRESPASSING</descript><dayofweek>Sunday</dayofweek><date>2015-10-04T00:00:00</date><time>20:35</time><pddistrict>CENTRAL</pddistrict><resolution>ARREST, BOOKED</resolution><address>600 Block of LEAVENWORTH ST</address><x>-122.414834509733</x><y>37.7870044894925</y><location human_address="{&quot;address&quot;:&quot;&quot;,&quot;city&quot;:&quot;&quot;,&quot;state&quot;:&quot;&quot;,&quot;zip&quot;:&quot;&quot;}" latitude="37.7870044894925" longitude="-122.414834509733" needs_recoding="false"/></row>