<?xml version="1.0" encoding="UTF-8"?><row _id="12646796" _uuid="D1DFC1CC-6A04-4CA6-A46D-9DBBE59C9FE9" _position="12646796" _address="http://data.sfgov.org/resource/ritf-b9ki/12646796"><incidntnum>159005581</incidntnum><category>LIQUOR LAWS</category><descript>POSSESSION OF ALCOHOL BY MINOR</descript><dayofweek>Friday</dayofweek><date>2015-10-09T00:00:00</date><time>22:21</time><pddistrict>TARAVAL</pddistrict><resolution>ARREST, BOOKED</resolution><address>700 Block of FONT BL</address><x>-122.483569270838</x><y>37.7230650556781</y><location human_address="{&quot;address&quot;:&quot;&quot;,&quot;city&quot;:&quot;&quot;,&quot;state&quot;:&quot;&quot;,&quot;zip&quot;:&quot;&quot;}" latitude="37.7230650556781" longitude="-122.483569270838" needs_recoding="false"/></row>