<?xml version="1.0" encoding="UTF-8"?><row _id="12644714" _uuid="575115AF-7A11-4743-981F-F1074B9A7D0A" _position="12644714" _address="http://data.sfgov.org/resource/ritf-b9ki/12644714"><incidntnum>150868988</incidntnum><category>TRESPASS</category><descript>TRESPASSING</descript><dayofweek>Sunday</dayofweek><date>2015-10-04T00:00:00</date><time>09:30</time><pddistrict>CENTRAL</pddistrict><resolution>ARREST, BOOKED</resolution><address>500 Block of CLAY ST</address><x>-122.402745064361</x><y>37.7946644775762</y><location human_address="{&quot;address&quot;:&quot;&quot;,&quot;city&quot;:&quot;&quot;,&quot;state&quot;:&quot;&quot;,&quot;zip&quot;:&quot;&quot;}" latitude="37.7946644775762" longitude="-122.402745064361" needs_recoding="false"/></row>