<?xml version="1.0" encoding="UTF-8"?><row _id="12647218" _uuid="04D11C5F-EF45-49B8-BFD4-3494515E70FE" _position="12647218" _address="http://data.sfgov.org/resource/ritf-b9ki/12647218"><incidntnum>156244409</incidntnum><category>LARCENY/THEFT</category><descript>GRAND THEFT FROM LOCKED AUTO</descript><dayofweek>Thursday</dayofweek><date>2015-10-01T00:00:00</date><time>12:00</time><pddistrict>CENTRAL</pddistrict><resolution>NONE</resolution><address>800 Block of GEARY ST</address><x>-122.417273344939</x><y>37.7861493947594</y><location human_address="{&quot;address&quot;:&quot;&quot;,&quot;city&quot;:&quot;&quot;,&quot;state&quot;:&quot;&quot;,&quot;zip&quot;:&quot;&quot;}" latitude="37.7861493947594" longitude="-122.417273344939" needs_recoding="false"/></row>