<?xml version="1.0" encoding="UTF-8"?><row _id="12647934" _uuid="3C47EEF2-05B5-4785-B24B-1A052E53419F" _position="12647934" _address="http://data.sfgov.org/resource/ritf-b9ki/12647934"><incidntnum>156249807</incidntnum><category>NON-CRIMINAL</category><descript>LOST PROPERTY</descript><dayofweek>Monday</dayofweek><date>2015-10-12T00:00:00</date><time>08:30</time><pddistrict>TARAVAL</pddistrict><resolution>NONE</resolution><address>25TH AV / NORIEGA ST</address><x>-122.482898694106</x><y>37.7539550259728</y><location human_address="{&quot;address&quot;:&quot;&quot;,&quot;city&quot;:&quot;&quot;,&quot;state&quot;:&quot;&quot;,&quot;zip&quot;:&quot;&quot;}" latitude="37.7539550259728" longitude="-122.482898694106" needs_recoding="false"/></row>