<?xml version="1.0" encoding="UTF-8"?><row _id="12653130" _uuid="AF23C93A-54A8-43FA-84E8-1E7E6F751DC2" _position="12653130" _address="http://data.sfgov.org/resource/ritf-b9ki/12653130"><incidntnum>150957622</incidntnum><category>VANDALISM</category><descript>MALICIOUS MISCHIEF, VANDALISM</descript><dayofweek>Monday</dayofweek><date>2015-10-12T00:00:00</date><time>12:00</time><pddistrict>INGLESIDE</pddistrict><resolution>NONE</resolution><address>100 Block of BRADFORD ST</address><x>-122.409643132644</x><y>37.7404791578194</y><location human_address="{&quot;address&quot;:&quot;&quot;,&quot;city&quot;:&quot;&quot;,&quot;state&quot;:&quot;&quot;,&quot;zip&quot;:&quot;&quot;}" latitude="37.7404791578194" longitude="-122.409643132644" needs_recoding="false"/></row>