<?xml version="1.0" encoding="UTF-8"?><row _id="12648909" _uuid="87C747C4-57D0-4BC7-B2F0-3157744EA6F9" _position="12648909" _address="http://data.sfgov.org/resource/ritf-b9ki/12648909"><incidntnum>150911515</incidntnum><category>MISSING PERSON</category><descript>MISSING JUVENILE</descript><dayofweek>Wednesday</dayofweek><date>2015-10-14T00:00:00</date><time>17:00</time><pddistrict>MISSION</pddistrict><resolution>NONE</resolution><address>2300 Block of MISSION ST</address><x>-122.419058868103</x><y>37.7594227506297</y><location human_address="{&quot;address&quot;:&quot;&quot;,&quot;city&quot;:&quot;&quot;,&quot;state&quot;:&quot;&quot;,&quot;zip&quot;:&quot;&quot;}" latitude="37.7594227506297" longitude="-122.419058868103" needs_recoding="false"/></row>