<?xml version="1.0" encoding="UTF-8"?><row _id="12653111" _uuid="2520F3F2-3134-4EE2-90A7-5F552F8759E5" _position="12653111" _address="http://data.sfgov.org/resource/ritf-b9ki/12653111"><incidntnum>150933149</incidntnum><category>VANDALISM</category><descript>MALICIOUS MISCHIEF, BREAKING WINDOWS</descript><dayofweek>Saturday</dayofweek><date>2015-10-24T00:00:00</date><time>21:00</time><pddistrict>INGLESIDE</pddistrict><resolution>NONE</resolution><address>3600 Block of MISSION ST</address><x>-122.424064420756</x><y>37.7381137530392</y><location human_address="{&quot;address&quot;:&quot;&quot;,&quot;city&quot;:&quot;&quot;,&quot;state&quot;:&quot;&quot;,&quot;zip&quot;:&quot;&quot;}" latitude="37.7381137530392" longitude="-122.424064420756" needs_recoding="false"/></row>