<?xml version="1.0" encoding="UTF-8"?><row _id="12645427" _uuid="663FD8B2-6E77-49FF-93AC-A5F57990014D" _position="12645427" _address="http://data.sfgov.org/resource/ritf-b9ki/12645427"><incidntnum>150875858</incidntnum><category>OTHER OFFENSES</category><descript>TRAFFIC VIOLATION ARREST</descript><dayofweek>Tuesday</dayofweek><date>2015-10-06T00:00:00</date><time>17:23</time><pddistrict>SOUTHERN</pddistrict><resolution>ARREST, BOOKED</resolution><address>MARKET ST / 5THSTNORTH ST</address><x>-122.408068345148</x><y>37.7839916768161</y><location human_address="{&quot;address&quot;:&quot;&quot;,&quot;city&quot;:&quot;&quot;,&quot;state&quot;:&quot;&quot;,&quot;zip&quot;:&quot;&quot;}" latitude="37.7839916768161" longitude="-122.408068345148" needs_recoding="false"/></row>