<?xml version="1.0" encoding="UTF-8"?><row _id="12645995" _uuid="C1383F48-BBE6-49D0-9D16-074C80ADF23C" _position="12645995" _address="http://data.sfgov.org/resource/ritf-b9ki/12645995"><incidntnum>150879838</incidntnum><category>LARCENY/THEFT</category><descript>GRAND THEFT FROM A BUILDING</descript><dayofweek>Wednesday</dayofweek><date>2015-10-07T00:00:00</date><time>21:30</time><pddistrict>SOUTHERN</pddistrict><resolution>NONE</resolution><address>0 Block of 5TH ST</address><x>-122.407051190493</x><y>37.7832636870331</y><location human_address="{&quot;address&quot;:&quot;&quot;,&quot;city&quot;:&quot;&quot;,&quot;state&quot;:&quot;&quot;,&quot;zip&quot;:&quot;&quot;}" latitude="37.7832636870331" longitude="-122.407051190493" needs_recoding="false"/></row>