<?xml version="1.0" encoding="UTF-8"?><row _id="12648664" _uuid="F3AEF7EB-8FA2-4063-ABF2-DB66B56A5CED" _position="12648664" _address="http://data.sfgov.org/resource/ritf-b9ki/12648664"><incidntnum>150900267</incidntnum><category>LARCENY/THEFT</category><descript>GRAND THEFT FROM LOCKED AUTO</descript><dayofweek>Wednesday</dayofweek><date>2015-10-14T00:00:00</date><time>13:30</time><pddistrict>TARAVAL</pddistrict><resolution>NONE</resolution><address>JUNIPERO SERRA BL / WINSTON DR</address><x>-122.472055313907</x><y>37.7268239063089</y><location human_address="{&quot;address&quot;:&quot;&quot;,&quot;city&quot;:&quot;&quot;,&quot;state&quot;:&quot;&quot;,&quot;zip&quot;:&quot;&quot;}" latitude="37.7268239063089" longitude="-122.472055313907" needs_recoding="false"/></row>