<?xml version="1.0" encoding="UTF-8"?><row _id="12643122" _uuid="8F69FFD1-CE7F-418C-9C84-BDF2BBDE2E3E" _position="12643122" _address="http://data.sfgov.org/resource/ritf-b9ki/12643122"><incidntnum>150858359</incidntnum><category>LARCENY/THEFT</category><descript>GRAND THEFT FROM LOCKED AUTO</descript><dayofweek>Wednesday</dayofweek><date>2015-09-30T00:00:00</date><time>21:00</time><pddistrict>SOUTHERN</pddistrict><resolution>NONE</resolution><address>800 Block of BRANNAN ST</address><x>-122.404385042303</x><y>37.7721958190345</y><location human_address="{&quot;address&quot;:&quot;&quot;,&quot;city&quot;:&quot;&quot;,&quot;state&quot;:&quot;&quot;,&quot;zip&quot;:&quot;&quot;}" latitude="37.7721958190345" longitude="-122.404385042303" needs_recoding="false"/></row>