<?xml version="1.0" encoding="UTF-8"?><row _id="12645687" _uuid="4EA98D2F-B597-4F92-B3D6-328C8F6C7D93" _position="12645687" _address="http://data.sfgov.org/resource/ritf-b9ki/12645687"><incidntnum>150878830</incidntnum><category>LARCENY/THEFT</category><descript>GRAND THEFT FROM A BUILDING</descript><dayofweek>Tuesday</dayofweek><date>2015-10-06T00:00:00</date><time>17:45</time><pddistrict>PARK</pddistrict><resolution>NONE</resolution><address>0 Block of BARCELONA AV</address><x>-122.444497362939</x><y>37.7802723161215</y><location human_address="{&quot;address&quot;:&quot;&quot;,&quot;city&quot;:&quot;&quot;,&quot;state&quot;:&quot;&quot;,&quot;zip&quot;:&quot;&quot;}" latitude="37.7802723161215" longitude="-122.444497362939" needs_recoding="false"/></row>