<?xml version="1.0" encoding="UTF-8"?><row _id="12650964" _uuid="44505FAE-345C-4D31-9AF6-EF9F7E684F77" _position="12650964" _address="http://data.sfgov.org/resource/ritf-b9ki/12650964"><incidntnum>150865752</incidntnum><category>DRUG/NARCOTIC</category><descript>POSSESSION OF BASE/ROCK COCAINE FOR SALE</descript><dayofweek>Saturday</dayofweek><date>2015-10-03T00:00:00</date><time>02:32</time><pddistrict>INGLESIDE</pddistrict><resolution>ARREST, BOOKED</resolution><address>4400 Block of MISSION ST</address><x>-122.433431238863</x><y>37.7263839435754</y><location human_address="{&quot;address&quot;:&quot;&quot;,&quot;city&quot;:&quot;&quot;,&quot;state&quot;:&quot;&quot;,&quot;zip&quot;:&quot;&quot;}" latitude="37.7263839435754" longitude="-122.433431238863" needs_recoding="false"/></row>