<?xml version="1.0" encoding="UTF-8"?><row _id="12647831" _uuid="F5DA53B2-89AA-49BC-8B21-690875110E0C" _position="12647831" _address="http://data.sfgov.org/resource/ritf-b9ki/12647831"><incidntnum>156249039</incidntnum><category>VANDALISM</category><descript>MALICIOUS MISCHIEF, VANDALISM</descript><dayofweek>Friday</dayofweek><date>2015-10-02T00:00:00</date><time>12:20</time><pddistrict>INGLESIDE</pddistrict><resolution>NONE</resolution><address>0 Block of OGDEN AV</address><x>-122.410374659242</x><y>37.7357626646569</y><location human_address="{&quot;address&quot;:&quot;&quot;,&quot;city&quot;:&quot;&quot;,&quot;state&quot;:&quot;&quot;,&quot;zip&quot;:&quot;&quot;}" latitude="37.7357626646569" longitude="-122.410374659242" needs_recoding="false"/></row>