<?xml version="1.0" encoding="UTF-8"?><row _id="12647677" _uuid="813AF228-7787-4D88-B783-AC6AABD6FC9F" _position="12647677" _address="http://data.sfgov.org/resource/ritf-b9ki/12647677"><incidntnum>150895301</incidntnum><category>BURGLARY</category><descript>BURGLARY OF STORE, UNLAWFUL ENTRY</descript><dayofweek>Sunday</dayofweek><date>2015-10-11T00:00:00</date><time>23:30</time><pddistrict>MISSION</pddistrict><resolution>NONE</resolution><address>500 Block of LIBERTY ST</address><x>-122.433540925286</x><y>37.7570071557685</y><location human_address="{&quot;address&quot;:&quot;&quot;,&quot;city&quot;:&quot;&quot;,&quot;state&quot;:&quot;&quot;,&quot;zip&quot;:&quot;&quot;}" latitude="37.7570071557685" longitude="-122.433540925286" needs_recoding="false"/></row>