<?xml version="1.0" encoding="UTF-8"?><row _id="12644616" _uuid="3C699FC0-A68B-4BAB-913F-FFEC285E20D1" _position="12644616" _address="http://data.sfgov.org/resource/ritf-b9ki/12644616"><incidntnum>150868740</incidntnum><category>LARCENY/THEFT</category><descript>GRAND THEFT PICKPOCKET</descript><dayofweek>Sunday</dayofweek><date>2015-10-04T00:00:00</date><time>00:50</time><pddistrict>NORTHERN</pddistrict><resolution>NONE</resolution><address>POLK ST / SUTTER ST</address><x>-122.420120319204</x><y>37.7877570602411</y><location human_address="{&quot;address&quot;:&quot;&quot;,&quot;city&quot;:&quot;&quot;,&quot;state&quot;:&quot;&quot;,&quot;zip&quot;:&quot;&quot;}" latitude="37.7877570602411" longitude="-122.420120319204" needs_recoding="false"/></row>