<?xml version="1.0" encoding="UTF-8"?><row _id="12644411" _uuid="0AE94299-D619-4542-A57C-3EBFDAB4BC3B" _position="12644411" _address="http://data.sfgov.org/resource/ritf-b9ki/12644411"><incidntnum>156243097</incidntnum><category>LARCENY/THEFT</category><descript>PETTY THEFT OF PROPERTY</descript><dayofweek>Saturday</dayofweek><date>2015-10-03T00:00:00</date><time>22:00</time><pddistrict>NORTHERN</pddistrict><resolution>NONE</resolution><address>600 Block of FILLMORE ST</address><x>-122.431038532157</x><y>37.7753861665924</y><location human_address="{&quot;address&quot;:&quot;&quot;,&quot;city&quot;:&quot;&quot;,&quot;state&quot;:&quot;&quot;,&quot;zip&quot;:&quot;&quot;}" latitude="37.7753861665924" longitude="-122.431038532157" needs_recoding="false"/></row>