<?xml version="1.0" encoding="UTF-8"?><row _id="12651097" _uuid="3B95C898-E4F3-44BB-8E26-CB91D7C12DDD" _position="12651097" _address="http://data.sfgov.org/resource/ritf-b9ki/12651097"><incidntnum>150912927</incidntnum><category>ASSAULT</category><descript>BATTERY, FORMER SPOUSE OR DATING RELATIONSHIP</descript><dayofweek>Monday</dayofweek><date>2015-10-19T00:00:00</date><time>02:44</time><pddistrict>NORTHERN</pddistrict><resolution>ARREST, BOOKED</resolution><address>LAGUNA ST / GOLDEN GATE AV</address><x>-122.427019628488</x><y>37.7801921188917</y><location human_address="{&quot;address&quot;:&quot;&quot;,&quot;city&quot;:&quot;&quot;,&quot;state&quot;:&quot;&quot;,&quot;zip&quot;:&quot;&quot;}" latitude="37.7801921188917" longitude="-122.427019628488" needs_recoding="false"/></row>