<?xml version="1.0" encoding="UTF-8"?><row _id="12645472" _uuid="EC62684A-13AE-426D-920E-63D413370A16" _position="12645472" _address="http://data.sfgov.org/resource/ritf-b9ki/12645472"><incidntnum>150876470</incidntnum><category>NON-CRIMINAL</category><descript>FOUND PROPERTY</descript><dayofweek>Tuesday</dayofweek><date>2015-10-06T00:00:00</date><time>22:28</time><pddistrict>NORTHERN</pddistrict><resolution>NONE</resolution><address>FILLMORE ST / BUSH ST</address><x>-122.433461662619</x><y>37.7870198718253</y><location human_address="{&quot;address&quot;:&quot;&quot;,&quot;city&quot;:&quot;&quot;,&quot;state&quot;:&quot;&quot;,&quot;zip&quot;:&quot;&quot;}" latitude="37.7870198718253" longitude="-122.433461662619" needs_recoding="false"/></row>