<?xml version="1.0" encoding="UTF-8"?><row _id="12643300" _uuid="63662C6E-1C6F-40F6-B372-28A37AA7742A" _position="12643300" _address="http://data.sfgov.org/resource/ritf-b9ki/12643300"><incidntnum>150860780</incidntnum><category>OTHER OFFENSES</category><descript>DRIVERS LICENSE, SUSPENDED OR REVOKED</descript><dayofweek>Thursday</dayofweek><date>2015-10-01T00:00:00</date><time>17:10</time><pddistrict>SOUTHERN</pddistrict><resolution>ARREST, BOOKED</resolution><address>MARKET ST / VANNESS AV</address><x>-122.419257894814</x><y>37.7751462916539</y><location human_address="{&quot;address&quot;:&quot;&quot;,&quot;city&quot;:&quot;&quot;,&quot;state&quot;:&quot;&quot;,&quot;zip&quot;:&quot;&quot;}" latitude="37.7751462916539" longitude="-122.419257894814" needs_recoding="false"/></row>