<?xml version="1.0" encoding="UTF-8"?><row _id="12644320" _uuid="CC45367A-6BE8-4F0C-BBB8-E6B0AEE49C45" _position="12644320" _address="http://data.sfgov.org/resource/ritf-b9ki/12644320"><incidntnum>150868615</incidntnum><category>MISSING PERSON</category><descript>FOUND PERSON</descript><dayofweek>Saturday</dayofweek><date>2015-10-03T00:00:00</date><time>19:30</time><pddistrict>PARK</pddistrict><resolution>NONE</resolution><address>0 Block of BEULAH ST</address><x>-122.450910971518</x><y>37.7675357295038</y><location human_address="{&quot;address&quot;:&quot;&quot;,&quot;city&quot;:&quot;&quot;,&quot;state&quot;:&quot;&quot;,&quot;zip&quot;:&quot;&quot;}" latitude="37.7675357295038" longitude="-122.450910971518" needs_recoding="false"/></row>