<?xml version="1.0" encoding="UTF-8"?><row _id="12646678" _uuid="0A0D8505-09B2-46A1-A0CA-345F7025728D" _position="12646678" _address="http://data.sfgov.org/resource/ritf-b9ki/12646678"><incidntnum>150888271</incidntnum><category>MISSING PERSON</category><descript>MISSING ADULT</descript><dayofweek>Friday</dayofweek><date>2015-10-09T00:00:00</date><time>17:00</time><pddistrict>PARK</pddistrict><resolution>NONE</resolution><address>0 Block of BEULAH ST</address><x>-122.450910971518</x><y>37.7675357295038</y><location human_address="{&quot;address&quot;:&quot;&quot;,&quot;city&quot;:&quot;&quot;,&quot;state&quot;:&quot;&quot;,&quot;zip&quot;:&quot;&quot;}" latitude="37.7675357295038" longitude="-122.450910971518" needs_recoding="false"/></row>