<?xml version="1.0" encoding="UTF-8"?><row _id="12636389" _uuid="20AF68D2-2757-4A2E-9BD8-8B0B4D8C411A" _position="12636389" _address="http://data.sfgov.org/resource/ritf-b9ki/12636389"><incidntnum>156235527</incidntnum><category>LARCENY/THEFT</category><descript>GRAND THEFT FROM LOCKED AUTO</descript><dayofweek>Friday</dayofweek><date>2015-09-11T00:00:00</date><time>23:40</time><pddistrict>CENTRAL</pddistrict><resolution>NONE</resolution><address>700 Block of MASON ST</address><x>-122.410641147421</x><y>37.7906266482138</y><location human_address="{&quot;address&quot;:&quot;&quot;,&quot;city&quot;:&quot;&quot;,&quot;state&quot;:&quot;&quot;,&quot;zip&quot;:&quot;&quot;}" latitude="37.7906266482138" longitude="-122.410641147421" needs_recoding="false"/></row>