<?xml version="1.0" encoding="UTF-8"?><row _id="12627942" _uuid="434CB9F2-532F-41E1-B286-8A71579FE327" _position="12627942" _address="http://data.sfgov.org/resource/ritf-b9ki/12627942"><incidntnum>150748205</incidntnum><category>BURGLARY</category><descript>BURGLARY OF RESIDENCE, UNLAWFUL ENTRY</descript><dayofweek>Wednesday</dayofweek><date>2015-08-26T00:00:00</date><time>09:00</time><pddistrict>INGLESIDE</pddistrict><resolution>NONE</resolution><address>600 Block of PARIS ST</address><x>-122.437443109934</x><y>37.718522879998</y><location human_address="{&quot;address&quot;:&quot;&quot;,&quot;city&quot;:&quot;&quot;,&quot;state&quot;:&quot;&quot;,&quot;zip&quot;:&quot;&quot;}" latitude="37.718522879998" longitude="-122.437443109934" needs_recoding="false"/></row>