<?xml version="1.0" encoding="UTF-8"?><row _id="12628919" _uuid="D34ABA17-D920-4DAC-84AF-9DD372F93A83" _position="12628919" _address="http://data.sfgov.org/resource/ritf-b9ki/12628919"><incidntnum>150752723</incidntnum><category>OTHER OFFENSES</category><descript>PROBATION VIOLATION, DV RELATED</descript><dayofweek>Friday</dayofweek><date>2015-08-28T00:00:00</date><time>00:47</time><pddistrict>NORTHERN</pddistrict><resolution>ARREST, BOOKED</resolution><address>1600 Block of CALIFORNIA ST</address><x>-122.421512973498</x><y>37.7904177251376</y><location human_address="{&quot;address&quot;:&quot;&quot;,&quot;city&quot;:&quot;&quot;,&quot;state&quot;:&quot;&quot;,&quot;zip&quot;:&quot;&quot;}" latitude="37.7904177251376" longitude="-122.421512973498" needs_recoding="false"/></row>