<?xml version="1.0" encoding="UTF-8"?><row _id="12623672" _uuid="425FF4DA-F666-4F29-9FCA-E54EB0ED04F4" _position="12623672" _address="http://data.sfgov.org/resource/ritf-b9ki/12623672"><incidntnum>150726029</incidntnum><category>LARCENY/THEFT</category><descript>GRAND THEFT FROM LOCKED AUTO</descript><dayofweek>Wednesday</dayofweek><date>2015-08-19T00:00:00</date><time>18:00</time><pddistrict>SOUTHERN</pddistrict><resolution>NONE</resolution><address>500 Block of BRANNAN ST</address><x>-122.397615567933</x><y>37.7773918242817</y><location human_address="{&quot;address&quot;:&quot;&quot;,&quot;city&quot;:&quot;&quot;,&quot;state&quot;:&quot;&quot;,&quot;zip&quot;:&quot;&quot;}" latitude="37.7773918242817" longitude="-122.397615567933" needs_recoding="false"/></row>