<?xml version="1.0" encoding="UTF-8"?><row _id="12642427" _uuid="C1BAEC7E-0D3F-4AA9-881D-1BB50E8D0654" _position="12642427" _address="http://data.sfgov.org/resource/ritf-b9ki/12642427"><incidntnum>156245350</incidntnum><category>LARCENY/THEFT</category><descript>PETTY THEFT OF PROPERTY</descript><dayofweek>Sunday</dayofweek><date>2015-08-23T00:00:00</date><time>19:00</time><pddistrict>NORTHERN</pddistrict><resolution>NONE</resolution><address>2100 Block of GREEN ST</address><x>-122.434506505537</x><y>37.7963147029781</y><location human_address="{&quot;address&quot;:&quot;&quot;,&quot;city&quot;:&quot;&quot;,&quot;state&quot;:&quot;&quot;,&quot;zip&quot;:&quot;&quot;}" latitude="37.7963147029781" longitude="-122.434506505537" needs_recoding="false"/></row>