<?xml version="1.0" encoding="UTF-8"?><row _id="12621210" _uuid="FD5E8A5F-33FD-457E-9E17-2294B41B831E" _position="12621210" _address="http://data.sfgov.org/resource/ritf-b9ki/12621210"><incidntnum>150730127</incidntnum><category>VEHICLE THEFT</category><descript>STOLEN AUTOMOBILE</descript><dayofweek>Thursday</dayofweek><date>2015-08-20T00:00:00</date><time>19:00</time><pddistrict>MISSION</pddistrict><resolution>NONE</resolution><address>17TH ST / CHURCH ST</address><x>-122.42850845331</x><y>37.7628896284932</y><location human_address="{&quot;address&quot;:&quot;&quot;,&quot;city&quot;:&quot;&quot;,&quot;state&quot;:&quot;&quot;,&quot;zip&quot;:&quot;&quot;}" latitude="37.7628896284932" longitude="-122.42850845331" needs_recoding="false"/></row>