<?xml version="1.0" encoding="UTF-8"?><row _id="12629451" _uuid="6928E9B3-5E88-4299-8939-7A2EE28781A1" _position="12629451" _address="http://data.sfgov.org/resource/ritf-b9ki/12629451"><incidntnum>150759387</incidntnum><category>ASSAULT</category><descript>AGGRAVATED ASSAULT WITH A DEADLY WEAPON</descript><dayofweek>Sunday</dayofweek><date>2015-08-30T00:00:00</date><time>00:45</time><pddistrict>MISSION</pddistrict><resolution>ARREST, BOOKED</resolution><address>26TH ST / MISSION ST</address><x>-122.418137290501</x><y>37.7490413093633</y><location human_address="{&quot;address&quot;:&quot;&quot;,&quot;city&quot;:&quot;&quot;,&quot;state&quot;:&quot;&quot;,&quot;zip&quot;:&quot;&quot;}" latitude="37.7490413093633" longitude="-122.418137290501" needs_recoding="false"/></row>