<?xml version="1.0" encoding="UTF-8"?><row _id="12628861" _uuid="912DCB37-D1FC-40B0-90D5-E19149D7E929" _position="12628861" _address="http://data.sfgov.org/resource/ritf-b9ki/12628861"><incidntnum>156217638</incidntnum><category>LARCENY/THEFT</category><descript>GRAND THEFT FROM LOCKED AUTO</descript><dayofweek>Saturday</dayofweek><date>2015-08-22T00:00:00</date><time>03:00</time><pddistrict>SOUTHERN</pddistrict><resolution>NONE</resolution><address>500 Block of 10TH ST</address><x>-122.408964215301</x><y>37.7696589923937</y><location human_address="{&quot;address&quot;:&quot;&quot;,&quot;city&quot;:&quot;&quot;,&quot;state&quot;:&quot;&quot;,&quot;zip&quot;:&quot;&quot;}" latitude="37.7696589923937" longitude="-122.408964215301" needs_recoding="false"/></row>