<?xml version="1.0" encoding="UTF-8"?><row _id="12636377" _uuid="1BEF8ED5-7000-40AC-B44B-6A2BEBAB17CE" _position="12636377" _address="http://data.sfgov.org/resource/ritf-b9ki/12636377"><incidntnum>150807754</incidntnum><category>ASSAULT</category><descript>THREATS AGAINST LIFE</descript><dayofweek>Monday</dayofweek><date>2015-09-14T00:00:00</date><time>15:40</time><pddistrict>INGLESIDE</pddistrict><resolution>ARREST, BOOKED</resolution><address>200 Block of SANTAROSA AV</address><x>-122.438551979723</x><y>37.7281778517226</y><location human_address="{&quot;address&quot;:&quot;&quot;,&quot;city&quot;:&quot;&quot;,&quot;state&quot;:&quot;&quot;,&quot;zip&quot;:&quot;&quot;}" latitude="37.7281778517226" longitude="-122.438551979723" needs_recoding="false"/></row>