<?xml version="1.0" encoding="UTF-8"?><row _id="12628408" _uuid="5AAC04DF-0CFB-4A0C-A53E-B9293BD8EA4B" _position="12628408" _address="http://data.sfgov.org/resource/ritf-b9ki/12628408"><incidntnum>150751612</incidntnum><category>ASSAULT</category><descript>RESISTING PEACE OFFICER, CAUSING THEIR SERIOUS INJURY OR DEATH</descript><dayofweek>Thursday</dayofweek><date>2015-08-27T00:00:00</date><time>16:04</time><pddistrict>MISSION</pddistrict><resolution>ARREST, BOOKED</resolution><address>2000 Block of MARKET ST</address><x>-122.426955631709</x><y>37.769247063207</y><location human_address="{&quot;address&quot;:&quot;&quot;,&quot;city&quot;:&quot;&quot;,&quot;state&quot;:&quot;&quot;,&quot;zip&quot;:&quot;&quot;}" latitude="37.769247063207" longitude="-122.426955631709" needs_recoding="false"/></row>