<?xml version="1.0" encoding="UTF-8"?><row _id="12627951" _uuid="272CB520-ADD8-445F-A19E-774775B32032" _position="12627951" _address="http://data.sfgov.org/resource/ritf-b9ki/12627951"><incidntnum>156213379</incidntnum><category>LARCENY/THEFT</category><descript>GRAND THEFT FROM LOCKED AUTO</descript><dayofweek>Wednesday</dayofweek><date>2015-08-26T00:00:00</date><time>01:00</time><pddistrict>PARK</pddistrict><resolution>NONE</resolution><address>100 Block of TWINPEAKS BL</address><x>-122.448298699123</x><y>37.7590133728474</y><location human_address="{&quot;address&quot;:&quot;&quot;,&quot;city&quot;:&quot;&quot;,&quot;state&quot;:&quot;&quot;,&quot;zip&quot;:&quot;&quot;}" latitude="37.7590133728474" longitude="-122.448298699123" needs_recoding="false"/></row>