<?xml version="1.0" encoding="UTF-8"?><row _id="12621029" _uuid="E2F7CA9F-BF0F-4905-B7A4-1C69BA652415" _position="12621029" _address="http://data.sfgov.org/resource/ritf-b9ki/12621029"><incidntnum>156204685</incidntnum><category>LARCENY/THEFT</category><descript>PETTY THEFT OF PROPERTY</descript><dayofweek>Thursday</dayofweek><date>2015-08-20T00:00:00</date><time>01:00</time><pddistrict>NORTHERN</pddistrict><resolution>NONE</resolution><address>FILLMORE ST / MOULTON ST</address><x>-122.435961978473</x><y>37.7994168832695</y><location human_address="{&quot;address&quot;:&quot;&quot;,&quot;city&quot;:&quot;&quot;,&quot;state&quot;:&quot;&quot;,&quot;zip&quot;:&quot;&quot;}" latitude="37.7994168832695" longitude="-122.435961978473" needs_recoding="false"/></row>