<?xml version="1.0" encoding="UTF-8"?><row _id="12626365" _uuid="5553D7C8-AAB9-4C3E-96A3-6518795AE5AD" _position="12626365" _address="http://data.sfgov.org/resource/ritf-b9ki/12626365"><incidntnum>150737634</incidntnum><category>WEAPON LAWS</category><descript>POSS OF FIREARM BY CONVICTED FELON/ADDICT/ALIEN</descript><dayofweek>Sunday</dayofweek><date>2015-08-23T00:00:00</date><time>15:17</time><pddistrict>TENDERLOIN</pddistrict><resolution>ARREST, BOOKED</resolution><address>LEAVENWORTH ST / GOLDEN GATE AV</address><x>-122.413869632554</x><y>37.7818621883021</y><location human_address="{&quot;address&quot;:&quot;&quot;,&quot;city&quot;:&quot;&quot;,&quot;state&quot;:&quot;&quot;,&quot;zip&quot;:&quot;&quot;}" latitude="37.7818621883021" longitude="-122.413869632554" needs_recoding="false"/></row>