<?xml version="1.0" encoding="UTF-8"?><row _id="12638717" _uuid="DD4A6BCC-DA06-414F-AC5E-6F9772E861E4" _position="12638717" _address="http://data.sfgov.org/resource/ritf-b9ki/12638717"><incidntnum>156238032</incidntnum><category>LARCENY/THEFT</category><descript>GRAND THEFT FROM LOCKED AUTO</descript><dayofweek>Saturday</dayofweek><date>2015-08-29T00:00:00</date><time>10:05</time><pddistrict>RICHMOND</pddistrict><resolution>NONE</resolution><address>COOK ST / ANZA ST</address><x>-122.451870110445</x><y>37.7804920167458</y><location human_address="{&quot;address&quot;:&quot;&quot;,&quot;city&quot;:&quot;&quot;,&quot;state&quot;:&quot;&quot;,&quot;zip&quot;:&quot;&quot;}" latitude="37.7804920167458" longitude="-122.451870110445" needs_recoding="false"/></row>