<?xml version="1.0" encoding="UTF-8"?><row _id="12623671" _uuid="22658AD5-F127-4050-B64D-82C8276AA363" _position="12623671" _address="http://data.sfgov.org/resource/ritf-b9ki/12623671"><incidntnum>150725883</incidntnum><category>OTHER OFFENSES</category><descript>MISCELLANEOUS INVESTIGATION</descript><dayofweek>Wednesday</dayofweek><date>2015-08-19T00:00:00</date><time>20:50</time><pddistrict>MISSION</pddistrict><resolution>NONE</resolution><address>3000 Block of MISSION ST</address><x>-122.418163204335</x><y>37.7485889485524</y><location human_address="{&quot;address&quot;:&quot;&quot;,&quot;city&quot;:&quot;&quot;,&quot;state&quot;:&quot;&quot;,&quot;zip&quot;:&quot;&quot;}" latitude="37.7485889485524" longitude="-122.418163204335" needs_recoding="false"/></row>