<?xml version="1.0" encoding="UTF-8"?><row _id="12630051" _uuid="688D05A0-783B-465A-9705-9BB97F6E5B3A" _position="12630051" _address="http://data.sfgov.org/resource/ritf-b9ki/12630051"><incidntnum>150762534</incidntnum><category>OTHER OFFENSES</category><descript>CONSPIRACY</descript><dayofweek>Monday</dayofweek><date>2015-08-31T00:00:00</date><time>02:31</time><pddistrict>MISSION</pddistrict><resolution>ARREST, BOOKED</resolution><address>2900 Block of CESAR CHAVEZ ST</address><x>-122.408278691426</x><y>37.7482505273394</y><location human_address="{&quot;address&quot;:&quot;&quot;,&quot;city&quot;:&quot;&quot;,&quot;state&quot;:&quot;&quot;,&quot;zip&quot;:&quot;&quot;}" latitude="37.7482505273394" longitude="-122.408278691426" needs_recoding="false"/></row>