<?xml version="1.0" encoding="UTF-8"?><row _id="12628850" _uuid="327FA560-242E-413E-A293-805CBAF33DCB" _position="12628850" _address="http://data.sfgov.org/resource/ritf-b9ki/12628850"><incidntnum>156213909</incidntnum><category>LARCENY/THEFT</category><descript>PETTY THEFT OF PROPERTY</descript><dayofweek>Friday</dayofweek><date>2015-08-28T00:00:00</date><time>20:45</time><pddistrict>CENTRAL</pddistrict><resolution>NONE</resolution><address>300 Block of THE EMBARCADERONORTH ST</address><x>-122.396374439116</x><y>37.7980532528058</y><location human_address="{&quot;address&quot;:&quot;&quot;,&quot;city&quot;:&quot;&quot;,&quot;state&quot;:&quot;&quot;,&quot;zip&quot;:&quot;&quot;}" latitude="37.7980532528058" longitude="-122.396374439116" needs_recoding="false"/></row>