<?xml version="1.0" encoding="UTF-8"?><row _id="12626028" _uuid="6722F936-7A39-4887-869C-242D83EF2F96" _position="12626028" _address="http://data.sfgov.org/resource/ritf-b9ki/12626028"><incidntnum>150733137</incidntnum><category>SECONDARY CODES</category><descript>DOMESTIC VIOLENCE</descript><dayofweek>Saturday</dayofweek><date>2015-08-22T00:00:00</date><time>01:20</time><pddistrict>SOUTHERN</pddistrict><resolution>NONE</resolution><address>300 Block of TOWNSEND ST</address><x>-122.396164058532</x><y>37.7762328753299</y><location human_address="{&quot;address&quot;:&quot;&quot;,&quot;city&quot;:&quot;&quot;,&quot;state&quot;:&quot;&quot;,&quot;zip&quot;:&quot;&quot;}" latitude="37.7762328753299" longitude="-122.396164058532" needs_recoding="false"/></row>