<?xml version="1.0" encoding="UTF-8"?><row _id="12628139" _uuid="CB5E3B4D-E549-4588-86B4-473B16D27415" _position="12628139" _address="http://data.sfgov.org/resource/ritf-b9ki/12628139"><incidntnum>150749924</incidntnum><category>ASSAULT</category><descript>THREATS AGAINST LIFE</descript><dayofweek>Thursday</dayofweek><date>2015-08-27T00:00:00</date><time>08:15</time><pddistrict>TENDERLOIN</pddistrict><resolution>NONE</resolution><address>0 Block of TURK ST</address><x>-122.409853729941</x><y>37.7833862379382</y><location human_address="{&quot;address&quot;:&quot;&quot;,&quot;city&quot;:&quot;&quot;,&quot;state&quot;:&quot;&quot;,&quot;zip&quot;:&quot;&quot;}" latitude="37.7833862379382" longitude="-122.409853729941" needs_recoding="false"/></row>