<?xml version="1.0" encoding="UTF-8"?><row _id="12626595" _uuid="EAFDA9E5-84C6-4377-A9E7-CB4D6DA2DF26" _position="12626595" _address="http://data.sfgov.org/resource/ritf-b9ki/12626595"><incidntnum>150737822</incidntnum><category>WEAPON LAWS</category><descript>CARRYING OF CONCEALED WEAPON BY CONVICTED FELON</descript><dayofweek>Sunday</dayofweek><date>2015-08-23T00:00:00</date><time>15:12</time><pddistrict>TENDERLOIN</pddistrict><resolution>ARREST, BOOKED</resolution><address>100 Block of JONES ST</address><x>-122.412386379783</x><y>37.7825386747303</y><location human_address="{&quot;address&quot;:&quot;&quot;,&quot;city&quot;:&quot;&quot;,&quot;state&quot;:&quot;&quot;,&quot;zip&quot;:&quot;&quot;}" latitude="37.7825386747303" longitude="-122.412386379783" needs_recoding="false"/></row>