<?xml version="1.0" encoding="UTF-8"?><row _id="12627489" _uuid="2DD24575-1DBC-4309-A801-CB69488A153E" _position="12627489" _address="http://data.sfgov.org/resource/ritf-b9ki/12627489"><incidntnum>150743443</incidntnum><category>OTHER OFFENSES</category><descript>TRAFFIC VIOLATION ARREST</descript><dayofweek>Tuesday</dayofweek><date>2015-08-25T00:00:00</date><time>10:00</time><pddistrict>NORTHERN</pddistrict><resolution>ARREST, BOOKED</resolution><address>200 Block of PAGE ST</address><x>-122.424829503585</x><y>37.7737213634177</y><location human_address="{&quot;address&quot;:&quot;&quot;,&quot;city&quot;:&quot;&quot;,&quot;state&quot;:&quot;&quot;,&quot;zip&quot;:&quot;&quot;}" latitude="37.7737213634177" longitude="-122.424829503585" needs_recoding="false"/></row>