<?xml version="1.0" encoding="UTF-8"?><row _id="12627745" _uuid="3CAE0FC9-1737-4C9D-A809-8760800D732D" _position="12627745" _address="http://data.sfgov.org/resource/ritf-b9ki/12627745"><incidntnum>150748073</incidntnum><category>MISSING PERSON</category><descript>FOUND PERSON</descript><dayofweek>Wednesday</dayofweek><date>2015-08-26T00:00:00</date><time>16:40</time><pddistrict>TENDERLOIN</pddistrict><resolution>NONE</resolution><address>300 Block of EDDY ST</address><x>-122.412930522059</x><y>37.7838344374141</y><location human_address="{&quot;address&quot;:&quot;&quot;,&quot;city&quot;:&quot;&quot;,&quot;state&quot;:&quot;&quot;,&quot;zip&quot;:&quot;&quot;}" latitude="37.7838344374141" longitude="-122.412930522059" needs_recoding="false"/></row>