<?xml version="1.0" encoding="UTF-8"?><row _id="12628278" _uuid="E965CA95-8CC7-4CD2-BECB-3D7E93D6942D" _position="12628278" _address="http://data.sfgov.org/resource/ritf-b9ki/12628278"><incidntnum>150747401</incidntnum><category>NON-CRIMINAL</category><descript>LOST PROPERTY</descript><dayofweek>Tuesday</dayofweek><date>2015-08-25T00:00:00</date><time>00:01</time><pddistrict>INGLESIDE</pddistrict><resolution>NONE</resolution><address>1000 Block of TOMPKINS AV</address><x>-122.410068453375</x><y>37.7368208487091</y><location human_address="{&quot;address&quot;:&quot;&quot;,&quot;city&quot;:&quot;&quot;,&quot;state&quot;:&quot;&quot;,&quot;zip&quot;:&quot;&quot;}" latitude="37.7368208487091" longitude="-122.410068453375" needs_recoding="false"/></row>