<?xml version="1.0" encoding="UTF-8"?><row _id="12633666" _uuid="DE33BA94-3BD2-4181-AA18-5F57E22E88CD" _position="12633666" _address="http://data.sfgov.org/resource/ritf-b9ki/12633666"><incidntnum>150789469</incidntnum><category>WARRANTS</category><descript>ENROUTE TO U.S. MARSHALL</descript><dayofweek>Tuesday</dayofweek><date>2015-09-08T00:00:00</date><time>17:54</time><pddistrict>SOUTHERN</pddistrict><resolution>ARREST, BOOKED</resolution><address>100 Block of 6TH ST</address><x>-122.408466556173</x><y>37.7807008318778</y><location human_address="{&quot;address&quot;:&quot;&quot;,&quot;city&quot;:&quot;&quot;,&quot;state&quot;:&quot;&quot;,&quot;zip&quot;:&quot;&quot;}" latitude="37.7807008318778" longitude="-122.408466556173" needs_recoding="false"/></row>