<?xml version="1.0" encoding="UTF-8"?><row _id="12627561" _uuid="D20579E0-8061-4175-B706-4FD0DD24B79F" _position="12627561" _address="http://data.sfgov.org/resource/ritf-b9ki/12627561"><incidntnum>150744128</incidntnum><category>SUSPICIOUS OCC</category><descript>SUSPICIOUS ACT TOWARDS CHILD</descript><dayofweek>Tuesday</dayofweek><date>2015-08-25T00:00:00</date><time>12:45</time><pddistrict>BAYVIEW</pddistrict><resolution>NONE</resolution><address>0 Block of BERTHA LN</address><x>-122.380990356551</x><y>37.7331435009212</y><location human_address="{&quot;address&quot;:&quot;&quot;,&quot;city&quot;:&quot;&quot;,&quot;state&quot;:&quot;&quot;,&quot;zip&quot;:&quot;&quot;}" latitude="37.7331435009212" longitude="-122.380990356551" needs_recoding="false"/></row>