<?xml version="1.0" encoding="UTF-8"?><row _id="12629912" _uuid="6FF404E7-A92F-4109-A5A3-BC4FB6482DE3" _position="12629912" _address="http://data.sfgov.org/resource/ritf-b9ki/12629912"><incidntnum>150765481</incidntnum><category>OTHER OFFENSES</category><descript>RECKLESS DRIVING</descript><dayofweek>Monday</dayofweek><date>2015-08-31T00:00:00</date><time>22:19</time><pddistrict>BAYVIEW</pddistrict><resolution>NONE</resolution><address>LASALLE AV / NEWHALL ST</address><x>-122.390521939554</x><y>37.7375439838695</y><location human_address="{&quot;address&quot;:&quot;&quot;,&quot;city&quot;:&quot;&quot;,&quot;state&quot;:&quot;&quot;,&quot;zip&quot;:&quot;&quot;}" latitude="37.7375439838695" longitude="-122.390521939554" needs_recoding="false"/></row>