<?xml version="1.0" encoding="UTF-8"?><row _id="12626473" _uuid="D2FC7A43-3794-403F-820A-68079577A96B" _position="12626473" _address="http://data.sfgov.org/resource/ritf-b9ki/12626473"><incidntnum>150737850</incidntnum><category>NON-CRIMINAL</category><descript>AIDED CASE, MENTAL DISTURBED</descript><dayofweek>Sunday</dayofweek><date>2015-08-23T00:00:00</date><time>16:16</time><pddistrict>INGLESIDE</pddistrict><resolution>PSYCHOPATHIC CASE</resolution><address>800 Block of SAN JOSE AV</address><x>-122.423261706077</x><y>37.7419663497533</y><location human_address="{&quot;address&quot;:&quot;&quot;,&quot;city&quot;:&quot;&quot;,&quot;state&quot;:&quot;&quot;,&quot;zip&quot;:&quot;&quot;}" latitude="37.7419663497533" longitude="-122.423261706077" needs_recoding="false"/></row>