<?xml version="1.0" encoding="UTF-8"?><row _id="12626613" _uuid="24952D42-31CA-4191-8698-3900439D57F3" _position="12626613" _address="http://data.sfgov.org/resource/ritf-b9ki/12626613"><incidntnum>150738933</incidntnum><category>MISSING PERSON</category><descript>MISSING ADULT</descript><dayofweek>Sunday</dayofweek><date>2015-08-23T00:00:00</date><time>17:07</time><pddistrict>RICHMOND</pddistrict><resolution>NONE</resolution><address>400 Block of ARGUELLO BL</address><x>-122.458996280298</x><y>37.7822011857455</y><location human_address="{&quot;address&quot;:&quot;&quot;,&quot;city&quot;:&quot;&quot;,&quot;state&quot;:&quot;&quot;,&quot;zip&quot;:&quot;&quot;}" latitude="37.7822011857455" longitude="-122.458996280298" needs_recoding="false"/></row>