<?xml version="1.0" encoding="UTF-8"?><row _id="12625618" _uuid="D11B294F-9F96-419A-9CC7-78DDA0B04ADC" _position="12625618" _address="http://data.sfgov.org/resource/ritf-b9ki/12625618"><incidntnum>150732515</incidntnum><category>OTHER OFFENSES</category><descript>DRIVERS LICENSE, SUSPENDED OR REVOKED</descript><dayofweek>Friday</dayofweek><date>2015-08-21T00:00:00</date><time>21:40</time><pddistrict>SOUTHERN</pddistrict><resolution>ARREST, CITED</resolution><address>800 Block of BRYANT ST</address><x>-122.403404791479</x><y>37.775420706711</y><location human_address="{&quot;address&quot;:&quot;&quot;,&quot;city&quot;:&quot;&quot;,&quot;state&quot;:&quot;&quot;,&quot;zip&quot;:&quot;&quot;}" latitude="37.775420706711" longitude="-122.403404791479" needs_recoding="false"/></row>