<?xml version="1.0" encoding="UTF-8"?><row _id="12627984" _uuid="09A4F81F-56E6-4290-8764-7DAE738ABAC2" _position="12627984" _address="http://data.sfgov.org/resource/ritf-b9ki/12627984"><incidntnum>150750175</incidntnum><category>OTHER OFFENSES</category><descript>SCHOOL PROPERTY, DISTURBANCE ON</descript><dayofweek>Wednesday</dayofweek><date>2015-08-26T00:00:00</date><time>17:00</time><pddistrict>MISSION</pddistrict><resolution>JUVENILE BOOKED</resolution><address>2300 Block of FOLSOM ST</address><x>-122.41469551481</x><y>37.7596861764245</y><location human_address="{&quot;address&quot;:&quot;&quot;,&quot;city&quot;:&quot;&quot;,&quot;state&quot;:&quot;&quot;,&quot;zip&quot;:&quot;&quot;}" latitude="37.7596861764245" longitude="-122.41469551481" needs_recoding="false"/></row>