<?xml version="1.0" encoding="UTF-8"?><row _id="12625583" _uuid="59F54FD2-0BBA-4D2F-B130-35CA86CD8D63" _position="12625583" _address="http://data.sfgov.org/resource/ritf-b9ki/12625583"><incidntnum>150732258</incidntnum><category>LARCENY/THEFT</category><descript>PETTY THEFT OF PROPERTY</descript><dayofweek>Friday</dayofweek><date>2015-08-21T00:00:00</date><time>18:37</time><pddistrict>INGLESIDE</pddistrict><resolution>ARREST, BOOKED</resolution><address>4900 Block of MISSION ST</address><x>-122.438695075365</x><y>37.7196920262929</y><location human_address="{&quot;address&quot;:&quot;&quot;,&quot;city&quot;:&quot;&quot;,&quot;state&quot;:&quot;&quot;,&quot;zip&quot;:&quot;&quot;}" latitude="37.7196920262929" longitude="-122.438695075365" needs_recoding="false"/></row>