<?xml version="1.0" encoding="UTF-8"?><row _id="12629868" _uuid="AE691464-B1F6-40C5-BD69-19FFC11CFFF7" _position="12629868" _address="http://data.sfgov.org/resource/ritf-b9ki/12629868"><incidntnum>150761382</incidntnum><category>BRIBERY</category><descript>DISSUADING WITNESS, VICTIM</descript><dayofweek>Sunday</dayofweek><date>2015-08-30T00:00:00</date><time>17:02</time><pddistrict>NORTHERN</pddistrict><resolution>NONE</resolution><address>100 Block of FELL ST</address><x>-122.420332099593</x><y>37.7762075768262</y><location human_address="{&quot;address&quot;:&quot;&quot;,&quot;city&quot;:&quot;&quot;,&quot;state&quot;:&quot;&quot;,&quot;zip&quot;:&quot;&quot;}" latitude="37.7762075768262" longitude="-122.420332099593" needs_recoding="false"/></row>