<?xml version="1.0" encoding="UTF-8"?><row _id="12625620" _uuid="9CBC0892-1531-4A26-8CD1-AFC66B51589D" _position="12625620" _address="http://data.sfgov.org/resource/ritf-b9ki/12625620"><incidntnum>150732640</incidntnum><category>OTHER OFFENSES</category><descript>DRIVERS LICENSE, SUSPENDED OR REVOKED</descript><dayofweek>Friday</dayofweek><date>2015-08-21T00:00:00</date><time>23:01</time><pddistrict>SOUTHERN</pddistrict><resolution>ARREST, CITED</resolution><address>800 Block of BRYANT ST</address><x>-122.403404791479</x><y>37.775420706711</y><location human_address="{&quot;address&quot;:&quot;&quot;,&quot;city&quot;:&quot;&quot;,&quot;state&quot;:&quot;&quot;,&quot;zip&quot;:&quot;&quot;}" latitude="37.775420706711" longitude="-122.403404791479" needs_recoding="false"/></row>