<?xml version="1.0" encoding="UTF-8"?><row _id="12631114" _uuid="E34C7F81-5292-4DEF-B28D-683A54479DA8" _position="12631114" _address="http://data.sfgov.org/resource/ritf-b9ki/12631114"><incidntnum>150785332</incidntnum><category>SUSPICIOUS OCC</category><descript>SUSPICIOUS OCCURRENCE</descript><dayofweek>Thursday</dayofweek><date>2015-09-03T00:00:00</date><time>18:00</time><pddistrict>INGLESIDE</pddistrict><resolution>NONE</resolution><address>CORTLAND AV / FOLSOM ST</address><x>-122.413311792854</x><y>37.7389835945917</y><location human_address="{&quot;address&quot;:&quot;&quot;,&quot;city&quot;:&quot;&quot;,&quot;state&quot;:&quot;&quot;,&quot;zip&quot;:&quot;&quot;}" latitude="37.7389835945917" longitude="-122.413311792854" needs_recoding="false"/></row>