<?xml version="1.0" encoding="UTF-8"?><row _id="12626632" _uuid="0C012272-6A29-4417-8801-00C86CC47D12" _position="12626632" _address="http://data.sfgov.org/resource/ritf-b9ki/12626632"><incidntnum>156211226</incidntnum><category>LARCENY/THEFT</category><descript>GRAND THEFT FROM LOCKED AUTO</descript><dayofweek>Sunday</dayofweek><date>2015-08-23T00:00:00</date><time>12:00</time><pddistrict>SOUTHERN</pddistrict><resolution>NONE</resolution><address>0 Block of BRYANT ST</address><x>-122.388333561781</x><y>37.7870493450273</y><location human_address="{&quot;address&quot;:&quot;&quot;,&quot;city&quot;:&quot;&quot;,&quot;state&quot;:&quot;&quot;,&quot;zip&quot;:&quot;&quot;}" latitude="37.7870493450273" longitude="-122.388333561781" needs_recoding="false"/></row>