<?xml version="1.0" encoding="UTF-8"?><row _id="12628870" _uuid="29BD7146-9A9F-4095-B84D-9438AEE8D071" _position="12628870" _address="http://data.sfgov.org/resource/ritf-b9ki/12628870"><incidntnum>150753981</incidntnum><category>FRAUD</category><descript>FORGERY, CREDIT CARD</descript><dayofweek>Friday</dayofweek><date>2015-08-28T00:00:00</date><time>07:30</time><pddistrict>INGLESIDE</pddistrict><resolution>NONE</resolution><address>500 Block of JOOST AV</address><x>-122.448083114975</x><y>37.7323848075276</y><location human_address="{&quot;address&quot;:&quot;&quot;,&quot;city&quot;:&quot;&quot;,&quot;state&quot;:&quot;&quot;,&quot;zip&quot;:&quot;&quot;}" latitude="37.7323848075276" longitude="-122.448083114975" needs_recoding="false"/></row>