<?xml version="1.0" encoding="UTF-8"?><row _id="12626163" _uuid="31BAFEBF-6EA1-44E2-B5F5-40A346230FB4" _position="12626163" _address="http://data.sfgov.org/resource/ritf-b9ki/12626163"><incidntnum>150736777</incidntnum><category>LARCENY/THEFT</category><descript>GRAND THEFT FROM LOCKED AUTO</descript><dayofweek>Saturday</dayofweek><date>2015-08-22T00:00:00</date><time>17:00</time><pddistrict>NORTHERN</pddistrict><resolution>NONE</resolution><address>700 Block of ELLIS ST</address><x>-122.418562097105</x><y>37.7841847091303</y><location human_address="{&quot;address&quot;:&quot;&quot;,&quot;city&quot;:&quot;&quot;,&quot;state&quot;:&quot;&quot;,&quot;zip&quot;:&quot;&quot;}" latitude="37.7841847091303" longitude="-122.418562097105" needs_recoding="false"/></row>