<?xml version="1.0" encoding="UTF-8"?><row _id="12626156" _uuid="0CC0ADC8-826D-484F-AE54-C47F551B6777" _position="12626156" _address="http://data.sfgov.org/resource/ritf-b9ki/12626156"><incidntnum>150733466</incidntnum><category>DRUG/NARCOTIC</category><descript>POSSESSION OF MARIJUANA</descript><dayofweek>Saturday</dayofweek><date>2015-08-22T00:00:00</date><time>08:04</time><pddistrict>SOUTHERN</pddistrict><resolution>ARREST, BOOKED</resolution><address>900 Block of MARKET ST</address><x>-122.408421116922</x><y>37.7835699386918</y><location human_address="{&quot;address&quot;:&quot;&quot;,&quot;city&quot;:&quot;&quot;,&quot;state&quot;:&quot;&quot;,&quot;zip&quot;:&quot;&quot;}" latitude="37.7835699386918" longitude="-122.408421116922" needs_recoding="false"/></row>