<?xml version="1.0" encoding="UTF-8"?><row _id="12627291" _uuid="17F20D4A-2645-476D-BD28-E2363CDAD5F8" _position="12627291" _address="http://data.sfgov.org/resource/ritf-b9ki/12627291"><incidntnum>150744833</incidntnum><category>OTHER OFFENSES</category><descript>DRIVERS LICENSE, SUSPENDED OR REVOKED</descript><dayofweek>Tuesday</dayofweek><date>2015-08-25T00:00:00</date><time>16:35</time><pddistrict>MISSION</pddistrict><resolution>ARREST, BOOKED</resolution><address>18TH ST / MISSION ST</address><x>-122.419360352761</x><y>37.7618358012376</y><location human_address="{&quot;address&quot;:&quot;&quot;,&quot;city&quot;:&quot;&quot;,&quot;state&quot;:&quot;&quot;,&quot;zip&quot;:&quot;&quot;}" latitude="37.7618358012376" longitude="-122.419360352761" needs_recoding="false"/></row>