<?xml version="1.0" encoding="UTF-8"?><row _id="12627488" _uuid="81C7B89D-454E-415B-AC21-F159AC9F406B" _position="12627488" _address="http://data.sfgov.org/resource/ritf-b9ki/12627488"><incidntnum>150742928</incidntnum><category>OTHER OFFENSES</category><descript>TRAFFIC VIOLATION</descript><dayofweek>Tuesday</dayofweek><date>2015-08-25T00:00:00</date><time>05:30</time><pddistrict>NORTHERN</pddistrict><resolution>ARREST, BOOKED</resolution><address>0 Block of RICO WY</address><x>-122.439280584538</x><y>37.8050074623635</y><location human_address="{&quot;address&quot;:&quot;&quot;,&quot;city&quot;:&quot;&quot;,&quot;state&quot;:&quot;&quot;,&quot;zip&quot;:&quot;&quot;}" latitude="37.8050074623635" longitude="-122.439280584538" needs_recoding="false"/></row>