<?xml version="1.0" encoding="UTF-8"?><row _id="12630449" _uuid="851EDCC6-9022-4D3D-A052-FDD44DE5E80D" _position="12630449" _address="http://data.sfgov.org/resource/ritf-b9ki/12630449"><incidntnum>156215814</incidntnum><category>LARCENY/THEFT</category><descript>PETTY THEFT OF PROPERTY</descript><dayofweek>Tuesday</dayofweek><date>2015-09-01T00:00:00</date><time>15:18</time><pddistrict>TARAVAL</pddistrict><resolution>NONE</resolution><address>1800 Block of LINCOLN WY</address><x>-122.477820773586</x><y>37.7653215623405</y><location human_address="{&quot;address&quot;:&quot;&quot;,&quot;city&quot;:&quot;&quot;,&quot;state&quot;:&quot;&quot;,&quot;zip&quot;:&quot;&quot;}" latitude="37.7653215623405" longitude="-122.477820773586" needs_recoding="false"/></row>