<?xml version="1.0" encoding="UTF-8"?><row _id="12625510" _uuid="D35D0F02-F6D6-4AA4-9506-514D359D8E2E" _position="12625510" _address="http://data.sfgov.org/resource/ritf-b9ki/12625510"><incidntnum>150732628</incidntnum><category>LARCENY/THEFT</category><descript>ATTEMPTED THEFT FROM LOCKED VEHICLE</descript><dayofweek>Friday</dayofweek><date>2015-08-21T00:00:00</date><time>22:15</time><pddistrict>RICHMOND</pddistrict><resolution>NONE</resolution><address>2700 Block of GEARY BL</address><x>-122.44816356045</x><y>37.7821962576595</y><location human_address="{&quot;address&quot;:&quot;&quot;,&quot;city&quot;:&quot;&quot;,&quot;state&quot;:&quot;&quot;,&quot;zip&quot;:&quot;&quot;}" latitude="37.7821962576595" longitude="-122.44816356045" needs_recoding="false"/></row>