<?xml version="1.0" encoding="UTF-8"?><row _id="12626361" _uuid="6324FE92-BE85-4258-B834-75CD5306093F" _position="12626361" _address="http://data.sfgov.org/resource/ritf-b9ki/12626361"><incidntnum>150736426</incidntnum><category>LARCENY/THEFT</category><descript>PETTY THEFT FROM LOCKED AUTO</descript><dayofweek>Sunday</dayofweek><date>2015-08-23T00:00:00</date><time>00:01</time><pddistrict>NORTHERN</pddistrict><resolution>NONE</resolution><address>MARINA BL / BRODERICK ST</address><x>-122.445651777173</x><y>37.8053665540704</y><location human_address="{&quot;address&quot;:&quot;&quot;,&quot;city&quot;:&quot;&quot;,&quot;state&quot;:&quot;&quot;,&quot;zip&quot;:&quot;&quot;}" latitude="37.8053665540704" longitude="-122.445651777173" needs_recoding="false"/></row>