<?xml version="1.0" encoding="UTF-8"?><row _id="12627256" _uuid="A1FD844D-01E4-47B5-8AEE-F247F16C45A7" _position="12627256" _address="http://data.sfgov.org/resource/ritf-b9ki/12627256"><incidntnum>150742677</incidntnum><category>VANDALISM</category><descript>MALICIOUS MISCHIEF, VANDALISM</descript><dayofweek>Tuesday</dayofweek><date>2015-08-25T00:00:00</date><time>00:26</time><pddistrict>RICHMOND</pddistrict><resolution>ARREST, BOOKED</resolution><address>GEARY BL / 10TH AV</address><x>-122.46856416247</x><y>37.780821519541</y><location human_address="{&quot;address&quot;:&quot;&quot;,&quot;city&quot;:&quot;&quot;,&quot;state&quot;:&quot;&quot;,&quot;zip&quot;:&quot;&quot;}" latitude="37.780821519541" longitude="-122.46856416247" needs_recoding="false"/></row>