<?xml version="1.0" encoding="UTF-8"?><row _id="12626402" _uuid="C4CD94F3-0008-4FE7-96DF-04549E8E1DC8" _position="12626402" _address="http://data.sfgov.org/resource/ritf-b9ki/12626402"><incidntnum>150737082</incidntnum><category>NON-CRIMINAL</category><descript>LOST PROPERTY</descript><dayofweek>Sunday</dayofweek><date>2015-08-23T00:00:00</date><time>02:00</time><pddistrict>TENDERLOIN</pddistrict><resolution>NONE</resolution><address>JONES ST / EDDY ST</address><x>-122.412597377187</x><y>37.7839320277273</y><location human_address="{&quot;address&quot;:&quot;&quot;,&quot;city&quot;:&quot;&quot;,&quot;state&quot;:&quot;&quot;,&quot;zip&quot;:&quot;&quot;}" latitude="37.7839320277273" longitude="-122.412597377187" needs_recoding="false"/></row>