<?xml version="1.0" encoding="UTF-8"?><row _id="12639066" _uuid="A561E0BA-3ABC-4046-8F27-9FD883AB440D" _position="12639066" _address="http://data.sfgov.org/resource/ritf-b9ki/12639066"><incidntnum>150774573</incidntnum><category>WEAPON LAWS</category><descript>FIREARM, LOADED, IN VEHICLE, POSSESSION OR USE</descript><dayofweek>Thursday</dayofweek><date>2015-09-03T00:00:00</date><time>19:50</time><pddistrict>INGLESIDE</pddistrict><resolution>ARREST, BOOKED</resolution><address>200 Block of GENEBERN WY</address><x>-122.425252018501</x><y>37.7324731648115</y><location human_address="{&quot;address&quot;:&quot;&quot;,&quot;city&quot;:&quot;&quot;,&quot;state&quot;:&quot;&quot;,&quot;zip&quot;:&quot;&quot;}" latitude="37.7324731648115" longitude="-122.425252018501" needs_recoding="false"/></row>