<?xml version="1.0" encoding="UTF-8"?><row _id="12625702" _uuid="7E38BCBC-BFF6-4581-9850-BF6906036E0C" _position="12625702" _address="http://data.sfgov.org/resource/ritf-b9ki/12625702"><incidntnum>150740568</incidntnum><category>BURGLARY</category><descript>BURGLARY, FORCIBLE ENTRY</descript><dayofweek>Friday</dayofweek><date>2015-08-21T00:00:00</date><time>17:15</time><pddistrict>CENTRAL</pddistrict><resolution>NONE</resolution><address>100 Block of GREEN ST</address><x>-122.401732658994</x><y>37.8004755106202</y><location human_address="{&quot;address&quot;:&quot;&quot;,&quot;city&quot;:&quot;&quot;,&quot;state&quot;:&quot;&quot;,&quot;zip&quot;:&quot;&quot;}" latitude="37.8004755106202" longitude="-122.401732658994" needs_recoding="false"/></row>