<?xml version="1.0" encoding="UTF-8"?><row _id="12629950" _uuid="95C8EF87-E3BB-47A8-AB17-5A205C787040" _position="12629950" _address="http://data.sfgov.org/resource/ritf-b9ki/12629950"><incidntnum>150765287</incidntnum><category>OTHER OFFENSES</category><descript>DRIVERS LICENSE, SUSPENDED OR REVOKED</descript><dayofweek>Monday</dayofweek><date>2015-08-31T00:00:00</date><time>21:17</time><pddistrict>NORTHERN</pddistrict><resolution>ARREST, BOOKED</resolution><address>WEBSTER ST / FULTON ST</address><x>-122.429850411503</x><y>37.7779180624996</y><location human_address="{&quot;address&quot;:&quot;&quot;,&quot;city&quot;:&quot;&quot;,&quot;state&quot;:&quot;&quot;,&quot;zip&quot;:&quot;&quot;}" latitude="37.7779180624996" longitude="-122.429850411503" needs_recoding="false"/></row>