<?xml version="1.0" encoding="UTF-8"?><row _id="12625968" _uuid="1104716E-E4C6-4612-B862-E654AD7300B9" _position="12625968" _address="http://data.sfgov.org/resource/ritf-b9ki/12625968"><incidntnum>156207485</incidntnum><category>LARCENY/THEFT</category><descript>GRAND THEFT FROM LOCKED AUTO</descript><dayofweek>Saturday</dayofweek><date>2015-08-22T00:00:00</date><time>19:00</time><pddistrict>SOUTHERN</pddistrict><resolution>NONE</resolution><address>3RD ST / BRANNAN ST</address><x>-122.394304475194</x><y>37.7800905305924</y><location human_address="{&quot;address&quot;:&quot;&quot;,&quot;city&quot;:&quot;&quot;,&quot;state&quot;:&quot;&quot;,&quot;zip&quot;:&quot;&quot;}" latitude="37.7800905305924" longitude="-122.394304475194" needs_recoding="false"/></row>