<?xml version="1.0" encoding="UTF-8"?><row _id="12628415" _uuid="294D50EB-662A-47EE-B342-1608B78F08BA" _position="12628415" _address="http://data.sfgov.org/resource/ritf-b9ki/12628415"><incidntnum>150751333</incidntnum><category>OTHER OFFENSES</category><descript>FALSE PERSONATION TO RECEIVE MONEY OR PROPERTY</descript><dayofweek>Monday</dayofweek><date>2015-08-24T00:00:00</date><time>00:01</time><pddistrict>INGLESIDE</pddistrict><resolution>NONE</resolution><address>1200 Block of GENEVA AV</address><x>-122.435706450227</x><y>37.71411212537</y><location human_address="{&quot;address&quot;:&quot;&quot;,&quot;city&quot;:&quot;&quot;,&quot;state&quot;:&quot;&quot;,&quot;zip&quot;:&quot;&quot;}" latitude="37.71411212537" longitude="-122.435706450227" needs_recoding="false"/></row>