<?xml version="1.0" encoding="UTF-8"?><row _id="12632610" _uuid="2D34711D-8325-4126-8141-2DCFBEB09FAE" _position="12632610" _address="http://data.sfgov.org/resource/ritf-b9ki/12632610"><incidntnum>150783580</incidntnum><category>LARCENY/THEFT</category><descript>GRAND THEFT FROM LOCKED AUTO</descript><dayofweek>Sunday</dayofweek><date>2015-09-06T00:00:00</date><time>21:32</time><pddistrict>CENTRAL</pddistrict><resolution>NONE</resolution><address>500 Block of BAY ST</address><x>-122.416069622787</x><y>37.8052582935955</y><location human_address="{&quot;address&quot;:&quot;&quot;,&quot;city&quot;:&quot;&quot;,&quot;state&quot;:&quot;&quot;,&quot;zip&quot;:&quot;&quot;}" latitude="37.8052582935955" longitude="-122.416069622787" needs_recoding="false"/></row>