<?xml version="1.0" encoding="UTF-8"?><row _id="12625487" _uuid="F2507DAA-0ED0-43EA-841E-68CC780E3B4D" _position="12625487" _address="http://data.sfgov.org/resource/ritf-b9ki/12625487"><incidntnum>150731084</incidntnum><category>BURGLARY</category><descript>BURGLARY OF RESIDENCE, FORCIBLE ENTRY</descript><dayofweek>Friday</dayofweek><date>2015-08-21T00:00:00</date><time>09:00</time><pddistrict>RICHMOND</pddistrict><resolution>NONE</resolution><address>4300 Block of CABRILLO ST</address><x>-122.505219909178</x><y>37.7734254310908</y><location human_address="{&quot;address&quot;:&quot;&quot;,&quot;city&quot;:&quot;&quot;,&quot;state&quot;:&quot;&quot;,&quot;zip&quot;:&quot;&quot;}" latitude="37.7734254310908" longitude="-122.505219909178" needs_recoding="false"/></row>