<?xml version="1.0" encoding="UTF-8"?><row _id="12629854" _uuid="58709867-52C8-44E9-80CC-B68C45C8CA96" _position="12629854" _address="http://data.sfgov.org/resource/ritf-b9ki/12629854"><incidntnum>150761796</incidntnum><category>OTHER OFFENSES</category><descript>PERMIT VIOLATION, POLICE (GENERAL)</descript><dayofweek>Sunday</dayofweek><date>2015-08-30T00:00:00</date><time>20:58</time><pddistrict>NORTHERN</pddistrict><resolution>ARREST, BOOKED</resolution><address>1200 Block of POLK ST</address><x>-122.420326993863</x><y>37.7884521578132</y><location human_address="{&quot;address&quot;:&quot;&quot;,&quot;city&quot;:&quot;&quot;,&quot;state&quot;:&quot;&quot;,&quot;zip&quot;:&quot;&quot;}" latitude="37.7884521578132" longitude="-122.420326993863" needs_recoding="false"/></row>