<?xml version="1.0" encoding="UTF-8"?><row _id="12630702" _uuid="710DD6B6-479A-4544-B0B8-1907BBB2292A" _position="12630702" _address="http://data.sfgov.org/resource/ritf-b9ki/12630702"><incidntnum>150769502</incidntnum><category>OTHER OFFENSES</category><descript>PAROLE VIOLATION</descript><dayofweek>Wednesday</dayofweek><date>2015-09-02T00:00:00</date><time>09:43</time><pddistrict>NORTHERN</pddistrict><resolution>ARREST, BOOKED</resolution><address>CHURCH ST / MARKET ST</address><x>-122.428950032727</x><y>37.7675027326801</y><location human_address="{&quot;address&quot;:&quot;&quot;,&quot;city&quot;:&quot;&quot;,&quot;state&quot;:&quot;&quot;,&quot;zip&quot;:&quot;&quot;}" latitude="37.7675027326801" longitude="-122.428950032727" needs_recoding="false"/></row>