<?xml version="1.0" encoding="UTF-8"?><row _id="12629309" _uuid="5D83A0A5-9BC0-45FE-91D2-EAF1AE49C3E5" _position="12629309" _address="http://data.sfgov.org/resource/ritf-b9ki/12629309"><incidntnum>150770866</incidntnum><category>BURGLARY</category><descript>BURGLARY, UNLAWFUL ENTRY</descript><dayofweek>Saturday</dayofweek><date>2015-08-29T00:00:00</date><time>22:30</time><pddistrict>CENTRAL</pddistrict><resolution>NONE</resolution><address>400 Block of POWELL ST</address><x>-122.408568445228</x><y>37.7887594214703</y><location human_address="{&quot;address&quot;:&quot;&quot;,&quot;city&quot;:&quot;&quot;,&quot;state&quot;:&quot;&quot;,&quot;zip&quot;:&quot;&quot;}" latitude="37.7887594214703" longitude="-122.408568445228" needs_recoding="false"/></row>