<?xml version="1.0" encoding="UTF-8"?><row _id="12625425" _uuid="7B76EE7A-B949-4032-A9FD-39FF2AC6EA4E" _position="12625425" _address="http://data.sfgov.org/resource/ritf-b9ki/12625425"><incidntnum>150732521</incidntnum><category>LARCENY/THEFT</category><descript>GRAND THEFT FROM UNLOCKED AUTO</descript><dayofweek>Friday</dayofweek><date>2015-08-21T00:00:00</date><time>20:45</time><pddistrict>SOUTHERN</pddistrict><resolution>NONE</resolution><address>2ND ST / BRANNAN ST</address><x>-122.392082305321</x><y>37.7818457722573</y><location human_address="{&quot;address&quot;:&quot;&quot;,&quot;city&quot;:&quot;&quot;,&quot;state&quot;:&quot;&quot;,&quot;zip&quot;:&quot;&quot;}" latitude="37.7818457722573" longitude="-122.392082305321" needs_recoding="false"/></row>