<?xml version="1.0" encoding="UTF-8"?><row _id="12659755" _uuid="9F0ECC67-9989-44BB-9FDA-57FEBB776A86" _position="12659755" _address="http://data.sfgov.org/resource/ritf-b9ki/12659755"><incidntnum>159006012</incidntnum><category>OTHER OFFENSES</category><descript>FALSE PERSONATION TO RECEIVE MONEY OR PROPERTY</descript><dayofweek>Saturday</dayofweek><date>2015-08-22T00:00:00</date><time>00:01</time><pddistrict>SOUTHERN</pddistrict><resolution>NONE</resolution><address>800 Block of BRYANT ST</address><x>-122.403404791479</x><y>37.775420706711</y><location human_address="{&quot;address&quot;:&quot;&quot;,&quot;city&quot;:&quot;&quot;,&quot;state&quot;:&quot;&quot;,&quot;zip&quot;:&quot;&quot;}" latitude="37.775420706711" longitude="-122.403404791479" needs_recoding="false"/></row>