<?xml version="1.0" encoding="UTF-8"?><row _id="12627318" _uuid="55F49DFD-3BAC-4784-A709-99984B86D310" _position="12627318" _address="http://data.sfgov.org/resource/ritf-b9ki/12627318"><incidntnum>150745778</incidntnum><category>VEHICLE THEFT</category><descript>STOLEN MISCELLANEOUS VEHICLE</descript><dayofweek>Tuesday</dayofweek><date>2015-08-25T00:00:00</date><time>21:26</time><pddistrict>MISSION</pddistrict><resolution>ARREST, BOOKED</resolution><address>SHOTWELL ST / 17TH ST</address><x>-122.416230392543</x><y>37.7636337702985</y><location human_address="{&quot;address&quot;:&quot;&quot;,&quot;city&quot;:&quot;&quot;,&quot;state&quot;:&quot;&quot;,&quot;zip&quot;:&quot;&quot;}" latitude="37.7636337702985" longitude="-122.416230392543" needs_recoding="false"/></row>