<?xml version="1.0" encoding="UTF-8"?><row _id="12627550" _uuid="373CC84E-3407-4AED-8BAD-4746E9AB4E5D" _position="12627550" _address="http://data.sfgov.org/resource/ritf-b9ki/12627550"><incidntnum>156213692</incidntnum><category>NON-CRIMINAL</category><descript>LOST PROPERTY</descript><dayofweek>Tuesday</dayofweek><date>2015-08-25T00:00:00</date><time>07:00</time><pddistrict>PARK</pddistrict><resolution>NONE</resolution><address>2400 Block of GEARY BL</address><x>-122.443597047511</x><y>37.7826435280939</y><location human_address="{&quot;address&quot;:&quot;&quot;,&quot;city&quot;:&quot;&quot;,&quot;state&quot;:&quot;&quot;,&quot;zip&quot;:&quot;&quot;}" latitude="37.7826435280939" longitude="-122.443597047511" needs_recoding="false"/></row>