<?xml version="1.0" encoding="UTF-8"?><row _id="12629369" _uuid="D155E654-391B-4EDE-8DC9-395E69D98F5A" _position="12629369" _address="http://data.sfgov.org/resource/ritf-b9ki/12629369"><incidntnum>150758345</incidntnum><category>BURGLARY</category><descript>BURGLARY, VEHICLE (ARREST MADE)</descript><dayofweek>Saturday</dayofweek><date>2015-08-29T00:00:00</date><time>17:28</time><pddistrict>SOUTHERN</pddistrict><resolution>ARREST, BOOKED</resolution><address>PLUM ST / MISSION ST</address><x>-122.419649218806</x><y>37.7710058100423</y><location human_address="{&quot;address&quot;:&quot;&quot;,&quot;city&quot;:&quot;&quot;,&quot;state&quot;:&quot;&quot;,&quot;zip&quot;:&quot;&quot;}" latitude="37.7710058100423" longitude="-122.419649218806" needs_recoding="false"/></row>