<?xml version="1.0" encoding="UTF-8"?><row _id="12633431" _uuid="2AB5CF53-B6A3-474E-9F48-9C34D78FC372" _position="12633431" _address="http://data.sfgov.org/resource/ritf-b9ki/12633431"><incidntnum>150788411</incidntnum><category>ASSAULT</category><descript>BATTERY</descript><dayofweek>Tuesday</dayofweek><date>2015-09-08T00:00:00</date><time>13:24</time><pddistrict>INGLESIDE</pddistrict><resolution>NONE</resolution><address>30TH ST / MISSION ST</address><x>-122.421970919029</x><y>37.7423752245255</y><location human_address="{&quot;address&quot;:&quot;&quot;,&quot;city&quot;:&quot;&quot;,&quot;state&quot;:&quot;&quot;,&quot;zip&quot;:&quot;&quot;}" latitude="37.7423752245255" longitude="-122.421970919029" needs_recoding="false"/></row>