<?xml version="1.0" encoding="UTF-8"?><row _id="12625935" _uuid="E353DBD5-89A6-48C1-AE43-7ED7EEB258BA" _position="12625935" _address="http://data.sfgov.org/resource/ritf-b9ki/12625935"><incidntnum>150735804</incidntnum><category>VANDALISM</category><descript>MALICIOUS MISCHIEF, VANDALISM OF VEHICLES</descript><dayofweek>Saturday</dayofweek><date>2015-08-22T00:00:00</date><time>22:21</time><pddistrict>TENDERLOIN</pddistrict><resolution>NONE</resolution><address>GOLDEN GATE AV / LEAVENWORTH ST</address><x>-122.413869632554</x><y>37.7818621883021</y><location human_address="{&quot;address&quot;:&quot;&quot;,&quot;city&quot;:&quot;&quot;,&quot;state&quot;:&quot;&quot;,&quot;zip&quot;:&quot;&quot;}" latitude="37.7818621883021" longitude="-122.413869632554" needs_recoding="false"/></row>