<?xml version="1.0" encoding="UTF-8"?><row _id="12625880" _uuid="E13683A3-E98B-4F25-ACD1-4550F048DF78" _position="12625880" _address="http://data.sfgov.org/resource/ritf-b9ki/12625880"><incidntnum>150733052</incidntnum><category>OTHER OFFENSES</category><descript>DRIVERS LICENSE, SUSPENDED OR REVOKED</descript><dayofweek>Saturday</dayofweek><date>2015-08-22T00:00:00</date><time>01:25</time><pddistrict>TENDERLOIN</pddistrict><resolution>ARREST, BOOKED</resolution><address>TAYLOR ST / OFARRELL ST</address><x>-122.411328369311</x><y>37.7859963050476</y><location human_address="{&quot;address&quot;:&quot;&quot;,&quot;city&quot;:&quot;&quot;,&quot;state&quot;:&quot;&quot;,&quot;zip&quot;:&quot;&quot;}" latitude="37.7859963050476" longitude="-122.411328369311" needs_recoding="false"/></row>