<?xml version="1.0" encoding="UTF-8"?><row _id="12628557" _uuid="EB3360D7-5F62-4CDA-A0B9-1022EDE46CD8" _position="12628557" _address="http://data.sfgov.org/resource/ritf-b9ki/12628557"><incidntnum>156215682</incidntnum><category>LARCENY/THEFT</category><descript>GRAND THEFT FROM UNLOCKED AUTO</descript><dayofweek>Friday</dayofweek><date>2015-08-21T00:00:00</date><time>12:00</time><pddistrict>BAYVIEW</pddistrict><resolution>NONE</resolution><address>22ND ST / CAROLINA ST</address><x>-122.399911521702</x><y>37.7572421779634</y><location human_address="{&quot;address&quot;:&quot;&quot;,&quot;city&quot;:&quot;&quot;,&quot;state&quot;:&quot;&quot;,&quot;zip&quot;:&quot;&quot;}" latitude="37.7572421779634" longitude="-122.399911521702" needs_recoding="false"/></row>