<?xml version="1.0" encoding="UTF-8"?><row _id="12627060" _uuid="7D56FCEB-5A12-4B85-A7FE-3A50B5102E3A" _position="12627060" _address="http://data.sfgov.org/resource/ritf-b9ki/12627060"><incidntnum>150742376</incidntnum><category>LARCENY/THEFT</category><descript>GRAND THEFT FROM A BUILDING</descript><dayofweek>Monday</dayofweek><date>2015-08-24T00:00:00</date><time>18:30</time><pddistrict>TENDERLOIN</pddistrict><resolution>NONE</resolution><address>100 Block of OFARRELL ST</address><x>-122.407244087032</x><y>37.7865647607685</y><location human_address="{&quot;address&quot;:&quot;&quot;,&quot;city&quot;:&quot;&quot;,&quot;state&quot;:&quot;&quot;,&quot;zip&quot;:&quot;&quot;}" latitude="37.7865647607685" longitude="-122.407244087032" needs_recoding="false"/></row>