<?xml version="1.0" encoding="UTF-8"?><row _id="12641903" _uuid="0A9D2044-1047-47FC-97A7-AFC5B4742B34" _position="12641903" _address="http://data.sfgov.org/resource/ritf-b9ki/12641903"><incidntnum>150849251</incidntnum><category>VEHICLE THEFT</category><descript>STOLEN AUTOMOBILE</descript><dayofweek>Sunday</dayofweek><date>2015-09-27T00:00:00</date><time>23:00</time><pddistrict>MISSION</pddistrict><resolution>NONE</resolution><address>800 Block of SANCHEZ ST</address><x>-122.430006173802</x><y>37.7559471775793</y><location human_address="{&quot;address&quot;:&quot;&quot;,&quot;city&quot;:&quot;&quot;,&quot;state&quot;:&quot;&quot;,&quot;zip&quot;:&quot;&quot;}" latitude="37.7559471775793" longitude="-122.430006173802" needs_recoding="false"/></row>