<?xml version="1.0" encoding="UTF-8"?><row _id="11950949" _uuid="BE1159B4-A99C-48E6-97B4-05E7BEFB4186" _position="11950949" _address="http://data.sfgov.org/resource/ritf-b9ki/11950949"><incidntnum>120909750</incidntnum><category>BURGLARY</category><descript>BURGLARY OF RESIDENCE, FORCIBLE ENTRY</descript><dayofweek>Saturday</dayofweek><date>2015-08-22T00:00:00</date><time>03:06</time><pddistrict>SOUTHERN</pddistrict><resolution>ARREST, BOOKED</resolution><address>9TH ST / BRYANT ST</address><x>-122.408534526845</x><y>37.7712906694516</y><location human_address="{&quot;address&quot;:&quot;&quot;,&quot;city&quot;:&quot;&quot;,&quot;state&quot;:&quot;&quot;,&quot;zip&quot;:&quot;&quot;}" latitude="37.7712906694516" longitude="-122.408534526845" needs_recoding="false"/></row>