<?xml version="1.0" encoding="UTF-8"?><row _id="12633247" _uuid="82649F48-93AD-4DBF-9CBA-483D755C8B4B" _position="12633247" _address="http://data.sfgov.org/resource/ritf-b9ki/12633247"><incidntnum>150786352</incidntnum><category>VEHICLE THEFT</category><descript>STOLEN AUTOMOBILE</descript><dayofweek>Monday</dayofweek><date>2015-09-07T00:00:00</date><time>14:30</time><pddistrict>SOUTHERN</pddistrict><resolution>NONE</resolution><address>400 Block of TEHAMA ST</address><x>-122.405586175575</x><y>37.7802176191503</y><location human_address="{&quot;address&quot;:&quot;&quot;,&quot;city&quot;:&quot;&quot;,&quot;state&quot;:&quot;&quot;,&quot;zip&quot;:&quot;&quot;}" latitude="37.7802176191503" longitude="-122.405586175575" needs_recoding="false"/></row>