<?xml version="1.0" encoding="UTF-8"?><row _id="12636932" _uuid="8BF07048-CA5E-4A26-BAD0-600B02BCD7E0" _position="12636932" _address="http://data.sfgov.org/resource/ritf-b9ki/12636932"><incidntnum>150812054</incidntnum><category>ROBBERY</category><descript>ROBBERY ON THE STREET, STRONGARM</descript><dayofweek>Wednesday</dayofweek><date>2015-09-16T00:00:00</date><time>01:45</time><pddistrict>PARK</pddistrict><resolution>NONE</resolution><address>200 Block of DIVISADERO ST</address><x>-122.437065833696</x><y>37.7707878941748</y><location human_address="{&quot;address&quot;:&quot;&quot;,&quot;city&quot;:&quot;&quot;,&quot;state&quot;:&quot;&quot;,&quot;zip&quot;:&quot;&quot;}" latitude="37.7707878941748" longitude="-122.437065833696" needs_recoding="false"/></row>