<?xml version="1.0" encoding="UTF-8"?><row _id="12625457" _uuid="89DE87B2-A48E-4DC2-9887-134552F83623" _position="12625457" _address="http://data.sfgov.org/resource/ritf-b9ki/12625457"><incidntnum>156212638</incidntnum><category>LARCENY/THEFT</category><descript>PETTY THEFT OF PROPERTY</descript><dayofweek>Wednesday</dayofweek><date>2015-08-19T00:00:00</date><time>18:27</time><pddistrict>TENDERLOIN</pddistrict><resolution>NONE</resolution><address>TURK ST / LEAVENWORTH ST</address><x>-122.414056291891</x><y>37.7827931071006</y><location human_address="{&quot;address&quot;:&quot;&quot;,&quot;city&quot;:&quot;&quot;,&quot;state&quot;:&quot;&quot;,&quot;zip&quot;:&quot;&quot;}" latitude="37.7827931071006" longitude="-122.414056291891" needs_recoding="false"/></row>