<?xml version="1.0" encoding="UTF-8"?><row _id="12625490" _uuid="7FAC0EC5-DA1B-41F3-906B-2414B9F27896" _position="12625490" _address="http://data.sfgov.org/resource/ritf-b9ki/12625490"><incidntnum>150731501</incidntnum><category>ASSAULT</category><descript>AGGRAVATED ASSAULT WITH A DEADLY WEAPON</descript><dayofweek>Friday</dayofweek><date>2015-08-21T00:00:00</date><time>12:00</time><pddistrict>SOUTHERN</pddistrict><resolution>NONE</resolution><address>500 Block of 9TH ST</address><x>-122.407702149718</x><y>37.7706967930865</y><location human_address="{&quot;address&quot;:&quot;&quot;,&quot;city&quot;:&quot;&quot;,&quot;state&quot;:&quot;&quot;,&quot;zip&quot;:&quot;&quot;}" latitude="37.7706967930865" longitude="-122.407702149718" needs_recoding="false"/></row>