<?xml version="1.0" encoding="UTF-8"?><row _id="12630511" _uuid="CD2C32FE-D8C6-43FC-BCEC-D8BE8E0D4CFC" _position="12630511" _address="http://data.sfgov.org/resource/ritf-b9ki/12630511"><incidntnum>150766100</incidntnum><category>NON-CRIMINAL</category><descript>AIDED CASE, MENTAL DISTURBED</descript><dayofweek>Tuesday</dayofweek><date>2015-09-01T00:00:00</date><time>07:25</time><pddistrict>MISSION</pddistrict><resolution>NONE</resolution><address>700 Block of SHOTWELL ST</address><x>-122.41547928699</x><y>37.7564220901636</y><location human_address="{&quot;address&quot;:&quot;&quot;,&quot;city&quot;:&quot;&quot;,&quot;state&quot;:&quot;&quot;,&quot;zip&quot;:&quot;&quot;}" latitude="37.7564220901636" longitude="-122.41547928699" needs_recoding="false"/></row>