<?xml version="1.0" encoding="UTF-8"?><row _id="12626368" _uuid="65A00E01-CF5F-4236-9601-3FB5B49A0FBE" _position="12626368" _address="http://data.sfgov.org/resource/ritf-b9ki/12626368"><incidntnum>150737888</incidntnum><category>NON-CRIMINAL</category><descript>AIDED CASE, MENTAL DISTURBED</descript><dayofweek>Sunday</dayofweek><date>2015-08-23T00:00:00</date><time>12:16</time><pddistrict>BAYVIEW</pddistrict><resolution>NONE</resolution><address>3RD ST / INNES AV</address><x>-122.389033327445</x><y>37.7395346503107</y><location human_address="{&quot;address&quot;:&quot;&quot;,&quot;city&quot;:&quot;&quot;,&quot;state&quot;:&quot;&quot;,&quot;zip&quot;:&quot;&quot;}" latitude="37.7395346503107" longitude="-122.389033327445" needs_recoding="false"/></row>