<?xml version="1.0" encoding="UTF-8"?><row _id="12634297" _uuid="538B3410-1310-4EDA-ADC5-CB8B516A7343" _position="12634297" _address="http://data.sfgov.org/resource/ritf-b9ki/12634297"><incidntnum>150794571</incidntnum><category>SECONDARY CODES</category><descript>JUVENILE INVOLVED</descript><dayofweek>Thursday</dayofweek><date>2015-09-10T00:00:00</date><time>11:55</time><pddistrict>TARAVAL</pddistrict><resolution>NONE</resolution><address>2200 Block of 14TH AV</address><x>-122.470359608661</x><y>37.7460753397163</y><location human_address="{&quot;address&quot;:&quot;&quot;,&quot;city&quot;:&quot;&quot;,&quot;state&quot;:&quot;&quot;,&quot;zip&quot;:&quot;&quot;}" latitude="37.7460753397163" longitude="-122.470359608661" needs_recoding="false"/></row>