<?xml version="1.0" encoding="UTF-8"?><row _id="12625381" _uuid="EA0834F6-0FDB-43AF-B504-5CB5652737AE" _position="12625381" _address="http://data.sfgov.org/resource/ritf-b9ki/12625381"><incidntnum>150730274</incidntnum><category>OTHER OFFENSES</category><descript>DRIVERS LICENSE, SUSPENDED OR REVOKED</descript><dayofweek>Friday</dayofweek><date>2015-08-21T00:00:00</date><time>10:45</time><pddistrict>INGLESIDE</pddistrict><resolution>ARREST, BOOKED</resolution><address>CORTLAND AV / MISSION ST</address><x>-122.422842376051</x><y>37.7410287442117</y><location human_address="{&quot;address&quot;:&quot;&quot;,&quot;city&quot;:&quot;&quot;,&quot;state&quot;:&quot;&quot;,&quot;zip&quot;:&quot;&quot;}" latitude="37.7410287442117" longitude="-122.422842376051" needs_recoding="false"/></row>