<?xml version="1.0" encoding="UTF-8"?><row _id="12627714" _uuid="452A9FBD-8F82-4F26-9A90-E545B54D18AD" _position="12627714" _address="http://data.sfgov.org/resource/ritf-b9ki/12627714"><incidntnum>150765102</incidntnum><category>OTHER OFFENSES</category><descript>LOST/STOLEN LICENSE PLATE</descript><dayofweek>Wednesday</dayofweek><date>2015-08-26T00:00:00</date><time>11:00</time><pddistrict>SOUTHERN</pddistrict><resolution>NONE</resolution><address>MARKET ST / 3RD ST</address><x>-122.403434086745</x><y>37.78764305018</y><location human_address="{&quot;address&quot;:&quot;&quot;,&quot;city&quot;:&quot;&quot;,&quot;state&quot;:&quot;&quot;,&quot;zip&quot;:&quot;&quot;}" latitude="37.78764305018" longitude="-122.403434086745" needs_recoding="false"/></row>