<?xml version="1.0" encoding="UTF-8"?><row _id="12627025" _uuid="76B4ACAE-D55F-44A7-B59F-729DE72C736F" _position="12627025" _address="http://data.sfgov.org/resource/ritf-b9ki/12627025"><incidntnum>150739339</incidntnum><category>ASSAULT</category><descript>BATTERY</descript><dayofweek>Monday</dayofweek><date>2015-08-24T00:00:00</date><time>06:23</time><pddistrict>TENDERLOIN</pddistrict><resolution>NONE</resolution><address>300 Block of OFARRELL ST</address><x>-122.410509258795</x><y>37.7860432222992</y><location human_address="{&quot;address&quot;:&quot;&quot;,&quot;city&quot;:&quot;&quot;,&quot;state&quot;:&quot;&quot;,&quot;zip&quot;:&quot;&quot;}" latitude="37.7860432222992" longitude="-122.410509258795" needs_recoding="false"/></row>