<?xml version="1.0" encoding="UTF-8"?><row _id="12626246" _uuid="869D17F1-BC70-4573-A96A-FCCE87D59C5B" _position="12626246" _address="http://data.sfgov.org/resource/ritf-b9ki/12626246"><incidntnum>156211163</incidntnum><category>VANDALISM</category><descript>MALICIOUS MISCHIEF, VANDALISM OF VEHICLES</descript><dayofweek>Saturday</dayofweek><date>2015-08-22T00:00:00</date><time>21:45</time><pddistrict>SOUTHERN</pddistrict><resolution>NONE</resolution><address>0 Block of LUSK AL</address><x>-122.39445192056</x><y>37.7783751326179</y><location human_address="{&quot;address&quot;:&quot;&quot;,&quot;city&quot;:&quot;&quot;,&quot;state&quot;:&quot;&quot;,&quot;zip&quot;:&quot;&quot;}" latitude="37.7783751326179" longitude="-122.39445192056" needs_recoding="false"/></row>