<?xml version="1.0" encoding="UTF-8"?><row _id="12628108" _uuid="0FC4B65B-82DE-4889-86DC-3B645FDEB633" _position="12628108" _address="http://data.sfgov.org/resource/ritf-b9ki/12628108"><incidntnum>150761928</incidntnum><category>LARCENY/THEFT</category><descript>PETTY THEFT FROM LOCKED AUTO</descript><dayofweek>Thursday</dayofweek><date>2015-08-27T00:00:00</date><time>20:30</time><pddistrict>RICHMOND</pddistrict><resolution>NONE</resolution><address>SPRUCE ST / WASHINGTON ST</address><x>-122.453944652259</x><y>37.789096753386</y><location human_address="{&quot;address&quot;:&quot;&quot;,&quot;city&quot;:&quot;&quot;,&quot;state&quot;:&quot;&quot;,&quot;zip&quot;:&quot;&quot;}" latitude="37.789096753386" longitude="-122.453944652259" needs_recoding="false"/></row>