<?xml version="1.0" encoding="UTF-8"?><row _id="12625648" _uuid="14AEB061-0229-4B78-A1FE-88406E39B2AC" _position="12625648" _address="http://data.sfgov.org/resource/ritf-b9ki/12625648"><incidntnum>156208132</incidntnum><category>LARCENY/THEFT</category><descript>GRAND THEFT FROM LOCKED AUTO</descript><dayofweek>Friday</dayofweek><date>2015-08-21T00:00:00</date><time>13:48</time><pddistrict>NORTHERN</pddistrict><resolution>NONE</resolution><address>400 Block of GOLDEN GATE AV</address><x>-122.417982021136</x><y>37.7812853695649</y><location human_address="{&quot;address&quot;:&quot;&quot;,&quot;city&quot;:&quot;&quot;,&quot;state&quot;:&quot;&quot;,&quot;zip&quot;:&quot;&quot;}" latitude="37.7812853695649" longitude="-122.417982021136" needs_recoding="false"/></row>