<?xml version="1.0" encoding="UTF-8"?><row _id="12627710" _uuid="49FCBE75-3BE9-4E08-B67A-580CADE77066" _position="12627710" _address="http://data.sfgov.org/resource/ritf-b9ki/12627710"><incidntnum>150753806</incidntnum><category>LARCENY/THEFT</category><descript>PETTY THEFT OF PROPERTY</descript><dayofweek>Wednesday</dayofweek><date>2015-08-26T00:00:00</date><time>14:30</time><pddistrict>TARAVAL</pddistrict><resolution>NONE</resolution><address>IRVING ST / 20TH AV</address><x>-122.478191939982</x><y>37.7635138827396</y><location human_address="{&quot;address&quot;:&quot;&quot;,&quot;city&quot;:&quot;&quot;,&quot;state&quot;:&quot;&quot;,&quot;zip&quot;:&quot;&quot;}" latitude="37.7635138827396" longitude="-122.478191939982" needs_recoding="false"/></row>