<?xml version="1.0" encoding="UTF-8"?><row _id="12625360" _uuid="425F98A2-7CEC-4D00-A2E0-1E014B7058D6" _position="12625360" _address="http://data.sfgov.org/resource/ritf-b9ki/12625360"><incidntnum>150732117</incidntnum><category>VANDALISM</category><descript>MALICIOUS MISCHIEF, VANDALISM OF VEHICLES</descript><dayofweek>Friday</dayofweek><date>2015-08-21T00:00:00</date><time>18:30</time><pddistrict>SOUTHERN</pddistrict><resolution>NONE</resolution><address>ALAMEDA ST / RHODEISLAND ST</address><x>-122.402930032237</x><y>37.7686481017534</y><location human_address="{&quot;address&quot;:&quot;&quot;,&quot;city&quot;:&quot;&quot;,&quot;state&quot;:&quot;&quot;,&quot;zip&quot;:&quot;&quot;}" latitude="37.7686481017534" longitude="-122.402930032237" needs_recoding="false"/></row>