<?xml version="1.0" encoding="UTF-8"?><row _id="12630839" _uuid="D4F35B20-A336-4FE7-96E6-4FE7BD333651" _position="12630839" _address="http://data.sfgov.org/resource/ritf-b9ki/12630839"><incidntnum>150769499</incidntnum><category>WARRANTS</category><descript>WARRANT ARREST</descript><dayofweek>Wednesday</dayofweek><date>2015-09-02T00:00:00</date><time>09:52</time><pddistrict>PARK</pddistrict><resolution>ARREST, BOOKED</resolution><address>300 Block of FREDERICK ST</address><x>-122.4485542877</x><y>37.766882416805</y><location human_address="{&quot;address&quot;:&quot;&quot;,&quot;city&quot;:&quot;&quot;,&quot;state&quot;:&quot;&quot;,&quot;zip&quot;:&quot;&quot;}" latitude="37.766882416805" longitude="-122.4485542877" needs_recoding="false"/></row>