<?xml version="1.0" encoding="UTF-8"?><row _id="12634532" _uuid="3BB3A19D-2DCB-4959-8EBC-6AB3CD166436" _position="12634532" _address="http://data.sfgov.org/resource/ritf-b9ki/12634532"><incidntnum>156222847</incidntnum><category>LARCENY/THEFT</category><descript>GRAND THEFT FROM LOCKED AUTO</descript><dayofweek>Thursday</dayofweek><date>2015-09-10T00:00:00</date><time>09:15</time><pddistrict>BAYVIEW</pddistrict><resolution>NONE</resolution><address>0 Block of YOUNG CT</address><x>-122.386051860295</x><y>37.7362465179188</y><location human_address="{&quot;address&quot;:&quot;&quot;,&quot;city&quot;:&quot;&quot;,&quot;state&quot;:&quot;&quot;,&quot;zip&quot;:&quot;&quot;}" latitude="37.7362465179188" longitude="-122.386051860295" needs_recoding="false"/></row>