<?xml version="1.0" encoding="UTF-8"?><row _id="12624408" _uuid="698D1C23-9E56-4690-BB0F-D026A7F2F53D" _position="12624408" _address="http://data.sfgov.org/resource/ritf-b9ki/12624408"><incidntnum>156209942</incidntnum><category>LARCENY/THEFT</category><descript>GRAND THEFT OF PROPERTY</descript><dayofweek>Thursday</dayofweek><date>2015-08-20T00:00:00</date><time>14:05</time><pddistrict>CENTRAL</pddistrict><resolution>NONE</resolution><address>1000 Block of HYDE ST</address><x>-122.417368206741</x><y>37.7905094151595</y><location human_address="{&quot;address&quot;:&quot;&quot;,&quot;city&quot;:&quot;&quot;,&quot;state&quot;:&quot;&quot;,&quot;zip&quot;:&quot;&quot;}" latitude="37.7905094151595" longitude="-122.417368206741" needs_recoding="false"/></row>