<?xml version="1.0" encoding="UTF-8"?><row _id="12626391" _uuid="FE6CDB2C-F352-4B4A-B868-24BF9F9FCE8A" _position="12626391" _address="http://data.sfgov.org/resource/ritf-b9ki/12626391"><incidntnum>156208182</incidntnum><category>LARCENY/THEFT</category><descript>GRAND THEFT FROM LOCKED AUTO</descript><dayofweek>Sunday</dayofweek><date>2015-08-23T00:00:00</date><time>21:00</time><pddistrict>NORTHERN</pddistrict><resolution>NONE</resolution><address>LARKIN ST / BUSH ST</address><x>-122.418658294829</x><y>37.7889098399421</y><location human_address="{&quot;address&quot;:&quot;&quot;,&quot;city&quot;:&quot;&quot;,&quot;state&quot;:&quot;&quot;,&quot;zip&quot;:&quot;&quot;}" latitude="37.7889098399421" longitude="-122.418658294829" needs_recoding="false"/></row>