<?xml version="1.0" encoding="UTF-8"?><row _id="12628996" _uuid="54ECAD54-88E7-479C-BD97-EC87605B6A6D" _position="12628996" _address="http://data.sfgov.org/resource/ritf-b9ki/12628996"><incidntnum>150757933</incidntnum><category>VEHICLE THEFT</category><descript>STOLEN AUTOMOBILE</descript><dayofweek>Saturday</dayofweek><date>2015-08-29T00:00:00</date><time>09:45</time><pddistrict>TENDERLOIN</pddistrict><resolution>NONE</resolution><address>OFARRELL ST / POWELL ST</address><x>-122.408040474858</x><y>37.7864094033618</y><location human_address="{&quot;address&quot;:&quot;&quot;,&quot;city&quot;:&quot;&quot;,&quot;state&quot;:&quot;&quot;,&quot;zip&quot;:&quot;&quot;}" latitude="37.7864094033618" longitude="-122.408040474858" needs_recoding="false"/></row>