<?xml version="1.0" encoding="UTF-8"?><row _id="12640188" _uuid="C295974B-2BE3-4409-8FC1-85CDF20277AD" _position="12640188" _address="http://data.sfgov.org/resource/ritf-b9ki/12640188"><incidntnum>150852113</incidntnum><category>BURGLARY</category><descript>BURGLARY OF APARTMENT HOUSE, UNLAWFUL ENTRY</descript><dayofweek>Wednesday</dayofweek><date>2015-09-23T00:00:00</date><time>22:30</time><pddistrict>CENTRAL</pddistrict><resolution>NONE</resolution><address>700 Block of SUTTER ST</address><x>-122.412718544555</x><y>37.7886466255672</y><location human_address="{&quot;address&quot;:&quot;&quot;,&quot;city&quot;:&quot;&quot;,&quot;state&quot;:&quot;&quot;,&quot;zip&quot;:&quot;&quot;}" latitude="37.7886466255672" longitude="-122.412718544555" needs_recoding="false"/></row>