<?xml version="1.0" encoding="UTF-8"?><row _id="12626078" _uuid="0312B9D4-DDBB-4216-8A96-224AC31D3B56" _position="12626078" _address="http://data.sfgov.org/resource/ritf-b9ki/12626078"><incidntnum>150736153</incidntnum><category>BURGLARY</category><descript>BURGLARY OF APARTMENT HOUSE, FORCIBLE ENTRY</descript><dayofweek>Saturday</dayofweek><date>2015-08-22T00:00:00</date><time>17:00</time><pddistrict>MISSION</pddistrict><resolution>NONE</resolution><address>3100 Block of 26TH ST</address><x>-122.413497029477</x><y>37.7493757621401</y><location human_address="{&quot;address&quot;:&quot;&quot;,&quot;city&quot;:&quot;&quot;,&quot;state&quot;:&quot;&quot;,&quot;zip&quot;:&quot;&quot;}" latitude="37.7493757621401" longitude="-122.413497029477" needs_recoding="false"/></row>