<?xml version="1.0" encoding="UTF-8"?><row _id="12632145" _uuid="DAF9F8BD-B6E7-4427-9919-9D6A3E02B442" _position="12632145" _address="http://data.sfgov.org/resource/ritf-b9ki/12632145"><incidntnum>150780188</incidntnum><category>DRUG/NARCOTIC</category><descript>POSSESSION OF CONTROLLED SUBSTANCE</descript><dayofweek>Saturday</dayofweek><date>2015-09-05T00:00:00</date><time>15:36</time><pddistrict>TENDERLOIN</pddistrict><resolution>ARREST, BOOKED</resolution><address>200 Block of LEAVENWORTH ST</address><x>-122.414217804322</x><y>37.7832593295025</y><location human_address="{&quot;address&quot;:&quot;&quot;,&quot;city&quot;:&quot;&quot;,&quot;state&quot;:&quot;&quot;,&quot;zip&quot;:&quot;&quot;}" latitude="37.7832593295025" longitude="-122.414217804322" needs_recoding="false"/></row>