<?xml version="1.0" encoding="UTF-8"?><row _id="12625472" _uuid="1C6B23EB-DA57-4651-BF2A-3B1E66FACB69" _position="12625472" _address="http://data.sfgov.org/resource/ritf-b9ki/12625472"><incidntnum>150729835</incidntnum><category>WARRANTS</category><descript>WARRANT ARREST</descript><dayofweek>Friday</dayofweek><date>2015-08-21T00:00:00</date><time>07:33</time><pddistrict>MISSION</pddistrict><resolution>ARREST, BOOKED</resolution><address>1200 Block of POTRERO AV</address><x>-122.406256546868</x><y>37.7513737062303</y><location human_address="{&quot;address&quot;:&quot;&quot;,&quot;city&quot;:&quot;&quot;,&quot;state&quot;:&quot;&quot;,&quot;zip&quot;:&quot;&quot;}" latitude="37.7513737062303" longitude="-122.406256546868" needs_recoding="false"/></row>