<?xml version="1.0" encoding="UTF-8"?><row _id="12636505" _uuid="753082F0-378E-41F0-9D96-3494540A76B2" _position="12636505" _address="http://data.sfgov.org/resource/ritf-b9ki/12636505"><incidntnum>150810757</incidntnum><category>LARCENY/THEFT</category><descript>PETTY THEFT SHOPLIFTING</descript><dayofweek>Tuesday</dayofweek><date>2015-09-15T00:00:00</date><time>16:20</time><pddistrict>NORTHERN</pddistrict><resolution>NONE</resolution><address>GEARY ST / LARKIN ST</address><x>-122.418090766692</x><y>37.7861007451645</y><location human_address="{&quot;address&quot;:&quot;&quot;,&quot;city&quot;:&quot;&quot;,&quot;state&quot;:&quot;&quot;,&quot;zip&quot;:&quot;&quot;}" latitude="37.7861007451645" longitude="-122.418090766692" needs_recoding="false"/></row>