<?xml version="1.0" encoding="UTF-8"?><row _id="12626320" _uuid="96345911-7741-4376-8E1E-BA828DF57FCD" _position="12626320" _address="http://data.sfgov.org/resource/ritf-b9ki/12626320"><incidntnum>150740314</incidntnum><category>SEX OFFENSES, FORCIBLE</category><descript>ORAL COPULATION, UNLAWFUL (ADULT VICTIM)</descript><dayofweek>Saturday</dayofweek><date>2015-08-22T00:00:00</date><time>16:00</time><pddistrict>INGLESIDE</pddistrict><resolution>NONE</resolution><address>200 Block of ADDISON ST</address><x>-122.432513268341</x><y>37.7377582824808</y><location human_address="{&quot;address&quot;:&quot;&quot;,&quot;city&quot;:&quot;&quot;,&quot;state&quot;:&quot;&quot;,&quot;zip&quot;:&quot;&quot;}" latitude="37.7377582824808" longitude="-122.432513268341" needs_recoding="false"/></row>