<?xml version="1.0" encoding="UTF-8"?><row _id="12626142" _uuid="82BCC522-E52E-4818-8564-9E9B48A9F4EB" _position="12626142" _address="http://data.sfgov.org/resource/ritf-b9ki/12626142"><incidntnum>150740609</incidntnum><category>VANDALISM</category><descript>MALICIOUS MISCHIEF, VANDALISM OF VEHICLES</descript><dayofweek>Saturday</dayofweek><date>2015-08-22T00:00:00</date><time>00:30</time><pddistrict>NORTHERN</pddistrict><resolution>NONE</resolution><address>1700 Block of BAY ST</address><x>-122.435860436708</x><y>37.8027901035656</y><location human_address="{&quot;address&quot;:&quot;&quot;,&quot;city&quot;:&quot;&quot;,&quot;state&quot;:&quot;&quot;,&quot;zip&quot;:&quot;&quot;}" latitude="37.8027901035656" longitude="-122.435860436708" needs_recoding="false"/></row>