<?xml version="1.0" encoding="UTF-8"?><row _id="12626982" _uuid="5D5D344C-712A-4E64-8B6A-6802F1C34CAD" _position="12626982" _address="http://data.sfgov.org/resource/ritf-b9ki/12626982"><incidntnum>150741209</incidntnum><category>LARCENY/THEFT</category><descript>PETTY THEFT SHOPLIFTING</descript><dayofweek>Monday</dayofweek><date>2015-08-24T00:00:00</date><time>14:23</time><pddistrict>TENDERLOIN</pddistrict><resolution>ARREST, BOOKED</resolution><address>100 Block of OFARRELL ST</address><x>-122.407244087032</x><y>37.7865647607685</y><location human_address="{&quot;address&quot;:&quot;&quot;,&quot;city&quot;:&quot;&quot;,&quot;state&quot;:&quot;&quot;,&quot;zip&quot;:&quot;&quot;}" latitude="37.7865647607685" longitude="-122.407244087032" needs_recoding="false"/></row>