<?xml version="1.0" encoding="UTF-8"?><row _id="12626165" _uuid="45FD78AB-FD2E-49E5-9D89-A651067BDDC7" _position="12626165" _address="http://data.sfgov.org/resource/ritf-b9ki/12626165"><incidntnum>150739652</incidntnum><category>ASSAULT</category><descript>THREATS AGAINST LIFE</descript><dayofweek>Saturday</dayofweek><date>2015-08-22T00:00:00</date><time>02:00</time><pddistrict>TENDERLOIN</pddistrict><resolution>NONE</resolution><address>200 Block of EDDY ST</address><x>-122.411800134753</x><y>37.7840890366868</y><location human_address="{&quot;address&quot;:&quot;&quot;,&quot;city&quot;:&quot;&quot;,&quot;state&quot;:&quot;&quot;,&quot;zip&quot;:&quot;&quot;}" latitude="37.7840890366868" longitude="-122.411800134753" needs_recoding="false"/></row>