<?xml version="1.0" encoding="UTF-8"?><row _id="12631848" _uuid="43BC6B38-9765-4F45-87C2-E9FD6B5C21BF" _position="12631848" _address="http://data.sfgov.org/resource/ritf-b9ki/12631848"><incidntnum>150776961</incidntnum><category>LARCENY/THEFT</category><descript>GRAND THEFT FROM LOCKED AUTO</descript><dayofweek>Friday</dayofweek><date>2015-09-04T00:00:00</date><time>13:53</time><pddistrict>NORTHERN</pddistrict><resolution>NONE</resolution><address>1400 Block of GEARY BL</address><x>-122.427227705933</x><y>37.7849031514925</y><location human_address="{&quot;address&quot;:&quot;&quot;,&quot;city&quot;:&quot;&quot;,&quot;state&quot;:&quot;&quot;,&quot;zip&quot;:&quot;&quot;}" latitude="37.7849031514925" longitude="-122.427227705933" needs_recoding="false"/></row>