<?xml version="1.0" encoding="UTF-8"?><row _id="12628857" _uuid="89400F6C-FE51-4ECE-9749-D1F3D8F6259F" _position="12628857" _address="http://data.sfgov.org/resource/ritf-b9ki/12628857"><incidntnum>156216248</incidntnum><category>VANDALISM</category><descript>MALICIOUS MISCHIEF, VANDALISM</descript><dayofweek>Friday</dayofweek><date>2015-08-28T00:00:00</date><time>23:00</time><pddistrict>BAYVIEW</pddistrict><resolution>NONE</resolution><address>0 Block of BRUSSELS ST</address><x>-122.407371685855</x><y>37.7312651171567</y><location human_address="{&quot;address&quot;:&quot;&quot;,&quot;city&quot;:&quot;&quot;,&quot;state&quot;:&quot;&quot;,&quot;zip&quot;:&quot;&quot;}" latitude="37.7312651171567" longitude="-122.407371685855" needs_recoding="false"/></row>