<?xml version="1.0" encoding="UTF-8"?><row _id="12627323" _uuid="0FCABB11-466D-44CB-B453-6524A0D5725B" _position="12627323" _address="http://data.sfgov.org/resource/ritf-b9ki/12627323"><incidntnum>156210422</incidntnum><category>LARCENY/THEFT</category><descript>GRAND THEFT FROM LOCKED AUTO</descript><dayofweek>Tuesday</dayofweek><date>2015-08-25T00:00:00</date><time>21:00</time><pddistrict>NORTHERN</pddistrict><resolution>NONE</resolution><address>LOMBARD ST / STEINER ST</address><x>-122.437698529469</x><y>37.7996328370724</y><location human_address="{&quot;address&quot;:&quot;&quot;,&quot;city&quot;:&quot;&quot;,&quot;state&quot;:&quot;&quot;,&quot;zip&quot;:&quot;&quot;}" latitude="37.7996328370724" longitude="-122.437698529469" needs_recoding="false"/></row>