<?xml version="1.0" encoding="UTF-8"?><row _id="12627162" _uuid="AA287B99-C442-4284-B8FB-7A0FCA9E67B2" _position="12627162" _address="http://data.sfgov.org/resource/ritf-b9ki/12627162"><incidntnum>156211925</incidntnum><category>LARCENY/THEFT</category><descript>GRAND THEFT FROM LOCKED AUTO</descript><dayofweek>Monday</dayofweek><date>2015-08-24T00:00:00</date><time>21:07</time><pddistrict>TARAVAL</pddistrict><resolution>NONE</resolution><address>1100 Block of OCEAN AV</address><x>-122.455615861538</x><y>37.7238590120011</y><location human_address="{&quot;address&quot;:&quot;&quot;,&quot;city&quot;:&quot;&quot;,&quot;state&quot;:&quot;&quot;,&quot;zip&quot;:&quot;&quot;}" latitude="37.7238590120011" longitude="-122.455615861538" needs_recoding="false"/></row>