<?xml version="1.0" encoding="UTF-8"?><row _id="12635907" _uuid="90A44E84-0C73-4F01-A1DC-3292A35D027A" _position="12635907" _address="http://data.sfgov.org/resource/ritf-b9ki/12635907"><incidntnum>150781089</incidntnum><category>MISSING PERSON</category><descript>MISSING JUVENILE</descript><dayofweek>Saturday</dayofweek><date>2015-09-05T00:00:00</date><time>13:00</time><pddistrict>PARK</pddistrict><resolution>NONE</resolution><address>500 Block of CENTRAL AV</address><x>-122.444432207954</x><y>37.7746354223627</y><location human_address="{&quot;address&quot;:&quot;&quot;,&quot;city&quot;:&quot;&quot;,&quot;state&quot;:&quot;&quot;,&quot;zip&quot;:&quot;&quot;}" latitude="37.7746354223627" longitude="-122.444432207954" needs_recoding="false"/></row>