<?xml version="1.0" encoding="UTF-8"?><row _id="12674379" _uuid="9F9A6F25-F76F-4297-B387-D36460A29796" _position="12674379" _address="http://data.sfgov.org/resource/ritf-b9ki/12674379"><incidntnum>150735531</incidntnum><category>WARRANTS</category><descript>WARRANT ARREST</descript><dayofweek>Saturday</dayofweek><date>2015-08-22T00:00:00</date><time>20:22</time><pddistrict>TENDERLOIN</pddistrict><resolution>ARREST, BOOKED</resolution><address>GOLDEN GATE AV / HYDE ST</address><x>-122.415508242782</x><y>37.7816542806076</y><location human_address="{&quot;address&quot;:&quot;&quot;,&quot;city&quot;:&quot;&quot;,&quot;state&quot;:&quot;&quot;,&quot;zip&quot;:&quot;&quot;}" latitude="37.7816542806076" longitude="-122.415508242782" needs_recoding="false"/></row>