<?xml version="1.0" encoding="UTF-8"?><row _id="12627222" _uuid="854602AB-1396-4051-BF90-E8C0A0185D02" _position="12627222" _address="http://data.sfgov.org/resource/ritf-b9ki/12627222"><incidntnum>150744087</incidntnum><category>OTHER OFFENSES</category><descript>VIOLATION OF RESTRAINING ORDER</descript><dayofweek>Monday</dayofweek><date>2015-08-24T00:00:00</date><time>15:27</time><pddistrict>MISSION</pddistrict><resolution>NONE</resolution><address>18TH ST / VALENCIA ST</address><x>-122.42158168137</x><y>37.7617007179518</y><location human_address="{&quot;address&quot;:&quot;&quot;,&quot;city&quot;:&quot;&quot;,&quot;state&quot;:&quot;&quot;,&quot;zip&quot;:&quot;&quot;}" latitude="37.7617007179518" longitude="-122.42158168137" needs_recoding="false"/></row>