<?xml version="1.0" encoding="UTF-8"?><row _id="12627046" _uuid="C4490CA9-8745-480F-AB9B-D10E1DF92320" _position="12627046" _address="http://data.sfgov.org/resource/ritf-b9ki/12627046"><incidntnum>150741657</incidntnum><category>FRAUD</category><descript>CREDIT CARD, THEFT BY USE OF</descript><dayofweek>Monday</dayofweek><date>2015-08-24T00:00:00</date><time>10:00</time><pddistrict>TARAVAL</pddistrict><resolution>NONE</resolution><address>3600 Block of IRVING ST</address><x>-122.496963382746</x><y>37.7627421098195</y><location human_address="{&quot;address&quot;:&quot;&quot;,&quot;city&quot;:&quot;&quot;,&quot;state&quot;:&quot;&quot;,&quot;zip&quot;:&quot;&quot;}" latitude="37.7627421098195" longitude="-122.496963382746" needs_recoding="false"/></row>