<?xml version="1.0" encoding="UTF-8"?><row _id="12626691" _uuid="B9FE47B8-4A31-4476-9179-9A98C5765191" _position="12626691" _address="http://data.sfgov.org/resource/ritf-b9ki/12626691"><incidntnum>156210228</incidntnum><category>LARCENY/THEFT</category><descript>GRAND THEFT FROM LOCKED AUTO</descript><dayofweek>Sunday</dayofweek><date>2015-08-23T00:00:00</date><time>21:00</time><pddistrict>SOUTHERN</pddistrict><resolution>NONE</resolution><address>800 Block of BRYANT ST</address><x>-122.403404791479</x><y>37.775420706711</y><location human_address="{&quot;address&quot;:&quot;&quot;,&quot;city&quot;:&quot;&quot;,&quot;state&quot;:&quot;&quot;,&quot;zip&quot;:&quot;&quot;}" latitude="37.775420706711" longitude="-122.403404791479" needs_recoding="false"/></row>