<?xml version="1.0" encoding="UTF-8"?><row _id="12626197" _uuid="9CD1CCFF-FDDA-4339-91FB-1765D9630794" _position="12626197" _address="http://data.sfgov.org/resource/ritf-b9ki/12626197"><incidntnum>150737678</incidntnum><category>VEHICLE THEFT</category><descript>STOLEN AUTOMOBILE</descript><dayofweek>Saturday</dayofweek><date>2015-08-22T00:00:00</date><time>21:00</time><pddistrict>MISSION</pddistrict><resolution>NONE</resolution><address>2700 Block of 20TH ST</address><x>-122.408436397631</x><y>37.7593301145153</y><location human_address="{&quot;address&quot;:&quot;&quot;,&quot;city&quot;:&quot;&quot;,&quot;state&quot;:&quot;&quot;,&quot;zip&quot;:&quot;&quot;}" latitude="37.7593301145153" longitude="-122.408436397631" needs_recoding="false"/></row>