<?xml version="1.0" encoding="UTF-8"?><row _id="12626808" _uuid="153224DF-97D5-414D-90E2-2F77CA8C3666" _position="12626808" _address="http://data.sfgov.org/resource/ritf-b9ki/12626808"><incidntnum>150742138</incidntnum><category>DRUG/NARCOTIC</category><descript>SALE OF MARIJUANA</descript><dayofweek>Monday</dayofweek><date>2015-08-24T00:00:00</date><time>20:00</time><pddistrict>SOUTHERN</pddistrict><resolution>ARREST, BOOKED</resolution><address>MARKET ST / JONES ST</address><x>-122.411979487494</x><y>37.7809039696758</y><location human_address="{&quot;address&quot;:&quot;&quot;,&quot;city&quot;:&quot;&quot;,&quot;state&quot;:&quot;&quot;,&quot;zip&quot;:&quot;&quot;}" latitude="37.7809039696758" longitude="-122.411979487494" needs_recoding="false"/></row>