<?xml version="1.0" encoding="UTF-8"?><row _id="12627548" _uuid="777B2766-20F9-411F-B689-8E9B3525718C" _position="12627548" _address="http://data.sfgov.org/resource/ritf-b9ki/12627548"><incidntnum>156213012</incidntnum><category>LARCENY/THEFT</category><descript>GRAND THEFT OF PROPERTY</descript><dayofweek>Tuesday</dayofweek><date>2015-08-25T00:00:00</date><time>20:00</time><pddistrict>SOUTHERN</pddistrict><resolution>NONE</resolution><address>900 Block of MARKET ST</address><x>-122.408595110869</x><y>37.7837069301545</y><location human_address="{&quot;address&quot;:&quot;&quot;,&quot;city&quot;:&quot;&quot;,&quot;state&quot;:&quot;&quot;,&quot;zip&quot;:&quot;&quot;}" latitude="37.7837069301545" longitude="-122.408595110869" needs_recoding="false"/></row>