<?xml version="1.0" encoding="UTF-8"?><row _id="12629344" _uuid="060F9661-5B4C-41FB-9AD5-579BD04E28B2" _position="12629344" _address="http://data.sfgov.org/resource/ritf-b9ki/12629344"><incidntnum>150757494</incidntnum><category>VEHICLE THEFT</category><descript>STOLEN MOTORCYCLE</descript><dayofweek>Saturday</dayofweek><date>2015-08-29T00:00:00</date><time>02:50</time><pddistrict>SOUTHERN</pddistrict><resolution>NONE</resolution><address>0 Block of 9TH ST</address><x>-122.414953043045</x><y>37.7765019124574</y><location human_address="{&quot;address&quot;:&quot;&quot;,&quot;city&quot;:&quot;&quot;,&quot;state&quot;:&quot;&quot;,&quot;zip&quot;:&quot;&quot;}" latitude="37.7765019124574" longitude="-122.414953043045" needs_recoding="false"/></row>