<?xml version="1.0" encoding="UTF-8"?><row _id="12626102" _uuid="D9CA6D7A-0E4D-4A2D-B096-D47D8C84BF29" _position="12626102" _address="http://data.sfgov.org/resource/ritf-b9ki/12626102"><incidntnum>150734765</incidntnum><category>ROBBERY</category><descript>ROBBERY OF A COMMERCIAL ESTABLISHMENT, STRONGARM</descript><dayofweek>Saturday</dayofweek><date>2015-08-22T00:00:00</date><time>11:36</time><pddistrict>TARAVAL</pddistrict><resolution>NONE</resolution><address>3200 Block of 20TH AV</address><x>-122.475647460786</x><y>37.7285280627465</y><location human_address="{&quot;address&quot;:&quot;&quot;,&quot;city&quot;:&quot;&quot;,&quot;state&quot;:&quot;&quot;,&quot;zip&quot;:&quot;&quot;}" latitude="37.7285280627465" longitude="-122.475647460786" needs_recoding="false"/></row>