<?xml version="1.0" encoding="UTF-8"?><row _id="12667105" _uuid="34D08209-B597-4B6D-A3F3-90483E81B56B" _position="12667105" _address="http://data.sfgov.org/resource/ritf-b9ki/12667105"><incidntnum>151053904</incidntnum><category>BAD CHECKS</category><descript>CHECKS, NON-SUFFICIENT FUNDS (FELONY)</descript><dayofweek>Friday</dayofweek><date>2015-09-11T00:00:00</date><time>17:00</time><pddistrict>MISSION</pddistrict><resolution>NONE</resolution><address>3000 Block of 16TH ST</address><x>-122.420070483636</x><y>37.7649720006151</y><location human_address="{&quot;address&quot;:&quot;&quot;,&quot;city&quot;:&quot;&quot;,&quot;state&quot;:&quot;&quot;,&quot;zip&quot;:&quot;&quot;}" latitude="37.7649720006151" longitude="-122.420070483636" needs_recoding="false"/></row>