<?xml version="1.0" encoding="UTF-8"?><row _id="12623675" _uuid="846E5A5C-94DA-49F8-B1E2-0942C7F03062" _position="12623675" _address="http://data.sfgov.org/resource/ritf-b9ki/12623675"><incidntnum>150726160</incidntnum><category>SECONDARY CODES</category><descript>DOMESTIC VIOLENCE</descript><dayofweek>Wednesday</dayofweek><date>2015-08-19T00:00:00</date><time>22:18</time><pddistrict>NORTHERN</pddistrict><resolution>NONE</resolution><address>1000 Block of POST ST</address><x>-122.419104424644</x><y>37.7868764841608</y><location human_address="{&quot;address&quot;:&quot;&quot;,&quot;city&quot;:&quot;&quot;,&quot;state&quot;:&quot;&quot;,&quot;zip&quot;:&quot;&quot;}" latitude="37.7868764841608" longitude="-122.419104424644" needs_recoding="false"/></row>