<?xml version="1.0" encoding="UTF-8"?><row _id="12630256" _uuid="BB641135-A3F3-454C-BF43-BC625A9FACF5" _position="12630256" _address="http://data.sfgov.org/resource/ritf-b9ki/12630256"><incidntnum>156219656</incidntnum><category>LARCENY/THEFT</category><descript>PETTY THEFT OF PROPERTY</descript><dayofweek>Monday</dayofweek><date>2015-08-31T00:00:00</date><time>12:38</time><pddistrict>TARAVAL</pddistrict><resolution>NONE</resolution><address>2500 Block of 17TH AV</address><x>-122.473425443867</x><y>37.7403298593537</y><location human_address="{&quot;address&quot;:&quot;&quot;,&quot;city&quot;:&quot;&quot;,&quot;state&quot;:&quot;&quot;,&quot;zip&quot;:&quot;&quot;}" latitude="37.7403298593537" longitude="-122.473425443867" needs_recoding="false"/></row>