<?xml version="1.0" encoding="UTF-8"?><row _id="12626502" _uuid="1601614C-6DC1-475B-AC02-17D794C061CF" _position="12626502" _address="http://data.sfgov.org/resource/ritf-b9ki/12626502"><incidntnum>150736200</incidntnum><category>SUSPICIOUS OCC</category><descript>SUSPICIOUS OCCURRENCE</descript><dayofweek>Sunday</dayofweek><date>2015-08-23T00:00:00</date><time>00:30</time><pddistrict>CENTRAL</pddistrict><resolution>NONE</resolution><address>500 Block of GEARY ST</address><x>-122.411933899915</x><y>37.7868307302611</y><location human_address="{&quot;address&quot;:&quot;&quot;,&quot;city&quot;:&quot;&quot;,&quot;state&quot;:&quot;&quot;,&quot;zip&quot;:&quot;&quot;}" latitude="37.7868307302611" longitude="-122.411933899915" needs_recoding="false"/></row>