<?xml version="1.0" encoding="UTF-8"?><row _id="12629860" _uuid="3D4C20DA-E010-4A64-8A09-C2E06F6DAC89" _position="12629860" _address="http://data.sfgov.org/resource/ritf-b9ki/12629860"><incidntnum>150762073</incidntnum><category>ASSAULT</category><descript>BATTERY, FORMER SPOUSE OR DATING RELATIONSHIP</descript><dayofweek>Sunday</dayofweek><date>2015-08-30T00:00:00</date><time>22:25</time><pddistrict>BAYVIEW</pddistrict><resolution>ARREST, BOOKED</resolution><address>600 Block of THORNTON AV</address><x>-122.400690668956</x><y>37.7313162270083</y><location human_address="{&quot;address&quot;:&quot;&quot;,&quot;city&quot;:&quot;&quot;,&quot;state&quot;:&quot;&quot;,&quot;zip&quot;:&quot;&quot;}" latitude="37.7313162270083" longitude="-122.400690668956" needs_recoding="false"/></row>