<?xml version="1.0" encoding="UTF-8"?><row _id="12669332" _uuid="CF3560AA-4943-4FCD-B4DE-DF7DCBD1C95D" _position="12669332" _address="http://data.sfgov.org/resource/ritf-b9ki/12669332"><incidntnum>151067751</incidntnum><category>FRAUD</category><descript>FRAUDULENT USE OF AUTOMATED TELLER CARD</descript><dayofweek>Wednesday</dayofweek><date>2015-08-26T00:00:00</date><time>09:00</time><pddistrict>CENTRAL</pddistrict><resolution>NONE</resolution><address>300 Block of UNION ST</address><x>-122.404861124167</x><y>37.8010379260819</y><location human_address="{&quot;address&quot;:&quot;&quot;,&quot;city&quot;:&quot;&quot;,&quot;state&quot;:&quot;&quot;,&quot;zip&quot;:&quot;&quot;}" latitude="37.8010379260819" longitude="-122.404861124167" needs_recoding="false"/></row>