<?xml version="1.0" encoding="UTF-8"?><row _id="12621277" _uuid="CBF4E77B-F93E-4917-B6D5-50AE7D1B02F1" _position="12621277" _address="http://data.sfgov.org/resource/ritf-b9ki/12621277"><incidntnum>150737719</incidntnum><category>ASSAULT</category><descript>BATTERY</descript><dayofweek>Thursday</dayofweek><date>2015-08-20T00:00:00</date><time>18:00</time><pddistrict>BAYVIEW</pddistrict><resolution>NONE</resolution><address>GIANTS DR / GILMAN AV</address><x>-122.38685178392</x><y>37.7175091051709</y><location human_address="{&quot;address&quot;:&quot;&quot;,&quot;city&quot;:&quot;&quot;,&quot;state&quot;:&quot;&quot;,&quot;zip&quot;:&quot;&quot;}" latitude="37.7175091051709" longitude="-122.38685178392" needs_recoding="false"/></row>