<?xml version="1.0" encoding="UTF-8"?><row _id="12627268" _uuid="CB1E2901-A0F3-4216-BD0F-68F3C8581D2C" _position="12627268" _address="http://data.sfgov.org/resource/ritf-b9ki/12627268"><incidntnum>150742746</incidntnum><category>ASSAULT</category><descript>BATTERY</descript><dayofweek>Tuesday</dayofweek><date>2015-08-25T00:00:00</date><time>01:33</time><pddistrict>PARK</pddistrict><resolution>NONE</resolution><address>HAIGHT ST / COLE ST</address><x>-122.450709919144</x><y>37.7695262270693</y><location human_address="{&quot;address&quot;:&quot;&quot;,&quot;city&quot;:&quot;&quot;,&quot;state&quot;:&quot;&quot;,&quot;zip&quot;:&quot;&quot;}" latitude="37.7695262270693" longitude="-122.450709919144" needs_recoding="false"/></row>