<?xml version="1.0" encoding="UTF-8"?><row _id="12625972" _uuid="CFC7BBB9-559F-4108-A65A-7A714105574C" _position="12625972" _address="http://data.sfgov.org/resource/ritf-b9ki/12625972"><incidntnum>156207554</incidntnum><category>LARCENY/THEFT</category><descript>GRAND THEFT FROM LOCKED AUTO</descript><dayofweek>Saturday</dayofweek><date>2015-08-22T00:00:00</date><time>17:30</time><pddistrict>NORTHERN</pddistrict><resolution>NONE</resolution><address>HEMLOCK ST / VANNESS AV</address><x>-122.421663714433</x><y>37.787075403993</y><location human_address="{&quot;address&quot;:&quot;&quot;,&quot;city&quot;:&quot;&quot;,&quot;state&quot;:&quot;&quot;,&quot;zip&quot;:&quot;&quot;}" latitude="37.787075403993" longitude="-122.421663714433" needs_recoding="false"/></row>