<?xml version="1.0" encoding="UTF-8"?><row _id="12629942" _uuid="9E7D704D-6F6A-4DF7-B033-EAD530FF8F94" _position="12629942" _address="http://data.sfgov.org/resource/ritf-b9ki/12629942"><incidntnum>150764386</incidntnum><category>ASSAULT</category><descript>BATTERY</descript><dayofweek>Monday</dayofweek><date>2015-08-31T00:00:00</date><time>17:10</time><pddistrict>SOUTHERN</pddistrict><resolution>ARREST, BOOKED</resolution><address>5TH ST / MISSION ST</address><x>-122.406481972743</x><y>37.7827317884887</y><location human_address="{&quot;address&quot;:&quot;&quot;,&quot;city&quot;:&quot;&quot;,&quot;state&quot;:&quot;&quot;,&quot;zip&quot;:&quot;&quot;}" latitude="37.7827317884887" longitude="-122.406481972743" needs_recoding="false"/></row>