<?xml version="1.0" encoding="UTF-8"?><row _id="12685099" _uuid="C696070F-3E96-4F27-936A-7F1EAC829154" _position="12685099" _address="http://data.sfgov.org/resource/ritf-b9ki/12685099"><incidntnum>150753414</incidntnum><category>NON-CRIMINAL</category><descript>CASE CLOSURE</descript><dayofweek>Thursday</dayofweek><date>2015-08-27T00:00:00</date><time>08:00</time><pddistrict>MISSION</pddistrict><resolution>EXCEPTIONAL CLEARANCE</resolution><address>800 Block of CAPP ST</address><x>-122.417499429971</x><y>37.753084671409</y><location human_address="{&quot;address&quot;:&quot;&quot;,&quot;city&quot;:&quot;&quot;,&quot;state&quot;:&quot;&quot;,&quot;zip&quot;:&quot;&quot;}" latitude="37.753084671409" longitude="-122.417499429971" needs_recoding="false"/></row>