<?xml version="1.0" encoding="UTF-8"?><row _id="12627783" _uuid="B20270D8-65B5-4DC8-B9DE-2380FE671307" _position="12627783" _address="http://data.sfgov.org/resource/ritf-b9ki/12627783"><incidntnum>150747025</incidntnum><category>OTHER OFFENSES</category><descript>PROBATION VIOLATION</descript><dayofweek>Wednesday</dayofweek><date>2015-08-26T00:00:00</date><time>11:17</time><pddistrict>SOUTHERN</pddistrict><resolution>ARREST, BOOKED</resolution><address>700 Block of MARKET ST</address><x>-122.404756583284</x><y>37.7864540511999</y><location human_address="{&quot;address&quot;:&quot;&quot;,&quot;city&quot;:&quot;&quot;,&quot;state&quot;:&quot;&quot;,&quot;zip&quot;:&quot;&quot;}" latitude="37.7864540511999" longitude="-122.404756583284" needs_recoding="false"/></row>