<?xml version="1.0" encoding="UTF-8"?><row _id="12644890" _uuid="799EF3E1-8255-47B6-A365-AAC58FD72732" _position="12644890" _address="http://data.sfgov.org/resource/ritf-b9ki/12644890"><incidntnum>150899858</incidntnum><category>FRAUD</category><descript>TRICK AND DEVICE, GRAND THEFT</descript><dayofweek>Friday</dayofweek><date>2015-09-18T00:00:00</date><time>12:00</time><pddistrict>CENTRAL</pddistrict><resolution>NONE</resolution><address>700 Block of POST ST</address><x>-122.41417943719</x><y>37.787502483207</y><location human_address="{&quot;address&quot;:&quot;&quot;,&quot;city&quot;:&quot;&quot;,&quot;state&quot;:&quot;&quot;,&quot;zip&quot;:&quot;&quot;}" latitude="37.787502483207" longitude="-122.41417943719" needs_recoding="false"/></row>