<?xml version="1.0" encoding="UTF-8"?><row _id="12628295" _uuid="30324AAE-7337-404F-86ED-0A77ABDC1779" _position="12628295" _address="http://data.sfgov.org/resource/ritf-b9ki/12628295"><incidntnum>150749184</incidntnum><category>NON-CRIMINAL</category><descript>AIDED CASE</descript><dayofweek>Wednesday</dayofweek><date>2015-08-26T00:00:00</date><time>21:40</time><pddistrict>BAYVIEW</pddistrict><resolution>NONE</resolution><address>200 Block of WILLIAMS AV</address><x>-122.397744427103</x><y>37.7299346936044</y><location human_address="{&quot;address&quot;:&quot;&quot;,&quot;city&quot;:&quot;&quot;,&quot;state&quot;:&quot;&quot;,&quot;zip&quot;:&quot;&quot;}" latitude="37.7299346936044" longitude="-122.397744427103" needs_recoding="false"/></row>