<?xml version="1.0" encoding="UTF-8"?><row _id="12625373" _uuid="BA591239-F427-49EB-A8A5-1423755542AB" _position="12625373" _address="http://data.sfgov.org/resource/ritf-b9ki/12625373"><incidntnum>150732775</incidntnum><category>OTHER OFFENSES</category><descript>DRIVERS LICENSE, SUSPENDED OR REVOKED</descript><dayofweek>Friday</dayofweek><date>2015-08-21T00:00:00</date><time>23:40</time><pddistrict>SOUTHERN</pddistrict><resolution>ARREST, BOOKED</resolution><address>5TH ST / MARKET ST</address><x>-122.408068345148</x><y>37.7839916768161</y><location human_address="{&quot;address&quot;:&quot;&quot;,&quot;city&quot;:&quot;&quot;,&quot;state&quot;:&quot;&quot;,&quot;zip&quot;:&quot;&quot;}" latitude="37.7839916768161" longitude="-122.408068345148" needs_recoding="false"/></row>