<?xml version="1.0" encoding="UTF-8"?><row _id="12625527" _uuid="5122298D-E859-4467-8A67-2D20D4C3B05E" _position="12625527" _address="http://data.sfgov.org/resource/ritf-b9ki/12625527"><incidntnum>150729653</incidntnum><category>ASSAULT</category><descript>AGGRAVATED ASSAULT WITH A KNIFE</descript><dayofweek>Friday</dayofweek><date>2015-08-21T00:00:00</date><time>03:50</time><pddistrict>TENDERLOIN</pddistrict><resolution>NONE</resolution><address>300 Block of ELLIS ST</address><x>-122.411965795229</x><y>37.7849141859562</y><location human_address="{&quot;address&quot;:&quot;&quot;,&quot;city&quot;:&quot;&quot;,&quot;state&quot;:&quot;&quot;,&quot;zip&quot;:&quot;&quot;}" latitude="37.7849141859562" longitude="-122.411965795229" needs_recoding="false"/></row>