<?xml version="1.0" encoding="UTF-8"?><row _id="12636748" _uuid="A57A4D77-90AB-4774-BA39-D7EE1C32AB73" _position="12636748" _address="http://data.sfgov.org/resource/ritf-b9ki/12636748"><incidntnum>150815951</incidntnum><category>LARCENY/THEFT</category><descript>PETTY THEFT OF PROPERTY</descript><dayofweek>Tuesday</dayofweek><date>2015-09-15T00:00:00</date><time>22:15</time><pddistrict>TARAVAL</pddistrict><resolution>NONE</resolution><address>1800 Block of 32ND AV</address><x>-122.490265174884</x><y>37.7526777241322</y><location human_address="{&quot;address&quot;:&quot;&quot;,&quot;city&quot;:&quot;&quot;,&quot;state&quot;:&quot;&quot;,&quot;zip&quot;:&quot;&quot;}" latitude="37.7526777241322" longitude="-122.490265174884" needs_recoding="false"/></row>