<?xml version="1.0" encoding="UTF-8"?><row _id="12631147" _uuid="715102B7-ADA0-407E-931B-527B943F0316" _position="12631147" _address="http://data.sfgov.org/resource/ritf-b9ki/12631147"><incidntnum>150772191</incidntnum><category>OTHER OFFENSES</category><descript>RESISTING ARREST</descript><dayofweek>Thursday</dayofweek><date>2015-09-03T00:00:00</date><time>03:00</time><pddistrict>TENDERLOIN</pddistrict><resolution>ARREST, BOOKED</resolution><address>200 Block of EDDY ST</address><x>-122.411778295992</x><y>37.7839805592634</y><location human_address="{&quot;address&quot;:&quot;&quot;,&quot;city&quot;:&quot;&quot;,&quot;state&quot;:&quot;&quot;,&quot;zip&quot;:&quot;&quot;}" latitude="37.7839805592634" longitude="-122.411778295992" needs_recoding="false"/></row>