<?xml version="1.0" encoding="UTF-8"?><row _id="12630335" _uuid="36BC20F8-4D5D-4D07-B8AB-A1CF7CB57D8F" _position="12630335" _address="http://data.sfgov.org/resource/ritf-b9ki/12630335"><incidntnum>150767512</incidntnum><category>DRUG/NARCOTIC</category><descript>SALE OF BASE/ROCK COCAINE</descript><dayofweek>Tuesday</dayofweek><date>2015-09-01T00:00:00</date><time>15:32</time><pddistrict>NORTHERN</pddistrict><resolution>ARREST, BOOKED</resolution><address>FILLMORE ST / TURK ST</address><x>-122.432142776025</x><y>37.780495583709</y><location human_address="{&quot;address&quot;:&quot;&quot;,&quot;city&quot;:&quot;&quot;,&quot;state&quot;:&quot;&quot;,&quot;zip&quot;:&quot;&quot;}" latitude="37.780495583709" longitude="-122.432142776025" needs_recoding="false"/></row>