<?xml version="1.0" encoding="UTF-8"?><row _id="12625350" _uuid="A481B492-8731-4F6C-B0FD-0DE4366A8A59" _position="12625350" _address="http://data.sfgov.org/resource/ritf-b9ki/12625350"><incidntnum>150731341</incidntnum><category>OTHER OFFENSES</category><descript>DRIVERS LICENSE, SUSPENDED OR REVOKED</descript><dayofweek>Friday</dayofweek><date>2015-08-21T00:00:00</date><time>16:30</time><pddistrict>NORTHERN</pddistrict><resolution>ARREST, BOOKED</resolution><address>GEARY BL / CLEARY CT</address><x>-122.426449161534</x><y>37.7851513851678</y><location human_address="{&quot;address&quot;:&quot;&quot;,&quot;city&quot;:&quot;&quot;,&quot;state&quot;:&quot;&quot;,&quot;zip&quot;:&quot;&quot;}" latitude="37.7851513851678" longitude="-122.426449161534" needs_recoding="false"/></row>