<?xml version="1.0" encoding="UTF-8"?><row _id="12627534" _uuid="C53AF557-7477-495E-875F-89E95F50A6EE" _position="12627534" _address="http://data.sfgov.org/resource/ritf-b9ki/12627534"><incidntnum>150767926</incidntnum><category>LARCENY/THEFT</category><descript>GRAND THEFT FROM A BUILDING</descript><dayofweek>Tuesday</dayofweek><date>2015-08-25T00:00:00</date><time>01:00</time><pddistrict>TARAVAL</pddistrict><resolution>NONE</resolution><address>500 Block of JOHNMUIR DR</address><x>-122.49206801734</x><y>37.7143615498756</y><location human_address="{&quot;address&quot;:&quot;&quot;,&quot;city&quot;:&quot;&quot;,&quot;state&quot;:&quot;&quot;,&quot;zip&quot;:&quot;&quot;}" latitude="37.7143615498756" longitude="-122.49206801734" needs_recoding="false"/></row>