<?xml version="1.0" encoding="UTF-8"?><row _id="12626946" _uuid="26A91C76-88F9-4C1A-A28D-093BB2139B8B" _position="12626946" _address="http://data.sfgov.org/resource/ritf-b9ki/12626946"><incidntnum>150740778</incidntnum><category>OTHER OFFENSES</category><descript>RESISTING ARREST</descript><dayofweek>Monday</dayofweek><date>2015-08-24T00:00:00</date><time>14:02</time><pddistrict>TARAVAL</pddistrict><resolution>ARREST, BOOKED</resolution><address>1600 Block of 46TH AV</address><x>-122.50566777802</x><y>37.7557412058944</y><location human_address="{&quot;address&quot;:&quot;&quot;,&quot;city&quot;:&quot;&quot;,&quot;state&quot;:&quot;&quot;,&quot;zip&quot;:&quot;&quot;}" latitude="37.7557412058944" longitude="-122.50566777802" needs_recoding="false"/></row>