<?xml version="1.0" encoding="UTF-8"?><row _id="12627859" _uuid="E08EBC9D-6063-4FEB-BACF-83EFE0C4C107" _position="12627859" _address="http://data.sfgov.org/resource/ritf-b9ki/12627859"><incidntnum>150750006</incidntnum><category>VEHICLE THEFT</category><descript>STOLEN AUTOMOBILE</descript><dayofweek>Wednesday</dayofweek><date>2015-08-26T00:00:00</date><time>18:00</time><pddistrict>NORTHERN</pddistrict><resolution>NONE</resolution><address>1300 Block of EDDY ST</address><x>-122.429851024595</x><y>37.781798795606</y><location human_address="{&quot;address&quot;:&quot;&quot;,&quot;city&quot;:&quot;&quot;,&quot;state&quot;:&quot;&quot;,&quot;zip&quot;:&quot;&quot;}" latitude="37.781798795606" longitude="-122.429851024595" needs_recoding="false"/></row>