<?xml version="1.0" encoding="UTF-8"?><row _id="12629673" _uuid="F81FA052-6A8E-441B-9ABA-19221453B313" _position="12629673" _address="http://data.sfgov.org/resource/ritf-b9ki/12629673"><incidntnum>150761843</incidntnum><category>LARCENY/THEFT</category><descript>GRAND THEFT FROM LOCKED AUTO</descript><dayofweek>Sunday</dayofweek><date>2015-08-30T00:00:00</date><time>18:30</time><pddistrict>SOUTHERN</pddistrict><resolution>NONE</resolution><address>600 Block of 3RD ST</address><x>-122.393559121228</x><y>37.7794201313347</y><location human_address="{&quot;address&quot;:&quot;&quot;,&quot;city&quot;:&quot;&quot;,&quot;state&quot;:&quot;&quot;,&quot;zip&quot;:&quot;&quot;}" latitude="37.7794201313347" longitude="-122.393559121228" needs_recoding="false"/></row>