<?xml version="1.0" encoding="UTF-8"?><row _id="12627202" _uuid="816CE18E-B429-4E07-8E31-11D12E1A4F23" _position="12627202" _address="http://data.sfgov.org/resource/ritf-b9ki/12627202"><incidntnum>150767750</incidntnum><category>OTHER OFFENSES</category><descript>OBSCENE PHONE CALLS(S)</descript><dayofweek>Monday</dayofweek><date>2015-08-24T00:00:00</date><time>01:39</time><pddistrict>NORTHERN</pddistrict><resolution>NONE</resolution><address>2000 Block of BUSH ST</address><x>-122.430995577182</x><y>37.7872796118788</y><location human_address="{&quot;address&quot;:&quot;&quot;,&quot;city&quot;:&quot;&quot;,&quot;state&quot;:&quot;&quot;,&quot;zip&quot;:&quot;&quot;}" latitude="37.7872796118788" longitude="-122.430995577182" needs_recoding="false"/></row>