<?xml version="1.0" encoding="UTF-8"?><row _id="12626598" _uuid="A69CD8DE-6636-4F1B-83BD-E85A391D09ED" _position="12626598" _address="http://data.sfgov.org/resource/ritf-b9ki/12626598"><incidntnum>150737941</incidntnum><category>OTHER OFFENSES</category><descript>FAILURE TO REGISTER AS SEX OFFENDER</descript><dayofweek>Sunday</dayofweek><date>2015-08-23T00:00:00</date><time>17:00</time><pddistrict>CENTRAL</pddistrict><resolution>ARREST, BOOKED</resolution><address>900 Block of GRANT AV</address><x>-122.40649729336</x><y>37.7956016951648</y><location human_address="{&quot;address&quot;:&quot;&quot;,&quot;city&quot;:&quot;&quot;,&quot;state&quot;:&quot;&quot;,&quot;zip&quot;:&quot;&quot;}" latitude="37.7956016951648" longitude="-122.40649729336" needs_recoding="false"/></row>