<?xml version="1.0" encoding="UTF-8"?><row _id="12629857" _uuid="BDFC3368-4FBA-4773-B389-97AFF123A7C9" _position="12629857" _address="http://data.sfgov.org/resource/ritf-b9ki/12629857"><incidntnum>150760196</incidntnum><category>NON-CRIMINAL</category><descript>CIVIL SIDEWALKS, WARNING</descript><dayofweek>Sunday</dayofweek><date>2015-08-30T00:00:00</date><time>09:45</time><pddistrict>NORTHERN</pddistrict><resolution>NONE</resolution><address>900 Block of LARKIN ST</address><x>-122.418156523953</x><y>37.7868103734135</y><location human_address="{&quot;address&quot;:&quot;&quot;,&quot;city&quot;:&quot;&quot;,&quot;state&quot;:&quot;&quot;,&quot;zip&quot;:&quot;&quot;}" latitude="37.7868103734135" longitude="-122.418156523953" needs_recoding="false"/></row>