<?xml version="1.0" encoding="UTF-8"?><row _id="12634249" _uuid="6FF7EB7A-0D64-4349-A64D-FBCB6446390A" _position="12634249" _address="http://data.sfgov.org/resource/ritf-b9ki/12634249"><incidntnum>150793476</incidntnum><category>DRUG/NARCOTIC</category><descript>POSSESSION OF NARCOTICS PARAPHERNALIA</descript><dayofweek>Thursday</dayofweek><date>2015-09-10T00:00:00</date><time>00:23</time><pddistrict>SOUTHERN</pddistrict><resolution>ARREST, BOOKED</resolution><address>1200 Block of HARRISON ST</address><x>-122.409065690706</x><y>37.773248092065</y><location human_address="{&quot;address&quot;:&quot;&quot;,&quot;city&quot;:&quot;&quot;,&quot;state&quot;:&quot;&quot;,&quot;zip&quot;:&quot;&quot;}" latitude="37.773248092065" longitude="-122.409065690706" needs_recoding="false"/></row>