<?xml version="1.0" encoding="UTF-8"?><row _id="12627011" _uuid="EE27913B-FADD-4C67-905F-605F95BE806B" _position="12627011" _address="http://data.sfgov.org/resource/ritf-b9ki/12627011"><incidntnum>150743192</incidntnum><category>BURGLARY</category><descript>BURGLARY,STORE UNDER CONSTRUCTION, FORCIBLE ENTRY</descript><dayofweek>Monday</dayofweek><date>2015-08-24T00:00:00</date><time>19:00</time><pddistrict>SOUTHERN</pddistrict><resolution>NONE</resolution><address>800 Block of BRANNAN ST</address><x>-122.404385042303</x><y>37.7721958190345</y><location human_address="{&quot;address&quot;:&quot;&quot;,&quot;city&quot;:&quot;&quot;,&quot;state&quot;:&quot;&quot;,&quot;zip&quot;:&quot;&quot;}" latitude="37.7721958190345" longitude="-122.404385042303" needs_recoding="false"/></row>