<?xml version="1.0" encoding="UTF-8"?><row _id="12628162" _uuid="00CF363C-366C-4E8D-973D-972CD5A5A708" _position="12628162" _address="http://data.sfgov.org/resource/ritf-b9ki/12628162"><incidntnum>150750959</incidntnum><category>ASSAULT</category><descript>BATTERY</descript><dayofweek>Thursday</dayofweek><date>2015-08-27T00:00:00</date><time>10:44</time><pddistrict>TENDERLOIN</pddistrict><resolution>NONE</resolution><address>100 Block of POWELL ST</address><x>-122.40801449292</x><y>37.7859507767613</y><location human_address="{&quot;address&quot;:&quot;&quot;,&quot;city&quot;:&quot;&quot;,&quot;state&quot;:&quot;&quot;,&quot;zip&quot;:&quot;&quot;}" latitude="37.7859507767613" longitude="-122.40801449292" needs_recoding="false"/></row>