<?xml version="1.0" encoding="UTF-8"?><row _id="12625792" _uuid="8FE6DDF0-961F-424C-BDFB-105E59C7BF8E" _position="12625792" _address="http://data.sfgov.org/resource/ritf-b9ki/12625792"><incidntnum>150732446</incidntnum><category>VEHICLE THEFT</category><descript>STOLEN AUTOMOBILE</descript><dayofweek>Friday</dayofweek><date>2015-08-21T00:00:00</date><time>18:00</time><pddistrict>CENTRAL</pddistrict><resolution>NONE</resolution><address>700 Block of BAY ST</address><x>-122.419381099647</x><y>37.8049469154449</y><location human_address="{&quot;address&quot;:&quot;&quot;,&quot;city&quot;:&quot;&quot;,&quot;state&quot;:&quot;&quot;,&quot;zip&quot;:&quot;&quot;}" latitude="37.8049469154449" longitude="-122.419381099647" needs_recoding="false"/></row>