<?xml version="1.0" encoding="UTF-8"?><row _id="12626865" _uuid="8C95B550-7036-4537-9F18-8D502F8334B7" _position="12626865" _address="http://data.sfgov.org/resource/ritf-b9ki/12626865"><incidntnum>150744162</incidntnum><category>ASSAULT</category><descript>THREATS AGAINST LIFE</descript><dayofweek>Monday</dayofweek><date>2015-08-24T00:00:00</date><time>17:15</time><pddistrict>MISSION</pddistrict><resolution>NONE</resolution><address>SAN BRUNO AV / 17TH ST</address><x>-122.40546657618</x><y>37.7646048756593</y><location human_address="{&quot;address&quot;:&quot;&quot;,&quot;city&quot;:&quot;&quot;,&quot;state&quot;:&quot;&quot;,&quot;zip&quot;:&quot;&quot;}" latitude="37.7646048756593" longitude="-122.40546657618" needs_recoding="false"/></row>