<?xml version="1.0" encoding="UTF-8"?><row _id="12628989" _uuid="CD786D5E-38ED-4252-B4F3-859D8777BCBA" _position="12628989" _address="http://data.sfgov.org/resource/ritf-b9ki/12628989"><incidntnum>150756769</incidntnum><category>OTHER OFFENSES</category><descript>DRIVERS LICENSE, SUSPENDED OR REVOKED</descript><dayofweek>Saturday</dayofweek><date>2015-08-29T00:00:00</date><time>08:26</time><pddistrict>MISSION</pddistrict><resolution>ARREST, BOOKED</resolution><address>25TH ST / DOLORES ST</address><x>-122.425000653217</x><y>37.7502341874704</y><location human_address="{&quot;address&quot;:&quot;&quot;,&quot;city&quot;:&quot;&quot;,&quot;state&quot;:&quot;&quot;,&quot;zip&quot;:&quot;&quot;}" latitude="37.7502341874704" longitude="-122.425000653217" needs_recoding="false"/></row>