<?xml version="1.0" encoding="UTF-8"?><row _id="12627699" _uuid="AAEE2767-863D-4F2B-A548-584FB912D9D3" _position="12627699" _address="http://data.sfgov.org/resource/ritf-b9ki/12627699"><incidntnum>150748114</incidntnum><category>OTHER OFFENSES</category><descript>DRIVERS LICENSE, SUSPENDED OR REVOKED</descript><dayofweek>Wednesday</dayofweek><date>2015-08-26T00:00:00</date><time>04:59</time><pddistrict>NORTHERN</pddistrict><resolution>ARREST, BOOKED</resolution><address>WEBSTER ST / OFARRELL ST</address><x>-122.430992409047</x><y>37.7835058263734</y><location human_address="{&quot;address&quot;:&quot;&quot;,&quot;city&quot;:&quot;&quot;,&quot;state&quot;:&quot;&quot;,&quot;zip&quot;:&quot;&quot;}" latitude="37.7835058263734" longitude="-122.430992409047" needs_recoding="false"/></row>