<?xml version="1.0" encoding="UTF-8"?><row _id="12626054" _uuid="B5788837-5FBE-4053-9DFF-A15E601B0810" _position="12626054" _address="http://data.sfgov.org/resource/ritf-b9ki/12626054"><incidntnum>150735058</incidntnum><category>OTHER OFFENSES</category><descript>CONSPIRACY</descript><dayofweek>Saturday</dayofweek><date>2015-08-22T00:00:00</date><time>17:02</time><pddistrict>CENTRAL</pddistrict><resolution>NONE</resolution><address>1000 Block of HYDE ST</address><x>-122.417368206741</x><y>37.7905094151595</y><location human_address="{&quot;address&quot;:&quot;&quot;,&quot;city&quot;:&quot;&quot;,&quot;state&quot;:&quot;&quot;,&quot;zip&quot;:&quot;&quot;}" latitude="37.7905094151595" longitude="-122.417368206741" needs_recoding="false"/></row>