<?xml version="1.0" encoding="UTF-8"?><row _id="12628185" _uuid="147E01F0-3285-4731-8D56-5AFD24580F1D" _position="12628185" _address="http://data.sfgov.org/resource/ritf-b9ki/12628185"><incidntnum>150752632</incidntnum><category>WARRANTS</category><descript>ENROUTE TO OUTSIDE JURISDICTION</descript><dayofweek>Thursday</dayofweek><date>2015-08-27T00:00:00</date><time>23:09</time><pddistrict>SOUTHERN</pddistrict><resolution>ARREST, BOOKED</resolution><address>200 Block of 4TH ST</address><x>-122.402234813764</x><y>37.7828041610709</y><location human_address="{&quot;address&quot;:&quot;&quot;,&quot;city&quot;:&quot;&quot;,&quot;state&quot;:&quot;&quot;,&quot;zip&quot;:&quot;&quot;}" latitude="37.7828041610709" longitude="-122.402234813764" needs_recoding="false"/></row>