<?xml version="1.0" encoding="UTF-8"?><row _id="12629488" _uuid="7A1ADB72-CE27-4EB0-8FD8-BEA06293BEB4" _position="12629488" _address="http://data.sfgov.org/resource/ritf-b9ki/12629488"><incidntnum>150760873</incidntnum><category>OTHER OFFENSES</category><descript>TRAFFIC VIOLATION ARREST</descript><dayofweek>Sunday</dayofweek><date>2015-08-30T00:00:00</date><time>15:35</time><pddistrict>SOUTHERN</pddistrict><resolution>ARREST, BOOKED</resolution><address>2ND ST / TOWNSEND ST</address><x>-122.390531404145</x><y>37.7806070798477</y><location human_address="{&quot;address&quot;:&quot;&quot;,&quot;city&quot;:&quot;&quot;,&quot;state&quot;:&quot;&quot;,&quot;zip&quot;:&quot;&quot;}" latitude="37.7806070798477" longitude="-122.390531404145" needs_recoding="false"/></row>