<?xml version="1.0" encoding="UTF-8"?><row _id="12621197" _uuid="F2370731-83D5-407B-9945-9FD0590EE9F7" _position="12621197" _address="http://data.sfgov.org/resource/ritf-b9ki/12621197"><incidntnum>150728003</incidntnum><category>LARCENY/THEFT</category><descript>GRAND THEFT FROM PERSON</descript><dayofweek>Thursday</dayofweek><date>2015-08-20T00:00:00</date><time>15:10</time><pddistrict>BAYVIEW</pddistrict><resolution>NONE</resolution><address>SAN BRUNO AV / BACON ST</address><x>-122.403595293514</x><y>37.7276340992506</y><location human_address="{&quot;address&quot;:&quot;&quot;,&quot;city&quot;:&quot;&quot;,&quot;state&quot;:&quot;&quot;,&quot;zip&quot;:&quot;&quot;}" latitude="37.7276340992506" longitude="-122.403595293514" needs_recoding="false"/></row>