<?xml version="1.0" encoding="UTF-8"?><row _id="12621101" _uuid="4143383C-7A1D-474C-89CC-CED1BFC14E72" _position="12621101" _address="http://data.sfgov.org/resource/ritf-b9ki/12621101"><incidntnum>150728906</incidntnum><category>OTHER OFFENSES</category><descript>MISCELLANEOUS INVESTIGATION</descript><dayofweek>Thursday</dayofweek><date>2015-08-20T00:00:00</date><time>19:09</time><pddistrict>TARAVAL</pddistrict><resolution>NONE</resolution><address>PORTOLA DR / SANLORENZO WY</address><x>-122.464050361806</x><y>37.739964501588</y><location human_address="{&quot;address&quot;:&quot;&quot;,&quot;city&quot;:&quot;&quot;,&quot;state&quot;:&quot;&quot;,&quot;zip&quot;:&quot;&quot;}" latitude="37.739964501588" longitude="-122.464050361806" needs_recoding="false"/></row>