<?xml version="1.0" encoding="UTF-8"?><row _id="12626893" _uuid="CF781140-0442-4E04-BD31-18D40B2E4697" _position="12626893" _address="http://data.sfgov.org/resource/ritf-b9ki/12626893"><incidntnum>150739323</incidntnum><category>WARRANTS</category><descript>WARRANT ARREST</descript><dayofweek>Monday</dayofweek><date>2015-08-24T00:00:00</date><time>04:46</time><pddistrict>SOUTHERN</pddistrict><resolution>ARREST, BOOKED</resolution><address>10TH ST / HOWARD ST</address><x>-122.414370627495</x><y>37.7740418385041</y><location human_address="{&quot;address&quot;:&quot;&quot;,&quot;city&quot;:&quot;&quot;,&quot;state&quot;:&quot;&quot;,&quot;zip&quot;:&quot;&quot;}" latitude="37.7740418385041" longitude="-122.414370627495" needs_recoding="false"/></row>