<?xml version="1.0" encoding="UTF-8"?><row _id="12628491" _uuid="35469790-C986-46E4-8608-C7865C90A827" _position="12628491" _address="http://data.sfgov.org/resource/ritf-b9ki/12628491"><incidntnum>156213874</incidntnum><category>LARCENY/THEFT</category><descript>GRAND THEFT FROM LOCKED AUTO</descript><dayofweek>Friday</dayofweek><date>2015-08-28T00:00:00</date><time>22:30</time><pddistrict>CENTRAL</pddistrict><resolution>NONE</resolution><address>SANSOME ST / BROADWAY ST</address><x>-122.402232454222</x><y>37.7984302773598</y><location human_address="{&quot;address&quot;:&quot;&quot;,&quot;city&quot;:&quot;&quot;,&quot;state&quot;:&quot;&quot;,&quot;zip&quot;:&quot;&quot;}" latitude="37.7984302773598" longitude="-122.402232454222" needs_recoding="false"/></row>