<?xml version="1.0" encoding="UTF-8"?><row _id="12626354" _uuid="59D02F91-B863-408A-8E07-DCA9EAF99A7C" _position="12626354" _address="http://data.sfgov.org/resource/ritf-b9ki/12626354"><incidntnum>150738927</incidntnum><category>SECONDARY CODES</category><descript>DOMESTIC VIOLENCE</descript><dayofweek>Sunday</dayofweek><date>2015-08-23T00:00:00</date><time>22:58</time><pddistrict>INGLESIDE</pddistrict><resolution>NONE</resolution><address>GENEVA AV / SANTOS ST</address><x>-122.420084075242</x><y>37.7083109744591</y><location human_address="{&quot;address&quot;:&quot;&quot;,&quot;city&quot;:&quot;&quot;,&quot;state&quot;:&quot;&quot;,&quot;zip&quot;:&quot;&quot;}" latitude="37.7083109744591" longitude="-122.420084075242" needs_recoding="false"/></row>