<?xml version="1.0" encoding="UTF-8"?><row _id="12627992" _uuid="5A40785B-6BD0-4F77-9D31-24387B6838FC" _position="12627992" _address="http://data.sfgov.org/resource/ritf-b9ki/12627992"><incidntnum>150747100</incidntnum><category>NON-CRIMINAL</category><descript>LICENSE PLATE, FOUND</descript><dayofweek>Wednesday</dayofweek><date>2015-08-26T00:00:00</date><time>09:32</time><pddistrict>NORTHERN</pddistrict><resolution>NONE</resolution><address>900 Block of HAYES ST</address><x>-122.432018826546</x><y>37.7756739897587</y><location human_address="{&quot;address&quot;:&quot;&quot;,&quot;city&quot;:&quot;&quot;,&quot;state&quot;:&quot;&quot;,&quot;zip&quot;:&quot;&quot;}" latitude="37.7756739897587" longitude="-122.432018826546" needs_recoding="false"/></row>