<?xml version="1.0" encoding="UTF-8"?><row _id="12625570" _uuid="0413FAA6-9D67-4781-A0D2-E0D75C8BC870" _position="12625570" _address="http://data.sfgov.org/resource/ritf-b9ki/12625570"><incidntnum>150731539</incidntnum><category>BURGLARY</category><descript>BURGLARY OF APARTMENT HOUSE, FORCIBLE ENTRY</descript><dayofweek>Friday</dayofweek><date>2015-08-21T00:00:00</date><time>12:50</time><pddistrict>BAYVIEW</pddistrict><resolution>NONE</resolution><address>100 Block of CHANNEL ST</address><x>-122.390753273663</x><y>37.7743792347808</y><location human_address="{&quot;address&quot;:&quot;&quot;,&quot;city&quot;:&quot;&quot;,&quot;state&quot;:&quot;&quot;,&quot;zip&quot;:&quot;&quot;}" latitude="37.7743792347808" longitude="-122.390753273663" needs_recoding="false"/></row>