<?xml version="1.0" encoding="UTF-8"?><row _id="12661321" _uuid="B36F28BC-74B7-4E3D-8552-7F6C5B11DDE3" _position="12661321" _address="http://data.sfgov.org/resource/ritf-b9ki/12661321"><incidntnum>150728207</incidntnum><category>WARRANTS</category><descript>WARRANT ARREST</descript><dayofweek>Thursday</dayofweek><date>2015-08-20T00:00:00</date><time>15:40</time><pddistrict>SOUTHERN</pddistrict><resolution>ARREST, BOOKED</resolution><address>MARKET ST / VANNESS AV</address><x>-122.419257894814</x><y>37.7751462916539</y><location human_address="{&quot;address&quot;:&quot;&quot;,&quot;city&quot;:&quot;&quot;,&quot;state&quot;:&quot;&quot;,&quot;zip&quot;:&quot;&quot;}" latitude="37.7751462916539" longitude="-122.419257894814" needs_recoding="false"/></row>