<?xml version="1.0" encoding="UTF-8"?><row _id="12631387" _uuid="8506155C-AB3F-4639-BFFC-522CC0C4623E" _position="12631387" _address="http://data.sfgov.org/resource/ritf-b9ki/12631387"><incidntnum>150792804</incidntnum><category>BURGLARY</category><descript>BURGLARY, UNLAWFUL ENTRY</descript><dayofweek>Thursday</dayofweek><date>2015-08-27T00:00:00</date><time>12:00</time><pddistrict>MISSION</pddistrict><resolution>NONE</resolution><address>3600 Block of 18TH ST</address><x>-122.424428783933</x><y>37.7614723538336</y><location human_address="{&quot;address&quot;:&quot;&quot;,&quot;city&quot;:&quot;&quot;,&quot;state&quot;:&quot;&quot;,&quot;zip&quot;:&quot;&quot;}" latitude="37.7614723538336" longitude="-122.424428783933" needs_recoding="false"/></row>