<?xml version="1.0" encoding="UTF-8"?><row _id="12628740" _uuid="20108901-CE4C-4425-8307-7B45A42B767B" _position="12628740" _address="http://data.sfgov.org/resource/ritf-b9ki/12628740"><incidntnum>150756270</incidntnum><category>RUNAWAY</category><descript>RUNAWAY</descript><dayofweek>Friday</dayofweek><date>2015-08-28T00:00:00</date><time>13:00</time><pddistrict>PARK</pddistrict><resolution>NONE</resolution><address>500 Block of CENTRAL AV</address><x>-122.444432207954</x><y>37.7746354223627</y><location human_address="{&quot;address&quot;:&quot;&quot;,&quot;city&quot;:&quot;&quot;,&quot;state&quot;:&quot;&quot;,&quot;zip&quot;:&quot;&quot;}" latitude="37.7746354223627" longitude="-122.444432207954" needs_recoding="false"/></row>