<?xml version="1.0" encoding="UTF-8"?><row _id="12626172" _uuid="BA7B26DA-4BD1-48EB-BE50-0F548657B4BC" _position="12626172" _address="http://data.sfgov.org/resource/ritf-b9ki/12626172"><incidntnum>150749275</incidntnum><category>NON-CRIMINAL</category><descript>FOUND PROPERTY</descript><dayofweek>Saturday</dayofweek><date>2015-08-22T00:00:00</date><time>00:01</time><pddistrict>BAYVIEW</pddistrict><resolution>NONE</resolution><address>1200 Block of 3RD ST</address><x>-122.389517648036</x><y>37.7724682400061</y><location human_address="{&quot;address&quot;:&quot;&quot;,&quot;city&quot;:&quot;&quot;,&quot;state&quot;:&quot;&quot;,&quot;zip&quot;:&quot;&quot;}" latitude="37.7724682400061" longitude="-122.389517648036" needs_recoding="false"/></row>