<?xml version="1.0" encoding="UTF-8"?><row _id="12631018" _uuid="D19D9695-3C95-49CC-B508-945C2AB6AC54" _position="12631018" _address="http://data.sfgov.org/resource/ritf-b9ki/12631018"><incidntnum>150772066</incidntnum><category>OTHER OFFENSES</category><descript>DRIVERS LICENSE, SUSPENDED OR REVOKED</descript><dayofweek>Thursday</dayofweek><date>2015-09-03T00:00:00</date><time>01:52</time><pddistrict>MISSION</pddistrict><resolution>ARREST, BOOKED</resolution><address>CAPP ST / 21ST ST</address><x>-122.417812558787</x><y>37.7571005796428</y><location human_address="{&quot;address&quot;:&quot;&quot;,&quot;city&quot;:&quot;&quot;,&quot;state&quot;:&quot;&quot;,&quot;zip&quot;:&quot;&quot;}" latitude="37.7571005796428" longitude="-122.417812558787" needs_recoding="false"/></row>