<?xml version="1.0" encoding="UTF-8"?><row _id="12625936" _uuid="B6EF9F25-3EEC-451F-ABF8-8272CB78115B" _position="12625936" _address="http://data.sfgov.org/resource/ritf-b9ki/12625936"><incidntnum>150735848</incidntnum><category>LARCENY/THEFT</category><descript>PETTY THEFT FROM LOCKED AUTO</descript><dayofweek>Saturday</dayofweek><date>2015-08-22T00:00:00</date><time>22:20</time><pddistrict>NORTHERN</pddistrict><resolution>NONE</resolution><address>VANNESS AV / PINE ST</address><x>-122.422139511488</x><y>37.7894107633457</y><location human_address="{&quot;address&quot;:&quot;&quot;,&quot;city&quot;:&quot;&quot;,&quot;state&quot;:&quot;&quot;,&quot;zip&quot;:&quot;&quot;}" latitude="37.7894107633457" longitude="-122.422139511488" needs_recoding="false"/></row>