<?xml version="1.0" encoding="UTF-8"?><row _id="12627132" _uuid="78CEFC77-323E-4EBE-B93D-A8ABDB889FF2" _position="12627132" _address="http://data.sfgov.org/resource/ritf-b9ki/12627132"><incidntnum>150743346</incidntnum><category>BURGLARY</category><descript>BURGLARY,STORE UNDER CONSTRUCTION, FORCIBLE ENTRY</descript><dayofweek>Monday</dayofweek><date>2015-08-24T00:00:00</date><time>22:00</time><pddistrict>INGLESIDE</pddistrict><resolution>NONE</resolution><address>700 Block of MONTEREY BL</address><x>-122.452300379153</x><y>37.731623796098</y><location human_address="{&quot;address&quot;:&quot;&quot;,&quot;city&quot;:&quot;&quot;,&quot;state&quot;:&quot;&quot;,&quot;zip&quot;:&quot;&quot;}" latitude="37.731623796098" longitude="-122.452300379153" needs_recoding="false"/></row>