<?xml version="1.0" encoding="UTF-8"?><row _id="12629946" _uuid="C6C479A3-9DFA-4283-9213-D13C6135AFC3" _position="12629946" _address="http://data.sfgov.org/resource/ritf-b9ki/12629946"><incidntnum>150764819</incidntnum><category>NON-CRIMINAL</category><descript>LOST PROPERTY</descript><dayofweek>Monday</dayofweek><date>2015-08-31T00:00:00</date><time>16:45</time><pddistrict>NORTHERN</pddistrict><resolution>NONE</resolution><address>STEINER ST / GEARY BL</address><x>-122.4345637373</x><y>37.7841504915887</y><location human_address="{&quot;address&quot;:&quot;&quot;,&quot;city&quot;:&quot;&quot;,&quot;state&quot;:&quot;&quot;,&quot;zip&quot;:&quot;&quot;}" latitude="37.7841504915887" longitude="-122.4345637373" needs_recoding="false"/></row>