<?xml version="1.0" encoding="UTF-8"?><row _id="12626987" _uuid="F7BBE7CE-E105-4F2C-83E1-D17DE74219C9" _position="12626987" _address="http://data.sfgov.org/resource/ritf-b9ki/12626987"><incidntnum>150741594</incidntnum><category>BURGLARY</category><descript>BURGLARY OF STORE, UNLAWFUL ENTRY</descript><dayofweek>Monday</dayofweek><date>2015-08-24T00:00:00</date><time>16:03</time><pddistrict>TENDERLOIN</pddistrict><resolution>ARREST, BOOKED</resolution><address>100 Block of STOCKTON ST</address><x>-122.40642786236</x><y>37.78710945429</y><location human_address="{&quot;address&quot;:&quot;&quot;,&quot;city&quot;:&quot;&quot;,&quot;state&quot;:&quot;&quot;,&quot;zip&quot;:&quot;&quot;}" latitude="37.78710945429" longitude="-122.40642786236" needs_recoding="false"/></row>