<?xml version="1.0" encoding="UTF-8"?><row _id="12632932" _uuid="062F5D03-7BC3-4595-A583-EE25A9CC450D" _position="12632932" _address="http://data.sfgov.org/resource/ritf-b9ki/12632932"><incidntnum>150784469</incidntnum><category>OTHER OFFENSES</category><descript>DRIVERS LICENSE, SUSPENDED OR REVOKED</descript><dayofweek>Monday</dayofweek><date>2015-09-07T00:00:00</date><time>08:01</time><pddistrict>NORTHERN</pddistrict><resolution>ARREST, CITED</resolution><address>LAGUNA ST / FILBERT ST</address><x>-122.430749244465</x><y>37.7986480557575</y><location human_address="{&quot;address&quot;:&quot;&quot;,&quot;city&quot;:&quot;&quot;,&quot;state&quot;:&quot;&quot;,&quot;zip&quot;:&quot;&quot;}" latitude="37.7986480557575" longitude="-122.430749244465" needs_recoding="false"/></row>