<?xml version="1.0" encoding="UTF-8"?><row _id="12625879" _uuid="C2504801-BC33-4DAB-ACA1-46C565B56017" _position="12625879" _address="http://data.sfgov.org/resource/ritf-b9ki/12625879"><incidntnum>150733024</incidntnum><category>VANDALISM</category><descript>MALICIOUS MISCHIEF, VANDALISM</descript><dayofweek>Saturday</dayofweek><date>2015-08-22T00:00:00</date><time>00:54</time><pddistrict>MISSION</pddistrict><resolution>NONE</resolution><address>ALAMEDA ST / POTRERO AV</address><x>-122.407815467597</x><y>37.7683548732689</y><location human_address="{&quot;address&quot;:&quot;&quot;,&quot;city&quot;:&quot;&quot;,&quot;state&quot;:&quot;&quot;,&quot;zip&quot;:&quot;&quot;}" latitude="37.7683548732689" longitude="-122.407815467597" needs_recoding="false"/></row>