<?xml version="1.0" encoding="UTF-8"?><row _id="12627596" _uuid="8FCD3253-0E74-4358-9FF4-23EF4310AAFE" _position="12627596" _address="http://data.sfgov.org/resource/ritf-b9ki/12627596"><incidntnum>150745546</incidntnum><category>ASSAULT</category><descript>FALSE IMPRISONMENT</descript><dayofweek>Tuesday</dayofweek><date>2015-08-25T00:00:00</date><time>20:15</time><pddistrict>TENDERLOIN</pddistrict><resolution>NONE</resolution><address>300 Block of ELLIS ST</address><x>-122.411987643595</x><y>37.7850226622786</y><location human_address="{&quot;address&quot;:&quot;&quot;,&quot;city&quot;:&quot;&quot;,&quot;state&quot;:&quot;&quot;,&quot;zip&quot;:&quot;&quot;}" latitude="37.7850226622786" longitude="-122.411987643595" needs_recoding="false"/></row>