<?xml version="1.0" encoding="UTF-8"?><row _id="12626182" _uuid="4E1C7F7A-0460-4C37-BB25-56C85C284F8F" _position="12626182" _address="http://data.sfgov.org/resource/ritf-b9ki/12626182"><incidntnum>150730224</incidntnum><category>BURGLARY</category><descript>BURGLARY OF STORE, FORCIBLE ENTRY</descript><dayofweek>Thursday</dayofweek><date>2015-08-20T00:00:00</date><time>20:00</time><pddistrict>BAYVIEW</pddistrict><resolution>NONE</resolution><address>2700 Block of SAN BRUNO AV</address><x>-122.403277115529</x><y>37.7270392302138</y><location human_address="{&quot;address&quot;:&quot;&quot;,&quot;city&quot;:&quot;&quot;,&quot;state&quot;:&quot;&quot;,&quot;zip&quot;:&quot;&quot;}" latitude="37.7270392302138" longitude="-122.403277115529" needs_recoding="false"/></row>