<?xml version="1.0" encoding="UTF-8"?><row _id="12632090" _uuid="EC6AB4D4-8F7D-4291-8ABD-4D82B243EE93" _position="12632090" _address="http://data.sfgov.org/resource/ritf-b9ki/12632090"><incidntnum>150779921</incidntnum><category>DRIVING UNDER THE INFLUENCE</category><descript>DRIVING WHILE UNDER THE INFLUENCE OF DRUGS</descript><dayofweek>Saturday</dayofweek><date>2015-09-05T00:00:00</date><time>12:50</time><pddistrict>CENTRAL</pddistrict><resolution>ARREST, BOOKED</resolution><address>800 Block of SANSOME ST</address><x>-122.402068272323</x><y>37.7979849241157</y><location human_address="{&quot;address&quot;:&quot;&quot;,&quot;city&quot;:&quot;&quot;,&quot;state&quot;:&quot;&quot;,&quot;zip&quot;:&quot;&quot;}" latitude="37.7979849241157" longitude="-122.402068272323" needs_recoding="false"/></row>