<?xml version="1.0" encoding="UTF-8"?><row _id="12626483" _uuid="32F734AB-777B-4858-ADA7-1F7A57B2A1C1" _position="12626483" _address="http://data.sfgov.org/resource/ritf-b9ki/12626483"><incidntnum>150738080</incidntnum><category>FORGERY/COUNTERFEITING</category><descript>MONEY, CHANGING FACE AMOUNT</descript><dayofweek>Sunday</dayofweek><date>2015-08-23T00:00:00</date><time>16:30</time><pddistrict>CENTRAL</pddistrict><resolution>UNFOUNDED</resolution><address>1600 Block of THE EMBARCADERONORTH ST</address><x>-122.410774214375</x><y>37.8084350175869</y><location human_address="{&quot;address&quot;:&quot;&quot;,&quot;city&quot;:&quot;&quot;,&quot;state&quot;:&quot;&quot;,&quot;zip&quot;:&quot;&quot;}" latitude="37.8084350175869" longitude="-122.410774214375" needs_recoding="false"/></row>