<?xml version="1.0" encoding="UTF-8"?><row _id="12627362" _uuid="8958DBC0-C2B8-4AA0-ACEF-640438B2E947" _position="12627362" _address="http://data.sfgov.org/resource/ritf-b9ki/12627362"><incidntnum>150754939</incidntnum><category>OTHER OFFENSES</category><descript>LOST/STOLEN LICENSE PLATE</descript><dayofweek>Tuesday</dayofweek><date>2015-08-25T00:00:00</date><time>20:00</time><pddistrict>BAYVIEW</pddistrict><resolution>NONE</resolution><address>GARLINGTON CT / LASALLE AV</address><x>-122.384282560636</x><y>37.7326527874033</y><location human_address="{&quot;address&quot;:&quot;&quot;,&quot;city&quot;:&quot;&quot;,&quot;state&quot;:&quot;&quot;,&quot;zip&quot;:&quot;&quot;}" latitude="37.7326527874033" longitude="-122.384282560636" needs_recoding="false"/></row>