<?xml version="1.0" encoding="UTF-8"?><row _id="12628081" _uuid="EE476320-09B0-4055-9398-229F5C91B0DD" _position="12628081" _address="http://data.sfgov.org/resource/ritf-b9ki/12628081"><incidntnum>150751929</incidntnum><category>VANDALISM</category><descript>MALICIOUS MISCHIEF, STREET CARS/BUSES</descript><dayofweek>Thursday</dayofweek><date>2015-08-27T00:00:00</date><time>18:55</time><pddistrict>BAYVIEW</pddistrict><resolution>ARREST, BOOKED</resolution><address>3RD ST / PALOU AV</address><x>-122.390971734551</x><y>37.7340152180723</y><location human_address="{&quot;address&quot;:&quot;&quot;,&quot;city&quot;:&quot;&quot;,&quot;state&quot;:&quot;&quot;,&quot;zip&quot;:&quot;&quot;}" latitude="37.7340152180723" longitude="-122.390971734551" needs_recoding="false"/></row>