<?xml version="1.0" encoding="UTF-8"?><row _id="12629771" _uuid="8F87FF7A-0EFB-47A7-84C0-32CB8D5A4659" _position="12629771" _address="http://data.sfgov.org/resource/ritf-b9ki/12629771"><incidntnum>150762205</incidntnum><category>NON-CRIMINAL</category><descript>AIDED CASE, MENTAL DISTURBED</descript><dayofweek>Sunday</dayofweek><date>2015-08-30T00:00:00</date><time>23:05</time><pddistrict>INGLESIDE</pddistrict><resolution>NONE</resolution><address>0 Block of SANJUAN AV</address><x>-122.43622001281</x><y>37.7243766140428</y><location human_address="{&quot;address&quot;:&quot;&quot;,&quot;city&quot;:&quot;&quot;,&quot;state&quot;:&quot;&quot;,&quot;zip&quot;:&quot;&quot;}" latitude="37.7243766140428" longitude="-122.43622001281" needs_recoding="false"/></row>