<?xml version="1.0" encoding="UTF-8"?><row _id="12638115" _uuid="699EED5B-267D-49F6-B2E8-47F57C595B5A" _position="12638115" _address="http://data.sfgov.org/resource/ritf-b9ki/12638115"><incidntnum>150841451</incidntnum><category>OTHER OFFENSES</category><descript>FALSE PERSONATION TO RECEIVE MONEY OR PROPERTY</descript><dayofweek>Friday</dayofweek><date>2015-08-28T00:00:00</date><time>12:00</time><pddistrict>CENTRAL</pddistrict><resolution>NONE</resolution><address>800 Block of PINE ST</address><x>-122.409804474418</x><y>37.7909286115977</y><location human_address="{&quot;address&quot;:&quot;&quot;,&quot;city&quot;:&quot;&quot;,&quot;state&quot;:&quot;&quot;,&quot;zip&quot;:&quot;&quot;}" latitude="37.7909286115977" longitude="-122.409804474418" needs_recoding="false"/></row>