<?xml version="1.0" encoding="UTF-8"?><row _id="12626962" _uuid="7B1A08D5-17D2-4651-BA90-F8277A47D043" _position="12626962" _address="http://data.sfgov.org/resource/ritf-b9ki/12626962"><incidntnum>150739232</incidntnum><category>SUSPICIOUS OCC</category><descript>SUSPICIOUS OCCURRENCE</descript><dayofweek>Monday</dayofweek><date>2015-08-24T00:00:00</date><time>01:50</time><pddistrict>TARAVAL</pddistrict><resolution>NONE</resolution><address>1100 Block of OCEAN AV</address><x>-122.454598859175</x><y>37.7236442721138</y><location human_address="{&quot;address&quot;:&quot;&quot;,&quot;city&quot;:&quot;&quot;,&quot;state&quot;:&quot;&quot;,&quot;zip&quot;:&quot;&quot;}" latitude="37.7236442721138" longitude="-122.454598859175" needs_recoding="false"/></row>