<?xml version="1.0" encoding="UTF-8"?><row _id="12624037" _uuid="65135C14-B953-4B12-A4F9-4BA8A460596C" _position="12624037" _address="http://data.sfgov.org/resource/ritf-b9ki/12624037"><incidntnum>150730503</incidntnum><category>TRESPASS</category><descript>TRESPASSING</descript><dayofweek>Thursday</dayofweek><date>2015-08-20T00:00:00</date><time>19:57</time><pddistrict>TARAVAL</pddistrict><resolution>NONE</resolution><address>1800 Block of IRVING ST</address><x>-122.477688390309</x><y>37.7634818583094</y><location human_address="{&quot;address&quot;:&quot;&quot;,&quot;city&quot;:&quot;&quot;,&quot;state&quot;:&quot;&quot;,&quot;zip&quot;:&quot;&quot;}" latitude="37.7634818583094" longitude="-122.477688390309" needs_recoding="false"/></row>