<?xml version="1.0" encoding="UTF-8"?><row _id="12626722" _uuid="002981CF-1680-4CDC-BC59-154F3491C31C" _position="12626722" _address="http://data.sfgov.org/resource/ritf-b9ki/12626722"><incidntnum>156208308</incidntnum><category>LARCENY/THEFT</category><descript>GRAND THEFT FROM LOCKED AUTO</descript><dayofweek>Sunday</dayofweek><date>2015-08-23T00:00:00</date><time>09:00</time><pddistrict>SOUTHERN</pddistrict><resolution>NONE</resolution><address>0 Block of JACK LONDON AL</address><x>-122.393714617616</x><y>37.7813115123331</y><location human_address="{&quot;address&quot;:&quot;&quot;,&quot;city&quot;:&quot;&quot;,&quot;state&quot;:&quot;&quot;,&quot;zip&quot;:&quot;&quot;}" latitude="37.7813115123331" longitude="-122.393714617616" needs_recoding="false"/></row>