<?xml version="1.0" encoding="UTF-8"?><row _id="12625865" _uuid="D63E3546-3A93-4594-B97F-DC8BD1CB2CA1" _position="12625865" _address="http://data.sfgov.org/resource/ritf-b9ki/12625865"><incidntnum>150734997</incidntnum><category>GAMBLING</category><descript>GAMBLING</descript><dayofweek>Saturday</dayofweek><date>2015-08-22T00:00:00</date><time>17:12</time><pddistrict>NORTHERN</pddistrict><resolution>ARREST, BOOKED</resolution><address>FERN ST / POLK ST</address><x>-122.420211964949</x><y>37.7882225424263</y><location human_address="{&quot;address&quot;:&quot;&quot;,&quot;city&quot;:&quot;&quot;,&quot;state&quot;:&quot;&quot;,&quot;zip&quot;:&quot;&quot;}" latitude="37.7882225424263" longitude="-122.420211964949" needs_recoding="false"/></row>