<?xml version="1.0" encoding="UTF-8"?><row _id="12626387" _uuid="8E373773-23C4-4522-8B86-E1B2ED98EE3A" _position="12626387" _address="http://data.sfgov.org/resource/ritf-b9ki/12626387"><incidntnum>150740405</incidntnum><category>VANDALISM</category><descript>MALICIOUS MISCHIEF, VANDALISM OF VEHICLES</descript><dayofweek>Sunday</dayofweek><date>2015-08-23T00:00:00</date><time>15:00</time><pddistrict>CENTRAL</pddistrict><resolution>NONE</resolution><address>BUSH ST / JONES ST</address><x>-122.413731461593</x><y>37.7895283021427</y><location human_address="{&quot;address&quot;:&quot;&quot;,&quot;city&quot;:&quot;&quot;,&quot;state&quot;:&quot;&quot;,&quot;zip&quot;:&quot;&quot;}" latitude="37.7895283021427" longitude="-122.413731461593" needs_recoding="false"/></row>