<?xml version="1.0" encoding="UTF-8"?><row _id="12645112" _uuid="5C2A023C-5C8D-479F-AFB0-63B722BA5EB9" _position="12645112" _address="http://data.sfgov.org/resource/ritf-b9ki/12645112"><incidntnum>150873272</incidntnum><category>BURGLARY</category><descript>BURGLARY OF APARTMENT HOUSE, FORCIBLE ENTRY</descript><dayofweek>Monday</dayofweek><date>2015-10-05T00:00:00</date><time>15:00</time><pddistrict>NORTHERN</pddistrict><resolution>NONE</resolution><address>2300 Block of VANNESS AV</address><x>-122.423871800526</x><y>37.7971395544377</y><location human_address="{&quot;address&quot;:&quot;&quot;,&quot;city&quot;:&quot;&quot;,&quot;state&quot;:&quot;&quot;,&quot;zip&quot;:&quot;&quot;}" latitude="37.7971395544377" longitude="-122.423871800526" needs_recoding="false"/></row>