<?xml version="1.0" encoding="UTF-8"?><row _id="12627908" _uuid="FAF2C824-9D9B-43F2-94F3-D9555A013E1F" _position="12627908" _address="http://data.sfgov.org/resource/ritf-b9ki/12627908"><incidntnum>150758737</incidntnum><category>FRAUD</category><descript>DEFRAUDING AN INNKEEPER</descript><dayofweek>Wednesday</dayofweek><date>2015-08-26T00:00:00</date><time>22:00</time><pddistrict>MISSION</pddistrict><resolution>NONE</resolution><address>2900 Block of 16TH ST</address><x>-122.418049946137</x><y>37.7650940324026</y><location human_address="{&quot;address&quot;:&quot;&quot;,&quot;city&quot;:&quot;&quot;,&quot;state&quot;:&quot;&quot;,&quot;zip&quot;:&quot;&quot;}" latitude="37.7650940324026" longitude="-122.418049946137" needs_recoding="false"/></row>