<?xml version="1.0" encoding="UTF-8"?><row _id="12631620" _uuid="376ADB37-981D-4F39-B003-F356BA71E2AD" _position="12631620" _address="http://data.sfgov.org/resource/ritf-b9ki/12631620"><incidntnum>150777185</incidntnum><category>NON-CRIMINAL</category><descript>AIDED CASE, MENTAL DISTURBED</descript><dayofweek>Friday</dayofweek><date>2015-09-04T00:00:00</date><time>16:18</time><pddistrict>TENDERLOIN</pddistrict><resolution>NONE</resolution><address>300 Block of LEAVENWORTH ST</address><x>-122.414406029855</x><y>37.7841907151119</y><location human_address="{&quot;address&quot;:&quot;&quot;,&quot;city&quot;:&quot;&quot;,&quot;state&quot;:&quot;&quot;,&quot;zip&quot;:&quot;&quot;}" latitude="37.7841907151119" longitude="-122.414406029855" needs_recoding="false"/></row>