<?xml version="1.0" encoding="UTF-8"?><row _id="12640339" _uuid="08FD900D-BF53-4CC0-96C6-BB48ECC991A0" _position="12640339" _address="http://data.sfgov.org/resource/ritf-b9ki/12640339"><incidntnum>150730616</incidntnum><category>NON-CRIMINAL</category><descript>TRAFFIC ACCIDENT</descript><dayofweek>Friday</dayofweek><date>2015-08-21T00:00:00</date><time>11:44</time><pddistrict>MISSION</pddistrict><resolution>ARREST, BOOKED</resolution><address>CAPP ST / 22ND ST</address><x>-122.417660640341</x><y>37.7555043420028</y><location human_address="{&quot;address&quot;:&quot;&quot;,&quot;city&quot;:&quot;&quot;,&quot;state&quot;:&quot;&quot;,&quot;zip&quot;:&quot;&quot;}" latitude="37.7555043420028" longitude="-122.417660640341" needs_recoding="false"/></row>