<?xml version="1.0" encoding="UTF-8"?><row _id="12627623" _uuid="D3FFC701-B2F0-418B-8F14-FF88A438B95A" _position="12627623" _address="http://data.sfgov.org/resource/ritf-b9ki/12627623"><incidntnum>150748459</incidntnum><category>OTHER OFFENSES</category><descript>CONSPIRACY</descript><dayofweek>Wednesday</dayofweek><date>2015-08-26T00:00:00</date><time>18:45</time><pddistrict>NORTHERN</pddistrict><resolution>ARREST, BOOKED</resolution><address>GEARY BL / BUCHANAN ST</address><x>-122.429640669207</x><y>37.7847640707198</y><location human_address="{&quot;address&quot;:&quot;&quot;,&quot;city&quot;:&quot;&quot;,&quot;state&quot;:&quot;&quot;,&quot;zip&quot;:&quot;&quot;}" latitude="37.7847640707198" longitude="-122.429640669207" needs_recoding="false"/></row>