<?xml version="1.0" encoding="UTF-8"?><row _id="12632369" _uuid="0C9F8BFC-6BCA-423E-8328-26F0890BC804" _position="12632369" _address="http://data.sfgov.org/resource/ritf-b9ki/12632369"><incidntnum>156224332</incidntnum><category>LARCENY/THEFT</category><descript>GRAND THEFT FROM LOCKED AUTO</descript><dayofweek>Friday</dayofweek><date>2015-09-04T00:00:00</date><time>21:15</time><pddistrict>SOUTHERN</pddistrict><resolution>NONE</resolution><address>800 Block of BRYANT ST</address><x>-122.403404791479</x><y>37.775420706711</y><location human_address="{&quot;address&quot;:&quot;&quot;,&quot;city&quot;:&quot;&quot;,&quot;state&quot;:&quot;&quot;,&quot;zip&quot;:&quot;&quot;}" latitude="37.775420706711" longitude="-122.403404791479" needs_recoding="false"/></row>