<?xml version="1.0" encoding="UTF-8"?><row _id="12625530" _uuid="45156AA8-CC69-4991-91F8-C80256BD96CB" _position="12625530" _address="http://data.sfgov.org/resource/ritf-b9ki/12625530"><incidntnum>150729669</incidntnum><category>WARRANTS</category><descript>WARRANT ARREST</descript><dayofweek>Friday</dayofweek><date>2015-08-21T00:00:00</date><time>04:23</time><pddistrict>PARK</pddistrict><resolution>ARREST, BOOKED</resolution><address>1200 Block of MASONIC AV</address><x>-122.445181952651</x><y>37.7697359624151</y><location human_address="{&quot;address&quot;:&quot;&quot;,&quot;city&quot;:&quot;&quot;,&quot;state&quot;:&quot;&quot;,&quot;zip&quot;:&quot;&quot;}" latitude="37.7697359624151" longitude="-122.445181952651" needs_recoding="false"/></row>