<?xml version="1.0" encoding="UTF-8"?><row _id="12630046" _uuid="3E286A64-9FED-46B6-B73D-D752EBB6F263" _position="12630046" _address="http://data.sfgov.org/resource/ritf-b9ki/12630046"><incidntnum>150762443</incidntnum><category>ASSAULT</category><descript>CHILD ABUSE (PHYSICAL)</descript><dayofweek>Monday</dayofweek><date>2015-08-31T00:00:00</date><time>01:00</time><pddistrict>NORTHERN</pddistrict><resolution>ARREST, BOOKED</resolution><address>400 Block of HAIGHT ST</address><x>-122.429622714719</x><y>37.7721558284987</y><location human_address="{&quot;address&quot;:&quot;&quot;,&quot;city&quot;:&quot;&quot;,&quot;state&quot;:&quot;&quot;,&quot;zip&quot;:&quot;&quot;}" latitude="37.7721558284987" longitude="-122.429622714719" needs_recoding="false"/></row>