<?xml version="1.0" encoding="UTF-8"?><row _id="12627314" _uuid="72ECA498-1A29-4ADF-8B17-9F20CCBB8E0B" _position="12627314" _address="http://data.sfgov.org/resource/ritf-b9ki/12627314"><incidntnum>150743647</incidntnum><category>OTHER OFFENSES</category><descript>DRIVERS LICENSE, SUSPENDED OR REVOKED</descript><dayofweek>Tuesday</dayofweek><date>2015-08-25T00:00:00</date><time>11:19</time><pddistrict>INGLESIDE</pddistrict><resolution>ARREST, CITED</resolution><address>SCHWERIN ST / SUNNYDALE AV</address><x>-122.41135042192</x><y>37.7106038853718</y><location human_address="{&quot;address&quot;:&quot;&quot;,&quot;city&quot;:&quot;&quot;,&quot;state&quot;:&quot;&quot;,&quot;zip&quot;:&quot;&quot;}" latitude="37.7106038853718" longitude="-122.41135042192" needs_recoding="false"/></row>