<?xml version="1.0" encoding="UTF-8"?><row _id="12625367" _uuid="3C77532C-F5E5-471C-A84F-050291686025" _position="12625367" _address="http://data.sfgov.org/resource/ritf-b9ki/12625367"><incidntnum>150732509</incidntnum><category>LARCENY/THEFT</category><descript>GRAND THEFT FROM LOCKED AUTO</descript><dayofweek>Friday</dayofweek><date>2015-08-21T00:00:00</date><time>19:45</time><pddistrict>SOUTHERN</pddistrict><resolution>NONE</resolution><address>2ND ST / BRANNAN ST</address><x>-122.392082305321</x><y>37.7818457722573</y><location human_address="{&quot;address&quot;:&quot;&quot;,&quot;city&quot;:&quot;&quot;,&quot;state&quot;:&quot;&quot;,&quot;zip&quot;:&quot;&quot;}" latitude="37.7818457722573" longitude="-122.392082305321" needs_recoding="false"/></row>