<?xml version="1.0" encoding="UTF-8"?><row _id="12626009" _uuid="86E09CCD-0F70-4F75-8E6B-62B8D46EF422" _position="12626009" _address="http://data.sfgov.org/resource/ritf-b9ki/12626009"><incidntnum>150733739</incidntnum><category>LARCENY/THEFT</category><descript>PETTY THEFT SHOPLIFTING</descript><dayofweek>Saturday</dayofweek><date>2015-08-22T00:00:00</date><time>09:45</time><pddistrict>RICHMOND</pddistrict><resolution>NONE</resolution><address>6300 Block of GEARY BL</address><x>-122.487415459555</x><y>37.7798470223491</y><location human_address="{&quot;address&quot;:&quot;&quot;,&quot;city&quot;:&quot;&quot;,&quot;state&quot;:&quot;&quot;,&quot;zip&quot;:&quot;&quot;}" latitude="37.7798470223491" longitude="-122.487415459555" needs_recoding="false"/></row>