<?xml version="1.0" encoding="UTF-8"?><row _id="12635963" _uuid="D9212A3A-C956-412C-B89A-AF2BF0CE101C" _position="12635963" _address="http://data.sfgov.org/resource/ritf-b9ki/12635963"><incidntnum>156226968</incidntnum><category>LARCENY/THEFT</category><descript>GRAND THEFT FROM UNLOCKED AUTO</descript><dayofweek>Sunday</dayofweek><date>2015-09-13T00:00:00</date><time>22:18</time><pddistrict>TARAVAL</pddistrict><resolution>NONE</resolution><address>1400 Block of 42ND AV</address><x>-122.501502160824</x><y>37.7596658144363</y><location human_address="{&quot;address&quot;:&quot;&quot;,&quot;city&quot;:&quot;&quot;,&quot;state&quot;:&quot;&quot;,&quot;zip&quot;:&quot;&quot;}" latitude="37.7596658144363" longitude="-122.501502160824" needs_recoding="false"/></row>