<?xml version="1.0" encoding="UTF-8"?><row _id="12631694" _uuid="C9929569-027C-4A91-AC32-7AC468A460B6" _position="12631694" _address="http://data.sfgov.org/resource/ritf-b9ki/12631694"><incidntnum>156218937</incidntnum><category>LARCENY/THEFT</category><descript>GRAND THEFT FROM LOCKED AUTO</descript><dayofweek>Friday</dayofweek><date>2015-09-04T00:00:00</date><time>16:00</time><pddistrict>PARK</pddistrict><resolution>NONE</resolution><address>1200 Block of ARGUELLO BL</address><x>-122.45777819403</x><y>37.7646768818605</y><location human_address="{&quot;address&quot;:&quot;&quot;,&quot;city&quot;:&quot;&quot;,&quot;state&quot;:&quot;&quot;,&quot;zip&quot;:&quot;&quot;}" latitude="37.7646768818605" longitude="-122.45777819403" needs_recoding="false"/></row>