<?xml version="1.0" encoding="UTF-8"?><row _id="12625883" _uuid="EC7E01C8-4AA8-4AB3-9AB8-BAE57FDBB66E" _position="12625883" _address="http://data.sfgov.org/resource/ritf-b9ki/12625883"><incidntnum>150733632</incidntnum><category>OTHER OFFENSES</category><descript>DRIVERS LICENSE, SUSPENDED OR REVOKED</descript><dayofweek>Saturday</dayofweek><date>2015-08-22T00:00:00</date><time>09:21</time><pddistrict>TARAVAL</pddistrict><resolution>ARREST, BOOKED</resolution><address>TARAVAL ST / 19TH AV</address><x>-122.475644251197</x><y>37.7430505534925</y><location human_address="{&quot;address&quot;:&quot;&quot;,&quot;city&quot;:&quot;&quot;,&quot;state&quot;:&quot;&quot;,&quot;zip&quot;:&quot;&quot;}" latitude="37.7430505534925" longitude="-122.475644251197" needs_recoding="false"/></row>