<?xml version="1.0" encoding="UTF-8"?><row _id="12626873" _uuid="1238DD79-061F-4E38-BAAB-C0271BEE7FD8" _position="12626873" _address="http://data.sfgov.org/resource/ritf-b9ki/12626873"><incidntnum>150741221</incidntnum><category>LARCENY/THEFT</category><descript>PETTY THEFT FROM LOCKED AUTO</descript><dayofweek>Monday</dayofweek><date>2015-08-24T00:00:00</date><time>14:15</time><pddistrict>SOUTHERN</pddistrict><resolution>NONE</resolution><address>HARRISON ST / 7TH ST</address><x>-122.406300138733</x><y>37.7755131129937</y><location human_address="{&quot;address&quot;:&quot;&quot;,&quot;city&quot;:&quot;&quot;,&quot;state&quot;:&quot;&quot;,&quot;zip&quot;:&quot;&quot;}" latitude="37.7755131129937" longitude="-122.406300138733" needs_recoding="false"/></row>