<?xml version="1.0" encoding="UTF-8"?><row _id="12623679" _uuid="80A5BB3B-3BD7-4EFD-8BF5-F99D59AD577F" _position="12623679" _address="http://data.sfgov.org/resource/ritf-b9ki/12623679"><incidntnum>150726546</incidntnum><category>ASSAULT</category><descript>AGGRAVATED ASSAULT WITH A GUN</descript><dayofweek>Thursday</dayofweek><date>2015-08-20T00:00:00</date><time>02:10</time><pddistrict>MISSION</pddistrict><resolution>NONE</resolution><address>200 Block of 13TH ST</address><x>-122.417949217834</x><y>37.7697208630457</y><location human_address="{&quot;address&quot;:&quot;&quot;,&quot;city&quot;:&quot;&quot;,&quot;state&quot;:&quot;&quot;,&quot;zip&quot;:&quot;&quot;}" latitude="37.7697208630457" longitude="-122.417949217834" needs_recoding="false"/></row>