<?xml version="1.0" encoding="UTF-8"?><row _id="12627833" _uuid="A0446B30-092D-46F9-8BDD-E3862CB20570" _position="12627833" _address="http://data.sfgov.org/resource/ritf-b9ki/12627833"><incidntnum>150747655</incidntnum><category>FRAUD</category><descript>CREDIT CARD, THEFT BY USE OF</descript><dayofweek>Wednesday</dayofweek><date>2015-08-26T00:00:00</date><time>07:00</time><pddistrict>TARAVAL</pddistrict><resolution>NONE</resolution><address>1400 Block of IRVING ST</address><x>-122.473358347737</x><y>37.7636723200319</y><location human_address="{&quot;address&quot;:&quot;&quot;,&quot;city&quot;:&quot;&quot;,&quot;state&quot;:&quot;&quot;,&quot;zip&quot;:&quot;&quot;}" latitude="37.7636723200319" longitude="-122.473358347737" needs_recoding="false"/></row>