<?xml version="1.0" encoding="UTF-8"?><row _id="12647211" _uuid="56548D0D-C877-429B-B04F-0C91198FC21F" _position="12647211" _address="http://data.sfgov.org/resource/ritf-b9ki/12647211"><incidntnum>150916521</incidntnum><category>MISSING PERSON</category><descript>MISSING ADULT</descript><dayofweek>Wednesday</dayofweek><date>2015-08-26T00:00:00</date><time>10:00</time><pddistrict>SOUTHERN</pddistrict><resolution>NONE</resolution><address>800 Block of BRYANT ST</address><x>-122.403404791479</x><y>37.775420706711</y><location human_address="{&quot;address&quot;:&quot;&quot;,&quot;city&quot;:&quot;&quot;,&quot;state&quot;:&quot;&quot;,&quot;zip&quot;:&quot;&quot;}" latitude="37.775420706711" longitude="-122.403404791479" needs_recoding="false"/></row>