<?xml version="1.0" encoding="UTF-8"?><row _id="12633399" _uuid="1435DCCE-C014-4E8B-BCFB-CF815AD5A67A" _position="12633399" _address="http://data.sfgov.org/resource/ritf-b9ki/12633399"><incidntnum>150809788</incidntnum><category>OTHER OFFENSES</category><descript>FRAUDULENT GAME OR TRICK, OBTAINING MONEY OR PROPERTY</descript><dayofweek>Friday</dayofweek><date>2015-08-21T00:00:00</date><time>13:00</time><pddistrict>CENTRAL</pddistrict><resolution>NONE</resolution><address>700 Block of FRONT ST</address><x>-122.39984969711</x><y>37.7982679017862</y><location human_address="{&quot;address&quot;:&quot;&quot;,&quot;city&quot;:&quot;&quot;,&quot;state&quot;:&quot;&quot;,&quot;zip&quot;:&quot;&quot;}" latitude="37.7982679017862" longitude="-122.39984969711" needs_recoding="false"/></row>