<?xml version="1.0" encoding="UTF-8"?><row _id="12628710" _uuid="73CCCAEF-0F13-4744-BB49-54935915F470" _position="12628710" _address="http://data.sfgov.org/resource/ritf-b9ki/12628710"><incidntnum>150755216</incidntnum><category>DRUG/NARCOTIC</category><descript>POSSESSION OF METH-AMPHETAMINE FOR SALE</descript><dayofweek>Friday</dayofweek><date>2015-08-28T00:00:00</date><time>17:45</time><pddistrict>PARK</pddistrict><resolution>ARREST, BOOKED</resolution><address>100 Block of JOHNFKENNEDY DR</address><x>-122.457507583541</x><y>37.7711332354432</y><location human_address="{&quot;address&quot;:&quot;&quot;,&quot;city&quot;:&quot;&quot;,&quot;state&quot;:&quot;&quot;,&quot;zip&quot;:&quot;&quot;}" latitude="37.7711332354432" longitude="-122.457507583541" needs_recoding="false"/></row>