<?xml version="1.0" encoding="UTF-8"?><row _id="12629069" _uuid="7DA83E4D-0FEB-441C-B78A-D2DB0A07F421" _position="12629069" _address="http://data.sfgov.org/resource/ritf-b9ki/12629069"><incidntnum>150758981</incidntnum><category>WARRANTS</category><descript>ENROUTE TO OUTSIDE JURISDICTION</descript><dayofweek>Saturday</dayofweek><date>2015-08-29T00:00:00</date><time>22:15</time><pddistrict>TENDERLOIN</pddistrict><resolution>ARREST, BOOKED</resolution><address>HYDE ST / FULTON ST</address><x>-122.415127837608</x><y>37.7797870676495</y><location human_address="{&quot;address&quot;:&quot;&quot;,&quot;city&quot;:&quot;&quot;,&quot;state&quot;:&quot;&quot;,&quot;zip&quot;:&quot;&quot;}" latitude="37.7797870676495" longitude="-122.415127837608" needs_recoding="false"/></row>