<?xml version="1.0" encoding="UTF-8"?><row _id="12627206" _uuid="01F638DF-0356-436F-ABDE-49B2F1ADEB30" _position="12627206" _address="http://data.sfgov.org/resource/ritf-b9ki/12627206"><incidntnum>150739163</incidntnum><category>SUSPICIOUS OCC</category><descript>INVESTIGATIVE DETENTION</descript><dayofweek>Monday</dayofweek><date>2015-08-24T00:00:00</date><time>00:03</time><pddistrict>NORTHERN</pddistrict><resolution>ARREST, BOOKED</resolution><address>ASH ST / GOUGH ST</address><x>-122.423450258764</x><y>37.7792120731904</y><location human_address="{&quot;address&quot;:&quot;&quot;,&quot;city&quot;:&quot;&quot;,&quot;state&quot;:&quot;&quot;,&quot;zip&quot;:&quot;&quot;}" latitude="37.7792120731904" longitude="-122.423450258764" needs_recoding="false"/></row>