<?xml version="1.0" encoding="UTF-8"?><row _id="12633503" _uuid="F221D2D4-2E40-4BC3-A73E-B2F1FE0247C8" _position="12633503" _address="http://data.sfgov.org/resource/ritf-b9ki/12633503"><incidntnum>150798272</incidntnum><category>SUSPICIOUS OCC</category><descript>SUSPICIOUS OCCURRENCE</descript><dayofweek>Tuesday</dayofweek><date>2015-09-08T00:00:00</date><time>16:00</time><pddistrict>MISSION</pddistrict><resolution>NONE</resolution><address>16TH ST / MISSION ST</address><x>-122.419671780296</x><y>37.7650501214668</y><location human_address="{&quot;address&quot;:&quot;&quot;,&quot;city&quot;:&quot;&quot;,&quot;state&quot;:&quot;&quot;,&quot;zip&quot;:&quot;&quot;}" latitude="37.7650501214668" longitude="-122.419671780296" needs_recoding="false"/></row>