<?xml version="1.0" encoding="UTF-8"?><row _id="12633204" _uuid="A53AD948-6CEB-42AC-B654-7740A3DED207" _position="12633204" _address="http://data.sfgov.org/resource/ritf-b9ki/12633204"><incidntnum>150761514</incidntnum><category>MISSING PERSON</category><descript>FOUND PERSON</descript><dayofweek>Tuesday</dayofweek><date>2015-08-25T00:00:00</date><time>09:30</time><pddistrict>RICHMOND</pddistrict><resolution>NONE</resolution><address>100 Block of 24TH AV</address><x>-122.484041641448</x><y>37.7863860253049</y><location human_address="{&quot;address&quot;:&quot;&quot;,&quot;city&quot;:&quot;&quot;,&quot;state&quot;:&quot;&quot;,&quot;zip&quot;:&quot;&quot;}" latitude="37.7863860253049" longitude="-122.484041641448" needs_recoding="false"/></row>