<?xml version="1.0" encoding="UTF-8"?><row _id="12638702" _uuid="D85AE013-8CF4-4558-9B6C-7C8EDA3E733F" _position="12638702" _address="http://data.sfgov.org/resource/ritf-b9ki/12638702"><incidntnum>156213034</incidntnum><category>OTHER OFFENSES</category><descript>TRAFFIC VIOLATION ARREST</descript><dayofweek>Thursday</dayofweek><date>2015-08-27T00:00:00</date><time>18:00</time><pddistrict>TENDERLOIN</pddistrict><resolution>ARREST, BOOKED</resolution><address>OFARRELL ST / HYDE ST</address><x>-122.416261836834</x><y>37.7853750846376</y><location human_address="{&quot;address&quot;:&quot;&quot;,&quot;city&quot;:&quot;&quot;,&quot;state&quot;:&quot;&quot;,&quot;zip&quot;:&quot;&quot;}" latitude="37.7853750846376" longitude="-122.416261836834" needs_recoding="false"/></row>