<?xml version="1.0" encoding="UTF-8"?><row _id="12626940" _uuid="6C8C322C-F413-4878-AF07-889A1060CDF7" _position="12626940" _address="http://data.sfgov.org/resource/ritf-b9ki/12626940"><incidntnum>150740223</incidntnum><category>ASSAULT</category><descript>BATTERY</descript><dayofweek>Monday</dayofweek><date>2015-08-24T00:00:00</date><time>11:30</time><pddistrict>BAYVIEW</pddistrict><resolution>NONE</resolution><address>1300 Block of THOMAS AV</address><x>-122.386674578836</x><y>37.7277289638812</y><location human_address="{&quot;address&quot;:&quot;&quot;,&quot;city&quot;:&quot;&quot;,&quot;state&quot;:&quot;&quot;,&quot;zip&quot;:&quot;&quot;}" latitude="37.7277289638812" longitude="-122.386674578836" needs_recoding="false"/></row>