<?xml version="1.0" encoding="UTF-8"?><row _id="12631898" _uuid="E6A1B311-8174-48EB-A86F-0F4A3E52B114" _position="12631898" _address="http://data.sfgov.org/resource/ritf-b9ki/12631898"><incidntnum>150775264</incidntnum><category>ASSAULT</category><descript>ASSAULT, AGGRAVATED, W/ GUN</descript><dayofweek>Friday</dayofweek><date>2015-09-04T00:00:00</date><time>01:10</time><pddistrict>RICHMOND</pddistrict><resolution>NONE</resolution><address>300 Block of 3RD AV</address><x>-122.461064679815</x><y>37.7821086327091</y><location human_address="{&quot;address&quot;:&quot;&quot;,&quot;city&quot;:&quot;&quot;,&quot;state&quot;:&quot;&quot;,&quot;zip&quot;:&quot;&quot;}" latitude="37.7821086327091" longitude="-122.461064679815" needs_recoding="false"/></row>