<?xml version="1.0" encoding="UTF-8"?><row _id="12631132" _uuid="B9F730DA-92EA-4328-9B79-CB46DD164248" _position="12631132" _address="http://data.sfgov.org/resource/ritf-b9ki/12631132"><incidntnum>156209635</incidntnum><category>LARCENY/THEFT</category><descript>GRAND THEFT FROM LOCKED AUTO</descript><dayofweek>Saturday</dayofweek><date>2015-08-22T00:00:00</date><time>21:30</time><pddistrict>NORTHERN</pddistrict><resolution>NONE</resolution><address>LAGUNA ST / GEARY BL</address><x>-122.427991151911</x><y>37.7849531241612</y><location human_address="{&quot;address&quot;:&quot;&quot;,&quot;city&quot;:&quot;&quot;,&quot;state&quot;:&quot;&quot;,&quot;zip&quot;:&quot;&quot;}" latitude="37.7849531241612" longitude="-122.427991151911" needs_recoding="false"/></row>