<?xml version="1.0" encoding="UTF-8"?><row _id="12625926" _uuid="187EDF15-91CC-4978-9A0B-94FE94E1832A" _position="12625926" _address="http://data.sfgov.org/resource/ritf-b9ki/12625926"><incidntnum>150736294</incidntnum><category>VANDALISM</category><descript>MALICIOUS MISCHIEF, VANDALISM OF VEHICLES</descript><dayofweek>Saturday</dayofweek><date>2015-08-22T00:00:00</date><time>23:35</time><pddistrict>SOUTHERN</pddistrict><resolution>NONE</resolution><address>NATOMA ST / 11TH ST</address><x>-122.416105117991</x><y>37.7735329486132</y><location human_address="{&quot;address&quot;:&quot;&quot;,&quot;city&quot;:&quot;&quot;,&quot;state&quot;:&quot;&quot;,&quot;zip&quot;:&quot;&quot;}" latitude="37.7735329486132" longitude="-122.416105117991" needs_recoding="false"/></row>