<?xml version="1.0" encoding="UTF-8"?><row _id="12626119" _uuid="2C931E81-27C5-4257-B9DE-1CDBA42A3963" _position="12626119" _address="http://data.sfgov.org/resource/ritf-b9ki/12626119"><incidntnum>150735650</incidntnum><category>VANDALISM</category><descript>MALICIOUS MISCHIEF, BREAKING WINDOWS</descript><dayofweek>Saturday</dayofweek><date>2015-08-22T00:00:00</date><time>21:23</time><pddistrict>NORTHERN</pddistrict><resolution>NONE</resolution><address>1400 Block of ELLIS ST</address><x>-122.430443288445</x><y>37.7826742858907</y><location human_address="{&quot;address&quot;:&quot;&quot;,&quot;city&quot;:&quot;&quot;,&quot;state&quot;:&quot;&quot;,&quot;zip&quot;:&quot;&quot;}" latitude="37.7826742858907" longitude="-122.430443288445" needs_recoding="false"/></row>