<?xml version="1.0" encoding="UTF-8"?><row _id="12628391" _uuid="7FFF3165-94F4-4465-8FD2-279902A60A9D" _position="12628391" _address="http://data.sfgov.org/resource/ritf-b9ki/12628391"><incidntnum>150751474</incidntnum><category>SUSPICIOUS OCC</category><descript>INVESTIGATIVE DETENTION</descript><dayofweek>Thursday</dayofweek><date>2015-08-27T00:00:00</date><time>16:23</time><pddistrict>BAYVIEW</pddistrict><resolution>NONE</resolution><address>3RD ST / REVERE AV</address><x>-122.391522893042</x><y>37.7324323864471</y><location human_address="{&quot;address&quot;:&quot;&quot;,&quot;city&quot;:&quot;&quot;,&quot;state&quot;:&quot;&quot;,&quot;zip&quot;:&quot;&quot;}" latitude="37.7324323864471" longitude="-122.391522893042" needs_recoding="false"/></row>