<?xml version="1.0" encoding="UTF-8"?><row _id="12623777" _uuid="3FD96557-6BDA-49D2-999E-318AF685EA9A" _position="12623777" _address="http://data.sfgov.org/resource/ritf-b9ki/12623777"><incidntnum>150729211</incidntnum><category>LARCENY/THEFT</category><descript>PETTY THEFT FROM A BUILDING</descript><dayofweek>Thursday</dayofweek><date>2015-08-20T00:00:00</date><time>18:00</time><pddistrict>MISSION</pddistrict><resolution>NONE</resolution><address>500 Block of SOUTH VAN NESS AV</address><x>-122.41747701285</x><y>37.764357751686</y><location human_address="{&quot;address&quot;:&quot;&quot;,&quot;city&quot;:&quot;&quot;,&quot;state&quot;:&quot;&quot;,&quot;zip&quot;:&quot;&quot;}" latitude="37.764357751686" longitude="-122.41747701285" needs_recoding="false"/></row>