<?xml version="1.0" encoding="UTF-8"?><row _id="12625603" _uuid="E965FF22-C54F-49E6-8E09-CF18B8ADB5E9" _position="12625603" _address="http://data.sfgov.org/resource/ritf-b9ki/12625603"><incidntnum>150729534</incidntnum><category>BURGLARY</category><descript>BURGLARY,STORE UNDER CONSTRUCTION, ATT. FORCIBLE</descript><dayofweek>Friday</dayofweek><date>2015-08-21T00:00:00</date><time>00:15</time><pddistrict>TARAVAL</pddistrict><resolution>NONE</resolution><address>1500 Block of SLOAT BL</address><x>-122.489713969124</x><y>37.7339497680852</y><location human_address="{&quot;address&quot;:&quot;&quot;,&quot;city&quot;:&quot;&quot;,&quot;state&quot;:&quot;&quot;,&quot;zip&quot;:&quot;&quot;}" latitude="37.7339497680852" longitude="-122.489713969124" needs_recoding="false"/></row>