<?xml version="1.0" encoding="UTF-8"?><row _id="12629180" _uuid="36352F20-7DE8-4C3B-ACA5-D9B25C2F96A4" _position="12629180" _address="http://data.sfgov.org/resource/ritf-b9ki/12629180"><incidntnum>150757513</incidntnum><category>VANDALISM</category><descript>MALICIOUS MISCHIEF, BREAKING WINDOWS</descript><dayofweek>Saturday</dayofweek><date>2015-08-29T00:00:00</date><time>12:58</time><pddistrict>TENDERLOIN</pddistrict><resolution>NONE</resolution><address>300 Block of ELLIS ST</address><x>-122.411965795229</x><y>37.7849141859562</y><location human_address="{&quot;address&quot;:&quot;&quot;,&quot;city&quot;:&quot;&quot;,&quot;state&quot;:&quot;&quot;,&quot;zip&quot;:&quot;&quot;}" latitude="37.7849141859562" longitude="-122.411965795229" needs_recoding="false"/></row>