<?xml version="1.0" encoding="UTF-8"?><row _id="12631185" _uuid="F5CA39BB-F703-4C71-8EB8-7C715A8543C0" _position="12631185" _address="http://data.sfgov.org/resource/ritf-b9ki/12631185"><incidntnum>150773359</incidntnum><category>ASSAULT</category><descript>BATTERY</descript><dayofweek>Thursday</dayofweek><date>2015-09-03T00:00:00</date><time>13:14</time><pddistrict>CENTRAL</pddistrict><resolution>ARREST, BOOKED</resolution><address>300 Block of BAY ST</address><x>-122.412803753</x><y>37.8057739875696</y><location human_address="{&quot;address&quot;:&quot;&quot;,&quot;city&quot;:&quot;&quot;,&quot;state&quot;:&quot;&quot;,&quot;zip&quot;:&quot;&quot;}" latitude="37.8057739875696" longitude="-122.412803753" needs_recoding="false"/></row>