<?xml version="1.0" encoding="UTF-8"?><row _id="12631316" _uuid="1C739390-162B-4C7B-BFCC-8D205EA45D57" _position="12631316" _address="http://data.sfgov.org/resource/ritf-b9ki/12631316"><incidntnum>150775123</incidntnum><category>LARCENY/THEFT</category><descript>PETTY THEFT FROM UNLOCKED AUTO</descript><dayofweek>Thursday</dayofweek><date>2015-09-03T00:00:00</date><time>23:52</time><pddistrict>MISSION</pddistrict><resolution>NONE</resolution><address>900 Block of SOUTH VAN NESS AV</address><x>-122.416725586439</x><y>37.7579542740829</y><location human_address="{&quot;address&quot;:&quot;&quot;,&quot;city&quot;:&quot;&quot;,&quot;state&quot;:&quot;&quot;,&quot;zip&quot;:&quot;&quot;}" latitude="37.7579542740829" longitude="-122.416725586439" needs_recoding="false"/></row>