<?xml version="1.0" encoding="UTF-8"?><row _id="12629273" _uuid="641B75C3-AF3B-4ECC-9529-8C9C7D1FC6F9" _position="12629273" _address="http://data.sfgov.org/resource/ritf-b9ki/12629273"><incidntnum>150765334</incidntnum><category>BURGLARY</category><descript>BURGLARY OF FLAT, UNLAWFUL ENTRY</descript><dayofweek>Saturday</dayofweek><date>2015-08-29T00:00:00</date><time>02:30</time><pddistrict>SOUTHERN</pddistrict><resolution>NONE</resolution><address>0 Block of 9TH ST</address><x>-122.415740127984</x><y>37.7771309690233</y><location human_address="{&quot;address&quot;:&quot;&quot;,&quot;city&quot;:&quot;&quot;,&quot;state&quot;:&quot;&quot;,&quot;zip&quot;:&quot;&quot;}" latitude="37.7771309690233" longitude="-122.415740127984" needs_recoding="false"/></row>