<?xml version="1.0" encoding="UTF-8"?><row _id="12625692" _uuid="E728BEBF-B9DE-43BA-8BB1-78FDA50EEED9" _position="12625692" _address="http://data.sfgov.org/resource/ritf-b9ki/12625692"><incidntnum>150735917</incidntnum><category>SUSPICIOUS OCC</category><descript>SUSPICIOUS OCCURRENCE</descript><dayofweek>Friday</dayofweek><date>2015-08-21T00:00:00</date><time>22:23</time><pddistrict>SOUTHERN</pddistrict><resolution>NONE</resolution><address>1200 Block of MARKET ST</address><x>-122.415448759562</x><y>37.778293520129</y><location human_address="{&quot;address&quot;:&quot;&quot;,&quot;city&quot;:&quot;&quot;,&quot;state&quot;:&quot;&quot;,&quot;zip&quot;:&quot;&quot;}" latitude="37.778293520129" longitude="-122.415448759562" needs_recoding="false"/></row>