<?xml version="1.0" encoding="UTF-8"?><row _id="12626900" _uuid="41CFFD40-8CD3-4426-8A99-D6DC4C4051D7" _position="12626900" _address="http://data.sfgov.org/resource/ritf-b9ki/12626900"><incidntnum>150741293</incidntnum><category>LARCENY/THEFT</category><descript>GRAND THEFT OF PROPERTY</descript><dayofweek>Monday</dayofweek><date>2015-08-24T00:00:00</date><time>12:00</time><pddistrict>BAYVIEW</pddistrict><resolution>NONE</resolution><address>24TH ST / RHODEISLAND ST</address><x>-122.401471201633</x><y>37.7532944310332</y><location human_address="{&quot;address&quot;:&quot;&quot;,&quot;city&quot;:&quot;&quot;,&quot;state&quot;:&quot;&quot;,&quot;zip&quot;:&quot;&quot;}" latitude="37.7532944310332" longitude="-122.401471201633" needs_recoding="false"/></row>