<?xml version="1.0" encoding="UTF-8"?><row _id="12629651" _uuid="8E0F01DF-01B1-412F-B028-3A85C9C1FAF0" _position="12629651" _address="http://data.sfgov.org/resource/ritf-b9ki/12629651"><incidntnum>150760544</incidntnum><category>WARRANTS</category><descript>ENROUTE TO OUTSIDE JURISDICTION</descript><dayofweek>Sunday</dayofweek><date>2015-08-30T00:00:00</date><time>12:15</time><pddistrict>TENDERLOIN</pddistrict><resolution>ARREST, BOOKED</resolution><address>0 Block of OFARRELL ST</address><x>-122.405895369887</x><y>37.7867342184983</y><location human_address="{&quot;address&quot;:&quot;&quot;,&quot;city&quot;:&quot;&quot;,&quot;state&quot;:&quot;&quot;,&quot;zip&quot;:&quot;&quot;}" latitude="37.7867342184983" longitude="-122.405895369887" needs_recoding="false"/></row>