<?xml version="1.0" encoding="UTF-8"?><row _id="12630797" _uuid="FC385334-FC30-481B-91C5-BA3EB7C954E7" _position="12630797" _address="http://data.sfgov.org/resource/ritf-b9ki/12630797"><incidntnum>150771206</incidntnum><category>DRUNKENNESS</category><descript>UNDER INFLUENCE OF ALCOHOL IN A PUBLIC PLACE</descript><dayofweek>Wednesday</dayofweek><date>2015-09-02T00:00:00</date><time>18:12</time><pddistrict>CENTRAL</pddistrict><resolution>ARREST, BOOKED</resolution><address>300 Block of CLAY ST</address><x>-122.399739729147</x><y>37.7950325941141</y><location human_address="{&quot;address&quot;:&quot;&quot;,&quot;city&quot;:&quot;&quot;,&quot;state&quot;:&quot;&quot;,&quot;zip&quot;:&quot;&quot;}" latitude="37.7950325941141" longitude="-122.399739729147" needs_recoding="false"/></row>