<?xml version="1.0" encoding="UTF-8"?><row _id="12637821" _uuid="3263BCF3-6F8C-4EF8-A411-A48BD552674B" _position="12637821" _address="http://data.sfgov.org/resource/ritf-b9ki/12637821"><incidntnum>150819301</incidntnum><category>LARCENY/THEFT</category><descript>PETTY THEFT SHOPLIFTING</descript><dayofweek>Friday</dayofweek><date>2015-09-18T00:00:00</date><time>10:47</time><pddistrict>SOUTHERN</pddistrict><resolution>ARREST, BOOKED</resolution><address>900 Block of MARKET ST</address><x>-122.408421116922</x><y>37.7835699386918</y><location human_address="{&quot;address&quot;:&quot;&quot;,&quot;city&quot;:&quot;&quot;,&quot;state&quot;:&quot;&quot;,&quot;zip&quot;:&quot;&quot;}" latitude="37.7835699386918" longitude="-122.408421116922" needs_recoding="false"/></row>