<?xml version="1.0" encoding="UTF-8"?><row _id="12627308" _uuid="99696A61-A44C-4408-9EBD-C395B70DB9CF" _position="12627308" _address="http://data.sfgov.org/resource/ritf-b9ki/12627308"><incidntnum>150742768</incidntnum><category>WEAPON LAWS</category><descript>EXHIBITING DEADLY WEAPON IN A THREATING MANNER</descript><dayofweek>Tuesday</dayofweek><date>2015-08-25T00:00:00</date><time>01:55</time><pddistrict>TARAVAL</pddistrict><resolution>ARREST, BOOKED</resolution><address>NORIEGA ST / 20TH AV</address><x>-122.477549348811</x><y>37.7541932457174</y><location human_address="{&quot;address&quot;:&quot;&quot;,&quot;city&quot;:&quot;&quot;,&quot;state&quot;:&quot;&quot;,&quot;zip&quot;:&quot;&quot;}" latitude="37.7541932457174" longitude="-122.477549348811" needs_recoding="false"/></row>