<?xml version="1.0" encoding="UTF-8"?><row _id="12626493" _uuid="7928493F-A15A-4E92-952A-95B76820DCA0" _position="12626493" _address="http://data.sfgov.org/resource/ritf-b9ki/12626493"><incidntnum>150738579</incidntnum><category>FRAUD</category><descript>FRAUDULENT USE OF AUTOMATED TELLER CARD</descript><dayofweek>Sunday</dayofweek><date>2015-08-23T00:00:00</date><time>20:35</time><pddistrict>BAYVIEW</pddistrict><resolution>NONE</resolution><address>500 Block of CONNECTICUT ST</address><x>-122.39705592967</x><y>37.7586844897791</y><location human_address="{&quot;address&quot;:&quot;&quot;,&quot;city&quot;:&quot;&quot;,&quot;state&quot;:&quot;&quot;,&quot;zip&quot;:&quot;&quot;}" latitude="37.7586844897791" longitude="-122.39705592967" needs_recoding="false"/></row>