<?xml version="1.0" encoding="UTF-8"?><row _id="12630975" _uuid="424EC105-B25D-4EDF-A736-C77FCA7874E8" _position="12630975" _address="http://data.sfgov.org/resource/ritf-b9ki/12630975"><incidntnum>150782322</incidntnum><category>NON-CRIMINAL</category><descript>LOST PROPERTY</descript><dayofweek>Wednesday</dayofweek><date>2015-09-02T00:00:00</date><time>12:00</time><pddistrict>TARAVAL</pddistrict><resolution>UNFOUNDED</resolution><address>1800 Block of 34TH AV</address><x>-122.492550483345</x><y>37.7525760457193</y><location human_address="{&quot;address&quot;:&quot;&quot;,&quot;city&quot;:&quot;&quot;,&quot;state&quot;:&quot;&quot;,&quot;zip&quot;:&quot;&quot;}" latitude="37.7525760457193" longitude="-122.492550483345" needs_recoding="false"/></row>