<?xml version="1.0" encoding="UTF-8"?><row _id="12625445" _uuid="3E4E4161-FF3D-4264-B9E9-60F41AC1843E" _position="12625445" _address="http://data.sfgov.org/resource/ritf-b9ki/12625445"><incidntnum>156207093</incidntnum><category>LARCENY/THEFT</category><descript>GRAND THEFT FROM LOCKED AUTO</descript><dayofweek>Friday</dayofweek><date>2015-08-21T00:00:00</date><time>13:00</time><pddistrict>CENTRAL</pddistrict><resolution>NONE</resolution><address>POWELL ST / BAY ST</address><x>-122.411953083611</x><y>37.8058242949274</y><location human_address="{&quot;address&quot;:&quot;&quot;,&quot;city&quot;:&quot;&quot;,&quot;state&quot;:&quot;&quot;,&quot;zip&quot;:&quot;&quot;}" latitude="37.8058242949274" longitude="-122.411953083611" needs_recoding="false"/></row>