<?xml version="1.0" encoding="UTF-8"?><row _id="12626538" _uuid="EAD07D23-0842-49E0-9FFD-7F4264F73E79" _position="12626538" _address="http://data.sfgov.org/resource/ritf-b9ki/12626538"><incidntnum>150738563</incidntnum><category>WEAPON LAWS</category><descript>EXHIBITING DEADLY WEAPON IN A THREATING MANNER</descript><dayofweek>Sunday</dayofweek><date>2015-08-23T00:00:00</date><time>16:30</time><pddistrict>SOUTHERN</pddistrict><resolution>ARREST, BOOKED</resolution><address>800 Block of BRYANT ST</address><x>-122.403404791479</x><y>37.775420706711</y><location human_address="{&quot;address&quot;:&quot;&quot;,&quot;city&quot;:&quot;&quot;,&quot;state&quot;:&quot;&quot;,&quot;zip&quot;:&quot;&quot;}" latitude="37.775420706711" longitude="-122.403404791479" needs_recoding="false"/></row>