<?xml version="1.0" encoding="UTF-8"?><row _id="12626918" _uuid="61F42F4D-8BC1-4EA6-9640-29432E65CBC8" _position="12626918" _address="http://data.sfgov.org/resource/ritf-b9ki/12626918"><incidntnum>150770929</incidntnum><category>LARCENY/THEFT</category><descript>GRAND THEFT FROM LOCKED AUTO</descript><dayofweek>Saturday</dayofweek><date>2015-08-22T00:00:00</date><time>15:00</time><pddistrict>BAYVIEW</pddistrict><resolution>NONE</resolution><address>22ND ST / ILLINOIS ST</address><x>-122.387316279433</x><y>37.7580021664589</y><location human_address="{&quot;address&quot;:&quot;&quot;,&quot;city&quot;:&quot;&quot;,&quot;state&quot;:&quot;&quot;,&quot;zip&quot;:&quot;&quot;}" latitude="37.7580021664589" longitude="-122.387316279433" needs_recoding="false"/></row>