<?xml version="1.0" encoding="UTF-8"?><row _id="12629852" _uuid="C44C74DC-A014-4C7D-88A9-630E656C7D59" _position="12629852" _address="http://data.sfgov.org/resource/ritf-b9ki/12629852"><incidntnum>150774307</incidntnum><category>LARCENY/THEFT</category><descript>LICENSE PLATE OR TAB, THEFT OF</descript><dayofweek>Wednesday</dayofweek><date>2015-08-26T00:00:00</date><time>08:00</time><pddistrict>TENDERLOIN</pddistrict><resolution>NONE</resolution><address>TURK ST / HYDE ST</address><x>-122.415694922134</x><y>37.7825851968467</y><location human_address="{&quot;address&quot;:&quot;&quot;,&quot;city&quot;:&quot;&quot;,&quot;state&quot;:&quot;&quot;,&quot;zip&quot;:&quot;&quot;}" latitude="37.7825851968467" longitude="-122.415694922134" needs_recoding="false"/></row>