<?xml version="1.0" encoding="UTF-8"?><row _id="12643155" _uuid="221C806C-6E47-4E1C-AB92-2AD594D6C1A6" _position="12643155" _address="http://data.sfgov.org/resource/ritf-b9ki/12643155"><incidntnum>150857232</incidntnum><category>NON-CRIMINAL</category><descript>FOUND PROPERTY</descript><dayofweek>Wednesday</dayofweek><date>2015-09-30T00:00:00</date><time>11:00</time><pddistrict>SOUTHERN</pddistrict><resolution>NONE</resolution><address>800 Block of BRYANT ST</address><x>-122.403404791479</x><y>37.775420706711</y><location human_address="{&quot;address&quot;:&quot;&quot;,&quot;city&quot;:&quot;&quot;,&quot;state&quot;:&quot;&quot;,&quot;zip&quot;:&quot;&quot;}" latitude="37.775420706711" longitude="-122.403404791479" needs_recoding="false"/></row>