<?xml version="1.0" encoding="UTF-8"?><row _id="12625486" _uuid="94858A0B-9586-4338-8C9D-3E27516F7F69" _position="12625486" _address="http://data.sfgov.org/resource/ritf-b9ki/12625486"><incidntnum>150731012</incidntnum><category>MISSING PERSON</category><descript>FOUND PERSON</descript><dayofweek>Friday</dayofweek><date>2015-08-21T00:00:00</date><time>13:50</time><pddistrict>MISSION</pddistrict><resolution>NONE</resolution><address>1000 Block of POTRERO AV</address><x>-122.406539115148</x><y>37.7564864109309</y><location human_address="{&quot;address&quot;:&quot;&quot;,&quot;city&quot;:&quot;&quot;,&quot;state&quot;:&quot;&quot;,&quot;zip&quot;:&quot;&quot;}" latitude="37.7564864109309" longitude="-122.406539115148" needs_recoding="false"/></row>