<?xml version="1.0" encoding="UTF-8"?><row _id="12628369" _uuid="667A0480-9817-4EBC-9409-248B7253EC55" _position="12628369" _address="http://data.sfgov.org/resource/ritf-b9ki/12628369"><incidntnum>150752018</incidntnum><category>WARRANTS</category><descript>ENROUTE TO OUTSIDE JURISDICTION</descript><dayofweek>Thursday</dayofweek><date>2015-08-27T00:00:00</date><time>19:24</time><pddistrict>MISSION</pddistrict><resolution>ARREST, BOOKED</resolution><address>2400 Block of FOLSOM ST</address><x>-122.414683320731</x><y>37.7580774437252</y><location human_address="{&quot;address&quot;:&quot;&quot;,&quot;city&quot;:&quot;&quot;,&quot;state&quot;:&quot;&quot;,&quot;zip&quot;:&quot;&quot;}" latitude="37.7580774437252" longitude="-122.414683320731" needs_recoding="false"/></row>