<?xml version="1.0" encoding="UTF-8"?><row _id="12632661" _uuid="8EE111EB-F2CB-4306-827E-4402168D9CA5" _position="12632661" _address="http://data.sfgov.org/resource/ritf-b9ki/12632661"><incidntnum>150782770</incidntnum><category>LARCENY/THEFT</category><descript>PETTY THEFT SHOPLIFTING</descript><dayofweek>Sunday</dayofweek><date>2015-09-06T00:00:00</date><time>14:30</time><pddistrict>SOUTHERN</pddistrict><resolution>ARREST, BOOKED</resolution><address>800 Block of MARKET ST</address><x>-122.407633520742</x><y>37.7841893501425</y><location human_address="{&quot;address&quot;:&quot;&quot;,&quot;city&quot;:&quot;&quot;,&quot;state&quot;:&quot;&quot;,&quot;zip&quot;:&quot;&quot;}" latitude="37.7841893501425" longitude="-122.407633520742" needs_recoding="false"/></row>