<?xml version="1.0" encoding="UTF-8"?><row _id="12627602" _uuid="E99A088D-5E35-4539-B58B-BB73918796E3" _position="12627602" _address="http://data.sfgov.org/resource/ritf-b9ki/12627602"><incidntnum>150744736</incidntnum><category>OTHER OFFENSES</category><descript>FRAUDULENT GAME OR TRICK, OBTAINING MONEY OR PROPERTY</descript><dayofweek>Tuesday</dayofweek><date>2015-08-25T00:00:00</date><time>11:30</time><pddistrict>MISSION</pddistrict><resolution>NONE</resolution><address>2000 Block of MARKET ST</address><x>-122.426955631709</x><y>37.769247063207</y><location human_address="{&quot;address&quot;:&quot;&quot;,&quot;city&quot;:&quot;&quot;,&quot;state&quot;:&quot;&quot;,&quot;zip&quot;:&quot;&quot;}" latitude="37.769247063207" longitude="-122.426955631709" needs_recoding="false"/></row>