<?xml version="1.0" encoding="UTF-8"?><row _id="12635871" _uuid="C651B538-2B7A-46D9-B226-C45CE19090D7" _position="12635871" _address="http://data.sfgov.org/resource/ritf-b9ki/12635871"><incidntnum>150805112</incidntnum><category>ASSAULT</category><descript>BATTERY</descript><dayofweek>Sunday</dayofweek><date>2015-09-13T00:00:00</date><time>18:49</time><pddistrict>TARAVAL</pddistrict><resolution>ARREST, BOOKED</resolution><address>2300 Block of TARAVAL ST</address><x>-122.491236457576</x><y>37.7423112678986</y><location human_address="{&quot;address&quot;:&quot;&quot;,&quot;city&quot;:&quot;&quot;,&quot;state&quot;:&quot;&quot;,&quot;zip&quot;:&quot;&quot;}" latitude="37.7423112678986" longitude="-122.491236457576" needs_recoding="false"/></row>