<?xml version="1.0" encoding="UTF-8"?><row _id="12625467" _uuid="38D1DBF6-5657-4C5C-B17A-BB3215929384" _position="12625467" _address="http://data.sfgov.org/resource/ritf-b9ki/12625467"><incidntnum>150730183</incidntnum><category>ASSAULT</category><descript>BATTERY</descript><dayofweek>Friday</dayofweek><date>2015-08-21T00:00:00</date><time>09:44</time><pddistrict>MISSION</pddistrict><resolution>ARREST, BOOKED</resolution><address>2100 Block of MISSION ST</address><x>-122.419331147814</x><y>37.7622643357423</y><location human_address="{&quot;address&quot;:&quot;&quot;,&quot;city&quot;:&quot;&quot;,&quot;state&quot;:&quot;&quot;,&quot;zip&quot;:&quot;&quot;}" latitude="37.7622643357423" longitude="-122.419331147814" needs_recoding="false"/></row>