<?xml version="1.0" encoding="UTF-8"?><row _id="12626450" _uuid="5DE49EA3-454F-4FCB-8928-CBC8BFE5FD2B" _position="12626450" _address="http://data.sfgov.org/resource/ritf-b9ki/12626450"><incidntnum>156210836</incidntnum><category>LARCENY/THEFT</category><descript>PETTY THEFT OF PROPERTY</descript><dayofweek>Sunday</dayofweek><date>2015-08-23T00:00:00</date><time>15:30</time><pddistrict>SOUTHERN</pddistrict><resolution>NONE</resolution><address>MARKET ST / VANNESS AV</address><x>-122.419257894814</x><y>37.7751462916539</y><location human_address="{&quot;address&quot;:&quot;&quot;,&quot;city&quot;:&quot;&quot;,&quot;state&quot;:&quot;&quot;,&quot;zip&quot;:&quot;&quot;}" latitude="37.7751462916539" longitude="-122.419257894814" needs_recoding="false"/></row>