<?xml version="1.0" encoding="UTF-8"?><row _id="12623708" _uuid="3CFFA7F9-796F-4C99-89D6-A09CE71E8A13" _position="12623708" _address="http://data.sfgov.org/resource/ritf-b9ki/12623708"><incidntnum>150728019</incidntnum><category>LARCENY/THEFT</category><descript>PETTY THEFT FROM LOCKED AUTO</descript><dayofweek>Thursday</dayofweek><date>2015-08-20T00:00:00</date><time>11:15</time><pddistrict>SOUTHERN</pddistrict><resolution>NONE</resolution><address>800 Block of BRYANT ST</address><x>-122.403404791479</x><y>37.775420706711</y><location human_address="{&quot;address&quot;:&quot;&quot;,&quot;city&quot;:&quot;&quot;,&quot;state&quot;:&quot;&quot;,&quot;zip&quot;:&quot;&quot;}" latitude="37.775420706711" longitude="-122.403404791479" needs_recoding="false"/></row>