<?xml version="1.0" encoding="UTF-8"?><row _id="12625811" _uuid="16703CE6-90B5-44A0-9ECA-E80902636D61" _position="12625811" _address="http://data.sfgov.org/resource/ritf-b9ki/12625811"><incidntnum>150729857</incidntnum><category>ASSAULT</category><descript>BATTERY WITH SERIOUS INJURIES</descript><dayofweek>Friday</dayofweek><date>2015-08-21T00:00:00</date><time>07:58</time><pddistrict>BAYVIEW</pddistrict><resolution>JUVENILE BOOKED</resolution><address>SAN BRUNO AV / FELTON ST</address><x>-122.404594140634</x><y>37.7300379995128</y><location human_address="{&quot;address&quot;:&quot;&quot;,&quot;city&quot;:&quot;&quot;,&quot;state&quot;:&quot;&quot;,&quot;zip&quot;:&quot;&quot;}" latitude="37.7300379995128" longitude="-122.404594140634" needs_recoding="false"/></row>