<?xml version="1.0" encoding="UTF-8"?><row _id="12625515" _uuid="4C1A247D-5716-422C-A493-9A7FF030E9AE" _position="12625515" _address="http://data.sfgov.org/resource/ritf-b9ki/12625515"><incidntnum>150732800</incidntnum><category>FRAUD</category><descript>CREDIT CARD, THEFT BY USE OF</descript><dayofweek>Friday</dayofweek><date>2015-08-21T00:00:00</date><time>20:54</time><pddistrict>NORTHERN</pddistrict><resolution>NONE</resolution><address>1400 Block of FILLMORE ST</address><x>-122.432680942926</x><y>37.782821449014</y><location human_address="{&quot;address&quot;:&quot;&quot;,&quot;city&quot;:&quot;&quot;,&quot;state&quot;:&quot;&quot;,&quot;zip&quot;:&quot;&quot;}" latitude="37.782821449014" longitude="-122.432680942926" needs_recoding="false"/></row>