<?xml version="1.0" encoding="UTF-8"?><row _id="12650564" _uuid="18F02ECC-0B83-427C-A877-BECB631374CD" _position="12650564" _address="http://data.sfgov.org/resource/ritf-b9ki/12650564"><incidntnum>150938337</incidntnum><category>OTHER OFFENSES</category><descript>FAILURE TO REGISTER AS SEX OFFENDER</descript><dayofweek>Sunday</dayofweek><date>2015-08-23T00:00:00</date><time>00:01</time><pddistrict>SOUTHERN</pddistrict><resolution>ARREST, BOOKED</resolution><address>800 Block of BRYANT ST</address><x>-122.403404791479</x><y>37.775420706711</y><location human_address="{&quot;address&quot;:&quot;&quot;,&quot;city&quot;:&quot;&quot;,&quot;state&quot;:&quot;&quot;,&quot;zip&quot;:&quot;&quot;}" latitude="37.775420706711" longitude="-122.403404791479" needs_recoding="false"/></row>