<?xml version="1.0" encoding="UTF-8"?><row _id="12627271" _uuid="A699AB27-A88B-400F-BDFD-E9E83EA152AF" _position="12627271" _address="http://data.sfgov.org/resource/ritf-b9ki/12627271"><incidntnum>150742796</incidntnum><category>WARRANTS</category><descript>WARRANT ARREST</descript><dayofweek>Tuesday</dayofweek><date>2015-08-25T00:00:00</date><time>02:05</time><pddistrict>NORTHERN</pddistrict><resolution>ARREST, BOOKED</resolution><address>CALIFORNIA ST / WEBSTER ST</address><x>-122.432197427681</x><y>37.7891145189861</y><location human_address="{&quot;address&quot;:&quot;&quot;,&quot;city&quot;:&quot;&quot;,&quot;state&quot;:&quot;&quot;,&quot;zip&quot;:&quot;&quot;}" latitude="37.7891145189861" longitude="-122.432197427681" needs_recoding="false"/></row>