<?xml version="1.0" encoding="UTF-8"?><row _id="12628036" _uuid="4A062011-8628-4E83-B903-929D9B4A42B3" _position="12628036" _address="http://data.sfgov.org/resource/ritf-b9ki/12628036"><incidntnum>150749617</incidntnum><category>ARSON</category><descript>ARSON</descript><dayofweek>Thursday</dayofweek><date>2015-08-27T00:00:00</date><time>04:57</time><pddistrict>BAYVIEW</pddistrict><resolution>NONE</resolution><address>DONNER AV / JENNINGS ST</address><x>-122.392068475598</x><y>37.7232956058641</y><location human_address="{&quot;address&quot;:&quot;&quot;,&quot;city&quot;:&quot;&quot;,&quot;state&quot;:&quot;&quot;,&quot;zip&quot;:&quot;&quot;}" latitude="37.7232956058641" longitude="-122.392068475598" needs_recoding="false"/></row>