<?xml version="1.0" encoding="UTF-8"?><row _id="12625939" _uuid="F39A6249-7C90-4BFB-8B45-AE1DD1AE699E" _position="12625939" _address="http://data.sfgov.org/resource/ritf-b9ki/12625939"><incidntnum>150736551</incidntnum><category>LARCENY/THEFT</category><descript>PETTY THEFT FROM LOCKED AUTO</descript><dayofweek>Saturday</dayofweek><date>2015-08-22T00:00:00</date><time>23:20</time><pddistrict>SOUTHERN</pddistrict><resolution>NONE</resolution><address>HOWARD ST / MARY ST</address><x>-122.405721454567</x><y>37.7808789360214</y><location human_address="{&quot;address&quot;:&quot;&quot;,&quot;city&quot;:&quot;&quot;,&quot;state&quot;:&quot;&quot;,&quot;zip&quot;:&quot;&quot;}" latitude="37.7808789360214" longitude="-122.405721454567" needs_recoding="false"/></row>