<?xml version="1.0" encoding="UTF-8"?><row _id="12626419" _uuid="3F1CCAAC-3577-4107-95E0-9D21B2A9F23D" _position="12626419" _address="http://data.sfgov.org/resource/ritf-b9ki/12626419"><incidntnum>150737054</incidntnum><category>NON-CRIMINAL</category><descript>FOUND PROPERTY</descript><dayofweek>Sunday</dayofweek><date>2015-08-23T00:00:00</date><time>11:30</time><pddistrict>CENTRAL</pddistrict><resolution>NONE</resolution><address>STOCKTON ST / PACIFIC AV</address><x>-122.408433097286</x><y>37.7967039278443</y><location human_address="{&quot;address&quot;:&quot;&quot;,&quot;city&quot;:&quot;&quot;,&quot;state&quot;:&quot;&quot;,&quot;zip&quot;:&quot;&quot;}" latitude="37.7967039278443" longitude="-122.408433097286" needs_recoding="false"/></row>