<?xml version="1.0" encoding="UTF-8"?><row _id="12626017" _uuid="DA2EDC99-0533-4A54-9639-0CAAEA38A631" _position="12626017" _address="http://data.sfgov.org/resource/ritf-b9ki/12626017"><incidntnum>150734618</incidntnum><category>WARRANTS</category><descript>ENROUTE TO OUTSIDE JURISDICTION</descript><dayofweek>Saturday</dayofweek><date>2015-08-22T00:00:00</date><time>14:53</time><pddistrict>MISSION</pddistrict><resolution>ARREST, BOOKED</resolution><address>4700 Block of 18TH ST</address><x>-122.443946644488</x><y>37.7599446245821</y><location human_address="{&quot;address&quot;:&quot;&quot;,&quot;city&quot;:&quot;&quot;,&quot;state&quot;:&quot;&quot;,&quot;zip&quot;:&quot;&quot;}" latitude="37.7599446245821" longitude="-122.443946644488" needs_recoding="false"/></row>