<?xml version="1.0" encoding="UTF-8"?><row _id="12625418" _uuid="71EEFE24-463F-4548-A869-FBB87AF8C39A" _position="12625418" _address="http://data.sfgov.org/resource/ritf-b9ki/12625418"><incidntnum>150730058</incidntnum><category>VEHICLE THEFT</category><descript>STOLEN MOTORCYCLE</descript><dayofweek>Friday</dayofweek><date>2015-08-21T00:00:00</date><time>01:00</time><pddistrict>INGLESIDE</pddistrict><resolution>NONE</resolution><address>MISSION ST / SANTAMARINA ST</address><x>-122.423091821462</x><y>37.7406428494892</y><location human_address="{&quot;address&quot;:&quot;&quot;,&quot;city&quot;:&quot;&quot;,&quot;state&quot;:&quot;&quot;,&quot;zip&quot;:&quot;&quot;}" latitude="37.7406428494892" longitude="-122.423091821462" needs_recoding="false"/></row>