<?xml version="1.0" encoding="UTF-8"?><row _id="12630920" _uuid="0A40CAE9-BD70-45AE-9007-8DF1994ED568" _position="12630920" _address="http://data.sfgov.org/resource/ritf-b9ki/12630920"><incidntnum>150777298</incidntnum><category>NON-CRIMINAL</category><descript>DEATH REPORT, CAUSE UNKNOWN</descript><dayofweek>Saturday</dayofweek><date>2015-08-22T00:00:00</date><time>00:01</time><pddistrict>SOUTHERN</pddistrict><resolution>NONE</resolution><address>300 Block of 6TH ST</address><x>-122.405373810406</x><y>37.7782346346871</y><location human_address="{&quot;address&quot;:&quot;&quot;,&quot;city&quot;:&quot;&quot;,&quot;state&quot;:&quot;&quot;,&quot;zip&quot;:&quot;&quot;}" latitude="37.7782346346871" longitude="-122.405373810406" needs_recoding="false"/></row>