<?xml version="1.0" encoding="UTF-8"?><row _id="12636604" _uuid="9A3C1490-B091-489F-94B9-BAA0E9F79192" _position="12636604" _address="http://data.sfgov.org/resource/ritf-b9ki/12636604"><incidntnum>150811539</incidntnum><category>BURGLARY</category><descript>BURGLARY OF STORE, UNLAWFUL ENTRY</descript><dayofweek>Tuesday</dayofweek><date>2015-09-15T00:00:00</date><time>17:28</time><pddistrict>SOUTHERN</pddistrict><resolution>NONE</resolution><address>800 Block of MARKET ST</address><x>-122.406520987144</x><y>37.7850629421661</y><location human_address="{&quot;address&quot;:&quot;&quot;,&quot;city&quot;:&quot;&quot;,&quot;state&quot;:&quot;&quot;,&quot;zip&quot;:&quot;&quot;}" latitude="37.7850629421661" longitude="-122.406520987144" needs_recoding="false"/></row>