<?xml version="1.0" encoding="UTF-8"?><row _id="12627068" _uuid="F6009273-6811-4B31-B66A-4FEFB4E1FD9C" _position="12627068" _address="http://data.sfgov.org/resource/ritf-b9ki/12627068"><incidntnum>150742893</incidntnum><category>BURGLARY</category><descript>BURGLARY,STORE UNDER CONSTRUCTION, FORCIBLE ENTRY</descript><dayofweek>Monday</dayofweek><date>2015-08-24T00:00:00</date><time>19:00</time><pddistrict>BAYVIEW</pddistrict><resolution>NONE</resolution><address>0 Block of DORMAN AV</address><x>-122.402862631723</x><y>37.7396192670024</y><location human_address="{&quot;address&quot;:&quot;&quot;,&quot;city&quot;:&quot;&quot;,&quot;state&quot;:&quot;&quot;,&quot;zip&quot;:&quot;&quot;}" latitude="37.7396192670024" longitude="-122.402862631723" needs_recoding="false"/></row>