<?xml version="1.0" encoding="UTF-8"?><row _id="12630370" _uuid="4816EAC3-B2C6-45A6-99C3-1A100F77F93E" _position="12630370" _address="http://data.sfgov.org/resource/ritf-b9ki/12630370"><incidntnum>150768037</incidntnum><category>LARCENY/THEFT</category><descript>GRAND THEFT FROM LOCKED AUTO</descript><dayofweek>Tuesday</dayofweek><date>2015-09-01T00:00:00</date><time>18:50</time><pddistrict>BAYVIEW</pddistrict><resolution>NONE</resolution><address>MINNESOTA ST / 20TH ST</address><x>-122.390452821002</x><y>37.7603884039518</y><location human_address="{&quot;address&quot;:&quot;&quot;,&quot;city&quot;:&quot;&quot;,&quot;state&quot;:&quot;&quot;,&quot;zip&quot;:&quot;&quot;}" latitude="37.7603884039518" longitude="-122.390452821002" needs_recoding="false"/></row>