<?xml version="1.0" encoding="UTF-8"?><row _id="12660788" _uuid="06E45437-CF31-4BF2-A39C-62A35EB855B8" _position="12660788" _address="http://data.sfgov.org/resource/ritf-b9ki/12660788"><incidntnum>151008501</incidntnum><category>OTHER OFFENSES</category><descript>FALSE PERSONATION</descript><dayofweek>Friday</dayofweek><date>2015-08-28T00:00:00</date><time>12:00</time><pddistrict>INGLESIDE</pddistrict><resolution>NONE</resolution><address>200 Block of WARD ST</address><x>-122.40261786787</x><y>37.7186423323801</y><location human_address="{&quot;address&quot;:&quot;&quot;,&quot;city&quot;:&quot;&quot;,&quot;state&quot;:&quot;&quot;,&quot;zip&quot;:&quot;&quot;}" latitude="37.7186423323801" longitude="-122.40261786787" needs_recoding="false"/></row>