<?xml version="1.0" encoding="UTF-8"?><row _id="12625601" _uuid="9D5B43B2-196C-400E-A480-594F6CEE4413" _position="12625601" _address="http://data.sfgov.org/resource/ritf-b9ki/12625601"><incidntnum>150736642</incidntnum><category>VANDALISM</category><descript>MALICIOUS MISCHIEF, VANDALISM OF VEHICLES</descript><dayofweek>Friday</dayofweek><date>2015-08-21T00:00:00</date><time>23:00</time><pddistrict>CENTRAL</pddistrict><resolution>NONE</resolution><address>900 Block of BUSH ST</address><x>-122.412907007898</x><y>37.7895783628974</y><location human_address="{&quot;address&quot;:&quot;&quot;,&quot;city&quot;:&quot;&quot;,&quot;state&quot;:&quot;&quot;,&quot;zip&quot;:&quot;&quot;}" latitude="37.7895783628974" longitude="-122.412907007898" needs_recoding="false"/></row>