<?xml version="1.0" encoding="UTF-8"?><row _id="12631264" _uuid="D54B615C-47AC-43F6-9DB6-2178CA19D73C" _position="12631264" _address="http://data.sfgov.org/resource/ritf-b9ki/12631264"><incidntnum>150734276</incidntnum><category>OTHER OFFENSES</category><descript>POSSESSION OF BURGLARY TOOLS</descript><dayofweek>Saturday</dayofweek><date>2015-08-22T00:00:00</date><time>05:26</time><pddistrict>RICHMOND</pddistrict><resolution>ARREST, BOOKED</resolution><address>3000 Block of CALIFORNIA ST</address><x>-122.44460446581</x><y>37.7875949238669</y><location human_address="{&quot;address&quot;:&quot;&quot;,&quot;city&quot;:&quot;&quot;,&quot;state&quot;:&quot;&quot;,&quot;zip&quot;:&quot;&quot;}" latitude="37.7875949238669" longitude="-122.44460446581" needs_recoding="false"/></row>