<?xml version="1.0" encoding="UTF-8"?><row _id="12628008" _uuid="2008DFDC-42E1-4FB3-8E74-45F27FDA56DA" _position="12628008" _address="http://data.sfgov.org/resource/ritf-b9ki/12628008"><incidntnum>150749805</incidntnum><category>NON-CRIMINAL</category><descript>AIDED CASE, MENTAL DISTURBED</descript><dayofweek>Thursday</dayofweek><date>2015-08-27T00:00:00</date><time>07:31</time><pddistrict>SOUTHERN</pddistrict><resolution>NONE</resolution><address>FOLSOM ST / 9TH ST</address><x>-122.411612378034</x><y>37.7737679567236</y><location human_address="{&quot;address&quot;:&quot;&quot;,&quot;city&quot;:&quot;&quot;,&quot;state&quot;:&quot;&quot;,&quot;zip&quot;:&quot;&quot;}" latitude="37.7737679567236" longitude="-122.411612378034" needs_recoding="false"/></row>