<?xml version="1.0" encoding="UTF-8"?><row _id="12627524" _uuid="89A51496-B30D-4E96-B272-3A9474A25C30" _position="12627524" _address="http://data.sfgov.org/resource/ritf-b9ki/12627524"><incidntnum>150746914</incidntnum><category>BURGLARY</category><descript>BURGLARY, UNLAWFUL ENTRY</descript><dayofweek>Tuesday</dayofweek><date>2015-08-25T00:00:00</date><time>08:45</time><pddistrict>CENTRAL</pddistrict><resolution>NONE</resolution><address>900 Block of HYDE ST</address><x>-122.41718099053</x><y>37.7895779739091</y><location human_address="{&quot;address&quot;:&quot;&quot;,&quot;city&quot;:&quot;&quot;,&quot;state&quot;:&quot;&quot;,&quot;zip&quot;:&quot;&quot;}" latitude="37.7895779739091" longitude="-122.41718099053" needs_recoding="false"/></row>