<?xml version="1.0" encoding="UTF-8"?><row _id="12630885" _uuid="FCC93EAE-91FA-429C-881E-A97D25888B32" _position="12630885" _address="http://data.sfgov.org/resource/ritf-b9ki/12630885"><incidntnum>150771422</incidntnum><category>NON-CRIMINAL</category><descript>DEATH REPORT, CAUSE UNKNOWN</descript><dayofweek>Wednesday</dayofweek><date>2015-09-02T00:00:00</date><time>06:30</time><pddistrict>INGLESIDE</pddistrict><resolution>NONE</resolution><address>500 Block of CONGO ST</address><x>-122.442077112821</x><y>37.7341069025066</y><location human_address="{&quot;address&quot;:&quot;&quot;,&quot;city&quot;:&quot;&quot;,&quot;state&quot;:&quot;&quot;,&quot;zip&quot;:&quot;&quot;}" latitude="37.7341069025066" longitude="-122.442077112821" needs_recoding="false"/></row>