<?xml version="1.0" encoding="UTF-8"?><row _id="12625572" _uuid="FEA3412E-C299-4DC4-A600-7EC229497AFF" _position="12625572" _address="http://data.sfgov.org/resource/ritf-b9ki/12625572"><incidntnum>150731636</incidntnum><category>TRESPASS</category><descript>TRESPASSING</descript><dayofweek>Friday</dayofweek><date>2015-08-21T00:00:00</date><time>17:36</time><pddistrict>SOUTHERN</pddistrict><resolution>ARREST, BOOKED</resolution><address>1100 Block of MARKET ST</address><x>-122.41371122073</x><y>37.7796660426062</y><location human_address="{&quot;address&quot;:&quot;&quot;,&quot;city&quot;:&quot;&quot;,&quot;state&quot;:&quot;&quot;,&quot;zip&quot;:&quot;&quot;}" latitude="37.7796660426062" longitude="-122.41371122073" needs_recoding="false"/></row>