<?xml version="1.0" encoding="UTF-8"?><row _id="12626015" _uuid="F33F029E-1B63-43BB-A677-533B4DB34681" _position="12626015" _address="http://data.sfgov.org/resource/ritf-b9ki/12626015"><incidntnum>150734339</incidntnum><category>WARRANTS</category><descript>WARRANT ARREST</descript><dayofweek>Saturday</dayofweek><date>2015-08-22T00:00:00</date><time>13:00</time><pddistrict>MISSION</pddistrict><resolution>NONE</resolution><address>500 Block of SOUTH VAN NESS AV</address><x>-122.41747701285</x><y>37.764357751686</y><location human_address="{&quot;address&quot;:&quot;&quot;,&quot;city&quot;:&quot;&quot;,&quot;state&quot;:&quot;&quot;,&quot;zip&quot;:&quot;&quot;}" latitude="37.764357751686" longitude="-122.41747701285" needs_recoding="false"/></row>