<?xml version="1.0" encoding="UTF-8"?><row _id="12625555" _uuid="9ACA8164-D037-4C52-BDF6-D4069C0852BA" _position="12625555" _address="http://data.sfgov.org/resource/ritf-b9ki/12625555"><incidntnum>150731197</incidntnum><category>DRUG/NARCOTIC</category><descript>POSSESSION OF MARIJUANA FOR SALES</descript><dayofweek>Friday</dayofweek><date>2015-08-21T00:00:00</date><time>15:44</time><pddistrict>PARK</pddistrict><resolution>ARREST, BOOKED</resolution><address>1800 Block of HAIGHT ST</address><x>-122.452706340322</x><y>37.7692156705894</y><location human_address="{&quot;address&quot;:&quot;&quot;,&quot;city&quot;:&quot;&quot;,&quot;state&quot;:&quot;&quot;,&quot;zip&quot;:&quot;&quot;}" latitude="37.7692156705894" longitude="-122.452706340322" needs_recoding="false"/></row>