<?xml version="1.0" encoding="UTF-8"?><row _id="12628944" _uuid="A0080678-CF3E-41B0-A466-B64437D1C415" _position="12628944" _address="http://data.sfgov.org/resource/ritf-b9ki/12628944"><incidntnum>150755476</incidntnum><category>OTHER OFFENSES</category><descript>MASSAGE ESTABLISHMENT PERMIT VIOLATION</descript><dayofweek>Friday</dayofweek><date>2015-08-28T00:00:00</date><time>19:30</time><pddistrict>CENTRAL</pddistrict><resolution>NONE</resolution><address>700 Block of POST ST</address><x>-122.41420144235</x><y>37.7876109394648</y><location human_address="{&quot;address&quot;:&quot;&quot;,&quot;city&quot;:&quot;&quot;,&quot;state&quot;:&quot;&quot;,&quot;zip&quot;:&quot;&quot;}" latitude="37.7876109394648" longitude="-122.41420144235" needs_recoding="false"/></row>