<?xml version="1.0" encoding="UTF-8"?><row _id="12626429" _uuid="C880A7AB-68C9-4449-8086-FC249A09B123" _position="12626429" _address="http://data.sfgov.org/resource/ritf-b9ki/12626429"><incidntnum>156209845</incidntnum><category>VANDALISM</category><descript>MALICIOUS MISCHIEF, VANDALISM OF VEHICLES</descript><dayofweek>Sunday</dayofweek><date>2015-08-23T00:00:00</date><time>21:30</time><pddistrict>CENTRAL</pddistrict><resolution>NONE</resolution><address>SANSOME ST / JACKSON ST</address><x>-122.401857374739</x><y>37.7966261239618</y><location human_address="{&quot;address&quot;:&quot;&quot;,&quot;city&quot;:&quot;&quot;,&quot;state&quot;:&quot;&quot;,&quot;zip&quot;:&quot;&quot;}" latitude="37.7966261239618" longitude="-122.401857374739" needs_recoding="false"/></row>