<?xml version="1.0" encoding="UTF-8"?><row _id="12627515" _uuid="8938E006-76E8-4073-8FBB-1B5C1FE69322" _position="12627515" _address="http://data.sfgov.org/resource/ritf-b9ki/12627515"><incidntnum>150745734</incidntnum><category>LARCENY/THEFT</category><descript>GRAND THEFT FROM LOCKED AUTO</descript><dayofweek>Tuesday</dayofweek><date>2015-08-25T00:00:00</date><time>20:25</time><pddistrict>BAYVIEW</pddistrict><resolution>NONE</resolution><address>600 Block of DEHARO ST</address><x>-122.401191922623</x><y>37.7616428225519</y><location human_address="{&quot;address&quot;:&quot;&quot;,&quot;city&quot;:&quot;&quot;,&quot;state&quot;:&quot;&quot;,&quot;zip&quot;:&quot;&quot;}" latitude="37.7616428225519" longitude="-122.401191922623" needs_recoding="false"/></row>