<?xml version="1.0" encoding="UTF-8"?><row _id="12625579" _uuid="046F0457-4D1C-439F-A67E-AA08D421A91E" _position="12625579" _address="http://data.sfgov.org/resource/ritf-b9ki/12625579"><incidntnum>150731943</incidntnum><category>VEHICLE THEFT</category><descript>STOLEN AUTOMOBILE</descript><dayofweek>Friday</dayofweek><date>2015-08-21T00:00:00</date><time>09:00</time><pddistrict>MISSION</pddistrict><resolution>NONE</resolution><address>0 Block of ALBION ST</address><x>-122.423265893603</x><y>37.765649515945</y><location human_address="{&quot;address&quot;:&quot;&quot;,&quot;city&quot;:&quot;&quot;,&quot;state&quot;:&quot;&quot;,&quot;zip&quot;:&quot;&quot;}" latitude="37.765649515945" longitude="-122.423265893603" needs_recoding="false"/></row>