<?xml version="1.0" encoding="UTF-8"?><row _id="12624032" _uuid="83C95A0F-96B2-400A-B0DD-3C07A2DEBE67" _position="12624032" _address="http://data.sfgov.org/resource/ritf-b9ki/12624032"><incidntnum>150730230</incidntnum><category>OTHER OFFENSES</category><descript>LOST/STOLEN LICENSE PLATE</descript><dayofweek>Thursday</dayofweek><date>2015-08-20T00:00:00</date><time>18:00</time><pddistrict>RICHMOND</pddistrict><resolution>NONE</resolution><address>700 Block of 29TH AV</address><x>-122.48874127641</x><y>37.7751529045513</y><location human_address="{&quot;address&quot;:&quot;&quot;,&quot;city&quot;:&quot;&quot;,&quot;state&quot;:&quot;&quot;,&quot;zip&quot;:&quot;&quot;}" latitude="37.7751529045513" longitude="-122.48874127641" needs_recoding="false"/></row>