<?xml version="1.0" encoding="UTF-8"?><row _id="12626854" _uuid="9C93F502-88EA-48DF-9B70-F73B01BF4BBE" _position="12626854" _address="http://data.sfgov.org/resource/ritf-b9ki/12626854"><incidntnum>150742188</incidntnum><category>LARCENY/THEFT</category><descript>GRAND THEFT PICKPOCKET</descript><dayofweek>Monday</dayofweek><date>2015-08-24T00:00:00</date><time>16:30</time><pddistrict>NORTHERN</pddistrict><resolution>NONE</resolution><address>GEARY BL / FILLMORE ST</address><x>-122.432914603494</x><y>37.7843533426568</y><location human_address="{&quot;address&quot;:&quot;&quot;,&quot;city&quot;:&quot;&quot;,&quot;state&quot;:&quot;&quot;,&quot;zip&quot;:&quot;&quot;}" latitude="37.7843533426568" longitude="-122.432914603494" needs_recoding="false"/></row>