<?xml version="1.0" encoding="UTF-8"?><row _id="12628667" _uuid="4DBEC41A-3977-47E9-B1A1-FDD8540AE096" _position="12628667" _address="http://data.sfgov.org/resource/ritf-b9ki/12628667"><incidntnum>156213733</incidntnum><category>LARCENY/THEFT</category><descript>PETTY THEFT OF PROPERTY</descript><dayofweek>Friday</dayofweek><date>2015-08-28T00:00:00</date><time>01:00</time><pddistrict>RICHMOND</pddistrict><resolution>NONE</resolution><address>3900 Block of GEARY BL</address><x>-122.461620169101</x><y>37.7812597610597</y><location human_address="{&quot;address&quot;:&quot;&quot;,&quot;city&quot;:&quot;&quot;,&quot;state&quot;:&quot;&quot;,&quot;zip&quot;:&quot;&quot;}" latitude="37.7812597610597" longitude="-122.461620169101" needs_recoding="false"/></row>