<?xml version="1.0" encoding="UTF-8"?><row _id="12620985" _uuid="455B473E-68E7-45D4-BAA2-9AC586DF6308" _position="12620985" _address="http://data.sfgov.org/resource/ritf-b9ki/12620985"><incidntnum>150726568</incidntnum><category>OTHER OFFENSES</category><descript>DRIVERS LICENSE, SUSPENDED OR REVOKED</descript><dayofweek>Thursday</dayofweek><date>2015-08-20T00:00:00</date><time>02:50</time><pddistrict>CENTRAL</pddistrict><resolution>ARREST, CITED</resolution><address>MONTGOMERY ST / PINE ST</address><x>-122.402573952339</x><y>37.7918981438883</y><location human_address="{&quot;address&quot;:&quot;&quot;,&quot;city&quot;:&quot;&quot;,&quot;state&quot;:&quot;&quot;,&quot;zip&quot;:&quot;&quot;}" latitude="37.7918981438883" longitude="-122.402573952339" needs_recoding="false"/></row>