<?xml version="1.0" encoding="UTF-8"?><row _id="12626228" _uuid="D84892AC-C43E-43A8-B721-519BE4085043" _position="12626228" _address="http://data.sfgov.org/resource/ritf-b9ki/12626228"><incidntnum>156206590</incidntnum><category>LARCENY/THEFT</category><descript>GRAND THEFT FROM LOCKED AUTO</descript><dayofweek>Saturday</dayofweek><date>2015-08-22T00:00:00</date><time>00:01</time><pddistrict>NORTHERN</pddistrict><resolution>NONE</resolution><address>500 Block of TURK ST</address><x>-122.418192861208</x><y>37.7823263368922</y><location human_address="{&quot;address&quot;:&quot;&quot;,&quot;city&quot;:&quot;&quot;,&quot;state&quot;:&quot;&quot;,&quot;zip&quot;:&quot;&quot;}" latitude="37.7823263368922" longitude="-122.418192861208" needs_recoding="false"/></row>