<?xml version="1.0" encoding="UTF-8"?><row _id="12635549" _uuid="42520926-868C-4C3F-A26D-85C4524B0B46" _position="12635549" _address="http://data.sfgov.org/resource/ritf-b9ki/12635549"><incidntnum>150802118</incidntnum><category>ASSAULT</category><descript>BATTERY WITH SERIOUS INJURIES</descript><dayofweek>Saturday</dayofweek><date>2015-09-12T00:00:00</date><time>18:20</time><pddistrict>SOUTHERN</pddistrict><resolution>NONE</resolution><address>0 Block of 6TH ST</address><x>-122.40950430935</x><y>37.781526271747</y><location human_address="{&quot;address&quot;:&quot;&quot;,&quot;city&quot;:&quot;&quot;,&quot;state&quot;:&quot;&quot;,&quot;zip&quot;:&quot;&quot;}" latitude="37.781526271747" longitude="-122.40950430935" needs_recoding="false"/></row>