<?xml version="1.0" encoding="UTF-8"?><row _id="12625567" _uuid="382BDFD6-FE8A-48D7-978D-554FAF2092E0" _position="12625567" _address="http://data.sfgov.org/resource/ritf-b9ki/12625567"><incidntnum>150731426</incidntnum><category>NON-CRIMINAL</category><descript>AIDED CASE</descript><dayofweek>Friday</dayofweek><date>2015-08-21T00:00:00</date><time>16:45</time><pddistrict>MISSION</pddistrict><resolution>NONE</resolution><address>2000 Block of MISSION ST</address><x>-122.419520367886</x><y>37.764228935718</y><location human_address="{&quot;address&quot;:&quot;&quot;,&quot;city&quot;:&quot;&quot;,&quot;state&quot;:&quot;&quot;,&quot;zip&quot;:&quot;&quot;}" latitude="37.764228935718" longitude="-122.419520367886" needs_recoding="false"/></row>