<?xml version="1.0" encoding="UTF-8"?><row _id="12630208" _uuid="580DAAC3-7B49-41F0-96A3-CE95F5487B56" _position="12630208" _address="http://data.sfgov.org/resource/ritf-b9ki/12630208"><incidntnum>150776121</incidntnum><category>NON-CRIMINAL</category><descript>LOST PROPERTY</descript><dayofweek>Thursday</dayofweek><date>2015-08-20T00:00:00</date><time>15:30</time><pddistrict>TENDERLOIN</pddistrict><resolution>NONE</resolution><address>300 Block of EDDY ST</address><x>-122.412930522059</x><y>37.7838344374141</y><location human_address="{&quot;address&quot;:&quot;&quot;,&quot;city&quot;:&quot;&quot;,&quot;state&quot;:&quot;&quot;,&quot;zip&quot;:&quot;&quot;}" latitude="37.7838344374141" longitude="-122.412930522059" needs_recoding="false"/></row>