<?xml version="1.0" encoding="UTF-8"?><row _id="12630993" _uuid="94FD9EB4-2CF8-49A1-A108-0D5DD3E15FC2" _position="12630993" _address="http://data.sfgov.org/resource/ritf-b9ki/12630993"><incidntnum>150771905</incidntnum><category>OTHER OFFENSES</category><descript>VIOLATION OF RESTRAINING ORDER</descript><dayofweek>Wednesday</dayofweek><date>2015-09-02T00:00:00</date><time>23:05</time><pddistrict>BAYVIEW</pddistrict><resolution>NONE</resolution><address>1400 Block of QUESADA AV</address><x>-122.386768853234</x><y>37.7307541873099</y><location human_address="{&quot;address&quot;:&quot;&quot;,&quot;city&quot;:&quot;&quot;,&quot;state&quot;:&quot;&quot;,&quot;zip&quot;:&quot;&quot;}" latitude="37.7307541873099" longitude="-122.386768853234" needs_recoding="false"/></row>