<?xml version="1.0" encoding="UTF-8"?><row _id="12626449" _uuid="B1F81C15-6304-438D-A4CB-65C400AEDB58" _position="12626449" _address="http://data.sfgov.org/resource/ritf-b9ki/12626449"><incidntnum>156210046</incidntnum><category>LARCENY/THEFT</category><descript>GRAND THEFT FROM LOCKED AUTO</descript><dayofweek>Sunday</dayofweek><date>2015-08-23T00:00:00</date><time>15:00</time><pddistrict>CENTRAL</pddistrict><resolution>NONE</resolution><address>CYRUS PL / BROADWAY ST</address><x>-122.417190884147</x><y>37.7965591194392</y><location human_address="{&quot;address&quot;:&quot;&quot;,&quot;city&quot;:&quot;&quot;,&quot;state&quot;:&quot;&quot;,&quot;zip&quot;:&quot;&quot;}" latitude="37.7965591194392" longitude="-122.417190884147" needs_recoding="false"/></row>