<?xml version="1.0" encoding="UTF-8"?><row _id="12625961" _uuid="F47A8136-D509-4F54-9ACF-9285BDB13459" _position="12625961" _address="http://data.sfgov.org/resource/ritf-b9ki/12625961"><incidntnum>156207407</incidntnum><category>LARCENY/THEFT</category><descript>GRAND THEFT FROM LOCKED AUTO</descript><dayofweek>Saturday</dayofweek><date>2015-08-22T00:00:00</date><time>18:30</time><pddistrict>NORTHERN</pddistrict><resolution>NONE</resolution><address>RICHARDSON AV / FRANCISCO ST</address><x>-122.447134443067</x><y>37.8003838958397</y><location human_address="{&quot;address&quot;:&quot;&quot;,&quot;city&quot;:&quot;&quot;,&quot;state&quot;:&quot;&quot;,&quot;zip&quot;:&quot;&quot;}" latitude="37.8003838958397" longitude="-122.447134443067" needs_recoding="false"/></row>