<?xml version="1.0" encoding="UTF-8"?><row _id="12639211" _uuid="058757DA-C6B1-4015-95E5-CAD4CD41CD40" _position="12639211" _address="http://data.sfgov.org/resource/ritf-b9ki/12639211"><incidntnum>150827956</incidntnum><category>BURGLARY</category><descript>BURGLARY OF RESIDENCE, UNLAWFUL ENTRY</descript><dayofweek>Monday</dayofweek><date>2015-09-21T00:00:00</date><time>04:26</time><pddistrict>NORTHERN</pddistrict><resolution>NONE</resolution><address>700 Block of STEINER ST</address><x>-122.43286830118</x><y>37.7761047393256</y><location human_address="{&quot;address&quot;:&quot;&quot;,&quot;city&quot;:&quot;&quot;,&quot;state&quot;:&quot;&quot;,&quot;zip&quot;:&quot;&quot;}" latitude="37.7761047393256" longitude="-122.43286830118" needs_recoding="false"/></row>