<?xml version="1.0" encoding="UTF-8"?><row _id="12625881" _uuid="83435CD2-AE6E-440A-8794-21DF2EEFC98F" _position="12625881" _address="http://data.sfgov.org/resource/ritf-b9ki/12625881"><incidntnum>150733541</incidntnum><category>OTHER OFFENSES</category><descript>DRIVERS LICENSE, SUSPENDED OR REVOKED</descript><dayofweek>Saturday</dayofweek><date>2015-08-22T00:00:00</date><time>08:32</time><pddistrict>TARAVAL</pddistrict><resolution>ARREST, BOOKED</resolution><address>19TH AV / SLOAT BL</address><x>-122.475102006298</x><y>37.734623708357</y><location human_address="{&quot;address&quot;:&quot;&quot;,&quot;city&quot;:&quot;&quot;,&quot;state&quot;:&quot;&quot;,&quot;zip&quot;:&quot;&quot;}" latitude="37.734623708357" longitude="-122.475102006298" needs_recoding="false"/></row>