<?xml version="1.0" encoding="UTF-8"?><row _id="12627978" _uuid="26DD9828-9B9C-4229-AA38-751A76118F57" _position="12627978" _address="http://data.sfgov.org/resource/ritf-b9ki/12627978"><incidntnum>150748954</incidntnum><category>WARRANTS</category><descript>PROBATION SEARCH</descript><dayofweek>Wednesday</dayofweek><date>2015-08-26T00:00:00</date><time>21:10</time><pddistrict>INGLESIDE</pddistrict><resolution>ARREST, BOOKED</resolution><address>600 Block of 28TH ST</address><x>-122.436786552245</x><y>37.7446415278976</y><location human_address="{&quot;address&quot;:&quot;&quot;,&quot;city&quot;:&quot;&quot;,&quot;state&quot;:&quot;&quot;,&quot;zip&quot;:&quot;&quot;}" latitude="37.7446415278976" longitude="-122.436786552245" needs_recoding="false"/></row>