<?xml version="1.0" encoding="UTF-8"?><row _id="12628117" _uuid="A61A7D3C-B0A9-4A85-A19C-89AD484FFA57" _position="12628117" _address="http://data.sfgov.org/resource/ritf-b9ki/12628117"><incidntnum>150749526</incidntnum><category>DRUNKENNESS</category><descript>UNDER INFLUENCE OF ALCOHOL IN A PUBLIC PLACE</descript><dayofweek>Thursday</dayofweek><date>2015-08-27T00:00:00</date><time>01:53</time><pddistrict>RICHMOND</pddistrict><resolution>ARREST, BOOKED</resolution><address>6100 Block of GEARY BL</address><x>-122.485290737594</x><y>37.7801886709059</y><location human_address="{&quot;address&quot;:&quot;&quot;,&quot;city&quot;:&quot;&quot;,&quot;state&quot;:&quot;&quot;,&quot;zip&quot;:&quot;&quot;}" latitude="37.7801886709059" longitude="-122.485290737594" needs_recoding="false"/></row>