<?xml version="1.0" encoding="UTF-8"?><row _id="12626152" _uuid="4ABD6B52-0527-46E7-8688-2B391C04019C" _position="12626152" _address="http://data.sfgov.org/resource/ritf-b9ki/12626152"><incidntnum>150733369</incidntnum><category>LIQUOR LAWS</category><descript>LICENSE REQUIRED TO SELL ALCOHOL</descript><dayofweek>Saturday</dayofweek><date>2015-08-22T00:00:00</date><time>03:06</time><pddistrict>SOUTHERN</pddistrict><resolution>ARREST, BOOKED</resolution><address>1500 Block of HOWARD ST</address><x>-122.416549895826</x><y>37.7720650956074</y><location human_address="{&quot;address&quot;:&quot;&quot;,&quot;city&quot;:&quot;&quot;,&quot;state&quot;:&quot;&quot;,&quot;zip&quot;:&quot;&quot;}" latitude="37.7720650956074" longitude="-122.416549895826" needs_recoding="false"/></row>