<?xml version="1.0" encoding="UTF-8"?><row _id="12626063" _uuid="2A901612-92D5-4859-A8CE-BE4B14C6C460" _position="12626063" _address="http://data.sfgov.org/resource/ritf-b9ki/12626063"><incidntnum>150735199</incidntnum><category>OTHER OFFENSES</category><descript>FAILURE TO REGISTER AS SEX OFFENDER</descript><dayofweek>Saturday</dayofweek><date>2015-08-22T00:00:00</date><time>18:06</time><pddistrict>BAYVIEW</pddistrict><resolution>ARREST, BOOKED</resolution><address>200 Block of WILLIAMS AV</address><x>-122.397744427103</x><y>37.7299346936044</y><location human_address="{&quot;address&quot;:&quot;&quot;,&quot;city&quot;:&quot;&quot;,&quot;state&quot;:&quot;&quot;,&quot;zip&quot;:&quot;&quot;}" latitude="37.7299346936044" longitude="-122.397744427103" needs_recoding="false"/></row>