<?xml version="1.0" encoding="UTF-8"?><row _id="12625928" _uuid="ADEA6502-7050-44ED-8BA3-9F6835B25D62" _position="12625928" _address="http://data.sfgov.org/resource/ritf-b9ki/12625928"><incidntnum>150736620</incidntnum><category>VEHICLE THEFT</category><descript>STOLEN AUTOMOBILE</descript><dayofweek>Saturday</dayofweek><date>2015-08-22T00:00:00</date><time>20:10</time><pddistrict>CENTRAL</pddistrict><resolution>NONE</resolution><address>BAY ST / TAYLOR ST</address><x>-122.415245418291</x><y>37.8054165242789</y><location human_address="{&quot;address&quot;:&quot;&quot;,&quot;city&quot;:&quot;&quot;,&quot;state&quot;:&quot;&quot;,&quot;zip&quot;:&quot;&quot;}" latitude="37.8054165242789" longitude="-122.415245418291" needs_recoding="false"/></row>