<?xml version="1.0" encoding="UTF-8"?><row _id="12625843" _uuid="4CE45BDD-E7CD-4FF8-85BD-5062FEE332A6" _position="12625843" _address="http://data.sfgov.org/resource/ritf-b9ki/12625843"><incidntnum>150732139</incidntnum><category>SUSPICIOUS OCC</category><descript>INVESTIGATIVE DETENTION</descript><dayofweek>Friday</dayofweek><date>2015-08-21T00:00:00</date><time>17:06</time><pddistrict>INGLESIDE</pddistrict><resolution>NONE</resolution><address>100 Block of BROOKDALE AV</address><x>-122.420864146521</x><y>37.71219982598</y><location human_address="{&quot;address&quot;:&quot;&quot;,&quot;city&quot;:&quot;&quot;,&quot;state&quot;:&quot;&quot;,&quot;zip&quot;:&quot;&quot;}" latitude="37.71219982598" longitude="-122.420864146521" needs_recoding="false"/></row>