<?xml version="1.0" encoding="UTF-8"?><row _id="12631574" _uuid="31242D4D-931E-4150-8711-8F93A13A58BA" _position="12631574" _address="http://data.sfgov.org/resource/ritf-b9ki/12631574"><incidntnum>150792901</incidntnum><category>VEHICLE THEFT</category><descript>STOLEN AUTOMOBILE</descript><dayofweek>Friday</dayofweek><date>2015-09-04T00:00:00</date><time>18:30</time><pddistrict>RICHMOND</pddistrict><resolution>NONE</resolution><address>CALIFORNIA ST / 21ST AV</address><x>-122.480726370909</x><y>37.7840762205565</y><location human_address="{&quot;address&quot;:&quot;&quot;,&quot;city&quot;:&quot;&quot;,&quot;state&quot;:&quot;&quot;,&quot;zip&quot;:&quot;&quot;}" latitude="37.7840762205565" longitude="-122.480726370909" needs_recoding="false"/></row>