<?xml version="1.0" encoding="UTF-8"?><row _id="12631342" _uuid="284576BD-0212-4258-923D-B18FB192EB54" _position="12631342" _address="http://data.sfgov.org/resource/ritf-b9ki/12631342"><incidntnum>150795262</incidntnum><category>FRAUD</category><descript>FRAUDULENT CREDIT APPLICATION</descript><dayofweek>Wednesday</dayofweek><date>2015-08-26T00:00:00</date><time>12:00</time><pddistrict>NORTHERN</pddistrict><resolution>NONE</resolution><address>600 Block of VANNESS AV</address><x>-122.420691386664</x><y>37.7814832523537</y><location human_address="{&quot;address&quot;:&quot;&quot;,&quot;city&quot;:&quot;&quot;,&quot;state&quot;:&quot;&quot;,&quot;zip&quot;:&quot;&quot;}" latitude="37.7814832523537" longitude="-122.420691386664" needs_recoding="false"/></row>