<?xml version="1.0" encoding="UTF-8"?><row _id="12640828" _uuid="DDC0FF2B-52DA-40CA-88C8-51C76298BDD3" _position="12640828" _address="http://data.sfgov.org/resource/ritf-b9ki/12640828"><incidntnum>150859959</incidntnum><category>SUSPICIOUS OCC</category><descript>SUSPICIOUS OCCURRENCE</descript><dayofweek>Thursday</dayofweek><date>2015-08-20T00:00:00</date><time>14:29</time><pddistrict>SOUTHERN</pddistrict><resolution>NONE</resolution><address>FOLSOM ST / 4TH ST</address><x>-122.401161555602</x><y>37.7820238478975</y><location human_address="{&quot;address&quot;:&quot;&quot;,&quot;city&quot;:&quot;&quot;,&quot;state&quot;:&quot;&quot;,&quot;zip&quot;:&quot;&quot;}" latitude="37.7820238478975" longitude="-122.401161555602" needs_recoding="false"/></row>