<?xml version="1.0" encoding="UTF-8"?><row _id="12621260" _uuid="6A23CF62-795E-46F2-A15A-63DC2BAC8F65" _position="12621260" _address="http://data.sfgov.org/resource/ritf-b9ki/12621260"><incidntnum>150725184</incidntnum><category>OTHER OFFENSES</category><descript>DRIVERS LICENSE, SUSPENDED OR REVOKED</descript><dayofweek>Wednesday</dayofweek><date>2015-08-19T00:00:00</date><time>16:58</time><pddistrict>SOUTHERN</pddistrict><resolution>ARREST, BOOKED</resolution><address>HARRISON ST / 8TH ST</address><x>-122.408518394535</x><y>37.773760403167</y><location human_address="{&quot;address&quot;:&quot;&quot;,&quot;city&quot;:&quot;&quot;,&quot;state&quot;:&quot;&quot;,&quot;zip&quot;:&quot;&quot;}" latitude="37.773760403167" longitude="-122.408518394535" needs_recoding="false"/></row>