<?xml version="1.0" encoding="UTF-8"?><row _id="12628948" _uuid="459647EA-8417-4350-A3CF-AF8B648729F5" _position="12628948" _address="http://data.sfgov.org/resource/ritf-b9ki/12628948"><incidntnum>150755802</incidntnum><category>OTHER OFFENSES</category><descript>MASSAGE ESTABLISHMENT PERMIT VIOLATION</descript><dayofweek>Friday</dayofweek><date>2015-08-28T00:00:00</date><time>21:17</time><pddistrict>RICHMOND</pddistrict><resolution>EXCEPTIONAL CLEARANCE</resolution><address>4000 Block of BALBOA ST</address><x>-122.502148728509</x><y>37.7755496261634</y><location human_address="{&quot;address&quot;:&quot;&quot;,&quot;city&quot;:&quot;&quot;,&quot;state&quot;:&quot;&quot;,&quot;zip&quot;:&quot;&quot;}" latitude="37.7755496261634" longitude="-122.502148728509" needs_recoding="false"/></row>