<?xml version="1.0" encoding="UTF-8"?><row _id="12626118" _uuid="C7631E77-AE0A-4ADF-8AC0-E81704D6BC10" _position="12626118" _address="http://data.sfgov.org/resource/ritf-b9ki/12626118"><incidntnum>150735547</incidntnum><category>VANDALISM</category><descript>MALICIOUS MISCHIEF, VANDALISM OF VEHICLES</descript><dayofweek>Saturday</dayofweek><date>2015-08-22T00:00:00</date><time>20:00</time><pddistrict>TARAVAL</pddistrict><resolution>NONE</resolution><address>2200 Block of 19TH AV</address><x>-122.475964518088</x><y>37.7458268845199</y><location human_address="{&quot;address&quot;:&quot;&quot;,&quot;city&quot;:&quot;&quot;,&quot;state&quot;:&quot;&quot;,&quot;zip&quot;:&quot;&quot;}" latitude="37.7458268845199" longitude="-122.475964518088" needs_recoding="false"/></row>