<?xml version="1.0" encoding="UTF-8"?><row _id="12626332" _uuid="BADF6187-8D04-46C1-9BEC-8DA8490F5E3D" _position="12626332" _address="http://data.sfgov.org/resource/ritf-b9ki/12626332"><incidntnum>150736476</incidntnum><category>OTHER OFFENSES</category><descript>POSSESSION OF BURGLARY TOOLS</descript><dayofweek>Sunday</dayofweek><date>2015-08-23T00:00:00</date><time>02:20</time><pddistrict>PARK</pddistrict><resolution>ARREST, BOOKED</resolution><address>OAK ST / SCOTT ST</address><x>-122.435753024583</x><y>37.7733438011236</y><location human_address="{&quot;address&quot;:&quot;&quot;,&quot;city&quot;:&quot;&quot;,&quot;state&quot;:&quot;&quot;,&quot;zip&quot;:&quot;&quot;}" latitude="37.7733438011236" longitude="-122.435753024583" needs_recoding="false"/></row>