<?xml version="1.0" encoding="UTF-8"?><row _id="12630001" _uuid="65D4BB20-363F-4E57-B4A6-EEC9A7987907" _position="12630001" _address="http://data.sfgov.org/resource/ritf-b9ki/12630001"><incidntnum>150764132</incidntnum><category>OTHER OFFENSES</category><descript>DRIVERS LICENSE, SUSPENDED OR REVOKED</descript><dayofweek>Monday</dayofweek><date>2015-08-31T00:00:00</date><time>04:09</time><pddistrict>SOUTHERN</pddistrict><resolution>ARREST, BOOKED</resolution><address>2ND ST / BRYANT ST</address><x>-122.393622739343</x><y>37.7830791191471</y><location human_address="{&quot;address&quot;:&quot;&quot;,&quot;city&quot;:&quot;&quot;,&quot;state&quot;:&quot;&quot;,&quot;zip&quot;:&quot;&quot;}" latitude="37.7830791191471" longitude="-122.393622739343" needs_recoding="false"/></row>