<?xml version="1.0" encoding="UTF-8"?><row _id="12626087" _uuid="A69495AD-D528-4D52-B164-570C35C657D6" _position="12626087" _address="http://data.sfgov.org/resource/ritf-b9ki/12626087"><incidntnum>150737173</incidntnum><category>NON-CRIMINAL</category><descript>FOUND PROPERTY</descript><dayofweek>Saturday</dayofweek><date>2015-08-22T00:00:00</date><time>07:00</time><pddistrict>INGLESIDE</pddistrict><resolution>NONE</resolution><address>900 Block of MOSCOW ST</address><x>-122.433330086987</x><y>37.7138142313922</y><location human_address="{&quot;address&quot;:&quot;&quot;,&quot;city&quot;:&quot;&quot;,&quot;state&quot;:&quot;&quot;,&quot;zip&quot;:&quot;&quot;}" latitude="37.7138142313922" longitude="-122.433330086987" needs_recoding="false"/></row>