<?xml version="1.0" encoding="UTF-8"?><row _id="12625640" _uuid="E8747D1D-5EC1-4159-8D52-973113012760" _position="12625640" _address="http://data.sfgov.org/resource/ritf-b9ki/12625640"><incidntnum>150738864</incidntnum><category>BURGLARY</category><descript>BURGLARY OF APARTMENT HOUSE, UNLAWFUL ENTRY</descript><dayofweek>Friday</dayofweek><date>2015-08-21T00:00:00</date><time>05:30</time><pddistrict>NORTHERN</pddistrict><resolution>NONE</resolution><address>2200 Block of PACIFIC AV</address><x>-122.43229520935</x><y>37.7937145536167</y><location human_address="{&quot;address&quot;:&quot;&quot;,&quot;city&quot;:&quot;&quot;,&quot;state&quot;:&quot;&quot;,&quot;zip&quot;:&quot;&quot;}" latitude="37.7937145536167" longitude="-122.43229520935" needs_recoding="false"/></row>