<?xml version="1.0" encoding="UTF-8"?><row _id="12628000" _uuid="F64332F2-E02A-4E21-8574-B6D04036510C" _position="12628000" _address="http://data.sfgov.org/resource/ritf-b9ki/12628000"><incidntnum>150752319</incidntnum><category>NON-CRIMINAL</category><descript>FOUND PROPERTY</descript><dayofweek>Thursday</dayofweek><date>2015-08-27T00:00:00</date><time>16:00</time><pddistrict>SOUTHERN</pddistrict><resolution>NONE</resolution><address>MARKET ST / 4TH ST</address><x>-122.405832474482</x><y>37.7857446545609</y><location human_address="{&quot;address&quot;:&quot;&quot;,&quot;city&quot;:&quot;&quot;,&quot;state&quot;:&quot;&quot;,&quot;zip&quot;:&quot;&quot;}" latitude="37.7857446545609" longitude="-122.405832474482" needs_recoding="false"/></row>