<?xml version="1.0" encoding="UTF-8"?><row _id="12644967" _uuid="F807221F-F0AC-40FC-9B08-EB95E6FA2FA6" _position="12644967" _address="http://data.sfgov.org/resource/ritf-b9ki/12644967"><incidntnum>150899610</incidntnum><category>OTHER OFFENSES</category><descript>FALSE PERSONATION TO RECEIVE MONEY OR PROPERTY</descript><dayofweek>Thursday</dayofweek><date>2015-08-27T00:00:00</date><time>00:01</time><pddistrict>RICHMOND</pddistrict><resolution>NONE</resolution><address>800 Block of 41ST AV</address><x>-122.501463002043</x><y>37.7726989999647</y><location human_address="{&quot;address&quot;:&quot;&quot;,&quot;city&quot;:&quot;&quot;,&quot;state&quot;:&quot;&quot;,&quot;zip&quot;:&quot;&quot;}" latitude="37.7726989999647" longitude="-122.501463002043" needs_recoding="false"/></row>