<?xml version="1.0" encoding="UTF-8"?><row _id="12627265" _uuid="61642C90-80DE-4C10-ADAC-F6C3DB52A905" _position="12627265" _address="http://data.sfgov.org/resource/ritf-b9ki/12627265"><incidntnum>150742611</incidntnum><category>LARCENY/THEFT</category><descript>GRAND THEFT FROM PERSON</descript><dayofweek>Tuesday</dayofweek><date>2015-08-25T00:00:00</date><time>00:11</time><pddistrict>PARK</pddistrict><resolution>NONE</resolution><address>FULTON ST / SCOTT ST</address><x>-122.436507619977</x><y>37.7770672269836</y><location human_address="{&quot;address&quot;:&quot;&quot;,&quot;city&quot;:&quot;&quot;,&quot;state&quot;:&quot;&quot;,&quot;zip&quot;:&quot;&quot;}" latitude="37.7770672269836" longitude="-122.436507619977" needs_recoding="false"/></row>