<?xml version="1.0" encoding="UTF-8"?><row _id="12639569" _uuid="35174CB6-5B7F-4D74-B150-747614B0F9F5" _position="12639569" _address="http://data.sfgov.org/resource/ritf-b9ki/12639569"><incidntnum>150831361</incidntnum><category>ASSAULT</category><descript>BATTERY</descript><dayofweek>Tuesday</dayofweek><date>2015-09-22T00:00:00</date><time>08:40</time><pddistrict>INGLESIDE</pddistrict><resolution>NONE</resolution><address>ALEMANY BL / CONGDON ST</address><x>-122.426163478168</x><y>37.7311679321079</y><location human_address="{&quot;address&quot;:&quot;&quot;,&quot;city&quot;:&quot;&quot;,&quot;state&quot;:&quot;&quot;,&quot;zip&quot;:&quot;&quot;}" latitude="37.7311679321079" longitude="-122.426163478168" needs_recoding="false"/></row>