<?xml version="1.0" encoding="UTF-8"?><row _id="12626296" _uuid="E1146D2B-1062-4C8E-8B58-A168822C1F8A" _position="12626296" _address="http://data.sfgov.org/resource/ritf-b9ki/12626296"><incidntnum>150734113</incidntnum><category>ASSAULT</category><descript>BATTERY, FORMER SPOUSE OR DATING RELATIONSHIP</descript><dayofweek>Saturday</dayofweek><date>2015-08-22T00:00:00</date><time>12:00</time><pddistrict>MISSION</pddistrict><resolution>NONE</resolution><address>LEXINGTON ST / 20TH ST</address><x>-122.420507073662</x><y>37.7585455359264</y><location human_address="{&quot;address&quot;:&quot;&quot;,&quot;city&quot;:&quot;&quot;,&quot;state&quot;:&quot;&quot;,&quot;zip&quot;:&quot;&quot;}" latitude="37.7585455359264" longitude="-122.420507073662" needs_recoding="false"/></row>