<?xml version="1.0" encoding="UTF-8"?><row _id="12654065" _uuid="BEE1C374-0D8C-4786-A11C-177427BD15D2" _position="12654065" _address="http://data.sfgov.org/resource/ritf-b9ki/12654065"><incidntnum>150945229</incidntnum><category>LARCENY/THEFT</category><descript>GRAND THEFT FROM A BUILDING</descript><dayofweek>Sunday</dayofweek><date>2015-09-06T00:00:00</date><time>16:00</time><pddistrict>SOUTHERN</pddistrict><resolution>NONE</resolution><address>0 Block of 10TH ST</address><x>-122.41725760507</x><y>37.7762695066166</y><location human_address="{&quot;address&quot;:&quot;&quot;,&quot;city&quot;:&quot;&quot;,&quot;state&quot;:&quot;&quot;,&quot;zip&quot;:&quot;&quot;}" latitude="37.7762695066166" longitude="-122.41725760507" needs_recoding="false"/></row>