<?xml version="1.0" encoding="UTF-8"?><row _id="12627514" _uuid="A08635C0-4842-452F-AAB6-1B5B03D7E095" _position="12627514" _address="http://data.sfgov.org/resource/ritf-b9ki/12627514"><incidntnum>150745671</incidntnum><category>ASSAULT</category><descript>UNLAWFUL DISSUADING/THREATENING OF A WITNESS</descript><dayofweek>Tuesday</dayofweek><date>2015-08-25T00:00:00</date><time>21:30</time><pddistrict>INGLESIDE</pddistrict><resolution>NONE</resolution><address>100 Block of BROOKDALE AV</address><x>-122.423098270217</x><y>37.7103045151288</y><location human_address="{&quot;address&quot;:&quot;&quot;,&quot;city&quot;:&quot;&quot;,&quot;state&quot;:&quot;&quot;,&quot;zip&quot;:&quot;&quot;}" latitude="37.7103045151288" longitude="-122.423098270217" needs_recoding="false"/></row>