<?xml version="1.0" encoding="UTF-8"?><row _id="12623858" _uuid="34A2C9A1-85D4-40BF-989B-BF984179F536" _position="12623858" _address="http://data.sfgov.org/resource/ritf-b9ki/12623858"><incidntnum>150731777</incidntnum><category>LARCENY/THEFT</category><descript>GRAND THEFT FROM A BUILDING</descript><dayofweek>Thursday</dayofweek><date>2015-08-20T00:00:00</date><time>20:30</time><pddistrict>SOUTHERN</pddistrict><resolution>NONE</resolution><address>800 Block of MARKET ST</address><x>-122.407633520742</x><y>37.7841893501425</y><location human_address="{&quot;address&quot;:&quot;&quot;,&quot;city&quot;:&quot;&quot;,&quot;state&quot;:&quot;&quot;,&quot;zip&quot;:&quot;&quot;}" latitude="37.7841893501425" longitude="-122.407633520742" needs_recoding="false"/></row>