<?xml version="1.0" encoding="UTF-8"?><row _id="12627746" _uuid="2C89FF54-1012-4986-9AE4-092C6ECC8248" _position="12627746" _address="http://data.sfgov.org/resource/ritf-b9ki/12627746"><incidntnum>150747843</incidntnum><category>MISSING PERSON</category><descript>MISSING ADULT</descript><dayofweek>Wednesday</dayofweek><date>2015-08-26T00:00:00</date><time>13:15</time><pddistrict>TARAVAL</pddistrict><resolution>NONE</resolution><address>200 Block of SKYLINEBLVD HY</address><x>-122.500506088998</x><y>37.7299809513978</y><location human_address="{&quot;address&quot;:&quot;&quot;,&quot;city&quot;:&quot;&quot;,&quot;state&quot;:&quot;&quot;,&quot;zip&quot;:&quot;&quot;}" latitude="37.7299809513978" longitude="-122.500506088998" needs_recoding="false"/></row>