<?xml version="1.0" encoding="UTF-8"?><row _id="12627294" _uuid="93684034-660B-44A7-97CA-13DFF8F4EF41" _position="12627294" _address="http://data.sfgov.org/resource/ritf-b9ki/12627294"><incidntnum>150745007</incidntnum><category>VANDALISM</category><descript>MALICIOUS MISCHIEF, VANDALISM OF VEHICLES</descript><dayofweek>Tuesday</dayofweek><date>2015-08-25T00:00:00</date><time>17:16</time><pddistrict>BAYVIEW</pddistrict><resolution>ARREST, BOOKED</resolution><address>3RD ST / WILLIAMS AV</address><x>-122.392625489263</x><y>37.7292804432175</y><location human_address="{&quot;address&quot;:&quot;&quot;,&quot;city&quot;:&quot;&quot;,&quot;state&quot;:&quot;&quot;,&quot;zip&quot;:&quot;&quot;}" latitude="37.7292804432175" longitude="-122.392625489263" needs_recoding="false"/></row>