<?xml version="1.0" encoding="UTF-8"?><row _id="12624750" _uuid="5B8A8E78-4850-47EC-B6C8-7E9F6599C453" _position="12624750" _address="http://data.sfgov.org/resource/ritf-b9ki/12624750"><incidntnum>150731266</incidntnum><category>OTHER OFFENSES</category><descript>LOST/STOLEN LICENSE PLATE</descript><dayofweek>Thursday</dayofweek><date>2015-08-20T00:00:00</date><time>16:30</time><pddistrict>RICHMOND</pddistrict><resolution>NONE</resolution><address>600 Block of 23RD AV</address><x>-122.48218073183</x><y>37.77545243702</y><location human_address="{&quot;address&quot;:&quot;&quot;,&quot;city&quot;:&quot;&quot;,&quot;state&quot;:&quot;&quot;,&quot;zip&quot;:&quot;&quot;}" latitude="37.77545243702" longitude="-122.48218073183" needs_recoding="false"/></row>