<?xml version="1.0" encoding="UTF-8"?><row _id="12627973" _uuid="A295A162-C527-4C48-A091-545E7582A468" _position="12627973" _address="http://data.sfgov.org/resource/ritf-b9ki/12627973"><incidntnum>150747912</incidntnum><category>WARRANTS</category><descript>PROBATION SEARCH</descript><dayofweek>Wednesday</dayofweek><date>2015-08-26T00:00:00</date><time>15:36</time><pddistrict>MISSION</pddistrict><resolution>NONE</resolution><address>2000 Block of MISSION ST</address><x>-122.41965834371</x><y>37.7642205603745</y><location human_address="{&quot;address&quot;:&quot;&quot;,&quot;city&quot;:&quot;&quot;,&quot;state&quot;:&quot;&quot;,&quot;zip&quot;:&quot;&quot;}" latitude="37.7642205603745" longitude="-122.41965834371" needs_recoding="false"/></row>