<?xml version="1.0" encoding="UTF-8"?><row _id="12631270" _uuid="CE55AE80-D7ED-4546-BF23-87D1E914F361" _position="12631270" _address="http://data.sfgov.org/resource/ritf-b9ki/12631270"><incidntnum>150750608</incidntnum><category>LARCENY/THEFT</category><descript>PETTY THEFT FROM LOCKED AUTO</descript><dayofweek>Monday</dayofweek><date>2015-08-24T00:00:00</date><time>18:00</time><pddistrict>BAYVIEW</pddistrict><resolution>NONE</resolution><address>1500 Block of PALOU AV</address><x>-122.389979849085</x><y>37.7335216083743</y><location human_address="{&quot;address&quot;:&quot;&quot;,&quot;city&quot;:&quot;&quot;,&quot;state&quot;:&quot;&quot;,&quot;zip&quot;:&quot;&quot;}" latitude="37.7335216083743" longitude="-122.389979849085" needs_recoding="false"/></row>