<?xml version="1.0" encoding="UTF-8"?><row _id="12624729" _uuid="3F68F272-06F4-402C-BA11-D72DFF603623" _position="12624729" _address="http://data.sfgov.org/resource/ritf-b9ki/12624729"><incidntnum>150728263</incidntnum><category>OTHER OFFENSES</category><descript>POSSESSION OF BURGLARY TOOLS</descript><dayofweek>Thursday</dayofweek><date>2015-08-20T00:00:00</date><time>16:20</time><pddistrict>CENTRAL</pddistrict><resolution>ARREST, BOOKED</resolution><address>2400 Block of LEAVENWORTH ST</address><x>-122.418135149945</x><y>37.8034015647462</y><location human_address="{&quot;address&quot;:&quot;&quot;,&quot;city&quot;:&quot;&quot;,&quot;state&quot;:&quot;&quot;,&quot;zip&quot;:&quot;&quot;}" latitude="37.8034015647462" longitude="-122.418135149945" needs_recoding="false"/></row>