<?xml version="1.0" encoding="UTF-8"?><row _id="12625856" _uuid="87BB6AD9-FDF8-409C-92D4-BA82C7AA9D68" _position="12625856" _address="http://data.sfgov.org/resource/ritf-b9ki/12625856"><incidntnum>150732991</incidntnum><category>DRUNKENNESS</category><descript>UNDER INFLUENCE OF ALCOHOL IN A PUBLIC PLACE</descript><dayofweek>Saturday</dayofweek><date>2015-08-22T00:00:00</date><time>00:55</time><pddistrict>MISSION</pddistrict><resolution>NONE</resolution><address>21ST ST / FOLSOM ST</address><x>-122.414544668561</x><y>37.7572992974101</y><location human_address="{&quot;address&quot;:&quot;&quot;,&quot;city&quot;:&quot;&quot;,&quot;state&quot;:&quot;&quot;,&quot;zip&quot;:&quot;&quot;}" latitude="37.7572992974101" longitude="-122.414544668561" needs_recoding="false"/></row>