<?xml version="1.0" encoding="UTF-8"?><row _id="12634069" _uuid="E1005B10-FF02-41BB-851A-B815D82C9C0D" _position="12634069" _address="http://data.sfgov.org/resource/ritf-b9ki/12634069"><incidntnum>150790513</incidntnum><category>WEAPON LAWS</category><descript>AMMUNITION, POSS. BY PROHIBITED PERSON</descript><dayofweek>Wednesday</dayofweek><date>2015-09-09T00:00:00</date><time>01:46</time><pddistrict>MISSION</pddistrict><resolution>ARREST, BOOKED</resolution><address>18TH ST / SHOTWELL ST</address><x>-122.416078423909</x><y>37.7620347866519</y><location human_address="{&quot;address&quot;:&quot;&quot;,&quot;city&quot;:&quot;&quot;,&quot;state&quot;:&quot;&quot;,&quot;zip&quot;:&quot;&quot;}" latitude="37.7620347866519" longitude="-122.416078423909" needs_recoding="false"/></row>