<?xml version="1.0" encoding="UTF-8"?><row _id="12628366" _uuid="E266B8E3-B24E-4395-A786-2495888DDAF1" _position="12628366" _address="http://data.sfgov.org/resource/ritf-b9ki/12628366"><incidntnum>150750040</incidntnum><category>ASSAULT</category><descript>BATTERY</descript><dayofweek>Thursday</dayofweek><date>2015-08-27T00:00:00</date><time>08:15</time><pddistrict>RICHMOND</pddistrict><resolution>NONE</resolution><address>3800 Block of FULTON ST</address><x>-122.472877419428</x><y>37.7731428577933</y><location human_address="{&quot;address&quot;:&quot;&quot;,&quot;city&quot;:&quot;&quot;,&quot;state&quot;:&quot;&quot;,&quot;zip&quot;:&quot;&quot;}" latitude="37.7731428577933" longitude="-122.472877419428" needs_recoding="false"/></row>