<?xml version="1.0" encoding="UTF-8"?><row _id="12627223" _uuid="F756672F-5730-4880-BDA4-D115980A86FB" _position="12627223" _address="http://data.sfgov.org/resource/ritf-b9ki/12627223"><incidntnum>150740013</incidntnum><category>NON-CRIMINAL</category><descript>STAY AWAY OR COURT ORDER, NON-DV RELATED</descript><dayofweek>Monday</dayofweek><date>2015-08-24T00:00:00</date><time>10:00</time><pddistrict>SOUTHERN</pddistrict><resolution>ARREST, BOOKED</resolution><address>800 Block of MARKET ST</address><x>-122.407633520742</x><y>37.7841893501425</y><location human_address="{&quot;address&quot;:&quot;&quot;,&quot;city&quot;:&quot;&quot;,&quot;state&quot;:&quot;&quot;,&quot;zip&quot;:&quot;&quot;}" latitude="37.7841893501425" longitude="-122.407633520742" needs_recoding="false"/></row>