<?xml version="1.0" encoding="UTF-8"?><row _id="12625354" _uuid="B143FCB8-CC79-4E06-BDE5-0BF8CFBD3075" _position="12625354" _address="http://data.sfgov.org/resource/ritf-b9ki/12625354"><incidntnum>150731749</incidntnum><category>OTHER OFFENSES</category><descript>TRAFFIC VIOLATION ARREST</descript><dayofweek>Friday</dayofweek><date>2015-08-21T00:00:00</date><time>17:33</time><pddistrict>BAYVIEW</pddistrict><resolution>ARREST, BOOKED</resolution><address>3RD ST / MCKINNON AV</address><x>-122.39014671644</x><y>37.7363908050669</y><location human_address="{&quot;address&quot;:&quot;&quot;,&quot;city&quot;:&quot;&quot;,&quot;state&quot;:&quot;&quot;,&quot;zip&quot;:&quot;&quot;}" latitude="37.7363908050669" longitude="-122.39014671644" needs_recoding="false"/></row>