<?xml version="1.0" encoding="UTF-8"?><row _id="12632707" _uuid="04766673-6435-4A01-A9D0-B9638353D8D9" _position="12632707" _address="http://data.sfgov.org/resource/ritf-b9ki/12632707"><incidntnum>150784889</incidntnum><category>NON-CRIMINAL</category><descript>DEATH REPORT, CAUSE UNKNOWN</descript><dayofweek>Sunday</dayofweek><date>2015-09-06T00:00:00</date><time>15:10</time><pddistrict>TARAVAL</pddistrict><resolution>NONE</resolution><address>1400 Block of 40TH AV</address><x>-122.499360643056</x><y>37.7597598297406</y><location human_address="{&quot;address&quot;:&quot;&quot;,&quot;city&quot;:&quot;&quot;,&quot;state&quot;:&quot;&quot;,&quot;zip&quot;:&quot;&quot;}" latitude="37.7597598297406" longitude="-122.499360643056" needs_recoding="false"/></row>