<?xml version="1.0" encoding="UTF-8"?><row _id="12627045" _uuid="5D6ABA29-C1F3-42FF-85FA-E8B618AF9186" _position="12627045" _address="http://data.sfgov.org/resource/ritf-b9ki/12627045"><incidntnum>150741522</incidntnum><category>LARCENY/THEFT</category><descript>GRAND THEFT FROM PERSON</descript><dayofweek>Monday</dayofweek><date>2015-08-24T00:00:00</date><time>15:30</time><pddistrict>RICHMOND</pddistrict><resolution>NONE</resolution><address>3600 Block of CALIFORNIA ST</address><x>-122.454092723279</x><y>37.7862748742981</y><location human_address="{&quot;address&quot;:&quot;&quot;,&quot;city&quot;:&quot;&quot;,&quot;state&quot;:&quot;&quot;,&quot;zip&quot;:&quot;&quot;}" latitude="37.7862748742981" longitude="-122.454092723279" needs_recoding="false"/></row>