<?xml version="1.0" encoding="UTF-8"?><row _id="12626307" _uuid="73521A0A-CC74-422A-AA41-640BF04AFB45" _position="12626307" _address="http://data.sfgov.org/resource/ritf-b9ki/12626307"><incidntnum>150733977</incidntnum><category>OTHER OFFENSES</category><descript>VIOLATION OF STAY AWAY ORDER</descript><dayofweek>Saturday</dayofweek><date>2015-08-22T00:00:00</date><time>10:45</time><pddistrict>CENTRAL</pddistrict><resolution>ARREST, BOOKED</resolution><address>400 Block of STOCKTON ST</address><x>-122.406977563692</x><y>37.789918101686</y><location human_address="{&quot;address&quot;:&quot;&quot;,&quot;city&quot;:&quot;&quot;,&quot;state&quot;:&quot;&quot;,&quot;zip&quot;:&quot;&quot;}" latitude="37.789918101686" longitude="-122.406977563692" needs_recoding="false"/></row>