<?xml version="1.0" encoding="UTF-8"?><row _id="12627048" _uuid="8083541F-DDCE-41EF-9A37-1343F3FE7BC3" _position="12627048" _address="http://data.sfgov.org/resource/ritf-b9ki/12627048"><incidntnum>150741685</incidntnum><category>ROBBERY</category><descript>ROBBERY, BODILY FORCE</descript><dayofweek>Monday</dayofweek><date>2015-08-24T00:00:00</date><time>17:30</time><pddistrict>INGLESIDE</pddistrict><resolution>NONE</resolution><address>2100 Block of SUNNYDALE AV</address><x>-122.420994006324</x><y>37.7132850583685</y><location human_address="{&quot;address&quot;:&quot;&quot;,&quot;city&quot;:&quot;&quot;,&quot;state&quot;:&quot;&quot;,&quot;zip&quot;:&quot;&quot;}" latitude="37.7132850583685" longitude="-122.420994006324" needs_recoding="false"/></row>