<?xml version="1.0" encoding="UTF-8"?><row _id="12626836" _uuid="C088B663-5664-495F-9765-15E51B5D3E81" _position="12626836" _address="http://data.sfgov.org/resource/ritf-b9ki/12626836"><incidntnum>150740320</incidntnum><category>WARRANTS</category><descript>WARRANT ARREST</descript><dayofweek>Monday</dayofweek><date>2015-08-24T00:00:00</date><time>11:45</time><pddistrict>NORTHERN</pddistrict><resolution>ARREST, BOOKED</resolution><address>VANNESS AV / VALLEJO ST</address><x>-122.423605337517</x><y>37.7966908906411</y><location human_address="{&quot;address&quot;:&quot;&quot;,&quot;city&quot;:&quot;&quot;,&quot;state&quot;:&quot;&quot;,&quot;zip&quot;:&quot;&quot;}" latitude="37.7966908906411" longitude="-122.423605337517" needs_recoding="false"/></row>