<?xml version="1.0" encoding="UTF-8"?><row _id="12628984" _uuid="5E4CCC51-0C5B-4527-A88E-384C34823FBF" _position="12628984" _address="http://data.sfgov.org/resource/ritf-b9ki/12628984"><incidntnum>150756145</incidntnum><category>WARRANTS</category><descript>ENROUTE TO OUTSIDE JURISDICTION</descript><dayofweek>Saturday</dayofweek><date>2015-08-29T00:00:00</date><time>23:28</time><pddistrict>NORTHERN</pddistrict><resolution>ARREST, BOOKED</resolution><address>POLK ST / UNION ST</address><x>-122.422340020122</x><y>37.7987607166938</y><location human_address="{&quot;address&quot;:&quot;&quot;,&quot;city&quot;:&quot;&quot;,&quot;state&quot;:&quot;&quot;,&quot;zip&quot;:&quot;&quot;}" latitude="37.7987607166938" longitude="-122.422340020122" needs_recoding="false"/></row>