<?xml version="1.0" encoding="UTF-8"?><row _id="12626618" _uuid="32F5936F-E1C5-47AB-B474-A1ADDCA8631D" _position="12626618" _address="http://data.sfgov.org/resource/ritf-b9ki/12626618"><incidntnum>150742398</incidntnum><category>NON-CRIMINAL</category><descript>FOUND PROPERTY</descript><dayofweek>Sunday</dayofweek><date>2015-08-23T00:00:00</date><time>14:00</time><pddistrict>CENTRAL</pddistrict><resolution>NONE</resolution><address>300 Block of THE EMBARCADERONORTH ST</address><x>-122.396374439116</x><y>37.7980532528058</y><location human_address="{&quot;address&quot;:&quot;&quot;,&quot;city&quot;:&quot;&quot;,&quot;state&quot;:&quot;&quot;,&quot;zip&quot;:&quot;&quot;}" latitude="37.7980532528058" longitude="-122.396374439116" needs_recoding="false"/></row>