<?xml version="1.0" encoding="UTF-8"?><row _id="12625817" _uuid="56CF5789-FCE8-4F93-8F0C-81B0CE91F04D" _position="12625817" _address="http://data.sfgov.org/resource/ritf-b9ki/12625817"><incidntnum>150729512</incidntnum><category>SUSPICIOUS OCC</category><descript>INVESTIGATIVE DETENTION</descript><dayofweek>Friday</dayofweek><date>2015-08-21T00:00:00</date><time>01:10</time><pddistrict>BAYVIEW</pddistrict><resolution>NONE</resolution><address>KEITH ST / ARMSTRONG AV</address><x>-122.392236398643</x><y>37.7262238755332</y><location human_address="{&quot;address&quot;:&quot;&quot;,&quot;city&quot;:&quot;&quot;,&quot;state&quot;:&quot;&quot;,&quot;zip&quot;:&quot;&quot;}" latitude="37.7262238755332" longitude="-122.392236398643" needs_recoding="false"/></row>