<?xml version="1.0" encoding="UTF-8"?><row _id="12620869" _uuid="249E0654-C738-41DB-952C-170C05FF0B75" _position="12620869" _address="http://data.sfgov.org/resource/ritf-b9ki/12620869"><incidntnum>150725601</incidntnum><category>OTHER OFFENSES</category><descript>RESISTING ARREST</descript><dayofweek>Wednesday</dayofweek><date>2015-08-19T00:00:00</date><time>18:38</time><pddistrict>INGLESIDE</pddistrict><resolution>ARREST, BOOKED</resolution><address>WILDER ST / DIAMOND ST</address><x>-122.433946344246</x><y>37.7342598516759</y><location human_address="{&quot;address&quot;:&quot;&quot;,&quot;city&quot;:&quot;&quot;,&quot;state&quot;:&quot;&quot;,&quot;zip&quot;:&quot;&quot;}" latitude="37.7342598516759" longitude="-122.433946344246" needs_recoding="false"/></row>