<?xml version="1.0" encoding="UTF-8"?><row _id="12626412" _uuid="6E0F2E9D-89A6-4456-A519-77ED50EE9350" _position="12626412" _address="http://data.sfgov.org/resource/ritf-b9ki/12626412"><incidntnum>150738717</incidntnum><category>OTHER OFFENSES</category><descript>DRIVERS LICENSE, SUSPENDED OR REVOKED</descript><dayofweek>Sunday</dayofweek><date>2015-08-23T00:00:00</date><time>21:50</time><pddistrict>SOUTHERN</pddistrict><resolution>ARREST, BOOKED</resolution><address>8TH ST / MISSION ST</address><x>-122.41316085097</x><y>37.7774566611807</y><location human_address="{&quot;address&quot;:&quot;&quot;,&quot;city&quot;:&quot;&quot;,&quot;state&quot;:&quot;&quot;,&quot;zip&quot;:&quot;&quot;}" latitude="37.7774566611807" longitude="-122.41316085097" needs_recoding="false"/></row>