<?xml version="1.0" encoding="UTF-8"?><row _id="12628835" _uuid="BD72BF16-F717-44E3-B8A9-26B624FADF7E" _position="12628835" _address="http://data.sfgov.org/resource/ritf-b9ki/12628835"><incidntnum>150769609</incidntnum><category>FRAUD</category><descript>CREDIT CARD, THEFT BY USE OF</descript><dayofweek>Friday</dayofweek><date>2015-08-28T00:00:00</date><time>10:16</time><pddistrict>NORTHERN</pddistrict><resolution>NONE</resolution><address>2000 Block of FRANKLIN ST</address><x>-122.42453937013</x><y>37.7933007783531</y><location human_address="{&quot;address&quot;:&quot;&quot;,&quot;city&quot;:&quot;&quot;,&quot;state&quot;:&quot;&quot;,&quot;zip&quot;:&quot;&quot;}" latitude="37.7933007783531" longitude="-122.42453937013" needs_recoding="false"/></row>