<?xml version="1.0" encoding="UTF-8"?><row _id="12649900" _uuid="FA177536-18A7-406C-9282-8084BBAB8094" _position="12649900" _address="http://data.sfgov.org/resource/ritf-b9ki/12649900"><incidntnum>156257941</incidntnum><category>LARCENY/THEFT</category><descript>GRAND THEFT FROM LOCKED AUTO</descript><dayofweek>Wednesday</dayofweek><date>2015-09-02T00:00:00</date><time>17:10</time><pddistrict>TENDERLOIN</pddistrict><resolution>NONE</resolution><address>TURK ST / LEAVENWORTH ST</address><x>-122.414056291891</x><y>37.7827931071006</y><location human_address="{&quot;address&quot;:&quot;&quot;,&quot;city&quot;:&quot;&quot;,&quot;state&quot;:&quot;&quot;,&quot;zip&quot;:&quot;&quot;}" latitude="37.7827931071006" longitude="-122.414056291891" needs_recoding="false"/></row>