<?xml version="1.0" encoding="UTF-8"?><row _id="12627628" _uuid="6592C3AD-6587-4F48-920C-9EC228AE35EE" _position="12627628" _address="http://data.sfgov.org/resource/ritf-b9ki/12627628"><incidntnum>150748891</incidntnum><category>VANDALISM</category><descript>MALICIOUS MISCHIEF, VANDALISM OF VEHICLES</descript><dayofweek>Wednesday</dayofweek><date>2015-08-26T00:00:00</date><time>20:30</time><pddistrict>SOUTHERN</pddistrict><resolution>NONE</resolution><address>9TH ST / HOWARD ST</address><x>-122.413163134276</x><y>37.7749926445385</y><location human_address="{&quot;address&quot;:&quot;&quot;,&quot;city&quot;:&quot;&quot;,&quot;state&quot;:&quot;&quot;,&quot;zip&quot;:&quot;&quot;}" latitude="37.7749926445385" longitude="-122.413163134276" needs_recoding="false"/></row>