<?xml version="1.0" encoding="UTF-8"?><row _id="12626357" _uuid="D02BE969-239C-4D0B-922F-A5F798156C5A" _position="12626357" _address="http://data.sfgov.org/resource/ritf-b9ki/12626357"><incidntnum>150736169</incidntnum><category>ASSAULT</category><descript>AGGRAVATED ASSAULT WITH BODILY FORCE</descript><dayofweek>Sunday</dayofweek><date>2015-08-23T00:00:00</date><time>00:20</time><pddistrict>RICHMOND</pddistrict><resolution>ARREST, BOOKED</resolution><address>40TH AV / CABRILLO ST</address><x>-122.500386559483</x><y>37.7736986396199</y><location human_address="{&quot;address&quot;:&quot;&quot;,&quot;city&quot;:&quot;&quot;,&quot;state&quot;:&quot;&quot;,&quot;zip&quot;:&quot;&quot;}" latitude="37.7736986396199" longitude="-122.500386559483" needs_recoding="false"/></row>