<?xml version="1.0" encoding="UTF-8"?><row _id="12626321" _uuid="13705F26-E8C6-4AEB-9BFF-0FA07648C136" _position="12626321" _address="http://data.sfgov.org/resource/ritf-b9ki/12626321"><incidntnum>150742984</incidntnum><category>OTHER OFFENSES</category><descript>STAY AWAY ORDER VIOLATION, DV RELATED</descript><dayofweek>Saturday</dayofweek><date>2015-08-22T00:00:00</date><time>12:00</time><pddistrict>SOUTHERN</pddistrict><resolution>NONE</resolution><address>0 Block of 5TH ST</address><x>-122.407382686506</x><y>37.7833716368249</y><location human_address="{&quot;address&quot;:&quot;&quot;,&quot;city&quot;:&quot;&quot;,&quot;state&quot;:&quot;&quot;,&quot;zip&quot;:&quot;&quot;}" latitude="37.7833716368249" longitude="-122.407382686506" needs_recoding="false"/></row>