<?xml version="1.0" encoding="UTF-8"?><row _id="12626371" _uuid="9C684AED-B136-430F-8A7B-1512072E7868" _position="12626371" _address="http://data.sfgov.org/resource/ritf-b9ki/12626371"><incidntnum>150738159</incidntnum><category>VANDALISM</category><descript>MALICIOUS MISCHIEF, VANDALISM OF VEHICLES</descript><dayofweek>Sunday</dayofweek><date>2015-08-23T00:00:00</date><time>18:21</time><pddistrict>MISSION</pddistrict><resolution>ARREST, BOOKED</resolution><address>NOE ST / 17TH ST</address><x>-122.432951132198</x><y>37.76261907534</y><location human_address="{&quot;address&quot;:&quot;&quot;,&quot;city&quot;:&quot;&quot;,&quot;state&quot;:&quot;&quot;,&quot;zip&quot;:&quot;&quot;}" latitude="37.76261907534" longitude="-122.432951132198" needs_recoding="false"/></row>