<?xml version="1.0" encoding="UTF-8"?><row _id="12627360" _uuid="0CD0C51B-FB3D-4E80-8561-CECC02A68D70" _position="12627360" _address="http://data.sfgov.org/resource/ritf-b9ki/12627360"><incidntnum>150753486</incidntnum><category>VEHICLE THEFT</category><descript>STOLEN TRUCK</descript><dayofweek>Tuesday</dayofweek><date>2015-08-25T00:00:00</date><time>13:00</time><pddistrict>NORTHERN</pddistrict><resolution>UNFOUNDED</resolution><address>MCALLISTER ST / FILLMORE ST</address><x>-122.431765489439</x><y>37.7786311131248</y><location human_address="{&quot;address&quot;:&quot;&quot;,&quot;city&quot;:&quot;&quot;,&quot;state&quot;:&quot;&quot;,&quot;zip&quot;:&quot;&quot;}" latitude="37.7786311131248" longitude="-122.431765489439" needs_recoding="false"/></row>