<?xml version="1.0" encoding="UTF-8"?><row _id="12625449" _uuid="FA911107-7103-475B-A2A7-CD9E7137F0D1" _position="12625449" _address="http://data.sfgov.org/resource/ritf-b9ki/12625449"><incidntnum>156214026</incidntnum><category>LARCENY/THEFT</category><descript>GRAND THEFT FROM LOCKED AUTO</descript><dayofweek>Friday</dayofweek><date>2015-08-21T00:00:00</date><time>20:00</time><pddistrict>SOUTHERN</pddistrict><resolution>NONE</resolution><address>GOUGH ST / STEVENSON ST</address><x>-122.42144246366</x><y>37.7726384794114</y><location human_address="{&quot;address&quot;:&quot;&quot;,&quot;city&quot;:&quot;&quot;,&quot;state&quot;:&quot;&quot;,&quot;zip&quot;:&quot;&quot;}" latitude="37.7726384794114" longitude="-122.42144246366" needs_recoding="false"/></row>