<?xml version="1.0" encoding="UTF-8"?><row _id="12629332" _uuid="E7D6609C-A33F-41E3-8D14-2D7FD771BB43" _position="12629332" _address="http://data.sfgov.org/resource/ritf-b9ki/12629332"><incidntnum>156218692</incidntnum><category>NON-CRIMINAL</category><descript>LOST PROPERTY</descript><dayofweek>Monday</dayofweek><date>2015-08-24T00:00:00</date><time>11:44</time><pddistrict>CENTRAL</pddistrict><resolution>NONE</resolution><address>0 Block of CALIFORNIA ST</address><x>-122.397000084271</x><y>37.793530471553</y><location human_address="{&quot;address&quot;:&quot;&quot;,&quot;city&quot;:&quot;&quot;,&quot;state&quot;:&quot;&quot;,&quot;zip&quot;:&quot;&quot;}" latitude="37.793530471553" longitude="-122.397000084271" needs_recoding="false"/></row>