<?xml version="1.0" encoding="UTF-8"?><row _id="12627947" _uuid="11F7E81D-AE40-408F-909A-3D479738BEB7" _position="12627947" _address="http://data.sfgov.org/resource/ritf-b9ki/12627947"><incidntnum>150749849</incidntnum><category>BURGLARY</category><descript>BURGLARY, HOT PROWL, UNLAWFUL ENTRY</descript><dayofweek>Wednesday</dayofweek><date>2015-08-26T00:00:00</date><time>22:00</time><pddistrict>PARK</pddistrict><resolution>NONE</resolution><address>0 Block of CROWN TR</address><x>-122.447894471279</x><y>37.7583988557704</y><location human_address="{&quot;address&quot;:&quot;&quot;,&quot;city&quot;:&quot;&quot;,&quot;state&quot;:&quot;&quot;,&quot;zip&quot;:&quot;&quot;}" latitude="37.7583988557704" longitude="-122.447894471279" needs_recoding="false"/></row>