<?xml version="1.0" encoding="UTF-8"?><row _id="12627034" _uuid="89DB5276-D5D2-47A1-A019-74A1CE6B1D78" _position="12627034" _address="http://data.sfgov.org/resource/ritf-b9ki/12627034"><incidntnum>150740524</incidntnum><category>OTHER OFFENSES</category><descript>DRIVERS LICENSE, SUSPENDED OR REVOKED</descript><dayofweek>Monday</dayofweek><date>2015-08-24T00:00:00</date><time>13:26</time><pddistrict>INGLESIDE</pddistrict><resolution>ARREST, BOOKED</resolution><address>5700 Block of MISSION ST</address><x>-122.448784993293</x><y>37.7100863455673</y><location human_address="{&quot;address&quot;:&quot;&quot;,&quot;city&quot;:&quot;&quot;,&quot;state&quot;:&quot;&quot;,&quot;zip&quot;:&quot;&quot;}" latitude="37.7100863455673" longitude="-122.448784993293" needs_recoding="false"/></row>