<?xml version="1.0" encoding="UTF-8"?><row _id="12624293" _uuid="96855512-6983-4DBF-9E6D-CFF62117CC3D" _position="12624293" _address="http://data.sfgov.org/resource/ritf-b9ki/12624293"><incidntnum>156205724</incidntnum><category>LARCENY/THEFT</category><descript>GRAND THEFT FROM UNLOCKED AUTO</descript><dayofweek>Thursday</dayofweek><date>2015-08-20T00:00:00</date><time>21:30</time><pddistrict>SOUTHERN</pddistrict><resolution>NONE</resolution><address>0 Block of TOWNSEND ST</address><x>-122.389115286105</x><y>37.7816083147526</y><location human_address="{&quot;address&quot;:&quot;&quot;,&quot;city&quot;:&quot;&quot;,&quot;state&quot;:&quot;&quot;,&quot;zip&quot;:&quot;&quot;}" latitude="37.7816083147526" longitude="-122.389115286105" needs_recoding="false"/></row>