<?xml version="1.0" encoding="UTF-8"?><row _id="12631908" _uuid="439D9EDC-0D34-4CF9-84F0-3CB4E74CBC2B" _position="12631908" _address="http://data.sfgov.org/resource/ritf-b9ki/12631908"><incidntnum>150798329</incidntnum><category>ASSAULT</category><descript>ELDER ADULT OR DEPENDENT ABUSE (NOT EMBEZZLEMENT OR THEFT)</descript><dayofweek>Tuesday</dayofweek><date>2015-09-01T00:00:00</date><time>21:00</time><pddistrict>BAYVIEW</pddistrict><resolution>NONE</resolution><address>5900 Block of 3RD ST</address><x>-122.394722845179</x><y>37.72475609595</y><location human_address="{&quot;address&quot;:&quot;&quot;,&quot;city&quot;:&quot;&quot;,&quot;state&quot;:&quot;&quot;,&quot;zip&quot;:&quot;&quot;}" latitude="37.72475609595" longitude="-122.394722845179" needs_recoding="false"/></row>