<?xml version="1.0" encoding="UTF-8"?><row _id="12621332" _uuid="A16D60A2-165B-458B-A764-C0CC91C2CBAD" _position="12621332" _address="http://data.sfgov.org/resource/ritf-b9ki/12621332"><incidntnum>156205843</incidntnum><category>LARCENY/THEFT</category><descript>GRAND THEFT FROM LOCKED AUTO</descript><dayofweek>Thursday</dayofweek><date>2015-08-20T00:00:00</date><time>23:00</time><pddistrict>NORTHERN</pddistrict><resolution>NONE</resolution><address>POLK ST / JACKSON ST</address><x>-122.421406974022</x><y>37.7941418920108</y><location human_address="{&quot;address&quot;:&quot;&quot;,&quot;city&quot;:&quot;&quot;,&quot;state&quot;:&quot;&quot;,&quot;zip&quot;:&quot;&quot;}" latitude="37.7941418920108" longitude="-122.421406974022" needs_recoding="false"/></row>