<?xml version="1.0" encoding="UTF-8"?><row _id="12630348" _uuid="2F85B04F-01A1-44DA-ACD5-10E32BEA2F34" _position="12630348" _address="http://data.sfgov.org/resource/ritf-b9ki/12630348"><incidntnum>150768576</incidntnum><category>OTHER OFFENSES</category><descript>DRIVERS LICENSE, SUSPENDED OR REVOKED</descript><dayofweek>Tuesday</dayofweek><date>2015-09-01T00:00:00</date><time>22:30</time><pddistrict>BAYVIEW</pddistrict><resolution>ARREST, BOOKED</resolution><address>UNDERWOOD AV / 3RD ST</address><x>-122.392351560046</x><y>37.7300677159311</y><location human_address="{&quot;address&quot;:&quot;&quot;,&quot;city&quot;:&quot;&quot;,&quot;state&quot;:&quot;&quot;,&quot;zip&quot;:&quot;&quot;}" latitude="37.7300677159311" longitude="-122.392351560046" needs_recoding="false"/></row>