<?xml version="1.0" encoding="UTF-8"?><row _id="12624185" _uuid="B62E7CED-6936-4B4B-83CE-4E9FE9F6DC6E" _position="12624185" _address="http://data.sfgov.org/resource/ritf-b9ki/12624185"><incidntnum>150734856</incidntnum><category>ROBBERY</category><descript>ROBBERY, BODILY FORCE</descript><dayofweek>Wednesday</dayofweek><date>2015-08-19T00:00:00</date><time>21:00</time><pddistrict>CENTRAL</pddistrict><resolution>NONE</resolution><address>400 Block of POWELL ST</address><x>-122.408568445228</x><y>37.7887594214703</y><location human_address="{&quot;address&quot;:&quot;&quot;,&quot;city&quot;:&quot;&quot;,&quot;state&quot;:&quot;&quot;,&quot;zip&quot;:&quot;&quot;}" latitude="37.7887594214703" longitude="-122.408568445228" needs_recoding="false"/></row>