<?xml version="1.0" encoding="UTF-8"?><row _id="12626030" _uuid="A03794FC-06AA-4F11-BB12-F800C98DEA93" _position="12626030" _address="http://data.sfgov.org/resource/ritf-b9ki/12626030"><incidntnum>150733143</incidntnum><category>ROBBERY</category><descript>ROBBERY, BODILY FORCE</descript><dayofweek>Saturday</dayofweek><date>2015-08-22T00:00:00</date><time>01:30</time><pddistrict>TENDERLOIN</pddistrict><resolution>NONE</resolution><address>500 Block of OFARRELL ST</address><x>-122.413820070176</x><y>37.7857382950322</y><location human_address="{&quot;address&quot;:&quot;&quot;,&quot;city&quot;:&quot;&quot;,&quot;state&quot;:&quot;&quot;,&quot;zip&quot;:&quot;&quot;}" latitude="37.7857382950322" longitude="-122.413820070176" needs_recoding="false"/></row>