<?xml version="1.0" encoding="UTF-8"?><row _id="12623714" _uuid="34601716-DD67-450B-A193-ECAA969424DB" _position="12623714" _address="http://data.sfgov.org/resource/ritf-b9ki/12623714"><incidntnum>150728376</incidntnum><category>LARCENY/THEFT</category><descript>GRAND THEFT FROM PERSON</descript><dayofweek>Thursday</dayofweek><date>2015-08-20T00:00:00</date><time>17:34</time><pddistrict>SOUTHERN</pddistrict><resolution>NONE</resolution><address>800 Block of MARKET ST</address><x>-122.407633520742</x><y>37.7841893501425</y><location human_address="{&quot;address&quot;:&quot;&quot;,&quot;city&quot;:&quot;&quot;,&quot;state&quot;:&quot;&quot;,&quot;zip&quot;:&quot;&quot;}" latitude="37.7841893501425" longitude="-122.407633520742" needs_recoding="false"/></row>