<?xml version="1.0" encoding="UTF-8"?><row _id="12631347" _uuid="6813D28C-14D3-4428-807F-9BED470540E1" _position="12631347" _address="http://data.sfgov.org/resource/ritf-b9ki/12631347"><incidntnum>156217917</incidntnum><category>LARCENY/THEFT</category><descript>GRAND THEFT FROM LOCKED AUTO</descript><dayofweek>Thursday</dayofweek><date>2015-09-03T00:00:00</date><time>14:30</time><pddistrict>NORTHERN</pddistrict><resolution>NONE</resolution><address>1400 Block of FILLMORE ST</address><x>-122.432680942926</x><y>37.782821449014</y><location human_address="{&quot;address&quot;:&quot;&quot;,&quot;city&quot;:&quot;&quot;,&quot;state&quot;:&quot;&quot;,&quot;zip&quot;:&quot;&quot;}" latitude="37.782821449014" longitude="-122.432680942926" needs_recoding="false"/></row>