<?xml version="1.0" encoding="UTF-8"?><row _id="12626362" _uuid="949A37AD-7154-4BF4-BAAD-F2A07491B3A1" _position="12626362" _address="http://data.sfgov.org/resource/ritf-b9ki/12626362"><incidntnum>150739345</incidntnum><category>LARCENY/THEFT</category><descript>GRAND THEFT FROM LOCKED AUTO</descript><dayofweek>Sunday</dayofweek><date>2015-08-23T00:00:00</date><time>16:00</time><pddistrict>CENTRAL</pddistrict><resolution>NONE</resolution><address>JONES ST / POST ST</address><x>-122.413358051141</x><y>37.7876637195721</y><location human_address="{&quot;address&quot;:&quot;&quot;,&quot;city&quot;:&quot;&quot;,&quot;state&quot;:&quot;&quot;,&quot;zip&quot;:&quot;&quot;}" latitude="37.7876637195721" longitude="-122.413358051141" needs_recoding="false"/></row>