<?xml version="1.0" encoding="UTF-8"?><row _id="12633685" _uuid="C8D3AB1D-2FB9-4377-9294-12F202A25885" _position="12633685" _address="http://data.sfgov.org/resource/ritf-b9ki/12633685"><incidntnum>156221485</incidntnum><category>LARCENY/THEFT</category><descript>GRAND THEFT FROM UNLOCKED AUTO</descript><dayofweek>Tuesday</dayofweek><date>2015-09-08T00:00:00</date><time>11:45</time><pddistrict>NORTHERN</pddistrict><resolution>NONE</resolution><address>1100 Block of FILLMORE ST</address><x>-122.432116233695</x><y>37.7800304351156</y><location human_address="{&quot;address&quot;:&quot;&quot;,&quot;city&quot;:&quot;&quot;,&quot;state&quot;:&quot;&quot;,&quot;zip&quot;:&quot;&quot;}" latitude="37.7800304351156" longitude="-122.432116233695" needs_recoding="false"/></row>