<?xml version="1.0" encoding="UTF-8"?><row _id="12626050" _uuid="33BE64A5-47D0-401F-9E5B-C4E01A0F07CD" _position="12626050" _address="http://data.sfgov.org/resource/ritf-b9ki/12626050"><incidntnum>150734715</incidntnum><category>DRUG/NARCOTIC</category><descript>SALE OF BASE/ROCK COCAINE</descript><dayofweek>Saturday</dayofweek><date>2015-08-22T00:00:00</date><time>16:20</time><pddistrict>TENDERLOIN</pddistrict><resolution>ARREST, BOOKED</resolution><address>200 Block of HYDE ST</address><x>-122.415721688006</x><y>37.7830679886919</y><location human_address="{&quot;address&quot;:&quot;&quot;,&quot;city&quot;:&quot;&quot;,&quot;state&quot;:&quot;&quot;,&quot;zip&quot;:&quot;&quot;}" latitude="37.7830679886919" longitude="-122.415721688006" needs_recoding="false"/></row>