<?xml version="1.0" encoding="UTF-8"?><row _id="12625479" _uuid="FF9C392E-EE71-4095-946D-0EF9B0AB8AE7" _position="12625479" _address="http://data.sfgov.org/resource/ritf-b9ki/12625479"><incidntnum>150730569</incidntnum><category>NON-CRIMINAL</category><descript>AIDED CASE, MENTAL DISTURBED</descript><dayofweek>Friday</dayofweek><date>2015-08-21T00:00:00</date><time>11:40</time><pddistrict>MISSION</pddistrict><resolution>NONE</resolution><address>3500 Block of 20TH ST</address><x>-122.420197723539</x><y>37.7586184812794</y><location human_address="{&quot;address&quot;:&quot;&quot;,&quot;city&quot;:&quot;&quot;,&quot;state&quot;:&quot;&quot;,&quot;zip&quot;:&quot;&quot;}" latitude="37.7586184812794" longitude="-122.420197723539" needs_recoding="false"/></row>