<?xml version="1.0" encoding="UTF-8"?><row _id="12632330" _uuid="98FA4FD9-0592-4770-A7EC-5E44FBEF30DA" _position="12632330" _address="http://data.sfgov.org/resource/ritf-b9ki/12632330"><incidntnum>150797951</incidntnum><category>FRAUD</category><descript>CREDIT CARD, THEFT BY USE OF</descript><dayofweek>Saturday</dayofweek><date>2015-09-05T00:00:00</date><time>14:25</time><pddistrict>TENDERLOIN</pddistrict><resolution>NONE</resolution><address>0 Block of OFARRELL ST</address><x>-122.405861657246</x><y>37.786627232545</y><location human_address="{&quot;address&quot;:&quot;&quot;,&quot;city&quot;:&quot;&quot;,&quot;state&quot;:&quot;&quot;,&quot;zip&quot;:&quot;&quot;}" latitude="37.786627232545" longitude="-122.405861657246" needs_recoding="false"/></row>