<?xml version="1.0" encoding="UTF-8"?><row _id="12626482" _uuid="A6DB4805-0A91-424F-8F60-414A8FD898CE" _position="12626482" _address="http://data.sfgov.org/resource/ritf-b9ki/12626482"><incidntnum>150737979</incidntnum><category>ASSAULT</category><descript>BATTERY</descript><dayofweek>Sunday</dayofweek><date>2015-08-23T00:00:00</date><time>17:15</time><pddistrict>MISSION</pddistrict><resolution>NONE</resolution><address>500 Block of DOLORES ST</address><x>-122.426036566526</x><y>37.759419804663</y><location human_address="{&quot;address&quot;:&quot;&quot;,&quot;city&quot;:&quot;&quot;,&quot;state&quot;:&quot;&quot;,&quot;zip&quot;:&quot;&quot;}" latitude="37.759419804663" longitude="-122.426036566526" needs_recoding="false"/></row>