<?xml version="1.0" encoding="UTF-8"?><row _id="12627614" _uuid="0DEC4AB8-8FE2-48B5-8076-407F0A40A98E" _position="12627614" _address="http://data.sfgov.org/resource/ritf-b9ki/12627614"><incidntnum>150743186</incidntnum><category>ASSAULT</category><descript>RESISTING PEACE OFFICER, CAUSING THEIR SERIOUS INJURY OR DEATH</descript><dayofweek>Tuesday</dayofweek><date>2015-08-25T00:00:00</date><time>08:35</time><pddistrict>PARK</pddistrict><resolution>ARREST, BOOKED</resolution><address>100 Block of ROOSEVELT WY</address><x>-122.438929215198</x><y>37.7667596898653</y><location human_address="{&quot;address&quot;:&quot;&quot;,&quot;city&quot;:&quot;&quot;,&quot;state&quot;:&quot;&quot;,&quot;zip&quot;:&quot;&quot;}" latitude="37.7667596898653" longitude="-122.438929215198" needs_recoding="false"/></row>