<?xml version="1.0" encoding="UTF-8"?><row _id="12634207" _uuid="D15A4CB3-C40C-4D52-8A72-5F8501FF1187" _position="12634207" _address="http://data.sfgov.org/resource/ritf-b9ki/12634207"><incidntnum>156223221</incidntnum><category>VANDALISM</category><descript>MALICIOUS MISCHIEF, VANDALISM</descript><dayofweek>Thursday</dayofweek><date>2015-09-10T00:00:00</date><time>09:00</time><pddistrict>CENTRAL</pddistrict><resolution>NONE</resolution><address>PINE ST / MASON ST</address><x>-122.410626812815</x><y>37.790880683394</y><location human_address="{&quot;address&quot;:&quot;&quot;,&quot;city&quot;:&quot;&quot;,&quot;state&quot;:&quot;&quot;,&quot;zip&quot;:&quot;&quot;}" latitude="37.790880683394" longitude="-122.410626812815" needs_recoding="false"/></row>