<?xml version="1.0" encoding="UTF-8"?><row _id="12626043" _uuid="B6E1E051-4E49-4625-845A-15BA785AFDB6" _position="12626043" _address="http://data.sfgov.org/resource/ritf-b9ki/12626043"><incidntnum>150734317</incidntnum><category>LARCENY/THEFT</category><descript>GRAND THEFT FROM LOCKED AUTO</descript><dayofweek>Saturday</dayofweek><date>2015-08-22T00:00:00</date><time>12:30</time><pddistrict>CENTRAL</pddistrict><resolution>NONE</resolution><address>300 Block of THE EMBARCADERONORTH ST</address><x>-122.396374439116</x><y>37.7980532528058</y><location human_address="{&quot;address&quot;:&quot;&quot;,&quot;city&quot;:&quot;&quot;,&quot;state&quot;:&quot;&quot;,&quot;zip&quot;:&quot;&quot;}" latitude="37.7980532528058" longitude="-122.396374439116" needs_recoding="false"/></row>