<?xml version="1.0" encoding="UTF-8"?><row _id="12625577" _uuid="49BC0B42-5AD1-4A6C-87D5-0166040FE4BA" _position="12625577" _address="http://data.sfgov.org/resource/ritf-b9ki/12625577"><incidntnum>150731868</incidntnum><category>NON-CRIMINAL</category><descript>FOUND PROPERTY</descript><dayofweek>Friday</dayofweek><date>2015-08-21T00:00:00</date><time>16:45</time><pddistrict>SOUTHERN</pddistrict><resolution>NONE</resolution><address>0 Block of NEWMONTGOMERY ST</address><x>-122.401738283506</x><y>37.7885335775983</y><location human_address="{&quot;address&quot;:&quot;&quot;,&quot;city&quot;:&quot;&quot;,&quot;state&quot;:&quot;&quot;,&quot;zip&quot;:&quot;&quot;}" latitude="37.7885335775983" longitude="-122.401738283506" needs_recoding="false"/></row>