<?xml version="1.0" encoding="UTF-8"?><row _id="12627887" _uuid="85587611-921B-4EF2-A947-5E0BB420B945" _position="12627887" _address="http://data.sfgov.org/resource/ritf-b9ki/12627887"><incidntnum>150748512</incidntnum><category>MISSING PERSON</category><descript>FOUND PERSON</descript><dayofweek>Wednesday</dayofweek><date>2015-08-26T00:00:00</date><time>07:45</time><pddistrict>MISSION</pddistrict><resolution>NONE</resolution><address>1000 Block of YORK ST</address><x>-122.408488484983</x><y>37.7552341827451</y><location human_address="{&quot;address&quot;:&quot;&quot;,&quot;city&quot;:&quot;&quot;,&quot;state&quot;:&quot;&quot;,&quot;zip&quot;:&quot;&quot;}" latitude="37.7552341827451" longitude="-122.408488484983" needs_recoding="false"/></row>