<?xml version="1.0" encoding="UTF-8"?><row _id="12625766" _uuid="2A301DC3-55CF-462E-A9A7-BD247E3C52AF" _position="12625766" _address="http://data.sfgov.org/resource/ritf-b9ki/12625766"><incidntnum>156212650</incidntnum><category>LARCENY/THEFT</category><descript>GRAND THEFT FROM LOCKED AUTO</descript><dayofweek>Friday</dayofweek><date>2015-08-21T00:00:00</date><time>21:30</time><pddistrict>SOUTHERN</pddistrict><resolution>NONE</resolution><address>0 Block of 6TH ST</address><x>-122.40942036456</x><y>37.7816150265786</y><location human_address="{&quot;address&quot;:&quot;&quot;,&quot;city&quot;:&quot;&quot;,&quot;state&quot;:&quot;&quot;,&quot;zip&quot;:&quot;&quot;}" latitude="37.7816150265786" longitude="-122.40942036456" needs_recoding="false"/></row>