<?xml version="1.0" encoding="UTF-8"?><row _id="12641823" _uuid="D7E702ED-EF4B-4C9D-89D4-05409395ECEA" _position="12641823" _address="http://data.sfgov.org/resource/ritf-b9ki/12641823"><incidntnum>150846360</incidntnum><category>ASSAULT</category><descript>BATTERY</descript><dayofweek>Sunday</dayofweek><date>2015-09-27T00:00:00</date><time>05:54</time><pddistrict>SOUTHERN</pddistrict><resolution>NONE</resolution><address>0 Block of 3RD ST</address><x>-122.403284843106</x><y>37.787306416019</y><location human_address="{&quot;address&quot;:&quot;&quot;,&quot;city&quot;:&quot;&quot;,&quot;state&quot;:&quot;&quot;,&quot;zip&quot;:&quot;&quot;}" latitude="37.787306416019" longitude="-122.403284843106" needs_recoding="false"/></row>