<?xml version="1.0" encoding="UTF-8"?><row _id="12625782" _uuid="FDFB86A4-A0F8-4A5F-92C4-BA99C5775585" _position="12625782" _address="http://data.sfgov.org/resource/ritf-b9ki/12625782"><incidntnum>150729619</incidntnum><category>ASSAULT</category><descript>INFLICT INJURY ON COHABITEE</descript><dayofweek>Friday</dayofweek><date>2015-08-21T00:00:00</date><time>02:35</time><pddistrict>PARK</pddistrict><resolution>NONE</resolution><address>600 Block of LYON ST</address><x>-122.443160224712</x><y>37.7767128942951</y><location human_address="{&quot;address&quot;:&quot;&quot;,&quot;city&quot;:&quot;&quot;,&quot;state&quot;:&quot;&quot;,&quot;zip&quot;:&quot;&quot;}" latitude="37.7767128942951" longitude="-122.443160224712" needs_recoding="false"/></row>