<?xml version="1.0" encoding="UTF-8"?><row _id="12624767" _uuid="2B25AADD-CEA0-417B-8257-5448F452DE5F" _position="12624767" _address="http://data.sfgov.org/resource/ritf-b9ki/12624767"><incidntnum>150740358</incidntnum><category>BURGLARY</category><descript>BURGLARY OF RESIDENCE, FORCIBLE ENTRY</descript><dayofweek>Thursday</dayofweek><date>2015-08-20T00:00:00</date><time>21:00</time><pddistrict>RICHMOND</pddistrict><resolution>NONE</resolution><address>1300 Block of CABRILLO ST</address><x>-122.47300559894</x><y>37.7748981642546</y><location human_address="{&quot;address&quot;:&quot;&quot;,&quot;city&quot;:&quot;&quot;,&quot;state&quot;:&quot;&quot;,&quot;zip&quot;:&quot;&quot;}" latitude="37.7748981642546" longitude="-122.47300559894" needs_recoding="false"/></row>