<?xml version="1.0" encoding="UTF-8"?><row _id="12636396" _uuid="9B6D5CD5-C0D1-42CD-AC74-2AA6C46E95D0" _position="12636396" _address="http://data.sfgov.org/resource/ritf-b9ki/12636396"><incidntnum>150807801</incidntnum><category>BURGLARY</category><descript>BURGLARY, VEHICLE (ARREST MADE)</descript><dayofweek>Monday</dayofweek><date>2015-09-14T00:00:00</date><time>16:54</time><pddistrict>NORTHERN</pddistrict><resolution>ARREST, BOOKED</resolution><address>GEARY BL / LAGUNA ST</address><x>-122.427991151911</x><y>37.7849531241612</y><location human_address="{&quot;address&quot;:&quot;&quot;,&quot;city&quot;:&quot;&quot;,&quot;state&quot;:&quot;&quot;,&quot;zip&quot;:&quot;&quot;}" latitude="37.7849531241612" longitude="-122.427991151911" needs_recoding="false"/></row>