<?xml version="1.0" encoding="UTF-8"?><row _id="12629815" _uuid="7C817B41-F78D-4E9B-A6F6-EF112EE59272" _position="12629815" _address="http://data.sfgov.org/resource/ritf-b9ki/12629815"><incidntnum>150764201</incidntnum><category>VEHICLE THEFT</category><descript>STOLEN AUTOMOBILE</descript><dayofweek>Sunday</dayofweek><date>2015-08-30T00:00:00</date><time>23:00</time><pddistrict>INGLESIDE</pddistrict><resolution>NONE</resolution><address>0 Block of VALMAR TR</address><x>-122.423548336777</x><y>37.7268230219413</y><location human_address="{&quot;address&quot;:&quot;&quot;,&quot;city&quot;:&quot;&quot;,&quot;state&quot;:&quot;&quot;,&quot;zip&quot;:&quot;&quot;}" latitude="37.7268230219413" longitude="-122.423548336777" needs_recoding="false"/></row>