<?xml version="1.0" encoding="UTF-8"?><row _id="12625553" _uuid="34835CBF-8862-4B9D-9C68-4DE6707D191A" _position="12625553" _address="http://data.sfgov.org/resource/ritf-b9ki/12625553"><incidntnum>150731131</incidntnum><category>VEHICLE THEFT</category><descript>STOLEN AUTOMOBILE</descript><dayofweek>Friday</dayofweek><date>2015-08-21T00:00:00</date><time>15:12</time><pddistrict>SOUTHERN</pddistrict><resolution>NONE</resolution><address>400 Block of 7TH ST</address><x>-122.405187364125</x><y>37.7745529324018</y><location human_address="{&quot;address&quot;:&quot;&quot;,&quot;city&quot;:&quot;&quot;,&quot;state&quot;:&quot;&quot;,&quot;zip&quot;:&quot;&quot;}" latitude="37.7745529324018" longitude="-122.405187364125" needs_recoding="false"/></row>