<?xml version="1.0" encoding="UTF-8"?><row _id="12626064" _uuid="84D5F756-C743-44E4-85D9-C2E056BB560D" _position="12626064" _address="http://data.sfgov.org/resource/ritf-b9ki/12626064"><incidntnum>150735224</incidntnum><category>OTHER OFFENSES</category><descript>LOST/STOLEN LICENSE PLATE</descript><dayofweek>Saturday</dayofweek><date>2015-08-22T00:00:00</date><time>17:45</time><pddistrict>RICHMOND</pddistrict><resolution>NONE</resolution><address>300 Block of 32ND AV</address><x>-122.49248913097</x><y>37.7822906641847</y><location human_address="{&quot;address&quot;:&quot;&quot;,&quot;city&quot;:&quot;&quot;,&quot;state&quot;:&quot;&quot;,&quot;zip&quot;:&quot;&quot;}" latitude="37.7822906641847" longitude="-122.49248913097" needs_recoding="false"/></row>