<?xml version="1.0" encoding="UTF-8"?><row _id="12627502" _uuid="BA239753-C3D5-4BBD-BCED-CFB3F36DCED4" _position="12627502" _address="http://data.sfgov.org/resource/ritf-b9ki/12627502"><incidntnum>150745132</incidntnum><category>LARCENY/THEFT</category><descript>GRAND THEFT FROM PERSON</descript><dayofweek>Tuesday</dayofweek><date>2015-08-25T00:00:00</date><time>16:00</time><pddistrict>RICHMOND</pddistrict><resolution>NONE</resolution><address>3500 Block of CALIFORNIA ST</address><x>-122.452586938656</x><y>37.7864601412645</y><location human_address="{&quot;address&quot;:&quot;&quot;,&quot;city&quot;:&quot;&quot;,&quot;state&quot;:&quot;&quot;,&quot;zip&quot;:&quot;&quot;}" latitude="37.7864601412645" longitude="-122.452586938656" needs_recoding="false"/></row>