<?xml version="1.0" encoding="UTF-8"?><row _id="12625347" _uuid="44502752-A619-4225-A9C0-EDDAE1D73520" _position="12625347" _address="http://data.sfgov.org/resource/ritf-b9ki/12625347"><incidntnum>150730644</incidntnum><category>LARCENY/THEFT</category><descript>GRAND THEFT FROM LOCKED AUTO</descript><dayofweek>Friday</dayofweek><date>2015-08-21T00:00:00</date><time>12:10</time><pddistrict>CENTRAL</pddistrict><resolution>NONE</resolution><address>LOMBARD ST / HYDE ST</address><x>-122.419616109671</x><y>37.8019942438049</y><location human_address="{&quot;address&quot;:&quot;&quot;,&quot;city&quot;:&quot;&quot;,&quot;state&quot;:&quot;&quot;,&quot;zip&quot;:&quot;&quot;}" latitude="37.8019942438049" longitude="-122.419616109671" needs_recoding="false"/></row>