<?xml version="1.0" encoding="UTF-8"?><row _id="12625605" _uuid="297416F8-E03A-457C-8104-51D87C658CEC" _position="12625605" _address="http://data.sfgov.org/resource/ritf-b9ki/12625605"><incidntnum>150731090</incidntnum><category>LARCENY/THEFT</category><descript>LOST PROPERTY, PETTY THEFT</descript><dayofweek>Friday</dayofweek><date>2015-08-21T00:00:00</date><time>14:11</time><pddistrict>SOUTHERN</pddistrict><resolution>ARREST, BOOKED</resolution><address>0 Block of UNITEDNATIONS PZ</address><x>-122.414317857881</x><y>37.7799444052046</y><location human_address="{&quot;address&quot;:&quot;&quot;,&quot;city&quot;:&quot;&quot;,&quot;state&quot;:&quot;&quot;,&quot;zip&quot;:&quot;&quot;}" latitude="37.7799444052046" longitude="-122.414317857881" needs_recoding="false"/></row>