<?xml version="1.0" encoding="UTF-8"?><row _id="12623717" _uuid="CF287D8B-A8E6-446F-82AA-294298F11EBA" _position="12623717" _address="http://data.sfgov.org/resource/ritf-b9ki/12623717"><incidntnum>150728467</incidntnum><category>LARCENY/THEFT</category><descript>GRAND THEFT OF PROPERTY</descript><dayofweek>Thursday</dayofweek><date>2015-08-20T00:00:00</date><time>16:35</time><pddistrict>SOUTHERN</pddistrict><resolution>NONE</resolution><address>800 Block of MARKET ST</address><x>-122.407633520742</x><y>37.7841893501425</y><location human_address="{&quot;address&quot;:&quot;&quot;,&quot;city&quot;:&quot;&quot;,&quot;state&quot;:&quot;&quot;,&quot;zip&quot;:&quot;&quot;}" latitude="37.7841893501425" longitude="-122.407633520742" needs_recoding="false"/></row>