<?xml version="1.0" encoding="UTF-8"?><row _id="12626065" _uuid="551B6A7D-36CA-440A-A650-603C8876A8C7" _position="12626065" _address="http://data.sfgov.org/resource/ritf-b9ki/12626065"><incidntnum>150735252</incidntnum><category>WARRANTS</category><descript>ENROUTE TO OUTSIDE JURISDICTION</descript><dayofweek>Saturday</dayofweek><date>2015-08-22T00:00:00</date><time>18:48</time><pddistrict>TENDERLOIN</pddistrict><resolution>ARREST, BOOKED</resolution><address>100 Block of HYDE ST</address><x>-122.415669661443</x><y>37.7821198488931</y><location human_address="{&quot;address&quot;:&quot;&quot;,&quot;city&quot;:&quot;&quot;,&quot;state&quot;:&quot;&quot;,&quot;zip&quot;:&quot;&quot;}" latitude="37.7821198488931" longitude="-122.415669661443" needs_recoding="false"/></row>