<?xml version="1.0" encoding="UTF-8"?><row _id="12624732" _uuid="D80614E9-A06D-4EB0-881B-3481F81C2975" _position="12624732" _address="http://data.sfgov.org/resource/ritf-b9ki/12624732"><incidntnum>150730531</incidntnum><category>LARCENY/THEFT</category><descript>GRAND THEFT FROM A BUILDING</descript><dayofweek>Thursday</dayofweek><date>2015-08-20T00:00:00</date><time>23:00</time><pddistrict>SOUTHERN</pddistrict><resolution>NONE</resolution><address>900 Block of HOWARD ST</address><x>-122.406412115335</x><y>37.7802524576974</y><location human_address="{&quot;address&quot;:&quot;&quot;,&quot;city&quot;:&quot;&quot;,&quot;state&quot;:&quot;&quot;,&quot;zip&quot;:&quot;&quot;}" latitude="37.7802524576974" longitude="-122.406412115335" needs_recoding="false"/></row>