<?xml version="1.0" encoding="UTF-8"?><row _id="12627987" _uuid="7D254B2F-BD39-4C82-B050-EDC443AEEB86" _position="12627987" _address="http://data.sfgov.org/resource/ritf-b9ki/12627987"><incidntnum>150748089</incidntnum><category>SUSPICIOUS OCC</category><descript>INVESTIGATIVE DETENTION</descript><dayofweek>Wednesday</dayofweek><date>2015-08-26T00:00:00</date><time>16:00</time><pddistrict>CENTRAL</pddistrict><resolution>NONE</resolution><address>100 Block of CLAY ST</address><x>-122.397373740066</x><y>37.7953338267436</y><location human_address="{&quot;address&quot;:&quot;&quot;,&quot;city&quot;:&quot;&quot;,&quot;state&quot;:&quot;&quot;,&quot;zip&quot;:&quot;&quot;}" latitude="37.7953338267436" longitude="-122.397373740066" needs_recoding="false"/></row>