<?xml version="1.0" encoding="UTF-8"?><row _id="12623984" _uuid="880E5FC4-9C35-481C-98CF-8773028B7A78" _position="12623984" _address="http://data.sfgov.org/resource/ritf-b9ki/12623984"><incidntnum>150727102</incidntnum><category>OTHER OFFENSES</category><descript>LOST/STOLEN LICENSE PLATE</descript><dayofweek>Wednesday</dayofweek><date>2015-08-19T00:00:00</date><time>22:00</time><pddistrict>MISSION</pddistrict><resolution>NONE</resolution><address>800 Block of FLORIDA ST</address><x>-122.410534598802</x><y>37.7583377595165</y><location human_address="{&quot;address&quot;:&quot;&quot;,&quot;city&quot;:&quot;&quot;,&quot;state&quot;:&quot;&quot;,&quot;zip&quot;:&quot;&quot;}" latitude="37.7583377595165" longitude="-122.410534598802" needs_recoding="false"/></row>