<?xml version="1.0" encoding="UTF-8"?><row _id="12626862" _uuid="88DC376F-93FF-4AF0-A493-22ACEFBA7504" _position="12626862" _address="http://data.sfgov.org/resource/ritf-b9ki/12626862"><incidntnum>150742780</incidntnum><category>LARCENY/THEFT</category><descript>PETTY THEFT FROM LOCKED AUTO</descript><dayofweek>Monday</dayofweek><date>2015-08-24T00:00:00</date><time>22:25</time><pddistrict>NORTHERN</pddistrict><resolution>NONE</resolution><address>OFARRELL ST / VANNESS AV</address><x>-122.421195221815</x><y>37.7847536577561</y><location human_address="{&quot;address&quot;:&quot;&quot;,&quot;city&quot;:&quot;&quot;,&quot;state&quot;:&quot;&quot;,&quot;zip&quot;:&quot;&quot;}" latitude="37.7847536577561" longitude="-122.421195221815" needs_recoding="false"/></row>