<?xml version="1.0" encoding="UTF-8"?><row _id="12634581" _uuid="A79411A3-6E7C-4BF8-BCDE-E67D91905955" _position="12634581" _address="http://data.sfgov.org/resource/ritf-b9ki/12634581"><incidntnum>150798307</incidntnum><category>ASSAULT</category><descript>SHOOTING INTO INHABITED DWELLING OR OCCUPIED VEHICLE</descript><dayofweek>Thursday</dayofweek><date>2015-09-10T00:00:00</date><time>19:00</time><pddistrict>INGLESIDE</pddistrict><resolution>NONE</resolution><address>400 Block of EDINBURGH ST</address><x>-122.431371314076</x><y>37.7219675742406</y><location human_address="{&quot;address&quot;:&quot;&quot;,&quot;city&quot;:&quot;&quot;,&quot;state&quot;:&quot;&quot;,&quot;zip&quot;:&quot;&quot;}" latitude="37.7219675742406" longitude="-122.431371314076" needs_recoding="false"/></row>