<?xml version="1.0" encoding="UTF-8"?><row _id="12625788" _uuid="82B713F6-D612-4F24-A827-A8E7D1734C93" _position="12625788" _address="http://data.sfgov.org/resource/ritf-b9ki/12625788"><incidntnum>150731523</incidntnum><category>OTHER OFFENSES</category><descript>HARASSING PHONE CALLS</descript><dayofweek>Friday</dayofweek><date>2015-08-21T00:00:00</date><time>07:27</time><pddistrict>BAYVIEW</pddistrict><resolution>NONE</resolution><address>800 Block of JAMESTOWN AV</address><x>-122.390417767431</x><y>37.7165061780871</y><location human_address="{&quot;address&quot;:&quot;&quot;,&quot;city&quot;:&quot;&quot;,&quot;state&quot;:&quot;&quot;,&quot;zip&quot;:&quot;&quot;}" latitude="37.7165061780871" longitude="-122.390417767431" needs_recoding="false"/></row>