<?xml version="1.0" encoding="UTF-8"?><row _id="12627509" _uuid="E47FB2D1-52FD-40E5-9F8B-1EFD263749F0" _position="12627509" _address="http://data.sfgov.org/resource/ritf-b9ki/12627509"><incidntnum>150745433</incidntnum><category>ROBBERY</category><descript>ROBBERY, BODILY FORCE</descript><dayofweek>Tuesday</dayofweek><date>2015-08-25T00:00:00</date><time>19:45</time><pddistrict>CENTRAL</pddistrict><resolution>NONE</resolution><address>300 Block of BAY ST</address><x>-122.412803753</x><y>37.8057739875696</y><location human_address="{&quot;address&quot;:&quot;&quot;,&quot;city&quot;:&quot;&quot;,&quot;state&quot;:&quot;&quot;,&quot;zip&quot;:&quot;&quot;}" latitude="37.8057739875696" longitude="-122.412803753" needs_recoding="false"/></row>