<?xml version="1.0" encoding="UTF-8"?><row _id="12626999" _uuid="65DE545F-829E-46AD-B5DF-83BCA44D2118" _position="12626999" _address="http://data.sfgov.org/resource/ritf-b9ki/12626999"><incidntnum>150742207</incidntnum><category>ASSAULT</category><descript>INFLICT INJURY ON COHABITEE</descript><dayofweek>Monday</dayofweek><date>2015-08-24T00:00:00</date><time>20:15</time><pddistrict>BAYVIEW</pddistrict><resolution>ARREST, BOOKED</resolution><address>1900 Block of OAKDALE AV</address><x>-122.396935388672</x><y>37.7382809208694</y><location human_address="{&quot;address&quot;:&quot;&quot;,&quot;city&quot;:&quot;&quot;,&quot;state&quot;:&quot;&quot;,&quot;zip&quot;:&quot;&quot;}" latitude="37.7382809208694" longitude="-122.396935388672" needs_recoding="false"/></row>