<?xml version="1.0" encoding="UTF-8"?><row _id="12631134" _uuid="C507E743-E307-453F-B4B4-CEDE86E9EA2A" _position="12631134" _address="http://data.sfgov.org/resource/ritf-b9ki/12631134"><incidntnum>156210165</incidntnum><category>LARCENY/THEFT</category><descript>GRAND THEFT FROM LOCKED AUTO</descript><dayofweek>Saturday</dayofweek><date>2015-08-22T00:00:00</date><time>13:00</time><pddistrict>SOUTHERN</pddistrict><resolution>NONE</resolution><address>HOWARD ST / STEUART ST</address><x>-122.39164888422</x><y>37.7920052450737</y><location human_address="{&quot;address&quot;:&quot;&quot;,&quot;city&quot;:&quot;&quot;,&quot;state&quot;:&quot;&quot;,&quot;zip&quot;:&quot;&quot;}" latitude="37.7920052450737" longitude="-122.39164888422" needs_recoding="false"/></row>