<?xml version="1.0" encoding="UTF-8"?><row _id="12625750" _uuid="FB8CFCC4-DF56-401D-AEDF-7A10D6DB6219" _position="12625750" _address="http://data.sfgov.org/resource/ritf-b9ki/12625750"><incidntnum>156210472</incidntnum><category>LARCENY/THEFT</category><descript>PETTY THEFT OF PROPERTY</descript><dayofweek>Friday</dayofweek><date>2015-08-21T00:00:00</date><time>00:01</time><pddistrict>NORTHERN</pddistrict><resolution>NONE</resolution><address>3200 Block of FILLMORE ST</address><x>-122.436071833387</x><y>37.7996224230809</y><location human_address="{&quot;address&quot;:&quot;&quot;,&quot;city&quot;:&quot;&quot;,&quot;state&quot;:&quot;&quot;,&quot;zip&quot;:&quot;&quot;}" latitude="37.7996224230809" longitude="-122.436071833387" needs_recoding="false"/></row>