<?xml version="1.0" encoding="UTF-8"?><row _id="12627212" _uuid="D52D07DB-17E9-4F3F-84AB-E1EDA2A65967" _position="12627212" _address="http://data.sfgov.org/resource/ritf-b9ki/12627212"><incidntnum>150739511</incidntnum><category>TRESPASS</category><descript>LODGING WITHOUT PERMISSION</descript><dayofweek>Monday</dayofweek><date>2015-08-24T00:00:00</date><time>08:10</time><pddistrict>SOUTHERN</pddistrict><resolution>NONE</resolution><address>DIVISION ST / 9TH ST</address><x>-122.405942290896</x><y>37.7696597423213</y><location human_address="{&quot;address&quot;:&quot;&quot;,&quot;city&quot;:&quot;&quot;,&quot;state&quot;:&quot;&quot;,&quot;zip&quot;:&quot;&quot;}" latitude="37.7696597423213" longitude="-122.405942290896" needs_recoding="false"/></row>