<?xml version="1.0" encoding="UTF-8"?><row _id="12627453" _uuid="667FB222-CB50-4BA1-B5E9-7A84A281DD78" _position="12627453" _address="http://data.sfgov.org/resource/ritf-b9ki/12627453"><incidntnum>150748186</incidntnum><category>BURGLARY</category><descript>BURGLARY, ATTEMPTED FORCIBLE ENTRY</descript><dayofweek>Tuesday</dayofweek><date>2015-08-25T00:00:00</date><time>15:30</time><pddistrict>SOUTHERN</pddistrict><resolution>NONE</resolution><address>0 Block of BOARDMAN PL</address><x>-122.402638616799</x><y>37.774277253501</y><location human_address="{&quot;address&quot;:&quot;&quot;,&quot;city&quot;:&quot;&quot;,&quot;state&quot;:&quot;&quot;,&quot;zip&quot;:&quot;&quot;}" latitude="37.774277253501" longitude="-122.402638616799" needs_recoding="false"/></row>