<?xml version="1.0" encoding="UTF-8"?><row _id="12623570" _uuid="27D352D8-2CF6-40BB-9ED0-799185BEAE39" _position="12623570" _address="http://data.sfgov.org/resource/ritf-b9ki/12623570"><incidntnum>150726665</incidntnum><category>VANDALISM</category><descript>MALICIOUS MISCHIEF, BREAKING WINDOWS</descript><dayofweek>Thursday</dayofweek><date>2015-08-20T00:00:00</date><time>05:05</time><pddistrict>CENTRAL</pddistrict><resolution>NONE</resolution><address>900 Block of CHESTNUT ST</address><x>-122.418611626628</x><y>37.8031326741336</y><location human_address="{&quot;address&quot;:&quot;&quot;,&quot;city&quot;:&quot;&quot;,&quot;state&quot;:&quot;&quot;,&quot;zip&quot;:&quot;&quot;}" latitude="37.8031326741336" longitude="-122.418611626628" needs_recoding="false"/></row>