<?xml version="1.0" encoding="UTF-8"?><row _id="12627494" _uuid="0203A004-CA59-412D-98D2-B6B63359F0C0" _position="12627494" _address="http://data.sfgov.org/resource/ritf-b9ki/12627494"><incidntnum>150744300</incidntnum><category>LARCENY/THEFT</category><descript>ATTEMPTED THEFT FROM A BUILDING</descript><dayofweek>Tuesday</dayofweek><date>2015-08-25T00:00:00</date><time>13:30</time><pddistrict>INGLESIDE</pddistrict><resolution>NONE</resolution><address>0 Block of PHELAN AV</address><x>-122.452289660492</x><y>37.7256933575703</y><location human_address="{&quot;address&quot;:&quot;&quot;,&quot;city&quot;:&quot;&quot;,&quot;state&quot;:&quot;&quot;,&quot;zip&quot;:&quot;&quot;}" latitude="37.7256933575703" longitude="-122.452289660492" needs_recoding="false"/></row>