<?xml version="1.0" encoding="UTF-8"?><row _id="12628238" _uuid="D103B20C-7DB6-468A-AC70-B78DB12B4610" _position="12628238" _address="http://data.sfgov.org/resource/ritf-b9ki/12628238"><incidntnum>150752507</incidntnum><category>VANDALISM</category><descript>MALICIOUS MISCHIEF, VANDALISM OF VEHICLES</descript><dayofweek>Thursday</dayofweek><date>2015-08-27T00:00:00</date><time>22:55</time><pddistrict>SOUTHERN</pddistrict><resolution>ARREST, BOOKED</resolution><address>0 Block of 8TH ST</address><x>-122.413684555167</x><y>37.7777984628537</y><location human_address="{&quot;address&quot;:&quot;&quot;,&quot;city&quot;:&quot;&quot;,&quot;state&quot;:&quot;&quot;,&quot;zip&quot;:&quot;&quot;}" latitude="37.7777984628537" longitude="-122.413684555167" needs_recoding="false"/></row>