<?xml version="1.0" encoding="UTF-8"?><row _id="12628607" _uuid="533F4A58-5344-45DC-ADA0-450DCB1CC808" _position="12628607" _address="http://data.sfgov.org/resource/ritf-b9ki/12628607"><incidntnum>150755062</incidntnum><category>NON-CRIMINAL</category><descript>AIDED CASE, MENTAL DISTURBED</descript><dayofweek>Friday</dayofweek><date>2015-08-28T00:00:00</date><time>17:18</time><pddistrict>NORTHERN</pddistrict><resolution>NONE</resolution><address>1300 Block of POLK ST</address><x>-122.420379009339</x><y>37.7894014789877</y><location human_address="{&quot;address&quot;:&quot;&quot;,&quot;city&quot;:&quot;&quot;,&quot;state&quot;:&quot;&quot;,&quot;zip&quot;:&quot;&quot;}" latitude="37.7894014789877" longitude="-122.420379009339" needs_recoding="false"/></row>