<?xml version="1.0" encoding="UTF-8"?><row _id="12624043" _uuid="3472B4B5-EE5D-4188-A2D3-ED21D70FB6E1" _position="12624043" _address="http://data.sfgov.org/resource/ritf-b9ki/12624043"><incidntnum>150731028</incidntnum><category>ASSAULT</category><descript>BATTERY</descript><dayofweek>Thursday</dayofweek><date>2015-08-20T00:00:00</date><time>11:30</time><pddistrict>CENTRAL</pddistrict><resolution>NONE</resolution><address>100 Block of WAVERLY PL</address><x>-122.406844394483</x><y>37.7946548898815</y><location human_address="{&quot;address&quot;:&quot;&quot;,&quot;city&quot;:&quot;&quot;,&quot;state&quot;:&quot;&quot;,&quot;zip&quot;:&quot;&quot;}" latitude="37.7946548898815" longitude="-122.406844394483" needs_recoding="false"/></row>