<?xml version="1.0" encoding="UTF-8"?><row _id="12627313" _uuid="1E45F5CD-1332-4200-8B26-5363E84ED83A" _position="12627313" _address="http://data.sfgov.org/resource/ritf-b9ki/12627313"><incidntnum>150742934</incidntnum><category>ROBBERY</category><descript>ROBBERY ON THE STREET, STRONGARM</descript><dayofweek>Tuesday</dayofweek><date>2015-08-25T00:00:00</date><time>05:30</time><pddistrict>MISSION</pddistrict><resolution>NONE</resolution><address>19TH ST / CAPP ST</address><x>-122.41812008649</x><y>37.7603012340397</y><location human_address="{&quot;address&quot;:&quot;&quot;,&quot;city&quot;:&quot;&quot;,&quot;state&quot;:&quot;&quot;,&quot;zip&quot;:&quot;&quot;}" latitude="37.7603012340397" longitude="-122.41812008649" needs_recoding="false"/></row>