<?xml version="1.0" encoding="UTF-8"?><row _id="12624911" _uuid="E9C35039-2372-47EC-8B6D-1996C108E7DC" _position="12624911" _address="http://data.sfgov.org/resource/ritf-b9ki/12624911"><incidntnum>150729192</incidntnum><category>ASSAULT</category><descript>BATTERY, FORMER SPOUSE OR DATING RELATIONSHIP</descript><dayofweek>Thursday</dayofweek><date>2015-08-20T00:00:00</date><time>21:45</time><pddistrict>NORTHERN</pddistrict><resolution>ARREST, BOOKED</resolution><address>IVY ST / LAGUNA ST</address><x>-122.426360535365</x><y>37.7769313104957</y><location human_address="{&quot;address&quot;:&quot;&quot;,&quot;city&quot;:&quot;&quot;,&quot;state&quot;:&quot;&quot;,&quot;zip&quot;:&quot;&quot;}" latitude="37.7769313104957" longitude="-122.426360535365" needs_recoding="false"/></row>