<?xml version="1.0" encoding="UTF-8"?><row _id="12625627" _uuid="F435B59B-FE41-4818-97BB-683CDF777655" _position="12625627" _address="http://data.sfgov.org/resource/ritf-b9ki/12625627"><incidntnum>150732888</incidntnum><category>ASSAULT</category><descript>ATTEMPTED HOMICIDE WITH A KNIFE</descript><dayofweek>Friday</dayofweek><date>2015-08-21T00:00:00</date><time>23:40</time><pddistrict>BAYVIEW</pddistrict><resolution>ARREST, BOOKED</resolution><address>100 Block of ELMIRA ST</address><x>-122.403733561327</x><y>37.7353069209821</y><location human_address="{&quot;address&quot;:&quot;&quot;,&quot;city&quot;:&quot;&quot;,&quot;state&quot;:&quot;&quot;,&quot;zip&quot;:&quot;&quot;}" latitude="37.7353069209821" longitude="-122.403733561327" needs_recoding="false"/></row>