<?xml version="1.0" encoding="UTF-8"?><row _id="12628775" _uuid="A3D9DCE1-02B5-4DC4-8CA0-8FF0EFD4D20E" _position="12628775" _address="http://data.sfgov.org/resource/ritf-b9ki/12628775"><incidntnum>150754644</incidntnum><category>NON-CRIMINAL</category><descript>DEATH REPORT, CAUSE UNKNOWN</descript><dayofweek>Friday</dayofweek><date>2015-08-28T00:00:00</date><time>15:22</time><pddistrict>SOUTHERN</pddistrict><resolution>NONE</resolution><address>1200 Block of MISSION ST</address><x>-122.414457764634</x><y>37.7765080370233</y><location human_address="{&quot;address&quot;:&quot;&quot;,&quot;city&quot;:&quot;&quot;,&quot;state&quot;:&quot;&quot;,&quot;zip&quot;:&quot;&quot;}" latitude="37.7765080370233" longitude="-122.414457764634" needs_recoding="false"/></row>