<?xml version="1.0" encoding="UTF-8"?><row _id="12630539" _uuid="312BA048-B9D4-4B4E-AFB4-11CEBB8B8415" _position="12630539" _address="http://data.sfgov.org/resource/ritf-b9ki/12630539"><incidntnum>150768861</incidntnum><category>SUSPICIOUS OCC</category><descript>SUSPICIOUS OCCURRENCE</descript><dayofweek>Tuesday</dayofweek><date>2015-09-01T00:00:00</date><time>20:20</time><pddistrict>SOUTHERN</pddistrict><resolution>NONE</resolution><address>900 Block of MISSION ST</address><x>-122.407932868203</x><y>37.7815063666429</y><location human_address="{&quot;address&quot;:&quot;&quot;,&quot;city&quot;:&quot;&quot;,&quot;state&quot;:&quot;&quot;,&quot;zip&quot;:&quot;&quot;}" latitude="37.7815063666429" longitude="-122.407932868203" needs_recoding="false"/></row>