<?xml version="1.0" encoding="UTF-8"?><row _id="12621103" _uuid="00AF80D5-359B-4446-A780-0BC5CD036CD2" _position="12621103" _address="http://data.sfgov.org/resource/ritf-b9ki/12621103"><incidntnum>150728928</incidntnum><category>DRUG/NARCOTIC</category><descript>POSSESSION OF BASE/ROCK COCAINE FOR SALE</descript><dayofweek>Thursday</dayofweek><date>2015-08-20T00:00:00</date><time>20:36</time><pddistrict>TENDERLOIN</pddistrict><resolution>ARREST, BOOKED</resolution><address>FULTON ST / LARKIN ST</address><x>-122.416769999704</x><y>37.7795845776674</y><location human_address="{&quot;address&quot;:&quot;&quot;,&quot;city&quot;:&quot;&quot;,&quot;state&quot;:&quot;&quot;,&quot;zip&quot;:&quot;&quot;}" latitude="37.7795845776674" longitude="-122.416769999704" needs_recoding="false"/></row>