<?xml version="1.0" encoding="UTF-8"?><row _id="12636958" _uuid="D4DD5443-3460-4D33-88F0-8C368063E08D" _position="12636958" _address="http://data.sfgov.org/resource/ritf-b9ki/12636958"><incidntnum>150813228</incidntnum><category>LARCENY/THEFT</category><descript>GRAND THEFT FROM LOCKED AUTO</descript><dayofweek>Wednesday</dayofweek><date>2015-09-16T00:00:00</date><time>13:00</time><pddistrict>PARK</pddistrict><resolution>NONE</resolution><address>1200 Block of WALLER ST</address><x>-122.444310616667</x><y>37.7694427864091</y><location human_address="{&quot;address&quot;:&quot;&quot;,&quot;city&quot;:&quot;&quot;,&quot;state&quot;:&quot;&quot;,&quot;zip&quot;:&quot;&quot;}" latitude="37.7694427864091" longitude="-122.444310616667" needs_recoding="false"/></row>