<?xml version="1.0" encoding="UTF-8"?><row _id="12625399" _uuid="5CF4913A-AF58-4D4D-93F1-5FCE7A4AD5A5" _position="12625399" _address="http://data.sfgov.org/resource/ritf-b9ki/12625399"><incidntnum>150732866</incidntnum><category>NON-CRIMINAL</category><descript>FOUND PROPERTY</descript><dayofweek>Friday</dayofweek><date>2015-08-21T00:00:00</date><time>19:30</time><pddistrict>SOUTHERN</pddistrict><resolution>NONE</resolution><address>6TH ST / SHIPLEY ST</address><x>-122.405071381551</x><y>37.778068370863</y><location human_address="{&quot;address&quot;:&quot;&quot;,&quot;city&quot;:&quot;&quot;,&quot;state&quot;:&quot;&quot;,&quot;zip&quot;:&quot;&quot;}" latitude="37.778068370863" longitude="-122.405071381551" needs_recoding="false"/></row>