<?xml version="1.0" encoding="UTF-8"?><row _id="12626469" _uuid="FCE60DA6-49B9-44C1-9009-F9F13AB5A153" _position="12626469" _address="http://data.sfgov.org/resource/ritf-b9ki/12626469"><incidntnum>150736749</incidntnum><category>WARRANTS</category><descript>WARRANT ARREST</descript><dayofweek>Sunday</dayofweek><date>2015-08-23T00:00:00</date><time>08:33</time><pddistrict>NORTHERN</pddistrict><resolution>ARREST, BOOKED</resolution><address>1100 Block of FRANKLIN ST</address><x>-122.423049038172</x><y>37.7852397067254</y><location human_address="{&quot;address&quot;:&quot;&quot;,&quot;city&quot;:&quot;&quot;,&quot;state&quot;:&quot;&quot;,&quot;zip&quot;:&quot;&quot;}" latitude="37.7852397067254" longitude="-122.423049038172" needs_recoding="false"/></row>