<?xml version="1.0" encoding="UTF-8"?><row _id="12626404" _uuid="D658B994-F378-449B-B075-37D365B7A1D8" _position="12626404" _address="http://data.sfgov.org/resource/ritf-b9ki/12626404"><incidntnum>150737402</incidntnum><category>ROBBERY</category><descript>ATTEMPTED ROBBERY ON THE STREET WITH BODILY FORCE</descript><dayofweek>Sunday</dayofweek><date>2015-08-23T00:00:00</date><time>13:40</time><pddistrict>SOUTHERN</pddistrict><resolution>NONE</resolution><address>JONES ST / MCALLISTER ST</address><x>-122.411979487494</x><y>37.7809039696758</y><location human_address="{&quot;address&quot;:&quot;&quot;,&quot;city&quot;:&quot;&quot;,&quot;state&quot;:&quot;&quot;,&quot;zip&quot;:&quot;&quot;}" latitude="37.7809039696758" longitude="-122.411979487494" needs_recoding="false"/></row>