<?xml version="1.0" encoding="UTF-8"?><row _id="12627386" _uuid="D783A8A5-712E-4B3A-B1A9-309F09D2F30F" _position="12627386" _address="http://data.sfgov.org/resource/ritf-b9ki/12627386"><incidntnum>150744974</incidntnum><category>OTHER OFFENSES</category><descript>RESISTING ARREST</descript><dayofweek>Tuesday</dayofweek><date>2015-08-25T00:00:00</date><time>17:30</time><pddistrict>NORTHERN</pddistrict><resolution>NONE</resolution><address>500 Block of LARKIN ST</address><x>-122.417367329727</x><y>37.7828626236813</y><location human_address="{&quot;address&quot;:&quot;&quot;,&quot;city&quot;:&quot;&quot;,&quot;state&quot;:&quot;&quot;,&quot;zip&quot;:&quot;&quot;}" latitude="37.7828626236813" longitude="-122.417367329727" needs_recoding="false"/></row>