<?xml version="1.0" encoding="UTF-8"?><row _id="12628853" _uuid="6340D2A4-14AB-40F9-B79F-6D123242671C" _position="12628853" _address="http://data.sfgov.org/resource/ritf-b9ki/12628853"><incidntnum>156215911</incidntnum><category>NON-CRIMINAL</category><descript>LOST PROPERTY</descript><dayofweek>Friday</dayofweek><date>2015-08-21T00:00:00</date><time>17:00</time><pddistrict>NORTHERN</pddistrict><resolution>NONE</resolution><address>600 Block of VANNESS AV</address><x>-122.420691386664</x><y>37.7814832523537</y><location human_address="{&quot;address&quot;:&quot;&quot;,&quot;city&quot;:&quot;&quot;,&quot;state&quot;:&quot;&quot;,&quot;zip&quot;:&quot;&quot;}" latitude="37.7814832523537" longitude="-122.420691386664" needs_recoding="false"/></row>