<?xml version="1.0" encoding="UTF-8"?><row _id="12639157" _uuid="0DF0AD1B-4FEC-40BC-AD4E-5093BCC1525D" _position="12639157" _address="http://data.sfgov.org/resource/ritf-b9ki/12639157"><incidntnum>156240015</incidntnum><category>LARCENY/THEFT</category><descript>GRAND THEFT FROM LOCKED AUTO</descript><dayofweek>Wednesday</dayofweek><date>2015-08-26T00:00:00</date><time>16:30</time><pddistrict>CENTRAL</pddistrict><resolution>NONE</resolution><address>MONTGOMERY ST / LOMBARD ST</address><x>-122.404991617585</x><y>37.8038328280743</y><location human_address="{&quot;address&quot;:&quot;&quot;,&quot;city&quot;:&quot;&quot;,&quot;state&quot;:&quot;&quot;,&quot;zip&quot;:&quot;&quot;}" latitude="37.8038328280743" longitude="-122.404991617585" needs_recoding="false"/></row>