<?xml version="1.0" encoding="UTF-8"?><row _id="12629435" _uuid="0CFF789B-8BC1-4F2B-A9CA-CB0004D1C91A" _position="12629435" _address="http://data.sfgov.org/resource/ritf-b9ki/12629435"><incidntnum>156214286</incidntnum><category>LARCENY/THEFT</category><descript>GRAND THEFT FROM LOCKED AUTO</descript><dayofweek>Sunday</dayofweek><date>2015-08-30T00:00:00</date><time>15:00</time><pddistrict>CENTRAL</pddistrict><resolution>NONE</resolution><address>THE EMBARCADERONORTH ST / GREENWICH ST</address><x>-122.398861971113</x><y>37.8007809996037</y><location human_address="{&quot;address&quot;:&quot;&quot;,&quot;city&quot;:&quot;&quot;,&quot;state&quot;:&quot;&quot;,&quot;zip&quot;:&quot;&quot;}" latitude="37.8007809996037" longitude="-122.398861971113" needs_recoding="false"/></row>