<?xml version="1.0" encoding="UTF-8"?><row _id="12627755" _uuid="9C5C2287-2107-435C-A08A-7255F25A962E" _position="12627755" _address="http://data.sfgov.org/resource/ritf-b9ki/12627755"><incidntnum>150748443</incidntnum><category>ASSAULT</category><descript>BATTERY</descript><dayofweek>Wednesday</dayofweek><date>2015-08-26T00:00:00</date><time>18:25</time><pddistrict>SOUTHERN</pddistrict><resolution>NONE</resolution><address>700 Block of MISSION ST</address><x>-122.403070000847</x><y>37.7852686309087</y><location human_address="{&quot;address&quot;:&quot;&quot;,&quot;city&quot;:&quot;&quot;,&quot;state&quot;:&quot;&quot;,&quot;zip&quot;:&quot;&quot;}" latitude="37.7852686309087" longitude="-122.403070000847" needs_recoding="false"/></row>