<?xml version="1.0" encoding="UTF-8"?><row _id="12626853" _uuid="C25A63F8-5723-4FA7-9318-F9FC22CE16A2" _position="12626853" _address="http://data.sfgov.org/resource/ritf-b9ki/12626853"><incidntnum>150742166</incidntnum><category>LARCENY/THEFT</category><descript>GRAND THEFT FROM LOCKED AUTO</descript><dayofweek>Monday</dayofweek><date>2015-08-24T00:00:00</date><time>16:00</time><pddistrict>CENTRAL</pddistrict><resolution>NONE</resolution><address>CHESTNUT ST / LEAVENWORTH ST</address><x>-122.418153513396</x><y>37.8031360312501</y><location human_address="{&quot;address&quot;:&quot;&quot;,&quot;city&quot;:&quot;&quot;,&quot;state&quot;:&quot;&quot;,&quot;zip&quot;:&quot;&quot;}" latitude="37.8031360312501" longitude="-122.418153513396" needs_recoding="false"/></row>