<?xml version="1.0" encoding="UTF-8"?><row _id="12669732" _uuid="A1801BF5-CC82-4217-9516-2E63EEE6A938" _position="12669732" _address="http://data.sfgov.org/resource/ritf-b9ki/12669732"><incidntnum>151068395</incidntnum><category>LARCENY/THEFT</category><descript>GRAND THEFT FROM A BUILDING</descript><dayofweek>Monday</dayofweek><date>2015-08-24T00:00:00</date><time>09:30</time><pddistrict>INGLESIDE</pddistrict><resolution>NONE</resolution><address>5700 Block of MISSION ST</address><x>-122.448784993293</x><y>37.7100863455673</y><location human_address="{&quot;address&quot;:&quot;&quot;,&quot;city&quot;:&quot;&quot;,&quot;state&quot;:&quot;&quot;,&quot;zip&quot;:&quot;&quot;}" latitude="37.7100863455673" longitude="-122.448784993293" needs_recoding="false"/></row>