<?xml version="1.0" encoding="UTF-8"?><row _id="12626073" _uuid="B8D81679-2A00-4FA4-BAA2-A76D49745833" _position="12626073" _address="http://data.sfgov.org/resource/ritf-b9ki/12626073"><incidntnum>150735729</incidntnum><category>LARCENY/THEFT</category><descript>PETTY THEFT SHOPLIFTING</descript><dayofweek>Saturday</dayofweek><date>2015-08-22T00:00:00</date><time>18:50</time><pddistrict>SOUTHERN</pddistrict><resolution>ARREST, BOOKED</resolution><address>800 Block of MARKET ST</address><x>-122.407633520742</x><y>37.7841893501425</y><location human_address="{&quot;address&quot;:&quot;&quot;,&quot;city&quot;:&quot;&quot;,&quot;state&quot;:&quot;&quot;,&quot;zip&quot;:&quot;&quot;}" latitude="37.7841893501425" longitude="-122.407633520742" needs_recoding="false"/></row>