<?xml version="1.0" encoding="UTF-8"?><row _id="12627194" _uuid="E1CB3102-293D-4F8C-9D42-145B2A61A029" _position="12627194" _address="http://data.sfgov.org/resource/ritf-b9ki/12627194"><incidntnum>150674581</incidntnum><category>SEX OFFENSES, FORCIBLE</category><descript>CHILD ABUSE, EXPLOITATION</descript><dayofweek>Monday</dayofweek><date>2015-08-24T00:00:00</date><time>16:20</time><pddistrict>RICHMOND</pddistrict><resolution>ARREST, BOOKED</resolution><address>300 Block of 28TH AV</address><x>-122.488219056779</x><y>37.78278486433</y><location human_address="{&quot;address&quot;:&quot;&quot;,&quot;city&quot;:&quot;&quot;,&quot;state&quot;:&quot;&quot;,&quot;zip&quot;:&quot;&quot;}" latitude="37.78278486433" longitude="-122.488219056779" needs_recoding="false"/></row>