<?xml version="1.0" encoding="UTF-8"?><row _id="12627434" _uuid="E8FDFB40-E8E0-4AB6-9EC5-2243AABBEB62" _position="12627434" _address="http://data.sfgov.org/resource/ritf-b9ki/12627434"><incidntnum>150745687</incidntnum><category>LARCENY/THEFT</category><descript>GRAND THEFT FROM LOCKED AUTO</descript><dayofweek>Tuesday</dayofweek><date>2015-08-25T00:00:00</date><time>15:00</time><pddistrict>CENTRAL</pddistrict><resolution>NONE</resolution><address>2500 Block of POWELL ST</address><x>-122.412360253337</x><y>37.8081755740357</y><location human_address="{&quot;address&quot;:&quot;&quot;,&quot;city&quot;:&quot;&quot;,&quot;state&quot;:&quot;&quot;,&quot;zip&quot;:&quot;&quot;}" latitude="37.8081755740357" longitude="-122.412360253337" needs_recoding="false"/></row>