<?xml version="1.0" encoding="UTF-8"?><row _id="12625922" _uuid="9279119C-7E21-40DF-94C5-EBE93A2C0B3C" _position="12625922" _address="http://data.sfgov.org/resource/ritf-b9ki/12625922"><incidntnum>150736012</incidntnum><category>ASSAULT</category><descript>BATTERY</descript><dayofweek>Saturday</dayofweek><date>2015-08-22T00:00:00</date><time>20:20</time><pddistrict>TENDERLOIN</pddistrict><resolution>NONE</resolution><address>TURK ST / LEAVENWORTH ST</address><x>-122.414056291891</x><y>37.7827931071006</y><location human_address="{&quot;address&quot;:&quot;&quot;,&quot;city&quot;:&quot;&quot;,&quot;state&quot;:&quot;&quot;,&quot;zip&quot;:&quot;&quot;}" latitude="37.7827931071006" longitude="-122.414056291891" needs_recoding="false"/></row>