<?xml version="1.0" encoding="UTF-8"?><row _id="12624155" _uuid="4F5DCCE1-F074-495B-A682-F1DC863C00B7" _position="12624155" _address="http://data.sfgov.org/resource/ritf-b9ki/12624155"><incidntnum>150728473</incidntnum><category>MISSING PERSON</category><descript>MISSING ADULT</descript><dayofweek>Thursday</dayofweek><date>2015-08-20T00:00:00</date><time>17:49</time><pddistrict>MISSION</pddistrict><resolution>EXCEPTIONAL CLEARANCE</resolution><address>2400 Block of MARIPOSA ST</address><x>-122.407807660132</x><y>37.7630994299538</y><location human_address="{&quot;address&quot;:&quot;&quot;,&quot;city&quot;:&quot;&quot;,&quot;state&quot;:&quot;&quot;,&quot;zip&quot;:&quot;&quot;}" latitude="37.7630994299538" longitude="-122.407807660132" needs_recoding="false"/></row>