<?xml version="1.0" encoding="UTF-8"?><row _id="12630570" _uuid="565BC525-CF60-4BDF-A9A3-F1FAD177BA52" _position="12630570" _address="http://data.sfgov.org/resource/ritf-b9ki/12630570"><incidntnum>156216771</incidntnum><category>LARCENY/THEFT</category><descript>GRAND THEFT FROM LOCKED AUTO</descript><dayofweek>Tuesday</dayofweek><date>2015-09-01T00:00:00</date><time>14:00</time><pddistrict>PARK</pddistrict><resolution>NONE</resolution><address>100 Block of JOHNFKENNEDY DR</address><x>-122.457507583541</x><y>37.7711332354432</y><location human_address="{&quot;address&quot;:&quot;&quot;,&quot;city&quot;:&quot;&quot;,&quot;state&quot;:&quot;&quot;,&quot;zip&quot;:&quot;&quot;}" latitude="37.7711332354432" longitude="-122.457507583541" needs_recoding="false"/></row>