<?xml version="1.0" encoding="UTF-8"?><row _id="12626837" _uuid="7334332D-FA3D-4305-B6B8-7EC8FD65C01A" _position="12626837" _address="http://data.sfgov.org/resource/ritf-b9ki/12626837"><incidntnum>150740370</incidntnum><category>SECONDARY CODES</category><descript>DOMESTIC VIOLENCE</descript><dayofweek>Monday</dayofweek><date>2015-08-24T00:00:00</date><time>12:25</time><pddistrict>CENTRAL</pddistrict><resolution>NONE</resolution><address>VALLEJO ST / GRANT AV</address><x>-122.407208951402</x><y>37.7987756652736</y><location human_address="{&quot;address&quot;:&quot;&quot;,&quot;city&quot;:&quot;&quot;,&quot;state&quot;:&quot;&quot;,&quot;zip&quot;:&quot;&quot;}" latitude="37.7987756652736" longitude="-122.407208951402" needs_recoding="false"/></row>