<?xml version="1.0" encoding="UTF-8"?><row _id="12625925" _uuid="D7759F0F-6A49-4A2E-876D-3E7B0FDACBEE" _position="12625925" _address="http://data.sfgov.org/resource/ritf-b9ki/12625925"><incidntnum>150736147</incidntnum><category>LARCENY/THEFT</category><descript>GRAND THEFT FROM LOCKED AUTO</descript><dayofweek>Saturday</dayofweek><date>2015-08-22T00:00:00</date><time>18:00</time><pddistrict>SOUTHERN</pddistrict><resolution>NONE</resolution><address>BRANNAN ST / 5TH ST</address><x>-122.398758596964</x><y>37.776568769743</y><location human_address="{&quot;address&quot;:&quot;&quot;,&quot;city&quot;:&quot;&quot;,&quot;state&quot;:&quot;&quot;,&quot;zip&quot;:&quot;&quot;}" latitude="37.776568769743" longitude="-122.398758596964" needs_recoding="false"/></row>