<?xml version="1.0" encoding="UTF-8"?><row _id="12626356" _uuid="A9109B91-6284-4A9D-8D0F-FF41FB920DBE" _position="12626356" _address="http://data.sfgov.org/resource/ritf-b9ki/12626356"><incidntnum>150738983</incidntnum><category>VANDALISM</category><descript>MALICIOUS MISCHIEF, VANDALISM OF VEHICLES</descript><dayofweek>Sunday</dayofweek><date>2015-08-23T00:00:00</date><time>19:30</time><pddistrict>SOUTHERN</pddistrict><resolution>NONE</resolution><address>7TH ST / HOWARD ST</address><x>-122.409391574893</x><y>37.7779765037999</y><location human_address="{&quot;address&quot;:&quot;&quot;,&quot;city&quot;:&quot;&quot;,&quot;state&quot;:&quot;&quot;,&quot;zip&quot;:&quot;&quot;}" latitude="37.7779765037999" longitude="-122.409391574893" needs_recoding="false"/></row>