<?xml version="1.0" encoding="UTF-8"?><row _id="12626408" _uuid="8F98F8C3-6AF7-49EB-918D-162F44CDD18B" _position="12626408" _address="http://data.sfgov.org/resource/ritf-b9ki/12626408"><incidntnum>150738171</incidntnum><category>WARRANTS</category><descript>WARRANT ARREST</descript><dayofweek>Sunday</dayofweek><date>2015-08-23T00:00:00</date><time>18:16</time><pddistrict>SOUTHERN</pddistrict><resolution>ARREST, BOOKED</resolution><address>7TH ST / MISSION ST</address><x>-122.410939205552</x><y>37.7792122590085</y><location human_address="{&quot;address&quot;:&quot;&quot;,&quot;city&quot;:&quot;&quot;,&quot;state&quot;:&quot;&quot;,&quot;zip&quot;:&quot;&quot;}" latitude="37.7792122590085" longitude="-122.410939205552" needs_recoding="false"/></row>