<?xml version="1.0" encoding="UTF-8"?><row _id="12633755" _uuid="D9D70D3F-898D-4EF9-B69D-F110A78BFC39" _position="12633755" _address="http://data.sfgov.org/resource/ritf-b9ki/12633755"><incidntnum>150787366</incidntnum><category>TRESPASS</category><descript>LODGING WITHOUT PERMISSION</descript><dayofweek>Tuesday</dayofweek><date>2015-09-08T00:00:00</date><time>07:29</time><pddistrict>SOUTHERN</pddistrict><resolution>NONE</resolution><address>1000 Block of BRANNAN ST</address><x>-122.407343295373</x><y>37.7698568217817</y><location human_address="{&quot;address&quot;:&quot;&quot;,&quot;city&quot;:&quot;&quot;,&quot;state&quot;:&quot;&quot;,&quot;zip&quot;:&quot;&quot;}" latitude="37.7698568217817" longitude="-122.407343295373" needs_recoding="false"/></row>