<?xml version="1.0" encoding="UTF-8"?><row _id="12626909" _uuid="4F2FE871-ACBB-443C-8574-F1E7430B2442" _position="12626909" _address="http://data.sfgov.org/resource/ritf-b9ki/12626909"><incidntnum>150744786</incidntnum><category>VEHICLE THEFT</category><descript>STOLEN AUTOMOBILE</descript><dayofweek>Monday</dayofweek><date>2015-08-24T00:00:00</date><time>17:00</time><pddistrict>BAYVIEW</pddistrict><resolution>ARREST, BOOKED</resolution><address>JAMESTOWN AV / JENNINGS ST</address><x>-122.395431410481</x><y>37.7195579165862</y><location human_address="{&quot;address&quot;:&quot;&quot;,&quot;city&quot;:&quot;&quot;,&quot;state&quot;:&quot;&quot;,&quot;zip&quot;:&quot;&quot;}" latitude="37.7195579165862" longitude="-122.395431410481" needs_recoding="false"/></row>