<?xml version="1.0" encoding="UTF-8"?><row _id="12634784" _uuid="1A01D239-3954-4086-A907-F2952563F566" _position="12634784" _address="http://data.sfgov.org/resource/ritf-b9ki/12634784"><incidntnum>150798620</incidntnum><category>TRESPASS</category><descript>TRESPASSING</descript><dayofweek>Friday</dayofweek><date>2015-09-11T00:00:00</date><time>16:14</time><pddistrict>SOUTHERN</pddistrict><resolution>ARREST, BOOKED</resolution><address>0 Block of 6TH ST</address><x>-122.409011206639</x><y>37.7811340568243</y><location human_address="{&quot;address&quot;:&quot;&quot;,&quot;city&quot;:&quot;&quot;,&quot;state&quot;:&quot;&quot;,&quot;zip&quot;:&quot;&quot;}" latitude="37.7811340568243" longitude="-122.409011206639" needs_recoding="false"/></row>