<?xml version="1.0" encoding="UTF-8"?><row _id="12626891" _uuid="D7063469-1AFF-42A4-9DF0-30204651D6AA" _position="12626891" _address="http://data.sfgov.org/resource/ritf-b9ki/12626891"><incidntnum>150734191</incidntnum><category>NON-CRIMINAL</category><descript>FOUND PROPERTY</descript><dayofweek>Friday</dayofweek><date>2015-08-21T00:00:00</date><time>18:30</time><pddistrict>MISSION</pddistrict><resolution>NONE</resolution><address>BROSNAN ST / VALENCIA ST</address><x>-122.422259003303</x><y>37.7687547574634</y><location human_address="{&quot;address&quot;:&quot;&quot;,&quot;city&quot;:&quot;&quot;,&quot;state&quot;:&quot;&quot;,&quot;zip&quot;:&quot;&quot;}" latitude="37.7687547574634" longitude="-122.422259003303" needs_recoding="false"/></row>