<?xml version="1.0" encoding="UTF-8"?><row _id="12628788" _uuid="02495506-834D-46A3-87E4-D1D85C54D349" _position="12628788" _address="http://data.sfgov.org/resource/ritf-b9ki/12628788"><incidntnum>150755943</incidntnum><category>OTHER OFFENSES</category><descript>DRIVERS LICENSE, SUSPENDED OR REVOKED</descript><dayofweek>Friday</dayofweek><date>2015-08-28T00:00:00</date><time>19:29</time><pddistrict>TENDERLOIN</pddistrict><resolution>ARREST, BOOKED</resolution><address>100 Block of OFARRELL ST</address><x>-122.407222440955</x><y>37.7864562588009</y><location human_address="{&quot;address&quot;:&quot;&quot;,&quot;city&quot;:&quot;&quot;,&quot;state&quot;:&quot;&quot;,&quot;zip&quot;:&quot;&quot;}" latitude="37.7864562588009" longitude="-122.407222440955" needs_recoding="false"/></row>