<?xml version="1.0" encoding="UTF-8"?><row _id="12626743" _uuid="C6BA1AE1-5112-42CE-B6F6-2783B8F64DFD" _position="12626743" _address="http://data.sfgov.org/resource/ritf-b9ki/12626743"><incidntnum>150738814</incidntnum><category>SUSPICIOUS OCC</category><descript>INVESTIGATIVE DETENTION</descript><dayofweek>Sunday</dayofweek><date>2015-08-23T00:00:00</date><time>22:07</time><pddistrict>NORTHERN</pddistrict><resolution>NONE</resolution><address>GOLDEN GATE AV / STEINER ST</address><x>-122.433597792607</x><y>37.7793537315707</y><location human_address="{&quot;address&quot;:&quot;&quot;,&quot;city&quot;:&quot;&quot;,&quot;state&quot;:&quot;&quot;,&quot;zip&quot;:&quot;&quot;}" latitude="37.7793537315707" longitude="-122.433597792607" needs_recoding="false"/></row>