<?xml version="1.0" encoding="UTF-8"?><row _id="12630089" _uuid="FDBDE75C-8946-4505-A86D-2DD24FE2439F" _position="12630089" _address="http://data.sfgov.org/resource/ritf-b9ki/12630089"><incidntnum>150764988</incidntnum><category>NON-CRIMINAL</category><descript>AIDED CASE, MENTAL DISTURBED</descript><dayofweek>Monday</dayofweek><date>2015-08-31T00:00:00</date><time>19:00</time><pddistrict>CENTRAL</pddistrict><resolution>NONE</resolution><address>1200 Block of GRANT AV</address><x>-122.407049542301</x><y>37.7983399167576</y><location human_address="{&quot;address&quot;:&quot;&quot;,&quot;city&quot;:&quot;&quot;,&quot;state&quot;:&quot;&quot;,&quot;zip&quot;:&quot;&quot;}" latitude="37.7983399167576" longitude="-122.407049542301" needs_recoding="false"/></row>