<?xml version="1.0" encoding="UTF-8"?><row _id="12638380" _uuid="0EAC0FE7-D278-46B5-B7A3-3F64974D69E3" _position="12638380" _address="http://data.sfgov.org/resource/ritf-b9ki/12638380"><incidntnum>150824247</incidntnum><category>ASSAULT</category><descript>AGGRAVATED ASSAULT WITH A GUN</descript><dayofweek>Saturday</dayofweek><date>2015-09-19T00:00:00</date><time>23:31</time><pddistrict>MISSION</pddistrict><resolution>NONE</resolution><address>1800 Block of FOLSOM ST</address><x>-122.415605496237</x><y>37.7677177520665</y><location human_address="{&quot;address&quot;:&quot;&quot;,&quot;city&quot;:&quot;&quot;,&quot;state&quot;:&quot;&quot;,&quot;zip&quot;:&quot;&quot;}" latitude="37.7677177520665" longitude="-122.415605496237" needs_recoding="false"/></row>