<?xml version="1.0" encoding="UTF-8"?><row _id="12669381" _uuid="5E644FD7-5852-4FA2-923C-35784E1467D7" _position="12669381" _address="http://data.sfgov.org/resource/ritf-b9ki/12669381"><incidntnum>150807378</incidntnum><category>NON-CRIMINAL</category><descript>CASE CLOSURE</descript><dayofweek>Wednesday</dayofweek><date>2015-09-09T00:00:00</date><time>16:00</time><pddistrict>MISSION</pddistrict><resolution>ARREST, BOOKED</resolution><address>2100 Block of FOLSOM ST</address><x>-122.415144329833</x><y>37.7628783835763</y><location human_address="{&quot;address&quot;:&quot;&quot;,&quot;city&quot;:&quot;&quot;,&quot;state&quot;:&quot;&quot;,&quot;zip&quot;:&quot;&quot;}" latitude="37.7628783835763" longitude="-122.415144329833" needs_recoding="false"/></row>