<?xml version="1.0" encoding="UTF-8"?><row _id="12625444" _uuid="B47CECFD-7D43-41E3-BD03-BAF8467CEEC4" _position="12625444" _address="http://data.sfgov.org/resource/ritf-b9ki/12625444"><incidntnum>156207059</incidntnum><category>LARCENY/THEFT</category><descript>GRAND THEFT FROM LOCKED AUTO</descript><dayofweek>Friday</dayofweek><date>2015-08-21T00:00:00</date><time>23:00</time><pddistrict>CENTRAL</pddistrict><resolution>NONE</resolution><address>JONES ST / SUTTER ST</address><x>-122.4135447894</x><y>37.7885973839627</y><location human_address="{&quot;address&quot;:&quot;&quot;,&quot;city&quot;:&quot;&quot;,&quot;state&quot;:&quot;&quot;,&quot;zip&quot;:&quot;&quot;}" latitude="37.7885973839627" longitude="-122.4135447894" needs_recoding="false"/></row>