<?xml version="1.0" encoding="UTF-8"?><row _id="12640398" _uuid="B2DB5E53-3747-4F3B-B81A-FA20B1CA9FCF" _position="12640398" _address="http://data.sfgov.org/resource/ritf-b9ki/12640398"><incidntnum>150837262</incidntnum><category>FORGERY/COUNTERFEITING</category><descript>MONEY, CHANGING FACE AMOUNT</descript><dayofweek>Thursday</dayofweek><date>2015-09-24T00:00:00</date><time>01:51</time><pddistrict>SOUTHERN</pddistrict><resolution>ARREST, BOOKED</resolution><address>700 Block of MARKET ST</address><x>-122.403919148357</x><y>37.7871160984672</y><location human_address="{&quot;address&quot;:&quot;&quot;,&quot;city&quot;:&quot;&quot;,&quot;state&quot;:&quot;&quot;,&quot;zip&quot;:&quot;&quot;}" latitude="37.7871160984672" longitude="-122.403919148357" needs_recoding="false"/></row>