<?xml version="1.0" encoding="UTF-8"?><row _id="12627900" _uuid="2300B782-0C8F-49A0-83B3-BDB574A556F5" _position="12627900" _address="http://data.sfgov.org/resource/ritf-b9ki/12627900"><incidntnum>150750692</incidntnum><category>WARRANTS</category><descript>ENROUTE TO OUTSIDE JURISDICTION</descript><dayofweek>Wednesday</dayofweek><date>2015-08-26T00:00:00</date><time>08:00</time><pddistrict>CENTRAL</pddistrict><resolution>ARREST, BOOKED</resolution><address>500 Block of CALIFORNIA ST</address><x>-122.403304975767</x><y>37.7927275994659</y><location human_address="{&quot;address&quot;:&quot;&quot;,&quot;city&quot;:&quot;&quot;,&quot;state&quot;:&quot;&quot;,&quot;zip&quot;:&quot;&quot;}" latitude="37.7927275994659" longitude="-122.403304975767" needs_recoding="false"/></row>