<?xml version="1.0" encoding="UTF-8"?><row _id="12625796" _uuid="BE25B79B-5ADA-4505-B0A2-31234BCAC26A" _position="12625796" _address="http://data.sfgov.org/resource/ritf-b9ki/12625796"><incidntnum>150732941</incidntnum><category>WARRANTS</category><descript>WARRANT ARREST</descript><dayofweek>Friday</dayofweek><date>2015-08-21T00:00:00</date><time>12:00</time><pddistrict>INGLESIDE</pddistrict><resolution>ARREST, BOOKED</resolution><address>0 Block of SUSSEX ST</address><x>-122.43366863986</x><y>37.7366836597851</y><location human_address="{&quot;address&quot;:&quot;&quot;,&quot;city&quot;:&quot;&quot;,&quot;state&quot;:&quot;&quot;,&quot;zip&quot;:&quot;&quot;}" latitude="37.7366836597851" longitude="-122.43366863986" needs_recoding="false"/></row>