<?xml version="1.0" encoding="UTF-8"?><row _id="12630152" _uuid="A0C2FC70-32DD-4F68-9305-320458377489" _position="12630152" _address="http://data.sfgov.org/resource/ritf-b9ki/12630152"><incidntnum>156216577</incidntnum><category>LARCENY/THEFT</category><descript>GRAND THEFT FROM UNLOCKED AUTO</descript><dayofweek>Monday</dayofweek><date>2015-08-31T00:00:00</date><time>13:30</time><pddistrict>CENTRAL</pddistrict><resolution>NONE</resolution><address>300 Block of POST ST</address><x>-122.407591091073</x><y>37.7883401187101</y><location human_address="{&quot;address&quot;:&quot;&quot;,&quot;city&quot;:&quot;&quot;,&quot;state&quot;:&quot;&quot;,&quot;zip&quot;:&quot;&quot;}" latitude="37.7883401187101" longitude="-122.407591091073" needs_recoding="false"/></row>