<?xml version="1.0" encoding="UTF-8"?><row _id="12625365" _uuid="B2CF5BA7-D70F-4C2D-9F52-D96A23423F33" _position="12625365" _address="http://data.sfgov.org/resource/ritf-b9ki/12625365"><incidntnum>150732480</incidntnum><category>LARCENY/THEFT</category><descript>GRAND THEFT FROM LOCKED AUTO</descript><dayofweek>Friday</dayofweek><date>2015-08-21T00:00:00</date><time>18:00</time><pddistrict>NORTHERN</pddistrict><resolution>NONE</resolution><address>GEARY BL / GOUGH ST</address><x>-122.424688703591</x><y>37.7853339640306</y><location human_address="{&quot;address&quot;:&quot;&quot;,&quot;city&quot;:&quot;&quot;,&quot;state&quot;:&quot;&quot;,&quot;zip&quot;:&quot;&quot;}" latitude="37.7853339640306" longitude="-122.424688703591" needs_recoding="false"/></row>