<?xml version="1.0" encoding="UTF-8"?><row _id="12627669" _uuid="BE033490-5AC4-4C9B-A732-39CD5043B3E1" _position="12627669" _address="http://data.sfgov.org/resource/ritf-b9ki/12627669"><incidntnum>150747683</incidntnum><category>ASSAULT</category><descript>AGGRAVATED ASSAULT WITH BODILY FORCE</descript><dayofweek>Wednesday</dayofweek><date>2015-08-26T00:00:00</date><time>14:35</time><pddistrict>SOUTHERN</pddistrict><resolution>NONE</resolution><address>MISSION ST / LASKIE ST</address><x>-122.414110572621</x><y>37.7767078195153</y><location human_address="{&quot;address&quot;:&quot;&quot;,&quot;city&quot;:&quot;&quot;,&quot;state&quot;:&quot;&quot;,&quot;zip&quot;:&quot;&quot;}" latitude="37.7767078195153" longitude="-122.414110572621" needs_recoding="false"/></row>