<?xml version="1.0" encoding="UTF-8"?><row _id="12626120" _uuid="F56A792B-9610-474A-AC33-C82D8E754F29" _position="12626120" _address="http://data.sfgov.org/resource/ritf-b9ki/12626120"><incidntnum>150735735</incidntnum><category>VEHICLE THEFT</category><descript>STOLEN AUTOMOBILE</descript><dayofweek>Saturday</dayofweek><date>2015-08-22T00:00:00</date><time>11:00</time><pddistrict>PARK</pddistrict><resolution>NONE</resolution><address>1900 Block of PAGE ST</address><x>-122.452896022151</x><y>37.7701501507955</y><location human_address="{&quot;address&quot;:&quot;&quot;,&quot;city&quot;:&quot;&quot;,&quot;state&quot;:&quot;&quot;,&quot;zip&quot;:&quot;&quot;}" latitude="37.7701501507955" longitude="-122.452896022151" needs_recoding="false"/></row>