<?xml version="1.0" encoding="UTF-8"?><row _id="12626325" _uuid="7BDB5CDB-CFB9-4836-8B84-6FCCA589A5FF" _position="12626325" _address="http://data.sfgov.org/resource/ritf-b9ki/12626325"><incidntnum>150736266</incidntnum><category>SUSPICIOUS OCC</category><descript>INVESTIGATIVE DETENTION</descript><dayofweek>Saturday</dayofweek><date>2015-08-22T00:00:00</date><time>23:50</time><pddistrict>NORTHERN</pddistrict><resolution>NONE</resolution><address>600 Block of LINDEN ST</address><x>-122.428644258416</x><y>37.7756257396589</y><location human_address="{&quot;address&quot;:&quot;&quot;,&quot;city&quot;:&quot;&quot;,&quot;state&quot;:&quot;&quot;,&quot;zip&quot;:&quot;&quot;}" latitude="37.7756257396589" longitude="-122.428644258416" needs_recoding="false"/></row>