<?xml version="1.0" encoding="UTF-8"?><row _id="12629973" _uuid="9ED1F0E7-6095-42A3-BF05-9CB932F0EA4B" _position="12629973" _address="http://data.sfgov.org/resource/ritf-b9ki/12629973"><incidntnum>150765005</incidntnum><category>WARRANTS</category><descript>WARRANT ARREST</descript><dayofweek>Monday</dayofweek><date>2015-08-31T00:00:00</date><time>20:05</time><pddistrict>CENTRAL</pddistrict><resolution>ARREST, BOOKED</resolution><address>DRUMM ST / WASHINGTON ST</address><x>-122.396962385547</x><y>37.7963478739442</y><location human_address="{&quot;address&quot;:&quot;&quot;,&quot;city&quot;:&quot;&quot;,&quot;state&quot;:&quot;&quot;,&quot;zip&quot;:&quot;&quot;}" latitude="37.7963478739442" longitude="-122.396962385547" needs_recoding="false"/></row>