<?xml version="1.0" encoding="UTF-8"?><row _id="12629442" _uuid="6EE8D834-F4D0-44F2-96E2-EADB051E965C" _position="12629442" _address="http://data.sfgov.org/resource/ritf-b9ki/12629442"><incidntnum>156214612</incidntnum><category>NON-CRIMINAL</category><descript>LOST PROPERTY</descript><dayofweek>Sunday</dayofweek><date>2015-08-30T00:00:00</date><time>02:30</time><pddistrict>CENTRAL</pddistrict><resolution>NONE</resolution><address>LEAVENWORTH ST / POST ST</address><x>-122.414996719991</x><y>37.7874530734464</y><location human_address="{&quot;address&quot;:&quot;&quot;,&quot;city&quot;:&quot;&quot;,&quot;state&quot;:&quot;&quot;,&quot;zip&quot;:&quot;&quot;}" latitude="37.7874530734464" longitude="-122.414996719991" needs_recoding="false"/></row>