<?xml version="1.0" encoding="UTF-8"?><row _id="12623775" _uuid="075A087F-3DDC-4739-BCE5-FE13EC8458CD" _position="12623775" _address="http://data.sfgov.org/resource/ritf-b9ki/12623775"><incidntnum>150728235</incidntnum><category>ASSAULT</category><descript>THREATS AGAINST LIFE</descript><dayofweek>Thursday</dayofweek><date>2015-08-20T00:00:00</date><time>10:00</time><pddistrict>INGLESIDE</pddistrict><resolution>NONE</resolution><address>1000 Block of TOMPKINS AV</address><x>-122.410068453375</x><y>37.7368208487091</y><location human_address="{&quot;address&quot;:&quot;&quot;,&quot;city&quot;:&quot;&quot;,&quot;state&quot;:&quot;&quot;,&quot;zip&quot;:&quot;&quot;}" latitude="37.7368208487091" longitude="-122.410068453375" needs_recoding="false"/></row>