<?xml version="1.0" encoding="UTF-8"?><row _id="12657463" _uuid="0EFDEDA6-661D-4E5F-B7EA-C51B37C34D53" _position="12657463" _address="http://data.sfgov.org/resource/ritf-b9ki/12657463"><incidntnum>150969940</incidntnum><category>VEHICLE THEFT</category><descript>STOLEN TRUCK</descript><dayofweek>Thursday</dayofweek><date>2015-08-20T00:00:00</date><time>17:00</time><pddistrict>TARAVAL</pddistrict><resolution>NONE</resolution><address>LAWTON ST / 18TH AV</address><x>-122.475665025548</x><y>37.7580129064278</y><location human_address="{&quot;address&quot;:&quot;&quot;,&quot;city&quot;:&quot;&quot;,&quot;state&quot;:&quot;&quot;,&quot;zip&quot;:&quot;&quot;}" latitude="37.7580129064278" longitude="-122.475665025548" needs_recoding="false"/></row>