<?xml version="1.0" encoding="UTF-8"?><row _id="12625422" _uuid="EC585C85-7B7B-4793-B4CB-359D2C724A46" _position="12625422" _address="http://data.sfgov.org/resource/ritf-b9ki/12625422"><incidntnum>150731824</incidntnum><category>OTHER OFFENSES</category><descript>RECKLESS DRIVING</descript><dayofweek>Friday</dayofweek><date>2015-08-21T00:00:00</date><time>18:28</time><pddistrict>BAYVIEW</pddistrict><resolution>NONE</resolution><address>HOLLISTER AV / HAWES ST</address><x>-122.390564527749</x><y>37.7186884382294</y><location human_address="{&quot;address&quot;:&quot;&quot;,&quot;city&quot;:&quot;&quot;,&quot;state&quot;:&quot;&quot;,&quot;zip&quot;:&quot;&quot;}" latitude="37.7186884382294" longitude="-122.390564527749" needs_recoding="false"/></row>