<?xml version="1.0" encoding="UTF-8"?><row _id="12625805" _uuid="15AA077A-B774-474B-B568-7E8B5732D0F3" _position="12625805" _address="http://data.sfgov.org/resource/ritf-b9ki/12625805"><incidntnum>150747019</incidntnum><category>LARCENY/THEFT</category><descript>PETTY THEFT OF PROPERTY</descript><dayofweek>Friday</dayofweek><date>2015-08-21T00:00:00</date><time>10:20</time><pddistrict>MISSION</pddistrict><resolution>NONE</resolution><address>500 Block of SANCHEZ ST</address><x>-122.430604287057</x><y>37.76075222187</y><location human_address="{&quot;address&quot;:&quot;&quot;,&quot;city&quot;:&quot;&quot;,&quot;state&quot;:&quot;&quot;,&quot;zip&quot;:&quot;&quot;}" latitude="37.76075222187" longitude="-122.430604287057" needs_recoding="false"/></row>