<?xml version="1.0" encoding="UTF-8"?><row _id="12628260" _uuid="C7782606-C48D-4E68-A2C0-8949F22B4DA1" _position="12628260" _address="http://data.sfgov.org/resource/ritf-b9ki/12628260"><incidntnum>156211862</incidntnum><category>LARCENY/THEFT</category><descript>PETTY THEFT OF PROPERTY</descript><dayofweek>Thursday</dayofweek><date>2015-08-27T00:00:00</date><time>20:00</time><pddistrict>CENTRAL</pddistrict><resolution>NONE</resolution><address>0 Block of SUTTER ST</address><x>-122.400344691288</x><y>37.7902143401629</y><location human_address="{&quot;address&quot;:&quot;&quot;,&quot;city&quot;:&quot;&quot;,&quot;state&quot;:&quot;&quot;,&quot;zip&quot;:&quot;&quot;}" latitude="37.7902143401629" longitude="-122.400344691288" needs_recoding="false"/></row>