<?xml version="1.0" encoding="UTF-8"?><row _id="12625743" _uuid="EEF2B018-2281-4CB7-A3E3-5215451FC50B" _position="12625743" _address="http://data.sfgov.org/resource/ritf-b9ki/12625743"><incidntnum>156206603</incidntnum><category>LARCENY/THEFT</category><descript>GRAND THEFT FROM UNLOCKED AUTO</descript><dayofweek>Friday</dayofweek><date>2015-08-21T00:00:00</date><time>15:00</time><pddistrict>NORTHERN</pddistrict><resolution>NONE</resolution><address>0 Block of MOULTON ST</address><x>-122.433502031945</x><y>37.7996765735232</y><location human_address="{&quot;address&quot;:&quot;&quot;,&quot;city&quot;:&quot;&quot;,&quot;state&quot;:&quot;&quot;,&quot;zip&quot;:&quot;&quot;}" latitude="37.7996765735232" longitude="-122.433502031945" needs_recoding="false"/></row>