<?xml version="1.0" encoding="UTF-8"?><row _id="12625599" _uuid="C31C46BA-9654-4C6F-8938-61476063B008" _position="12625599" _address="http://data.sfgov.org/resource/ritf-b9ki/12625599"><incidntnum>150734981</incidntnum><category>VEHICLE THEFT</category><descript>STOLEN AUTOMOBILE</descript><dayofweek>Friday</dayofweek><date>2015-08-21T00:00:00</date><time>14:00</time><pddistrict>NORTHERN</pddistrict><resolution>NONE</resolution><address>1500 Block of POST ST</address><x>-122.426529714226</x><y>37.7860427680942</y><location human_address="{&quot;address&quot;:&quot;&quot;,&quot;city&quot;:&quot;&quot;,&quot;state&quot;:&quot;&quot;,&quot;zip&quot;:&quot;&quot;}" latitude="37.7860427680942" longitude="-122.426529714226" needs_recoding="false"/></row>