<?xml version="1.0" encoding="UTF-8"?><row _id="12633990" _uuid="CC154097-386F-487E-BFE5-4B99DEA0447B" _position="12633990" _address="http://data.sfgov.org/resource/ritf-b9ki/12633990"><incidntnum>150791464</incidntnum><category>SUSPICIOUS OCC</category><descript>SUSPICIOUS OCCURRENCE</descript><dayofweek>Wednesday</dayofweek><date>2015-09-09T00:00:00</date><time>08:40</time><pddistrict>INGLESIDE</pddistrict><resolution>NONE</resolution><address>0 Block of SPARTA ST</address><x>-122.403644220317</x><y>37.7179625135002</y><location human_address="{&quot;address&quot;:&quot;&quot;,&quot;city&quot;:&quot;&quot;,&quot;state&quot;:&quot;&quot;,&quot;zip&quot;:&quot;&quot;}" latitude="37.7179625135002" longitude="-122.403644220317" needs_recoding="false"/></row>