<?xml version="1.0" encoding="UTF-8"?><row _id="12630268" _uuid="FDBE6F50-9F4B-4FEC-9AA7-BF51C1B49720" _position="12630268" _address="http://data.sfgov.org/resource/ritf-b9ki/12630268"><incidntnum>150765293</incidntnum><category>WEAPON LAWS</category><descript>FIREARM WITH ALTERED IDENTIFICATION</descript><dayofweek>Monday</dayofweek><date>2015-08-31T00:00:00</date><time>21:13</time><pddistrict>MISSION</pddistrict><resolution>ARREST, BOOKED</resolution><address>2800 Block of HARRISON ST</address><x>-122.411752574468</x><y>37.751820136318</y><location human_address="{&quot;address&quot;:&quot;&quot;,&quot;city&quot;:&quot;&quot;,&quot;state&quot;:&quot;&quot;,&quot;zip&quot;:&quot;&quot;}" latitude="37.751820136318" longitude="-122.411752574468" needs_recoding="false"/></row>