<?xml version="1.0" encoding="UTF-8"?><row _id="12626189" _uuid="01B7634E-B67C-4AC5-8CF9-2DBB7B616A65" _position="12626189" _address="http://data.sfgov.org/resource/ritf-b9ki/12626189"><incidntnum>150735020</incidntnum><category>ASSAULT</category><descript>BATTERY</descript><dayofweek>Saturday</dayofweek><date>2015-08-22T00:00:00</date><time>15:30</time><pddistrict>BAYVIEW</pddistrict><resolution>NONE</resolution><address>1400 Block of LASALLE AV</address><x>-122.386304220968</x><y>37.7349050342849</y><location human_address="{&quot;address&quot;:&quot;&quot;,&quot;city&quot;:&quot;&quot;,&quot;state&quot;:&quot;&quot;,&quot;zip&quot;:&quot;&quot;}" latitude="37.7349050342849" longitude="-122.386304220968" needs_recoding="false"/></row>