<?xml version="1.0" encoding="UTF-8"?><row _id="12624311" _uuid="EE341C51-0FF2-48C2-805A-7565E5D4CEE0" _position="12624311" _address="http://data.sfgov.org/resource/ritf-b9ki/12624311"><incidntnum>156206346</incidntnum><category>VANDALISM</category><descript>MALICIOUS MISCHIEF, VANDALISM OF VEHICLES</descript><dayofweek>Thursday</dayofweek><date>2015-08-20T00:00:00</date><time>19:00</time><pddistrict>SOUTHERN</pddistrict><resolution>NONE</resolution><address>500 Block of BEALE ST</address><x>-122.389113595272</x><y>37.7857281880557</y><location human_address="{&quot;address&quot;:&quot;&quot;,&quot;city&quot;:&quot;&quot;,&quot;state&quot;:&quot;&quot;,&quot;zip&quot;:&quot;&quot;}" latitude="37.7857281880557" longitude="-122.389113595272" needs_recoding="false"/></row>