<?xml version="1.0" encoding="UTF-8"?><row _id="12626170" _uuid="5C3C7C03-FCF4-4810-992A-CF70BE5CB401" _position="12626170" _address="http://data.sfgov.org/resource/ritf-b9ki/12626170"><incidntnum>150745483</incidntnum><category>BURGLARY</category><descript>BURGLARY OF RESIDENCE, UNLAWFUL ENTRY</descript><dayofweek>Saturday</dayofweek><date>2015-08-22T00:00:00</date><time>18:00</time><pddistrict>TARAVAL</pddistrict><resolution>NONE</resolution><address>1500 Block of 19TH AV</address><x>-122.476605418987</x><y>37.758889724515</y><location human_address="{&quot;address&quot;:&quot;&quot;,&quot;city&quot;:&quot;&quot;,&quot;state&quot;:&quot;&quot;,&quot;zip&quot;:&quot;&quot;}" latitude="37.758889724515" longitude="-122.476605418987" needs_recoding="false"/></row>