<?xml version="1.0" encoding="UTF-8"?><row _id="12627754" _uuid="6FD08BD2-9FD1-43FB-ADB2-ACB61ACC2FE7" _position="12627754" _address="http://data.sfgov.org/resource/ritf-b9ki/12627754"><incidntnum>150748374</incidntnum><category>VEHICLE THEFT</category><descript>STOLEN AUTOMOBILE</descript><dayofweek>Wednesday</dayofweek><date>2015-08-26T00:00:00</date><time>08:22</time><pddistrict>INGLESIDE</pddistrict><resolution>NONE</resolution><address>500 Block of LISBON ST</address><x>-122.435442470482</x><y>37.7196809233704</y><location human_address="{&quot;address&quot;:&quot;&quot;,&quot;city&quot;:&quot;&quot;,&quot;state&quot;:&quot;&quot;,&quot;zip&quot;:&quot;&quot;}" latitude="37.7196809233704" longitude="-122.435442470482" needs_recoding="false"/></row>