<?xml version="1.0" encoding="UTF-8"?><row _id="12648187" _uuid="4BEB080A-0246-4D2B-A25A-8F3964C8DF0D" _position="12648187" _address="http://data.sfgov.org/resource/ritf-b9ki/12648187"><incidntnum>156259094</incidntnum><category>NON-CRIMINAL</category><descript>LOST PROPERTY</descript><dayofweek>Friday</dayofweek><date>2015-08-21T00:00:00</date><time>22:00</time><pddistrict>NORTHERN</pddistrict><resolution>NONE</resolution><address>1200 Block of POLK ST</address><x>-122.420231590619</x><y>37.78798096196</y><location human_address="{&quot;address&quot;:&quot;&quot;,&quot;city&quot;:&quot;&quot;,&quot;state&quot;:&quot;&quot;,&quot;zip&quot;:&quot;&quot;}" latitude="37.78798096196" longitude="-122.420231590619" needs_recoding="false"/></row>