<?xml version="1.0" encoding="UTF-8"?><row _id="12635483" _uuid="D1C837DC-AEC7-48F0-8D21-443768C0F370" _position="12635483" _address="http://data.sfgov.org/resource/ritf-b9ki/12635483"><incidntnum>156234535</incidntnum><category>NON-CRIMINAL</category><descript>LOST PROPERTY</descript><dayofweek>Wednesday</dayofweek><date>2015-08-26T00:00:00</date><time>16:00</time><pddistrict>CENTRAL</pddistrict><resolution>NONE</resolution><address>1300 Block of PINE ST</address><x>-122.418028132982</x><y>37.7898812870744</y><location human_address="{&quot;address&quot;:&quot;&quot;,&quot;city&quot;:&quot;&quot;,&quot;state&quot;:&quot;&quot;,&quot;zip&quot;:&quot;&quot;}" latitude="37.7898812870744" longitude="-122.418028132982" needs_recoding="false"/></row>