<?xml version="1.0" encoding="UTF-8"?><row _id="12626970" _uuid="FCC09259-0B29-4FA7-A480-75B5E0470BCA" _position="12626970" _address="http://data.sfgov.org/resource/ritf-b9ki/12626970"><incidntnum>150740007</incidntnum><category>ASSAULT</category><descript>BATTERY</descript><dayofweek>Monday</dayofweek><date>2015-08-24T00:00:00</date><time>10:30</time><pddistrict>SOUTHERN</pddistrict><resolution>NONE</resolution><address>600 Block of MISSION ST</address><x>-122.40093111397</x><y>37.7871900467437</y><location human_address="{&quot;address&quot;:&quot;&quot;,&quot;city&quot;:&quot;&quot;,&quot;state&quot;:&quot;&quot;,&quot;zip&quot;:&quot;&quot;}" latitude="37.7871900467437" longitude="-122.40093111397" needs_recoding="false"/></row>