<?xml version="1.0" encoding="UTF-8"?><row _id="12626884" _uuid="5D78F476-DF86-4519-B46F-55014623E5B4" _position="12626884" _address="http://data.sfgov.org/resource/ritf-b9ki/12626884"><incidntnum>156210347</incidntnum><category>LARCENY/THEFT</category><descript>GRAND THEFT FROM LOCKED AUTO</descript><dayofweek>Monday</dayofweek><date>2015-08-24T00:00:00</date><time>19:15</time><pddistrict>SOUTHERN</pddistrict><resolution>NONE</resolution><address>HOWARD ST / MARY ST</address><x>-122.405721454567</x><y>37.7808789360214</y><location human_address="{&quot;address&quot;:&quot;&quot;,&quot;city&quot;:&quot;&quot;,&quot;state&quot;:&quot;&quot;,&quot;zip&quot;:&quot;&quot;}" latitude="37.7808789360214" longitude="-122.405721454567" needs_recoding="false"/></row>