<?xml version="1.0" encoding="UTF-8"?><row _id="12625900" _uuid="C159B540-2171-47D9-B03B-78344A189829" _position="12625900" _address="http://data.sfgov.org/resource/ritf-b9ki/12625900"><incidntnum>150735393</incidntnum><category>ASSAULT</category><descript>CHILD ABUSE (PHYSICAL)</descript><dayofweek>Saturday</dayofweek><date>2015-08-22T00:00:00</date><time>18:52</time><pddistrict>INGLESIDE</pddistrict><resolution>JUVENILE BOOKED</resolution><address>MURRAY ST / JUSTIN DR</address><x>-122.422379723727</x><y>37.7338420695398</y><location human_address="{&quot;address&quot;:&quot;&quot;,&quot;city&quot;:&quot;&quot;,&quot;state&quot;:&quot;&quot;,&quot;zip&quot;:&quot;&quot;}" latitude="37.7338420695398" longitude="-122.422379723727" needs_recoding="false"/></row>