<?xml version="1.0" encoding="UTF-8"?><row _id="12631395" _uuid="9A385E8C-1977-43BC-9C17-184CDD3BAC88" _position="12631395" _address="http://data.sfgov.org/resource/ritf-b9ki/12631395"><incidntnum>156209588</incidntnum><category>LARCENY/THEFT</category><descript>GRAND THEFT FROM UNLOCKED AUTO</descript><dayofweek>Monday</dayofweek><date>2015-08-24T00:00:00</date><time>18:00</time><pddistrict>NORTHERN</pddistrict><resolution>NONE</resolution><address>1000 Block of EDDY ST</address><x>-122.425756916194</x><y>37.782210781991</y><location human_address="{&quot;address&quot;:&quot;&quot;,&quot;city&quot;:&quot;&quot;,&quot;state&quot;:&quot;&quot;,&quot;zip&quot;:&quot;&quot;}" latitude="37.782210781991" longitude="-122.425756916194" needs_recoding="false"/></row>