<?xml version="1.0" encoding="UTF-8"?><row _id="12621204" _uuid="6ADC42B0-88A5-4597-9BB4-93BBB8B72F53" _position="12621204" _address="http://data.sfgov.org/resource/ritf-b9ki/12621204"><incidntnum>150729346</incidntnum><category>LARCENY/THEFT</category><descript>PETTY THEFT FROM LOCKED AUTO</descript><dayofweek>Thursday</dayofweek><date>2015-08-20T00:00:00</date><time>21:00</time><pddistrict>CENTRAL</pddistrict><resolution>NONE</resolution><address>POWELL ST / NORTHPOINT ST</address><x>-122.412143310586</x><y>37.8067579023106</y><location human_address="{&quot;address&quot;:&quot;&quot;,&quot;city&quot;:&quot;&quot;,&quot;state&quot;:&quot;&quot;,&quot;zip&quot;:&quot;&quot;}" latitude="37.8067579023106" longitude="-122.412143310586" needs_recoding="false"/></row>