<?xml version="1.0" encoding="UTF-8"?><row _id="12628028" _uuid="6129114F-B783-4787-956D-1D18ABDE5EF6" _position="12628028" _address="http://data.sfgov.org/resource/ritf-b9ki/12628028"><incidntnum>150752701</incidntnum><category>OTHER OFFENSES</category><descript>TRAFFIC VIOLATION ARREST</descript><dayofweek>Thursday</dayofweek><date>2015-08-27T00:00:00</date><time>23:45</time><pddistrict>RICHMOND</pddistrict><resolution>ARREST, BOOKED</resolution><address>GEARY BL / 4TH AV</address><x>-122.462141270182</x><y>37.7811098899332</y><location human_address="{&quot;address&quot;:&quot;&quot;,&quot;city&quot;:&quot;&quot;,&quot;state&quot;:&quot;&quot;,&quot;zip&quot;:&quot;&quot;}" latitude="37.7811098899332" longitude="-122.462141270182" needs_recoding="false"/></row>