<?xml version="1.0" encoding="UTF-8"?><row _id="12625974" _uuid="50DAE206-83C8-43DB-ADB0-56C732309EF9" _position="12625974" _address="http://data.sfgov.org/resource/ritf-b9ki/12625974"><incidntnum>156207673</incidntnum><category>LARCENY/THEFT</category><descript>GRAND THEFT FROM LOCKED AUTO</descript><dayofweek>Saturday</dayofweek><date>2015-08-22T00:00:00</date><time>20:00</time><pddistrict>NORTHERN</pddistrict><resolution>NONE</resolution><address>WEBSTER ST / FILBERT ST</address><x>-122.434037411348</x><y>37.7982288337207</y><location human_address="{&quot;address&quot;:&quot;&quot;,&quot;city&quot;:&quot;&quot;,&quot;state&quot;:&quot;&quot;,&quot;zip&quot;:&quot;&quot;}" latitude="37.7982288337207" longitude="-122.434037411348" needs_recoding="false"/></row>