<?xml version="1.0" encoding="UTF-8"?><row _id="12650092" _uuid="9F21E716-CE43-4B5D-9B3A-99BB7BBF75C2" _position="12650092" _address="http://data.sfgov.org/resource/ritf-b9ki/12650092"><incidntnum>150929819</incidntnum><category>BURGLARY</category><descript>BURGLARY OF APARTMENT HOUSE, UNLAWFUL ENTRY</descript><dayofweek>Saturday</dayofweek><date>2015-09-05T00:00:00</date><time>12:00</time><pddistrict>MISSION</pddistrict><resolution>NONE</resolution><address>2100 Block of MARKET ST</address><x>-122.429788986988</x><y>37.7666521474762</y><location human_address="{&quot;address&quot;:&quot;&quot;,&quot;city&quot;:&quot;&quot;,&quot;state&quot;:&quot;&quot;,&quot;zip&quot;:&quot;&quot;}" latitude="37.7666521474762" longitude="-122.429788986988" needs_recoding="false"/></row>