<?xml version="1.0" encoding="UTF-8"?><row _id="12632274" _uuid="74BE35F0-A639-47B7-A8ED-BD73131C9FE7" _position="12632274" _address="http://data.sfgov.org/resource/ritf-b9ki/12632274"><incidntnum>150776507</incidntnum><category>VANDALISM</category><descript>MALICIOUS MISCHIEF, GRAFFITI</descript><dayofweek>Wednesday</dayofweek><date>2015-09-02T00:00:00</date><time>23:50</time><pddistrict>INGLESIDE</pddistrict><resolution>UNFOUNDED</resolution><address>2800 Block of ALEMANY BL</address><x>-122.451391413052</x><y>37.7126380519918</y><location human_address="{&quot;address&quot;:&quot;&quot;,&quot;city&quot;:&quot;&quot;,&quot;state&quot;:&quot;&quot;,&quot;zip&quot;:&quot;&quot;}" latitude="37.7126380519918" longitude="-122.451391413052" needs_recoding="false"/></row>