<?xml version="1.0" encoding="UTF-8"?><row _id="12627152" _uuid="487DFA2A-32F5-4BB7-8C2A-1B1709A2A912" _position="12627152" _address="http://data.sfgov.org/resource/ritf-b9ki/12627152"><incidntnum>150766627</incidntnum><category>LARCENY/THEFT</category><descript>PETTY THEFT FROM A BUILDING</descript><dayofweek>Monday</dayofweek><date>2015-08-24T00:00:00</date><time>08:30</time><pddistrict>NORTHERN</pddistrict><resolution>NONE</resolution><address>1100 Block of POLK ST</address><x>-122.420042095728</x><y>37.7870450616857</y><location human_address="{&quot;address&quot;:&quot;&quot;,&quot;city&quot;:&quot;&quot;,&quot;state&quot;:&quot;&quot;,&quot;zip&quot;:&quot;&quot;}" latitude="37.7870450616857" longitude="-122.420042095728" needs_recoding="false"/></row>