<?xml version="1.0" encoding="UTF-8"?><row _id="12625911" _uuid="B7E9F4C9-243C-4154-A0B1-17052F20B70B" _position="12625911" _address="http://data.sfgov.org/resource/ritf-b9ki/12625911"><incidntnum>150734646</incidntnum><category>OTHER OFFENSES</category><descript>DRIVERS LICENSE, SUSPENDED OR REVOKED</descript><dayofweek>Saturday</dayofweek><date>2015-08-22T00:00:00</date><time>15:46</time><pddistrict>SOUTHERN</pddistrict><resolution>ARREST, CITED</resolution><address>HARRISON ST / 8TH ST</address><x>-122.408518394535</x><y>37.773760403167</y><location human_address="{&quot;address&quot;:&quot;&quot;,&quot;city&quot;:&quot;&quot;,&quot;state&quot;:&quot;&quot;,&quot;zip&quot;:&quot;&quot;}" latitude="37.773760403167" longitude="-122.408518394535" needs_recoding="false"/></row>