<?xml version="1.0" encoding="UTF-8"?><row _id="12627906" _uuid="CD48A21E-9298-4294-ABD2-AC0D7DC4EAED" _position="12627906" _address="http://data.sfgov.org/resource/ritf-b9ki/12627906"><incidntnum>150754359</incidntnum><category>VEHICLE THEFT</category><descript>STOLEN AUTOMOBILE</descript><dayofweek>Wednesday</dayofweek><date>2015-08-26T00:00:00</date><time>23:40</time><pddistrict>PARK</pddistrict><resolution>NONE</resolution><address>800 Block of OAK ST</address><x>-122.433314676574</x><y>37.7737054374941</y><location human_address="{&quot;address&quot;:&quot;&quot;,&quot;city&quot;:&quot;&quot;,&quot;state&quot;:&quot;&quot;,&quot;zip&quot;:&quot;&quot;}" latitude="37.7737054374941" longitude="-122.433314676574" needs_recoding="false"/></row>