<?xml version="1.0" encoding="UTF-8"?><row _id="12632732" _uuid="C332E11F-D64F-4610-A5D9-75DC8B678C3D" _position="12632732" _address="http://data.sfgov.org/resource/ritf-b9ki/12632732"><incidntnum>150746522</incidntnum><category>SEX OFFENSES, FORCIBLE</category><descript>ASSAULT TO RAPE WITH BODILY FORCE</descript><dayofweek>Wednesday</dayofweek><date>2015-08-26T00:00:00</date><time>08:45</time><pddistrict>MISSION</pddistrict><resolution>UNFOUNDED</resolution><address>1000 Block of POTRERO AV</address><x>-122.406539115148</x><y>37.7564864109309</y><location human_address="{&quot;address&quot;:&quot;&quot;,&quot;city&quot;:&quot;&quot;,&quot;state&quot;:&quot;&quot;,&quot;zip&quot;:&quot;&quot;}" latitude="37.7564864109309" longitude="-122.406539115148" needs_recoding="false"/></row>