<?xml version="1.0" encoding="UTF-8"?><row _id="12627563" _uuid="E27E53B6-2962-4E2F-9207-F3F57E42D4B7" _position="12627563" _address="http://data.sfgov.org/resource/ritf-b9ki/12627563"><incidntnum>150745659</incidntnum><category>WEAPON LAWS</category><descript>POSS OF FIREARM BY CONVICTED FELON/ADDICT/ALIEN</descript><dayofweek>Tuesday</dayofweek><date>2015-08-25T00:00:00</date><time>19:03</time><pddistrict>MISSION</pddistrict><resolution>ARREST, BOOKED</resolution><address>1000 Block of SHOTWELL ST</address><x>-122.415022828589</x><y>37.7516272270745</y><location human_address="{&quot;address&quot;:&quot;&quot;,&quot;city&quot;:&quot;&quot;,&quot;state&quot;:&quot;&quot;,&quot;zip&quot;:&quot;&quot;}" latitude="37.7516272270745" longitude="-122.415022828589" needs_recoding="false"/></row>