<?xml version="1.0" encoding="UTF-8"?><row _id="12627498" _uuid="7C7D05BB-90F1-4EDD-B8B5-B92C86824D88" _position="12627498" _address="http://data.sfgov.org/resource/ritf-b9ki/12627498"><incidntnum>150746124</incidntnum><category>MISSING PERSON</category><descript>MISSING ADULT</descript><dayofweek>Tuesday</dayofweek><date>2015-08-25T00:00:00</date><time>09:00</time><pddistrict>SOUTHERN</pddistrict><resolution>NONE</resolution><address>0 Block of DORE ST</address><x>-122.413045971966</x><y>37.7738617771611</y><location human_address="{&quot;address&quot;:&quot;&quot;,&quot;city&quot;:&quot;&quot;,&quot;state&quot;:&quot;&quot;,&quot;zip&quot;:&quot;&quot;}" latitude="37.7738617771611" longitude="-122.413045971966" needs_recoding="false"/></row>