<?xml version="1.0" encoding="UTF-8"?><row _id="12625598" _uuid="57FA4D67-9A37-4E5E-8C86-747769466CC7" _position="12625598" _address="http://data.sfgov.org/resource/ritf-b9ki/12625598"><incidntnum>150734549</incidntnum><category>SUSPICIOUS OCC</category><descript>SUSPICIOUS OCCURRENCE</descript><dayofweek>Friday</dayofweek><date>2015-08-21T00:00:00</date><time>02:59</time><pddistrict>CENTRAL</pddistrict><resolution>NONE</resolution><address>300 Block of LOMBARD ST</address><x>-122.407708273853</x><y>37.803432762656</y><location human_address="{&quot;address&quot;:&quot;&quot;,&quot;city&quot;:&quot;&quot;,&quot;state&quot;:&quot;&quot;,&quot;zip&quot;:&quot;&quot;}" latitude="37.803432762656" longitude="-122.407708273853" needs_recoding="false"/></row>