<?xml version="1.0" encoding="UTF-8"?><row _id="12628688" _uuid="D490F6BA-D56C-4228-8FB6-C80740C152B5" _position="12628688" _address="http://data.sfgov.org/resource/ritf-b9ki/12628688"><incidntnum>150754688</incidntnum><category>SECONDARY CODES</category><descript>DOMESTIC VIOLENCE</descript><dayofweek>Friday</dayofweek><date>2015-08-28T00:00:00</date><time>14:47</time><pddistrict>INGLESIDE</pddistrict><resolution>ARREST, BOOKED</resolution><address>200 Block of SILVER AV</address><x>-122.432820942428</x><y>37.7295696023135</y><location human_address="{&quot;address&quot;:&quot;&quot;,&quot;city&quot;:&quot;&quot;,&quot;state&quot;:&quot;&quot;,&quot;zip&quot;:&quot;&quot;}" latitude="37.7295696023135" longitude="-122.432820942428" needs_recoding="false"/></row>