<?xml version="1.0" encoding="UTF-8"?><row _id="12628254" _uuid="091C670A-BA1A-4DBC-B341-2C659508EC08" _position="12628254" _address="http://data.sfgov.org/resource/ritf-b9ki/12628254"><incidntnum>156213222</incidntnum><category>LARCENY/THEFT</category><descript>GRAND THEFT FROM LOCKED AUTO</descript><dayofweek>Thursday</dayofweek><date>2015-08-27T00:00:00</date><time>19:00</time><pddistrict>CENTRAL</pddistrict><resolution>NONE</resolution><address>1100 Block of CLAY ST</address><x>-122.411658800444</x><y>37.7936377697279</y><location human_address="{&quot;address&quot;:&quot;&quot;,&quot;city&quot;:&quot;&quot;,&quot;state&quot;:&quot;&quot;,&quot;zip&quot;:&quot;&quot;}" latitude="37.7936377697279" longitude="-122.411658800444" needs_recoding="false"/></row>