<?xml version="1.0" encoding="UTF-8"?><row _id="12632968" _uuid="A2D22545-4AF8-4D24-88D6-9216DAA5C6E3" _position="12632968" _address="http://data.sfgov.org/resource/ritf-b9ki/12632968"><incidntnum>150785019</incidntnum><category>OTHER OFFENSES</category><descript>VIOLATION OF MUNICIPAL CODE</descript><dayofweek>Monday</dayofweek><date>2015-09-07T00:00:00</date><time>12:13</time><pddistrict>TENDERLOIN</pddistrict><resolution>ARREST, BOOKED</resolution><address>FULTON ST / HYDE ST</address><x>-122.415127837608</x><y>37.7797870676495</y><location human_address="{&quot;address&quot;:&quot;&quot;,&quot;city&quot;:&quot;&quot;,&quot;state&quot;:&quot;&quot;,&quot;zip&quot;:&quot;&quot;}" latitude="37.7797870676495" longitude="-122.415127837608" needs_recoding="false"/></row>