<?xml version="1.0" encoding="UTF-8"?><row _id="12626510" _uuid="1376556B-C8C7-4095-9E4D-FE5F6AEF47BC" _position="12626510" _address="http://data.sfgov.org/resource/ritf-b9ki/12626510"><incidntnum>150736595</incidntnum><category>NON-CRIMINAL</category><descript>AIDED CASE, MENTAL DISTURBED</descript><dayofweek>Sunday</dayofweek><date>2015-08-23T00:00:00</date><time>01:20</time><pddistrict>SOUTHERN</pddistrict><resolution>NONE</resolution><address>500 Block of 5TH ST</address><x>-122.39998111124</x><y>37.7776242389287</y><location human_address="{&quot;address&quot;:&quot;&quot;,&quot;city&quot;:&quot;&quot;,&quot;state&quot;:&quot;&quot;,&quot;zip&quot;:&quot;&quot;}" latitude="37.7776242389287" longitude="-122.39998111124" needs_recoding="false"/></row>