<?xml version="1.0" encoding="UTF-8"?><row _id="12629229" _uuid="AF4D5883-408C-4230-86D1-9D6DCFE9EE1C" _position="12629229" _address="http://data.sfgov.org/resource/ritf-b9ki/12629229"><incidntnum>150759149</incidntnum><category>LARCENY/THEFT</category><descript>GRAND THEFT FROM LOCKED AUTO</descript><dayofweek>Saturday</dayofweek><date>2015-08-29T00:00:00</date><time>21:30</time><pddistrict>TARAVAL</pddistrict><resolution>NONE</resolution><address>2300 Block of 24TH AV</address><x>-122.48118317163</x><y>37.7437268170337</y><location human_address="{&quot;address&quot;:&quot;&quot;,&quot;city&quot;:&quot;&quot;,&quot;state&quot;:&quot;&quot;,&quot;zip&quot;:&quot;&quot;}" latitude="37.7437268170337" longitude="-122.48118317163" needs_recoding="false"/></row>