<?xml version="1.0" encoding="UTF-8"?><row _id="12625753" _uuid="5A7D58CD-AAB4-4FB8-95DF-F9B0DC50BD8B" _position="12625753" _address="http://data.sfgov.org/resource/ritf-b9ki/12625753"><incidntnum>156211317</incidntnum><category>LARCENY/THEFT</category><descript>GRAND THEFT FROM LOCKED AUTO</descript><dayofweek>Friday</dayofweek><date>2015-08-21T00:00:00</date><time>20:15</time><pddistrict>SOUTHERN</pddistrict><resolution>NONE</resolution><address>500 Block of 9TH ST</address><x>-122.407702149718</x><y>37.7706967930865</y><location human_address="{&quot;address&quot;:&quot;&quot;,&quot;city&quot;:&quot;&quot;,&quot;state&quot;:&quot;&quot;,&quot;zip&quot;:&quot;&quot;}" latitude="37.7706967930865" longitude="-122.407702149718" needs_recoding="false"/></row>