<?xml version="1.0" encoding="UTF-8"?><row _id="12632490" _uuid="D73BD1AA-81D3-4546-9BD6-D7EC5E1008E3" _position="12632490" _address="http://data.sfgov.org/resource/ritf-b9ki/12632490"><incidntnum>156220114</incidntnum><category>LARCENY/THEFT</category><descript>GRAND THEFT FROM LOCKED AUTO</descript><dayofweek>Sunday</dayofweek><date>2015-09-06T00:00:00</date><time>17:00</time><pddistrict>CENTRAL</pddistrict><resolution>NONE</resolution><address>BAY ST / LARKIN ST</address><x>-122.421818673368</x><y>37.8045651817046</y><location human_address="{&quot;address&quot;:&quot;&quot;,&quot;city&quot;:&quot;&quot;,&quot;state&quot;:&quot;&quot;,&quot;zip&quot;:&quot;&quot;}" latitude="37.8045651817046" longitude="-122.421818673368" needs_recoding="false"/></row>