<?xml version="1.0" encoding="UTF-8"?><row _id="12626511" _uuid="874D70DD-1001-4345-A02A-2E4724B043F4" _position="12626511" _address="http://data.sfgov.org/resource/ritf-b9ki/12626511"><incidntnum>150736670</incidntnum><category>DRUNKENNESS</category><descript>UNDER INFLUENCE OF ALCOHOL IN A PUBLIC PLACE</descript><dayofweek>Sunday</dayofweek><date>2015-08-23T00:00:00</date><time>07:31</time><pddistrict>TARAVAL</pddistrict><resolution>NONE</resolution><address>700 Block of TARAVAL ST</address><x>-122.474102710416</x><y>37.7431744969963</y><location human_address="{&quot;address&quot;:&quot;&quot;,&quot;city&quot;:&quot;&quot;,&quot;state&quot;:&quot;&quot;,&quot;zip&quot;:&quot;&quot;}" latitude="37.7431744969963" longitude="-122.474102710416" needs_recoding="false"/></row>