<?xml version="1.0" encoding="UTF-8"?><row _id="12626766" _uuid="002563BB-8679-4EFE-81DF-42626C886DA3" _position="12626766" _address="http://data.sfgov.org/resource/ritf-b9ki/12626766"><incidntnum>150738018</incidntnum><category>SUSPICIOUS OCC</category><descript>INVESTIGATIVE DETENTION</descript><dayofweek>Sunday</dayofweek><date>2015-08-23T00:00:00</date><time>17:20</time><pddistrict>SOUTHERN</pddistrict><resolution>NONE</resolution><address>800 Block of MARKET ST</address><x>-122.407633520742</x><y>37.7841893501425</y><location human_address="{&quot;address&quot;:&quot;&quot;,&quot;city&quot;:&quot;&quot;,&quot;state&quot;:&quot;&quot;,&quot;zip&quot;:&quot;&quot;}" latitude="37.7841893501425" longitude="-122.407633520742" needs_recoding="false"/></row>