<?xml version="1.0" encoding="UTF-8"?><row _id="12630592" _uuid="37AE3F66-0FD3-4539-8CA1-1D38C5C627A9" _position="12630592" _address="http://data.sfgov.org/resource/ritf-b9ki/12630592"><incidntnum>150767437</incidntnum><category>LARCENY/THEFT</category><descript>PETTY THEFT FROM LOCKED AUTO</descript><dayofweek>Tuesday</dayofweek><date>2015-09-01T00:00:00</date><time>14:50</time><pddistrict>MISSION</pddistrict><resolution>NONE</resolution><address>0 Block of DEARBORN ST</address><x>-122.423094962345</x><y>37.7627059498635</y><location human_address="{&quot;address&quot;:&quot;&quot;,&quot;city&quot;:&quot;&quot;,&quot;state&quot;:&quot;&quot;,&quot;zip&quot;:&quot;&quot;}" latitude="37.7627059498635" longitude="-122.423094962345" needs_recoding="false"/></row>