<?xml version="1.0" encoding="UTF-8"?><row _id="12630810" _uuid="B1BF5903-4680-4704-8E6F-3AA655406B3D" _position="12630810" _address="http://data.sfgov.org/resource/ritf-b9ki/12630810"><incidntnum>156216420</incidntnum><category>NON-CRIMINAL</category><descript>LOST PROPERTY</descript><dayofweek>Wednesday</dayofweek><date>2015-09-02T00:00:00</date><time>13:26</time><pddistrict>TARAVAL</pddistrict><resolution>NONE</resolution><address>200 Block of BYXBEE ST</address><x>-122.469914225437</x><y>37.7187867545806</y><location human_address="{&quot;address&quot;:&quot;&quot;,&quot;city&quot;:&quot;&quot;,&quot;state&quot;:&quot;&quot;,&quot;zip&quot;:&quot;&quot;}" latitude="37.7187867545806" longitude="-122.469914225437" needs_recoding="false"/></row>