<?xml version="1.0" encoding="UTF-8"?><row _id="12626378" _uuid="FFB7DB00-539C-4F37-9108-04A41C160557" _position="12626378" _address="http://data.sfgov.org/resource/ritf-b9ki/12626378"><incidntnum>150738529</incidntnum><category>LARCENY/THEFT</category><descript>GRAND THEFT FROM LOCKED AUTO</descript><dayofweek>Sunday</dayofweek><date>2015-08-23T00:00:00</date><time>19:35</time><pddistrict>NORTHERN</pddistrict><resolution>NONE</resolution><address>FULTON ST / STEINER ST</address><x>-122.433220475299</x><y>37.7774892652621</y><location human_address="{&quot;address&quot;:&quot;&quot;,&quot;city&quot;:&quot;&quot;,&quot;state&quot;:&quot;&quot;,&quot;zip&quot;:&quot;&quot;}" latitude="37.7774892652621" longitude="-122.433220475299" needs_recoding="false"/></row>