<?xml version="1.0" encoding="UTF-8"?><row _id="12629003" _uuid="9C95AD44-0B13-48F7-AA15-E11000624315" _position="12629003" _address="http://data.sfgov.org/resource/ritf-b9ki/12629003"><incidntnum>150760174</incidntnum><category>LARCENY/THEFT</category><descript>PETTY THEFT FROM LOCKED AUTO</descript><dayofweek>Saturday</dayofweek><date>2015-08-29T00:00:00</date><time>23:20</time><pddistrict>SOUTHERN</pddistrict><resolution>NONE</resolution><address>HARRISON ST / 7TH ST</address><x>-122.406300138733</x><y>37.7755131129937</y><location human_address="{&quot;address&quot;:&quot;&quot;,&quot;city&quot;:&quot;&quot;,&quot;state&quot;:&quot;&quot;,&quot;zip&quot;:&quot;&quot;}" latitude="37.7755131129937" longitude="-122.406300138733" needs_recoding="false"/></row>