<?xml version="1.0" encoding="UTF-8"?><row _id="12628157" _uuid="5E341FBF-6839-4238-854F-F92635434EE2" _position="12628157" _address="http://data.sfgov.org/resource/ritf-b9ki/12628157"><incidntnum>150750777</incidntnum><category>WARRANTS</category><descript>ENROUTE TO OUTSIDE JURISDICTION</descript><dayofweek>Thursday</dayofweek><date>2015-08-27T00:00:00</date><time>12:30</time><pddistrict>SOUTHERN</pddistrict><resolution>ARREST, BOOKED</resolution><address>100 Block of 6TH ST</address><x>-122.408466556173</x><y>37.7807008318778</y><location human_address="{&quot;address&quot;:&quot;&quot;,&quot;city&quot;:&quot;&quot;,&quot;state&quot;:&quot;&quot;,&quot;zip&quot;:&quot;&quot;}" latitude="37.7807008318778" longitude="-122.408466556173" needs_recoding="false"/></row>