<?xml version="1.0" encoding="UTF-8"?><row _id="12627005" _uuid="AEC217BC-3A30-4A3C-A08D-6D945BD4434B" _position="12627005" _address="http://data.sfgov.org/resource/ritf-b9ki/12627005"><incidntnum>150742263</incidntnum><category>DRUG/NARCOTIC</category><descript>TRANSPORTAION OF CONTROLLED SUBSTANCE</descript><dayofweek>Monday</dayofweek><date>2015-08-24T00:00:00</date><time>20:52</time><pddistrict>MISSION</pddistrict><resolution>ARREST, BOOKED</resolution><address>3400 Block of CESAR CHAVEZ ST</address><x>-122.418694905088</x><y>37.7482453835824</y><location human_address="{&quot;address&quot;:&quot;&quot;,&quot;city&quot;:&quot;&quot;,&quot;state&quot;:&quot;&quot;,&quot;zip&quot;:&quot;&quot;}" latitude="37.7482453835824" longitude="-122.418694905088" needs_recoding="false"/></row>