<?xml version="1.0" encoding="UTF-8"?><row _id="12631608" _uuid="BCD6A559-6B2F-448E-BF2B-5A49C64E2B80" _position="12631608" _address="http://data.sfgov.org/resource/ritf-b9ki/12631608"><incidntnum>150776723</incidntnum><category>BURGLARY</category><descript>BURGLARY, UNLAWFUL ENTRY</descript><dayofweek>Friday</dayofweek><date>2015-09-04T00:00:00</date><time>13:49</time><pddistrict>SOUTHERN</pddistrict><resolution>ARREST, BOOKED</resolution><address>300 Block of 4TH ST</address><x>-122.399921124301</x><y>37.7809570794634</y><location human_address="{&quot;address&quot;:&quot;&quot;,&quot;city&quot;:&quot;&quot;,&quot;state&quot;:&quot;&quot;,&quot;zip&quot;:&quot;&quot;}" latitude="37.7809570794634" longitude="-122.399921124301" needs_recoding="false"/></row>