<?xml version="1.0" encoding="UTF-8"?><row _id="12626508" _uuid="3B2544AF-E9B0-4C95-8200-A9BDB152C200" _position="12626508" _address="http://data.sfgov.org/resource/ritf-b9ki/12626508"><incidntnum>150736460</incidntnum><category>NON-CRIMINAL</category><descript>AIDED CASE</descript><dayofweek>Sunday</dayofweek><date>2015-08-23T00:00:00</date><time>02:42</time><pddistrict>SOUTHERN</pddistrict><resolution>NONE</resolution><address>400 Block of 6TH ST</address><x>-122.403671442177</x><y>37.7770324435946</y><location human_address="{&quot;address&quot;:&quot;&quot;,&quot;city&quot;:&quot;&quot;,&quot;state&quot;:&quot;&quot;,&quot;zip&quot;:&quot;&quot;}" latitude="37.7770324435946" longitude="-122.403671442177" needs_recoding="false"/></row>