<?xml version="1.0" encoding="UTF-8"?><row _id="12639653" _uuid="A54B91AA-B9BE-4285-B31B-DBAFA51DE845" _position="12639653" _address="http://data.sfgov.org/resource/ritf-b9ki/12639653"><incidntnum>150831781</incidntnum><category>MISSING PERSON</category><descript>MISSING JUVENILE</descript><dayofweek>Tuesday</dayofweek><date>2015-09-22T00:00:00</date><time>11:00</time><pddistrict>PARK</pddistrict><resolution>NONE</resolution><address>500 Block of CENTRAL AV</address><x>-122.444432207954</x><y>37.7746354223627</y><location human_address="{&quot;address&quot;:&quot;&quot;,&quot;city&quot;:&quot;&quot;,&quot;state&quot;:&quot;&quot;,&quot;zip&quot;:&quot;&quot;}" latitude="37.7746354223627" longitude="-122.444432207954" needs_recoding="false"/></row>