<?xml version="1.0" encoding="UTF-8"?><row _id="12638959" _uuid="9096D2EC-6605-4ECC-8760-2D74FB89DC21" _position="12638959" _address="http://data.sfgov.org/resource/ritf-b9ki/12638959"><incidntnum>150845180</incidntnum><category>LARCENY/THEFT</category><descript>GRAND THEFT FROM A BUILDING</descript><dayofweek>Sunday</dayofweek><date>2015-08-23T00:00:00</date><time>06:00</time><pddistrict>NORTHERN</pddistrict><resolution>NONE</resolution><address>1600 Block of GREENWICH ST</address><x>-122.427205502151</x><y>37.7999975397541</y><location human_address="{&quot;address&quot;:&quot;&quot;,&quot;city&quot;:&quot;&quot;,&quot;state&quot;:&quot;&quot;,&quot;zip&quot;:&quot;&quot;}" latitude="37.7999975397541" longitude="-122.427205502151" needs_recoding="false"/></row>