<?xml version="1.0" encoding="UTF-8"?><row _id="12629909" _uuid="33D6B462-5619-4658-81A2-EBEAE12AA47F" _position="12629909" _address="http://data.sfgov.org/resource/ritf-b9ki/12629909"><incidntnum>150763968</incidntnum><category>DRUG/NARCOTIC</category><descript>POSSESSION OF BASE/ROCK COCAINE FOR SALE</descript><dayofweek>Monday</dayofweek><date>2015-08-31T00:00:00</date><time>15:06</time><pddistrict>TENDERLOIN</pddistrict><resolution>ARREST, BOOKED</resolution><address>FULTON ST / HYDE ST</address><x>-122.415127837608</x><y>37.7797870676495</y><location human_address="{&quot;address&quot;:&quot;&quot;,&quot;city&quot;:&quot;&quot;,&quot;state&quot;:&quot;&quot;,&quot;zip&quot;:&quot;&quot;}" latitude="37.7797870676495" longitude="-122.415127837608" needs_recoding="false"/></row>