<?xml version="1.0" encoding="UTF-8"?><row _id="12627029" _uuid="17063785-13C0-4682-93AC-3033F575558A" _position="12627029" _address="http://data.sfgov.org/resource/ritf-b9ki/12627029"><incidntnum>150740029</incidntnum><category>SUSPICIOUS OCC</category><descript>SUSPICIOUS OCCURRENCE</descript><dayofweek>Monday</dayofweek><date>2015-08-24T00:00:00</date><time>10:32</time><pddistrict>NORTHERN</pddistrict><resolution>NONE</resolution><address>400 Block of WALLER ST</address><x>-122.43108737301</x><y>37.7710128170171</y><location human_address="{&quot;address&quot;:&quot;&quot;,&quot;city&quot;:&quot;&quot;,&quot;state&quot;:&quot;&quot;,&quot;zip&quot;:&quot;&quot;}" latitude="37.7710128170171" longitude="-122.43108737301" needs_recoding="false"/></row>