<?xml version="1.0" encoding="UTF-8"?><row _id="12628114" _uuid="C8C4DEFF-87E6-4984-A8B9-7F3623D7923C" _position="12628114" _address="http://data.sfgov.org/resource/ritf-b9ki/12628114"><incidntnum>150749554</incidntnum><category>BURGLARY</category><descript>BURGLARY,STORE UNDER CONSTRUCTION, ATT. FORCIBLE</descript><dayofweek>Thursday</dayofweek><date>2015-08-27T00:00:00</date><time>02:43</time><pddistrict>TARAVAL</pddistrict><resolution>NONE</resolution><address>1500 Block of SLOAT BL</address><x>-122.489713969124</x><y>37.7339497680852</y><location human_address="{&quot;address&quot;:&quot;&quot;,&quot;city&quot;:&quot;&quot;,&quot;state&quot;:&quot;&quot;,&quot;zip&quot;:&quot;&quot;}" latitude="37.7339497680852" longitude="-122.489713969124" needs_recoding="false"/></row>