<?xml version="1.0" encoding="UTF-8"?><row _id="12625916" _uuid="4706C25C-E9CD-422B-B7BA-BC6D4ECCC010" _position="12625916" _address="http://data.sfgov.org/resource/ritf-b9ki/12625916"><incidntnum>150735434</incidntnum><category>DRIVING UNDER THE INFLUENCE</category><descript>DRIVING WHILE UNDER THE INFLUENCE OF ALCOHOL</descript><dayofweek>Saturday</dayofweek><date>2015-08-22T00:00:00</date><time>19:30</time><pddistrict>TARAVAL</pddistrict><resolution>ARREST, BOOKED</resolution><address>SUNSET BL / LAKE MERCED BL</address><x>-122.493468495006</x><y>37.7295950708457</y><location human_address="{&quot;address&quot;:&quot;&quot;,&quot;city&quot;:&quot;&quot;,&quot;state&quot;:&quot;&quot;,&quot;zip&quot;:&quot;&quot;}" latitude="37.7295950708457" longitude="-122.493468495006" needs_recoding="false"/></row>