<?xml version="1.0" encoding="UTF-8"?><row _id="12635333" _uuid="DDE2FB07-279A-4445-9C7A-D6658FAD751E" _position="12635333" _address="http://data.sfgov.org/resource/ritf-b9ki/12635333"><incidntnum>150801411</incidntnum><category>VANDALISM</category><descript>MALICIOUS MISCHIEF, VANDALISM</descript><dayofweek>Saturday</dayofweek><date>2015-09-12T00:00:00</date><time>00:01</time><pddistrict>MISSION</pddistrict><resolution>NONE</resolution><address>900 Block of POTRERO AV</address><x>-122.406604919508</x><y>37.7571580431915</y><location human_address="{&quot;address&quot;:&quot;&quot;,&quot;city&quot;:&quot;&quot;,&quot;state&quot;:&quot;&quot;,&quot;zip&quot;:&quot;&quot;}" latitude="37.7571580431915" longitude="-122.406604919508" needs_recoding="false"/></row>