<?xml version="1.0" encoding="UTF-8"?><row _id="12637642" _uuid="01D824DB-7186-42B4-8A89-FCC6425360C1" _position="12637642" _address="http://data.sfgov.org/resource/ritf-b9ki/12637642"><incidntnum>150816454</incidntnum><category>STOLEN PROPERTY</category><descript>STOLEN PROPERTY, POSSESSION WITH KNOWLEDGE, RECEIVING</descript><dayofweek>Thursday</dayofweek><date>2015-09-17T00:00:00</date><time>13:25</time><pddistrict>SOUTHERN</pddistrict><resolution>ARREST, BOOKED</resolution><address>800 Block of MISSION ST</address><x>-122.405493118566</x><y>37.7835879465324</y><location human_address="{&quot;address&quot;:&quot;&quot;,&quot;city&quot;:&quot;&quot;,&quot;state&quot;:&quot;&quot;,&quot;zip&quot;:&quot;&quot;}" latitude="37.7835879465324" longitude="-122.405493118566" needs_recoding="false"/></row>