<?xml version="1.0" encoding="UTF-8"?><row _id="12626008" _uuid="C2B2C6A5-0192-4484-96D2-442971647154" _position="12626008" _address="http://data.sfgov.org/resource/ritf-b9ki/12626008"><incidntnum>150733739</incidntnum><category>ASSAULT</category><descript>BATTERY</descript><dayofweek>Saturday</dayofweek><date>2015-08-22T00:00:00</date><time>09:45</time><pddistrict>RICHMOND</pddistrict><resolution>NONE</resolution><address>6300 Block of GEARY BL</address><x>-122.487415459555</x><y>37.7798470223491</y><location human_address="{&quot;address&quot;:&quot;&quot;,&quot;city&quot;:&quot;&quot;,&quot;state&quot;:&quot;&quot;,&quot;zip&quot;:&quot;&quot;}" latitude="37.7798470223491" longitude="-122.487415459555" needs_recoding="false"/></row>