<?xml version="1.0" encoding="UTF-8"?><row _id="12626914" _uuid="CEE711C4-D8EE-4045-9BC0-9DF9975A3FDC" _position="12626914" _address="http://data.sfgov.org/resource/ritf-b9ki/12626914"><incidntnum>150751872</incidntnum><category>LARCENY/THEFT</category><descript>GRAND THEFT FROM PERSON</descript><dayofweek>Monday</dayofweek><date>2015-08-24T00:00:00</date><time>19:45</time><pddistrict>CENTRAL</pddistrict><resolution>NONE</resolution><address>GEARY ST / POWELL ST</address><x>-122.408231026261</x><y>37.787359494956</y><location human_address="{&quot;address&quot;:&quot;&quot;,&quot;city&quot;:&quot;&quot;,&quot;state&quot;:&quot;&quot;,&quot;zip&quot;:&quot;&quot;}" latitude="37.787359494956" longitude="-122.408231026261" needs_recoding="false"/></row>