<?xml version="1.0" encoding="UTF-8"?><row _id="12624318" _uuid="A767B1A4-1F48-4A15-8A7A-0B27DC1B61F9" _position="12624318" _address="http://data.sfgov.org/resource/ritf-b9ki/12624318"><incidntnum>156206540</incidntnum><category>LARCENY/THEFT</category><descript>GRAND THEFT OF PROPERTY</descript><dayofweek>Wednesday</dayofweek><date>2015-08-19T00:00:00</date><time>19:00</time><pddistrict>PARK</pddistrict><resolution>NONE</resolution><address>1900 Block of PAGE ST</address><x>-122.452896022151</x><y>37.7701501507955</y><location human_address="{&quot;address&quot;:&quot;&quot;,&quot;city&quot;:&quot;&quot;,&quot;state&quot;:&quot;&quot;,&quot;zip&quot;:&quot;&quot;}" latitude="37.7701501507955" longitude="-122.452896022151" needs_recoding="false"/></row>