<?xml version="1.0" encoding="UTF-8"?><row _id="12621100" _uuid="DE30FE51-25AA-4E48-9C70-A403A15F7EC9" _position="12621100" _address="http://data.sfgov.org/resource/ritf-b9ki/12621100"><incidntnum>150728887</incidntnum><category>OTHER OFFENSES</category><descript>TRAFFIC VIOLATION ARREST</descript><dayofweek>Thursday</dayofweek><date>2015-08-20T00:00:00</date><time>20:00</time><pddistrict>INGLESIDE</pddistrict><resolution>ARREST, BOOKED</resolution><address>CRESCENT AV / MISSION ST</address><x>-122.424702079332</x><y>37.7353699090873</y><location human_address="{&quot;address&quot;:&quot;&quot;,&quot;city&quot;:&quot;&quot;,&quot;state&quot;:&quot;&quot;,&quot;zip&quot;:&quot;&quot;}" latitude="37.7353699090873" longitude="-122.424702079332" needs_recoding="false"/></row>