<?xml version="1.0" encoding="UTF-8"?><row _id="11623939" _uuid="EFA4627E-9A11-4205-9679-4E186A6C52BA" _position="11623939" _address="http://data.sfgov.org/resource/ritf-b9ki/11623939"><incidntnum>131045238</incidntnum><category>DRUG/NARCOTIC</category><descript>POSSESSION OF METH-AMPHETAMINE</descript><dayofweek>Friday</dayofweek><date>2015-08-21T00:00:00</date><time>00:28</time><pddistrict>NORTHERN</pddistrict><resolution>ARREST, BOOKED</resolution><address>POLK ST / POST ST</address><x>-122.419930111611</x><y>37.7868262082156</y><location human_address="{&quot;address&quot;:&quot;&quot;,&quot;city&quot;:&quot;&quot;,&quot;state&quot;:&quot;&quot;,&quot;zip&quot;:&quot;&quot;}" latitude="37.7868262082156" longitude="-122.419930111611" needs_recoding="false"/></row>