<?xml version="1.0" encoding="UTF-8"?><row _id="12664605" _uuid="C1414A01-8D21-4D5C-94D1-B8211813245C" _position="12664605" _address="http://data.sfgov.org/resource/ritf-b9ki/12664605"><incidntnum>156283883</incidntnum><category>LARCENY/THEFT</category><descript>GRAND THEFT FROM UNLOCKED AUTO</descript><dayofweek>Sunday</dayofweek><date>2015-11-22T00:00:00</date><time>00:01</time><pddistrict>SOUTHERN</pddistrict><resolution>NONE</resolution><address>MCALLISTER ST / JONES ST</address><x>-122.411979487494</x><y>37.7809039696758</y><location human_address="{&quot;address&quot;:&quot;&quot;,&quot;city&quot;:&quot;&quot;,&quot;state&quot;:&quot;&quot;,&quot;zip&quot;:&quot;&quot;}" latitude="37.7809039696758" longitude="-122.411979487494" needs_recoding="false"/></row>