<?xml version="1.0" encoding="UTF-8"?><row _id="12666272" _uuid="7C9B37FB-7A55-4953-A422-E8EB7C4E0ADA" _position="12666272" _address="http://data.sfgov.org/resource/ritf-b9ki/12666272"><incidntnum>151026274</incidntnum><category>SEX OFFENSES, FORCIBLE</category><descript>CHILD ABUSE, PORNOGRAPHY</descript><dayofweek>Wednesday</dayofweek><date>2015-11-25T00:00:00</date><time>14:30</time><pddistrict>SOUTHERN</pddistrict><resolution>NONE</resolution><address>800 Block of BRYANT ST</address><x>-122.403404791479</x><y>37.775420706711</y><location human_address="{&quot;address&quot;:&quot;&quot;,&quot;city&quot;:&quot;&quot;,&quot;state&quot;:&quot;&quot;,&quot;zip&quot;:&quot;&quot;}" latitude="37.775420706711" longitude="-122.403404791479" needs_recoding="false"/></row>