<?xml version="1.0" encoding="UTF-8"?><row _id="12662800" _uuid="5E6FD346-1FE0-4A17-A3E8-9C21DE2F54E3" _position="12662800" _address="http://data.sfgov.org/resource/ritf-b9ki/12662800"><incidntnum>151003169</incidntnum><category>ROBBERY</category><descript>ROBBERY ON THE STREET WITH A GUN</descript><dayofweek>Wednesday</dayofweek><date>2015-11-18T00:00:00</date><time>13:30</time><pddistrict>SOUTHERN</pddistrict><resolution>NONE</resolution><address>0 Block of TOWNSEND ST</address><x>-122.38917826265</x><y>37.7817062612299</y><location human_address="{&quot;address&quot;:&quot;&quot;,&quot;city&quot;:&quot;&quot;,&quot;state&quot;:&quot;&quot;,&quot;zip&quot;:&quot;&quot;}" latitude="37.7817062612299" longitude="-122.38917826265" needs_recoding="false"/></row>