<?xml version="1.0" encoding="UTF-8"?><row _id="12679355" _uuid="2FFB6069-A4EB-41C0-8D7C-008F9FD98D31" _position="12679355" _address="http://data.sfgov.org/resource/ritf-b9ki/12679355"><incidntnum>151067795</incidntnum><category>NON-CRIMINAL</category><descript>CASE CLOSURE</descript><dayofweek>Thursday</dayofweek><date>2015-12-10T00:00:00</date><time>10:51</time><pddistrict>RICHMOND</pddistrict><resolution>UNFOUNDED</resolution><address>300 Block of 32ND AV</address><x>-122.49248913097</x><y>37.7822906641847</y><location human_address="{&quot;address&quot;:&quot;&quot;,&quot;city&quot;:&quot;&quot;,&quot;state&quot;:&quot;&quot;,&quot;zip&quot;:&quot;&quot;}" latitude="37.7822906641847" longitude="-122.49248913097" needs_recoding="false"/></row>