<?xml version="1.0" encoding="UTF-8"?><row _id="12668303" _uuid="287BF28D-A407-4E61-ABED-04FBE93D4276" _position="12668303" _address="http://data.sfgov.org/resource/ritf-b9ki/12668303"><incidntnum>151050433</incidntnum><category>OTHER OFFENSES</category><descript>FALSE PERSONATION</descript><dayofweek>Monday</dayofweek><date>2015-11-30T00:00:00</date><time>10:00</time><pddistrict>RICHMOND</pddistrict><resolution>NONE</resolution><address>700 Block of 46TH AV</address><x>-122.506818952139</x><y>37.7743260170751</y><location human_address="{&quot;address&quot;:&quot;&quot;,&quot;city&quot;:&quot;&quot;,&quot;state&quot;:&quot;&quot;,&quot;zip&quot;:&quot;&quot;}" latitude="37.7743260170751" longitude="-122.506818952139" needs_recoding="false"/></row>