<?xml version="1.0" encoding="UTF-8"?><row _id="12673943" _uuid="E76AA750-C890-4ED1-A02E-9ADC83EB9BB7" _position="12673943" _address="http://data.sfgov.org/resource/ritf-b9ki/12673943"><incidntnum>151085446</incidntnum><category>NON-CRIMINAL</category><descript>STAY AWAY OR COURT ORDER, NON-DV RELATED</descript><dayofweek>Wednesday</dayofweek><date>2015-12-16T00:00:00</date><time>15:57</time><pddistrict>MISSION</pddistrict><resolution>JUVENILE BOOKED</resolution><address>24TH ST / MISSION ST</address><x>-122.418448186101</x><y>37.7522391652625</y><location human_address="{&quot;address&quot;:&quot;&quot;,&quot;city&quot;:&quot;&quot;,&quot;state&quot;:&quot;&quot;,&quot;zip&quot;:&quot;&quot;}" latitude="37.7522391652625" longitude="-122.418448186101" needs_recoding="false"/></row>