<?xml version="1.0" encoding="UTF-8"?><row _id="12661780" _uuid="B92A161B-6D7D-4BB2-A1EA-011DA3D177D0" _position="12661780" _address="http://data.sfgov.org/resource/ritf-b9ki/12661780"><incidntnum>156279274</incidntnum><category>VANDALISM</category><descript>MALICIOUS MISCHIEF, VANDALISM</descript><dayofweek>Sunday</dayofweek><date>2015-11-15T00:00:00</date><time>16:00</time><pddistrict>CENTRAL</pddistrict><resolution>NONE</resolution><address>700 Block of DAVIS ST</address><x>-122.398859364901</x><y>37.799355525848</y><location human_address="{&quot;address&quot;:&quot;&quot;,&quot;city&quot;:&quot;&quot;,&quot;state&quot;:&quot;&quot;,&quot;zip&quot;:&quot;&quot;}" latitude="37.799355525848" longitude="-122.398859364901" needs_recoding="false"/></row>