<?xml version="1.0" encoding="UTF-8"?><row _id="12662359" _uuid="C48A2D87-12EE-4EB9-BB22-6F32769ACAFF" _position="12662359" _address="http://data.sfgov.org/resource/ritf-b9ki/12662359"><incidntnum>150998375</incidntnum><category>OTHER OFFENSES</category><descript>FALSE PERSONATION TO RECEIVE MONEY OR PROPERTY</descript><dayofweek>Monday</dayofweek><date>2015-11-16T00:00:00</date><time>08:10</time><pddistrict>INGLESIDE</pddistrict><resolution>NONE</resolution><address>200 Block of GOLDMINE DR</address><x>-122.438907592889</x><y>37.74174733679</y><location human_address="{&quot;address&quot;:&quot;&quot;,&quot;city&quot;:&quot;&quot;,&quot;state&quot;:&quot;&quot;,&quot;zip&quot;:&quot;&quot;}" latitude="37.74174733679" longitude="-122.438907592889" needs_recoding="false"/></row>