<?xml version="1.0" encoding="UTF-8"?><row _id="12670736" _uuid="5D3BFEA5-7AF7-4842-9C1B-9A24C16D17FC" _position="12670736" _address="http://data.sfgov.org/resource/ritf-b9ki/12670736"><incidntnum>151059526</incidntnum><category>LARCENY/THEFT</category><descript>GRAND THEFT FROM PERSON</descript><dayofweek>Monday</dayofweek><date>2015-12-07T00:00:00</date><time>15:00</time><pddistrict>MISSION</pddistrict><resolution>NONE</resolution><address>MISSION ST / 16TH ST</address><x>-122.419671780296</x><y>37.7650501214668</y><location human_address="{&quot;address&quot;:&quot;&quot;,&quot;city&quot;:&quot;&quot;,&quot;state&quot;:&quot;&quot;,&quot;zip&quot;:&quot;&quot;}" latitude="37.7650501214668" longitude="-122.419671780296" needs_recoding="false"/></row>