<?xml version="1.0" encoding="UTF-8"?><row _id="12667097" _uuid="74810515-178A-4952-8461-BA4895F87AD0" _position="12667097" _address="http://data.sfgov.org/resource/ritf-b9ki/12667097"><incidntnum>151051419</incidntnum><category>BAD CHECKS</category><descript>CHECKS, NON-SUFFICIENT FUNDS (MISDEMEANOR)</descript><dayofweek>Wednesday</dayofweek><date>2015-11-25T00:00:00</date><time>12:00</time><pddistrict>CENTRAL</pddistrict><resolution>ARREST, BOOKED</resolution><address>400 Block of SUTTER ST</address><x>-122.407780790878</x><y>37.7892734176444</y><location human_address="{&quot;address&quot;:&quot;&quot;,&quot;city&quot;:&quot;&quot;,&quot;state&quot;:&quot;&quot;,&quot;zip&quot;:&quot;&quot;}" latitude="37.7892734176444" longitude="-122.407780790878" needs_recoding="false"/></row>