<?xml version="1.0" encoding="UTF-8"?><row _id="12664828" _uuid="F576395F-72B5-4B5C-98A7-FEFA08B43541" _position="12664828" _address="http://data.sfgov.org/resource/ritf-b9ki/12664828"><incidntnum>151003959</incidntnum><category>FRAUD</category><descript>CREDIT CARD, THEFT BY USE OF</descript><dayofweek>Monday</dayofweek><date>2015-11-16T00:00:00</date><time>13:39</time><pddistrict>CENTRAL</pddistrict><resolution>NONE</resolution><address>300 Block of BAY ST</address><x>-122.412803753</x><y>37.8057739875696</y><location human_address="{&quot;address&quot;:&quot;&quot;,&quot;city&quot;:&quot;&quot;,&quot;state&quot;:&quot;&quot;,&quot;zip&quot;:&quot;&quot;}" latitude="37.8057739875696" longitude="-122.412803753" needs_recoding="false"/></row>