<?xml version="1.0" encoding="UTF-8"?><row _id="12661425" _uuid="A19D99CE-C1A0-479E-8457-7D937D58DCCD" _position="12661425" _address="http://data.sfgov.org/resource/ritf-b9ki/12661425"><incidntnum>150993369</incidntnum><category>NON-CRIMINAL</category><descript>AIDED CASE, MENTAL DISTURBED</descript><dayofweek>Saturday</dayofweek><date>2015-11-14T00:00:00</date><time>20:16</time><pddistrict>RICHMOND</pddistrict><resolution>NONE</resolution><address>700 Block of 18TH AV</address><x>-122.476691497828</x><y>37.7738311003572</y><location human_address="{&quot;address&quot;:&quot;&quot;,&quot;city&quot;:&quot;&quot;,&quot;state&quot;:&quot;&quot;,&quot;zip&quot;:&quot;&quot;}" latitude="37.7738311003572" longitude="-122.476691497828" needs_recoding="false"/></row>