<?xml version="1.0" encoding="UTF-8"?><row _id="12664633" _uuid="EED7F729-3BEB-4624-96A1-42B9F6751EDB" _position="12664633" _address="http://data.sfgov.org/resource/ritf-b9ki/12664633"><incidntnum>151004139</incidntnum><category>WARRANTS</category><descript>ENROUTE TO OUTSIDE JURISDICTION</descript><dayofweek>Wednesday</dayofweek><date>2015-11-18T00:00:00</date><time>11:29</time><pddistrict>BAYVIEW</pddistrict><resolution>ARREST, BOOKED</resolution><address>22ND ST / PENNSYLVANIA AV</address><x>-122.393123359873</x><y>37.7576508232124</y><location human_address="{&quot;address&quot;:&quot;&quot;,&quot;city&quot;:&quot;&quot;,&quot;state&quot;:&quot;&quot;,&quot;zip&quot;:&quot;&quot;}" latitude="37.7576508232124" longitude="-122.393123359873" needs_recoding="false"/></row>