<?xml version="1.0" encoding="UTF-8"?><row _id="12664811" _uuid="1FD59976-3E5A-4AD0-A08D-05D390642D69" _position="12664811" _address="http://data.sfgov.org/resource/ritf-b9ki/12664811"><incidntnum>156285265</incidntnum><category>LARCENY/THEFT</category><descript>GRAND THEFT OF PROPERTY</descript><dayofweek>Sunday</dayofweek><date>2015-11-22T00:00:00</date><time>14:00</time><pddistrict>SOUTHERN</pddistrict><resolution>NONE</resolution><address>800 Block of BRYANT ST</address><x>-122.403404791479</x><y>37.775420706711</y><location human_address="{&quot;address&quot;:&quot;&quot;,&quot;city&quot;:&quot;&quot;,&quot;state&quot;:&quot;&quot;,&quot;zip&quot;:&quot;&quot;}" latitude="37.775420706711" longitude="-122.403404791479" needs_recoding="false"/></row>