<?xml version="1.0" encoding="UTF-8"?><row _id="12661684" _uuid="D725BFAB-C13D-4FA4-9EBA-BEBE4B9BEE7C" _position="12661684" _address="http://data.sfgov.org/resource/ritf-b9ki/12661684"><incidntnum>150995622</incidntnum><category>NON-CRIMINAL</category><descript>AIDED CASE, MENTAL DISTURBED</descript><dayofweek>Sunday</dayofweek><date>2015-11-15T00:00:00</date><time>17:25</time><pddistrict>SOUTHERN</pddistrict><resolution>NONE</resolution><address>4TH ST / MISSION ST</address><x>-122.404270179486</x><y>37.7844788538745</y><location human_address="{&quot;address&quot;:&quot;&quot;,&quot;city&quot;:&quot;&quot;,&quot;state&quot;:&quot;&quot;,&quot;zip&quot;:&quot;&quot;}" latitude="37.7844788538745" longitude="-122.404270179486" needs_recoding="false"/></row>