<?xml version="1.0" encoding="UTF-8"?><row _id="12668441" _uuid="BC2B2165-C0AD-41F9-8A5C-FFFA674E7FB5" _position="12668441" _address="http://data.sfgov.org/resource/ritf-b9ki/12668441"><incidntnum>151041006</incidntnum><category>SUSPICIOUS OCC</category><descript>SUSPICIOUS OCCURRENCE</descript><dayofweek>Tuesday</dayofweek><date>2015-12-01T00:00:00</date><time>08:06</time><pddistrict>TENDERLOIN</pddistrict><resolution>NONE</resolution><address>300 Block of EDDY ST</address><x>-122.412930522059</x><y>37.7838344374141</y><location human_address="{&quot;address&quot;:&quot;&quot;,&quot;city&quot;:&quot;&quot;,&quot;state&quot;:&quot;&quot;,&quot;zip&quot;:&quot;&quot;}" latitude="37.7838344374141" longitude="-122.412930522059" needs_recoding="false"/></row>