<?xml version="1.0" encoding="UTF-8"?><row _id="12662258" _uuid="B5F143FC-58CB-48B4-918D-6DB6C1E973EC" _position="12662258" _address="http://data.sfgov.org/resource/ritf-b9ki/12662258"><incidntnum>151007359</incidntnum><category>VANDALISM</category><descript>MALICIOUS MISCHIEF, VANDALISM OF VEHICLES</descript><dayofweek>Monday</dayofweek><date>2015-11-16T00:00:00</date><time>07:00</time><pddistrict>RICHMOND</pddistrict><resolution>NONE</resolution><address>2300 Block of POST ST</address><x>-122.440759704072</x><y>37.7841259909773</y><location human_address="{&quot;address&quot;:&quot;&quot;,&quot;city&quot;:&quot;&quot;,&quot;state&quot;:&quot;&quot;,&quot;zip&quot;:&quot;&quot;}" latitude="37.7841259909773" longitude="-122.440759704072" needs_recoding="false"/></row>