<?xml version="1.0" encoding="UTF-8"?><row _id="12672359" _uuid="D0127EEB-6DC0-433F-954E-6CDC2B410066" _position="12672359" _address="http://data.sfgov.org/resource/ritf-b9ki/12672359"><incidntnum>151071564</incidntnum><category>LARCENY/THEFT</category><descript>PETTY THEFT BICYCLE</descript><dayofweek>Friday</dayofweek><date>2015-12-11T00:00:00</date><time>13:45</time><pddistrict>SOUTHERN</pddistrict><resolution>NONE</resolution><address>700 Block of MARKET ST</address><x>-122.40409466245</x><y>37.7872560927993</y><location human_address="{&quot;address&quot;:&quot;&quot;,&quot;city&quot;:&quot;&quot;,&quot;state&quot;:&quot;&quot;,&quot;zip&quot;:&quot;&quot;}" latitude="37.7872560927993" longitude="-122.40409466245" needs_recoding="false"/></row>