<?xml version="1.0" encoding="UTF-8"?><row _id="12669375" _uuid="9732969B-8900-4A37-ABE3-BD21F7C1A7BF" _position="12669375" _address="http://data.sfgov.org/resource/ritf-b9ki/12669375"><incidntnum>151065589</incidntnum><category>OTHER OFFENSES</category><descript>FALSE PERSONATION TO RECEIVE MONEY OR PROPERTY</descript><dayofweek>Sunday</dayofweek><date>2015-11-22T00:00:00</date><time>18:07</time><pddistrict>BAYVIEW</pddistrict><resolution>NONE</resolution><address>2200 Block of CESAR CHAVEZ ST</address><x>-122.399688745214</x><y>37.7495948442083</y><location human_address="{&quot;address&quot;:&quot;&quot;,&quot;city&quot;:&quot;&quot;,&quot;state&quot;:&quot;&quot;,&quot;zip&quot;:&quot;&quot;}" latitude="37.7495948442083" longitude="-122.399688745214" needs_recoding="false"/></row>