<?xml version="1.0" encoding="UTF-8"?><row _id="12666964" _uuid="E76B38C9-8DC8-4D90-BF4B-3FE57B5AB206" _position="12666964" _address="http://data.sfgov.org/resource/ritf-b9ki/12666964"><incidntnum>151032334</incidntnum><category>VEHICLE THEFT</category><descript>STOLEN AUTOMOBILE</descript><dayofweek>Friday</dayofweek><date>2015-11-27T00:00:00</date><time>23:50</time><pddistrict>RICHMOND</pddistrict><resolution>NONE</resolution><address>0 Block of MASONIC AV</address><x>-122.447335040314</x><y>37.7824869629764</y><location human_address="{&quot;address&quot;:&quot;&quot;,&quot;city&quot;:&quot;&quot;,&quot;state&quot;:&quot;&quot;,&quot;zip&quot;:&quot;&quot;}" latitude="37.7824869629764" longitude="-122.447335040314" needs_recoding="false"/></row>