<?xml version="1.0" encoding="UTF-8"?><row _id="12670587" _uuid="283BE321-FAC7-4867-8FF9-A54735600A2E" _position="12670587" _address="http://data.sfgov.org/resource/ritf-b9ki/12670587"><incidntnum>151058700</incidntnum><category>FRAUD</category><descript>CREDIT CARD, THEFT BY USE OF</descript><dayofweek>Sunday</dayofweek><date>2015-12-06T00:00:00</date><time>22:30</time><pddistrict>SOUTHERN</pddistrict><resolution>NONE</resolution><address>1500 Block of FOLSOM ST</address><x>-122.414705605518</x><y>37.7711178632173</y><location human_address="{&quot;address&quot;:&quot;&quot;,&quot;city&quot;:&quot;&quot;,&quot;state&quot;:&quot;&quot;,&quot;zip&quot;:&quot;&quot;}" latitude="37.7711178632173" longitude="-122.414705605518" needs_recoding="false"/></row>