<?xml version="1.0" encoding="UTF-8"?><row _id="12661786" _uuid="BD762ED7-AB0B-4A3A-B17A-B21DA6493527" _position="12661786" _address="http://data.sfgov.org/resource/ritf-b9ki/12661786"><incidntnum>150994260</incidntnum><category>SECONDARY CODES</category><descript>PREJUDICE-BASED INCIDENT</descript><dayofweek>Sunday</dayofweek><date>2015-11-15T00:00:00</date><time>03:00</time><pddistrict>TENDERLOIN</pddistrict><resolution>NONE</resolution><address>300 Block of EDDY ST</address><x>-122.413790972781</x><y>37.7838365565348</y><location human_address="{&quot;address&quot;:&quot;&quot;,&quot;city&quot;:&quot;&quot;,&quot;state&quot;:&quot;&quot;,&quot;zip&quot;:&quot;&quot;}" latitude="37.7838365565348" longitude="-122.413790972781" needs_recoding="false"/></row>