<?xml version="1.0" encoding="UTF-8"?><row _id="12663618" _uuid="61FD9C4E-3832-4AE6-ABB5-FEE9B337B3F9" _position="12663618" _address="http://data.sfgov.org/resource/ritf-b9ki/12663618"><incidntnum>151008197</incidntnum><category>WARRANTS</category><descript>PROBATION SEARCH</descript><dayofweek>Thursday</dayofweek><date>2015-11-19T00:00:00</date><time>14:51</time><pddistrict>BAYVIEW</pddistrict><resolution>NONE</resolution><address>1700 Block of LASALLE AV</address><x>-122.391434800433</x><y>37.7381270935013</y><location human_address="{&quot;address&quot;:&quot;&quot;,&quot;city&quot;:&quot;&quot;,&quot;state&quot;:&quot;&quot;,&quot;zip&quot;:&quot;&quot;}" latitude="37.7381270935013" longitude="-122.391434800433" needs_recoding="false"/></row>