<?xml version="1.0" encoding="UTF-8"?><row _id="12661224" _uuid="CDAF44C3-84C2-41C9-AEAC-78E9FA7A0B0F" _position="12661224" _address="http://data.sfgov.org/resource/ritf-b9ki/12661224"><incidntnum>150993513</incidntnum><category>SEX OFFENSES, FORCIBLE</category><descript>ORAL COPULATION, UNLAWFUL (ADULT VICTIM)</descript><dayofweek>Friday</dayofweek><date>2015-11-13T00:00:00</date><time>21:30</time><pddistrict>INGLESIDE</pddistrict><resolution>NONE</resolution><address>400 Block of VIENNA ST</address><x>-122.429782544787</x><y>37.7212089121452</y><location human_address="{&quot;address&quot;:&quot;&quot;,&quot;city&quot;:&quot;&quot;,&quot;state&quot;:&quot;&quot;,&quot;zip&quot;:&quot;&quot;}" latitude="37.7212089121452" longitude="-122.429782544787" needs_recoding="false"/></row>