<?xml version="1.0" encoding="UTF-8"?><row _id="12666412" _uuid="57DCAEE5-F331-4FEB-9A02-B116538395F3" _position="12666412" _address="http://data.sfgov.org/resource/ritf-b9ki/12666412"><incidntnum>151030275</incidntnum><category>LARCENY/THEFT</category><descript>PETTY THEFT FROM LOCKED AUTO</descript><dayofweek>Thursday</dayofweek><date>2015-11-26T00:00:00</date><time>18:00</time><pddistrict>TARAVAL</pddistrict><resolution>NONE</resolution><address>2400 Block of 16TH AV</address><x>-122.472345689818</x><y>37.7422463940298</y><location human_address="{&quot;address&quot;:&quot;&quot;,&quot;city&quot;:&quot;&quot;,&quot;state&quot;:&quot;&quot;,&quot;zip&quot;:&quot;&quot;}" latitude="37.7422463940298" longitude="-122.472345689818" needs_recoding="false"/></row>