<?xml version="1.0" encoding="UTF-8"?><row _id="12664753" _uuid="82B827A6-E6EE-4C19-A492-FA29942E8A12" _position="12664753" _address="http://data.sfgov.org/resource/ritf-b9ki/12664753"><incidntnum>151017552</incidntnum><category>NON-CRIMINAL</category><descript>AIDED CASE, MENTAL DISTURBED</descript><dayofweek>Sunday</dayofweek><date>2015-11-22T00:00:00</date><time>17:05</time><pddistrict>SOUTHERN</pddistrict><resolution>NONE</resolution><address>900 Block of HOWARD ST</address><x>-122.406508487003</x><y>37.7803313209065</y><location human_address="{&quot;address&quot;:&quot;&quot;,&quot;city&quot;:&quot;&quot;,&quot;state&quot;:&quot;&quot;,&quot;zip&quot;:&quot;&quot;}" latitude="37.7803313209065" longitude="-122.406508487003" needs_recoding="false"/></row>