<?xml version="1.0" encoding="UTF-8"?><row _id="12665511" _uuid="48C0FF46-80C3-4B52-83E2-92E62C242EB2" _position="12665511" _address="http://data.sfgov.org/resource/ritf-b9ki/12665511"><incidntnum>151023690</incidntnum><category>LARCENY/THEFT</category><descript>GRAND THEFT FROM LOCKED AUTO</descript><dayofweek>Tuesday</dayofweek><date>2015-11-24T00:00:00</date><time>18:15</time><pddistrict>SOUTHERN</pddistrict><resolution>NONE</resolution><address>800 Block of BRANNAN ST</address><x>-122.404385042303</x><y>37.7721958190345</y><location human_address="{&quot;address&quot;:&quot;&quot;,&quot;city&quot;:&quot;&quot;,&quot;state&quot;:&quot;&quot;,&quot;zip&quot;:&quot;&quot;}" latitude="37.7721958190345" longitude="-122.404385042303" needs_recoding="false"/></row>