<?xml version="1.0" encoding="UTF-8"?><row _id="12665252" _uuid="809920B8-D87D-4AA1-9A52-4E895E8A402C" _position="12665252" _address="http://data.sfgov.org/resource/ritf-b9ki/12665252"><incidntnum>151020470</incidntnum><category>BURGLARY</category><descript>BURGLARY,STORE UNDER CONSTRUCTION, UNLAWFUL ENTRY</descript><dayofweek>Monday</dayofweek><date>2015-11-23T00:00:00</date><time>16:40</time><pddistrict>NORTHERN</pddistrict><resolution>ARREST, BOOKED</resolution><address>1600 Block of PACIFIC AV</address><x>-122.422409727953</x><y>37.794866109474</y><location human_address="{&quot;address&quot;:&quot;&quot;,&quot;city&quot;:&quot;&quot;,&quot;state&quot;:&quot;&quot;,&quot;zip&quot;:&quot;&quot;}" latitude="37.794866109474" longitude="-122.422409727953" needs_recoding="false"/></row>