<?xml version="1.0" encoding="UTF-8"?><row _id="12662144" _uuid="81505FBD-555F-4EAA-BBFF-76DD49771F8C" _position="12662144" _address="http://data.sfgov.org/resource/ritf-b9ki/12662144"><incidntnum>150998262</incidntnum><category>BURGLARY</category><descript>BURGLARY, FORCIBLE ENTRY</descript><dayofweek>Monday</dayofweek><date>2015-11-16T00:00:00</date><time>13:30</time><pddistrict>NORTHERN</pddistrict><resolution>NONE</resolution><address>500 Block of HAYES ST</address><x>-122.425416290071</x><y>37.7766280227851</y><location human_address="{&quot;address&quot;:&quot;&quot;,&quot;city&quot;:&quot;&quot;,&quot;state&quot;:&quot;&quot;,&quot;zip&quot;:&quot;&quot;}" latitude="37.7766280227851" longitude="-122.425416290071" needs_recoding="false"/></row>