<?xml version="1.0" encoding="UTF-8"?><row _id="12678742" _uuid="2C794A20-96CD-4806-9264-8DFDAC2ACF72" _position="12678742" _address="http://data.sfgov.org/resource/ritf-b9ki/12678742"><incidntnum>166004798</incidntnum><category>NON-CRIMINAL</category><descript>LOST PROPERTY</descript><dayofweek>Friday</dayofweek><date>2015-11-27T00:00:00</date><time>20:00</time><pddistrict>SOUTHERN</pddistrict><resolution>NONE</resolution><address>NEWMONTGOMERY ST / HOWARD ST</address><x>-122.39898086887</x><y>37.786209557036</y><location human_address="{&quot;address&quot;:&quot;&quot;,&quot;city&quot;:&quot;&quot;,&quot;state&quot;:&quot;&quot;,&quot;zip&quot;:&quot;&quot;}" latitude="37.786209557036" longitude="-122.39898086887" needs_recoding="false"/></row>