<?xml version="1.0" encoding="UTF-8"?><row _id="12662006" _uuid="E3B6A59A-CDBA-4DE7-9F30-E2C85DD8F190" _position="12662006" _address="http://data.sfgov.org/resource/ritf-b9ki/12662006"><incidntnum>150994163</incidntnum><category>PROSTITUTION</category><descript>LOITERING FOR PURPOSE OF PROSTITUTION</descript><dayofweek>Sunday</dayofweek><date>2015-11-15T00:00:00</date><time>02:40</time><pddistrict>MISSION</pddistrict><resolution>ARREST, BOOKED</resolution><address>200 Block of FAIROAKS ST</address><x>-122.423991907438</x><y>37.7526959571277</y><location human_address="{&quot;address&quot;:&quot;&quot;,&quot;city&quot;:&quot;&quot;,&quot;state&quot;:&quot;&quot;,&quot;zip&quot;:&quot;&quot;}" latitude="37.7526959571277" longitude="-122.423991907438" needs_recoding="false"/></row>