<?xml version="1.0" encoding="UTF-8"?><row _id="12668976" _uuid="48998A06-7125-471E-BBCF-11F6035128C8" _position="12668976" _address="http://data.sfgov.org/resource/ritf-b9ki/12668976"><incidntnum>151046620</incidntnum><category>STOLEN PROPERTY</category><descript>STOLEN PROPERTY, POSSESSION WITH KNOWLEDGE, RECEIVING</descript><dayofweek>Wednesday</dayofweek><date>2015-12-02T00:00:00</date><time>22:11</time><pddistrict>NORTHERN</pddistrict><resolution>ARREST, BOOKED</resolution><address>1100 Block of GEARY BL</address><x>-122.422215377725</x><y>37.7855278107726</y><location human_address="{&quot;address&quot;:&quot;&quot;,&quot;city&quot;:&quot;&quot;,&quot;state&quot;:&quot;&quot;,&quot;zip&quot;:&quot;&quot;}" latitude="37.7855278107726" longitude="-122.422215377725" needs_recoding="false"/></row>