<?xml version="1.0" encoding="UTF-8"?><row _id="12661857" _uuid="7C52E5AD-280B-4063-A0E0-EF65B5355CB5" _position="12661857" _address="http://data.sfgov.org/resource/ritf-b9ki/12661857"><incidntnum>150995951</incidntnum><category>NON-CRIMINAL</category><descript>AIDED CASE, MENTAL DISTURBED</descript><dayofweek>Sunday</dayofweek><date>2015-11-15T00:00:00</date><time>19:26</time><pddistrict>MISSION</pddistrict><resolution>NONE</resolution><address>2300 Block of MARKET ST</address><x>-122.43403618214</x><y>37.7632941952462</y><location human_address="{&quot;address&quot;:&quot;&quot;,&quot;city&quot;:&quot;&quot;,&quot;state&quot;:&quot;&quot;,&quot;zip&quot;:&quot;&quot;}" latitude="37.7632941952462" longitude="-122.43403618214" needs_recoding="false"/></row>