<?xml version="1.0" encoding="UTF-8"?><row _id="12670019" _uuid="91F76EF6-A580-44B9-AD1D-F553B93ACD02" _position="12670019" _address="http://data.sfgov.org/resource/ritf-b9ki/12670019"><incidntnum>151054899</incidntnum><category>NON-CRIMINAL</category><descript>AIDED CASE, MENTAL DISTURBED</descript><dayofweek>Saturday</dayofweek><date>2015-12-05T00:00:00</date><time>21:14</time><pddistrict>TARAVAL</pddistrict><resolution>NONE</resolution><address>400 Block of ARCH ST</address><x>-122.467214089444</x><y>37.7188056320728</y><location human_address="{&quot;address&quot;:&quot;&quot;,&quot;city&quot;:&quot;&quot;,&quot;state&quot;:&quot;&quot;,&quot;zip&quot;:&quot;&quot;}" latitude="37.7188056320728" longitude="-122.467214089444" needs_recoding="false"/></row>