<?xml version="1.0" encoding="UTF-8"?><row _id="12662406" _uuid="8078C9A5-8851-4DAE-9196-5A9D4BB9E336" _position="12662406" _address="http://data.sfgov.org/resource/ritf-b9ki/12662406"><incidntnum>151004781</incidntnum><category>LARCENY/THEFT</category><descript>PETTY THEFT FROM LOCKED AUTO</descript><dayofweek>Tuesday</dayofweek><date>2015-11-17T00:00:00</date><time>11:00</time><pddistrict>PARK</pddistrict><resolution>NONE</resolution><address>EDDY ST / PIERCE ST</address><x>-122.435617128052</x><y>37.7810099521381</y><location human_address="{&quot;address&quot;:&quot;&quot;,&quot;city&quot;:&quot;&quot;,&quot;state&quot;:&quot;&quot;,&quot;zip&quot;:&quot;&quot;}" latitude="37.7810099521381" longitude="-122.435617128052" needs_recoding="false"/></row>