<?xml version="1.0" encoding="UTF-8"?><row _id="12661803" _uuid="EDAD8B0E-19FF-48C1-B017-4A413A1F4695" _position="12661803" _address="http://data.sfgov.org/resource/ritf-b9ki/12661803"><incidntnum>150994981</incidntnum><category>ASSAULT</category><descript>BATTERY</descript><dayofweek>Sunday</dayofweek><date>2015-11-15T00:00:00</date><time>11:15</time><pddistrict>TENDERLOIN</pddistrict><resolution>ARREST, BOOKED</resolution><address>0 Block of MCALLISTER ST</address><x>-122.412596970637</x><y>37.7811192121542</y><location human_address="{&quot;address&quot;:&quot;&quot;,&quot;city&quot;:&quot;&quot;,&quot;state&quot;:&quot;&quot;,&quot;zip&quot;:&quot;&quot;}" latitude="37.7811192121542" longitude="-122.412596970637" needs_recoding="false"/></row>