<?xml version="1.0" encoding="UTF-8"?><row _id="12662093" _uuid="D11F2C30-41E6-404E-BA9A-4C3A4B3F7653" _position="12662093" _address="http://data.sfgov.org/resource/ritf-b9ki/12662093"><incidntnum>156282960</incidntnum><category>LARCENY/THEFT</category><descript>GRAND THEFT FROM LOCKED AUTO</descript><dayofweek>Friday</dayofweek><date>2015-11-13T00:00:00</date><time>21:00</time><pddistrict>BAYVIEW</pddistrict><resolution>NONE</resolution><address>18TH ST / ARKANSAS ST</address><x>-122.398463782899</x><y>37.7624626619614</y><location human_address="{&quot;address&quot;:&quot;&quot;,&quot;city&quot;:&quot;&quot;,&quot;state&quot;:&quot;&quot;,&quot;zip&quot;:&quot;&quot;}" latitude="37.7624626619614" longitude="-122.398463782899" needs_recoding="false"/></row>