<?xml version="1.0" encoding="UTF-8"?><row _id="12669701" _uuid="7CC2A86E-5388-4743-8B2B-92D23817A664" _position="12669701" _address="http://data.sfgov.org/resource/ritf-b9ki/12669701"><incidntnum>151052417</incidntnum><category>SECONDARY CODES</category><descript>DOMESTIC VIOLENCE</descript><dayofweek>Friday</dayofweek><date>2015-12-04T00:00:00</date><time>22:00</time><pddistrict>SOUTHERN</pddistrict><resolution>ARREST, BOOKED</resolution><address>1200 Block of MISSION ST</address><x>-122.414457764634</x><y>37.7765080370233</y><location human_address="{&quot;address&quot;:&quot;&quot;,&quot;city&quot;:&quot;&quot;,&quot;state&quot;:&quot;&quot;,&quot;zip&quot;:&quot;&quot;}" latitude="37.7765080370233" longitude="-122.414457764634" needs_recoding="false"/></row>