<?xml version="1.0" encoding="UTF-8"?><row _id="12672025" _uuid="07A54731-ADA6-476D-85BC-FE3A9AED848F" _position="12672025" _address="http://data.sfgov.org/resource/ritf-b9ki/12672025"><incidntnum>151068414</incidntnum><category>MISSING PERSON</category><descript>MISSING ADULT</descript><dayofweek>Thursday</dayofweek><date>2015-12-10T00:00:00</date><time>10:30</time><pddistrict>SOUTHERN</pddistrict><resolution>NONE</resolution><address>800 Block of BRYANT ST</address><x>-122.403404791479</x><y>37.775420706711</y><location human_address="{&quot;address&quot;:&quot;&quot;,&quot;city&quot;:&quot;&quot;,&quot;state&quot;:&quot;&quot;,&quot;zip&quot;:&quot;&quot;}" latitude="37.775420706711" longitude="-122.403404791479" needs_recoding="false"/></row>