<?xml version="1.0" encoding="UTF-8"?><row _id="12666038" _uuid="18046038-E65E-4764-BF4C-3649C16A7F78" _position="12666038" _address="http://data.sfgov.org/resource/ritf-b9ki/12666038"><incidntnum>151032522</incidntnum><category>OTHER OFFENSES</category><descript>CONSPIRACY</descript><dayofweek>Saturday</dayofweek><date>2015-11-28T00:00:00</date><time>02:05</time><pddistrict>NORTHERN</pddistrict><resolution>ARREST, BOOKED</resolution><address>FERN ST / LARKIN ST</address><x>-122.418562843426</x><y>37.7884306841336</y><location human_address="{&quot;address&quot;:&quot;&quot;,&quot;city&quot;:&quot;&quot;,&quot;state&quot;:&quot;&quot;,&quot;zip&quot;:&quot;&quot;}" latitude="37.7884306841336" longitude="-122.418562843426" needs_recoding="false"/></row>