<?xml version="1.0" encoding="UTF-8"?><row _id="12667922" _uuid="058E9D9A-FD1F-4BB2-82A4-1871CBCD0FD6" _position="12667922" _address="http://data.sfgov.org/resource/ritf-b9ki/12667922"><incidntnum>151040183</incidntnum><category>LARCENY/THEFT</category><descript>GRAND THEFT PICKPOCKET</descript><dayofweek>Monday</dayofweek><date>2015-11-30T00:00:00</date><time>18:30</time><pddistrict>NORTHERN</pddistrict><resolution>NONE</resolution><address>FULTON ST / FILLMORE ST</address><x>-122.431578618623</x><y>37.7777002216831</y><location human_address="{&quot;address&quot;:&quot;&quot;,&quot;city&quot;:&quot;&quot;,&quot;state&quot;:&quot;&quot;,&quot;zip&quot;:&quot;&quot;}" latitude="37.7777002216831" longitude="-122.431578618623" needs_recoding="false"/></row>