<?xml version="1.0" encoding="UTF-8"?><row _id="12665545" _uuid="F793BF62-3A68-400B-88CB-84C8A02E4818" _position="12665545" _address="http://data.sfgov.org/resource/ritf-b9ki/12665545"><incidntnum>151022432</incidntnum><category>ASSAULT</category><descript>CHILD ABUSE (PHYSICAL)</descript><dayofweek>Tuesday</dayofweek><date>2015-11-24T00:00:00</date><time>10:55</time><pddistrict>SOUTHERN</pddistrict><resolution>ARREST, BOOKED</resolution><address>0 Block of THE EMBARCADEROSOUTH ST</address><x>-122.388379873919</x><y>37.7833104067015</y><location human_address="{&quot;address&quot;:&quot;&quot;,&quot;city&quot;:&quot;&quot;,&quot;state&quot;:&quot;&quot;,&quot;zip&quot;:&quot;&quot;}" latitude="37.7833104067015" longitude="-122.388379873919" needs_recoding="false"/></row>