<?xml version="1.0" encoding="UTF-8"?><row _id="12676427" _uuid="5568C513-2776-4214-AA8E-213EA3C838D5" _position="12676427" _address="http://data.sfgov.org/resource/ritf-b9ki/12676427"><incidntnum>151047048</incidntnum><category>SECONDARY CODES</category><descript>JUVENILE INVOLVED</descript><dayofweek>Wednesday</dayofweek><date>2015-12-02T00:00:00</date><time>09:30</time><pddistrict>INGLESIDE</pddistrict><resolution>NONE</resolution><address>100 Block of PERSIA AV</address><x>-122.434764286692</x><y>37.7226161363136</y><location human_address="{&quot;address&quot;:&quot;&quot;,&quot;city&quot;:&quot;&quot;,&quot;state&quot;:&quot;&quot;,&quot;zip&quot;:&quot;&quot;}" latitude="37.7226161363136" longitude="-122.434764286692" needs_recoding="false"/></row>