<?xml version="1.0" encoding="UTF-8"?><row _id="12677571" _uuid="9CF63148-6715-4D7B-AF4A-714C842687B4" _position="12677571" _address="http://data.sfgov.org/resource/ritf-b9ki/12677571"><incidntnum>151112801</incidntnum><category>MISSING PERSON</category><descript>FOUND PERSON</descript><dayofweek>Saturday</dayofweek><date>2015-12-26T00:00:00</date><time>19:37</time><pddistrict>SOUTHERN</pddistrict><resolution>ARREST, BOOKED</resolution><address>5TH ST / MISSION ST</address><x>-122.406481972743</x><y>37.7827317884887</y><location human_address="{&quot;address&quot;:&quot;&quot;,&quot;city&quot;:&quot;&quot;,&quot;state&quot;:&quot;&quot;,&quot;zip&quot;:&quot;&quot;}" latitude="37.7827317884887" longitude="-122.406481972743" needs_recoding="false"/></row>