<?xml version="1.0" encoding="UTF-8"?><row _id="12668758" _uuid="4B62ED91-7072-4C2C-B909-D200F5E2B4ED" _position="12668758" _address="http://data.sfgov.org/resource/ritf-b9ki/12668758"><incidntnum>156294250</incidntnum><category>LARCENY/THEFT</category><descript>PETTY THEFT OF PROPERTY</descript><dayofweek>Wednesday</dayofweek><date>2015-12-02T00:00:00</date><time>17:35</time><pddistrict>CENTRAL</pddistrict><resolution>NONE</resolution><address>GEARY ST / POWELL ST</address><x>-122.408231026261</x><y>37.787359494956</y><location human_address="{&quot;address&quot;:&quot;&quot;,&quot;city&quot;:&quot;&quot;,&quot;state&quot;:&quot;&quot;,&quot;zip&quot;:&quot;&quot;}" latitude="37.787359494956" longitude="-122.408231026261" needs_recoding="false"/></row>