<?xml version="1.0" encoding="UTF-8"?><row _id="12662125" _uuid="F5E8D3BD-A1F4-4DF4-B3DA-8C00892D9DA9" _position="12662125" _address="http://data.sfgov.org/resource/ritf-b9ki/12662125"><incidntnum>150996965</incidntnum><category>DISORDERLY CONDUCT</category><descript>COMMITTING PUBLIC NUISANCE</descript><dayofweek>Monday</dayofweek><date>2015-11-16T00:00:00</date><time>06:41</time><pddistrict>NORTHERN</pddistrict><resolution>NONE</resolution><address>600 Block of MCALLISTER ST</address><x>-122.422743554812</x><y>37.7798339620325</y><location human_address="{&quot;address&quot;:&quot;&quot;,&quot;city&quot;:&quot;&quot;,&quot;state&quot;:&quot;&quot;,&quot;zip&quot;:&quot;&quot;}" latitude="37.7798339620325" longitude="-122.422743554812" needs_recoding="false"/></row>