<?xml version="1.0" encoding="UTF-8"?><row _id="12662697" _uuid="BE65AFD8-4367-4449-B612-7DEF202F84D1" _position="12662697" _address="http://data.sfgov.org/resource/ritf-b9ki/12662697"><incidntnum>151004242</incidntnum><category>WARRANTS</category><descript>ENROUTE TO DEPARTMENT OF CORRECTIONS</descript><dayofweek>Wednesday</dayofweek><date>2015-11-18T00:00:00</date><time>12:38</time><pddistrict>BAYVIEW</pddistrict><resolution>ARREST, BOOKED</resolution><address>FAIRFAX AV / MENDELL ST</address><x>-122.385284373695</x><y>37.7402402179507</y><location human_address="{&quot;address&quot;:&quot;&quot;,&quot;city&quot;:&quot;&quot;,&quot;state&quot;:&quot;&quot;,&quot;zip&quot;:&quot;&quot;}" latitude="37.7402402179507" longitude="-122.385284373695" needs_recoding="false"/></row>