<?xml version="1.0" encoding="UTF-8"?><row _id="12663371" _uuid="3F636CC4-1620-416C-93DE-866261C9533D" _position="12663371" _address="http://data.sfgov.org/resource/ritf-b9ki/12663371"><incidntnum>151008266</incidntnum><category>LARCENY/THEFT</category><descript>PETTY THEFT SHOPLIFTING</descript><dayofweek>Thursday</dayofweek><date>2015-11-19T00:00:00</date><time>13:53</time><pddistrict>PARK</pddistrict><resolution>ARREST, BOOKED</resolution><address>2600 Block of GEARY BL</address><x>-122.446612978839</x><y>37.7822458223917</y><location human_address="{&quot;address&quot;:&quot;&quot;,&quot;city&quot;:&quot;&quot;,&quot;state&quot;:&quot;&quot;,&quot;zip&quot;:&quot;&quot;}" latitude="37.7822458223917" longitude="-122.446612978839" needs_recoding="false"/></row>