<?xml version="1.0" encoding="UTF-8"?><row _id="12662112" _uuid="7E6D4017-80A5-4B18-9B09-D1043AC264E2" _position="12662112" _address="http://data.sfgov.org/resource/ritf-b9ki/12662112"><incidntnum>150997189</incidntnum><category>SUSPICIOUS OCC</category><descript>SUSPICIOUS OCCURRENCE</descript><dayofweek>Monday</dayofweek><date>2015-11-16T00:00:00</date><time>08:47</time><pddistrict>MISSION</pddistrict><resolution>NONE</resolution><address>2400 Block of BRYANT ST</address><x>-122.409436313449</x><y>37.7551775435269</y><location human_address="{&quot;address&quot;:&quot;&quot;,&quot;city&quot;:&quot;&quot;,&quot;state&quot;:&quot;&quot;,&quot;zip&quot;:&quot;&quot;}" latitude="37.7551775435269" longitude="-122.409436313449" needs_recoding="false"/></row>