<?xml version="1.0" encoding="UTF-8"?><row _id="12664191" _uuid="62270F0B-3614-40B5-8C23-10875924489E" _position="12664191" _address="http://data.sfgov.org/resource/ritf-b9ki/12664191"><incidntnum>151015750</incidntnum><category>NON-CRIMINAL</category><descript>AIDED CASE, MENTAL DISTURBED</descript><dayofweek>Saturday</dayofweek><date>2015-11-21T00:00:00</date><time>23:41</time><pddistrict>SOUTHERN</pddistrict><resolution>NONE</resolution><address>MINNA ST / 8TH ST</address><x>-122.412620258006</x><y>37.7770259271797</y><location human_address="{&quot;address&quot;:&quot;&quot;,&quot;city&quot;:&quot;&quot;,&quot;state&quot;:&quot;&quot;,&quot;zip&quot;:&quot;&quot;}" latitude="37.7770259271797" longitude="-122.412620258006" needs_recoding="false"/></row>