<?xml version="1.0" encoding="UTF-8"?><row _id="12666359" _uuid="383AECC2-03F8-4F7D-83DA-A1BC3F9FB604" _position="12666359" _address="http://data.sfgov.org/resource/ritf-b9ki/12666359"><incidntnum>151028010</incidntnum><category>ASSAULT</category><descript>BATTERY OF A POLICE OFFICER</descript><dayofweek>Thursday</dayofweek><date>2015-11-26T00:00:00</date><time>09:36</time><pddistrict>SOUTHERN</pddistrict><resolution>ARREST, BOOKED</resolution><address>1000 Block of MARKET ST</address><x>-122.411071423064</x><y>37.7817511307229</y><location human_address="{&quot;address&quot;:&quot;&quot;,&quot;city&quot;:&quot;&quot;,&quot;state&quot;:&quot;&quot;,&quot;zip&quot;:&quot;&quot;}" latitude="37.7817511307229" longitude="-122.411071423064" needs_recoding="false"/></row>