<?xml version="1.0" encoding="UTF-8"?><row _id="12682278" _uuid="0B89EA25-2C63-4C34-99DB-C22A684C7CB8" _position="12682278" _address="http://data.sfgov.org/resource/ritf-b9ki/12682278"><incidntnum>166008853</incidntnum><category>VANDALISM</category><descript>MALICIOUS MISCHIEF, VANDALISM</descript><dayofweek>Monday</dayofweek><date>2015-11-30T00:00:00</date><time>14:58</time><pddistrict>BAYVIEW</pddistrict><resolution>NONE</resolution><address>DAKOTA ST / 25TH ST</address><x>-122.394588601096</x><y>37.7524273767291</y><location human_address="{&quot;address&quot;:&quot;&quot;,&quot;city&quot;:&quot;&quot;,&quot;state&quot;:&quot;&quot;,&quot;zip&quot;:&quot;&quot;}" latitude="37.7524273767291" longitude="-122.394588601096" needs_recoding="false"/></row>