<?xml version="1.0" encoding="UTF-8"?><row _id="12662512" _uuid="0960AB5B-328B-4CAD-AEDC-64D15AACCB81" _position="12662512" _address="http://data.sfgov.org/resource/ritf-b9ki/12662512"><incidntnum>151001737</incidntnum><category>NON-CRIMINAL</category><descript>FOUND PROPERTY</descript><dayofweek>Tuesday</dayofweek><date>2015-11-17T00:00:00</date><time>16:00</time><pddistrict>RICHMOND</pddistrict><resolution>NONE</resolution><address>100 Block of JOHNFKENNEDY DR</address><x>-122.457507583541</x><y>37.7711332354432</y><location human_address="{&quot;address&quot;:&quot;&quot;,&quot;city&quot;:&quot;&quot;,&quot;state&quot;:&quot;&quot;,&quot;zip&quot;:&quot;&quot;}" latitude="37.7711332354432" longitude="-122.457507583541" needs_recoding="false"/></row>