<?xml version="1.0" encoding="UTF-8"?><row _id="12678649" _uuid="A8399D44-EAD9-488A-9510-E2F0D343DA0B" _position="12678649" _address="http://data.sfgov.org/resource/ritf-b9ki/12678649"><incidntnum>151123892</incidntnum><category>ASSAULT</category><descript>FIREARM, DISCHARGING IN GROSSLY NEGLIGENT MANNER</descript><dayofweek>Wednesday</dayofweek><date>2015-12-30T00:00:00</date><time>17:09</time><pddistrict>MISSION</pddistrict><resolution>NONE</resolution><address>500 Block of HAMPSHIRE ST</address><x>-122.408312572709</x><y>37.7624827554494</y><location human_address="{&quot;address&quot;:&quot;&quot;,&quot;city&quot;:&quot;&quot;,&quot;state&quot;:&quot;&quot;,&quot;zip&quot;:&quot;&quot;}" latitude="37.7624827554494" longitude="-122.408312572709" needs_recoding="false"/></row>