<?xml version="1.0" encoding="UTF-8"?><row _id="12661744" _uuid="EB07C359-0392-4C4C-BCB8-347480CBEF37" _position="12661744" _address="http://data.sfgov.org/resource/ritf-b9ki/12661744"><incidntnum>150993074</incidntnum><category>LARCENY/THEFT</category><descript>GRAND THEFT FROM LOCKED AUTO</descript><dayofweek>Saturday</dayofweek><date>2015-11-14T00:00:00</date><time>01:04</time><pddistrict>PARK</pddistrict><resolution>NONE</resolution><address>DIVISADERO ST / MCALLISTER ST</address><x>-122.438367748732</x><y>37.7777948084037</y><location human_address="{&quot;address&quot;:&quot;&quot;,&quot;city&quot;:&quot;&quot;,&quot;state&quot;:&quot;&quot;,&quot;zip&quot;:&quot;&quot;}" latitude="37.7777948084037" longitude="-122.438367748732" needs_recoding="false"/></row>