<?xml version="1.0" encoding="UTF-8"?><row _id="12662297" _uuid="DE7A4C0C-83A1-4DFD-ADB5-2B6D8681A6C4" _position="12662297" _address="http://data.sfgov.org/resource/ritf-b9ki/12662297"><incidntnum>150996686</incidntnum><category>DRUG/NARCOTIC</category><descript>POSSESSION OF COCAINE</descript><dayofweek>Monday</dayofweek><date>2015-11-16T00:00:00</date><time>01:27</time><pddistrict>TARAVAL</pddistrict><resolution>ARREST, BOOKED</resolution><address>1100 Block of IRVING ST</address><x>-122.470072641493</x><y>37.7639267607191</y><location human_address="{&quot;address&quot;:&quot;&quot;,&quot;city&quot;:&quot;&quot;,&quot;state&quot;:&quot;&quot;,&quot;zip&quot;:&quot;&quot;}" latitude="37.7639267607191" longitude="-122.470072641493" needs_recoding="false"/></row>