<?xml version="1.0" encoding="UTF-8"?><row _id="12661702" _uuid="F89D52D1-101B-4DFB-937E-4D231F416BE6" _position="12661702" _address="http://data.sfgov.org/resource/ritf-b9ki/12661702"><incidntnum>156279735</incidntnum><category>LARCENY/THEFT</category><descript>GRAND THEFT FROM LOCKED AUTO</descript><dayofweek>Sunday</dayofweek><date>2015-11-15T00:00:00</date><time>22:00</time><pddistrict>CENTRAL</pddistrict><resolution>NONE</resolution><address>BUSH ST / HYDE ST</address><x>-122.417019320691</x><y>37.7891095538736</y><location human_address="{&quot;address&quot;:&quot;&quot;,&quot;city&quot;:&quot;&quot;,&quot;state&quot;:&quot;&quot;,&quot;zip&quot;:&quot;&quot;}" latitude="37.7891095538736" longitude="-122.417019320691" needs_recoding="false"/></row>