<?xml version="1.0" encoding="UTF-8"?><row _id="12663183" _uuid="B07153BE-B416-45DC-A52A-2074E0CC0C7A" _position="12663183" _address="http://data.sfgov.org/resource/ritf-b9ki/12663183"><incidntnum>151008965</incidntnum><category>VEHICLE THEFT</category><descript>STOLEN AUTOMOBILE</descript><dayofweek>Thursday</dayofweek><date>2015-11-19T00:00:00</date><time>18:00</time><pddistrict>MISSION</pddistrict><resolution>NONE</resolution><address>HARRISON ST / CESAR CHAVEZ ST</address><x>-122.411486365637</x><y>37.7482978316683</y><location human_address="{&quot;address&quot;:&quot;&quot;,&quot;city&quot;:&quot;&quot;,&quot;state&quot;:&quot;&quot;,&quot;zip&quot;:&quot;&quot;}" latitude="37.7482978316683" longitude="-122.411486365637" needs_recoding="false"/></row>