<?xml version="1.0" encoding="UTF-8"?><row _id="12663617" _uuid="D13D5F07-6D27-4A49-A181-C410235CB8C9" _position="12663617" _address="http://data.sfgov.org/resource/ritf-b9ki/12663617"><incidntnum>151008125</incidntnum><category>STOLEN PROPERTY</category><descript>STOLEN PROPERTY, POSSESSION WITH KNOWLEDGE, RECEIVING</descript><dayofweek>Thursday</dayofweek><date>2015-11-19T00:00:00</date><time>13:20</time><pddistrict>SOUTHERN</pddistrict><resolution>JUVENILE BOOKED</resolution><address>100 Block of THE EMBARCADEROSOUTH ST</address><x>-122.394670134268</x><y>37.7953311868128</y><location human_address="{&quot;address&quot;:&quot;&quot;,&quot;city&quot;:&quot;&quot;,&quot;state&quot;:&quot;&quot;,&quot;zip&quot;:&quot;&quot;}" latitude="37.7953311868128" longitude="-122.394670134268" needs_recoding="false"/></row>