<?xml version="1.0" encoding="UTF-8"?><row _id="12662860" _uuid="49BFB7B6-DDD5-481F-86BF-6C5172A5905D" _position="12662860" _address="http://data.sfgov.org/resource/ritf-b9ki/12662860"><incidntnum>151005030</incidntnum><category>FORGERY/COUNTERFEITING</category><descript>COUNTERFEITING, POSSESSION COINS OR NOTES</descript><dayofweek>Wednesday</dayofweek><date>2015-11-18T00:00:00</date><time>16:05</time><pddistrict>PARK</pddistrict><resolution>ARREST, BOOKED</resolution><address>700 Block of HAIGHT ST</address><x>-122.434580561451</x><y>37.7716361114909</y><location human_address="{&quot;address&quot;:&quot;&quot;,&quot;city&quot;:&quot;&quot;,&quot;state&quot;:&quot;&quot;,&quot;zip&quot;:&quot;&quot;}" latitude="37.7716361114909" longitude="-122.434580561451" needs_recoding="false"/></row>