<?xml version="1.0" encoding="UTF-8"?><row _id="12661994" _uuid="C9DC0A73-EDD0-4690-9510-C7B63C159FD6" _position="12661994" _address="http://data.sfgov.org/resource/ritf-b9ki/12661994"><incidntnum>150995713</incidntnum><category>WEAPON LAWS</category><descript>WEAPON, POSSESS OR BRING OTHER ON SCHOOL GROUNDS</descript><dayofweek>Sunday</dayofweek><date>2015-11-15T00:00:00</date><time>17:52</time><pddistrict>INGLESIDE</pddistrict><resolution>ARREST, BOOKED</resolution><address>0 Block of PHELAN AV</address><x>-122.452289660492</x><y>37.7256933575703</y><location human_address="{&quot;address&quot;:&quot;&quot;,&quot;city&quot;:&quot;&quot;,&quot;state&quot;:&quot;&quot;,&quot;zip&quot;:&quot;&quot;}" latitude="37.7256933575703" longitude="-122.452289660492" needs_recoding="false"/></row>