<?xml version="1.0" encoding="UTF-8"?><row _id="12661624" _uuid="6999931D-ECF5-4CB4-9B67-8AD856905AEC" _position="12661624" _address="http://data.sfgov.org/resource/ritf-b9ki/12661624"><incidntnum>150992361</incidntnum><category>SUSPICIOUS OCC</category><descript>INVESTIGATIVE DETENTION</descript><dayofweek>Saturday</dayofweek><date>2015-11-14T00:00:00</date><time>12:50</time><pddistrict>TARAVAL</pddistrict><resolution>NONE</resolution><address>1500 Block of 35TH AV</address><x>-122.494011515786</x><y>37.7581224296721</y><location human_address="{&quot;address&quot;:&quot;&quot;,&quot;city&quot;:&quot;&quot;,&quot;state&quot;:&quot;&quot;,&quot;zip&quot;:&quot;&quot;}" latitude="37.7581224296721" longitude="-122.494011515786" needs_recoding="false"/></row>