<?xml version="1.0" encoding="UTF-8"?><row _id="12661482" _uuid="8AFDE501-8608-4515-A67C-553F0B161523" _position="12661482" _address="http://data.sfgov.org/resource/ritf-b9ki/12661482"><incidntnum>156278317</incidntnum><category>LARCENY/THEFT</category><descript>GRAND THEFT FROM UNLOCKED AUTO</descript><dayofweek>Saturday</dayofweek><date>2015-11-14T00:00:00</date><time>17:50</time><pddistrict>TARAVAL</pddistrict><resolution>NONE</resolution><address>2300 Block of NORIEGA ST</address><x>-122.488807893358</x><y>37.7537519445835</y><location human_address="{&quot;address&quot;:&quot;&quot;,&quot;city&quot;:&quot;&quot;,&quot;state&quot;:&quot;&quot;,&quot;zip&quot;:&quot;&quot;}" latitude="37.7537519445835" longitude="-122.488807893358" needs_recoding="false"/></row>