<?xml version="1.0" encoding="UTF-8"?><row _id="12662405" _uuid="9E920B43-ECCE-42D5-BE30-17339FFDBFD4" _position="12662405" _address="http://data.sfgov.org/resource/ritf-b9ki/12662405"><incidntnum>151003335</incidntnum><category>NON-CRIMINAL</category><descript>LOST PROPERTY</descript><dayofweek>Tuesday</dayofweek><date>2015-11-17T00:00:00</date><time>20:30</time><pddistrict>CENTRAL</pddistrict><resolution>NONE</resolution><address>LARKIN ST / CHESTNUT ST</address><x>-122.42148290774</x><y>37.8026945181737</y><location human_address="{&quot;address&quot;:&quot;&quot;,&quot;city&quot;:&quot;&quot;,&quot;state&quot;:&quot;&quot;,&quot;zip&quot;:&quot;&quot;}" latitude="37.8026945181737" longitude="-122.42148290774" needs_recoding="false"/></row>