<?xml version="1.0" encoding="UTF-8"?><row _id="12662017" _uuid="2F553288-561D-40B9-BBDB-395560F2D9B2" _position="12662017" _address="http://data.sfgov.org/resource/ritf-b9ki/12662017"><incidntnum>150998400</incidntnum><category>WARRANTS</category><descript>ENROUTE TO OUTSIDE JURISDICTION</descript><dayofweek>Monday</dayofweek><date>2015-11-16T00:00:00</date><time>14:59</time><pddistrict>INGLESIDE</pddistrict><resolution>ARREST, BOOKED</resolution><address>POPE ST / CROSS ST</address><x>-122.44115614407</x><y>37.7139319553323</y><location human_address="{&quot;address&quot;:&quot;&quot;,&quot;city&quot;:&quot;&quot;,&quot;state&quot;:&quot;&quot;,&quot;zip&quot;:&quot;&quot;}" latitude="37.7139319553323" longitude="-122.44115614407" needs_recoding="false"/></row>