<?xml version="1.0" encoding="UTF-8"?><row _id="12664514" _uuid="9990AC7B-5890-4C63-9154-205D7B56E6D9" _position="12664514" _address="http://data.sfgov.org/resource/ritf-b9ki/12664514"><incidntnum>150996909</incidntnum><category>TRESPASS</category><descript>LODGING WITHOUT PERMISSION</descript><dayofweek>Monday</dayofweek><date>2015-11-16T00:00:00</date><time>06:46</time><pddistrict>SOUTHERN</pddistrict><resolution>NONE</resolution><address>MAIN ST / MISSION ST</address><x>-122.394943493875</x><y>37.7918424690001</y><location human_address="{&quot;address&quot;:&quot;&quot;,&quot;city&quot;:&quot;&quot;,&quot;state&quot;:&quot;&quot;,&quot;zip&quot;:&quot;&quot;}" latitude="37.7918424690001" longitude="-122.394943493875" needs_recoding="false"/></row>