<?xml version="1.0" encoding="UTF-8"?><row _id="12663623" _uuid="54B34BEC-BBDB-4B1A-93B6-8505F54D2DD8" _position="12663623" _address="http://data.sfgov.org/resource/ritf-b9ki/12663623"><incidntnum>151009004</incidntnum><category>STOLEN PROPERTY</category><descript>STOLEN PROPERTY, POSSESSION WITH KNOWLEDGE, RECEIVING</descript><dayofweek>Thursday</dayofweek><date>2015-11-19T00:00:00</date><time>18:30</time><pddistrict>INGLESIDE</pddistrict><resolution>ARREST, BOOKED</resolution><address>2300 Block of SAN JOSE AV</address><x>-122.447241159611</x><y>37.7201577971255</y><location human_address="{&quot;address&quot;:&quot;&quot;,&quot;city&quot;:&quot;&quot;,&quot;state&quot;:&quot;&quot;,&quot;zip&quot;:&quot;&quot;}" latitude="37.7201577971255" longitude="-122.447241159611" needs_recoding="false"/></row>