<?xml version="1.0" encoding="UTF-8"?><row _id="12662443" _uuid="8DB3429A-9986-4B24-92DE-60AF403AC78E" _position="12662443" _address="http://data.sfgov.org/resource/ritf-b9ki/12662443"><incidntnum>151002434</incidntnum><category>OTHER OFFENSES</category><descript>DRIVERS LICENSE, SUSPENDED OR REVOKED</descript><dayofweek>Tuesday</dayofweek><date>2015-11-17T00:00:00</date><time>07:45</time><pddistrict>CENTRAL</pddistrict><resolution>ARREST, BOOKED</resolution><address>STOCKTON ST / BROADWAY ST</address><x>-122.408622974321</x><y>37.7976265594608</y><location human_address="{&quot;address&quot;:&quot;&quot;,&quot;city&quot;:&quot;&quot;,&quot;state&quot;:&quot;&quot;,&quot;zip&quot;:&quot;&quot;}" latitude="37.7976265594608" longitude="-122.408622974321" needs_recoding="false"/></row>