<?xml version="1.0" encoding="UTF-8"?><row _id="12669368" _uuid="22B8BA9A-E949-4F15-919E-7DBAE7C64D07" _position="12669368" _address="http://data.sfgov.org/resource/ritf-b9ki/12669368"><incidntnum>151035457</incidntnum><category>OTHER OFFENSES</category><descript>INCIDENT ON SCHOOL GROUNDS</descript><dayofweek>Sunday</dayofweek><date>2015-11-29T00:00:00</date><time>05:30</time><pddistrict>INGLESIDE</pddistrict><resolution>ARREST, BOOKED</resolution><address>500 Block of PORTOLA DR</address><x>-122.451163989719</x><y>37.7455640062989</y><location human_address="{&quot;address&quot;:&quot;&quot;,&quot;city&quot;:&quot;&quot;,&quot;state&quot;:&quot;&quot;,&quot;zip&quot;:&quot;&quot;}" latitude="37.7455640062989" longitude="-122.451163989719" needs_recoding="false"/></row>