<?xml version="1.0" encoding="UTF-8"?><row _id="12670943" _uuid="992A678D-783D-4AE8-9D4D-7254FD3D4725" _position="12670943" _address="http://data.sfgov.org/resource/ritf-b9ki/12670943"><incidntnum>151060636</incidntnum><category>OTHER OFFENSES</category><descript>MISCELLANEOUS INVESTIGATION</descript><dayofweek>Monday</dayofweek><date>2015-12-07T00:00:00</date><time>23:15</time><pddistrict>TENDERLOIN</pddistrict><resolution>ARREST, BOOKED</resolution><address>0 Block of LEAVENWORTH ST</address><x>-122.413706517535</x><y>37.7814229318029</y><location human_address="{&quot;address&quot;:&quot;&quot;,&quot;city&quot;:&quot;&quot;,&quot;state&quot;:&quot;&quot;,&quot;zip&quot;:&quot;&quot;}" latitude="37.7814229318029" longitude="-122.413706517535" needs_recoding="false"/></row>