<?xml version="1.0" encoding="UTF-8"?><row _id="12666203" _uuid="B8E1733C-4DD3-430F-8061-DFFAA09949C2" _position="12666203" _address="http://data.sfgov.org/resource/ritf-b9ki/12666203"><incidntnum>156289659</incidntnum><category>VANDALISM</category><descript>MALICIOUS MISCHIEF, VANDALISM</descript><dayofweek>Saturday</dayofweek><date>2015-11-28T00:00:00</date><time>18:00</time><pddistrict>BAYVIEW</pddistrict><resolution>NONE</resolution><address>GILMAN AV / HAWES ST</address><x>-122.390019844731</x><y>37.7192987552628</y><location human_address="{&quot;address&quot;:&quot;&quot;,&quot;city&quot;:&quot;&quot;,&quot;state&quot;:&quot;&quot;,&quot;zip&quot;:&quot;&quot;}" latitude="37.7192987552628" longitude="-122.390019844731" needs_recoding="false"/></row>