<?xml version="1.0" encoding="UTF-8"?><row _id="12670257" _uuid="73809D8D-FF93-490C-9950-A6D823644BC8" _position="12670257" _address="http://data.sfgov.org/resource/ritf-b9ki/12670257"><incidntnum>151078980</incidntnum><category>FORGERY/COUNTERFEITING</category><descript>CHECKS OR LEGAL INSTRUMENTS, UTTERING FORGED</descript><dayofweek>Saturday</dayofweek><date>2015-11-21T00:00:00</date><time>00:01</time><pddistrict>PARK</pddistrict><resolution>NONE</resolution><address>300 Block of BAKER ST</address><x>-122.440949589926</x><y>37.7741190407726</y><location human_address="{&quot;address&quot;:&quot;&quot;,&quot;city&quot;:&quot;&quot;,&quot;state&quot;:&quot;&quot;,&quot;zip&quot;:&quot;&quot;}" latitude="37.7741190407726" longitude="-122.440949589926" needs_recoding="false"/></row>