<?xml version="1.0" encoding="UTF-8"?><row _id="12662265" _uuid="356A4732-42A7-4DB7-92B7-DA53620738A2" _position="12662265" _address="http://data.sfgov.org/resource/ritf-b9ki/12662265"><incidntnum>151020674</incidntnum><category>LARCENY/THEFT</category><descript>PETTY THEFT OF PROPERTY</descript><dayofweek>Monday</dayofweek><date>2015-11-16T00:00:00</date><time>19:38</time><pddistrict>INGLESIDE</pddistrict><resolution>NONE</resolution><address>200 Block of NAPLES ST</address><x>-122.428331207889</x><y>37.7247499498518</y><location human_address="{&quot;address&quot;:&quot;&quot;,&quot;city&quot;:&quot;&quot;,&quot;state&quot;:&quot;&quot;,&quot;zip&quot;:&quot;&quot;}" latitude="37.7247499498518" longitude="-122.428331207889" needs_recoding="false"/></row>