<?xml version="1.0" encoding="UTF-8"?><row _id="12672740" _uuid="3EF27D9D-4A90-4BE6-8007-75ACC7CCD716" _position="12672740" _address="http://data.sfgov.org/resource/ritf-b9ki/12672740"><incidntnum>151073344</incidntnum><category>BURGLARY</category><descript>BURGLARY OF APARTMENT HOUSE, FORCIBLE ENTRY</descript><dayofweek>Saturday</dayofweek><date>2015-12-12T00:00:00</date><time>07:24</time><pddistrict>CENTRAL</pddistrict><resolution>ARREST, BOOKED</resolution><address>800 Block of PINE ST</address><x>-122.409804474418</x><y>37.7909286115977</y><location human_address="{&quot;address&quot;:&quot;&quot;,&quot;city&quot;:&quot;&quot;,&quot;state&quot;:&quot;&quot;,&quot;zip&quot;:&quot;&quot;}" latitude="37.7909286115977" longitude="-122.409804474418" needs_recoding="false"/></row>