<?xml version="1.0" encoding="UTF-8"?><row _id="12665033" _uuid="1B6012EE-727C-421E-984F-EA3FC46ECFFE" _position="12665033" _address="http://data.sfgov.org/resource/ritf-b9ki/12665033"><incidntnum>151018889</incidntnum><category>DRUG/NARCOTIC</category><descript>SALE OF CONTROLLED SUBSTANCE</descript><dayofweek>Monday</dayofweek><date>2015-11-23T00:00:00</date><time>07:52</time><pddistrict>TENDERLOIN</pddistrict><resolution>ARREST, BOOKED</resolution><address>LEAVENWORTH ST / GOLDEN GATE AV</address><x>-122.413869632554</x><y>37.7818621883021</y><location human_address="{&quot;address&quot;:&quot;&quot;,&quot;city&quot;:&quot;&quot;,&quot;state&quot;:&quot;&quot;,&quot;zip&quot;:&quot;&quot;}" latitude="37.7818621883021" longitude="-122.413869632554" needs_recoding="false"/></row>