<?xml version="1.0" encoding="UTF-8"?><row _id="12666200" _uuid="581A606E-A2DA-4756-9AFA-BFF26718690F" _position="12666200" _address="http://data.sfgov.org/resource/ritf-b9ki/12666200"><incidntnum>156289502</incidntnum><category>NON-CRIMINAL</category><descript>LOST PROPERTY</descript><dayofweek>Thursday</dayofweek><date>2015-11-26T00:00:00</date><time>20:05</time><pddistrict>SOUTHERN</pddistrict><resolution>NONE</resolution><address>MISSION ST / 4TH ST</address><x>-122.404270179486</x><y>37.7844788538745</y><location human_address="{&quot;address&quot;:&quot;&quot;,&quot;city&quot;:&quot;&quot;,&quot;state&quot;:&quot;&quot;,&quot;zip&quot;:&quot;&quot;}" latitude="37.7844788538745" longitude="-122.404270179486" needs_recoding="false"/></row>