<?xml version="1.0" encoding="UTF-8"?><row _id="12676682" _uuid="BFBB5D63-BAB4-4F12-8381-0E5834D92575" _position="12676682" _address="http://data.sfgov.org/resource/ritf-b9ki/12676682"><incidntnum>151044561</incidntnum><category>OTHER OFFENSES</category><descript>INCIDENT ON SCHOOL GROUNDS</descript><dayofweek>Monday</dayofweek><date>2015-11-23T00:00:00</date><time>11:00</time><pddistrict>INGLESIDE</pddistrict><resolution>NONE</resolution><address>200 Block of ONEIDA AV</address><x>-122.443009986764</x><y>37.7218704825421</y><location human_address="{&quot;address&quot;:&quot;&quot;,&quot;city&quot;:&quot;&quot;,&quot;state&quot;:&quot;&quot;,&quot;zip&quot;:&quot;&quot;}" latitude="37.7218704825421" longitude="-122.443009986764" needs_recoding="false"/></row>