<?xml version="1.0" encoding="UTF-8"?><row _id="12677561" _uuid="A821C80E-15C6-4D96-B935-3124DEE75DAD" _position="12677561" _address="http://data.sfgov.org/resource/ritf-b9ki/12677561"><incidntnum>151086284</incidntnum><category>NON-CRIMINAL</category><descript>TRAFFIC ACCIDENT</descript><dayofweek>Thursday</dayofweek><date>2015-12-17T00:00:00</date><time>15:25</time><pddistrict>PARK</pddistrict><resolution>ARREST, BOOKED</resolution><address>BAKER ST / HAYES ST</address><x>-122.441110854133</x><y>37.7745659838451</y><location human_address="{&quot;address&quot;:&quot;&quot;,&quot;city&quot;:&quot;&quot;,&quot;state&quot;:&quot;&quot;,&quot;zip&quot;:&quot;&quot;}" latitude="37.7745659838451" longitude="-122.441110854133" needs_recoding="false"/></row>