<?xml version="1.0" encoding="UTF-8"?><row _id="12665926" _uuid="DA1B821B-61C8-49C8-9D31-FFFF48FAD93B" _position="12665926" _address="http://data.sfgov.org/resource/ritf-b9ki/12665926"><incidntnum>151030413</incidntnum><category>VANDALISM</category><descript>MALICIOUS MISCHIEF, STREET CARS/BUSES</descript><dayofweek>Friday</dayofweek><date>2015-11-27T00:00:00</date><time>11:34</time><pddistrict>INGLESIDE</pddistrict><resolution>ARREST, BOOKED</resolution><address>CRESCENT AV / MISSION ST</address><x>-122.424702079332</x><y>37.7353699090873</y><location human_address="{&quot;address&quot;:&quot;&quot;,&quot;city&quot;:&quot;&quot;,&quot;state&quot;:&quot;&quot;,&quot;zip&quot;:&quot;&quot;}" latitude="37.7353699090873" longitude="-122.424702079332" needs_recoding="false"/></row>