<?xml version="1.0" encoding="UTF-8"?><row _id="12664624" _uuid="7A00D250-414A-4CF8-83C5-0DB298BBF0B5" _position="12664624" _address="http://data.sfgov.org/resource/ritf-b9ki/12664624"><incidntnum>151018049</incidntnum><category>ROBBERY</category><descript>ROBBERY ON THE STREET, STRONGARM</descript><dayofweek>Sunday</dayofweek><date>2015-11-22T00:00:00</date><time>07:35</time><pddistrict>MISSION</pddistrict><resolution>NONE</resolution><address>24TH ST / MISSION ST</address><x>-122.418448186101</x><y>37.7522391652625</y><location human_address="{&quot;address&quot;:&quot;&quot;,&quot;city&quot;:&quot;&quot;,&quot;state&quot;:&quot;&quot;,&quot;zip&quot;:&quot;&quot;}" latitude="37.7522391652625" longitude="-122.418448186101" needs_recoding="false"/></row>