<?xml version="1.0" encoding="UTF-8"?><row _id="12664644" _uuid="E2047213-A7C4-4EEF-BD89-474D0A3991BB" _position="12664644" _address="http://data.sfgov.org/resource/ritf-b9ki/12664644"><incidntnum>151007428</incidntnum><category>NON-CRIMINAL</category><descript>FOUND PROPERTY</descript><dayofweek>Thursday</dayofweek><date>2015-11-19T00:00:00</date><time>11:00</time><pddistrict>TENDERLOIN</pddistrict><resolution>NONE</resolution><address>EDDY ST / JONES ST</address><x>-122.412597377187</x><y>37.7839320277273</y><location human_address="{&quot;address&quot;:&quot;&quot;,&quot;city&quot;:&quot;&quot;,&quot;state&quot;:&quot;&quot;,&quot;zip&quot;:&quot;&quot;}" latitude="37.7839320277273" longitude="-122.412597377187" needs_recoding="false"/></row>