<?xml version="1.0" encoding="UTF-8"?><row _id="12661796" _uuid="0E18984A-3F0A-4736-B72B-E30447937013" _position="12661796" _address="http://data.sfgov.org/resource/ritf-b9ki/12661796"><incidntnum>150994709</incidntnum><category>OTHER OFFENSES</category><descript>RESISTING ARREST</descript><dayofweek>Sunday</dayofweek><date>2015-11-15T00:00:00</date><time>11:15</time><pddistrict>INGLESIDE</pddistrict><resolution>ARREST, BOOKED</resolution><address>100 Block of PRECITA AV</address><x>-122.417164791978</x><y>37.7470622078451</y><location human_address="{&quot;address&quot;:&quot;&quot;,&quot;city&quot;:&quot;&quot;,&quot;state&quot;:&quot;&quot;,&quot;zip&quot;:&quot;&quot;}" latitude="37.7470622078451" longitude="-122.417164791978" needs_recoding="false"/></row>