<?xml version="1.0" encoding="UTF-8"?><row _id="12674361" _uuid="AE1C632C-953C-40A3-8F55-C65ADD7EF950" _position="12674361" _address="http://data.sfgov.org/resource/ritf-b9ki/12674361"><incidntnum>151094679</incidntnum><category>DISORDERLY CONDUCT</category><descript>COMMITTING PUBLIC NUISANCE</descript><dayofweek>Saturday</dayofweek><date>2015-12-19T00:00:00</date><time>17:08</time><pddistrict>MISSION</pddistrict><resolution>ARREST, BOOKED</resolution><address>TREAT AV / 15TH ST</address><x>-122.412833234739</x><y>37.7667517625306</y><location human_address="{&quot;address&quot;:&quot;&quot;,&quot;city&quot;:&quot;&quot;,&quot;state&quot;:&quot;&quot;,&quot;zip&quot;:&quot;&quot;}" latitude="37.7667517625306" longitude="-122.412833234739" needs_recoding="false"/></row>