<?xml version="1.0" encoding="UTF-8"?><row _id="12661975" _uuid="3C0A0EC7-08C9-46DE-B73C-9DDB954D6542" _position="12661975" _address="http://data.sfgov.org/resource/ritf-b9ki/12661975"><incidntnum>150995202</incidntnum><category>NON-CRIMINAL</category><descript>AIDED CASE, MENTAL DISTURBED</descript><dayofweek>Sunday</dayofweek><date>2015-11-15T00:00:00</date><time>15:05</time><pddistrict>MISSION</pddistrict><resolution>PSYCHOPATHIC CASE</resolution><address>2600 Block of 23RD ST</address><x>-122.405957724652</x><y>37.7542517364147</y><location human_address="{&quot;address&quot;:&quot;&quot;,&quot;city&quot;:&quot;&quot;,&quot;state&quot;:&quot;&quot;,&quot;zip&quot;:&quot;&quot;}" latitude="37.7542517364147" longitude="-122.405957724652" needs_recoding="false"/></row>