<?xml version="1.0" encoding="UTF-8"?><row _id="12662216" _uuid="69AAFE66-E084-4E71-BCD8-F72F8352709A" _position="12662216" _address="http://data.sfgov.org/resource/ritf-b9ki/12662216"><incidntnum>151001549</incidntnum><category>FORGERY/COUNTERFEITING</category><descript>COUNTERFEITING, COINS OR NOTES</descript><dayofweek>Monday</dayofweek><date>2015-11-16T00:00:00</date><time>15:20</time><pddistrict>CENTRAL</pddistrict><resolution>UNFOUNDED</resolution><address>600 Block of BUSH ST</address><x>-122.407689581502</x><y>37.7902423892742</y><location human_address="{&quot;address&quot;:&quot;&quot;,&quot;city&quot;:&quot;&quot;,&quot;state&quot;:&quot;&quot;,&quot;zip&quot;:&quot;&quot;}" latitude="37.7902423892742" longitude="-122.407689581502" needs_recoding="false"/></row>