<?xml version="1.0" encoding="UTF-8"?><row _id="12668411" _uuid="2AE9F70C-A25D-47BB-986D-CF42C6A4D8FA" _position="12668411" _address="http://data.sfgov.org/resource/ritf-b9ki/12668411"><incidntnum>151046608</incidntnum><category>NON-CRIMINAL</category><descript>FOUND PROPERTY</descript><dayofweek>Tuesday</dayofweek><date>2015-12-01T00:00:00</date><time>17:00</time><pddistrict>BAYVIEW</pddistrict><resolution>NONE</resolution><address>3RD ST / PALOU AV</address><x>-122.390971734551</x><y>37.7340152180723</y><location human_address="{&quot;address&quot;:&quot;&quot;,&quot;city&quot;:&quot;&quot;,&quot;state&quot;:&quot;&quot;,&quot;zip&quot;:&quot;&quot;}" latitude="37.7340152180723" longitude="-122.390971734551" needs_recoding="false"/></row>