<?xml version="1.0" encoding="UTF-8"?><row _id="12664299" _uuid="97A02213-4EF9-4C64-BE91-D402E273834C" _position="12664299" _address="http://data.sfgov.org/resource/ritf-b9ki/12664299"><incidntnum>151012790</incidntnum><category>SUSPICIOUS OCC</category><descript>SUSPICIOUS OCCURRENCE</descript><dayofweek>Saturday</dayofweek><date>2015-11-21T00:00:00</date><time>00:12</time><pddistrict>INGLESIDE</pddistrict><resolution>NONE</resolution><address>2800 Block of DIAMOND ST</address><x>-122.434066094698</x><y>37.734086514355</y><location human_address="{&quot;address&quot;:&quot;&quot;,&quot;city&quot;:&quot;&quot;,&quot;state&quot;:&quot;&quot;,&quot;zip&quot;:&quot;&quot;}" latitude="37.734086514355" longitude="-122.434066094698" needs_recoding="false"/></row>