<?xml version="1.0" encoding="UTF-8"?><row _id="12665002" _uuid="7279A939-3159-46B6-B19F-57B2F26B7A55" _position="12665002" _address="http://data.sfgov.org/resource/ritf-b9ki/12665002"><incidntnum>151007688</incidntnum><category>ASSAULT</category><descript>FALSE IMPRISONMENT</descript><dayofweek>Sunday</dayofweek><date>2015-11-15T00:00:00</date><time>15:00</time><pddistrict>SOUTHERN</pddistrict><resolution>NONE</resolution><address>200 Block of MISSION ST</address><x>-122.39543402071</x><y>37.7915297792874</y><location human_address="{&quot;address&quot;:&quot;&quot;,&quot;city&quot;:&quot;&quot;,&quot;state&quot;:&quot;&quot;,&quot;zip&quot;:&quot;&quot;}" latitude="37.7915297792874" longitude="-122.39543402071" needs_recoding="false"/></row>