<?xml version="1.0" encoding="UTF-8"?><row _id="12665047" _uuid="9E387C55-0C91-495F-94A9-108509CA32E7" _position="12665047" _address="http://data.sfgov.org/resource/ritf-b9ki/12665047"><incidntnum>151012831</incidntnum><category>OTHER OFFENSES</category><descript>TRAFFIC VIOLATION ARREST</descript><dayofweek>Saturday</dayofweek><date>2015-11-21T00:00:00</date><time>00:18</time><pddistrict>SOUTHERN</pddistrict><resolution>ARREST, BOOKED</resolution><address>HARRISON ST / SHERMAN ST</address><x>-122.405479270758</x><y>37.7761609195794</y><location human_address="{&quot;address&quot;:&quot;&quot;,&quot;city&quot;:&quot;&quot;,&quot;state&quot;:&quot;&quot;,&quot;zip&quot;:&quot;&quot;}" latitude="37.7761609195794" longitude="-122.405479270758" needs_recoding="false"/></row>