<?xml version="1.0" encoding="UTF-8"?><row _id="12663314" _uuid="B85CA51D-DE89-422B-AFE1-69917BCF050C" _position="12663314" _address="http://data.sfgov.org/resource/ritf-b9ki/12663314"><incidntnum>151006599</incidntnum><category>SUSPICIOUS OCC</category><descript>SUSPICIOUS OCCURRENCE</descript><dayofweek>Thursday</dayofweek><date>2015-11-19T00:00:00</date><time>03:05</time><pddistrict>INGLESIDE</pddistrict><resolution>NONE</resolution><address>500 Block of NAPLES ST</address><x>-122.431865677148</x><y>37.7200904932527</y><location human_address="{&quot;address&quot;:&quot;&quot;,&quot;city&quot;:&quot;&quot;,&quot;state&quot;:&quot;&quot;,&quot;zip&quot;:&quot;&quot;}" latitude="37.7200904932527" longitude="-122.431865677148" needs_recoding="false"/></row>