<?xml version="1.0" encoding="UTF-8"?><row _id="12665574" _uuid="1539062B-3338-47ED-B125-6C0A9A505398" _position="12665574" _address="http://data.sfgov.org/resource/ritf-b9ki/12665574"><incidntnum>151023292</incidntnum><category>FORGERY/COUNTERFEITING</category><descript>MONEY, CHANGING FACE AMOUNT</descript><dayofweek>Tuesday</dayofweek><date>2015-11-24T00:00:00</date><time>16:31</time><pddistrict>SOUTHERN</pddistrict><resolution>NONE</resolution><address>1000 Block of FOLSOM ST</address><x>-122.407203031938</x><y>37.7773283973146</y><location human_address="{&quot;address&quot;:&quot;&quot;,&quot;city&quot;:&quot;&quot;,&quot;state&quot;:&quot;&quot;,&quot;zip&quot;:&quot;&quot;}" latitude="37.7773283973146" longitude="-122.407203031938" needs_recoding="false"/></row>