<?xml version="1.0" encoding="UTF-8"?><row _id="12663520" _uuid="D44EF77F-0F56-42B9-A08F-5E220FC87B02" _position="12663520" _address="http://data.sfgov.org/resource/ritf-b9ki/12663520"><incidntnum>156283112</incidntnum><category>VANDALISM</category><descript>MALICIOUS MISCHIEF, VANDALISM</descript><dayofweek>Monday</dayofweek><date>2015-11-16T00:00:00</date><time>11:00</time><pddistrict>BAYVIEW</pddistrict><resolution>NONE</resolution><address>200 Block of WILLIAMS AV</address><x>-122.397744427103</x><y>37.7299346936044</y><location human_address="{&quot;address&quot;:&quot;&quot;,&quot;city&quot;:&quot;&quot;,&quot;state&quot;:&quot;&quot;,&quot;zip&quot;:&quot;&quot;}" latitude="37.7299346936044" longitude="-122.397744427103" needs_recoding="false"/></row>