<?xml version="1.0" encoding="UTF-8"?><row _id="12667955" _uuid="310BFB6E-CEFC-451D-9968-12B1454534D7" _position="12667955" _address="http://data.sfgov.org/resource/ritf-b9ki/12667955"><incidntnum>151009941</incidntnum><category>OTHER OFFENSES</category><descript>DRIVERS LICENSE, SUSPENDED OR REVOKED</descript><dayofweek>Friday</dayofweek><date>2015-11-20T00:00:00</date><time>07:39</time><pddistrict>PARK</pddistrict><resolution>ARREST, BOOKED</resolution><address>MASONIC AV / OAK ST</address><x>-122.445717668922</x><y>37.7720809772392</y><location human_address="{&quot;address&quot;:&quot;&quot;,&quot;city&quot;:&quot;&quot;,&quot;state&quot;:&quot;&quot;,&quot;zip&quot;:&quot;&quot;}" latitude="37.7720809772392" longitude="-122.445717668922" needs_recoding="false"/></row>