<?xml version="1.0" encoding="UTF-8"?><row _id="12673299" _uuid="73A6E7BB-4D5F-4443-AF4C-F643E6104555" _position="12673299" _address="http://data.sfgov.org/resource/ritf-b9ki/12673299"><incidntnum>151080060</incidntnum><category>VANDALISM</category><descript>MALICIOUS MISCHIEF, GRAFFITI</descript><dayofweek>Monday</dayofweek><date>2015-12-14T00:00:00</date><time>17:45</time><pddistrict>SOUTHERN</pddistrict><resolution>ARREST, BOOKED</resolution><address>500 Block of STEVENSON ST</address><x>-122.410891754793</x><y>37.7809097652868</y><location human_address="{&quot;address&quot;:&quot;&quot;,&quot;city&quot;:&quot;&quot;,&quot;state&quot;:&quot;&quot;,&quot;zip&quot;:&quot;&quot;}" latitude="37.7809097652868" longitude="-122.410891754793" needs_recoding="false"/></row>