<?xml version="1.0" encoding="UTF-8"?><row _id="12664288" _uuid="9491F021-ACD8-449B-9AB1-37E9F5FCB104" _position="12664288" _address="http://data.sfgov.org/resource/ritf-b9ki/12664288"><incidntnum>151013851</incidntnum><category>WARRANTS</category><descript>WARRANT ARREST</descript><dayofweek>Saturday</dayofweek><date>2015-11-21T00:00:00</date><time>11:40</time><pddistrict>SOUTHERN</pddistrict><resolution>ARREST, BOOKED</resolution><address>0 Block of SHERMAN ST</address><x>-122.405924386123</x><y>37.7766015774052</y><location human_address="{&quot;address&quot;:&quot;&quot;,&quot;city&quot;:&quot;&quot;,&quot;state&quot;:&quot;&quot;,&quot;zip&quot;:&quot;&quot;}" latitude="37.7766015774052" longitude="-122.405924386123" needs_recoding="false"/></row>