<?xml version="1.0" encoding="UTF-8"?><row _id="12663685" _uuid="C4BD98E0-EE9E-4DA0-816F-C7F8163D9FA0" _position="12663685" _address="http://data.sfgov.org/resource/ritf-b9ki/12663685"><incidntnum>151010346</incidntnum><category>OTHER OFFENSES</category><descript>DRIVERS LICENSE, SUSPENDED OR REVOKED</descript><dayofweek>Friday</dayofweek><date>2015-11-20T00:00:00</date><time>11:13</time><pddistrict>BAYVIEW</pddistrict><resolution>ARREST, CITED</resolution><address>25TH ST / 3RD ST</address><x>-122.387759351288</x><y>37.7528363805294</y><location human_address="{&quot;address&quot;:&quot;&quot;,&quot;city&quot;:&quot;&quot;,&quot;state&quot;:&quot;&quot;,&quot;zip&quot;:&quot;&quot;}" latitude="37.7528363805294" longitude="-122.387759351288" needs_recoding="false"/></row>