<?xml version="1.0" encoding="UTF-8"?><row _id="12662938" _uuid="929A59BE-ECEE-41A5-B492-5D270EFD44EA" _position="12662938" _address="http://data.sfgov.org/resource/ritf-b9ki/12662938"><incidntnum>151006204</incidntnum><category>OTHER OFFENSES</category><descript>PROBATION VIOLATION</descript><dayofweek>Wednesday</dayofweek><date>2015-11-18T00:00:00</date><time>22:30</time><pddistrict>BAYVIEW</pddistrict><resolution>ARREST, BOOKED</resolution><address>2000 Block of 19TH ST</address><x>-122.40269107947</x><y>37.7608660345479</y><location human_address="{&quot;address&quot;:&quot;&quot;,&quot;city&quot;:&quot;&quot;,&quot;state&quot;:&quot;&quot;,&quot;zip&quot;:&quot;&quot;}" latitude="37.7608660345479" longitude="-122.40269107947" needs_recoding="false"/></row>