<?xml version="1.0" encoding="UTF-8"?><row _id="12677768" _uuid="A9AB3A87-788C-466E-8EE3-4551B4C87F3A" _position="12677768" _address="http://data.sfgov.org/resource/ritf-b9ki/12677768"><incidntnum>151117049</incidntnum><category>DRUG/NARCOTIC</category><descript>POSSESSION OF BASE/ROCK COCAINE FOR SALE</descript><dayofweek>Monday</dayofweek><date>2015-12-28T00:00:00</date><time>14:53</time><pddistrict>NORTHERN</pddistrict><resolution>ARREST, BOOKED</resolution><address>600 Block of EDDY ST</address><x>-122.418382008607</x><y>37.7832583770949</y><location human_address="{&quot;address&quot;:&quot;&quot;,&quot;city&quot;:&quot;&quot;,&quot;state&quot;:&quot;&quot;,&quot;zip&quot;:&quot;&quot;}" latitude="37.7832583770949" longitude="-122.418382008607" needs_recoding="false"/></row>