<?xml version="1.0" encoding="UTF-8"?><row _id="12664827" _uuid="81DAC311-38BC-4738-84D4-350A99B81646" _position="12664827" _address="http://data.sfgov.org/resource/ritf-b9ki/12664827"><incidntnum>151003937</incidntnum><category>NON-CRIMINAL</category><descript>LOST PROPERTY</descript><dayofweek>Tuesday</dayofweek><date>2015-11-17T00:00:00</date><time>11:00</time><pddistrict>RICHMOND</pddistrict><resolution>NONE</resolution><address>3200 Block of CALIFORNIA ST</address><x>-122.447657570247</x><y>37.787207821057</y><location human_address="{&quot;address&quot;:&quot;&quot;,&quot;city&quot;:&quot;&quot;,&quot;state&quot;:&quot;&quot;,&quot;zip&quot;:&quot;&quot;}" latitude="37.787207821057" longitude="-122.447657570247" needs_recoding="false"/></row>