<?xml version="1.0" encoding="UTF-8"?><row _id="12669991" _uuid="7F6E30E6-C821-4F29-A6DC-B31113B027B5" _position="12669991" _address="http://data.sfgov.org/resource/ritf-b9ki/12669991"><incidntnum>156294294</incidntnum><category>LARCENY/THEFT</category><descript>PETTY THEFT OF PROPERTY</descript><dayofweek>Saturday</dayofweek><date>2015-12-05T00:00:00</date><time>00:01</time><pddistrict>SOUTHERN</pddistrict><resolution>NONE</resolution><address>1000 Block of FOLSOM ST</address><x>-122.405834032593</x><y>37.778254811523</y><location human_address="{&quot;address&quot;:&quot;&quot;,&quot;city&quot;:&quot;&quot;,&quot;state&quot;:&quot;&quot;,&quot;zip&quot;:&quot;&quot;}" latitude="37.778254811523" longitude="-122.405834032593" needs_recoding="false"/></row>