<?xml version="1.0" encoding="UTF-8"?><row _id="12664441" _uuid="63C152E2-1717-4611-8A11-07C0B6154B88" _position="12664441" _address="http://data.sfgov.org/resource/ritf-b9ki/12664441"><incidntnum>151021779</incidntnum><category>VEHICLE THEFT</category><descript>STOLEN AUTOMOBILE</descript><dayofweek>Saturday</dayofweek><date>2015-11-21T00:00:00</date><time>14:00</time><pddistrict>INGLESIDE</pddistrict><resolution>NONE</resolution><address>1200 Block of BOWDOIN ST</address><x>-122.408310780232</x><y>37.7203514651097</y><location human_address="{&quot;address&quot;:&quot;&quot;,&quot;city&quot;:&quot;&quot;,&quot;state&quot;:&quot;&quot;,&quot;zip&quot;:&quot;&quot;}" latitude="37.7203514651097" longitude="-122.408310780232" needs_recoding="false"/></row>