<?xml version="1.0" encoding="UTF-8"?><row _id="12662425" _uuid="13556D55-9CFC-4777-B1FB-11F8CAC6CC58" _position="12662425" _address="http://data.sfgov.org/resource/ritf-b9ki/12662425"><incidntnum>151002597</incidntnum><category>DISORDERLY CONDUCT</category><descript>MAINTAINING A PUBLIC NUISANCE</descript><dayofweek>Tuesday</dayofweek><date>2015-11-17T00:00:00</date><time>20:15</time><pddistrict>BAYVIEW</pddistrict><resolution>ARREST, BOOKED</resolution><address>3RD ST / 20TH ST</address><x>-122.388559411328</x><y>37.7604929243617</y><location human_address="{&quot;address&quot;:&quot;&quot;,&quot;city&quot;:&quot;&quot;,&quot;state&quot;:&quot;&quot;,&quot;zip&quot;:&quot;&quot;}" latitude="37.7604929243617" longitude="-122.388559411328" needs_recoding="false"/></row>