<?xml version="1.0" encoding="UTF-8"?><row _id="12665416" _uuid="373F262F-0E16-40B5-9F4A-71C0568E433F" _position="12665416" _address="http://data.sfgov.org/resource/ritf-b9ki/12665416"><incidntnum>156286398</incidntnum><category>LARCENY/THEFT</category><descript>GRAND THEFT FROM LOCKED AUTO</descript><dayofweek>Tuesday</dayofweek><date>2015-11-24T00:00:00</date><time>19:00</time><pddistrict>CENTRAL</pddistrict><resolution>NONE</resolution><address>BUSH ST / MASON ST</address><x>-122.410436716211</x><y>37.7899498165885</y><location human_address="{&quot;address&quot;:&quot;&quot;,&quot;city&quot;:&quot;&quot;,&quot;state&quot;:&quot;&quot;,&quot;zip&quot;:&quot;&quot;}" latitude="37.7899498165885" longitude="-122.410436716211" needs_recoding="false"/></row>