<?xml version="1.0" encoding="UTF-8"?><row _id="12661447" _uuid="473F5AE6-332A-4933-9B19-E1B27FB2B909" _position="12661447" _address="http://data.sfgov.org/resource/ritf-b9ki/12661447"><incidntnum>150993820</incidntnum><category>NON-CRIMINAL</category><descript>AIDED CASE, MENTAL DISTURBED</descript><dayofweek>Saturday</dayofweek><date>2015-11-14T00:00:00</date><time>21:40</time><pddistrict>SOUTHERN</pddistrict><resolution>NONE</resolution><address>1100 Block of MARKET ST</address><x>-122.413564091744</x><y>37.779514030063</y><location human_address="{&quot;address&quot;:&quot;&quot;,&quot;city&quot;:&quot;&quot;,&quot;state&quot;:&quot;&quot;,&quot;zip&quot;:&quot;&quot;}" latitude="37.779514030063" longitude="-122.413564091744" needs_recoding="false"/></row>