<?xml version="1.0" encoding="UTF-8"?><row _id="12665318" _uuid="EEA76C35-9FC6-4088-94A9-71C07F27D47A" _position="12665318" _address="http://data.sfgov.org/resource/ritf-b9ki/12665318"><incidntnum>151019451</incidntnum><category>VANDALISM</category><descript>MALICIOUS MISCHIEF, BREAKING WINDOWS</descript><dayofweek>Monday</dayofweek><date>2015-11-23T00:00:00</date><time>11:10</time><pddistrict>TARAVAL</pddistrict><resolution>NONE</resolution><address>0 Block of DELONG ST</address><x>-122.458368797163</x><y>37.7096159365374</y><location human_address="{&quot;address&quot;:&quot;&quot;,&quot;city&quot;:&quot;&quot;,&quot;state&quot;:&quot;&quot;,&quot;zip&quot;:&quot;&quot;}" latitude="37.7096159365374" longitude="-122.458368797163" needs_recoding="false"/></row>