<?xml version="1.0" encoding="UTF-8"?><row _id="12667070" _uuid="B3D48437-A9D7-4DF0-AF49-35DB17AECCD4" _position="12667070" _address="http://data.sfgov.org/resource/ritf-b9ki/12667070"><incidntnum>151046755</incidntnum><category>BURGLARY</category><descript>BURGLARY, HOT PROWL, UNLAWFUL ENTRY</descript><dayofweek>Monday</dayofweek><date>2015-11-23T00:00:00</date><time>18:00</time><pddistrict>MISSION</pddistrict><resolution>NONE</resolution><address>3600 Block of 21ST ST</address><x>-122.429019501389</x><y>37.7563710297824</y><location human_address="{&quot;address&quot;:&quot;&quot;,&quot;city&quot;:&quot;&quot;,&quot;state&quot;:&quot;&quot;,&quot;zip&quot;:&quot;&quot;}" latitude="37.7563710297824" longitude="-122.429019501389" needs_recoding="false"/></row>