<?xml version="1.0" encoding="UTF-8"?><row _id="12662467" _uuid="2914E648-9B3E-4AAA-9F1E-F655B7CC18BF" _position="12662467" _address="http://data.sfgov.org/resource/ritf-b9ki/12662467"><incidntnum>151001793</incidntnum><category>NON-CRIMINAL</category><descript>AIDED CASE, MENTAL DISTURBED</descript><dayofweek>Tuesday</dayofweek><date>2015-11-17T00:00:00</date><time>15:14</time><pddistrict>SOUTHERN</pddistrict><resolution>NONE</resolution><address>100 Block of KING ST</address><x>-122.390858609124</x><y>37.779096360374</y><location human_address="{&quot;address&quot;:&quot;&quot;,&quot;city&quot;:&quot;&quot;,&quot;state&quot;:&quot;&quot;,&quot;zip&quot;:&quot;&quot;}" latitude="37.779096360374" longitude="-122.390858609124" needs_recoding="false"/></row>