<?xml version="1.0" encoding="UTF-8"?><row _id="12662128" _uuid="D3DE499E-396D-4296-931D-9A0B8E9170C9" _position="12662128" _address="http://data.sfgov.org/resource/ritf-b9ki/12662128"><incidntnum>150997220</incidntnum><category>DISORDERLY CONDUCT</category><descript>DISTURBING THE PEACE, FIGHTING</descript><dayofweek>Monday</dayofweek><date>2015-11-16T00:00:00</date><time>08:50</time><pddistrict>BAYVIEW</pddistrict><resolution>ARREST, BOOKED</resolution><address>1300 Block of REVERE AV</address><x>-122.385465040129</x><y>37.7290691120698</y><location human_address="{&quot;address&quot;:&quot;&quot;,&quot;city&quot;:&quot;&quot;,&quot;state&quot;:&quot;&quot;,&quot;zip&quot;:&quot;&quot;}" latitude="37.7290691120698" longitude="-122.385465040129" needs_recoding="false"/></row>