<?xml version="1.0" encoding="UTF-8"?><row _id="12666239" _uuid="6F1024F3-8EFD-487B-BEFC-C810F6DCB31B" _position="12666239" _address="http://data.sfgov.org/resource/ritf-b9ki/12666239"><incidntnum>151024676</incidntnum><category>ASSAULT</category><descript>BATTERY</descript><dayofweek>Wednesday</dayofweek><date>2015-11-25T00:00:00</date><time>08:00</time><pddistrict>SOUTHERN</pddistrict><resolution>NONE</resolution><address>0 Block of ESSEX ST</address><x>-122.395062469002</x><y>37.7859930647181</y><location human_address="{&quot;address&quot;:&quot;&quot;,&quot;city&quot;:&quot;&quot;,&quot;state&quot;:&quot;&quot;,&quot;zip&quot;:&quot;&quot;}" latitude="37.7859930647181" longitude="-122.395062469002" needs_recoding="false"/></row>