<?xml version="1.0" encoding="UTF-8"?><row _id="12670657" _uuid="E88B54F2-0EDD-474B-8AF5-F32F7C67EDC1" _position="12670657" _address="http://data.sfgov.org/resource/ritf-b9ki/12670657"><incidntnum>156301231</incidntnum><category>LARCENY/THEFT</category><descript>GRAND THEFT FROM LOCKED AUTO</descript><dayofweek>Wednesday</dayofweek><date>2015-12-02T00:00:00</date><time>03:15</time><pddistrict>BAYVIEW</pddistrict><resolution>NONE</resolution><address>500 Block of PENNSYLVANIA AV</address><x>-122.393311518036</x><y>37.7589101122715</y><location human_address="{&quot;address&quot;:&quot;&quot;,&quot;city&quot;:&quot;&quot;,&quot;state&quot;:&quot;&quot;,&quot;zip&quot;:&quot;&quot;}" latitude="37.7589101122715" longitude="-122.393311518036" needs_recoding="false"/></row>