<?xml version="1.0" encoding="UTF-8"?><row _id="12665421" _uuid="66C9483D-A8E1-41DC-BB57-8556B13B74FF" _position="12665421" _address="http://data.sfgov.org/resource/ritf-b9ki/12665421"><incidntnum>151021898</incidntnum><category>DRUG/NARCOTIC</category><descript>SALE OF HEROIN</descript><dayofweek>Tuesday</dayofweek><date>2015-11-24T00:00:00</date><time>07:48</time><pddistrict>TENDERLOIN</pddistrict><resolution>UNFOUNDED</resolution><address>HYDE ST / GOLDEN GATE AV</address><x>-122.415508242782</x><y>37.7816542806076</y><location human_address="{&quot;address&quot;:&quot;&quot;,&quot;city&quot;:&quot;&quot;,&quot;state&quot;:&quot;&quot;,&quot;zip&quot;:&quot;&quot;}" latitude="37.7816542806076" longitude="-122.415508242782" needs_recoding="false"/></row>