<?xml version="1.0" encoding="UTF-8"?><row _id="12675105" _uuid="238883E5-7F72-47BC-B505-70AC2BBB55F7" _position="12675105" _address="http://data.sfgov.org/resource/ritf-b9ki/12675105"><incidntnum>151098411</incidntnum><category>SUSPICIOUS OCC</category><descript>SUSPICIOUS OCCURRENCE</descript><dayofweek>Monday</dayofweek><date>2015-12-21T00:00:00</date><time>02:15</time><pddistrict>SOUTHERN</pddistrict><resolution>NONE</resolution><address>600 Block of HOWARD ST</address><x>-122.39998852115</x><y>37.7854873412292</y><location human_address="{&quot;address&quot;:&quot;&quot;,&quot;city&quot;:&quot;&quot;,&quot;state&quot;:&quot;&quot;,&quot;zip&quot;:&quot;&quot;}" latitude="37.7854873412292" longitude="-122.39998852115" needs_recoding="false"/></row>