<?xml version="1.0" encoding="UTF-8"?><row _id="12662339" _uuid="7D19CF1D-7BAE-486F-89EC-1AA6E5C38A8E" _position="12662339" _address="http://data.sfgov.org/resource/ritf-b9ki/12662339"><incidntnum>150999812</incidntnum><category>WEAPON LAWS</category><descript>AMMUNITION, POSS. BY PROHIBITED PERSON</descript><dayofweek>Monday</dayofweek><date>2015-11-16T00:00:00</date><time>23:20</time><pddistrict>TENDERLOIN</pddistrict><resolution>ARREST, BOOKED</resolution><address>300 Block of ELLIS ST</address><x>-122.411965795229</x><y>37.7849141859562</y><location human_address="{&quot;address&quot;:&quot;&quot;,&quot;city&quot;:&quot;&quot;,&quot;state&quot;:&quot;&quot;,&quot;zip&quot;:&quot;&quot;}" latitude="37.7849141859562" longitude="-122.411965795229" needs_recoding="false"/></row>