<?xml version="1.0" encoding="UTF-8"?><row _id="12669741" _uuid="1A9E6427-2F35-405C-A736-3D74ADA7B772" _position="12669741" _address="http://data.sfgov.org/resource/ritf-b9ki/12669741"><incidntnum>151071586</incidntnum><category>NON-CRIMINAL</category><descript>TARASOFF REPORT</descript><dayofweek>Friday</dayofweek><date>2015-11-20T00:00:00</date><time>08:00</time><pddistrict>MISSION</pddistrict><resolution>NONE</resolution><address>2500 Block of 23RD ST</address><x>-122.405248327082</x><y>37.754404748573</y><location human_address="{&quot;address&quot;:&quot;&quot;,&quot;city&quot;:&quot;&quot;,&quot;state&quot;:&quot;&quot;,&quot;zip&quot;:&quot;&quot;}" latitude="37.754404748573" longitude="-122.405248327082" needs_recoding="false"/></row>