<?xml version="1.0" encoding="UTF-8"?><row _id="12666919" _uuid="5F85B56E-3FDB-4D49-86B4-A32E21EBF277" _position="12666919" _address="http://data.sfgov.org/resource/ritf-b9ki/12666919"><incidntnum>151022573</incidntnum><category>ASSAULT</category><descript>THREATS AGAINST LIFE</descript><dayofweek>Sunday</dayofweek><date>2015-11-22T00:00:00</date><time>02:00</time><pddistrict>INGLESIDE</pddistrict><resolution>NONE</resolution><address>0 Block of SPARTA ST</address><x>-122.403644220317</x><y>37.7179625135002</y><location human_address="{&quot;address&quot;:&quot;&quot;,&quot;city&quot;:&quot;&quot;,&quot;state&quot;:&quot;&quot;,&quot;zip&quot;:&quot;&quot;}" latitude="37.7179625135002" longitude="-122.403644220317" needs_recoding="false"/></row>