<?xml version="1.0" encoding="UTF-8"?><row _id="12670496" _uuid="A89888DB-30E3-414B-90FD-8111FDF208E3" _position="12670496" _address="http://data.sfgov.org/resource/ritf-b9ki/12670496"><incidntnum>151057150</incidntnum><category>WARRANTS</category><descript>ENROUTE TO OUTSIDE JURISDICTION</descript><dayofweek>Sunday</dayofweek><date>2015-12-06T00:00:00</date><time>18:48</time><pddistrict>BAYVIEW</pddistrict><resolution>ARREST, BOOKED</resolution><address>500 Block of MISSOURI ST</address><x>-122.396100402003</x><y>37.7591673695367</y><location human_address="{&quot;address&quot;:&quot;&quot;,&quot;city&quot;:&quot;&quot;,&quot;state&quot;:&quot;&quot;,&quot;zip&quot;:&quot;&quot;}" latitude="37.7591673695367" longitude="-122.396100402003" needs_recoding="false"/></row>