<?xml version="1.0" encoding="UTF-8"?><row _id="12664546" _uuid="91898570-3174-4C48-82AA-ED925BB8EA02" _position="12664546" _address="http://data.sfgov.org/resource/ritf-b9ki/12664546"><incidntnum>151015249</incidntnum><category>STOLEN PROPERTY</category><descript>STOLEN PROPERTY, POSSESSION WITH KNOWLEDGE, RECEIVING</descript><dayofweek>Saturday</dayofweek><date>2015-11-21T00:00:00</date><time>20:18</time><pddistrict>SOUTHERN</pddistrict><resolution>ARREST, BOOKED</resolution><address>200 Block of 10TH ST</address><x>-122.413630198789</x><y>37.773377192418</y><location human_address="{&quot;address&quot;:&quot;&quot;,&quot;city&quot;:&quot;&quot;,&quot;state&quot;:&quot;&quot;,&quot;zip&quot;:&quot;&quot;}" latitude="37.773377192418" longitude="-122.413630198789" needs_recoding="false"/></row>