<?xml version="1.0" encoding="UTF-8"?><row _id="12661282" _uuid="6DD64D34-710C-40A3-BF0F-029B115DB5EB" _position="12661282" _address="http://data.sfgov.org/resource/ritf-b9ki/12661282"><incidntnum>150993331</incidntnum><category>NON-CRIMINAL</category><descript>AIDED CASE, MENTAL DISTURBED</descript><dayofweek>Saturday</dayofweek><date>2015-11-14T00:00:00</date><time>20:15</time><pddistrict>MISSION</pddistrict><resolution>NONE</resolution><address>16TH ST / MISSION ST</address><x>-122.419671780296</x><y>37.7650501214668</y><location human_address="{&quot;address&quot;:&quot;&quot;,&quot;city&quot;:&quot;&quot;,&quot;state&quot;:&quot;&quot;,&quot;zip&quot;:&quot;&quot;}" latitude="37.7650501214668" longitude="-122.419671780296" needs_recoding="false"/></row>