<?xml version="1.0" encoding="UTF-8"?><row _id="12672999" _uuid="C2CBEF77-2C26-4AF5-9CB0-34B4F584CEDF" _position="12672999" _address="http://data.sfgov.org/resource/ritf-b9ki/12672999"><incidntnum>151077374</incidntnum><category>LARCENY/THEFT</category><descript>PETTY THEFT FROM A BUILDING</descript><dayofweek>Sunday</dayofweek><date>2015-12-13T00:00:00</date><time>17:23</time><pddistrict>SOUTHERN</pddistrict><resolution>ARREST, BOOKED</resolution><address>900 Block of MARKET ST</address><x>-122.408421116922</x><y>37.7835699386918</y><location human_address="{&quot;address&quot;:&quot;&quot;,&quot;city&quot;:&quot;&quot;,&quot;state&quot;:&quot;&quot;,&quot;zip&quot;:&quot;&quot;}" latitude="37.7835699386918" longitude="-122.408421116922" needs_recoding="false"/></row>