<?xml version="1.0" encoding="UTF-8"?><row _id="12661905" _uuid="626DEED3-6452-44E0-8A55-1638DC25AA59" _position="12661905" _address="http://data.sfgov.org/resource/ritf-b9ki/12661905"><incidntnum>150994436</incidntnum><category>NON-CRIMINAL</category><descript>DEATH REPORT, NATURAL CAUSES</descript><dayofweek>Sunday</dayofweek><date>2015-11-15T00:00:00</date><time>08:43</time><pddistrict>MISSION</pddistrict><resolution>NONE</resolution><address>3900 Block of 25TH ST</address><x>-122.427828137555</x><y>37.7500090769005</y><location human_address="{&quot;address&quot;:&quot;&quot;,&quot;city&quot;:&quot;&quot;,&quot;state&quot;:&quot;&quot;,&quot;zip&quot;:&quot;&quot;}" latitude="37.7500090769005" longitude="-122.427828137555" needs_recoding="false"/></row>