<?xml version="1.0" encoding="UTF-8"?><row _id="12676948" _uuid="B6218ED2-7A92-4E5C-911D-F61C37103E7A" _position="12676948" _address="http://data.sfgov.org/resource/ritf-b9ki/12676948"><incidntnum>150990672</incidntnum><category>PROSTITUTION</category><descript>SOLICITS FOR ACT OF PROSTITUTION</descript><dayofweek>Friday</dayofweek><date>2015-11-13T00:00:00</date><time>19:43</time><pddistrict>TARAVAL</pddistrict><resolution>EXCEPTIONAL CLEARANCE</resolution><address>1600 Block of OCEAN AV</address><x>-122.459564595337</x><y>37.7246926893786</y><location human_address="{&quot;address&quot;:&quot;&quot;,&quot;city&quot;:&quot;&quot;,&quot;state&quot;:&quot;&quot;,&quot;zip&quot;:&quot;&quot;}" latitude="37.7246926893786" longitude="-122.459564595337" needs_recoding="false"/></row>