<?xml version="1.0" encoding="UTF-8"?><row _id="12663058" _uuid="F9851E0E-266F-4BF3-A94A-BC939C847726" _position="12663058" _address="http://data.sfgov.org/resource/ritf-b9ki/12663058"><incidntnum>151006464</incidntnum><category>OTHER OFFENSES</category><descript>VIOLATION OF RESTRAINING ORDER</descript><dayofweek>Wednesday</dayofweek><date>2015-11-18T00:00:00</date><time>23:30</time><pddistrict>BAYVIEW</pddistrict><resolution>ARREST, BOOKED</resolution><address>0 Block of TURNER TR</address><x>-122.395229211885</x><y>37.756577988934</y><location human_address="{&quot;address&quot;:&quot;&quot;,&quot;city&quot;:&quot;&quot;,&quot;state&quot;:&quot;&quot;,&quot;zip&quot;:&quot;&quot;}" latitude="37.756577988934" longitude="-122.395229211885" needs_recoding="false"/></row>