<?xml version="1.0" encoding="UTF-8"?><row _id="12663247" _uuid="289ADC22-62CE-4C05-849E-5AFE1C16102C" _position="12663247" _address="http://data.sfgov.org/resource/ritf-b9ki/12663247"><incidntnum>156278840</incidntnum><category>LARCENY/THEFT</category><descript>GRAND THEFT FROM LOCKED AUTO</descript><dayofweek>Sunday</dayofweek><date>2015-11-15T00:00:00</date><time>12:15</time><pddistrict>NORTHERN</pddistrict><resolution>NONE</resolution><address>LARKIN ST / LOMBARD ST</address><x>-122.42126135848</x><y>37.8017586868008</y><location human_address="{&quot;address&quot;:&quot;&quot;,&quot;city&quot;:&quot;&quot;,&quot;state&quot;:&quot;&quot;,&quot;zip&quot;:&quot;&quot;}" latitude="37.8017586868008" longitude="-122.42126135848" needs_recoding="false"/></row>