<?xml version="1.0" encoding="UTF-8"?><row _id="12665370" _uuid="D6AD80ED-6699-4DFC-92BD-983CC0D5CA2A" _position="12665370" _address="http://data.sfgov.org/resource/ritf-b9ki/12665370"><incidntnum>151042634</incidntnum><category>OTHER OFFENSES</category><descript>FALSE PERSONATION TO RECEIVE MONEY OR PROPERTY</descript><dayofweek>Monday</dayofweek><date>2015-11-23T00:00:00</date><time>18:44</time><pddistrict>TENDERLOIN</pddistrict><resolution>NONE</resolution><address>0 Block of OFARRELL ST</address><x>-122.405861657246</x><y>37.786627232545</y><location human_address="{&quot;address&quot;:&quot;&quot;,&quot;city&quot;:&quot;&quot;,&quot;state&quot;:&quot;&quot;,&quot;zip&quot;:&quot;&quot;}" latitude="37.786627232545" longitude="-122.405861657246" needs_recoding="false"/></row>