<?xml version="1.0" encoding="UTF-8"?><row _id="12667827" _uuid="5A1CC0CD-5E97-43FC-8347-5D4EB964F481" _position="12667827" _address="http://data.sfgov.org/resource/ritf-b9ki/12667827"><incidntnum>151036239</incidntnum><category>NON-CRIMINAL</category><descript>AIDED CASE, MENTAL DISTURBED</descript><dayofweek>Sunday</dayofweek><date>2015-11-29T00:00:00</date><time>12:04</time><pddistrict>PARK</pddistrict><resolution>NONE</resolution><address>400 Block of COLE ST</address><x>-122.450433694684</x><y>37.7709895197391</y><location human_address="{&quot;address&quot;:&quot;&quot;,&quot;city&quot;:&quot;&quot;,&quot;state&quot;:&quot;&quot;,&quot;zip&quot;:&quot;&quot;}" latitude="37.7709895197391" longitude="-122.450433694684" needs_recoding="false"/></row>