<?xml version="1.0" encoding="UTF-8"?><row _id="12662682" _uuid="B05DF2B6-7399-45BE-994D-FF3DD74C4D77" _position="12662682" _address="http://data.sfgov.org/resource/ritf-b9ki/12662682"><incidntnum>151003078</incidntnum><category>ASSAULT</category><descript>AGGRAVATED ASSAULT WITH BODILY FORCE</descript><dayofweek>Wednesday</dayofweek><date>2015-11-18T00:00:00</date><time>02:38</time><pddistrict>SOUTHERN</pddistrict><resolution>NONE</resolution><address>5TH ST / BRYANT ST</address><x>-122.400302421513</x><y>37.7777992290419</y><location human_address="{&quot;address&quot;:&quot;&quot;,&quot;city&quot;:&quot;&quot;,&quot;state&quot;:&quot;&quot;,&quot;zip&quot;:&quot;&quot;}" latitude="37.7777992290419" longitude="-122.400302421513" needs_recoding="false"/></row>