<?xml version="1.0" encoding="UTF-8"?><row _id="12672423" _uuid="60ACFEE7-D5CC-4CB5-89B9-DA0BDC641309" _position="12672423" _address="http://data.sfgov.org/resource/ritf-b9ki/12672423"><incidntnum>151091067</incidntnum><category>LARCENY/THEFT</category><descript>GRAND THEFT FROM PERSON</descript><dayofweek>Saturday</dayofweek><date>2015-12-05T00:00:00</date><time>10:00</time><pddistrict>BAYVIEW</pddistrict><resolution>ARREST, BOOKED</resolution><address>0 Block of TOPEKA AV</address><x>-122.40017736431</x><y>37.7345854632984</y><location human_address="{&quot;address&quot;:&quot;&quot;,&quot;city&quot;:&quot;&quot;,&quot;state&quot;:&quot;&quot;,&quot;zip&quot;:&quot;&quot;}" latitude="37.7345854632984" longitude="-122.40017736431" needs_recoding="false"/></row>