<?xml version="1.0" encoding="UTF-8"?><row _id="12662678" _uuid="02E37ABF-D753-48C6-9019-EB9E7B446E1E" _position="12662678" _address="http://data.sfgov.org/resource/ritf-b9ki/12662678"><incidntnum>151022250</incidntnum><category>OTHER OFFENSES</category><descript>FALSE PERSONATION TO RECEIVE MONEY OR PROPERTY</descript><dayofweek>Tuesday</dayofweek><date>2015-11-17T00:00:00</date><time>12:00</time><pddistrict>TARAVAL</pddistrict><resolution>NONE</resolution><address>2900 Block of 24TH AV</address><x>-122.480108502626</x><y>37.7334533832393</y><location human_address="{&quot;address&quot;:&quot;&quot;,&quot;city&quot;:&quot;&quot;,&quot;state&quot;:&quot;&quot;,&quot;zip&quot;:&quot;&quot;}" latitude="37.7334533832393" longitude="-122.480108502626" needs_recoding="false"/></row>