<?xml version="1.0" encoding="UTF-8"?><row _id="12665484" _uuid="06201B41-3689-4B74-861E-5BA33A24D4AA" _position="12665484" _address="http://data.sfgov.org/resource/ritf-b9ki/12665484"><incidntnum>156284580</incidntnum><category>LARCENY/THEFT</category><descript>GRAND THEFT FROM LOCKED AUTO</descript><dayofweek>Tuesday</dayofweek><date>2015-11-24T00:00:00</date><time>03:00</time><pddistrict>SOUTHERN</pddistrict><resolution>NONE</resolution><address>800 Block of BRYANT ST</address><x>-122.403404791479</x><y>37.775420706711</y><location human_address="{&quot;address&quot;:&quot;&quot;,&quot;city&quot;:&quot;&quot;,&quot;state&quot;:&quot;&quot;,&quot;zip&quot;:&quot;&quot;}" latitude="37.775420706711" longitude="-122.403404791479" needs_recoding="false"/></row>