<?xml version="1.0" encoding="UTF-8"?><row _id="12661303" _uuid="604C68B1-6F4C-4E21-B4E3-D64C01E5F930" _position="12661303" _address="http://data.sfgov.org/resource/ritf-b9ki/12661303"><incidntnum>156278577</incidntnum><category>LARCENY/THEFT</category><descript>GRAND THEFT FROM LOCKED AUTO</descript><dayofweek>Saturday</dayofweek><date>2015-11-14T00:00:00</date><time>20:30</time><pddistrict>SOUTHERN</pddistrict><resolution>NONE</resolution><address>10TH ST / HOWARD ST</address><x>-122.414370627495</x><y>37.7740418385041</y><location human_address="{&quot;address&quot;:&quot;&quot;,&quot;city&quot;:&quot;&quot;,&quot;state&quot;:&quot;&quot;,&quot;zip&quot;:&quot;&quot;}" latitude="37.7740418385041" longitude="-122.414370627495" needs_recoding="false"/></row>