<?xml version="1.0" encoding="UTF-8"?><row _id="12666341" _uuid="B9BB3A17-336F-4082-8103-A23F1B25BDC4" _position="12666341" _address="http://data.sfgov.org/resource/ritf-b9ki/12666341"><incidntnum>151027006</incidntnum><category>MISSING PERSON</category><descript>MISSING JUVENILE</descript><dayofweek>Wednesday</dayofweek><date>2015-11-25T00:00:00</date><time>18:00</time><pddistrict>CENTRAL</pddistrict><resolution>LOCATED</resolution><address>600 Block of LOMBARD ST</address><x>-122.412216422677</x><y>37.8028745703379</y><location human_address="{&quot;address&quot;:&quot;&quot;,&quot;city&quot;:&quot;&quot;,&quot;state&quot;:&quot;&quot;,&quot;zip&quot;:&quot;&quot;}" latitude="37.8028745703379" longitude="-122.412216422677" needs_recoding="false"/></row>