<?xml version="1.0" encoding="UTF-8"?><row _id="12666552" _uuid="F4C21E57-0902-49E6-90FF-0F0D65426E5A" _position="12666552" _address="http://data.sfgov.org/resource/ritf-b9ki/12666552"><incidntnum>151031568</incidntnum><category>LARCENY/THEFT</category><descript>GRAND THEFT PICKPOCKET</descript><dayofweek>Friday</dayofweek><date>2015-11-27T00:00:00</date><time>16:30</time><pddistrict>SOUTHERN</pddistrict><resolution>NONE</resolution><address>800 Block of MARKET ST</address><x>-122.407633520742</x><y>37.7841893501425</y><location human_address="{&quot;address&quot;:&quot;&quot;,&quot;city&quot;:&quot;&quot;,&quot;state&quot;:&quot;&quot;,&quot;zip&quot;:&quot;&quot;}" latitude="37.7841893501425" longitude="-122.407633520742" needs_recoding="false"/></row>