<?xml version="1.0" encoding="UTF-8"?><row _id="12664643" _uuid="A453D370-83C4-4CDD-800F-7B002DBB7452" _position="12664643" _address="http://data.sfgov.org/resource/ritf-b9ki/12664643"><incidntnum>151007371</incidntnum><category>NON-CRIMINAL</category><descript>FOUND PROPERTY</descript><dayofweek>Wednesday</dayofweek><date>2015-11-18T00:00:00</date><time>19:00</time><pddistrict>SOUTHERN</pddistrict><resolution>NONE</resolution><address>GOLDEN GATE AV / TAYLOR ST</address><x>-122.41029351969</x><y>37.7822305870036</y><location human_address="{&quot;address&quot;:&quot;&quot;,&quot;city&quot;:&quot;&quot;,&quot;state&quot;:&quot;&quot;,&quot;zip&quot;:&quot;&quot;}" latitude="37.7822305870036" longitude="-122.41029351969" needs_recoding="false"/></row>