<?xml version="1.0" encoding="UTF-8"?><row _id="12665031" _uuid="A7DFD200-6A38-42B6-B483-1C08B9BA6F58" _position="12665031" _address="http://data.sfgov.org/resource/ritf-b9ki/12665031"><incidntnum>156286291</incidntnum><category>LARCENY/THEFT</category><descript>GRAND THEFT FROM LOCKED AUTO</descript><dayofweek>Monday</dayofweek><date>2015-11-23T00:00:00</date><time>20:30</time><pddistrict>CENTRAL</pddistrict><resolution>NONE</resolution><address>BROADWAY ST / GRANT AV</address><x>-122.40701831326</x><y>37.7978228282537</y><location human_address="{&quot;address&quot;:&quot;&quot;,&quot;city&quot;:&quot;&quot;,&quot;state&quot;:&quot;&quot;,&quot;zip&quot;:&quot;&quot;}" latitude="37.7978228282537" longitude="-122.40701831326" needs_recoding="false"/></row>