<?xml version="1.0" encoding="UTF-8"?><row _id="12664608" _uuid="2CFB1378-E914-4712-A388-CFB5D5C394FC" _position="12664608" _address="http://data.sfgov.org/resource/ritf-b9ki/12664608"><incidntnum>156284273</incidntnum><category>LARCENY/THEFT</category><descript>GRAND THEFT FROM LOCKED AUTO</descript><dayofweek>Sunday</dayofweek><date>2015-11-22T00:00:00</date><time>21:00</time><pddistrict>NORTHERN</pddistrict><resolution>NONE</resolution><address>FILLMORE ST / FELL ST</address><x>-122.431014432295</x><y>37.7749021098117</y><location human_address="{&quot;address&quot;:&quot;&quot;,&quot;city&quot;:&quot;&quot;,&quot;state&quot;:&quot;&quot;,&quot;zip&quot;:&quot;&quot;}" latitude="37.7749021098117" longitude="-122.431014432295" needs_recoding="false"/></row>