<?xml version="1.0" encoding="UTF-8"?><row _id="12662482" _uuid="890BB552-E1C5-4003-B1B6-EF0BF39EF721" _position="12662482" _address="http://data.sfgov.org/resource/ritf-b9ki/12662482"><incidntnum>150999919</incidntnum><category>KIDNAPPING</category><descript>ATTEMPTED KIDNAPPING, ADULT VICTIM</descript><dayofweek>Tuesday</dayofweek><date>2015-11-17T00:00:00</date><time>00:21</time><pddistrict>MISSION</pddistrict><resolution>NONE</resolution><address>2800 Block of MISSION ST</address><x>-122.418434028318</x><y>37.7514199300011</y><location human_address="{&quot;address&quot;:&quot;&quot;,&quot;city&quot;:&quot;&quot;,&quot;state&quot;:&quot;&quot;,&quot;zip&quot;:&quot;&quot;}" latitude="37.7514199300011" longitude="-122.418434028318" needs_recoding="false"/></row>