<?xml version="1.0" encoding="UTF-8"?><row _id="12662627" _uuid="8BA91C46-39BC-4EF9-85A4-000423DE4F3D" _position="12662627" _address="http://data.sfgov.org/resource/ritf-b9ki/12662627"><incidntnum>156281047</incidntnum><category>LARCENY/THEFT</category><descript>PETTY THEFT OF PROPERTY</descript><dayofweek>Tuesday</dayofweek><date>2015-11-17T00:00:00</date><time>21:00</time><pddistrict>INGLESIDE</pddistrict><resolution>NONE</resolution><address>100 Block of JOOST AV</address><x>-122.438627177112</x><y>37.7324275778698</y><location human_address="{&quot;address&quot;:&quot;&quot;,&quot;city&quot;:&quot;&quot;,&quot;state&quot;:&quot;&quot;,&quot;zip&quot;:&quot;&quot;}" latitude="37.7324275778698" longitude="-122.438627177112" needs_recoding="false"/></row>