<?xml version="1.0" encoding="UTF-8"?><row _id="12662597" _uuid="3A38D9DA-D87C-4816-9DA4-77468AF2FACB" _position="12662597" _address="http://data.sfgov.org/resource/ritf-b9ki/12662597"><incidntnum>151003498</incidntnum><category>VEHICLE THEFT</category><descript>STOLEN AUTOMOBILE</descript><dayofweek>Tuesday</dayofweek><date>2015-11-17T00:00:00</date><time>22:30</time><pddistrict>INGLESIDE</pddistrict><resolution>NONE</resolution><address>1600 Block of ALABAMA ST</address><x>-122.410660879834</x><y>37.7466283742569</y><location human_address="{&quot;address&quot;:&quot;&quot;,&quot;city&quot;:&quot;&quot;,&quot;state&quot;:&quot;&quot;,&quot;zip&quot;:&quot;&quot;}" latitude="37.7466283742569" longitude="-122.410660879834" needs_recoding="false"/></row>