<?xml version="1.0" encoding="UTF-8"?><row _id="12668412" _uuid="D4252048-BB3D-4B1C-B0C2-594214380EDD" _position="12668412" _address="http://data.sfgov.org/resource/ritf-b9ki/12668412"><incidntnum>156293111</incidntnum><category>LARCENY/THEFT</category><descript>GRAND THEFT OF PROPERTY</descript><dayofweek>Tuesday</dayofweek><date>2015-12-01T00:00:00</date><time>12:00</time><pddistrict>CENTRAL</pddistrict><resolution>NONE</resolution><address>THE EMBARCADERONORTH ST / STOCKTON ST</address><x>-122.410785253423</x><y>37.808337402093</y><location human_address="{&quot;address&quot;:&quot;&quot;,&quot;city&quot;:&quot;&quot;,&quot;state&quot;:&quot;&quot;,&quot;zip&quot;:&quot;&quot;}" latitude="37.808337402093" longitude="-122.410785253423" needs_recoding="false"/></row>