<?xml version="1.0" encoding="UTF-8"?><row _id="12666954" _uuid="A1ECB8E3-D30D-4020-AD9B-39232E826E37" _position="12666954" _address="http://data.sfgov.org/resource/ritf-b9ki/12666954"><incidntnum>151028377</incidntnum><category>DRUG/NARCOTIC</category><descript>POSSESSION OF NARCOTICS PARAPHERNALIA</descript><dayofweek>Tuesday</dayofweek><date>2015-11-24T00:00:00</date><time>19:00</time><pddistrict>NORTHERN</pddistrict><resolution>ARREST, BOOKED</resolution><address>700 Block of ELLIS ST</address><x>-122.418562097105</x><y>37.7841847091303</y><location human_address="{&quot;address&quot;:&quot;&quot;,&quot;city&quot;:&quot;&quot;,&quot;state&quot;:&quot;&quot;,&quot;zip&quot;:&quot;&quot;}" latitude="37.7841847091303" longitude="-122.418562097105" needs_recoding="false"/></row>