<?xml version="1.0" encoding="UTF-8"?><row _id="12662894" _uuid="8191FBB2-10E7-451F-BB86-25B458E9F2BD" _position="12662894" _address="http://data.sfgov.org/resource/ritf-b9ki/12662894"><incidntnum>151006367</incidntnum><category>LARCENY/THEFT</category><descript>GRAND THEFT FROM LOCKED AUTO</descript><dayofweek>Wednesday</dayofweek><date>2015-11-18T00:00:00</date><time>20:45</time><pddistrict>MISSION</pddistrict><resolution>NONE</resolution><address>3000 Block of 18TH ST</address><x>-122.412427346072</x><y>37.7616751087994</y><location human_address="{&quot;address&quot;:&quot;&quot;,&quot;city&quot;:&quot;&quot;,&quot;state&quot;:&quot;&quot;,&quot;zip&quot;:&quot;&quot;}" latitude="37.7616751087994" longitude="-122.412427346072" needs_recoding="false"/></row>