<?xml version="1.0" encoding="UTF-8"?><row _id="12663747" _uuid="2C87534A-4881-4958-A863-19952E132DDE" _position="12663747" _address="http://data.sfgov.org/resource/ritf-b9ki/12663747"><incidntnum>151000494</incidntnum><category>OTHER OFFENSES</category><descript>RESISTING ARREST</descript><dayofweek>Tuesday</dayofweek><date>2015-11-17T00:00:00</date><time>09:17</time><pddistrict>SOUTHERN</pddistrict><resolution>NONE</resolution><address>MISSION ST / 6TH ST</address><x>-122.408710606663</x><y>37.7809706722053</y><location human_address="{&quot;address&quot;:&quot;&quot;,&quot;city&quot;:&quot;&quot;,&quot;state&quot;:&quot;&quot;,&quot;zip&quot;:&quot;&quot;}" latitude="37.7809706722053" longitude="-122.408710606663" needs_recoding="false"/></row>