<?xml version="1.0" encoding="UTF-8"?><row _id="12665161" _uuid="670733A2-426C-40E6-9478-5BD41068B66C" _position="12665161" _address="http://data.sfgov.org/resource/ritf-b9ki/12665161"><incidntnum>151018964</incidntnum><category>DISORDERLY CONDUCT</category><descript>COMMITTING PUBLIC NUISANCE</descript><dayofweek>Monday</dayofweek><date>2015-11-23T00:00:00</date><time>09:20</time><pddistrict>TENDERLOIN</pddistrict><resolution>ARREST, BOOKED</resolution><address>500 Block of EDDY ST</address><x>-122.416732163096</x><y>37.783465567448</y><location human_address="{&quot;address&quot;:&quot;&quot;,&quot;city&quot;:&quot;&quot;,&quot;state&quot;:&quot;&quot;,&quot;zip&quot;:&quot;&quot;}" latitude="37.783465567448" longitude="-122.416732163096" needs_recoding="false"/></row>