<?xml version="1.0" encoding="UTF-8"?><row _id="12668376" _uuid="755983FC-4FE6-41CC-B79F-D0DD93DB0D32" _position="12668376" _address="http://data.sfgov.org/resource/ritf-b9ki/12668376"><incidntnum>156292389</incidntnum><category>LARCENY/THEFT</category><descript>GRAND THEFT OF PROPERTY</descript><dayofweek>Tuesday</dayofweek><date>2015-12-01T00:00:00</date><time>16:52</time><pddistrict>SOUTHERN</pddistrict><resolution>NONE</resolution><address>BERRY ST / 5TH ST</address><x>-122.395579199971</x><y>37.7740323542157</y><location human_address="{&quot;address&quot;:&quot;&quot;,&quot;city&quot;:&quot;&quot;,&quot;state&quot;:&quot;&quot;,&quot;zip&quot;:&quot;&quot;}" latitude="37.7740323542157" longitude="-122.395579199971" needs_recoding="false"/></row>