<?xml version="1.0" encoding="UTF-8"?><row _id="12664130" _uuid="AAB209B0-8838-4AC7-A66F-FAC52A44C19C" _position="12664130" _address="http://data.sfgov.org/resource/ritf-b9ki/12664130"><incidntnum>151012201</incidntnum><category>ASSAULT</category><descript>ASSAULT, AGGRAVATED, W/ GUN</descript><dayofweek>Friday</dayofweek><date>2015-11-20T00:00:00</date><time>20:53</time><pddistrict>TENDERLOIN</pddistrict><resolution>ARREST, BOOKED</resolution><address>0 Block of JONES ST</address><x>-122.412054141237</x><y>37.7816136403158</y><location human_address="{&quot;address&quot;:&quot;&quot;,&quot;city&quot;:&quot;&quot;,&quot;state&quot;:&quot;&quot;,&quot;zip&quot;:&quot;&quot;}" latitude="37.7816136403158" longitude="-122.412054141237" needs_recoding="false"/></row>