<?xml version="1.0" encoding="UTF-8"?><row _id="12666201" _uuid="599C4972-476E-4CDC-A1C3-3403B8FF3F8D" _position="12666201" _address="http://data.sfgov.org/resource/ritf-b9ki/12666201"><incidntnum>156289524</incidntnum><category>NON-CRIMINAL</category><descript>LOST PROPERTY</descript><dayofweek>Wednesday</dayofweek><date>2015-11-25T00:00:00</date><time>17:30</time><pddistrict>SOUTHERN</pddistrict><resolution>NONE</resolution><address>4TH ST / KING ST</address><x>-122.394102624525</x><y>37.7763827130285</y><location human_address="{&quot;address&quot;:&quot;&quot;,&quot;city&quot;:&quot;&quot;,&quot;state&quot;:&quot;&quot;,&quot;zip&quot;:&quot;&quot;}" latitude="37.7763827130285" longitude="-122.394102624525" needs_recoding="false"/></row>