<?xml version="1.0" encoding="UTF-8"?><row _id="12666934" _uuid="783667E7-3006-4ADC-BA4F-1FAC103520AB" _position="12666934" _address="http://data.sfgov.org/resource/ritf-b9ki/12666934"><incidntnum>151025696</incidntnum><category>LARCENY/THEFT</category><descript>PETTY THEFT FROM UNLOCKED AUTO</descript><dayofweek>Wednesday</dayofweek><date>2015-11-25T00:00:00</date><time>14:01</time><pddistrict>MISSION</pddistrict><resolution>NONE</resolution><address>2000 Block of MARKET ST</address><x>-122.426955631709</x><y>37.769247063207</y><location human_address="{&quot;address&quot;:&quot;&quot;,&quot;city&quot;:&quot;&quot;,&quot;state&quot;:&quot;&quot;,&quot;zip&quot;:&quot;&quot;}" latitude="37.769247063207" longitude="-122.426955631709" needs_recoding="false"/></row>