<?xml version="1.0" encoding="UTF-8"?><row _id="12666665" _uuid="D7D93F6E-74D9-40BE-9796-0584FFDB7198" _position="12666665" _address="http://data.sfgov.org/resource/ritf-b9ki/12666665"><incidntnum>151024604</incidntnum><category>MISSING PERSON</category><descript>MISSING ADULT</descript><dayofweek>Wednesday</dayofweek><date>2015-11-25T00:00:00</date><time>00:03</time><pddistrict>SOUTHERN</pddistrict><resolution>NONE</resolution><address>0 Block of MOSS ST</address><x>-122.407999186749</x><y>37.7778241673064</y><location human_address="{&quot;address&quot;:&quot;&quot;,&quot;city&quot;:&quot;&quot;,&quot;state&quot;:&quot;&quot;,&quot;zip&quot;:&quot;&quot;}" latitude="37.7778241673064" longitude="-122.407999186749" needs_recoding="false"/></row>