<?xml version="1.0" encoding="UTF-8"?><row _id="12661865" _uuid="90FC669A-979C-460E-A0E5-5B8867BCADDF" _position="12661865" _address="http://data.sfgov.org/resource/ritf-b9ki/12661865"><incidntnum>150996620</incidntnum><category>MISSING PERSON</category><descript>FOUND PERSON</descript><dayofweek>Sunday</dayofweek><date>2015-11-15T00:00:00</date><time>22:00</time><pddistrict>CENTRAL</pddistrict><resolution>NONE</resolution><address>200 Block of CALIFORNIA ST</address><x>-122.399370508543</x><y>37.7932284304797</y><location human_address="{&quot;address&quot;:&quot;&quot;,&quot;city&quot;:&quot;&quot;,&quot;state&quot;:&quot;&quot;,&quot;zip&quot;:&quot;&quot;}" latitude="37.7932284304797" longitude="-122.399370508543" needs_recoding="false"/></row>