<?xml version="1.0" encoding="UTF-8"?><row _id="12663176" _uuid="FCA99A51-8F38-42CD-A777-8C47B3D4D5B9" _position="12663176" _address="http://data.sfgov.org/resource/ritf-b9ki/12663176"><incidntnum>151008335</incidntnum><category>OTHER OFFENSES</category><descript>DRIVERS LICENSE, SUSPENDED OR REVOKED</descript><dayofweek>Thursday</dayofweek><date>2015-11-19T00:00:00</date><time>04:10</time><pddistrict>SOUTHERN</pddistrict><resolution>ARREST, BOOKED</resolution><address>2ND ST / BRYANT ST</address><x>-122.393622739343</x><y>37.7830791191471</y><location human_address="{&quot;address&quot;:&quot;&quot;,&quot;city&quot;:&quot;&quot;,&quot;state&quot;:&quot;&quot;,&quot;zip&quot;:&quot;&quot;}" latitude="37.7830791191471" longitude="-122.393622739343" needs_recoding="false"/></row>