<?xml version="1.0" encoding="UTF-8"?><row _id="12663850" _uuid="23DA7401-E2C1-46DC-880D-FB6A47ECE28D" _position="12663850" _address="http://data.sfgov.org/resource/ritf-b9ki/12663850"><incidntnum>151011689</incidntnum><category>LARCENY/THEFT</category><descript>GRAND THEFT SHOPLIFTING</descript><dayofweek>Friday</dayofweek><date>2015-11-20T00:00:00</date><time>17:45</time><pddistrict>TENDERLOIN</pddistrict><resolution>NONE</resolution><address>0 Block of GRANT AV</address><x>-122.404997416043</x><y>37.7871963336348</y><location human_address="{&quot;address&quot;:&quot;&quot;,&quot;city&quot;:&quot;&quot;,&quot;state&quot;:&quot;&quot;,&quot;zip&quot;:&quot;&quot;}" latitude="37.7871963336348" longitude="-122.404997416043" needs_recoding="false"/></row>