<?xml version="1.0" encoding="UTF-8"?><row _id="12667195" _uuid="053302F4-68AC-481F-B9A3-94D80431B6E6" _position="12667195" _address="http://data.sfgov.org/resource/ritf-b9ki/12667195"><incidntnum>151028349</incidntnum><category>SUSPICIOUS OCC</category><descript>SUSPICIOUS OCCURRENCE</descript><dayofweek>Thursday</dayofweek><date>2015-11-26T00:00:00</date><time>12:00</time><pddistrict>INGLESIDE</pddistrict><resolution>NONE</resolution><address>2100 Block of SAN JOSE AV</address><x>-122.444878462939</x><y>37.722674744254</y><location human_address="{&quot;address&quot;:&quot;&quot;,&quot;city&quot;:&quot;&quot;,&quot;state&quot;:&quot;&quot;,&quot;zip&quot;:&quot;&quot;}" latitude="37.722674744254" longitude="-122.444878462939" needs_recoding="false"/></row>