<?xml version="1.0" encoding="UTF-8"?><row _id="12664640" _uuid="0903DE5B-CB04-4EEB-BBA0-4B46189714CA" _position="12664640" _address="http://data.sfgov.org/resource/ritf-b9ki/12664640"><incidntnum>151012825</incidntnum><category>ASSAULT</category><descript>INFLICT INJURY ON COHABITEE</descript><dayofweek>Saturday</dayofweek><date>2015-11-21T00:00:00</date><time>00:25</time><pddistrict>SOUTHERN</pddistrict><resolution>ARREST, BOOKED</resolution><address>8TH ST / MISSION ST</address><x>-122.41316085097</x><y>37.7774566611807</y><location human_address="{&quot;address&quot;:&quot;&quot;,&quot;city&quot;:&quot;&quot;,&quot;state&quot;:&quot;&quot;,&quot;zip&quot;:&quot;&quot;}" latitude="37.7774566611807" longitude="-122.41316085097" needs_recoding="false"/></row>