<?xml version="1.0" encoding="UTF-8"?><row _id="12661859" _uuid="64B6370B-9DCD-4CDB-9AD3-A1718C55D140" _position="12661859" _address="http://data.sfgov.org/resource/ritf-b9ki/12661859"><incidntnum>150996200</incidntnum><category>NON-CRIMINAL</category><descript>AIDED CASE, MENTAL DISTURBED</descript><dayofweek>Sunday</dayofweek><date>2015-11-15T00:00:00</date><time>17:30</time><pddistrict>MISSION</pddistrict><resolution>NONE</resolution><address>800 Block of SOUTH VAN NESS AV</address><x>-122.417016663517</x><y>37.7595460924587</y><location human_address="{&quot;address&quot;:&quot;&quot;,&quot;city&quot;:&quot;&quot;,&quot;state&quot;:&quot;&quot;,&quot;zip&quot;:&quot;&quot;}" latitude="37.7595460924587" longitude="-122.417016663517" needs_recoding="false"/></row>