<?xml version="1.0" encoding="UTF-8"?><row _id="12662197" _uuid="98A7FE0F-1656-42EB-988E-D09091401D69" _position="12662197" _address="http://data.sfgov.org/resource/ritf-b9ki/12662197"><incidntnum>150998751</incidntnum><category>NON-CRIMINAL</category><descript>AIDED CASE, MENTAL DISTURBED</descript><dayofweek>Monday</dayofweek><date>2015-11-16T00:00:00</date><time>17:07</time><pddistrict>PARK</pddistrict><resolution>NONE</resolution><address>0 Block of SCOTT ST</address><x>-122.435043838225</x><y>37.7695110236763</y><location human_address="{&quot;address&quot;:&quot;&quot;,&quot;city&quot;:&quot;&quot;,&quot;state&quot;:&quot;&quot;,&quot;zip&quot;:&quot;&quot;}" latitude="37.7695110236763" longitude="-122.435043838225" needs_recoding="false"/></row>