<?xml version="1.0" encoding="UTF-8"?><row _id="12667120" _uuid="1EAE11AF-7392-4787-950F-C8948CEF06C8" _position="12667120" _address="http://data.sfgov.org/resource/ritf-b9ki/12667120"><incidntnum>151060294</incidntnum><category>BURGLARY</category><descript>BURGLARY OF APARTMENT HOUSE, UNLAWFUL ENTRY</descript><dayofweek>Friday</dayofweek><date>2015-11-20T00:00:00</date><time>08:00</time><pddistrict>CENTRAL</pddistrict><resolution>NONE</resolution><address>500 Block of GEARY ST</address><x>-122.411933899915</x><y>37.7868307302611</y><location human_address="{&quot;address&quot;:&quot;&quot;,&quot;city&quot;:&quot;&quot;,&quot;state&quot;:&quot;&quot;,&quot;zip&quot;:&quot;&quot;}" latitude="37.7868307302611" longitude="-122.411933899915" needs_recoding="false"/></row>