<?xml version="1.0" encoding="UTF-8"?><row _id="12661612" _uuid="23B9106C-7CD0-4366-A7CB-F63F38D6BF6D" _position="12661612" _address="http://data.sfgov.org/resource/ritf-b9ki/12661612"><incidntnum>150997888</incidntnum><category>NON-CRIMINAL</category><descript>LICENSE PLATE, RECOVERED</descript><dayofweek>Saturday</dayofweek><date>2015-11-14T00:00:00</date><time>18:00</time><pddistrict>SOUTHERN</pddistrict><resolution>NONE</resolution><address>4TH ST / MISSION ST</address><x>-122.404270179486</x><y>37.7844788538745</y><location human_address="{&quot;address&quot;:&quot;&quot;,&quot;city&quot;:&quot;&quot;,&quot;state&quot;:&quot;&quot;,&quot;zip&quot;:&quot;&quot;}" latitude="37.7844788538745" longitude="-122.404270179486" needs_recoding="false"/></row>