<?xml version="1.0" encoding="UTF-8"?><row _id="12662345" _uuid="954C438C-71F0-42DC-930A-09F2E9B42156" _position="12662345" _address="http://data.sfgov.org/resource/ritf-b9ki/12662345"><incidntnum>151001806</incidntnum><category>ASSAULT</category><descript>BATTERY, FORMER SPOUSE OR DATING RELATIONSHIP</descript><dayofweek>Monday</dayofweek><date>2015-11-16T00:00:00</date><time>01:30</time><pddistrict>BAYVIEW</pddistrict><resolution>ARREST, BOOKED</resolution><address>0 Block of REARDON RD</address><x>-122.377026608239</x><y>37.7294407135003</y><location human_address="{&quot;address&quot;:&quot;&quot;,&quot;city&quot;:&quot;&quot;,&quot;state&quot;:&quot;&quot;,&quot;zip&quot;:&quot;&quot;}" latitude="37.7294407135003" longitude="-122.377026608239" needs_recoding="false"/></row>