<?xml version="1.0" encoding="UTF-8"?><row _id="12662549" _uuid="254814DE-FF91-461E-B054-C566E59A54FC" _position="12662549" _address="http://data.sfgov.org/resource/ritf-b9ki/12662549"><incidntnum>151005789</incidntnum><category>BURGLARY</category><descript>BURGLARY, UNLAWFUL ENTRY</descript><dayofweek>Tuesday</dayofweek><date>2015-11-17T00:00:00</date><time>20:00</time><pddistrict>PARK</pddistrict><resolution>NONE</resolution><address>200 Block of STATES ST</address><x>-122.439088669509</x><y>37.7634139962541</y><location human_address="{&quot;address&quot;:&quot;&quot;,&quot;city&quot;:&quot;&quot;,&quot;state&quot;:&quot;&quot;,&quot;zip&quot;:&quot;&quot;}" latitude="37.7634139962541" longitude="-122.439088669509" needs_recoding="false"/></row>