<?xml version="1.0" encoding="UTF-8"?><row _id="12666242" _uuid="B4D00EFF-AF25-4A01-987B-1E4B20E9BA06" _position="12666242" _address="http://data.sfgov.org/resource/ritf-b9ki/12666242"><incidntnum>151024999</incidntnum><category>NON-CRIMINAL</category><descript>AIDED CASE, MENTAL DISTURBED</descript><dayofweek>Wednesday</dayofweek><date>2015-11-25T00:00:00</date><time>09:48</time><pddistrict>NORTHERN</pddistrict><resolution>NONE</resolution><address>3200 Block of LAGUNA ST</address><x>-122.431235544977</x><y>37.8007179464949</y><location human_address="{&quot;address&quot;:&quot;&quot;,&quot;city&quot;:&quot;&quot;,&quot;state&quot;:&quot;&quot;,&quot;zip&quot;:&quot;&quot;}" latitude="37.8007179464949" longitude="-122.431235544977" needs_recoding="false"/></row>