<?xml version="1.0" encoding="UTF-8"?><row _id="12662027" _uuid="07418C15-2773-41ED-A3BC-E0F4B69414D7" _position="12662027" _address="http://data.sfgov.org/resource/ritf-b9ki/12662027"><incidntnum>150997048</incidntnum><category>DRUG/NARCOTIC</category><descript>POSSESSION OF CONTROLLED SUBSTANCE FOR SALE</descript><dayofweek>Monday</dayofweek><date>2015-11-16T00:00:00</date><time>08:19</time><pddistrict>TENDERLOIN</pddistrict><resolution>ARREST, BOOKED</resolution><address>LEAVENWORTH ST / TURK ST</address><x>-122.414056291891</x><y>37.7827931071006</y><location human_address="{&quot;address&quot;:&quot;&quot;,&quot;city&quot;:&quot;&quot;,&quot;state&quot;:&quot;&quot;,&quot;zip&quot;:&quot;&quot;}" latitude="37.7827931071006" longitude="-122.414056291891" needs_recoding="false"/></row>