<?xml version="1.0" encoding="UTF-8"?><row _id="12665742" _uuid="5F814908-BC86-4906-BF92-7D68C075599B" _position="12665742" _address="http://data.sfgov.org/resource/ritf-b9ki/12665742"><incidntnum>151024507</incidntnum><category>OTHER OFFENSES</category><descript>DRIVERS LICENSE, SUSPENDED OR REVOKED</descript><dayofweek>Wednesday</dayofweek><date>2015-11-25T00:00:00</date><time>05:00</time><pddistrict>PARK</pddistrict><resolution>ARREST, CITED</resolution><address>TURK ST / PIERCE ST</address><x>-122.435426671978</x><y>37.7800763782418</y><location human_address="{&quot;address&quot;:&quot;&quot;,&quot;city&quot;:&quot;&quot;,&quot;state&quot;:&quot;&quot;,&quot;zip&quot;:&quot;&quot;}" latitude="37.7800763782418" longitude="-122.435426671978" needs_recoding="false"/></row>