<?xml version="1.0" encoding="UTF-8"?><row _id="12662473" _uuid="03EBD994-224E-480F-9B95-66AA4FB1D64D" _position="12662473" _address="http://data.sfgov.org/resource/ritf-b9ki/12662473"><incidntnum>151002393</incidntnum><category>MISSING PERSON</category><descript>MISSING ADULT</descript><dayofweek>Tuesday</dayofweek><date>2015-11-17T00:00:00</date><time>11:00</time><pddistrict>TENDERLOIN</pddistrict><resolution>NONE</resolution><address>500 Block of OFARRELL ST</address><x>-122.413798415869</x><y>37.7856297942374</y><location human_address="{&quot;address&quot;:&quot;&quot;,&quot;city&quot;:&quot;&quot;,&quot;state&quot;:&quot;&quot;,&quot;zip&quot;:&quot;&quot;}" latitude="37.7856297942374" longitude="-122.413798415869" needs_recoding="false"/></row>