<?xml version="1.0" encoding="UTF-8"?><row _id="12664355" _uuid="A12D85C3-6B08-4802-871B-06C38826A2ED" _position="12664355" _address="http://data.sfgov.org/resource/ritf-b9ki/12664355"><incidntnum>151013447</incidntnum><category>VANDALISM</category><descript>MALICIOUS MISCHIEF, BREAKING WINDOWS</descript><dayofweek>Saturday</dayofweek><date>2015-11-21T00:00:00</date><time>03:00</time><pddistrict>BAYVIEW</pddistrict><resolution>NONE</resolution><address>100 Block of DAKOTA ST</address><x>-122.395635436168</x><y>37.7535645746594</y><location human_address="{&quot;address&quot;:&quot;&quot;,&quot;city&quot;:&quot;&quot;,&quot;state&quot;:&quot;&quot;,&quot;zip&quot;:&quot;&quot;}" latitude="37.7535645746594" longitude="-122.395635436168" needs_recoding="false"/></row>