<?xml version="1.0" encoding="UTF-8"?><row _id="12664853" _uuid="B591F6F3-2E29-4775-8685-DEED93A83C9B" _position="12664853" _address="http://data.sfgov.org/resource/ritf-b9ki/12664853"><incidntnum>151011009</incidntnum><category>TRESPASS</category><descript>TRESPASSING</descript><dayofweek>Friday</dayofweek><date>2015-11-20T00:00:00</date><time>14:25</time><pddistrict>SOUTHERN</pddistrict><resolution>ARREST, BOOKED</resolution><address>200 Block of INTERSTATE80 HY</address><x>-122.365565425353</x><y>37.8096707013239</y><location human_address="{&quot;address&quot;:&quot;&quot;,&quot;city&quot;:&quot;&quot;,&quot;state&quot;:&quot;&quot;,&quot;zip&quot;:&quot;&quot;}" latitude="37.8096707013239" longitude="-122.365565425353" needs_recoding="false"/></row>