<?xml version="1.0" encoding="UTF-8"?><row _id="12665490" _uuid="C9AA6C67-EB90-4EA6-8238-9FFCC898162C" _position="12665490" _address="http://data.sfgov.org/resource/ritf-b9ki/12665490"><incidntnum>151022147</incidntnum><category>LARCENY/THEFT</category><descript>GRAND THEFT FROM PERSON</descript><dayofweek>Tuesday</dayofweek><date>2015-11-24T00:00:00</date><time>09:43</time><pddistrict>MISSION</pddistrict><resolution>NONE</resolution><address>2300 Block of MISSION ST</address><x>-122.419058868103</x><y>37.7594227506297</y><location human_address="{&quot;address&quot;:&quot;&quot;,&quot;city&quot;:&quot;&quot;,&quot;state&quot;:&quot;&quot;,&quot;zip&quot;:&quot;&quot;}" latitude="37.7594227506297" longitude="-122.419058868103" needs_recoding="false"/></row>