<?xml version="1.0" encoding="UTF-8"?><row _id="12662805" _uuid="3C03C0C3-8C06-4FCE-9A12-241B9DA7BBCA" _position="12662805" _address="http://data.sfgov.org/resource/ritf-b9ki/12662805"><incidntnum>151004474</incidntnum><category>ASSAULT</category><descript>AGGRAVATED ASSAULT WITH A KNIFE</descript><dayofweek>Wednesday</dayofweek><date>2015-11-18T00:00:00</date><time>14:01</time><pddistrict>RICHMOND</pddistrict><resolution>ARREST, BOOKED</resolution><address>300 Block of 11TH AV</address><x>-122.469766223526</x><y>37.7817135599476</y><location human_address="{&quot;address&quot;:&quot;&quot;,&quot;city&quot;:&quot;&quot;,&quot;state&quot;:&quot;&quot;,&quot;zip&quot;:&quot;&quot;}" latitude="37.7817135599476" longitude="-122.469766223526" needs_recoding="false"/></row>