<?xml version="1.0" encoding="UTF-8"?><row _id="12662395" _uuid="A5A54977-290A-418A-B314-268455FCEFFB" _position="12662395" _address="http://data.sfgov.org/resource/ritf-b9ki/12662395"><incidntnum>151002741</incidntnum><category>NON-CRIMINAL</category><descript>AIDED CASE, MENTAL DISTURBED</descript><dayofweek>Tuesday</dayofweek><date>2015-11-17T00:00:00</date><time>20:38</time><pddistrict>CENTRAL</pddistrict><resolution>NONE</resolution><address>KEARNY ST / CLAY ST</address><x>-122.404799424951</x><y>37.7944525389481</y><location human_address="{&quot;address&quot;:&quot;&quot;,&quot;city&quot;:&quot;&quot;,&quot;state&quot;:&quot;&quot;,&quot;zip&quot;:&quot;&quot;}" latitude="37.7944525389481" longitude="-122.404799424951" needs_recoding="false"/></row>