<?xml version="1.0" encoding="UTF-8"?><row _id="12665886" _uuid="978CDE01-9494-4969-9ABF-58C7061B2132" _position="12665886" _address="http://data.sfgov.org/resource/ritf-b9ki/12665886"><incidntnum>156287421</incidntnum><category>LARCENY/THEFT</category><descript>GRAND THEFT FROM UNLOCKED AUTO</descript><dayofweek>Wednesday</dayofweek><date>2015-11-25T00:00:00</date><time>17:00</time><pddistrict>PARK</pddistrict><resolution>NONE</resolution><address>BUENAVISTAEAST AV / WALLER ST</address><x>-122.439254976155</x><y>37.7700228913873</y><location human_address="{&quot;address&quot;:&quot;&quot;,&quot;city&quot;:&quot;&quot;,&quot;state&quot;:&quot;&quot;,&quot;zip&quot;:&quot;&quot;}" latitude="37.7700228913873" longitude="-122.439254976155" needs_recoding="false"/></row>