<?xml version="1.0" encoding="UTF-8"?><row _id="12664489" _uuid="4138407C-1D98-4647-907C-20784D8C9863" _position="12664489" _address="http://data.sfgov.org/resource/ritf-b9ki/12664489"><incidntnum>151013221</incidntnum><category>NON-CRIMINAL</category><descript>AIDED CASE, MENTAL DISTURBED</descript><dayofweek>Saturday</dayofweek><date>2015-11-21T00:00:00</date><time>07:21</time><pddistrict>INGLESIDE</pddistrict><resolution>NONE</resolution><address>1400 Block of DIAMOND ST</address><x>-122.435872123281</x><y>37.7459495049006</y><location human_address="{&quot;address&quot;:&quot;&quot;,&quot;city&quot;:&quot;&quot;,&quot;state&quot;:&quot;&quot;,&quot;zip&quot;:&quot;&quot;}" latitude="37.7459495049006" longitude="-122.435872123281" needs_recoding="false"/></row>