<?xml version="1.0" encoding="UTF-8"?><row _id="12667699" _uuid="DCDF9899-FD55-46DA-A070-D8392387256E" _position="12667699" _address="http://data.sfgov.org/resource/ritf-b9ki/12667699"><incidntnum>151037613</incidntnum><category>LARCENY/THEFT</category><descript>PETTY THEFT FROM LOCKED AUTO</descript><dayofweek>Sunday</dayofweek><date>2015-11-29T00:00:00</date><time>22:30</time><pddistrict>SOUTHERN</pddistrict><resolution>NONE</resolution><address>1100 Block of FOLSOM ST</address><x>-122.409845783196</x><y>37.7752407085662</y><location human_address="{&quot;address&quot;:&quot;&quot;,&quot;city&quot;:&quot;&quot;,&quot;state&quot;:&quot;&quot;,&quot;zip&quot;:&quot;&quot;}" latitude="37.7752407085662" longitude="-122.409845783196" needs_recoding="false"/></row>