<?xml version="1.0" encoding="UTF-8"?><row _id="12667299" _uuid="DC7F97BB-4348-45CC-9426-8424B38403FD" _position="12667299" _address="http://data.sfgov.org/resource/ritf-b9ki/12667299"><incidntnum>156289938</incidntnum><category>LARCENY/THEFT</category><descript>GRAND THEFT FROM LOCKED AUTO</descript><dayofweek>Wednesday</dayofweek><date>2015-11-25T00:00:00</date><time>12:30</time><pddistrict>NORTHERN</pddistrict><resolution>NONE</resolution><address>2700 Block of BROADWAY ST</address><x>-122.4423833341</x><y>37.793382618427</y><location human_address="{&quot;address&quot;:&quot;&quot;,&quot;city&quot;:&quot;&quot;,&quot;state&quot;:&quot;&quot;,&quot;zip&quot;:&quot;&quot;}" latitude="37.793382618427" longitude="-122.4423833341" needs_recoding="false"/></row>