<?xml version="1.0" encoding="UTF-8"?><row _id="12663562" _uuid="5D57A2D6-9B8D-4DD1-A7D6-CE48024176CC" _position="12663562" _address="http://data.sfgov.org/resource/ritf-b9ki/12663562"><incidntnum>151007199</incidntnum><category>DRUG/NARCOTIC</category><descript>PLANTING/CULTIVATING MARIJUANA</descript><dayofweek>Thursday</dayofweek><date>2015-11-19T00:00:00</date><time>09:35</time><pddistrict>TARAVAL</pddistrict><resolution>ARREST, BOOKED</resolution><address>1300 Block of 39TH AV</address><x>-122.498419565443</x><y>37.7616715706787</y><location human_address="{&quot;address&quot;:&quot;&quot;,&quot;city&quot;:&quot;&quot;,&quot;state&quot;:&quot;&quot;,&quot;zip&quot;:&quot;&quot;}" latitude="37.7616715706787" longitude="-122.498419565443" needs_recoding="false"/></row>