<?xml version="1.0" encoding="UTF-8"?><row _id="12662490" _uuid="15AA6452-E6CF-413B-8775-42B6E5A631AB" _position="12662490" _address="http://data.sfgov.org/resource/ritf-b9ki/12662490"><incidntnum>151001113</incidntnum><category>LARCENY/THEFT</category><descript>GRAND THEFT FROM LOCKED AUTO</descript><dayofweek>Tuesday</dayofweek><date>2015-11-17T00:00:00</date><time>19:00</time><pddistrict>SOUTHERN</pddistrict><resolution>NONE</resolution><address>100 Block of 7TH ST</address><x>-122.410592064195</x><y>37.779015030201</y><location human_address="{&quot;address&quot;:&quot;&quot;,&quot;city&quot;:&quot;&quot;,&quot;state&quot;:&quot;&quot;,&quot;zip&quot;:&quot;&quot;}" latitude="37.779015030201" longitude="-122.410592064195" needs_recoding="false"/></row>