<?xml version="1.0" encoding="UTF-8"?><row _id="12662874" _uuid="97ED162E-75E8-463B-AF74-BEA0AE445407" _position="12662874" _address="http://data.sfgov.org/resource/ritf-b9ki/12662874"><incidntnum>151005165</incidntnum><category>SUSPICIOUS OCC</category><descript>SUSPICIOUS OCCURRENCE</descript><dayofweek>Wednesday</dayofweek><date>2015-11-18T00:00:00</date><time>15:30</time><pddistrict>PARK</pddistrict><resolution>NONE</resolution><address>1100 Block of SCOTT ST</address><x>-122.437236101904</x><y>37.7803348745141</y><location human_address="{&quot;address&quot;:&quot;&quot;,&quot;city&quot;:&quot;&quot;,&quot;state&quot;:&quot;&quot;,&quot;zip&quot;:&quot;&quot;}" latitude="37.7803348745141" longitude="-122.437236101904" needs_recoding="false"/></row>