<?xml version="1.0" encoding="UTF-8"?><row _id="12665933" _uuid="0AEEF174-5ED1-44C5-B75B-FB6F28A2289A" _position="12665933" _address="http://data.sfgov.org/resource/ritf-b9ki/12665933"><incidntnum>151030899</incidntnum><category>LIQUOR LAWS</category><descript>CONSUMING ALCOHOL IN PUBLIC VIEW</descript><dayofweek>Friday</dayofweek><date>2015-11-27T00:00:00</date><time>14:27</time><pddistrict>NORTHERN</pddistrict><resolution>ARREST, BOOKED</resolution><address>FILLMORE ST / OFARRELL ST</address><x>-122.432706975892</x><y>37.7832909416362</y><location human_address="{&quot;address&quot;:&quot;&quot;,&quot;city&quot;:&quot;&quot;,&quot;state&quot;:&quot;&quot;,&quot;zip&quot;:&quot;&quot;}" latitude="37.7832909416362" longitude="-122.432706975892" needs_recoding="false"/></row>