<?xml version="1.0" encoding="UTF-8"?><row _id="12664407" _uuid="17955CB8-407C-4419-8C5A-92F6C97DB9BF" _position="12664407" _address="http://data.sfgov.org/resource/ritf-b9ki/12664407"><incidntnum>151001016</incidntnum><category>PROSTITUTION</category><descript>INMATE/KEEPER OF HOUSE OF PROSTITUTION</descript><dayofweek>Tuesday</dayofweek><date>2015-11-17T00:00:00</date><time>12:00</time><pddistrict>TARAVAL</pddistrict><resolution>ARREST, BOOKED</resolution><address>0 Block of GENEVA AV</address><x>-122.450929424436</x><y>37.7225208462244</y><location human_address="{&quot;address&quot;:&quot;&quot;,&quot;city&quot;:&quot;&quot;,&quot;state&quot;:&quot;&quot;,&quot;zip&quot;:&quot;&quot;}" latitude="37.7225208462244" longitude="-122.450929424436" needs_recoding="false"/></row>