<?xml version="1.0" encoding="UTF-8"?><row _id="12666885" _uuid="CC690D96-13BF-419D-8DC1-E094A2BA10F1" _position="12666885" _address="http://data.sfgov.org/resource/ritf-b9ki/12666885"><incidntnum>151002309</incidntnum><category>WARRANTS</category><descript>WARRANT ARREST</descript><dayofweek>Tuesday</dayofweek><date>2015-11-17T00:00:00</date><time>18:09</time><pddistrict>SOUTHERN</pddistrict><resolution>ARREST, BOOKED</resolution><address>1200 Block of MARKET ST</address><x>-122.415444159886</x><y>37.7780245674641</y><location human_address="{&quot;address&quot;:&quot;&quot;,&quot;city&quot;:&quot;&quot;,&quot;state&quot;:&quot;&quot;,&quot;zip&quot;:&quot;&quot;}" latitude="37.7780245674641" longitude="-122.415444159886" needs_recoding="false"/></row>