<?xml version="1.0" encoding="UTF-8"?><row _id="12661228" _uuid="A5E00C30-7107-4002-B2BE-D4CDFD9F5F7F" _position="12661228" _address="http://data.sfgov.org/resource/ritf-b9ki/12661228"><incidntnum>150991288</incidntnum><category>OTHER OFFENSES</category><descript>TRAFFIC VIOLATION ARREST</descript><dayofweek>Saturday</dayofweek><date>2015-11-14T00:00:00</date><time>00:45</time><pddistrict>MISSION</pddistrict><resolution>ARREST, BOOKED</resolution><address>19TH ST / SHOTWELL ST</address><x>-122.415929849548</x><y>37.7604330003754</y><location human_address="{&quot;address&quot;:&quot;&quot;,&quot;city&quot;:&quot;&quot;,&quot;state&quot;:&quot;&quot;,&quot;zip&quot;:&quot;&quot;}" latitude="37.7604330003754" longitude="-122.415929849548" needs_recoding="false"/></row>