<?xml version="1.0" encoding="UTF-8"?><row _id="12668567" _uuid="2387E601-9820-4AC9-8DA4-58EBB5B255F7" _position="12668567" _address="http://data.sfgov.org/resource/ritf-b9ki/12668567"><incidntnum>151044317</incidntnum><category>LARCENY/THEFT</category><descript>PETTY THEFT FROM A BUILDING</descript><dayofweek>Tuesday</dayofweek><date>2015-12-01T00:00:00</date><time>12:30</time><pddistrict>RICHMOND</pddistrict><resolution>NONE</resolution><address>800 Block of LA PLAYA ST</address><x>-122.509895418239</x><y>37.7723131976814</y><location human_address="{&quot;address&quot;:&quot;&quot;,&quot;city&quot;:&quot;&quot;,&quot;state&quot;:&quot;&quot;,&quot;zip&quot;:&quot;&quot;}" latitude="37.7723131976814" longitude="-122.509895418239" needs_recoding="false"/></row>