<?xml version="1.0" encoding="UTF-8"?><row _id="12677943" _uuid="9E7EF1F3-35E6-4575-B496-0DA2BF3940E5" _position="12677943" _address="http://data.sfgov.org/resource/ritf-b9ki/12677943"><incidntnum>156312216</incidntnum><category>LARCENY/THEFT</category><descript>GRAND THEFT FROM LOCKED AUTO</descript><dayofweek>Monday</dayofweek><date>2015-12-28T00:00:00</date><time>00:01</time><pddistrict>TARAVAL</pddistrict><resolution>NONE</resolution><address>2200 Block of CECILIA AV</address><x>-122.472101144619</x><y>37.7460066635021</y><location human_address="{&quot;address&quot;:&quot;&quot;,&quot;city&quot;:&quot;&quot;,&quot;state&quot;:&quot;&quot;,&quot;zip&quot;:&quot;&quot;}" latitude="37.7460066635021" longitude="-122.472101144619" needs_recoding="false"/></row>