<?xml version="1.0" encoding="UTF-8"?><row _id="12665535" _uuid="2F8BBD13-2832-43CC-A9CF-42D72DAFD73A" _position="12665535" _address="http://data.sfgov.org/resource/ritf-b9ki/12665535"><incidntnum>151022078</incidntnum><category>WARRANTS</category><descript>WARRANT ARREST</descript><dayofweek>Tuesday</dayofweek><date>2015-11-24T00:00:00</date><time>09:39</time><pddistrict>TENDERLOIN</pddistrict><resolution>ARREST, BOOKED</resolution><address>100 Block of LEAVENWORTH ST</address><x>-122.413893155951</x><y>37.782346520673</y><location human_address="{&quot;address&quot;:&quot;&quot;,&quot;city&quot;:&quot;&quot;,&quot;state&quot;:&quot;&quot;,&quot;zip&quot;:&quot;&quot;}" latitude="37.782346520673" longitude="-122.413893155951" needs_recoding="false"/></row>