<?xml version="1.0" encoding="UTF-8"?><row _id="12665609" _uuid="D1F289B0-1315-405A-991A-F8F8F0A980D0" _position="12665609" _address="http://data.sfgov.org/resource/ritf-b9ki/12665609"><incidntnum>151023979</incidntnum><category>BURGLARY</category><descript>BURGLARY OF APARTMENT HOUSE, UNLAWFUL ENTRY</descript><dayofweek>Tuesday</dayofweek><date>2015-11-24T00:00:00</date><time>03:00</time><pddistrict>BAYVIEW</pddistrict><resolution>NONE</resolution><address>1200 Block of REVERE AV</address><x>-122.383599364346</x><y>37.7280102316098</y><location human_address="{&quot;address&quot;:&quot;&quot;,&quot;city&quot;:&quot;&quot;,&quot;state&quot;:&quot;&quot;,&quot;zip&quot;:&quot;&quot;}" latitude="37.7280102316098" longitude="-122.383599364346" needs_recoding="false"/></row>