<?xml version="1.0" encoding="UTF-8"?><row _id="12664174" _uuid="18926E23-E037-4A8C-8414-63E794A3BEBA" _position="12664174" _address="http://data.sfgov.org/resource/ritf-b9ki/12664174"><incidntnum>151016093</incidntnum><category>FRAUD</category><descript>CREDIT CARD, THEFT BY USE OF</descript><dayofweek>Saturday</dayofweek><date>2015-11-21T00:00:00</date><time>23:00</time><pddistrict>NORTHERN</pddistrict><resolution>NONE</resolution><address>HICKORY ST / FRANKLIN ST</address><x>-122.421054311722</x><y>37.7756938836734</y><location human_address="{&quot;address&quot;:&quot;&quot;,&quot;city&quot;:&quot;&quot;,&quot;state&quot;:&quot;&quot;,&quot;zip&quot;:&quot;&quot;}" latitude="37.7756938836734" longitude="-122.421054311722" needs_recoding="false"/></row>