<?xml version="1.0" encoding="UTF-8"?><row _id="12668931" _uuid="31799432-F31C-426C-8C0C-8CBAB43A0221" _position="12668931" _address="http://data.sfgov.org/resource/ritf-b9ki/12668931"><incidntnum>156295844</incidntnum><category>LARCENY/THEFT</category><descript>GRAND THEFT FROM UNLOCKED AUTO</descript><dayofweek>Wednesday</dayofweek><date>2015-12-02T00:00:00</date><time>11:00</time><pddistrict>BAYVIEW</pddistrict><resolution>NONE</resolution><address>900 Block of MARIN ST</address><x>-122.385973163497</x><y>37.7491479018283</y><location human_address="{&quot;address&quot;:&quot;&quot;,&quot;city&quot;:&quot;&quot;,&quot;state&quot;:&quot;&quot;,&quot;zip&quot;:&quot;&quot;}" latitude="37.7491479018283" longitude="-122.385973163497" needs_recoding="false"/></row>