<?xml version="1.0" encoding="UTF-8"?><row _id="12664238" _uuid="1BD881A1-ADC9-4A7D-ACA6-9C67114FEAE5" _position="12664238" _address="http://data.sfgov.org/resource/ritf-b9ki/12664238"><incidntnum>151000353</incidntnum><category>NON-CRIMINAL</category><descript>AIDED CASE, MENTAL DISTURBED</descript><dayofweek>Tuesday</dayofweek><date>2015-11-17T00:00:00</date><time>09:09</time><pddistrict>MISSION</pddistrict><resolution>NONE</resolution><address>14TH ST / DOLORES ST</address><x>-122.426696478904</x><y>37.7678692203902</y><location human_address="{&quot;address&quot;:&quot;&quot;,&quot;city&quot;:&quot;&quot;,&quot;state&quot;:&quot;&quot;,&quot;zip&quot;:&quot;&quot;}" latitude="37.7678692203902" longitude="-122.426696478904" needs_recoding="false"/></row>