<?xml version="1.0" encoding="UTF-8"?><row _id="12669604" _uuid="D27DB8AC-6F73-4F67-B561-20AC3FDAF409" _position="12669604" _address="http://data.sfgov.org/resource/ritf-b9ki/12669604"><incidntnum>151051889</incidntnum><category>LARCENY/THEFT</category><descript>PETTY THEFT FROM A BUILDING</descript><dayofweek>Friday</dayofweek><date>2015-12-04T00:00:00</date><time>17:30</time><pddistrict>CENTRAL</pddistrict><resolution>NONE</resolution><address>2800 Block of TAYLOR ST</address><x>-122.415923448242</x><y>37.8085905137102</y><location human_address="{&quot;address&quot;:&quot;&quot;,&quot;city&quot;:&quot;&quot;,&quot;state&quot;:&quot;&quot;,&quot;zip&quot;:&quot;&quot;}" latitude="37.8085905137102" longitude="-122.415923448242" needs_recoding="false"/></row>