<?xml version="1.0" encoding="UTF-8"?><row _id="12661968" _uuid="1CAAB58A-2B08-4052-A683-580AB9929871" _position="12661968" _address="http://data.sfgov.org/resource/ritf-b9ki/12661968"><incidntnum>150996125</incidntnum><category>NON-CRIMINAL</category><descript>FOUND PROPERTY</descript><dayofweek>Sunday</dayofweek><date>2015-11-15T00:00:00</date><time>20:24</time><pddistrict>TARAVAL</pddistrict><resolution>NONE</resolution><address>2000 Block of 47TH AV</address><x>-122.506082455536</x><y>37.7482387239057</y><location human_address="{&quot;address&quot;:&quot;&quot;,&quot;city&quot;:&quot;&quot;,&quot;state&quot;:&quot;&quot;,&quot;zip&quot;:&quot;&quot;}" latitude="37.7482387239057" longitude="-122.506082455536" needs_recoding="false"/></row>