<?xml version="1.0" encoding="UTF-8"?><row _id="12661544" _uuid="DE0CEB86-BCCF-4AB4-8E02-797D43943465" _position="12661544" _address="http://data.sfgov.org/resource/ritf-b9ki/12661544"><incidntnum>151010540</incidntnum><category>OTHER OFFENSES</category><descript>RESISTING ARREST</descript><dayofweek>Saturday</dayofweek><date>2015-11-14T00:00:00</date><time>12:00</time><pddistrict>TARAVAL</pddistrict><resolution>ARREST, BOOKED</resolution><address>800 Block of URBANO DR</address><x>-122.463517803796</x><y>37.7235965952395</y><location human_address="{&quot;address&quot;:&quot;&quot;,&quot;city&quot;:&quot;&quot;,&quot;state&quot;:&quot;&quot;,&quot;zip&quot;:&quot;&quot;}" latitude="37.7235965952395" longitude="-122.463517803796" needs_recoding="false"/></row>