<?xml version="1.0" encoding="UTF-8"?><row _id="12667201" _uuid="C417C2EC-329D-4086-A630-FB5BCF4205FE" _position="12667201" _address="http://data.sfgov.org/resource/ritf-b9ki/12667201"><incidntnum>156287396</incidntnum><category>LARCENY/THEFT</category><descript>GRAND THEFT FROM LOCKED AUTO</descript><dayofweek>Wednesday</dayofweek><date>2015-11-25T00:00:00</date><time>20:00</time><pddistrict>RICHMOND</pddistrict><resolution>NONE</resolution><address>100 Block of 23RD AV</address><x>-122.483005197735</x><y>37.7848859806637</y><location human_address="{&quot;address&quot;:&quot;&quot;,&quot;city&quot;:&quot;&quot;,&quot;state&quot;:&quot;&quot;,&quot;zip&quot;:&quot;&quot;}" latitude="37.7848859806637" longitude="-122.483005197735" needs_recoding="false"/></row>