<?xml version="1.0" encoding="UTF-8"?><row _id="12663417" _uuid="E3307DA2-0330-494D-BF62-08D6775A7272" _position="12663417" _address="http://data.sfgov.org/resource/ritf-b9ki/12663417"><incidntnum>150999470</incidntnum><category>OTHER OFFENSES</category><descript>POSSESSION OF BURGLARY TOOLS</descript><dayofweek>Sunday</dayofweek><date>2015-11-15T00:00:00</date><time>19:00</time><pddistrict>SOUTHERN</pddistrict><resolution>ARREST, BOOKED</resolution><address>900 Block of MARKET ST</address><x>-122.409536662692</x><y>37.7826911213472</y><location human_address="{&quot;address&quot;:&quot;&quot;,&quot;city&quot;:&quot;&quot;,&quot;state&quot;:&quot;&quot;,&quot;zip&quot;:&quot;&quot;}" latitude="37.7826911213472" longitude="-122.409536662692" needs_recoding="false"/></row>