<?xml version="1.0" encoding="UTF-8"?><row _id="12676658" _uuid="8AF9A603-52B9-41F0-A05E-777FC545981A" _position="12676658" _address="http://data.sfgov.org/resource/ritf-b9ki/12676658"><incidntnum>151120161</incidntnum><category>ASSAULT</category><descript>THREATS AGAINST LIFE</descript><dayofweek>Monday</dayofweek><date>2015-11-30T00:00:00</date><time>12:00</time><pddistrict>TARAVAL</pddistrict><resolution>NONE</resolution><address>1200 Block of 37TH AV</address><x>-122.496527079269</x><y>37.7633265275807</y><location human_address="{&quot;address&quot;:&quot;&quot;,&quot;city&quot;:&quot;&quot;,&quot;state&quot;:&quot;&quot;,&quot;zip&quot;:&quot;&quot;}" latitude="37.7633265275807" longitude="-122.496527079269" needs_recoding="false"/></row>