<?xml version="1.0" encoding="UTF-8"?><row _id="12661781" _uuid="D1A7CB39-8DCF-499B-A676-7F677DE21EF8" _position="12661781" _address="http://data.sfgov.org/resource/ritf-b9ki/12661781"><incidntnum>150993927</incidntnum><category>VANDALISM</category><descript>MALICIOUS MISCHIEF, BREAKING WINDOWS</descript><dayofweek>Sunday</dayofweek><date>2015-11-15T00:00:00</date><time>00:59</time><pddistrict>CENTRAL</pddistrict><resolution>NONE</resolution><address>300 Block of JEFFERSON ST</address><x>-122.418270696719</x><y>37.8078519838014</y><location human_address="{&quot;address&quot;:&quot;&quot;,&quot;city&quot;:&quot;&quot;,&quot;state&quot;:&quot;&quot;,&quot;zip&quot;:&quot;&quot;}" latitude="37.8078519838014" longitude="-122.418270696719" needs_recoding="false"/></row>