<?xml version="1.0" encoding="UTF-8"?><row _id="12662651" _uuid="1B6CC9D6-6A35-4D28-B64B-B17C783B5D41" _position="12662651" _address="http://data.sfgov.org/resource/ritf-b9ki/12662651"><incidntnum>151000143</incidntnum><category>TRESPASS</category><descript>LODGING WITHOUT PERMISSION</descript><dayofweek>Tuesday</dayofweek><date>2015-11-17T00:00:00</date><time>07:46</time><pddistrict>NORTHERN</pddistrict><resolution>NONE</resolution><address>100 Block of CEDAR ST</address><x>-122.420628790345</x><y>37.7863149634789</y><location human_address="{&quot;address&quot;:&quot;&quot;,&quot;city&quot;:&quot;&quot;,&quot;state&quot;:&quot;&quot;,&quot;zip&quot;:&quot;&quot;}" latitude="37.7863149634789" longitude="-122.420628790345" needs_recoding="false"/></row>