<?xml version="1.0" encoding="UTF-8"?><row _id="12661933" _uuid="D2F0BB50-08FA-4259-B877-C5C6BC6500A9" _position="12661933" _address="http://data.sfgov.org/resource/ritf-b9ki/12661933"><incidntnum>150996498</incidntnum><category>ASSAULT</category><descript>AGGRAVATED ASSAULT WITH BODILY FORCE</descript><dayofweek>Sunday</dayofweek><date>2015-11-15T00:00:00</date><time>22:59</time><pddistrict>MISSION</pddistrict><resolution>NONE</resolution><address>3100 Block of 16TH ST</address><x>-122.423637302048</x><y>37.7648666651043</y><location human_address="{&quot;address&quot;:&quot;&quot;,&quot;city&quot;:&quot;&quot;,&quot;state&quot;:&quot;&quot;,&quot;zip&quot;:&quot;&quot;}" latitude="37.7648666651043" longitude="-122.423637302048" needs_recoding="false"/></row>