<?xml version="1.0" encoding="UTF-8"?><row _id="12663897" _uuid="034565D4-8A60-40BF-AC10-2FF56ABB71CC" _position="12663897" _address="http://data.sfgov.org/resource/ritf-b9ki/12663897"><incidntnum>151011720</incidntnum><category>VANDALISM</category><descript>MALICIOUS MISCHIEF, VANDALISM</descript><dayofweek>Friday</dayofweek><date>2015-11-20T00:00:00</date><time>15:00</time><pddistrict>BAYVIEW</pddistrict><resolution>NONE</resolution><address>5100 Block of 3RD ST</address><x>-122.392073035014</x><y>37.7312628705449</y><location human_address="{&quot;address&quot;:&quot;&quot;,&quot;city&quot;:&quot;&quot;,&quot;state&quot;:&quot;&quot;,&quot;zip&quot;:&quot;&quot;}" latitude="37.7312628705449" longitude="-122.392073035014" needs_recoding="false"/></row>