<?xml version="1.0" encoding="UTF-8"?><row _id="12674667" _uuid="A61AD613-8242-4AD0-AD9F-BCFAB990B6B9" _position="12674667" _address="http://data.sfgov.org/resource/ritf-b9ki/12674667"><incidntnum>156307126</incidntnum><category>VANDALISM</category><descript>MALICIOUS MISCHIEF, VANDALISM</descript><dayofweek>Tuesday</dayofweek><date>2015-12-01T00:00:00</date><time>17:00</time><pddistrict>TARAVAL</pddistrict><resolution>NONE</resolution><address>1900 Block of KIRKHAM ST</address><x>-122.481690805514</x><y>37.7595640884599</y><location human_address="{&quot;address&quot;:&quot;&quot;,&quot;city&quot;:&quot;&quot;,&quot;state&quot;:&quot;&quot;,&quot;zip&quot;:&quot;&quot;}" latitude="37.7595640884599" longitude="-122.481690805514" needs_recoding="false"/></row>