<?xml version="1.0" encoding="UTF-8"?><row _id="12662352" _uuid="66306B42-998E-4AA3-9411-0706A5B359E2" _position="12662352" _address="http://data.sfgov.org/resource/ritf-b9ki/12662352"><incidntnum>151000278</incidntnum><category>SUSPICIOUS OCC</category><descript>INVESTIGATIVE DETENTION</descript><dayofweek>Monday</dayofweek><date>2015-11-16T00:00:00</date><time>20:50</time><pddistrict>NORTHERN</pddistrict><resolution>NONE</resolution><address>100 Block of OAK ST</address><x>-122.421806413228</x><y>37.7751807308341</y><location human_address="{&quot;address&quot;:&quot;&quot;,&quot;city&quot;:&quot;&quot;,&quot;state&quot;:&quot;&quot;,&quot;zip&quot;:&quot;&quot;}" latitude="37.7751807308341" longitude="-122.421806413228" needs_recoding="false"/></row>