<?xml version="1.0" encoding="UTF-8"?><row _id="12667504" _uuid="B29F4F7C-7A03-41BD-838F-C6D72308E462" _position="12667504" _address="http://data.sfgov.org/resource/ritf-b9ki/12667504"><incidntnum>151038354</incidntnum><category>OTHER OFFENSES</category><descript>FALSE PERSONATION TO RECEIVE MONEY OR PROPERTY</descript><dayofweek>Thursday</dayofweek><date>2015-11-26T00:00:00</date><time>08:00</time><pddistrict>INGLESIDE</pddistrict><resolution>NONE</resolution><address>0 Block of SHAWNEE AV</address><x>-122.445685865551</x><y>37.717952943419</y><location human_address="{&quot;address&quot;:&quot;&quot;,&quot;city&quot;:&quot;&quot;,&quot;state&quot;:&quot;&quot;,&quot;zip&quot;:&quot;&quot;}" latitude="37.717952943419" longitude="-122.445685865551" needs_recoding="false"/></row>