<?xml version="1.0" encoding="UTF-8"?><row _id="12668225" _uuid="1491EEB7-EC4D-4C0B-AC21-60108C669226" _position="12668225" _address="http://data.sfgov.org/resource/ritf-b9ki/12668225"><incidntnum>156295559</incidntnum><category>LARCENY/THEFT</category><descript>GRAND THEFT OF PROPERTY</descript><dayofweek>Monday</dayofweek><date>2015-11-30T00:00:00</date><time>20:05</time><pddistrict>SOUTHERN</pddistrict><resolution>NONE</resolution><address>800 Block of HARRISON ST</address><x>-122.400799947914</x><y>37.7799338672319</y><location human_address="{&quot;address&quot;:&quot;&quot;,&quot;city&quot;:&quot;&quot;,&quot;state&quot;:&quot;&quot;,&quot;zip&quot;:&quot;&quot;}" latitude="37.7799338672319" longitude="-122.400799947914" needs_recoding="false"/></row>