<?xml version="1.0" encoding="UTF-8"?><row _id="12662038" _uuid="66831517-C8B6-428B-ABC2-56D5E60A670C" _position="12662038" _address="http://data.sfgov.org/resource/ritf-b9ki/12662038"><incidntnum>150998717</incidntnum><category>OTHER OFFENSES</category><descript>VIOLATION OF MUNICIPAL CODE</descript><dayofweek>Monday</dayofweek><date>2015-11-16T00:00:00</date><time>16:58</time><pddistrict>NORTHERN</pddistrict><resolution>ARREST, BOOKED</resolution><address>LARKIN ST / MYRTLE ST</address><x>-122.417999278691</x><y>37.7856407526644</y><location human_address="{&quot;address&quot;:&quot;&quot;,&quot;city&quot;:&quot;&quot;,&quot;state&quot;:&quot;&quot;,&quot;zip&quot;:&quot;&quot;}" latitude="37.7856407526644" longitude="-122.417999278691" needs_recoding="false"/></row>