<?xml version="1.0" encoding="UTF-8"?><row _id="12669649" _uuid="445635E1-61DD-4414-BEF7-3E0423EA9FF5" _position="12669649" _address="http://data.sfgov.org/resource/ritf-b9ki/12669649"><incidntnum>151042208</incidntnum><category>VANDALISM</category><descript>MALICIOUS MISCHIEF, GRAFFITI</descript><dayofweek>Tuesday</dayofweek><date>2015-11-24T00:00:00</date><time>00:01</time><pddistrict>CENTRAL</pddistrict><resolution>NONE</resolution><address>1100 Block of GRANT AV</address><x>-122.406912053867</x><y>37.7976543484414</y><location human_address="{&quot;address&quot;:&quot;&quot;,&quot;city&quot;:&quot;&quot;,&quot;state&quot;:&quot;&quot;,&quot;zip&quot;:&quot;&quot;}" latitude="37.7976543484414" longitude="-122.406912053867" needs_recoding="false"/></row>