<?xml version="1.0" encoding="UTF-8"?><row _id="12674778" _uuid="246DE382-60E9-42FD-9518-737DCB7C3227" _position="12674778" _address="http://data.sfgov.org/resource/ritf-b9ki/12674778"><incidntnum>151111198</incidntnum><category>OTHER OFFENSES</category><descript>VIOLATION OF RESTRAINING ORDER</descript><dayofweek>Thursday</dayofweek><date>2015-12-17T00:00:00</date><time>12:00</time><pddistrict>RICHMOND</pddistrict><resolution>NONE</resolution><address>300 Block of 9TH AV</address><x>-122.467626105696</x><y>37.781819339314</y><location human_address="{&quot;address&quot;:&quot;&quot;,&quot;city&quot;:&quot;&quot;,&quot;state&quot;:&quot;&quot;,&quot;zip&quot;:&quot;&quot;}" latitude="37.781819339314" longitude="-122.467626105696" needs_recoding="false"/></row>