<?xml version="1.0" encoding="UTF-8"?><row _id="12665359" _uuid="BF6F113F-7811-4E2C-829A-B60687B44FB8" _position="12665359" _address="http://data.sfgov.org/resource/ritf-b9ki/12665359"><incidntnum>151021456</incidntnum><category>OTHER OFFENSES</category><descript>RESTRAINING ORDER NOTIFICATION/SERVICE OF RESTRAINING ORDER</descript><dayofweek>Monday</dayofweek><date>2015-11-23T00:00:00</date><time>22:50</time><pddistrict>SOUTHERN</pddistrict><resolution>EXCEPTIONAL CLEARANCE</resolution><address>200 Block of INTERSTATE80 HY</address><x>-122.365565425353</x><y>37.8096707013239</y><location human_address="{&quot;address&quot;:&quot;&quot;,&quot;city&quot;:&quot;&quot;,&quot;state&quot;:&quot;&quot;,&quot;zip&quot;:&quot;&quot;}" latitude="37.8096707013239" longitude="-122.365565425353" needs_recoding="false"/></row>