<?xml version="1.0" encoding="UTF-8"?><row _id="12661618" _uuid="8AE9A85E-DFEF-4997-851C-28372C593DD3" _position="12661618" _address="http://data.sfgov.org/resource/ritf-b9ki/12661618"><incidntnum>150993052</incidntnum><category>NON-CRIMINAL</category><descript>CIVIL SIDEWALKS, CITATION</descript><dayofweek>Saturday</dayofweek><date>2015-11-14T00:00:00</date><time>18:30</time><pddistrict>PARK</pddistrict><resolution>ARREST, BOOKED</resolution><address>1500 Block of HAIGHT ST</address><x>-122.44776112232</x><y>37.7698464875415</y><location human_address="{&quot;address&quot;:&quot;&quot;,&quot;city&quot;:&quot;&quot;,&quot;state&quot;:&quot;&quot;,&quot;zip&quot;:&quot;&quot;}" latitude="37.7698464875415" longitude="-122.44776112232" needs_recoding="false"/></row>