<?xml version="1.0" encoding="UTF-8"?><row _id="12665672" _uuid="87DFF380-FC6C-4F25-946B-2062CE3C48AD" _position="12665672" _address="http://data.sfgov.org/resource/ritf-b9ki/12665672"><incidntnum>156286702</incidntnum><category>LARCENY/THEFT</category><descript>GRAND THEFT FROM LOCKED AUTO</descript><dayofweek>Tuesday</dayofweek><date>2015-11-24T00:00:00</date><time>08:51</time><pddistrict>NORTHERN</pddistrict><resolution>NONE</resolution><address>1500 Block of VANNESS AV</address><x>-122.422062730264</x><y>37.7899200014841</y><location human_address="{&quot;address&quot;:&quot;&quot;,&quot;city&quot;:&quot;&quot;,&quot;state&quot;:&quot;&quot;,&quot;zip&quot;:&quot;&quot;}" latitude="37.7899200014841" longitude="-122.422062730264" needs_recoding="false"/></row>