<?xml version="1.0" encoding="UTF-8"?><row _id="12665780" _uuid="27B87A81-C874-4F48-8BAB-81AF343988D1" _position="12665780" _address="http://data.sfgov.org/resource/ritf-b9ki/12665780"><incidntnum>156287108</incidntnum><category>LARCENY/THEFT</category><descript>GRAND THEFT FROM LOCKED AUTO</descript><dayofweek>Wednesday</dayofweek><date>2015-11-25T00:00:00</date><time>19:00</time><pddistrict>NORTHERN</pddistrict><resolution>NONE</resolution><address>LOMBARD ST / FILLMORE ST</address><x>-122.436049203586</x><y>37.7998412228823</y><location human_address="{&quot;address&quot;:&quot;&quot;,&quot;city&quot;:&quot;&quot;,&quot;state&quot;:&quot;&quot;,&quot;zip&quot;:&quot;&quot;}" latitude="37.7998412228823" longitude="-122.436049203586" needs_recoding="false"/></row>