<?xml version="1.0" encoding="UTF-8"?><row _id="12662632" _uuid="CD7467D0-5524-4892-B5F2-7D7E002C4A19" _position="12662632" _address="http://data.sfgov.org/resource/ritf-b9ki/12662632"><incidntnum>151003197</incidntnum><category>VANDALISM</category><descript>MALICIOUS MISCHIEF, VANDALISM OF VEHICLES</descript><dayofweek>Tuesday</dayofweek><date>2015-11-17T00:00:00</date><time>21:55</time><pddistrict>NORTHERN</pddistrict><resolution>NONE</resolution><address>200 Block of IVY ST</address><x>-122.422276460043</x><y>37.7775067728959</y><location human_address="{&quot;address&quot;:&quot;&quot;,&quot;city&quot;:&quot;&quot;,&quot;state&quot;:&quot;&quot;,&quot;zip&quot;:&quot;&quot;}" latitude="37.7775067728959" longitude="-122.422276460043" needs_recoding="false"/></row>