<?xml version="1.0" encoding="UTF-8"?><row _id="12661966" _uuid="19434EF4-0509-4215-B990-6A3254C31B8F" _position="12661966" _address="http://data.sfgov.org/resource/ritf-b9ki/12661966"><incidntnum>150993961</incidntnum><category>OTHER OFFENSES</category><descript>CONSPIRACY</descript><dayofweek>Sunday</dayofweek><date>2015-11-15T00:00:00</date><time>01:05</time><pddistrict>SOUTHERN</pddistrict><resolution>ARREST, BOOKED</resolution><address>500 Block of MISSION ST</address><x>-122.398488873746</x><y>37.7891181923442</y><location human_address="{&quot;address&quot;:&quot;&quot;,&quot;city&quot;:&quot;&quot;,&quot;state&quot;:&quot;&quot;,&quot;zip&quot;:&quot;&quot;}" latitude="37.7891181923442" longitude="-122.398488873746" needs_recoding="false"/></row>