<?xml version="1.0" encoding="UTF-8"?><row _id="12661299" _uuid="631A4FDC-5BD6-42D7-ABC7-908BA2944B86" _position="12661299" _address="http://data.sfgov.org/resource/ritf-b9ki/12661299"><incidntnum>156278533</incidntnum><category>LARCENY/THEFT</category><descript>GRAND THEFT FROM UNLOCKED AUTO</descript><dayofweek>Saturday</dayofweek><date>2015-11-14T00:00:00</date><time>18:20</time><pddistrict>SOUTHERN</pddistrict><resolution>NONE</resolution><address>3RD ST / MISSION ST</address><x>-122.402027706948</x><y>37.7862483456629</y><location human_address="{&quot;address&quot;:&quot;&quot;,&quot;city&quot;:&quot;&quot;,&quot;state&quot;:&quot;&quot;,&quot;zip&quot;:&quot;&quot;}" latitude="37.7862483456629" longitude="-122.402027706948" needs_recoding="false"/></row>