<?xml version="1.0" encoding="UTF-8"?><row _id="12663120" _uuid="F0ABE523-18A4-4953-A363-BCA84ADC9712" _position="12663120" _address="http://data.sfgov.org/resource/ritf-b9ki/12663120"><incidntnum>151009270</incidntnum><category>OTHER OFFENSES</category><descript>TRAFFIC VIOLATION ARREST</descript><dayofweek>Thursday</dayofweek><date>2015-11-19T00:00:00</date><time>21:16</time><pddistrict>TENDERLOIN</pddistrict><resolution>ARREST, BOOKED</resolution><address>GEARY ST / GRANT AV</address><x>-122.405043248406</x><y>37.7877653941874</y><location human_address="{&quot;address&quot;:&quot;&quot;,&quot;city&quot;:&quot;&quot;,&quot;state&quot;:&quot;&quot;,&quot;zip&quot;:&quot;&quot;}" latitude="37.7877653941874" longitude="-122.405043248406" needs_recoding="false"/></row>