<?xml version="1.0" encoding="UTF-8"?><row _id="12675541" _uuid="D4AFF927-D218-4F29-9B5C-8EF6955DB13C" _position="12675541" _address="http://data.sfgov.org/resource/ritf-b9ki/12675541"><incidntnum>151104290</incidntnum><category>OTHER OFFENSES</category><descript>DRIVERS LICENSE, SUSPENDED OR REVOKED</descript><dayofweek>Wednesday</dayofweek><date>2015-12-23T00:00:00</date><time>10:03</time><pddistrict>SOUTHERN</pddistrict><resolution>NONE</resolution><address>HARRISON ST / 7TH ST</address><x>-122.406300138733</x><y>37.7755131129937</y><location human_address="{&quot;address&quot;:&quot;&quot;,&quot;city&quot;:&quot;&quot;,&quot;state&quot;:&quot;&quot;,&quot;zip&quot;:&quot;&quot;}" latitude="37.7755131129937" longitude="-122.406300138733" needs_recoding="false"/></row>