<?xml version="1.0" encoding="UTF-8"?><row _id="12681650" _uuid="9315575C-3F9A-4BC6-AB9B-C756983C1B08" _position="12681650" _address="http://data.sfgov.org/resource/ritf-b9ki/12681650"><incidntnum>156280099</incidntnum><category>LARCENY/THEFT</category><descript>GRAND THEFT OF PROPERTY</descript><dayofweek>Sunday</dayofweek><date>2015-11-15T00:00:00</date><time>09:48</time><pddistrict>SOUTHERN</pddistrict><resolution>NONE</resolution><address>4TH ST / MISSION ST</address><x>-122.404270179486</x><y>37.7844788538745</y><location human_address="{&quot;address&quot;:&quot;&quot;,&quot;city&quot;:&quot;&quot;,&quot;state&quot;:&quot;&quot;,&quot;zip&quot;:&quot;&quot;}" latitude="37.7844788538745" longitude="-122.404270179486" needs_recoding="false"/></row>