<?xml version="1.0" encoding="UTF-8"?><row _id="12661577" _uuid="7D83D97D-68CB-447B-A59C-6E5035816D68" _position="12661577" _address="http://data.sfgov.org/resource/ritf-b9ki/12661577"><incidntnum>151002064</incidntnum><category>SUSPICIOUS OCC</category><descript>SUSPICIOUS OCCURRENCE</descript><dayofweek>Saturday</dayofweek><date>2015-11-14T00:00:00</date><time>23:00</time><pddistrict>SOUTHERN</pddistrict><resolution>NONE</resolution><address>0 Block of FREELON ST</address><x>-122.396411455534</x><y>37.779187614727</y><location human_address="{&quot;address&quot;:&quot;&quot;,&quot;city&quot;:&quot;&quot;,&quot;state&quot;:&quot;&quot;,&quot;zip&quot;:&quot;&quot;}" latitude="37.779187614727" longitude="-122.396411455534" needs_recoding="false"/></row>