<?xml version="1.0" encoding="UTF-8"?><row _id="12666709" _uuid="FDE9DE87-BEF7-4696-9268-3A3D7F8153D2" _position="12666709" _address="http://data.sfgov.org/resource/ritf-b9ki/12666709"><incidntnum>151029814</incidntnum><category>NON-CRIMINAL</category><descript>AIDED CASE, MENTAL DISTURBED</descript><dayofweek>Friday</dayofweek><date>2015-11-27T00:00:00</date><time>05:57</time><pddistrict>INGLESIDE</pddistrict><resolution>NONE</resolution><address>100 Block of GENEBERN WY</address><x>-122.425126741166</x><y>37.7331897408729</y><location human_address="{&quot;address&quot;:&quot;&quot;,&quot;city&quot;:&quot;&quot;,&quot;state&quot;:&quot;&quot;,&quot;zip&quot;:&quot;&quot;}" latitude="37.7331897408729" longitude="-122.425126741166" needs_recoding="false"/></row>