<?xml version="1.0" encoding="UTF-8"?><row _id="12661672" _uuid="A5FB037E-E8CA-4626-A1FA-284A9C4935E6" _position="12661672" _address="http://data.sfgov.org/resource/ritf-b9ki/12661672"><incidntnum>150994395</incidntnum><category>OTHER OFFENSES</category><descript>TRAFFIC VIOLATION</descript><dayofweek>Sunday</dayofweek><date>2015-11-15T00:00:00</date><time>09:19</time><pddistrict>RICHMOND</pddistrict><resolution>ARREST, BOOKED</resolution><address>GEARY BL / 4TH AV</address><x>-122.462141270182</x><y>37.7811098899332</y><location human_address="{&quot;address&quot;:&quot;&quot;,&quot;city&quot;:&quot;&quot;,&quot;state&quot;:&quot;&quot;,&quot;zip&quot;:&quot;&quot;}" latitude="37.7811098899332" longitude="-122.462141270182" needs_recoding="false"/></row>