<?xml version="1.0" encoding="UTF-8"?><row _id="12665147" _uuid="37EDD9DB-8931-430D-B19A-3390FF84C620" _position="12665147" _address="http://data.sfgov.org/resource/ritf-b9ki/12665147"><incidntnum>151019956</incidntnum><category>GAMBLING</category><descript>GAMBLING</descript><dayofweek>Monday</dayofweek><date>2015-11-23T00:00:00</date><time>14:45</time><pddistrict>TENDERLOIN</pddistrict><resolution>ARREST, BOOKED</resolution><address>200 Block of LEAVENWORTH ST</address><x>-122.414081138014</x><y>37.7832767266062</y><location human_address="{&quot;address&quot;:&quot;&quot;,&quot;city&quot;:&quot;&quot;,&quot;state&quot;:&quot;&quot;,&quot;zip&quot;:&quot;&quot;}" latitude="37.7832767266062" longitude="-122.414081138014" needs_recoding="false"/></row>