<?xml version="1.0" encoding="UTF-8"?><row _id="12668690" _uuid="4B8AD402-47B7-4B86-B731-8387477DB98F" _position="12668690" _address="http://data.sfgov.org/resource/ritf-b9ki/12668690"><incidntnum>151044771</incidntnum><category>OTHER OFFENSES</category><descript>DRIVERS LICENSE, SUSPENDED OR REVOKED</descript><dayofweek>Wednesday</dayofweek><date>2015-12-02T00:00:00</date><time>12:13</time><pddistrict>MISSION</pddistrict><resolution>ARREST, CITED</resolution><address>POTRERO AV / 17TH ST</address><x>-122.407422042194</x><y>37.7644880931999</y><location human_address="{&quot;address&quot;:&quot;&quot;,&quot;city&quot;:&quot;&quot;,&quot;state&quot;:&quot;&quot;,&quot;zip&quot;:&quot;&quot;}" latitude="37.7644880931999" longitude="-122.407422042194" needs_recoding="false"/></row>