<?xml version="1.0" encoding="UTF-8"?><row _id="12663928" _uuid="70247856-6CE1-4F83-ADC6-FD4D01741BA4" _position="12663928" _address="http://data.sfgov.org/resource/ritf-b9ki/12663928"><incidntnum>151016366</incidntnum><category>LARCENY/THEFT</category><descript>GRAND THEFT FROM A BUILDING</descript><dayofweek>Friday</dayofweek><date>2015-11-20T00:00:00</date><time>17:45</time><pddistrict>NORTHERN</pddistrict><resolution>NONE</resolution><address>1100 Block of GEARY BL</address><x>-122.422215377725</x><y>37.7855278107726</y><location human_address="{&quot;address&quot;:&quot;&quot;,&quot;city&quot;:&quot;&quot;,&quot;state&quot;:&quot;&quot;,&quot;zip&quot;:&quot;&quot;}" latitude="37.7855278107726" longitude="-122.422215377725" needs_recoding="false"/></row>