<?xml version="1.0" encoding="UTF-8"?><row _id="12664940" _uuid="E09DFD80-D5B3-473F-B24B-D2ED3B75D3E9" _position="12664940" _address="http://data.sfgov.org/resource/ritf-b9ki/12664940"><incidntnum>151016190</incidntnum><category>WEAPON LAWS</category><descript>DISCHARGE FIREARM WITHIN CITY LIMITS</descript><dayofweek>Sunday</dayofweek><date>2015-11-22T00:00:00</date><time>04:36</time><pddistrict>BAYVIEW</pddistrict><resolution>NONE</resolution><address>800 Block of JAMESTOWN AV</address><x>-122.390417767431</x><y>37.7165061780871</y><location human_address="{&quot;address&quot;:&quot;&quot;,&quot;city&quot;:&quot;&quot;,&quot;state&quot;:&quot;&quot;,&quot;zip&quot;:&quot;&quot;}" latitude="37.7165061780871" longitude="-122.390417767431" needs_recoding="false"/></row>