<?xml version="1.0" encoding="UTF-8"?><row _id="12664307" _uuid="9BB29BF6-3BAE-4D9E-B726-36EFF6B193F0" _position="12664307" _address="http://data.sfgov.org/resource/ritf-b9ki/12664307"><incidntnum>151014144</incidntnum><category>NON-CRIMINAL</category><descript>AIDED CASE, MENTAL DISTURBED</descript><dayofweek>Saturday</dayofweek><date>2015-11-21T00:00:00</date><time>12:56</time><pddistrict>TARAVAL</pddistrict><resolution>NONE</resolution><address>1900 Block of OCEAN AV</address><x>-122.463597480953</x><y>37.725669186459</y><location human_address="{&quot;address&quot;:&quot;&quot;,&quot;city&quot;:&quot;&quot;,&quot;state&quot;:&quot;&quot;,&quot;zip&quot;:&quot;&quot;}" latitude="37.725669186459" longitude="-122.463597480953" needs_recoding="false"/></row>