<?xml version="1.0" encoding="UTF-8"?><row _id="12662717" _uuid="AF512990-E7CA-460D-A4F0-9033E7F78B64" _position="12662717" _address="http://data.sfgov.org/resource/ritf-b9ki/12662717"><incidntnum>151004565</incidntnum><category>WARRANTS</category><descript>ENROUTE TO OUTSIDE JURISDICTION</descript><dayofweek>Wednesday</dayofweek><date>2015-11-18T00:00:00</date><time>14:26</time><pddistrict>PARK</pddistrict><resolution>ARREST, BOOKED</resolution><address>EDDY ST / SCOTT ST</address><x>-122.437262577518</x><y>37.7808016285055</y><location human_address="{&quot;address&quot;:&quot;&quot;,&quot;city&quot;:&quot;&quot;,&quot;state&quot;:&quot;&quot;,&quot;zip&quot;:&quot;&quot;}" latitude="37.7808016285055" longitude="-122.437262577518" needs_recoding="false"/></row>