<?xml version="1.0" encoding="UTF-8"?><row _id="12662358" _uuid="F753C8F4-4596-4011-BCC5-DED5E03D5E3E" _position="12662358" _address="http://data.sfgov.org/resource/ritf-b9ki/12662358"><incidntnum>151000814</incidntnum><category>OTHER OFFENSES</category><descript>FALSE PERSONATION AND CHEAT CRIMES (GENERAL)</descript><dayofweek>Monday</dayofweek><date>2015-11-16T00:00:00</date><time>17:00</time><pddistrict>PARK</pddistrict><resolution>NONE</resolution><address>600 Block of CENTRAL AV</address><x>-122.444756503948</x><y>37.7755516096453</y><location human_address="{&quot;address&quot;:&quot;&quot;,&quot;city&quot;:&quot;&quot;,&quot;state&quot;:&quot;&quot;,&quot;zip&quot;:&quot;&quot;}" latitude="37.7755516096453" longitude="-122.444756503948" needs_recoding="false"/></row>