<?xml version="1.0" encoding="UTF-8"?><row _id="12663284" _uuid="66BA3333-F398-4CE8-B05B-23CA2E1FFDF9" _position="12663284" _address="http://data.sfgov.org/resource/ritf-b9ki/12663284"><incidntnum>151006630</incidntnum><category>LARCENY/THEFT</category><descript>PETTY THEFT FROM LOCKED AUTO</descript><dayofweek>Thursday</dayofweek><date>2015-11-19T00:00:00</date><time>05:40</time><pddistrict>MISSION</pddistrict><resolution>NONE</resolution><address>4100 Block of 24TH ST</address><x>-122.43522121962</x><y>37.7512817650178</y><location human_address="{&quot;address&quot;:&quot;&quot;,&quot;city&quot;:&quot;&quot;,&quot;state&quot;:&quot;&quot;,&quot;zip&quot;:&quot;&quot;}" latitude="37.7512817650178" longitude="-122.43522121962" needs_recoding="false"/></row>