<?xml version="1.0" encoding="UTF-8"?><row _id="12661211" _uuid="D044D243-A627-4ED1-8490-DA07FC238673" _position="12661211" _address="http://data.sfgov.org/resource/ritf-b9ki/12661211"><incidntnum>150991034</incidntnum><category>NON-CRIMINAL</category><descript>SEARCH WARRANT SERVICE</descript><dayofweek>Friday</dayofweek><date>2015-11-13T00:00:00</date><time>20:37</time><pddistrict>NORTHERN</pddistrict><resolution>ARREST, BOOKED</resolution><address>1000 Block of LARKIN ST</address><x>-122.41824964748</x><y>37.7872715205959</y><location human_address="{&quot;address&quot;:&quot;&quot;,&quot;city&quot;:&quot;&quot;,&quot;state&quot;:&quot;&quot;,&quot;zip&quot;:&quot;&quot;}" latitude="37.7872715205959" longitude="-122.41824964748" needs_recoding="false"/></row>