<?xml version="1.0" encoding="UTF-8"?><row _id="12670625" _uuid="C61E184C-BFC3-43E0-B7BD-F91D6017C2EA" _position="12670625" _address="http://data.sfgov.org/resource/ritf-b9ki/12670625"><incidntnum>156301247</incidntnum><category>NON-CRIMINAL</category><descript>LOST PROPERTY</descript><dayofweek>Thursday</dayofweek><date>2015-12-03T00:00:00</date><time>10:00</time><pddistrict>BAYVIEW</pddistrict><resolution>NONE</resolution><address>1200 Block of SILVER AV</address><x>-122.411836440259</x><y>37.7303790070012</y><location human_address="{&quot;address&quot;:&quot;&quot;,&quot;city&quot;:&quot;&quot;,&quot;state&quot;:&quot;&quot;,&quot;zip&quot;:&quot;&quot;}" latitude="37.7303790070012" longitude="-122.411836440259" needs_recoding="false"/></row>