<?xml version="1.0" encoding="UTF-8"?><row _id="12661767" _uuid="71C6F930-DB85-4A0C-941E-7C944960AA14" _position="12661767" _address="http://data.sfgov.org/resource/ritf-b9ki/12661767"><incidntnum>150994022</incidntnum><category>SUSPICIOUS OCC</category><descript>SUSPICIOUS OCCURRENCE</descript><dayofweek>Sunday</dayofweek><date>2015-11-15T00:00:00</date><time>02:40</time><pddistrict>MISSION</pddistrict><resolution>NONE</resolution><address>600 Block of VALENCIA ST</address><x>-122.421747650463</x><y>37.7627436601147</y><location human_address="{&quot;address&quot;:&quot;&quot;,&quot;city&quot;:&quot;&quot;,&quot;state&quot;:&quot;&quot;,&quot;zip&quot;:&quot;&quot;}" latitude="37.7627436601147" longitude="-122.421747650463" needs_recoding="false"/></row>