<?xml version="1.0" encoding="UTF-8"?><row _id="12669401" _uuid="EB397F7A-EC9F-4F72-995B-87F5AE11B46B" _position="12669401" _address="http://data.sfgov.org/resource/ritf-b9ki/12669401"><incidntnum>151051641</incidntnum><category>SECONDARY CODES</category><descript>DOMESTIC VIOLENCE</descript><dayofweek>Friday</dayofweek><date>2015-12-04T00:00:00</date><time>17:10</time><pddistrict>SOUTHERN</pddistrict><resolution>NONE</resolution><address>HOWARD ST / LANGTON ST</address><x>-122.409924033746</x><y>37.7775530955225</y><location human_address="{&quot;address&quot;:&quot;&quot;,&quot;city&quot;:&quot;&quot;,&quot;state&quot;:&quot;&quot;,&quot;zip&quot;:&quot;&quot;}" latitude="37.7775530955225" longitude="-122.409924033746" needs_recoding="false"/></row>