<?xml version="1.0" encoding="UTF-8"?><row _id="12662837" _uuid="558CEBA8-E780-461E-BC67-805E4B39F522" _position="12662837" _address="http://data.sfgov.org/resource/ritf-b9ki/12662837"><incidntnum>156281285</incidntnum><category>LARCENY/THEFT</category><descript>PETTY THEFT OF PROPERTY</descript><dayofweek>Wednesday</dayofweek><date>2015-11-18T00:00:00</date><time>14:30</time><pddistrict>NORTHERN</pddistrict><resolution>NONE</resolution><address>1300 Block of LOMBARD ST</address><x>-122.423754395509</x><y>37.8015033131527</y><location human_address="{&quot;address&quot;:&quot;&quot;,&quot;city&quot;:&quot;&quot;,&quot;state&quot;:&quot;&quot;,&quot;zip&quot;:&quot;&quot;}" latitude="37.8015033131527" longitude="-122.423754395509" needs_recoding="false"/></row>