<?xml version="1.0" encoding="UTF-8"?><row _id="12662023" _uuid="C59FE2B2-EB3B-45D9-8D41-B3B8BCA2DFD1" _position="12662023" _address="http://data.sfgov.org/resource/ritf-b9ki/12662023"><incidntnum>150996824</incidntnum><category>OTHER OFFENSES</category><descript>DRIVERS LICENSE, SUSPENDED OR REVOKED</descript><dayofweek>Monday</dayofweek><date>2015-11-16T00:00:00</date><time>05:16</time><pddistrict>NORTHERN</pddistrict><resolution>ARREST, CITED</resolution><address>POLK ST / OLIVE ST</address><x>-122.419458073153</x><y>37.7844990197997</y><location human_address="{&quot;address&quot;:&quot;&quot;,&quot;city&quot;:&quot;&quot;,&quot;state&quot;:&quot;&quot;,&quot;zip&quot;:&quot;&quot;}" latitude="37.7844990197997" longitude="-122.419458073153" needs_recoding="false"/></row>