<?xml version="1.0" encoding="UTF-8"?><row _id="12666764" _uuid="5EFBCB23-44FA-4846-B794-46688C4CF109" _position="12666764" _address="http://data.sfgov.org/resource/ritf-b9ki/12666764"><incidntnum>151032174</incidntnum><category>LARCENY/THEFT</category><descript>LOST PROPERTY, PETTY THEFT</descript><dayofweek>Friday</dayofweek><date>2015-11-27T00:00:00</date><time>21:55</time><pddistrict>BAYVIEW</pddistrict><resolution>NONE</resolution><address>0 Block of NORTHRIDGE RD</address><x>-122.375512968635</x><y>37.730806609582</y><location human_address="{&quot;address&quot;:&quot;&quot;,&quot;city&quot;:&quot;&quot;,&quot;state&quot;:&quot;&quot;,&quot;zip&quot;:&quot;&quot;}" latitude="37.730806609582" longitude="-122.375512968635" needs_recoding="false"/></row>