<?xml version="1.0" encoding="UTF-8"?><row _id="12668418" _uuid="0032FEDB-EB1C-41AC-8555-7108DC8B2702" _position="12668418" _address="http://data.sfgov.org/resource/ritf-b9ki/12668418"><incidntnum>156291165</incidntnum><category>LARCENY/THEFT</category><descript>GRAND THEFT FROM LOCKED AUTO</descript><dayofweek>Tuesday</dayofweek><date>2015-12-01T00:00:00</date><time>22:59</time><pddistrict>NORTHERN</pddistrict><resolution>NONE</resolution><address>OCTAVIA ST / PACIFIC AV</address><x>-122.428161709718</x><y>37.7941882064706</y><location human_address="{&quot;address&quot;:&quot;&quot;,&quot;city&quot;:&quot;&quot;,&quot;state&quot;:&quot;&quot;,&quot;zip&quot;:&quot;&quot;}" latitude="37.7941882064706" longitude="-122.428161709718" needs_recoding="false"/></row>