<?xml version="1.0" encoding="UTF-8"?><row _id="12662486" _uuid="460B1256-1105-4AD9-93AC-300DF0CA8814" _position="12662486" _address="http://data.sfgov.org/resource/ritf-b9ki/12662486"><incidntnum>151000557</incidntnum><category>DRUG/NARCOTIC</category><descript>POSSESSION OF MARIJUANA</descript><dayofweek>Tuesday</dayofweek><date>2015-11-17T00:00:00</date><time>09:40</time><pddistrict>BAYVIEW</pddistrict><resolution>ARREST, BOOKED</resolution><address>0 Block of DAKOTA ST</address><x>-122.395513264888</x><y>37.7536178531447</y><location human_address="{&quot;address&quot;:&quot;&quot;,&quot;city&quot;:&quot;&quot;,&quot;state&quot;:&quot;&quot;,&quot;zip&quot;:&quot;&quot;}" latitude="37.7536178531447" longitude="-122.395513264888" needs_recoding="false"/></row>