<?xml version="1.0" encoding="UTF-8"?><row _id="12662062" _uuid="84D19F09-C994-4514-988C-7E90E0D69629" _position="12662062" _address="http://data.sfgov.org/resource/ritf-b9ki/12662062"><incidntnum>150999464</incidntnum><category>VEHICLE THEFT</category><descript>STOLEN TRUCK</descript><dayofweek>Monday</dayofweek><date>2015-11-16T00:00:00</date><time>09:30</time><pddistrict>MISSION</pddistrict><resolution>NONE</resolution><address>18TH ST / DOLORES ST</address><x>-122.426079580545</x><y>37.7614267757472</y><location human_address="{&quot;address&quot;:&quot;&quot;,&quot;city&quot;:&quot;&quot;,&quot;state&quot;:&quot;&quot;,&quot;zip&quot;:&quot;&quot;}" latitude="37.7614267757472" longitude="-122.426079580545" needs_recoding="false"/></row>