<?xml version="1.0" encoding="UTF-8"?><row _id="12666694" _uuid="8C46131D-465F-4F3C-BBCE-0A931D8D80DB" _position="12666694" _address="http://data.sfgov.org/resource/ritf-b9ki/12666694"><incidntnum>151028220</incidntnum><category>SEX OFFENSES, FORCIBLE</category><descript>SEXUAL BATTERY</descript><dayofweek>Wednesday</dayofweek><date>2015-11-25T00:00:00</date><time>06:25</time><pddistrict>RICHMOND</pddistrict><resolution>NONE</resolution><address>800 Block of 32ND AV</address><x>-122.491685513495</x><y>37.7731459860794</y><location human_address="{&quot;address&quot;:&quot;&quot;,&quot;city&quot;:&quot;&quot;,&quot;state&quot;:&quot;&quot;,&quot;zip&quot;:&quot;&quot;}" latitude="37.7731459860794" longitude="-122.491685513495" needs_recoding="false"/></row>