<?xml version="1.0" encoding="UTF-8"?><row _id="12673262" _uuid="0795B069-3CD9-43DD-8B98-B38F958378DA" _position="12673262" _address="http://data.sfgov.org/resource/ritf-b9ki/12673262"><incidntnum>151078093</incidntnum><category>LARCENY/THEFT</category><descript>GRAND THEFT FROM LOCKED AUTO</descript><dayofweek>Monday</dayofweek><date>2015-12-14T00:00:00</date><time>03:45</time><pddistrict>TARAVAL</pddistrict><resolution>NONE</resolution><address>1700 Block of QUINTARA ST</address><x>-122.484124168106</x><y>37.7482355583917</y><location human_address="{&quot;address&quot;:&quot;&quot;,&quot;city&quot;:&quot;&quot;,&quot;state&quot;:&quot;&quot;,&quot;zip&quot;:&quot;&quot;}" latitude="37.7482355583917" longitude="-122.484124168106" needs_recoding="false"/></row>