<?xml version="1.0" encoding="UTF-8"?><row _id="12662769" _uuid="7153FF8B-F2BB-4886-BB6C-F03296290779" _position="12662769" _address="http://data.sfgov.org/resource/ritf-b9ki/12662769"><incidntnum>151002735</incidntnum><category>VEHICLE THEFT</category><descript>STOLEN AND RECOVERED VEHICLE</descript><dayofweek>Sunday</dayofweek><date>2015-11-15T00:00:00</date><time>22:00</time><pddistrict>RICHMOND</pddistrict><resolution>NONE</resolution><address>GOLDEN GATE AV / TEMESCAL TR</address><x>-122.452234516792</x><y>37.7769754015435</y><location human_address="{&quot;address&quot;:&quot;&quot;,&quot;city&quot;:&quot;&quot;,&quot;state&quot;:&quot;&quot;,&quot;zip&quot;:&quot;&quot;}" latitude="37.7769754015435" longitude="-122.452234516792" needs_recoding="false"/></row>