<?xml version="1.0" encoding="UTF-8"?><row _id="12663714" _uuid="7B7E8BFB-D12A-4436-A20F-65A487ED26D3" _position="12663714" _address="http://data.sfgov.org/resource/ritf-b9ki/12663714"><incidntnum>151010653</incidntnum><category>OTHER OFFENSES</category><descript>BEYOND PARENTAL CONTROL</descript><dayofweek>Friday</dayofweek><date>2015-11-20T00:00:00</date><time>11:35</time><pddistrict>TARAVAL</pddistrict><resolution>NONE</resolution><address>LAKE MERCED BL / SKYLINEBLVD HY</address><x>-122.499055534823</x><y>37.731574375139</y><location human_address="{&quot;address&quot;:&quot;&quot;,&quot;city&quot;:&quot;&quot;,&quot;state&quot;:&quot;&quot;,&quot;zip&quot;:&quot;&quot;}" latitude="37.731574375139" longitude="-122.499055534823" needs_recoding="false"/></row>