<?xml version="1.0" encoding="UTF-8"?><row _id="12665828" _uuid="041CE9C2-9EA4-41FB-9571-7A686D403F7D" _position="12665828" _address="http://data.sfgov.org/resource/ritf-b9ki/12665828"><incidntnum>151027517</incidntnum><category>WARRANTS</category><descript>ENROUTE TO OUTSIDE JURISDICTION</descript><dayofweek>Thursday</dayofweek><date>2015-11-26T00:00:00</date><time>02:39</time><pddistrict>NORTHERN</pddistrict><resolution>ARREST, BOOKED</resolution><address>BAY ST / LAGUNA ST</address><x>-122.43168292833</x><y>37.8032668026887</y><location human_address="{&quot;address&quot;:&quot;&quot;,&quot;city&quot;:&quot;&quot;,&quot;state&quot;:&quot;&quot;,&quot;zip&quot;:&quot;&quot;}" latitude="37.8032668026887" longitude="-122.43168292833" needs_recoding="false"/></row>