<?xml version="1.0" encoding="UTF-8"?><row _id="12664510" _uuid="614D7229-F74A-4940-9810-3F0BCE6DE3CE" _position="12664510" _address="http://data.sfgov.org/resource/ritf-b9ki/12664510"><incidntnum>151015261</incidntnum><category>SUSPICIOUS OCC</category><descript>INVESTIGATIVE DETENTION</descript><dayofweek>Saturday</dayofweek><date>2015-11-21T00:00:00</date><time>20:40</time><pddistrict>SOUTHERN</pddistrict><resolution>NONE</resolution><address>6TH ST / NATOMA ST</address><x>-122.407693108529</x><y>37.7801630691196</y><location human_address="{&quot;address&quot;:&quot;&quot;,&quot;city&quot;:&quot;&quot;,&quot;state&quot;:&quot;&quot;,&quot;zip&quot;:&quot;&quot;}" latitude="37.7801630691196" longitude="-122.407693108529" needs_recoding="false"/></row>