<?xml version="1.0" encoding="UTF-8"?><row _id="12663367" _uuid="1C9FEE64-B7E8-4F37-9675-DBD1D2D3FFF9" _position="12663367" _address="http://data.sfgov.org/resource/ritf-b9ki/12663367"><incidntnum>151007854</incidntnum><category>LARCENY/THEFT</category><descript>PETTY THEFT FROM A BUILDING</descript><dayofweek>Thursday</dayofweek><date>2015-11-19T00:00:00</date><time>13:38</time><pddistrict>SOUTHERN</pddistrict><resolution>NONE</resolution><address>600 Block of MARKET ST</address><x>-122.403070886779</x><y>37.7877867423496</y><location human_address="{&quot;address&quot;:&quot;&quot;,&quot;city&quot;:&quot;&quot;,&quot;state&quot;:&quot;&quot;,&quot;zip&quot;:&quot;&quot;}" latitude="37.7877867423496" longitude="-122.403070886779" needs_recoding="false"/></row>