<?xml version="1.0" encoding="UTF-8"?><row _id="12664504" _uuid="051BAF7F-614D-4FF7-BDB9-A118EDF7BDF2" _position="12664504" _address="http://data.sfgov.org/resource/ritf-b9ki/12664504"><incidntnum>151025947</incidntnum><category>OTHER OFFENSES</category><descript>HARASSING PHONE CALLS</descript><dayofweek>Saturday</dayofweek><date>2015-11-21T00:00:00</date><time>15:00</time><pddistrict>TARAVAL</pddistrict><resolution>NONE</resolution><address>2000 Block of 33RD AV</address><x>-122.491076603571</x><y>37.7489007168402</y><location human_address="{&quot;address&quot;:&quot;&quot;,&quot;city&quot;:&quot;&quot;,&quot;state&quot;:&quot;&quot;,&quot;zip&quot;:&quot;&quot;}" latitude="37.7489007168402" longitude="-122.491076603571" needs_recoding="false"/></row>