<?xml version="1.0" encoding="UTF-8"?><row _id="12662135" _uuid="6613B144-0892-4BC6-8015-9E0D7606FB2C" _position="12662135" _address="http://data.sfgov.org/resource/ritf-b9ki/12662135"><incidntnum>150997719</incidntnum><category>BURGLARY</category><descript>BURGLARY, UNLAWFUL ENTRY</descript><dayofweek>Monday</dayofweek><date>2015-11-16T00:00:00</date><time>08:44</time><pddistrict>BAYVIEW</pddistrict><resolution>NONE</resolution><address>1900 Block of NEWCOMB AV</address><x>-122.396375879604</x><y>37.7388993554661</y><location human_address="{&quot;address&quot;:&quot;&quot;,&quot;city&quot;:&quot;&quot;,&quot;state&quot;:&quot;&quot;,&quot;zip&quot;:&quot;&quot;}" latitude="37.7388993554661" longitude="-122.396375879604" needs_recoding="false"/></row>