<?xml version="1.0" encoding="UTF-8"?><row _id="12667603" _uuid="F06C800E-748E-454C-97CF-5C7DB4864888" _position="12667603" _address="http://data.sfgov.org/resource/ritf-b9ki/12667603"><incidntnum>151037873</incidntnum><category>LARCENY/THEFT</category><descript>GRAND THEFT FROM LOCKED AUTO</descript><dayofweek>Sunday</dayofweek><date>2015-11-29T00:00:00</date><time>18:30</time><pddistrict>NORTHERN</pddistrict><resolution>NONE</resolution><address>CHESTNUT ST / BUCHANAN ST</address><x>-122.432959444152</x><y>37.8012351482991</y><location human_address="{&quot;address&quot;:&quot;&quot;,&quot;city&quot;:&quot;&quot;,&quot;state&quot;:&quot;&quot;,&quot;zip&quot;:&quot;&quot;}" latitude="37.8012351482991" longitude="-122.432959444152" needs_recoding="false"/></row>