<?xml version="1.0" encoding="UTF-8"?><row _id="12661795" _uuid="78A1E8B6-4513-4D96-87E4-37F6EE716E90" _position="12661795" _address="http://data.sfgov.org/resource/ritf-b9ki/12661795"><incidntnum>150994709</incidntnum><category>FRAUD</category><descript>FALSE ID TO PEACE OFFICER</descript><dayofweek>Sunday</dayofweek><date>2015-11-15T00:00:00</date><time>11:15</time><pddistrict>INGLESIDE</pddistrict><resolution>ARREST, BOOKED</resolution><address>100 Block of PRECITA AV</address><x>-122.417164791978</x><y>37.7470622078451</y><location human_address="{&quot;address&quot;:&quot;&quot;,&quot;city&quot;:&quot;&quot;,&quot;state&quot;:&quot;&quot;,&quot;zip&quot;:&quot;&quot;}" latitude="37.7470622078451" longitude="-122.417164791978" needs_recoding="false"/></row>