<?xml version="1.0" encoding="UTF-8"?><row _id="12667561" _uuid="3486FB6A-F837-43AA-9143-48F8038258CB" _position="12667561" _address="http://data.sfgov.org/resource/ritf-b9ki/12667561"><incidntnum>151035372</incidntnum><category>LARCENY/THEFT</category><descript>GRAND THEFT FROM LOCKED AUTO</descript><dayofweek>Sunday</dayofweek><date>2015-11-29T00:00:00</date><time>01:00</time><pddistrict>MISSION</pddistrict><resolution>NONE</resolution><address>18TH ST / DIAMOND ST</address><x>-122.437193152373</x><y>37.7607584311693</y><location human_address="{&quot;address&quot;:&quot;&quot;,&quot;city&quot;:&quot;&quot;,&quot;state&quot;:&quot;&quot;,&quot;zip&quot;:&quot;&quot;}" latitude="37.7607584311693" longitude="-122.437193152373" needs_recoding="false"/></row>