<?xml version="1.0" encoding="UTF-8"?><row _id="12662060" _uuid="A2819038-50F1-47D4-9F92-65510CC3A2E6" _position="12662060" _address="http://data.sfgov.org/resource/ritf-b9ki/12662060"><incidntnum>150999260</incidntnum><category>NON-CRIMINAL</category><descript>LOST PROPERTY</descript><dayofweek>Monday</dayofweek><date>2015-11-16T00:00:00</date><time>16:00</time><pddistrict>BAYVIEW</pddistrict><resolution>NONE</resolution><address>3RD ST / PALOU AV</address><x>-122.390971734551</x><y>37.7340152180723</y><location human_address="{&quot;address&quot;:&quot;&quot;,&quot;city&quot;:&quot;&quot;,&quot;state&quot;:&quot;&quot;,&quot;zip&quot;:&quot;&quot;}" latitude="37.7340152180723" longitude="-122.390971734551" needs_recoding="false"/></row>