<?xml version="1.0" encoding="UTF-8"?><row _id="12661886" _uuid="5A6DF241-1874-4C2D-A91D-C0BD49875182" _position="12661886" _address="http://data.sfgov.org/resource/ritf-b9ki/12661886"><incidntnum>150996169</incidntnum><category>FRAUD</category><descript>TRICK AND DEVICE, PETTY THEFT</descript><dayofweek>Sunday</dayofweek><date>2015-11-15T00:00:00</date><time>16:45</time><pddistrict>TARAVAL</pddistrict><resolution>NONE</resolution><address>2300 Block of 19TH AV</address><x>-122.475834301218</x><y>37.743962321829</y><location human_address="{&quot;address&quot;:&quot;&quot;,&quot;city&quot;:&quot;&quot;,&quot;state&quot;:&quot;&quot;,&quot;zip&quot;:&quot;&quot;}" latitude="37.743962321829" longitude="-122.475834301218" needs_recoding="false"/></row>