<?xml version="1.0" encoding="UTF-8"?><row _id="12682267" _uuid="C4934090-D994-46D0-B1A4-86C76EE33F08" _position="12682267" _address="http://data.sfgov.org/resource/ritf-b9ki/12682267"><incidntnum>160041011</incidntnum><category>NON-CRIMINAL</category><descript>LOST PROPERTY</descript><dayofweek>Sunday</dayofweek><date>2015-11-15T00:00:00</date><time>10:00</time><pddistrict>SOUTHERN</pddistrict><resolution>NONE</resolution><address>4TH ST / MARKET ST</address><x>-122.405832474482</x><y>37.7857446545609</y><location human_address="{&quot;address&quot;:&quot;&quot;,&quot;city&quot;:&quot;&quot;,&quot;state&quot;:&quot;&quot;,&quot;zip&quot;:&quot;&quot;}" latitude="37.7857446545609" longitude="-122.405832474482" needs_recoding="false"/></row>