<?xml version="1.0" encoding="UTF-8"?><row _id="12669220" _uuid="02C89E08-CC1A-4AE9-A5AC-8E9969DAC564" _position="12669220" _address="http://data.sfgov.org/resource/ritf-b9ki/12669220"><incidntnum>151027103</incidntnum><category>MISSING PERSON</category><descript>FOUND PERSON</descript><dayofweek>Wednesday</dayofweek><date>2015-11-25T00:00:00</date><time>10:00</time><pddistrict>SOUTHERN</pddistrict><resolution>NONE</resolution><address>0 Block of DORE ST</address><x>-122.413045971966</x><y>37.7738617771611</y><location human_address="{&quot;address&quot;:&quot;&quot;,&quot;city&quot;:&quot;&quot;,&quot;state&quot;:&quot;&quot;,&quot;zip&quot;:&quot;&quot;}" latitude="37.7738617771611" longitude="-122.413045971966" needs_recoding="false"/></row>