<?xml version="1.0" encoding="UTF-8"?><row _id="12671419" _uuid="01E5A34D-F5AB-45DF-B872-BE479A37A558" _position="12671419" _address="http://data.sfgov.org/resource/ritf-b9ki/12671419"><incidntnum>151061753</incidntnum><category>OTHER OFFENSES</category><descript>INCIDENT ON SCHOOL GROUNDS</descript><dayofweek>Tuesday</dayofweek><date>2015-12-08T00:00:00</date><time>10:30</time><pddistrict>MISSION</pddistrict><resolution>NONE</resolution><address>3700 Block of 18TH ST</address><x>-122.427242380192</x><y>37.7614118083919</y><location human_address="{&quot;address&quot;:&quot;&quot;,&quot;city&quot;:&quot;&quot;,&quot;state&quot;:&quot;&quot;,&quot;zip&quot;:&quot;&quot;}" latitude="37.7614118083919" longitude="-122.427242380192" needs_recoding="false"/></row>