<?xml version="1.0" encoding="UTF-8"?><row _id="12679353" _uuid="F43BA864-98E8-4498-96B8-E337BEB02BB4" _position="12679353" _address="http://data.sfgov.org/resource/ritf-b9ki/12679353"><incidntnum>151055938</incidntnum><category>NON-CRIMINAL</category><descript>CASE CLOSURE</descript><dayofweek>Monday</dayofweek><date>2015-11-30T00:00:00</date><time>09:53</time><pddistrict>SOUTHERN</pddistrict><resolution>NONE</resolution><address>200 Block of INTERSTATE80 HY</address><x>-122.365565425353</x><y>37.8096707013239</y><location human_address="{&quot;address&quot;:&quot;&quot;,&quot;city&quot;:&quot;&quot;,&quot;state&quot;:&quot;&quot;,&quot;zip&quot;:&quot;&quot;}" latitude="37.8096707013239" longitude="-122.365565425353" needs_recoding="false"/></row>