<?xml version="1.0" encoding="UTF-8"?><row _id="12666175" _uuid="FBF4C1DD-66FF-4D98-A640-23A7E357D656" _position="12666175" _address="http://data.sfgov.org/resource/ritf-b9ki/12666175"><incidntnum>156291400</incidntnum><category>LARCENY/THEFT</category><descript>GRAND THEFT FROM UNLOCKED AUTO</descript><dayofweek>Tuesday</dayofweek><date>2015-11-17T00:00:00</date><time>16:02</time><pddistrict>NORTHERN</pddistrict><resolution>NONE</resolution><address>CERVANTES BL / AVILA ST</address><x>-122.440820953867</x><y>37.8049242393648</y><location human_address="{&quot;address&quot;:&quot;&quot;,&quot;city&quot;:&quot;&quot;,&quot;state&quot;:&quot;&quot;,&quot;zip&quot;:&quot;&quot;}" latitude="37.8049242393648" longitude="-122.440820953867" needs_recoding="false"/></row>