<?xml version="1.0" encoding="UTF-8"?><row _id="12677855" _uuid="15551DCD-AF78-4886-A9D1-E45AC0CC7EA2" _position="12677855" _address="http://data.sfgov.org/resource/ritf-b9ki/12677855"><incidntnum>156311428</incidntnum><category>LARCENY/THEFT</category><descript>GRAND THEFT FROM LOCKED AUTO</descript><dayofweek>Monday</dayofweek><date>2015-12-28T00:00:00</date><time>18:20</time><pddistrict>CENTRAL</pddistrict><resolution>NONE</resolution><address>100 Block of POST ST</address><x>-122.404013392454</x><y>37.7889047678717</y><location human_address="{&quot;address&quot;:&quot;&quot;,&quot;city&quot;:&quot;&quot;,&quot;state&quot;:&quot;&quot;,&quot;zip&quot;:&quot;&quot;}" latitude="37.7889047678717" longitude="-122.404013392454" needs_recoding="false"/></row>