<?xml version="1.0" encoding="UTF-8"?><row _id="12661903" _uuid="88BD5B8A-8CF9-4046-9660-F0B6CF037141" _position="12661903" _address="http://data.sfgov.org/resource/ritf-b9ki/12661903"><incidntnum>156280334</incidntnum><category>LARCENY/THEFT</category><descript>GRAND THEFT FROM LOCKED AUTO</descript><dayofweek>Sunday</dayofweek><date>2015-11-15T00:00:00</date><time>14:00</time><pddistrict>PARK</pddistrict><resolution>NONE</resolution><address>800 Block of WALLER ST</address><x>-122.437337332628</x><y>37.7703324728476</y><location human_address="{&quot;address&quot;:&quot;&quot;,&quot;city&quot;:&quot;&quot;,&quot;state&quot;:&quot;&quot;,&quot;zip&quot;:&quot;&quot;}" latitude="37.7703324728476" longitude="-122.437337332628" needs_recoding="false"/></row>