<?xml version="1.0" encoding="UTF-8"?><row _id="12665617" _uuid="C9C53330-7E85-4EBB-9FAF-3EB3609697BF" _position="12665617" _address="http://data.sfgov.org/resource/ritf-b9ki/12665617"><incidntnum>151024648</incidntnum><category>ASSAULT</category><descript>THREATS AGAINST LIFE</descript><dayofweek>Tuesday</dayofweek><date>2015-11-24T00:00:00</date><time>08:00</time><pddistrict>MISSION</pddistrict><resolution>ARREST, BOOKED</resolution><address>2200 Block of MARKET ST</address><x>-122.432198022433</x><y>37.7651107322703</y><location human_address="{&quot;address&quot;:&quot;&quot;,&quot;city&quot;:&quot;&quot;,&quot;state&quot;:&quot;&quot;,&quot;zip&quot;:&quot;&quot;}" latitude="37.7651107322703" longitude="-122.432198022433" needs_recoding="false"/></row>