<?xml version="1.0" encoding="UTF-8"?><row _id="12662205" _uuid="EAB56F25-E4AD-444C-8EC5-960D9535782E" _position="12662205" _address="http://data.sfgov.org/resource/ritf-b9ki/12662205"><incidntnum>150999129</incidntnum><category>ASSAULT</category><descript>THREATS AGAINST LIFE</descript><dayofweek>Monday</dayofweek><date>2015-11-16T00:00:00</date><time>18:10</time><pddistrict>SOUTHERN</pddistrict><resolution>NONE</resolution><address>200 Block of FOLSOM ST</address><x>-122.392347671978</x><y>37.7890603555993</y><location human_address="{&quot;address&quot;:&quot;&quot;,&quot;city&quot;:&quot;&quot;,&quot;state&quot;:&quot;&quot;,&quot;zip&quot;:&quot;&quot;}" latitude="37.7890603555993" longitude="-122.392347671978" needs_recoding="false"/></row>