<?xml version="1.0" encoding="UTF-8"?><row _id="12670235" _uuid="DDC7054E-E91A-4806-9E32-428A8CA3F36C" _position="12670235" _address="http://data.sfgov.org/resource/ritf-b9ki/12670235"><incidntnum>151045111</incidntnum><category>PROSTITUTION</category><descript>LOITERING FOR PURPOSE OF PROSTITUTION</descript><dayofweek>Wednesday</dayofweek><date>2015-12-02T00:00:00</date><time>14:00</time><pddistrict>TARAVAL</pddistrict><resolution>ARREST, BOOKED</resolution><address>0 Block of GENEVA AV</address><x>-122.450929424436</x><y>37.7225208462244</y><location human_address="{&quot;address&quot;:&quot;&quot;,&quot;city&quot;:&quot;&quot;,&quot;state&quot;:&quot;&quot;,&quot;zip&quot;:&quot;&quot;}" latitude="37.7225208462244" longitude="-122.450929424436" needs_recoding="false"/></row>