<?xml version="1.0" encoding="UTF-8"?><row _id="12662617" _uuid="EF61C69A-7CCF-4E55-A423-8F62197E695A" _position="12662617" _address="http://data.sfgov.org/resource/ritf-b9ki/12662617"><incidntnum>156286326</incidntnum><category>NON-CRIMINAL</category><descript>LOST PROPERTY</descript><dayofweek>Tuesday</dayofweek><date>2015-11-17T00:00:00</date><time>18:00</time><pddistrict>CENTRAL</pddistrict><resolution>NONE</resolution><address>500 Block of SUTTER ST</address><x>-122.409423604675</x><y>37.7890647342848</y><location human_address="{&quot;address&quot;:&quot;&quot;,&quot;city&quot;:&quot;&quot;,&quot;state&quot;:&quot;&quot;,&quot;zip&quot;:&quot;&quot;}" latitude="37.7890647342848" longitude="-122.409423604675" needs_recoding="false"/></row>