<?xml version="1.0" encoding="UTF-8"?><row _id="12666158" _uuid="19F1C503-1FF4-44E7-A7B3-0F0DD2D89C47" _position="12666158" _address="http://data.sfgov.org/resource/ritf-b9ki/12666158"><incidntnum>151047797</incidntnum><category>OTHER OFFENSES</category><descript>MISCELLANEOUS INVESTIGATION</descript><dayofweek>Saturday</dayofweek><date>2015-11-21T00:00:00</date><time>15:00</time><pddistrict>SOUTHERN</pddistrict><resolution>NONE</resolution><address>MARKET ST / 4TH ST</address><x>-122.405832474482</x><y>37.7857446545609</y><location human_address="{&quot;address&quot;:&quot;&quot;,&quot;city&quot;:&quot;&quot;,&quot;state&quot;:&quot;&quot;,&quot;zip&quot;:&quot;&quot;}" latitude="37.7857446545609" longitude="-122.405832474482" needs_recoding="false"/></row>