<?xml version="1.0" encoding="UTF-8"?><row _id="12661677" _uuid="93BC1D08-0A5C-411A-8B81-6AE4B925B4BD" _position="12661677" _address="http://data.sfgov.org/resource/ritf-b9ki/12661677"><incidntnum>150995547</incidntnum><category>SECONDARY CODES</category><descript>JUVENILE INVOLVED</descript><dayofweek>Sunday</dayofweek><date>2015-11-15T00:00:00</date><time>17:09</time><pddistrict>PARK</pddistrict><resolution>JUVENILE BOOKED</resolution><address>GEARY BL / STJOSEPHS AV</address><x>-122.442795743643</x><y>37.7828833959001</y><location human_address="{&quot;address&quot;:&quot;&quot;,&quot;city&quot;:&quot;&quot;,&quot;state&quot;:&quot;&quot;,&quot;zip&quot;:&quot;&quot;}" latitude="37.7828833959001" longitude="-122.442795743643" needs_recoding="false"/></row>