<?xml version="1.0" encoding="UTF-8"?><row _id="12663408" _uuid="2C331223-1A78-48D4-B898-28976DDCB8A1" _position="12663408" _address="http://data.sfgov.org/resource/ritf-b9ki/12663408"><incidntnum>150994298</incidntnum><category>SECONDARY CODES</category><descript>DOMESTIC VIOLENCE</descript><dayofweek>Sunday</dayofweek><date>2015-11-15T00:00:00</date><time>07:36</time><pddistrict>NORTHERN</pddistrict><resolution>ARREST, BOOKED</resolution><address>2200 Block of VANNESS AV</address><x>-122.423682814338</x><y>37.7962046209564</y><location human_address="{&quot;address&quot;:&quot;&quot;,&quot;city&quot;:&quot;&quot;,&quot;state&quot;:&quot;&quot;,&quot;zip&quot;:&quot;&quot;}" latitude="37.7962046209564" longitude="-122.423682814338" needs_recoding="false"/></row>