<?xml version="1.0" encoding="UTF-8"?><row _id="12663141" _uuid="D8C00E17-5FC0-4D2D-959C-4354045F6F82" _position="12663141" _address="http://data.sfgov.org/resource/ritf-b9ki/12663141"><incidntnum>151009612</incidntnum><category>LARCENY/THEFT</category><descript>GRAND THEFT FROM UNLOCKED AUTO</descript><dayofweek>Thursday</dayofweek><date>2015-11-19T00:00:00</date><time>20:15</time><pddistrict>CENTRAL</pddistrict><resolution>NONE</resolution><address>LARKIN ST / POST ST</address><x>-122.41827417166</x><y>37.7870372043685</y><location human_address="{&quot;address&quot;:&quot;&quot;,&quot;city&quot;:&quot;&quot;,&quot;state&quot;:&quot;&quot;,&quot;zip&quot;:&quot;&quot;}" latitude="37.7870372043685" longitude="-122.41827417166" needs_recoding="false"/></row>