<?xml version="1.0" encoding="UTF-8"?><row _id="12664857" _uuid="4FB06033-E7B3-482A-A248-45ED76616DCD" _position="12664857" _address="http://data.sfgov.org/resource/ritf-b9ki/12664857"><incidntnum>151015192</incidntnum><category>FRAUD</category><descript>FRAUDULENT USE OF AUTOMATED TELLER CARD</descript><dayofweek>Saturday</dayofweek><date>2015-11-21T00:00:00</date><time>01:00</time><pddistrict>MISSION</pddistrict><resolution>NONE</resolution><address>3400 Block of 19TH ST</address><x>-122.419623543912</x><y>37.7602652229581</y><location human_address="{&quot;address&quot;:&quot;&quot;,&quot;city&quot;:&quot;&quot;,&quot;state&quot;:&quot;&quot;,&quot;zip&quot;:&quot;&quot;}" latitude="37.7602652229581" longitude="-122.419623543912" needs_recoding="false"/></row>