<?xml version="1.0" encoding="UTF-8"?><row _id="12665298" _uuid="DF529341-75BB-4016-856E-66CD49E5A459" _position="12665298" _address="http://data.sfgov.org/resource/ritf-b9ki/12665298"><incidntnum>156288742</incidntnum><category>LARCENY/THEFT</category><descript>PETTY THEFT OF PROPERTY</descript><dayofweek>Monday</dayofweek><date>2015-11-23T00:00:00</date><time>09:30</time><pddistrict>TARAVAL</pddistrict><resolution>NONE</resolution><address>2000 Block of 31ST AV</address><x>-122.488931117103</x><y>37.7489955458884</y><location human_address="{&quot;address&quot;:&quot;&quot;,&quot;city&quot;:&quot;&quot;,&quot;state&quot;:&quot;&quot;,&quot;zip&quot;:&quot;&quot;}" latitude="37.7489955458884" longitude="-122.488931117103" needs_recoding="false"/></row>