<?xml version="1.0" encoding="UTF-8"?><row _id="12663116" _uuid="2676D8EB-73A5-4032-B54D-C60BC1602800" _position="12663116" _address="http://data.sfgov.org/resource/ritf-b9ki/12663116"><incidntnum>151009208</incidntnum><category>SUSPICIOUS OCC</category><descript>SUSPICIOUS OCCURRENCE</descript><dayofweek>Thursday</dayofweek><date>2015-11-19T00:00:00</date><time>19:00</time><pddistrict>BAYVIEW</pddistrict><resolution>NONE</resolution><address>26TH ST / CONNECTICUT ST</address><x>-122.396411072525</x><y>37.7511784346447</y><location human_address="{&quot;address&quot;:&quot;&quot;,&quot;city&quot;:&quot;&quot;,&quot;state&quot;:&quot;&quot;,&quot;zip&quot;:&quot;&quot;}" latitude="37.7511784346447" longitude="-122.396411072525" needs_recoding="false"/></row>