<?xml version="1.0" encoding="UTF-8"?><row _id="12662478" _uuid="9AA50DD8-9172-4591-802B-334125F9B75A" _position="12662478" _address="http://data.sfgov.org/resource/ritf-b9ki/12662478"><incidntnum>151000886</incidntnum><category>LARCENY/THEFT</category><descript>PETTY THEFT OF PROPERTY</descript><dayofweek>Tuesday</dayofweek><date>2015-11-17T00:00:00</date><time>11:26</time><pddistrict>SOUTHERN</pddistrict><resolution>NONE</resolution><address>0 Block of 2ND ST</address><x>-122.400004792139</x><y>37.7882497881474</y><location human_address="{&quot;address&quot;:&quot;&quot;,&quot;city&quot;:&quot;&quot;,&quot;state&quot;:&quot;&quot;,&quot;zip&quot;:&quot;&quot;}" latitude="37.7882497881474" longitude="-122.400004792139" needs_recoding="false"/></row>