<?xml version="1.0" encoding="UTF-8"?><row _id="12668036" _uuid="608E3768-B43A-4193-A24D-F5FA2069F481" _position="12668036" _address="http://data.sfgov.org/resource/ritf-b9ki/12668036"><incidntnum>151040575</incidntnum><category>NON-CRIMINAL</category><descript>AIDED CASE, MENTAL DISTURBED</descript><dayofweek>Monday</dayofweek><date>2015-11-30T00:00:00</date><time>23:21</time><pddistrict>MISSION</pddistrict><resolution>NONE</resolution><address>2100 Block of MISSION ST</address><x>-122.419470488515</x><y>37.7622701739914</y><location human_address="{&quot;address&quot;:&quot;&quot;,&quot;city&quot;:&quot;&quot;,&quot;state&quot;:&quot;&quot;,&quot;zip&quot;:&quot;&quot;}" latitude="37.7622701739914" longitude="-122.419470488515" needs_recoding="false"/></row>