<?xml version="1.0" encoding="UTF-8"?><row _id="12668614" _uuid="9AD28ECE-A9CB-42C2-8337-8738A94B1430" _position="12668614" _address="http://data.sfgov.org/resource/ritf-b9ki/12668614"><incidntnum>151042907</incidntnum><category>LARCENY/THEFT</category><descript>GRAND THEFT FROM LOCKED AUTO</descript><dayofweek>Tuesday</dayofweek><date>2015-12-01T00:00:00</date><time>18:30</time><pddistrict>BAYVIEW</pddistrict><resolution>NONE</resolution><address>200 Block of SILLIMAN ST</address><x>-122.407552865846</x><y>37.7305345049318</y><location human_address="{&quot;address&quot;:&quot;&quot;,&quot;city&quot;:&quot;&quot;,&quot;state&quot;:&quot;&quot;,&quot;zip&quot;:&quot;&quot;}" latitude="37.7305345049318" longitude="-122.407552865846" needs_recoding="false"/></row>