<?xml version="1.0" encoding="UTF-8"?><row _id="12662279" _uuid="4C697328-F591-45EB-AB71-C733770B8F15" _position="12662279" _address="http://data.sfgov.org/resource/ritf-b9ki/12662279"><incidntnum>156280447</incidntnum><category>LARCENY/THEFT</category><descript>GRAND THEFT FROM LOCKED AUTO</descript><dayofweek>Monday</dayofweek><date>2015-11-16T00:00:00</date><time>15:20</time><pddistrict>SOUTHERN</pddistrict><resolution>NONE</resolution><address>300 Block of 7TH ST</address><x>-122.406841835314</x><y>37.7758712904252</y><location human_address="{&quot;address&quot;:&quot;&quot;,&quot;city&quot;:&quot;&quot;,&quot;state&quot;:&quot;&quot;,&quot;zip&quot;:&quot;&quot;}" latitude="37.7758712904252" longitude="-122.406841835314" needs_recoding="false"/></row>