<?xml version="1.0" encoding="UTF-8"?><row _id="12663731" _uuid="CF2B8D3B-94C8-44F6-86A0-A827572DF663" _position="12663731" _address="http://data.sfgov.org/resource/ritf-b9ki/12663731"><incidntnum>151013005</incidntnum><category>LARCENY/THEFT</category><descript>GRAND THEFT FROM PERSON</descript><dayofweek>Friday</dayofweek><date>2015-11-20T00:00:00</date><time>23:30</time><pddistrict>NORTHERN</pddistrict><resolution>NONE</resolution><address>WEBSTER ST / MCALLISTER ST</address><x>-122.430047639392</x><y>37.7788487867396</y><location human_address="{&quot;address&quot;:&quot;&quot;,&quot;city&quot;:&quot;&quot;,&quot;state&quot;:&quot;&quot;,&quot;zip&quot;:&quot;&quot;}" latitude="37.7788487867396" longitude="-122.430047639392" needs_recoding="false"/></row>