<?xml version="1.0" encoding="UTF-8"?><row _id="12666674" _uuid="180B152C-E9FD-456F-B2B1-C45724996273" _position="12666674" _address="http://data.sfgov.org/resource/ritf-b9ki/12666674"><incidntnum>151027523</incidntnum><category>SECONDARY CODES</category><descript>GANG ACTIVITY</descript><dayofweek>Thursday</dayofweek><date>2015-11-26T00:00:00</date><time>01:14</time><pddistrict>INGLESIDE</pddistrict><resolution>NONE</resolution><address>0 Block of JOHNFSHELLEY DR</address><x>-122.414687620643</x><y>37.7202786979629</y><location human_address="{&quot;address&quot;:&quot;&quot;,&quot;city&quot;:&quot;&quot;,&quot;state&quot;:&quot;&quot;,&quot;zip&quot;:&quot;&quot;}" latitude="37.7202786979629" longitude="-122.414687620643" needs_recoding="false"/></row>