<?xml version="1.0" encoding="UTF-8"?><row _id="12667257" _uuid="8053881C-C1FD-4719-910D-65905ECACA69" _position="12667257" _address="http://data.sfgov.org/resource/ritf-b9ki/12667257"><incidntnum>156287841</incidntnum><category>LARCENY/THEFT</category><descript>GRAND THEFT FROM LOCKED AUTO</descript><dayofweek>Thursday</dayofweek><date>2015-11-26T00:00:00</date><time>00:01</time><pddistrict>INGLESIDE</pddistrict><resolution>NONE</resolution><address>0 Block of MANSFIELD ST</address><x>-122.423960312829</x><y>37.7238686463362</y><location human_address="{&quot;address&quot;:&quot;&quot;,&quot;city&quot;:&quot;&quot;,&quot;state&quot;:&quot;&quot;,&quot;zip&quot;:&quot;&quot;}" latitude="37.7238686463362" longitude="-122.423960312829" needs_recoding="false"/></row>