<?xml version="1.0" encoding="UTF-8"?><row _id="12663799" _uuid="1937F208-1959-44ED-8BD5-B242D41EF859" _position="12663799" _address="http://data.sfgov.org/resource/ritf-b9ki/12663799"><incidntnum>156286229</incidntnum><category>LARCENY/THEFT</category><descript>GRAND THEFT FROM LOCKED AUTO</descript><dayofweek>Friday</dayofweek><date>2015-11-20T00:00:00</date><time>19:00</time><pddistrict>CENTRAL</pddistrict><resolution>NONE</resolution><address>WASHINGTON ST / THE EMBARCADERONORTH ST</address><x>-122.395329662983</x><y>37.7966652983014</y><location human_address="{&quot;address&quot;:&quot;&quot;,&quot;city&quot;:&quot;&quot;,&quot;state&quot;:&quot;&quot;,&quot;zip&quot;:&quot;&quot;}" latitude="37.7966652983014" longitude="-122.395329662983" needs_recoding="false"/></row>