<?xml version="1.0" encoding="UTF-8"?><row _id="12666126" _uuid="0CC6F831-9616-4407-9C24-67CC7DAC5396" _position="12666126" _address="http://data.sfgov.org/resource/ritf-b9ki/12666126"><incidntnum>151033859</incidntnum><category>ASSAULT</category><descript>AGGRAVATED ASSAULT WITH BODILY FORCE</descript><dayofweek>Saturday</dayofweek><date>2015-11-28T00:00:00</date><time>03:00</time><pddistrict>NORTHERN</pddistrict><resolution>NONE</resolution><address>FILLMORE ST / GEARY BL</address><x>-122.432914603494</x><y>37.7843533426568</y><location human_address="{&quot;address&quot;:&quot;&quot;,&quot;city&quot;:&quot;&quot;,&quot;state&quot;:&quot;&quot;,&quot;zip&quot;:&quot;&quot;}" latitude="37.7843533426568" longitude="-122.432914603494" needs_recoding="false"/></row>