<?xml version="1.0" encoding="UTF-8"?><row _id="12661250" _uuid="3ADB9967-EFD8-41FF-A569-95022E46A344" _position="12661250" _address="http://data.sfgov.org/resource/ritf-b9ki/12661250"><incidntnum>150992151</incidntnum><category>DRUG/NARCOTIC</category><descript>POSSESSION OF MARIJUANA</descript><dayofweek>Saturday</dayofweek><date>2015-11-14T00:00:00</date><time>12:07</time><pddistrict>TENDERLOIN</pddistrict><resolution>ARREST, BOOKED</resolution><address>EDDY ST / TAYLOR ST</address><x>-122.410955248906</x><y>37.7841399509594</y><location human_address="{&quot;address&quot;:&quot;&quot;,&quot;city&quot;:&quot;&quot;,&quot;state&quot;:&quot;&quot;,&quot;zip&quot;:&quot;&quot;}" latitude="37.7841399509594" longitude="-122.410955248906" needs_recoding="false"/></row>