<?xml version="1.0" encoding="UTF-8"?><row _id="12669288" _uuid="520DB8BC-8B3A-42A5-93F9-A2BF8A170709" _position="12669288" _address="http://data.sfgov.org/resource/ritf-b9ki/12669288"><incidntnum>156292919</incidntnum><category>LARCENY/THEFT</category><descript>GRAND THEFT FROM UNLOCKED AUTO</descript><dayofweek>Thursday</dayofweek><date>2015-12-03T00:00:00</date><time>16:30</time><pddistrict>NORTHERN</pddistrict><resolution>NONE</resolution><address>300 Block of GOUGH ST</address><x>-122.422766863019</x><y>37.7761916214672</y><location human_address="{&quot;address&quot;:&quot;&quot;,&quot;city&quot;:&quot;&quot;,&quot;state&quot;:&quot;&quot;,&quot;zip&quot;:&quot;&quot;}" latitude="37.7761916214672" longitude="-122.422766863019" needs_recoding="false"/></row>