<?xml version="1.0" encoding="UTF-8"?><row _id="12662408" _uuid="D91C26F4-1238-49BF-AD8E-65FF494E916A" _position="12662408" _address="http://data.sfgov.org/resource/ritf-b9ki/12662408"><incidntnum>156280970</incidntnum><category>LARCENY/THEFT</category><descript>PETTY THEFT OF PROPERTY</descript><dayofweek>Tuesday</dayofweek><date>2015-11-17T00:00:00</date><time>02:00</time><pddistrict>SOUTHERN</pddistrict><resolution>NONE</resolution><address>FOLSOM ST / HALLAM ST</address><x>-122.408848122308</x><y>37.7759525921489</y><location human_address="{&quot;address&quot;:&quot;&quot;,&quot;city&quot;:&quot;&quot;,&quot;state&quot;:&quot;&quot;,&quot;zip&quot;:&quot;&quot;}" latitude="37.7759525921489" longitude="-122.408848122308" needs_recoding="false"/></row>