<?xml version="1.0" encoding="UTF-8"?><row _id="12661852" _uuid="BCCA6C4B-6BAA-4ECA-97CE-DCE2AE53584A" _position="12661852" _address="http://data.sfgov.org/resource/ritf-b9ki/12661852"><incidntnum>150995810</incidntnum><category>LARCENY/THEFT</category><descript>PETTY THEFT FROM LOCKED AUTO</descript><dayofweek>Sunday</dayofweek><date>2015-11-15T00:00:00</date><time>17:00</time><pddistrict>SOUTHERN</pddistrict><resolution>NONE</resolution><address>900 Block of HOWARD ST</address><x>-122.406508487003</x><y>37.7803313209065</y><location human_address="{&quot;address&quot;:&quot;&quot;,&quot;city&quot;:&quot;&quot;,&quot;state&quot;:&quot;&quot;,&quot;zip&quot;:&quot;&quot;}" latitude="37.7803313209065" longitude="-122.406508487003" needs_recoding="false"/></row>