<?xml version="1.0" encoding="UTF-8"?><row _id="12663322" _uuid="32086C5F-BC42-42DF-BE03-025CCCAD8E65" _position="12663322" _address="http://data.sfgov.org/resource/ritf-b9ki/12663322"><incidntnum>151006668</incidntnum><category>ASSAULT</category><descript>INFLICT INJURY ON COHABITEE</descript><dayofweek>Thursday</dayofweek><date>2015-11-19T00:00:00</date><time>05:00</time><pddistrict>INGLESIDE</pddistrict><resolution>NONE</resolution><address>0 Block of BROOKDALE AV</address><x>-122.4208910342</x><y>37.7120920675614</y><location human_address="{&quot;address&quot;:&quot;&quot;,&quot;city&quot;:&quot;&quot;,&quot;state&quot;:&quot;&quot;,&quot;zip&quot;:&quot;&quot;}" latitude="37.7120920675614" longitude="-122.4208910342" needs_recoding="false"/></row>