<?xml version="1.0" encoding="UTF-8"?><row _id="12661361" _uuid="2DB43343-E011-446E-A600-DA56BA110709" _position="12661361" _address="http://data.sfgov.org/resource/ritf-b9ki/12661361"><incidntnum>150991783</incidntnum><category>ROBBERY</category><descript>ROBBERY OF A CHAIN STORE WITH BODILY FORCE</descript><dayofweek>Saturday</dayofweek><date>2015-11-14T00:00:00</date><time>08:45</time><pddistrict>MISSION</pddistrict><resolution>NONE</resolution><address>400 Block of CASTRO ST</address><x>-122.435150099812</x><y>37.7617597243598</y><location human_address="{&quot;address&quot;:&quot;&quot;,&quot;city&quot;:&quot;&quot;,&quot;state&quot;:&quot;&quot;,&quot;zip&quot;:&quot;&quot;}" latitude="37.7617597243598" longitude="-122.435150099812" needs_recoding="false"/></row>