<?xml version="1.0" encoding="UTF-8"?><row _id="12668229" _uuid="E1901F5A-120D-444D-B255-B8B0E5B60A5D" _position="12668229" _address="http://data.sfgov.org/resource/ritf-b9ki/12668229"><incidntnum>151040092</incidntnum><category>LARCENY/THEFT</category><descript>GRAND THEFT FROM PERSON</descript><dayofweek>Monday</dayofweek><date>2015-11-30T00:00:00</date><time>18:55</time><pddistrict>SOUTHERN</pddistrict><resolution>NONE</resolution><address>0 Block of THE EMBARCADERONORTH ST</address><x>-122.38791460114</x><y>37.7833631726076</y><location human_address="{&quot;address&quot;:&quot;&quot;,&quot;city&quot;:&quot;&quot;,&quot;state&quot;:&quot;&quot;,&quot;zip&quot;:&quot;&quot;}" latitude="37.7833631726076" longitude="-122.38791460114" needs_recoding="false"/></row>