<?xml version="1.0" encoding="UTF-8"?><row _id="12664296" _uuid="F2789BC1-72EC-4530-8DDB-377B8FFEFA9B" _position="12664296" _address="http://data.sfgov.org/resource/ritf-b9ki/12664296"><incidntnum>151013629</incidntnum><category>BURGLARY</category><descript>BURGLARY OF RESIDENCE, UNLAWFUL ENTRY</descript><dayofweek>Saturday</dayofweek><date>2015-11-21T00:00:00</date><time>04:00</time><pddistrict>RICHMOND</pddistrict><resolution>NONE</resolution><address>200 Block of 18TH AV</address><x>-122.477509625043</x><y>37.783270513938</y><location human_address="{&quot;address&quot;:&quot;&quot;,&quot;city&quot;:&quot;&quot;,&quot;state&quot;:&quot;&quot;,&quot;zip&quot;:&quot;&quot;}" latitude="37.783270513938" longitude="-122.477509625043" needs_recoding="false"/></row>