<?xml version="1.0" encoding="UTF-8"?><row _id="12666886" _uuid="8483AC28-C151-4C73-B4E0-AB94FD295F6C" _position="12666886" _address="http://data.sfgov.org/resource/ritf-b9ki/12666886"><incidntnum>151004844</incidntnum><category>ASSAULT</category><descript>STALKING</descript><dayofweek>Monday</dayofweek><date>2015-11-16T00:00:00</date><time>00:01</time><pddistrict>BAYVIEW</pddistrict><resolution>NONE</resolution><address>500 Block of 16TH ST</address><x>-122.389969598767</x><y>37.7669067689539</y><location human_address="{&quot;address&quot;:&quot;&quot;,&quot;city&quot;:&quot;&quot;,&quot;state&quot;:&quot;&quot;,&quot;zip&quot;:&quot;&quot;}" latitude="37.7669067689539" longitude="-122.389969598767" needs_recoding="false"/></row>