<?xml version="1.0" encoding="UTF-8"?><row _id="12666434" _uuid="F5B8C212-215A-4CE6-895B-E09719B36FCA" _position="12666434" _address="http://data.sfgov.org/resource/ritf-b9ki/12666434"><incidntnum>151035297</incidntnum><category>LARCENY/THEFT</category><descript>PETTY THEFT FROM A BUILDING</descript><dayofweek>Saturday</dayofweek><date>2015-11-28T00:00:00</date><time>21:00</time><pddistrict>NORTHERN</pddistrict><resolution>NONE</resolution><address>1200 Block of POLK ST</address><x>-122.420326993863</x><y>37.7884521578132</y><location human_address="{&quot;address&quot;:&quot;&quot;,&quot;city&quot;:&quot;&quot;,&quot;state&quot;:&quot;&quot;,&quot;zip&quot;:&quot;&quot;}" latitude="37.7884521578132" longitude="-122.420326993863" needs_recoding="false"/></row>