<?xml version="1.0" encoding="UTF-8"?><row _id="12675316" _uuid="E8FA4A24-DC28-47AE-99E8-5228E1AEAA79" _position="12675316" _address="http://data.sfgov.org/resource/ritf-b9ki/12675316"><incidntnum>151101105</incidntnum><category>MISSING PERSON</category><descript>FOUND PERSON</descript><dayofweek>Tuesday</dayofweek><date>2015-12-22T00:00:00</date><time>03:02</time><pddistrict>MISSION</pddistrict><resolution>NONE</resolution><address>0 Block of HOFF ST</address><x>-122.420436287467</x><y>37.7641743318753</y><location human_address="{&quot;address&quot;:&quot;&quot;,&quot;city&quot;:&quot;&quot;,&quot;state&quot;:&quot;&quot;,&quot;zip&quot;:&quot;&quot;}" latitude="37.7641743318753" longitude="-122.420436287467" needs_recoding="false"/></row>