<?xml version="1.0" encoding="UTF-8"?><row _id="12662681" _uuid="279DCA49-9C36-4BF8-AFA4-115E0FD79E17" _position="12662681" _address="http://data.sfgov.org/resource/ritf-b9ki/12662681"><incidntnum>151003056</incidntnum><category>DRUG/NARCOTIC</category><descript>POSSESSION OF NARCOTICS PARAPHERNALIA</descript><dayofweek>Wednesday</dayofweek><date>2015-11-18T00:00:00</date><time>01:19</time><pddistrict>RICHMOND</pddistrict><resolution>ARREST, BOOKED</resolution><address>GEARY BL / 29TH AV</address><x>-122.489014404333</x><y>37.7798876770433</y><location human_address="{&quot;address&quot;:&quot;&quot;,&quot;city&quot;:&quot;&quot;,&quot;state&quot;:&quot;&quot;,&quot;zip&quot;:&quot;&quot;}" latitude="37.7798876770433" longitude="-122.489014404333" needs_recoding="false"/></row>