<?xml version="1.0" encoding="UTF-8"?><row _id="12670540" _uuid="F29283A0-DD45-457A-A7E2-3FA7B0BDC062" _position="12670540" _address="http://data.sfgov.org/resource/ritf-b9ki/12670540"><incidntnum>151062717</incidntnum><category>LARCENY/THEFT</category><descript>GRAND THEFT FROM A BUILDING</descript><dayofweek>Sunday</dayofweek><date>2015-12-06T00:00:00</date><time>21:30</time><pddistrict>NORTHERN</pddistrict><resolution>NONE</resolution><address>2400 Block of SACRAMENTO ST</address><x>-122.433800051784</x><y>37.7898100005704</y><location human_address="{&quot;address&quot;:&quot;&quot;,&quot;city&quot;:&quot;&quot;,&quot;state&quot;:&quot;&quot;,&quot;zip&quot;:&quot;&quot;}" latitude="37.7898100005704" longitude="-122.433800051784" needs_recoding="false"/></row>