<?xml version="1.0" encoding="UTF-8"?><row _id="12663288" _uuid="47267BD3-F4FF-4356-BC65-07461B99ABC4" _position="12663288" _address="http://data.sfgov.org/resource/ritf-b9ki/12663288"><incidntnum>151007547</incidntnum><category>WARRANTS</category><descript>ENROUTE TO OUTSIDE JURISDICTION</descript><dayofweek>Thursday</dayofweek><date>2015-11-19T00:00:00</date><time>11:42</time><pddistrict>TENDERLOIN</pddistrict><resolution>ARREST, BOOKED</resolution><address>300 Block of ELLIS ST</address><x>-122.411987643595</x><y>37.7850226622786</y><location human_address="{&quot;address&quot;:&quot;&quot;,&quot;city&quot;:&quot;&quot;,&quot;state&quot;:&quot;&quot;,&quot;zip&quot;:&quot;&quot;}" latitude="37.7850226622786" longitude="-122.411987643595" needs_recoding="false"/></row>