<?xml version="1.0" encoding="UTF-8"?><row _id="12662074" _uuid="109C17A4-762B-4954-8558-856BFE264904" _position="12662074" _address="http://data.sfgov.org/resource/ritf-b9ki/12662074"><incidntnum>150998632</incidntnum><category>LARCENY/THEFT</category><descript>GRAND THEFT FROM LOCKED AUTO</descript><dayofweek>Monday</dayofweek><date>2015-11-16T00:00:00</date><time>01:00</time><pddistrict>MISSION</pddistrict><resolution>NONE</resolution><address>19TH ST / POTRERO AV</address><x>-122.40706775926</x><y>37.7606618802723</y><location human_address="{&quot;address&quot;:&quot;&quot;,&quot;city&quot;:&quot;&quot;,&quot;state&quot;:&quot;&quot;,&quot;zip&quot;:&quot;&quot;}" latitude="37.7606618802723" longitude="-122.40706775926" needs_recoding="false"/></row>