<?xml version="1.0" encoding="UTF-8"?><row _id="12682626" _uuid="E8C51F00-CF4D-4E71-A6A4-0BAD26014556" _position="12682626" _address="http://data.sfgov.org/resource/ritf-b9ki/12682626"><incidntnum>151051964</incidntnum><category>NON-CRIMINAL</category><descript>LICENSE PLATE, RECOVERED</descript><dayofweek>Thursday</dayofweek><date>2015-12-03T00:00:00</date><time>17:30</time><pddistrict>PARK</pddistrict><resolution>NONE</resolution><address>0 Block of LOCKSLEY AV</address><x>-122.46331160715</x><y>37.7592202975893</y><location human_address="{&quot;address&quot;:&quot;&quot;,&quot;city&quot;:&quot;&quot;,&quot;state&quot;:&quot;&quot;,&quot;zip&quot;:&quot;&quot;}" latitude="37.7592202975893" longitude="-122.46331160715" needs_recoding="false"/></row>