<?xml version="1.0" encoding="UTF-8"?><row _id="12665184" _uuid="C5E78FB9-5047-479E-9697-7F256B2B965A" _position="12665184" _address="http://data.sfgov.org/resource/ritf-b9ki/12665184"><incidntnum>151022357</incidntnum><category>LARCENY/THEFT</category><descript>GRAND THEFT BICYCLE</descript><dayofweek>Monday</dayofweek><date>2015-11-23T00:00:00</date><time>18:30</time><pddistrict>MISSION</pddistrict><resolution>NONE</resolution><address>200 Block of DIVISION ST</address><x>-122.407449023036</x><y>37.7693261108291</y><location human_address="{&quot;address&quot;:&quot;&quot;,&quot;city&quot;:&quot;&quot;,&quot;state&quot;:&quot;&quot;,&quot;zip&quot;:&quot;&quot;}" latitude="37.7693261108291" longitude="-122.407449023036" needs_recoding="false"/></row>