<?xml version="1.0" encoding="UTF-8"?><row _id="12664926" _uuid="28410EF2-9B12-4844-AEE4-856711055DAD" _position="12664926" _address="http://data.sfgov.org/resource/ritf-b9ki/12664926"><incidntnum>151016689</incidntnum><category>FRAUD</category><descript>FALSE ID TO PEACE OFFICER</descript><dayofweek>Sunday</dayofweek><date>2015-11-22T00:00:00</date><time>11:39</time><pddistrict>MISSION</pddistrict><resolution>ARREST, BOOKED</resolution><address>0 Block of CYPRESS ST</address><x>-122.416817773116</x><y>37.7515327622359</y><location human_address="{&quot;address&quot;:&quot;&quot;,&quot;city&quot;:&quot;&quot;,&quot;state&quot;:&quot;&quot;,&quot;zip&quot;:&quot;&quot;}" latitude="37.7515327622359" longitude="-122.416817773116" needs_recoding="false"/></row>