<?xml version="1.0" encoding="UTF-8"?><row _id="12664178" _uuid="813D57E8-3A93-4490-BB5C-ED6355F16EA0" _position="12664178" _address="http://data.sfgov.org/resource/ritf-b9ki/12664178"><incidntnum>151015136</incidntnum><category>LARCENY/THEFT</category><descript>ATTEMPTED THEFT FROM LOCKED VEHICLE</descript><dayofweek>Saturday</dayofweek><date>2015-11-21T00:00:00</date><time>18:55</time><pddistrict>CENTRAL</pddistrict><resolution>NONE</resolution><address>BUSH ST / LEAVENWORTH ST</address><x>-122.415373701241</x><y>37.7893203404507</y><location human_address="{&quot;address&quot;:&quot;&quot;,&quot;city&quot;:&quot;&quot;,&quot;state&quot;:&quot;&quot;,&quot;zip&quot;:&quot;&quot;}" latitude="37.7893203404507" longitude="-122.415373701241" needs_recoding="false"/></row>