<?xml version="1.0" encoding="UTF-8"?><row _id="12669689" _uuid="1721D92F-29E8-462F-9A7B-FF2FD9635FD1" _position="12669689" _address="http://data.sfgov.org/resource/ritf-b9ki/12669689"><incidntnum>151052172</incidntnum><category>BURGLARY</category><descript>BURGLARY, HOT PROWL, FORCIBLE ENTRY</descript><dayofweek>Friday</dayofweek><date>2015-12-04T00:00:00</date><time>13:30</time><pddistrict>BAYVIEW</pddistrict><resolution>NONE</resolution><address>1500 Block of NEWCOMB AV</address><x>-122.388817917114</x><y>37.7347525080793</y><location human_address="{&quot;address&quot;:&quot;&quot;,&quot;city&quot;:&quot;&quot;,&quot;state&quot;:&quot;&quot;,&quot;zip&quot;:&quot;&quot;}" latitude="37.7347525080793" longitude="-122.388817917114" needs_recoding="false"/></row>