<?xml version="1.0" encoding="UTF-8"?><row _id="12669006" _uuid="BE799324-9BD4-4106-A3C4-8891AC5398C7" _position="12669006" _address="http://data.sfgov.org/resource/ritf-b9ki/12669006"><incidntnum>151048278</incidntnum><category>OTHER OFFENSES</category><descript>TRAFFIC VIOLATION ARREST</descript><dayofweek>Thursday</dayofweek><date>2015-12-03T00:00:00</date><time>14:46</time><pddistrict>PARK</pddistrict><resolution>ARREST, BOOKED</resolution><address>FELL ST / DIVISADERO ST</address><x>-122.437612766191</x><y>37.7740604119579</y><location human_address="{&quot;address&quot;:&quot;&quot;,&quot;city&quot;:&quot;&quot;,&quot;state&quot;:&quot;&quot;,&quot;zip&quot;:&quot;&quot;}" latitude="37.7740604119579" longitude="-122.437612766191" needs_recoding="false"/></row>