<?xml version="1.0" encoding="UTF-8"?><row _id="12669160" _uuid="91833564-F908-4899-A1A6-34533543A8A1" _position="12669160" _address="http://data.sfgov.org/resource/ritf-b9ki/12669160"><incidntnum>151048820</incidntnum><category>LARCENY/THEFT</category><descript>PETTY THEFT SHOPLIFTING</descript><dayofweek>Thursday</dayofweek><date>2015-12-03T00:00:00</date><time>12:55</time><pddistrict>MISSION</pddistrict><resolution>NONE</resolution><address>1700 Block of HARRISON ST</address><x>-122.413492224653</x><y>37.7690826019573</y><location human_address="{&quot;address&quot;:&quot;&quot;,&quot;city&quot;:&quot;&quot;,&quot;state&quot;:&quot;&quot;,&quot;zip&quot;:&quot;&quot;}" latitude="37.7690826019573" longitude="-122.413492224653" needs_recoding="false"/></row>