<?xml version="1.0" encoding="UTF-8"?><row _id="12664754" _uuid="A384D3AF-BB13-4F48-AA40-8D633C30CC24" _position="12664754" _address="http://data.sfgov.org/resource/ritf-b9ki/12664754"><incidntnum>151017596</incidntnum><category>LARCENY/THEFT</category><descript>GRAND THEFT FROM PERSON</descript><dayofweek>Sunday</dayofweek><date>2015-11-22T00:00:00</date><time>16:50</time><pddistrict>CENTRAL</pddistrict><resolution>NONE</resolution><address>1500 Block of THE EMBARCADERONORTH ST</address><x>-122.408136108062</x><y>37.8078603496682</y><location human_address="{&quot;address&quot;:&quot;&quot;,&quot;city&quot;:&quot;&quot;,&quot;state&quot;:&quot;&quot;,&quot;zip&quot;:&quot;&quot;}" latitude="37.8078603496682" longitude="-122.408136108062" needs_recoding="false"/></row>