<?xml version="1.0" encoding="UTF-8"?><row _id="12674480" _uuid="C73A16CB-2D8D-42A0-85C0-04A59B878C91" _position="12674480" _address="http://data.sfgov.org/resource/ritf-b9ki/12674480"><incidntnum>151093847</incidntnum><category>NON-CRIMINAL</category><descript>LOST PROPERTY</descript><dayofweek>Saturday</dayofweek><date>2015-12-19T00:00:00</date><time>00:45</time><pddistrict>NORTHERN</pddistrict><resolution>NONE</resolution><address>2200 Block of CHESTNUT ST</address><x>-122.439895933785</x><y>37.8002979847002</y><location human_address="{&quot;address&quot;:&quot;&quot;,&quot;city&quot;:&quot;&quot;,&quot;state&quot;:&quot;&quot;,&quot;zip&quot;:&quot;&quot;}" latitude="37.8002979847002" longitude="-122.439895933785" needs_recoding="false"/></row>