<?xml version="1.0" encoding="UTF-8"?><row _id="12667386" _uuid="21AF3C93-F1FA-4651-8E60-317B82E719EE" _position="12667386" _address="http://data.sfgov.org/resource/ritf-b9ki/12667386"><incidntnum>151031411</incidntnum><category>WARRANTS</category><descript>POST RELEASE COMMUNITY SUPERVISION</descript><dayofweek>Friday</dayofweek><date>2015-11-27T00:00:00</date><time>17:20</time><pddistrict>SOUTHERN</pddistrict><resolution>ARREST, BOOKED</resolution><address>300 Block of TOWNSEND ST</address><x>-122.396164058532</x><y>37.7762328753299</y><location human_address="{&quot;address&quot;:&quot;&quot;,&quot;city&quot;:&quot;&quot;,&quot;state&quot;:&quot;&quot;,&quot;zip&quot;:&quot;&quot;}" latitude="37.7762328753299" longitude="-122.396164058532" needs_recoding="false"/></row>