<?xml version="1.0" encoding="UTF-8"?><row _id="12661722" _uuid="BEB500C0-486D-42E3-A9C8-63BF978B5D3D" _position="12661722" _address="http://data.sfgov.org/resource/ritf-b9ki/12661722"><incidntnum>156279860</incidntnum><category>LARCENY/THEFT</category><descript>GRAND THEFT FROM LOCKED AUTO</descript><dayofweek>Sunday</dayofweek><date>2015-11-15T00:00:00</date><time>21:00</time><pddistrict>TARAVAL</pddistrict><resolution>NONE</resolution><address>41ST AV / QUINTARA ST</address><x>-122.499652867106</x><y>37.7476038653805</y><location human_address="{&quot;address&quot;:&quot;&quot;,&quot;city&quot;:&quot;&quot;,&quot;state&quot;:&quot;&quot;,&quot;zip&quot;:&quot;&quot;}" latitude="37.7476038653805" longitude="-122.499652867106" needs_recoding="false"/></row>