<?xml version="1.0" encoding="UTF-8"?><row _id="12661748" _uuid="2D1A92B6-8008-4C91-AC33-8E436C659A41" _position="12661748" _address="http://data.sfgov.org/resource/ritf-b9ki/12661748"><incidntnum>150994947</incidntnum><category>NON-CRIMINAL</category><descript>FOUND PROPERTY</descript><dayofweek>Sunday</dayofweek><date>2015-11-15T00:00:00</date><time>12:20</time><pddistrict>CENTRAL</pddistrict><resolution>NONE</resolution><address>LOMBARD ST / LEAVENWORTH ST</address><x>-122.417970141118</x><y>37.8022023203709</y><location human_address="{&quot;address&quot;:&quot;&quot;,&quot;city&quot;:&quot;&quot;,&quot;state&quot;:&quot;&quot;,&quot;zip&quot;:&quot;&quot;}" latitude="37.8022023203709" longitude="-122.417970141118" needs_recoding="false"/></row>