<?xml version="1.0" encoding="UTF-8"?><row _id="12661335" _uuid="9DA71CE9-D222-4779-A3C6-CE9D06AFB222" _position="12661335" _address="http://data.sfgov.org/resource/ritf-b9ki/12661335"><incidntnum>150998256</incidntnum><category>VEHICLE THEFT</category><descript>STOLEN AUTOMOBILE</descript><dayofweek>Saturday</dayofweek><date>2015-11-14T00:00:00</date><time>20:00</time><pddistrict>BAYVIEW</pddistrict><resolution>NONE</resolution><address>BACON ST / GOETTINGEN ST</address><x>-122.406566957339</x><y>37.7268581085141</y><location human_address="{&quot;address&quot;:&quot;&quot;,&quot;city&quot;:&quot;&quot;,&quot;state&quot;:&quot;&quot;,&quot;zip&quot;:&quot;&quot;}" latitude="37.7268581085141" longitude="-122.406566957339" needs_recoding="false"/></row>