<?xml version="1.0" encoding="UTF-8"?><row _id="12663879" _uuid="D8A895DD-D6C4-4623-86A1-617FEBD866E3" _position="12663879" _address="http://data.sfgov.org/resource/ritf-b9ki/12663879"><incidntnum>156283184</incidntnum><category>LARCENY/THEFT</category><descript>GRAND THEFT FROM LOCKED AUTO</descript><dayofweek>Friday</dayofweek><date>2015-11-20T00:00:00</date><time>19:00</time><pddistrict>RICHMOND</pddistrict><resolution>NONE</resolution><address>600 Block of 9TH AV</address><x>-122.467221148771</x><y>37.7761343245369</y><location human_address="{&quot;address&quot;:&quot;&quot;,&quot;city&quot;:&quot;&quot;,&quot;state&quot;:&quot;&quot;,&quot;zip&quot;:&quot;&quot;}" latitude="37.7761343245369" longitude="-122.467221148771" needs_recoding="false"/></row>