<?xml version="1.0" encoding="UTF-8"?><row _id="12665153" _uuid="C4636577-D1B6-43B5-AF38-7041E9273BE4" _position="12665153" _address="http://data.sfgov.org/resource/ritf-b9ki/12665153"><incidntnum>156284574</incidntnum><category>LARCENY/THEFT</category><descript>PETTY THEFT OF PROPERTY</descript><dayofweek>Monday</dayofweek><date>2015-11-23T00:00:00</date><time>13:00</time><pddistrict>TENDERLOIN</pddistrict><resolution>NONE</resolution><address>100 Block of POWELL ST</address><x>-122.40801449292</x><y>37.7859507767613</y><location human_address="{&quot;address&quot;:&quot;&quot;,&quot;city&quot;:&quot;&quot;,&quot;state&quot;:&quot;&quot;,&quot;zip&quot;:&quot;&quot;}" latitude="37.7859507767613" longitude="-122.40801449292" needs_recoding="false"/></row>