<?xml version="1.0" encoding="UTF-8"?><row _id="12661853" _uuid="4C6926E9-4FAD-4292-8DEF-AB455A469838" _position="12661853" _address="http://data.sfgov.org/resource/ritf-b9ki/12661853"><incidntnum>150996943</incidntnum><category>LARCENY/THEFT</category><descript>PETTY THEFT FROM A BUILDING</descript><dayofweek>Sunday</dayofweek><date>2015-11-15T00:00:00</date><time>19:30</time><pddistrict>SOUTHERN</pddistrict><resolution>ARREST, BOOKED</resolution><address>1000 Block of MISSION ST</address><x>-122.40989282029</x><y>37.7801134973164</y><location human_address="{&quot;address&quot;:&quot;&quot;,&quot;city&quot;:&quot;&quot;,&quot;state&quot;:&quot;&quot;,&quot;zip&quot;:&quot;&quot;}" latitude="37.7801134973164" longitude="-122.40989282029" needs_recoding="false"/></row>