<?xml version="1.0" encoding="UTF-8"?><row _id="12661312" _uuid="1B85CE31-58FD-440E-B889-825BEB79B434" _position="12661312" _address="http://data.sfgov.org/resource/ritf-b9ki/12661312"><incidntnum>150994787</incidntnum><category>VEHICLE THEFT</category><descript>STOLEN TRUCK</descript><dayofweek>Saturday</dayofweek><date>2015-11-14T00:00:00</date><time>21:30</time><pddistrict>MISSION</pddistrict><resolution>NONE</resolution><address>GRANDVIEW AV / CLIPPER ST</address><x>-122.442521474042</x><y>37.748183146401</y><location human_address="{&quot;address&quot;:&quot;&quot;,&quot;city&quot;:&quot;&quot;,&quot;state&quot;:&quot;&quot;,&quot;zip&quot;:&quot;&quot;}" latitude="37.748183146401" longitude="-122.442521474042" needs_recoding="false"/></row>