<?xml version="1.0" encoding="UTF-8"?><row _id="12662283" _uuid="C7CED6F7-9938-4F8C-854F-C1474F983C03" _position="12662283" _address="http://data.sfgov.org/resource/ritf-b9ki/12662283"><incidntnum>156283714</incidntnum><category>LARCENY/THEFT</category><descript>GRAND THEFT FROM LOCKED AUTO</descript><dayofweek>Monday</dayofweek><date>2015-11-16T00:00:00</date><time>15:45</time><pddistrict>TENDERLOIN</pddistrict><resolution>NONE</resolution><address>0 Block of UNITEDNATIONS PZ</address><x>-122.414317857881</x><y>37.7799444052046</y><location human_address="{&quot;address&quot;:&quot;&quot;,&quot;city&quot;:&quot;&quot;,&quot;state&quot;:&quot;&quot;,&quot;zip&quot;:&quot;&quot;}" latitude="37.7799444052046" longitude="-122.414317857881" needs_recoding="false"/></row>