<?xml version="1.0" encoding="UTF-8"?><row _id="12665937" _uuid="E4693563-F542-4919-A1DD-6184164B1D9B" _position="12665937" _address="http://data.sfgov.org/resource/ritf-b9ki/12665937"><incidntnum>151032265</incidntnum><category>DRUG/NARCOTIC</category><descript>POSSESSION OF MARIJUANA</descript><dayofweek>Friday</dayofweek><date>2015-11-27T00:00:00</date><time>23:02</time><pddistrict>INGLESIDE</pddistrict><resolution>ARREST, BOOKED</resolution><address>OCEAN AV / WATSON PL</address><x>-122.437019843133</x><y>37.7237242613667</y><location human_address="{&quot;address&quot;:&quot;&quot;,&quot;city&quot;:&quot;&quot;,&quot;state&quot;:&quot;&quot;,&quot;zip&quot;:&quot;&quot;}" latitude="37.7237242613667" longitude="-122.437019843133" needs_recoding="false"/></row>