<?xml version="1.0" encoding="UTF-8"?><row _id="12661296" _uuid="16DA46B3-203F-4502-B33A-F313F5709F86" _position="12661296" _address="http://data.sfgov.org/resource/ritf-b9ki/12661296"><incidntnum>150994464</incidntnum><category>VEHICLE THEFT</category><descript>STOLEN AUTOMOBILE</descript><dayofweek>Saturday</dayofweek><date>2015-11-14T00:00:00</date><time>22:30</time><pddistrict>INGLESIDE</pddistrict><resolution>NONE</resolution><address>MISSION ST / FRANCE AV</address><x>-122.43833067235</x><y>37.720016290744</y><location human_address="{&quot;address&quot;:&quot;&quot;,&quot;city&quot;:&quot;&quot;,&quot;state&quot;:&quot;&quot;,&quot;zip&quot;:&quot;&quot;}" latitude="37.720016290744" longitude="-122.43833067235" needs_recoding="false"/></row>