<?xml version="1.0" encoding="UTF-8"?><row _id="12672390" _uuid="8456F6B2-9D24-4238-B646-6B091778EC2D" _position="12672390" _address="http://data.sfgov.org/resource/ritf-b9ki/12672390"><incidntnum>151082094</incidntnum><category>VEHICLE THEFT</category><descript>STOLEN AUTOMOBILE</descript><dayofweek>Friday</dayofweek><date>2015-12-11T00:00:00</date><time>11:15</time><pddistrict>CENTRAL</pddistrict><resolution>NONE</resolution><address>400 Block of KEARNY ST</address><x>-122.404389314967</x><y>37.7921647064742</y><location human_address="{&quot;address&quot;:&quot;&quot;,&quot;city&quot;:&quot;&quot;,&quot;state&quot;:&quot;&quot;,&quot;zip&quot;:&quot;&quot;}" latitude="37.7921647064742" longitude="-122.404389314967" needs_recoding="false"/></row>