<?xml version="1.0" encoding="UTF-8"?><row _id="12661349" _uuid="6825D3FF-F3C1-4501-993A-F84D65A79EDE" _position="12661349" _address="http://data.sfgov.org/resource/ritf-b9ki/12661349"><incidntnum>150991307</incidntnum><category>ASSAULT</category><descript>AGGRAVATED ASSAULT WITH A DEADLY WEAPON</descript><dayofweek>Saturday</dayofweek><date>2015-11-14T00:00:00</date><time>01:18</time><pddistrict>CENTRAL</pddistrict><resolution>NONE</resolution><address>400 Block of BROADWAY ST</address><x>-122.405065483077</x><y>37.7980134745487</y><location human_address="{&quot;address&quot;:&quot;&quot;,&quot;city&quot;:&quot;&quot;,&quot;state&quot;:&quot;&quot;,&quot;zip&quot;:&quot;&quot;}" latitude="37.7980134745487" longitude="-122.405065483077" needs_recoding="false"/></row>