<?xml version="1.0" encoding="UTF-8"?><row _id="12662029" _uuid="98F5C857-EF2A-4D2E-BB0F-3BE58F302B51" _position="12662029" _address="http://data.sfgov.org/resource/ritf-b9ki/12662029"><incidntnum>150996658</incidntnum><category>OTHER OFFENSES</category><descript>MISCELLANEOUS INVESTIGATION</descript><dayofweek>Monday</dayofweek><date>2015-11-16T00:00:00</date><time>00:21</time><pddistrict>SOUTHERN</pddistrict><resolution>NONE</resolution><address>CLARA ST / 5TH ST</address><x>-122.402379853055</x><y>37.7794578169764</y><location human_address="{&quot;address&quot;:&quot;&quot;,&quot;city&quot;:&quot;&quot;,&quot;state&quot;:&quot;&quot;,&quot;zip&quot;:&quot;&quot;}" latitude="37.7794578169764" longitude="-122.402379853055" needs_recoding="false"/></row>