<?xml version="1.0" encoding="UTF-8"?><row _id="12666915" _uuid="A1628DB4-385A-4F7C-ADC1-33B72167931D" _position="12666915" _address="http://data.sfgov.org/resource/ritf-b9ki/12666915"><incidntnum>151029723</incidntnum><category>MISSING PERSON</category><descript>MISSING JUVENILE</descript><dayofweek>Thursday</dayofweek><date>2015-11-26T00:00:00</date><time>15:25</time><pddistrict>INGLESIDE</pddistrict><resolution>NONE</resolution><address>100 Block of PERSIA AV</address><x>-122.434764286692</x><y>37.7226161363136</y><location human_address="{&quot;address&quot;:&quot;&quot;,&quot;city&quot;:&quot;&quot;,&quot;state&quot;:&quot;&quot;,&quot;zip&quot;:&quot;&quot;}" latitude="37.7226161363136" longitude="-122.434764286692" needs_recoding="false"/></row>