<?xml version="1.0" encoding="UTF-8"?><row _id="12661912" _uuid="0D797788-4B6C-4427-A7FB-00C4762EEF76" _position="12661912" _address="http://data.sfgov.org/resource/ritf-b9ki/12661912"><incidntnum>156280936</incidntnum><category>LARCENY/THEFT</category><descript>PETTY THEFT OF PROPERTY</descript><dayofweek>Sunday</dayofweek><date>2015-11-15T00:00:00</date><time>23:00</time><pddistrict>NORTHERN</pddistrict><resolution>NONE</resolution><address>1800 Block of GEARY BL</address><x>-122.432035315509</x><y>37.7842501079896</y><location human_address="{&quot;address&quot;:&quot;&quot;,&quot;city&quot;:&quot;&quot;,&quot;state&quot;:&quot;&quot;,&quot;zip&quot;:&quot;&quot;}" latitude="37.7842501079896" longitude="-122.432035315509" needs_recoding="false"/></row>