<?xml version="1.0" encoding="UTF-8"?><row _id="12665124" _uuid="51786188-EA4A-441D-9005-F38CCCC46850" _position="12665124" _address="http://data.sfgov.org/resource/ritf-b9ki/12665124"><incidntnum>151020583</incidntnum><category>SUSPICIOUS OCC</category><descript>SUSPICIOUS OCCURRENCE</descript><dayofweek>Monday</dayofweek><date>2015-11-23T00:00:00</date><time>14:30</time><pddistrict>INGLESIDE</pddistrict><resolution>NONE</resolution><address>300 Block of BELLAVISTA WY</address><x>-122.451882589266</x><y>37.7363240967996</y><location human_address="{&quot;address&quot;:&quot;&quot;,&quot;city&quot;:&quot;&quot;,&quot;state&quot;:&quot;&quot;,&quot;zip&quot;:&quot;&quot;}" latitude="37.7363240967996" longitude="-122.451882589266" needs_recoding="false"/></row>