<?xml version="1.0" encoding="UTF-8"?><row _id="12665356" _uuid="5559C584-F0A5-4187-BFFC-46F493EEBEB7" _position="12665356" _address="http://data.sfgov.org/resource/ritf-b9ki/12665356"><incidntnum>151018970</incidntnum><category>NON-CRIMINAL</category><descript>LICENSE PLATE, FOUND</descript><dayofweek>Monday</dayofweek><date>2015-11-23T00:00:00</date><time>00:01</time><pddistrict>NORTHERN</pddistrict><resolution>NONE</resolution><address>1500 Block of LAGUNA ST</address><x>-122.428001663491</x><y>37.7853854130222</y><location human_address="{&quot;address&quot;:&quot;&quot;,&quot;city&quot;:&quot;&quot;,&quot;state&quot;:&quot;&quot;,&quot;zip&quot;:&quot;&quot;}" latitude="37.7853854130222" longitude="-122.428001663491" needs_recoding="false"/></row>