<?xml version="1.0" encoding="UTF-8"?><row _id="12666689" _uuid="206BDBC5-93F8-4D39-9F58-F794847F9205" _position="12666689" _address="http://data.sfgov.org/resource/ritf-b9ki/12666689"><incidntnum>151027959</incidntnum><category>OTHER OFFENSES</category><descript>TRAFFIC VIOLATION ARREST</descript><dayofweek>Thursday</dayofweek><date>2015-11-26T00:00:00</date><time>09:35</time><pddistrict>MISSION</pddistrict><resolution>ARREST, BOOKED</resolution><address>900 Block of POTRERO AV</address><x>-122.406870402082</x><y>37.7572895904578</y><location human_address="{&quot;address&quot;:&quot;&quot;,&quot;city&quot;:&quot;&quot;,&quot;state&quot;:&quot;&quot;,&quot;zip&quot;:&quot;&quot;}" latitude="37.7572895904578" longitude="-122.406870402082" needs_recoding="false"/></row>