<?xml version="1.0" encoding="UTF-8"?><row _id="12669172" _uuid="10146FAC-634F-4FB1-9B30-3FFBEA5C7A0A" _position="12669172" _address="http://data.sfgov.org/resource/ritf-b9ki/12669172"><incidntnum>151048977</incidntnum><category>LARCENY/THEFT</category><descript>GRAND THEFT FROM A BUILDING</descript><dayofweek>Thursday</dayofweek><date>2015-12-03T00:00:00</date><time>19:30</time><pddistrict>CENTRAL</pddistrict><resolution>NONE</resolution><address>100 Block of GEARY ST</address><x>-122.405819515169</x><y>37.7876106365854</y><location human_address="{&quot;address&quot;:&quot;&quot;,&quot;city&quot;:&quot;&quot;,&quot;state&quot;:&quot;&quot;,&quot;zip&quot;:&quot;&quot;}" latitude="37.7876106365854" longitude="-122.405819515169" needs_recoding="false"/></row>