<?xml version="1.0" encoding="UTF-8"?><row _id="12661895" _uuid="07C8B87F-7867-458C-A9BE-EFA7C643A2BE" _position="12661895" _address="http://data.sfgov.org/resource/ritf-b9ki/12661895"><incidntnum>150997991</incidntnum><category>NON-CRIMINAL</category><descript>LOST PROPERTY</descript><dayofweek>Sunday</dayofweek><date>2015-11-15T00:00:00</date><time>17:00</time><pddistrict>CENTRAL</pddistrict><resolution>NONE</resolution><address>1600 Block of THE EMBARCADERONORTH ST</address><x>-122.410774214375</x><y>37.8084350175869</y><location human_address="{&quot;address&quot;:&quot;&quot;,&quot;city&quot;:&quot;&quot;,&quot;state&quot;:&quot;&quot;,&quot;zip&quot;:&quot;&quot;}" latitude="37.8084350175869" longitude="-122.410774214375" needs_recoding="false"/></row>