<?xml version="1.0" encoding="UTF-8"?><row _id="12673531" _uuid="53561A0A-76B6-40DA-8841-FD687EF563FF" _position="12673531" _address="http://data.sfgov.org/resource/ritf-b9ki/12673531"><incidntnum>151080991</incidntnum><category>ASSAULT</category><descript>AGGRAVATED ASSAULT WITH BODILY FORCE</descript><dayofweek>Tuesday</dayofweek><date>2015-12-15T00:00:00</date><time>03:42</time><pddistrict>TARAVAL</pddistrict><resolution>NONE</resolution><address>1500 Block of GREAT HY</address><x>-122.508936002109</x><y>37.7574698367316</y><location human_address="{&quot;address&quot;:&quot;&quot;,&quot;city&quot;:&quot;&quot;,&quot;state&quot;:&quot;&quot;,&quot;zip&quot;:&quot;&quot;}" latitude="37.7574698367316" longitude="-122.508936002109" needs_recoding="false"/></row>