<?xml version="1.0" encoding="UTF-8"?><row _id="12662212" _uuid="92A517B7-47DA-403C-A1D7-934C01FCFDA4" _position="12662212" _address="http://data.sfgov.org/resource/ritf-b9ki/12662212"><incidntnum>150999549</incidntnum><category>VANDALISM</category><descript>MALICIOUS MISCHIEF, VANDALISM</descript><dayofweek>Monday</dayofweek><date>2015-11-16T00:00:00</date><time>08:40</time><pddistrict>MISSION</pddistrict><resolution>NONE</resolution><address>4100 Block of 22ND ST</address><x>-122.438230232715</x><y>37.7543161956024</y><location human_address="{&quot;address&quot;:&quot;&quot;,&quot;city&quot;:&quot;&quot;,&quot;state&quot;:&quot;&quot;,&quot;zip&quot;:&quot;&quot;}" latitude="37.7543161956024" longitude="-122.438230232715" needs_recoding="false"/></row>