<?xml version="1.0" encoding="UTF-8"?><row _id="12665500" _uuid="8A665856-078F-4675-B310-FA25152047B0" _position="12665500" _address="http://data.sfgov.org/resource/ritf-b9ki/12665500"><incidntnum>151023082</incidntnum><category>WARRANTS</category><descript>ENROUTE TO OUTSIDE JURISDICTION</descript><dayofweek>Tuesday</dayofweek><date>2015-11-24T00:00:00</date><time>14:51</time><pddistrict>INGLESIDE</pddistrict><resolution>ARREST, BOOKED</resolution><address>0 Block of BROOKDALE AV</address><x>-122.4208910342</x><y>37.7120920675614</y><location human_address="{&quot;address&quot;:&quot;&quot;,&quot;city&quot;:&quot;&quot;,&quot;state&quot;:&quot;&quot;,&quot;zip&quot;:&quot;&quot;}" latitude="37.7120920675614" longitude="-122.4208910342" needs_recoding="false"/></row>