<?xml version="1.0" encoding="UTF-8"?><row _id="12664722" _uuid="ECB227DF-99A3-4D3F-B083-3ADF0E2A8F01" _position="12664722" _address="http://data.sfgov.org/resource/ritf-b9ki/12664722"><incidntnum>156283269</incidntnum><category>LARCENY/THEFT</category><descript>PETTY THEFT OF PROPERTY</descript><dayofweek>Sunday</dayofweek><date>2015-11-22T00:00:00</date><time>09:30</time><pddistrict>TARAVAL</pddistrict><resolution>NONE</resolution><address>700 Block of VICTORIA ST</address><x>-122.46417310601</x><y>37.7241502967626</y><location human_address="{&quot;address&quot;:&quot;&quot;,&quot;city&quot;:&quot;&quot;,&quot;state&quot;:&quot;&quot;,&quot;zip&quot;:&quot;&quot;}" latitude="37.7241502967626" longitude="-122.46417310601" needs_recoding="false"/></row>