<?xml version="1.0" encoding="UTF-8"?><row _id="12664665" _uuid="821C3E1E-458C-4D84-A774-11F5CF8DBF5C" _position="12664665" _address="http://data.sfgov.org/resource/ritf-b9ki/12664665"><incidntnum>151021854</incidntnum><category>VEHICLE THEFT</category><descript>STOLEN TRUCK</descript><dayofweek>Sunday</dayofweek><date>2015-11-22T00:00:00</date><time>19:00</time><pddistrict>NORTHERN</pddistrict><resolution>NONE</resolution><address>LARKIN ST / MCALLISTER ST</address><x>-122.416948565876</x><y>37.7804689268479</y><location human_address="{&quot;address&quot;:&quot;&quot;,&quot;city&quot;:&quot;&quot;,&quot;state&quot;:&quot;&quot;,&quot;zip&quot;:&quot;&quot;}" latitude="37.7804689268479" longitude="-122.416948565876" needs_recoding="false"/></row>