<?xml version="1.0" encoding="UTF-8"?><row _id="12662879" _uuid="41B8030B-6FE6-4DC4-8157-7EC8674463A1" _position="12662879" _address="http://data.sfgov.org/resource/ritf-b9ki/12662879"><incidntnum>151005347</incidntnum><category>OTHER OFFENSES</category><descript>TAMPERING WITH A VEHICLE</descript><dayofweek>Wednesday</dayofweek><date>2015-11-18T00:00:00</date><time>17:44</time><pddistrict>CENTRAL</pddistrict><resolution>ARREST, BOOKED</resolution><address>200 Block of CALIFORNIA ST</address><x>-122.399392457561</x><y>37.7933368944757</y><location human_address="{&quot;address&quot;:&quot;&quot;,&quot;city&quot;:&quot;&quot;,&quot;state&quot;:&quot;&quot;,&quot;zip&quot;:&quot;&quot;}" latitude="37.7933368944757" longitude="-122.399392457561" needs_recoding="false"/></row>