<?xml version="1.0" encoding="UTF-8"?><row _id="12662529" _uuid="E6C96C6C-4F02-448B-B53F-7264F071CCBD" _position="12662529" _address="http://data.sfgov.org/resource/ritf-b9ki/12662529"><incidntnum>151002490</incidntnum><category>WARRANTS</category><descript>ENROUTE TO PAROLE OFFICER</descript><dayofweek>Tuesday</dayofweek><date>2015-11-17T00:00:00</date><time>18:00</time><pddistrict>NORTHERN</pddistrict><resolution>ARREST, BOOKED</resolution><address>1100 Block of STEINER ST</address><x>-122.43376037857</x><y>37.7798208705936</y><location human_address="{&quot;address&quot;:&quot;&quot;,&quot;city&quot;:&quot;&quot;,&quot;state&quot;:&quot;&quot;,&quot;zip&quot;:&quot;&quot;}" latitude="37.7798208705936" longitude="-122.43376037857" needs_recoding="false"/></row>