<?xml version="1.0" encoding="UTF-8"?><row _id="12662076" _uuid="4D3D0770-5365-4124-8210-0DAD8D43A11B" _position="12662076" _address="http://data.sfgov.org/resource/ritf-b9ki/12662076"><incidntnum>156281439</incidntnum><category>LARCENY/THEFT</category><descript>GRAND THEFT FROM UNLOCKED AUTO</descript><dayofweek>Monday</dayofweek><date>2015-11-16T00:00:00</date><time>06:33</time><pddistrict>NORTHERN</pddistrict><resolution>NONE</resolution><address>WASHINGTON ST / OCTAVIA ST</address><x>-122.427807851203</x><y>37.7924249809881</y><location human_address="{&quot;address&quot;:&quot;&quot;,&quot;city&quot;:&quot;&quot;,&quot;state&quot;:&quot;&quot;,&quot;zip&quot;:&quot;&quot;}" latitude="37.7924249809881" longitude="-122.427807851203" needs_recoding="false"/></row>