<?xml version="1.0" encoding="UTF-8"?><row _id="12664501" _uuid="96CF8FCD-9F8B-4BA0-A986-0DDB3457B38E" _position="12664501" _address="http://data.sfgov.org/resource/ritf-b9ki/12664501"><incidntnum>151019122</incidntnum><category>VEHICLE THEFT</category><descript>STOLEN AUTOMOBILE</descript><dayofweek>Friday</dayofweek><date>2015-11-20T00:00:00</date><time>21:45</time><pddistrict>MISSION</pddistrict><resolution>NONE</resolution><address>2900 Block of 26TH ST</address><x>-122.409312943294</x><y>37.7496263957217</y><location human_address="{&quot;address&quot;:&quot;&quot;,&quot;city&quot;:&quot;&quot;,&quot;state&quot;:&quot;&quot;,&quot;zip&quot;:&quot;&quot;}" latitude="37.7496263957217" longitude="-122.409312943294" needs_recoding="false"/></row>