<?xml version="1.0" encoding="UTF-8"?><row _id="12665902" _uuid="58405563-2750-45B2-AA1C-A794E1C7AE71" _position="12665902" _address="http://data.sfgov.org/resource/ritf-b9ki/12665902"><incidntnum>151026729</incidntnum><category>VEHICLE THEFT</category><descript>STOLEN TRUCK</descript><dayofweek>Wednesday</dayofweek><date>2015-11-25T00:00:00</date><time>08:30</time><pddistrict>RICHMOND</pddistrict><resolution>UNFOUNDED</resolution><address>6TH AV / BALBOA ST</address><x>-122.464011512787</x><y>37.7772330310478</y><location human_address="{&quot;address&quot;:&quot;&quot;,&quot;city&quot;:&quot;&quot;,&quot;state&quot;:&quot;&quot;,&quot;zip&quot;:&quot;&quot;}" latitude="37.7772330310478" longitude="-122.464011512787" needs_recoding="false"/></row>