<?xml version="1.0" encoding="UTF-8"?><row _id="12665589" _uuid="E55AA64E-DA20-4402-98B2-A0A5F75C7656" _position="12665589" _address="http://data.sfgov.org/resource/ritf-b9ki/12665589"><incidntnum>151023537</incidntnum><category>OTHER OFFENSES</category><descript>DEFRAUDING TAXI DRIVER</descript><dayofweek>Tuesday</dayofweek><date>2015-11-24T00:00:00</date><time>17:45</time><pddistrict>BAYVIEW</pddistrict><resolution>NONE</resolution><address>5400 Block of 3RD ST</address><x>-122.392931662742</x><y>37.7280754569094</y><location human_address="{&quot;address&quot;:&quot;&quot;,&quot;city&quot;:&quot;&quot;,&quot;state&quot;:&quot;&quot;,&quot;zip&quot;:&quot;&quot;}" latitude="37.7280754569094" longitude="-122.392931662742" needs_recoding="false"/></row>