<?xml version="1.0" encoding="UTF-8"?><row _id="12667511" _uuid="6D901190-AC12-4DC7-9FE8-3D9EDF86A891" _position="12667511" _address="http://data.sfgov.org/resource/ritf-b9ki/12667511"><incidntnum>151053669</incidntnum><category>OTHER OFFENSES</category><descript>FALSE PERSONATION TO RECEIVE MONEY OR PROPERTY</descript><dayofweek>Wednesday</dayofweek><date>2015-11-18T00:00:00</date><time>00:01</time><pddistrict>CENTRAL</pddistrict><resolution>NONE</resolution><address>600 Block of LOMBARD ST</address><x>-122.41223801742</x><y>37.8029830783987</y><location human_address="{&quot;address&quot;:&quot;&quot;,&quot;city&quot;:&quot;&quot;,&quot;state&quot;:&quot;&quot;,&quot;zip&quot;:&quot;&quot;}" latitude="37.8029830783987" longitude="-122.41223801742" needs_recoding="false"/></row>