<?xml version="1.0" encoding="UTF-8"?><row _id="12662975" _uuid="1462D55D-4894-419F-8F86-E931DC6E311E" _position="12662975" _address="http://data.sfgov.org/resource/ritf-b9ki/12662975"><incidntnum>151006044</incidntnum><category>VEHICLE THEFT</category><descript>STOLEN AND RECOVERED VEHICLE</descript><dayofweek>Wednesday</dayofweek><date>2015-11-18T00:00:00</date><time>21:31</time><pddistrict>NORTHERN</pddistrict><resolution>ARREST, BOOKED</resolution><address>700 Block of FILLMORE ST</address><x>-122.431361636424</x><y>37.7762972389613</y><location human_address="{&quot;address&quot;:&quot;&quot;,&quot;city&quot;:&quot;&quot;,&quot;state&quot;:&quot;&quot;,&quot;zip&quot;:&quot;&quot;}" latitude="37.7762972389613" longitude="-122.431361636424" needs_recoding="false"/></row>