<?xml version="1.0" encoding="UTF-8"?><row _id="12676348" _uuid="52D486F6-E0B1-4DAF-B146-AA0B73B888E6" _position="12676348" _address="http://data.sfgov.org/resource/ritf-b9ki/12676348"><incidntnum>156310298</incidntnum><category>LARCENY/THEFT</category><descript>GRAND THEFT FROM LOCKED AUTO</descript><dayofweek>Tuesday</dayofweek><date>2015-12-22T00:00:00</date><time>19:30</time><pddistrict>RICHMOND</pddistrict><resolution>NONE</resolution><address>GEARY BL / 18TH AV</address><x>-122.477241022391</x><y>37.7804373318996</y><location human_address="{&quot;address&quot;:&quot;&quot;,&quot;city&quot;:&quot;&quot;,&quot;state&quot;:&quot;&quot;,&quot;zip&quot;:&quot;&quot;}" latitude="37.7804373318996" longitude="-122.477241022391" needs_recoding="false"/></row>