<?xml version="1.0" encoding="UTF-8"?><row _id="12663285" _uuid="AC80302D-9600-4AAF-8B4F-DCE628F53D9F" _position="12663285" _address="http://data.sfgov.org/resource/ritf-b9ki/12663285"><incidntnum>151006812</incidntnum><category>DISORDERLY CONDUCT</category><descript>MAINTAINING A PUBLIC NUISANCE AFTER NOTIFICATION</descript><dayofweek>Thursday</dayofweek><date>2015-11-19T00:00:00</date><time>08:18</time><pddistrict>NORTHERN</pddistrict><resolution>ARREST, BOOKED</resolution><address>100 Block of WILLOW ST</address><x>-122.420078493883</x><y>37.7835214867196</y><location human_address="{&quot;address&quot;:&quot;&quot;,&quot;city&quot;:&quot;&quot;,&quot;state&quot;:&quot;&quot;,&quot;zip&quot;:&quot;&quot;}" latitude="37.7835214867196" longitude="-122.420078493883" needs_recoding="false"/></row>