<?xml version="1.0" encoding="UTF-8"?><row _id="12670665" _uuid="F32BC638-D72A-4A3B-84AB-D061EA6D43BA" _position="12670665" _address="http://data.sfgov.org/resource/ritf-b9ki/12670665"><incidntnum>151056130</incidntnum><category>SUSPICIOUS OCC</category><descript>INVESTIGATIVE DETENTION</descript><dayofweek>Sunday</dayofweek><date>2015-12-06T00:00:00</date><time>12:56</time><pddistrict>SOUTHERN</pddistrict><resolution>NONE</resolution><address>0 Block of UNITEDNATIONS PZ</address><x>-122.414317857881</x><y>37.7799444052046</y><location human_address="{&quot;address&quot;:&quot;&quot;,&quot;city&quot;:&quot;&quot;,&quot;state&quot;:&quot;&quot;,&quot;zip&quot;:&quot;&quot;}" latitude="37.7799444052046" longitude="-122.414317857881" needs_recoding="false"/></row>