<?xml version="1.0" encoding="UTF-8"?><row _id="12666984" _uuid="1C08372C-A20A-40BB-8630-C361DED12506" _position="12666984" _address="http://data.sfgov.org/resource/ritf-b9ki/12666984"><incidntnum>151034512</incidntnum><category>NON-CRIMINAL</category><descript>DEATH REPORT, CAUSE UNKNOWN</descript><dayofweek>Saturday</dayofweek><date>2015-11-28T00:00:00</date><time>16:30</time><pddistrict>NORTHERN</pddistrict><resolution>NONE</resolution><address>2000 Block of SUTTER ST</address><x>-122.434121356001</x><y>37.7860330497327</y><location human_address="{&quot;address&quot;:&quot;&quot;,&quot;city&quot;:&quot;&quot;,&quot;state&quot;:&quot;&quot;,&quot;zip&quot;:&quot;&quot;}" latitude="37.7860330497327" longitude="-122.434121356001" needs_recoding="false"/></row>