<?xml version="1.0" encoding="UTF-8"?><row _id="12667104" _uuid="55CF638A-1B6E-40E3-B866-3DB5760A6D7D" _position="12667104" _address="http://data.sfgov.org/resource/ritf-b9ki/12667104"><incidntnum>151053879</incidntnum><category>FORGERY/COUNTERFEITING</category><descript>CHECKS, MAKE OR PASS FICTITIOUS</descript><dayofweek>Monday</dayofweek><date>2015-11-16T00:00:00</date><time>00:01</time><pddistrict>NORTHERN</pddistrict><resolution>NONE</resolution><address>100 Block of GOUGH ST</address><x>-122.422527024367</x><y>37.7743290801717</y><location human_address="{&quot;address&quot;:&quot;&quot;,&quot;city&quot;:&quot;&quot;,&quot;state&quot;:&quot;&quot;,&quot;zip&quot;:&quot;&quot;}" latitude="37.7743290801717" longitude="-122.422527024367" needs_recoding="false"/></row>