<?xml version="1.0" encoding="UTF-8"?><row _id="12670781" _uuid="AFA1B4BC-6ECC-4638-8159-E5774F094EC8" _position="12670781" _address="http://data.sfgov.org/resource/ritf-b9ki/12670781"><incidntnum>156298086</incidntnum><category>NON-CRIMINAL</category><descript>LOST PROPERTY</descript><dayofweek>Monday</dayofweek><date>2015-12-07T00:00:00</date><time>10:35</time><pddistrict>RICHMOND</pddistrict><resolution>NONE</resolution><address>CALIFORNIA ST / LOCUST ST</address><x>-122.451757655731</x><y>37.7866167883705</y><location human_address="{&quot;address&quot;:&quot;&quot;,&quot;city&quot;:&quot;&quot;,&quot;state&quot;:&quot;&quot;,&quot;zip&quot;:&quot;&quot;}" latitude="37.7866167883705" longitude="-122.451757655731" needs_recoding="false"/></row>