<?xml version="1.0" encoding="UTF-8"?><row _id="12666853" _uuid="027BAE94-FEE8-4B82-97B1-420E5CE4E6B8" _position="12666853" _address="http://data.sfgov.org/resource/ritf-b9ki/12666853"><incidntnum>156288366</incidntnum><category>LARCENY/THEFT</category><descript>GRAND THEFT FROM UNLOCKED AUTO</descript><dayofweek>Saturday</dayofweek><date>2015-11-28T00:00:00</date><time>00:01</time><pddistrict>NORTHERN</pddistrict><resolution>NONE</resolution><address>1100 Block of FILLMORE ST</address><x>-122.432116233695</x><y>37.7800304351156</y><location human_address="{&quot;address&quot;:&quot;&quot;,&quot;city&quot;:&quot;&quot;,&quot;state&quot;:&quot;&quot;,&quot;zip&quot;:&quot;&quot;}" latitude="37.7800304351156" longitude="-122.432116233695" needs_recoding="false"/></row>