<?xml version="1.0" encoding="UTF-8"?><row _id="12666677" _uuid="5AC7D0A1-194C-4FB1-90A1-DF4BCE0C7115" _position="12666677" _address="http://data.sfgov.org/resource/ritf-b9ki/12666677"><incidntnum>151029870</incidntnum><category>SUSPICIOUS OCC</category><descript>SUSPICIOUS OCCURRENCE</descript><dayofweek>Friday</dayofweek><date>2015-11-27T00:00:00</date><time>06:40</time><pddistrict>RICHMOND</pddistrict><resolution>NONE</resolution><address>2100 Block of SUTTER ST</address><x>-122.43574226156</x><y>37.7857157633495</y><location human_address="{&quot;address&quot;:&quot;&quot;,&quot;city&quot;:&quot;&quot;,&quot;state&quot;:&quot;&quot;,&quot;zip&quot;:&quot;&quot;}" latitude="37.7857157633495" longitude="-122.43574226156" needs_recoding="false"/></row>