<?xml version="1.0" encoding="UTF-8"?><row _id="12661628" _uuid="55709471-E3BB-4AF4-B0B3-08E202CAE102" _position="12661628" _address="http://data.sfgov.org/resource/ritf-b9ki/12661628"><incidntnum>150993585</incidntnum><category>OTHER OFFENSES</category><descript>FALSE PERSONATION</descript><dayofweek>Saturday</dayofweek><date>2015-11-14T00:00:00</date><time>13:00</time><pddistrict>CENTRAL</pddistrict><resolution>ARREST, BOOKED</resolution><address>500 Block of NORTHPOINT ST</address><x>-122.416280805077</x><y>37.8062946812333</y><location human_address="{&quot;address&quot;:&quot;&quot;,&quot;city&quot;:&quot;&quot;,&quot;state&quot;:&quot;&quot;,&quot;zip&quot;:&quot;&quot;}" latitude="37.8062946812333" longitude="-122.416280805077" needs_recoding="false"/></row>