<?xml version="1.0" encoding="UTF-8"?><row _id="12668615" _uuid="DC9C5305-BABF-4125-A2B8-03CD1679A115" _position="12668615" _address="http://data.sfgov.org/resource/ritf-b9ki/12668615"><incidntnum>151044038</incidntnum><category>VEHICLE THEFT</category><descript>STOLEN MOTORCYCLE</descript><dayofweek>Tuesday</dayofweek><date>2015-12-01T00:00:00</date><time>19:00</time><pddistrict>INGLESIDE</pddistrict><resolution>NONE</resolution><address>700 Block of VISITACION AV</address><x>-122.406584098967</x><y>37.7111277054492</y><location human_address="{&quot;address&quot;:&quot;&quot;,&quot;city&quot;:&quot;&quot;,&quot;state&quot;:&quot;&quot;,&quot;zip&quot;:&quot;&quot;}" latitude="37.7111277054492" longitude="-122.406584098967" needs_recoding="false"/></row>