<?xml version="1.0" encoding="UTF-8"?><row _id="12670709" _uuid="CD482358-672E-4CF1-97C4-F41CDE427C03" _position="12670709" _address="http://data.sfgov.org/resource/ritf-b9ki/12670709"><incidntnum>151059128</incidntnum><category>WARRANTS</category><descript>WARRANT ARREST</descript><dayofweek>Monday</dayofweek><date>2015-12-07T00:00:00</date><time>14:24</time><pddistrict>NORTHERN</pddistrict><resolution>ARREST, BOOKED</resolution><address>OFARRELL ST / LARKIN ST</address><x>-122.417903977564</x><y>37.7851670875517</y><location human_address="{&quot;address&quot;:&quot;&quot;,&quot;city&quot;:&quot;&quot;,&quot;state&quot;:&quot;&quot;,&quot;zip&quot;:&quot;&quot;}" latitude="37.7851670875517" longitude="-122.417903977564" needs_recoding="false"/></row>