<?xml version="1.0" encoding="UTF-8"?><row _id="12662548" _uuid="FD4408C8-C55B-4F1A-872D-765E82E504C5" _position="12662548" _address="http://data.sfgov.org/resource/ritf-b9ki/12662548"><incidntnum>151005751</incidntnum><category>NON-CRIMINAL</category><descript>FOUND PROPERTY</descript><dayofweek>Tuesday</dayofweek><date>2015-11-17T00:00:00</date><time>16:30</time><pddistrict>BAYVIEW</pddistrict><resolution>NONE</resolution><address>1200 Block of 3RD ST</address><x>-122.389517648036</x><y>37.7724682400061</y><location human_address="{&quot;address&quot;:&quot;&quot;,&quot;city&quot;:&quot;&quot;,&quot;state&quot;:&quot;&quot;,&quot;zip&quot;:&quot;&quot;}" latitude="37.7724682400061" longitude="-122.389517648036" needs_recoding="false"/></row>