<?xml version="1.0" encoding="UTF-8"?><row _id="12662383" _uuid="EC480030-6F89-44DF-A8E0-2883F471570E" _position="12662383" _address="http://data.sfgov.org/resource/ritf-b9ki/12662383"><incidntnum>151000228</incidntnum><category>LARCENY/THEFT</category><descript>PETTY THEFT FROM LOCKED AUTO</descript><dayofweek>Tuesday</dayofweek><date>2015-11-17T00:00:00</date><time>00:01</time><pddistrict>SOUTHERN</pddistrict><resolution>NONE</resolution><address>10TH ST / HOWARD ST</address><x>-122.414370627495</x><y>37.7740418385041</y><location human_address="{&quot;address&quot;:&quot;&quot;,&quot;city&quot;:&quot;&quot;,&quot;state&quot;:&quot;&quot;,&quot;zip&quot;:&quot;&quot;}" latitude="37.7740418385041" longitude="-122.414370627495" needs_recoding="false"/></row>