<?xml version="1.0" encoding="UTF-8"?><row _id="12667574" _uuid="240B5DD3-E4AA-4162-BCE0-033324F5190A" _position="12667574" _address="http://data.sfgov.org/resource/ritf-b9ki/12667574"><incidntnum>151036364</incidntnum><category>OTHER OFFENSES</category><descript>DRIVERS LICENSE, SUSPENDED OR REVOKED</descript><dayofweek>Sunday</dayofweek><date>2015-11-29T00:00:00</date><time>14:35</time><pddistrict>INGLESIDE</pddistrict><resolution>ARREST, BOOKED</resolution><address>SUNNYDALE AV / PERSIA AV</address><x>-122.425836398247</x><y>37.7182791280223</y><location human_address="{&quot;address&quot;:&quot;&quot;,&quot;city&quot;:&quot;&quot;,&quot;state&quot;:&quot;&quot;,&quot;zip&quot;:&quot;&quot;}" latitude="37.7182791280223" longitude="-122.425836398247" needs_recoding="false"/></row>