<?xml version="1.0" encoding="UTF-8"?><row _id="12662240" _uuid="7E513BDC-A440-4976-B047-80D30507EC81" _position="12662240" _address="http://data.sfgov.org/resource/ritf-b9ki/12662240"><incidntnum>151006226</incidntnum><category>LARCENY/THEFT</category><descript>PETTY THEFT FROM UNLOCKED AUTO</descript><dayofweek>Monday</dayofweek><date>2015-11-16T00:00:00</date><time>08:30</time><pddistrict>RICHMOND</pddistrict><resolution>NONE</resolution><address>0 Block of 7TH AV</address><x>-122.465750262786</x><y>37.7874460327418</y><location human_address="{&quot;address&quot;:&quot;&quot;,&quot;city&quot;:&quot;&quot;,&quot;state&quot;:&quot;&quot;,&quot;zip&quot;:&quot;&quot;}" latitude="37.7874460327418" longitude="-122.465750262786" needs_recoding="false"/></row>