<?xml version="1.0" encoding="UTF-8"?><row _id="12668018" _uuid="7C28E949-7198-4D5A-B6F3-D4CAE41CCAC7" _position="12668018" _address="http://data.sfgov.org/resource/ritf-b9ki/12668018"><incidntnum>151038956</incidntnum><category>LARCENY/THEFT</category><descript>GRAND THEFT SHOPLIFTING</descript><dayofweek>Monday</dayofweek><date>2015-11-30T00:00:00</date><time>13:05</time><pddistrict>PARK</pddistrict><resolution>NONE</resolution><address>1600 Block of HAIGHT ST</address><x>-122.449101011701</x><y>37.7696756290578</y><location human_address="{&quot;address&quot;:&quot;&quot;,&quot;city&quot;:&quot;&quot;,&quot;state&quot;:&quot;&quot;,&quot;zip&quot;:&quot;&quot;}" latitude="37.7696756290578" longitude="-122.449101011701" needs_recoding="false"/></row>