<?xml version="1.0" encoding="UTF-8"?><row _id="12662639" _uuid="50786253-29E9-4A74-AA3E-66E83776311A" _position="12662639" _address="http://data.sfgov.org/resource/ritf-b9ki/12662639"><incidntnum>151000347</incidntnum><category>TRESPASS</category><descript>LODGING WITHOUT PERMISSION</descript><dayofweek>Tuesday</dayofweek><date>2015-11-17T00:00:00</date><time>08:00</time><pddistrict>SOUTHERN</pddistrict><resolution>NONE</resolution><address>8TH ST / BRANNAN ST</address><x>-122.405427162783</x><y>37.7712969876277</y><location human_address="{&quot;address&quot;:&quot;&quot;,&quot;city&quot;:&quot;&quot;,&quot;state&quot;:&quot;&quot;,&quot;zip&quot;:&quot;&quot;}" latitude="37.7712969876277" longitude="-122.405427162783" needs_recoding="false"/></row>