<?xml version="1.0" encoding="UTF-8"?><row _id="12662854" _uuid="5D954362-02D8-4C0D-A99A-950C81B24227" _position="12662854" _address="http://data.sfgov.org/resource/ritf-b9ki/12662854"><incidntnum>151004850</incidntnum><category>DRUG/NARCOTIC</category><descript>POSSESSION OF METH-AMPHETAMINE</descript><dayofweek>Wednesday</dayofweek><date>2015-11-18T00:00:00</date><time>15:19</time><pddistrict>CENTRAL</pddistrict><resolution>ARREST, BOOKED</resolution><address>1400 Block of SACRAMENTO ST</address><x>-122.41614293397</x><y>37.792162193248</y><location human_address="{&quot;address&quot;:&quot;&quot;,&quot;city&quot;:&quot;&quot;,&quot;state&quot;:&quot;&quot;,&quot;zip&quot;:&quot;&quot;}" latitude="37.792162193248" longitude="-122.41614293397" needs_recoding="false"/></row>