<?xml version="1.0" encoding="UTF-8"?><row _id="12663808" _uuid="7FA6B927-CBD5-4CD8-8DE9-A091292E6CD1" _position="12663808" _address="http://data.sfgov.org/resource/ritf-b9ki/12663808"><incidntnum>151010039</incidntnum><category>OTHER OFFENSES</category><descript>DRIVERS LICENSE, SUSPENDED OR REVOKED</descript><dayofweek>Friday</dayofweek><date>2015-11-20T00:00:00</date><time>08:40</time><pddistrict>SOUTHERN</pddistrict><resolution>ARREST, CITED</resolution><address>800 Block of BRYANT ST</address><x>-122.403404791479</x><y>37.775420706711</y><location human_address="{&quot;address&quot;:&quot;&quot;,&quot;city&quot;:&quot;&quot;,&quot;state&quot;:&quot;&quot;,&quot;zip&quot;:&quot;&quot;}" latitude="37.775420706711" longitude="-122.403404791479" needs_recoding="false"/></row>