<?xml version="1.0" encoding="UTF-8"?><row _id="12661359" _uuid="00FE0953-E08F-47E8-9E78-3369B344A228" _position="12661359" _address="http://data.sfgov.org/resource/ritf-b9ki/12661359"><incidntnum>150991545</incidntnum><category>DRUG/NARCOTIC</category><descript>POSSESSION OF METH-AMPHETAMINE FOR SALE</descript><dayofweek>Saturday</dayofweek><date>2015-11-14T00:00:00</date><time>07:16</time><pddistrict>SOUTHERN</pddistrict><resolution>ARREST, BOOKED</resolution><address>800 Block of BRYANT ST</address><x>-122.403404791479</x><y>37.775420706711</y><location human_address="{&quot;address&quot;:&quot;&quot;,&quot;city&quot;:&quot;&quot;,&quot;state&quot;:&quot;&quot;,&quot;zip&quot;:&quot;&quot;}" latitude="37.775420706711" longitude="-122.403404791479" needs_recoding="false"/></row>