<?xml version="1.0" encoding="UTF-8"?><row _id="12661970" _uuid="7C3DECB2-6BD2-4032-9C24-D6DDFA4FDF59" _position="12661970" _address="http://data.sfgov.org/resource/ritf-b9ki/12661970"><incidntnum>156278856</incidntnum><category>LARCENY/THEFT</category><descript>GRAND THEFT OF PROPERTY</descript><dayofweek>Sunday</dayofweek><date>2015-11-15T00:00:00</date><time>14:30</time><pddistrict>NORTHERN</pddistrict><resolution>NONE</resolution><address>500 Block of HAYES ST</address><x>-122.425394322722</x><y>37.7765195621679</y><location human_address="{&quot;address&quot;:&quot;&quot;,&quot;city&quot;:&quot;&quot;,&quot;state&quot;:&quot;&quot;,&quot;zip&quot;:&quot;&quot;}" latitude="37.7765195621679" longitude="-122.425394322722" needs_recoding="false"/></row>