<?xml version="1.0" encoding="UTF-8"?><row _id="12661885" _uuid="CAA91BFD-CCA5-4F21-B175-F4BF2CEFFBCD" _position="12661885" _address="http://data.sfgov.org/resource/ritf-b9ki/12661885"><incidntnum>150995923</incidntnum><category>SEX OFFENSES, FORCIBLE</category><descript>SEXUAL BATTERY</descript><dayofweek>Sunday</dayofweek><date>2015-11-15T00:00:00</date><time>19:00</time><pddistrict>MISSION</pddistrict><resolution>NONE</resolution><address>500 Block of VALENCIA ST</address><x>-122.421876488492</x><y>37.7640888944532</y><location human_address="{&quot;address&quot;:&quot;&quot;,&quot;city&quot;:&quot;&quot;,&quot;state&quot;:&quot;&quot;,&quot;zip&quot;:&quot;&quot;}" latitude="37.7640888944532" longitude="-122.421876488492" needs_recoding="false"/></row>