<?xml version="1.0" encoding="UTF-8"?><row _id="12667430" _uuid="919C0A9A-3405-4493-AD7D-E0874755DCE6" _position="12667430" _address="http://data.sfgov.org/resource/ritf-b9ki/12667430"><incidntnum>151019166</incidntnum><category>NON-CRIMINAL</category><descript>AIDED CASE -PROPERTY FOR DESTRUCTION</descript><dayofweek>Monday</dayofweek><date>2015-11-23T00:00:00</date><time>10:15</time><pddistrict>RICHMOND</pddistrict><resolution>NONE</resolution><address>400 Block of 6TH AV</address><x>-122.464279879446</x><y>37.7800332991006</y><location human_address="{&quot;address&quot;:&quot;&quot;,&quot;city&quot;:&quot;&quot;,&quot;state&quot;:&quot;&quot;,&quot;zip&quot;:&quot;&quot;}" latitude="37.7800332991006" longitude="-122.464279879446" needs_recoding="false"/></row>