<?xml version="1.0" encoding="UTF-8"?><row _id="12661593" _uuid="03CAE4DE-29A3-4DCE-B3EE-62A6EAC8F2BD" _position="12661593" _address="http://data.sfgov.org/resource/ritf-b9ki/12661593"><incidntnum>150991965</incidntnum><category>VANDALISM</category><descript>MALICIOUS MISCHIEF, VANDALISM OF VEHICLES</descript><dayofweek>Saturday</dayofweek><date>2015-11-14T00:00:00</date><time>09:25</time><pddistrict>NORTHERN</pddistrict><resolution>ARREST, BOOKED</resolution><address>600 Block of FULTON ST</address><x>-122.428271565597</x><y>37.7781762274475</y><location human_address="{&quot;address&quot;:&quot;&quot;,&quot;city&quot;:&quot;&quot;,&quot;state&quot;:&quot;&quot;,&quot;zip&quot;:&quot;&quot;}" latitude="37.7781762274475" longitude="-122.428271565597" needs_recoding="false"/></row>