<?xml version="1.0" encoding="UTF-8"?><row _id="12663582" _uuid="FB119382-06C6-47C4-B80B-0D31C03560E6" _position="12663582" _address="http://data.sfgov.org/resource/ritf-b9ki/12663582"><incidntnum>156283128</incidntnum><category>LARCENY/THEFT</category><descript>GRAND THEFT FROM LOCKED AUTO</descript><dayofweek>Sunday</dayofweek><date>2015-11-15T00:00:00</date><time>21:30</time><pddistrict>BAYVIEW</pddistrict><resolution>NONE</resolution><address>2300 Block of 25TH ST</address><x>-122.401853889906</x><y>37.7520435099519</y><location human_address="{&quot;address&quot;:&quot;&quot;,&quot;city&quot;:&quot;&quot;,&quot;state&quot;:&quot;&quot;,&quot;zip&quot;:&quot;&quot;}" latitude="37.7520435099519" longitude="-122.401853889906" needs_recoding="false"/></row>