<?xml version="1.0" encoding="UTF-8"?><row _id="12662828" _uuid="87B81EE0-D893-4AD8-9D41-DB5A2105754D" _position="12662828" _address="http://data.sfgov.org/resource/ritf-b9ki/12662828"><incidntnum>151005892</incidntnum><category>LARCENY/THEFT</category><descript>ATTEMPTED THEFT FROM LOCKED VEHICLE</descript><dayofweek>Wednesday</dayofweek><date>2015-11-18T00:00:00</date><time>20:36</time><pddistrict>BAYVIEW</pddistrict><resolution>ARREST, BOOKED</resolution><address>0 Block of VISTAVIEW CT</address><x>-122.395030725078</x><y>37.7337179492692</y><location human_address="{&quot;address&quot;:&quot;&quot;,&quot;city&quot;:&quot;&quot;,&quot;state&quot;:&quot;&quot;,&quot;zip&quot;:&quot;&quot;}" latitude="37.7337179492692" longitude="-122.395030725078" needs_recoding="false"/></row>