<?xml version="1.0" encoding="UTF-8"?><row _id="12662865" _uuid="E3024E74-42B1-4AD6-97F2-15296FBA60DC" _position="12662865" _address="http://data.sfgov.org/resource/ritf-b9ki/12662865"><incidntnum>151005698</incidntnum><category>LARCENY/THEFT</category><descript>PETTY THEFT SHOPLIFTING</descript><dayofweek>Wednesday</dayofweek><date>2015-11-18T00:00:00</date><time>13:05</time><pddistrict>SOUTHERN</pddistrict><resolution>NONE</resolution><address>900 Block of MARKET ST</address><x>-122.408421116922</x><y>37.7835699386918</y><location human_address="{&quot;address&quot;:&quot;&quot;,&quot;city&quot;:&quot;&quot;,&quot;state&quot;:&quot;&quot;,&quot;zip&quot;:&quot;&quot;}" latitude="37.7835699386918" longitude="-122.408421116922" needs_recoding="false"/></row>