<?xml version="1.0" encoding="UTF-8"?><row _id="12662501" _uuid="EF647E76-F180-4D55-8E86-54FF290827BC" _position="12662501" _address="http://data.sfgov.org/resource/ritf-b9ki/12662501"><incidntnum>151001470</incidntnum><category>ASSAULT</category><descript>ATTEMPTED HOMICIDE WITH A GUN</descript><dayofweek>Tuesday</dayofweek><date>2015-11-17T00:00:00</date><time>14:51</time><pddistrict>BAYVIEW</pddistrict><resolution>ARREST, BOOKED</resolution><address>0 Block of WATCHMAN WY</address><x>-122.395251009931</x><y>37.7553443519568</y><location human_address="{&quot;address&quot;:&quot;&quot;,&quot;city&quot;:&quot;&quot;,&quot;state&quot;:&quot;&quot;,&quot;zip&quot;:&quot;&quot;}" latitude="37.7553443519568" longitude="-122.395251009931" needs_recoding="false"/></row>