<?xml version="1.0" encoding="UTF-8"?><row _id="12666098" _uuid="486E99A1-1389-46D9-8CA6-6B40F65FD2AA" _position="12666098" _address="http://data.sfgov.org/resource/ritf-b9ki/12666098"><incidntnum>151030429</incidntnum><category>ASSAULT</category><descript>AGGRAVATED ASSAULT WITH A DEADLY WEAPON</descript><dayofweek>Friday</dayofweek><date>2015-11-27T00:00:00</date><time>11:00</time><pddistrict>TENDERLOIN</pddistrict><resolution>NONE</resolution><address>EDDY ST / LEAVENWORTH ST</address><x>-122.414242955907</x><y>37.7837240254478</y><location human_address="{&quot;address&quot;:&quot;&quot;,&quot;city&quot;:&quot;&quot;,&quot;state&quot;:&quot;&quot;,&quot;zip&quot;:&quot;&quot;}" latitude="37.7837240254478" longitude="-122.414242955907" needs_recoding="false"/></row>