<?xml version="1.0" encoding="UTF-8"?><row _id="12668751" _uuid="A58654B8-8635-4748-BDBC-1AE2EB02BBAC" _position="12668751" _address="http://data.sfgov.org/resource/ritf-b9ki/12668751"><incidntnum>156292066</incidntnum><category>LARCENY/THEFT</category><descript>GRAND THEFT FROM LOCKED AUTO</descript><dayofweek>Wednesday</dayofweek><date>2015-12-02T00:00:00</date><time>13:30</time><pddistrict>CENTRAL</pddistrict><resolution>NONE</resolution><address>NORTHPOINT ST / POWELL ST</address><x>-122.412143310586</x><y>37.8067579023106</y><location human_address="{&quot;address&quot;:&quot;&quot;,&quot;city&quot;:&quot;&quot;,&quot;state&quot;:&quot;&quot;,&quot;zip&quot;:&quot;&quot;}" latitude="37.8067579023106" longitude="-122.412143310586" needs_recoding="false"/></row>