<?xml version="1.0" encoding="UTF-8"?><row _id="12662918" _uuid="0265221B-5B23-48A9-84D0-00FE9645D35F" _position="12662918" _address="http://data.sfgov.org/resource/ritf-b9ki/12662918"><incidntnum>151005466</incidntnum><category>MISSING PERSON</category><descript>FOUND PERSON</descript><dayofweek>Wednesday</dayofweek><date>2015-11-18T00:00:00</date><time>16:00</time><pddistrict>INGLESIDE</pddistrict><resolution>NONE</resolution><address>0 Block of BANNOCK ST</address><x>-122.442342970812</x><y>37.7186373493938</y><location human_address="{&quot;address&quot;:&quot;&quot;,&quot;city&quot;:&quot;&quot;,&quot;state&quot;:&quot;&quot;,&quot;zip&quot;:&quot;&quot;}" latitude="37.7186373493938" longitude="-122.442342970812" needs_recoding="false"/></row>