<?xml version="1.0" encoding="UTF-8"?><row _id="12662885" _uuid="5B738EF7-E9DA-4BAB-90DA-1D6E4249EB66" _position="12662885" _address="http://data.sfgov.org/resource/ritf-b9ki/12662885"><incidntnum>151005870</incidntnum><category>ASSAULT</category><descript>INFLICT INJURY ON COHABITEE</descript><dayofweek>Wednesday</dayofweek><date>2015-11-18T00:00:00</date><time>20:00</time><pddistrict>INGLESIDE</pddistrict><resolution>ARREST, BOOKED</resolution><address>700 Block of MONTEREY BL</address><x>-122.452300379153</x><y>37.731623796098</y><location human_address="{&quot;address&quot;:&quot;&quot;,&quot;city&quot;:&quot;&quot;,&quot;state&quot;:&quot;&quot;,&quot;zip&quot;:&quot;&quot;}" latitude="37.731623796098" longitude="-122.452300379153" needs_recoding="false"/></row>