<?xml version="1.0" encoding="UTF-8"?><row _id="12663566" _uuid="184CB14A-970A-42C8-85D6-E62F64565B86" _position="12663566" _address="http://data.sfgov.org/resource/ritf-b9ki/12663566"><incidntnum>151008692</incidntnum><category>OTHER OFFENSES</category><descript>LOST/STOLEN LICENSE PLATE</descript><dayofweek>Tuesday</dayofweek><date>2015-11-17T00:00:00</date><time>17:00</time><pddistrict>BAYVIEW</pddistrict><resolution>NONE</resolution><address>300 Block of TOCOLOMA AV</address><x>-122.398453068188</x><y>37.710936381016</y><location human_address="{&quot;address&quot;:&quot;&quot;,&quot;city&quot;:&quot;&quot;,&quot;state&quot;:&quot;&quot;,&quot;zip&quot;:&quot;&quot;}" latitude="37.710936381016" longitude="-122.398453068188" needs_recoding="false"/></row>