<?xml version="1.0" encoding="UTF-8"?><row _id="12663869" _uuid="7736B58A-0DD9-468E-89BD-C504A773CDF6" _position="12663869" _address="http://data.sfgov.org/resource/ritf-b9ki/12663869"><incidntnum>151015506</incidntnum><category>MISSING PERSON</category><descript>MISSING ADULT</descript><dayofweek>Friday</dayofweek><date>2015-11-20T00:00:00</date><time>19:00</time><pddistrict>PARK</pddistrict><resolution>NONE</resolution><address>200 Block of ASHBURY ST</address><x>-122.447522449337</x><y>37.7732612851045</y><location human_address="{&quot;address&quot;:&quot;&quot;,&quot;city&quot;:&quot;&quot;,&quot;state&quot;:&quot;&quot;,&quot;zip&quot;:&quot;&quot;}" latitude="37.7732612851045" longitude="-122.447522449337" needs_recoding="false"/></row>