<?xml version="1.0" encoding="UTF-8"?><row _id="12677563" _uuid="27E853F5-D51F-456D-BB5D-F0BB89EC0DE9" _position="12677563" _address="http://data.sfgov.org/resource/ritf-b9ki/12677563"><incidntnum>151103026</incidntnum><category>LARCENY/THEFT</category><descript>GRAND THEFT FROM LOCKED AUTO</descript><dayofweek>Tuesday</dayofweek><date>2015-12-22T00:00:00</date><time>13:00</time><pddistrict>NORTHERN</pddistrict><resolution>NONE</resolution><address>VANNESS AV / ELLIS ST</address><x>-122.421011927709</x><y>37.7838226942199</y><location human_address="{&quot;address&quot;:&quot;&quot;,&quot;city&quot;:&quot;&quot;,&quot;state&quot;:&quot;&quot;,&quot;zip&quot;:&quot;&quot;}" latitude="37.7838226942199" longitude="-122.421011927709" needs_recoding="false"/></row>