<?xml version="1.0" encoding="UTF-8"?><row _id="12662153" _uuid="63FD99AA-E724-40F8-A83A-DA8620210CEB" _position="12662153" _address="http://data.sfgov.org/resource/ritf-b9ki/12662153"><incidntnum>150999050</incidntnum><category>WARRANTS</category><descript>WARRANT ARREST</descript><dayofweek>Monday</dayofweek><date>2015-11-16T00:00:00</date><time>18:04</time><pddistrict>NORTHERN</pddistrict><resolution>ARREST, BOOKED</resolution><address>1000 Block of POLK ST</address><x>-122.419858277339</x><y>37.786137125238</y><location human_address="{&quot;address&quot;:&quot;&quot;,&quot;city&quot;:&quot;&quot;,&quot;state&quot;:&quot;&quot;,&quot;zip&quot;:&quot;&quot;}" latitude="37.786137125238" longitude="-122.419858277339" needs_recoding="false"/></row>