<?xml version="1.0" encoding="UTF-8"?><row _id="12662189" _uuid="5DEB06A1-251F-4FF4-9131-D4EA58D7E29A" _position="12662189" _address="http://data.sfgov.org/resource/ritf-b9ki/12662189"><incidntnum>150997452</incidntnum><category>VANDALISM</category><descript>MALICIOUS MISCHIEF, VANDALISM</descript><dayofweek>Monday</dayofweek><date>2015-11-16T00:00:00</date><time>00:01</time><pddistrict>CENTRAL</pddistrict><resolution>NONE</resolution><address>300 Block of SUTTER ST</address><x>-122.406203716249</x><y>37.7895849790509</y><location human_address="{&quot;address&quot;:&quot;&quot;,&quot;city&quot;:&quot;&quot;,&quot;state&quot;:&quot;&quot;,&quot;zip&quot;:&quot;&quot;}" latitude="37.7895849790509" longitude="-122.406203716249" needs_recoding="false"/></row>