<?xml version="1.0" encoding="UTF-8"?><row _id="12665514" _uuid="F9A9159F-9205-4004-BFD2-2824A1D46D4E" _position="12665514" _address="http://data.sfgov.org/resource/ritf-b9ki/12665514"><incidntnum>151023816</incidntnum><category>WARRANTS</category><descript>WARRANT ARREST</descript><dayofweek>Tuesday</dayofweek><date>2015-11-24T00:00:00</date><time>19:44</time><pddistrict>SOUTHERN</pddistrict><resolution>ARREST, BOOKED</resolution><address>600 Block of 5TH ST</address><x>-122.397538830416</x><y>37.775675468707</y><location human_address="{&quot;address&quot;:&quot;&quot;,&quot;city&quot;:&quot;&quot;,&quot;state&quot;:&quot;&quot;,&quot;zip&quot;:&quot;&quot;}" latitude="37.775675468707" longitude="-122.397538830416" needs_recoding="false"/></row>