<?xml version="1.0" encoding="UTF-8"?><row _id="12666278" _uuid="2F05CFF7-8025-4AA3-81D7-9929E9AA0DA7" _position="12666278" _address="http://data.sfgov.org/resource/ritf-b9ki/12666278"><incidntnum>151026406</incidntnum><category>FRAUD</category><descript>FALSE ID TO PEACE OFFICER</descript><dayofweek>Wednesday</dayofweek><date>2015-11-25T00:00:00</date><time>17:02</time><pddistrict>MISSION</pddistrict><resolution>ARREST, BOOKED</resolution><address>2900 Block of 17TH ST</address><x>-122.412671982665</x><y>37.7642255808524</y><location human_address="{&quot;address&quot;:&quot;&quot;,&quot;city&quot;:&quot;&quot;,&quot;state&quot;:&quot;&quot;,&quot;zip&quot;:&quot;&quot;}" latitude="37.7642255808524" longitude="-122.412671982665" needs_recoding="false"/></row>