<?xml version="1.0" encoding="UTF-8"?><row _id="12662909" _uuid="A8A402A4-8DAD-455D-8EFD-0438BBADCF50" _position="12662909" _address="http://data.sfgov.org/resource/ritf-b9ki/12662909"><incidntnum>156281495</incidntnum><category>LARCENY/THEFT</category><descript>GRAND THEFT FROM LOCKED AUTO</descript><dayofweek>Wednesday</dayofweek><date>2015-11-18T00:00:00</date><time>21:19</time><pddistrict>SOUTHERN</pddistrict><resolution>NONE</resolution><address>800 Block of BRYANT ST</address><x>-122.403404791479</x><y>37.775420706711</y><location human_address="{&quot;address&quot;:&quot;&quot;,&quot;city&quot;:&quot;&quot;,&quot;state&quot;:&quot;&quot;,&quot;zip&quot;:&quot;&quot;}" latitude="37.775420706711" longitude="-122.403404791479" needs_recoding="false"/></row>