<?xml version="1.0" encoding="UTF-8"?><row _id="12667409" _uuid="A833A0E8-6B6B-441C-BFF1-FFC9F4F1447E" _position="12667409" _address="http://data.sfgov.org/resource/ritf-b9ki/12667409"><incidntnum>151031518</incidntnum><category>SUSPICIOUS OCC</category><descript>INVESTIGATIVE DETENTION</descript><dayofweek>Friday</dayofweek><date>2015-11-27T00:00:00</date><time>17:35</time><pddistrict>TARAVAL</pddistrict><resolution>NONE</resolution><address>1300 Block of 44TH AV</address><x>-122.503918757061</x><y>37.7614285516564</y><location human_address="{&quot;address&quot;:&quot;&quot;,&quot;city&quot;:&quot;&quot;,&quot;state&quot;:&quot;&quot;,&quot;zip&quot;:&quot;&quot;}" latitude="37.7614285516564" longitude="-122.503918757061" needs_recoding="false"/></row>