<?xml version="1.0" encoding="UTF-8"?><row _id="12663254" _uuid="6858B6CC-D280-473B-AD10-1BE524B12C4C" _position="12663254" _address="http://data.sfgov.org/resource/ritf-b9ki/12663254"><incidntnum>156280221</incidntnum><category>LARCENY/THEFT</category><descript>GRAND THEFT FROM LOCKED AUTO</descript><dayofweek>Monday</dayofweek><date>2015-11-16T00:00:00</date><time>17:48</time><pddistrict>NORTHERN</pddistrict><resolution>NONE</resolution><address>FRANKLIN ST / TURK ST</address><x>-122.42227702764</x><y>37.7817528767881</y><location human_address="{&quot;address&quot;:&quot;&quot;,&quot;city&quot;:&quot;&quot;,&quot;state&quot;:&quot;&quot;,&quot;zip&quot;:&quot;&quot;}" latitude="37.7817528767881" longitude="-122.42227702764" needs_recoding="false"/></row>