<?xml version="1.0" encoding="UTF-8"?><row _id="12667571" _uuid="5583F42E-6F68-4D14-A906-E4BD7153BA13" _position="12667571" _address="http://data.sfgov.org/resource/ritf-b9ki/12667571"><incidntnum>156289897</incidntnum><category>LARCENY/THEFT</category><descript>GRAND THEFT FROM LOCKED AUTO</descript><dayofweek>Sunday</dayofweek><date>2015-11-29T00:00:00</date><time>10:30</time><pddistrict>NORTHERN</pddistrict><resolution>NONE</resolution><address>GEARY ST / POLK ST</address><x>-122.419739837805</x><y>37.7858926099715</y><location human_address="{&quot;address&quot;:&quot;&quot;,&quot;city&quot;:&quot;&quot;,&quot;state&quot;:&quot;&quot;,&quot;zip&quot;:&quot;&quot;}" latitude="37.7858926099715" longitude="-122.419739837805" needs_recoding="false"/></row>