<?xml version="1.0" encoding="UTF-8"?><row _id="12663291" _uuid="D158A714-0C31-4E4C-9B6A-8B4F3A2CD964" _position="12663291" _address="http://data.sfgov.org/resource/ritf-b9ki/12663291"><incidntnum>151008658</incidntnum><category>OTHER OFFENSES</category><descript>RESISTING ARREST</descript><dayofweek>Thursday</dayofweek><date>2015-11-19T00:00:00</date><time>16:38</time><pddistrict>SOUTHERN</pddistrict><resolution>ARREST, BOOKED</resolution><address>800 Block of BRYANT ST</address><x>-122.403404791479</x><y>37.775420706711</y><location human_address="{&quot;address&quot;:&quot;&quot;,&quot;city&quot;:&quot;&quot;,&quot;state&quot;:&quot;&quot;,&quot;zip&quot;:&quot;&quot;}" latitude="37.775420706711" longitude="-122.403404791479" needs_recoding="false"/></row>