<?xml version="1.0" encoding="UTF-8"?><row _id="12668045" _uuid="AA4F5340-F9F6-4DC9-9E99-A6E542F75DB2" _position="12668045" _address="http://data.sfgov.org/resource/ritf-b9ki/12668045"><incidntnum>151038003</incidntnum><category>OTHER OFFENSES</category><descript>RESISTING ARREST</descript><dayofweek>Monday</dayofweek><date>2015-11-30T00:00:00</date><time>08:30</time><pddistrict>NORTHERN</pddistrict><resolution>ARREST, BOOKED</resolution><address>200 Block of LARKIN ST</address><x>-122.416791245836</x><y>37.7800446077933</y><location human_address="{&quot;address&quot;:&quot;&quot;,&quot;city&quot;:&quot;&quot;,&quot;state&quot;:&quot;&quot;,&quot;zip&quot;:&quot;&quot;}" latitude="37.7800446077933" longitude="-122.416791245836" needs_recoding="false"/></row>