<?xml version="1.0" encoding="UTF-8"?><row _id="12661738" _uuid="29420EE0-4769-4381-99BF-A8F0D9F66957" _position="12661738" _address="http://data.sfgov.org/resource/ritf-b9ki/12661738"><incidntnum>156281332</incidntnum><category>LARCENY/THEFT</category><descript>GRAND THEFT FROM UNLOCKED AUTO</descript><dayofweek>Sunday</dayofweek><date>2015-11-15T00:00:00</date><time>11:00</time><pddistrict>NORTHERN</pddistrict><resolution>NONE</resolution><address>LARKIN ST / LOMBARD ST</address><x>-122.42126135848</x><y>37.8017586868008</y><location human_address="{&quot;address&quot;:&quot;&quot;,&quot;city&quot;:&quot;&quot;,&quot;state&quot;:&quot;&quot;,&quot;zip&quot;:&quot;&quot;}" latitude="37.8017586868008" longitude="-122.42126135848" needs_recoding="false"/></row>