<?xml version="1.0" encoding="UTF-8"?><row _id="12662123" _uuid="06351DFA-509F-4E97-9202-A91C2E85000F" _position="12662123" _address="http://data.sfgov.org/resource/ritf-b9ki/12662123"><incidntnum>150996868</incidntnum><category>WEAPON LAWS</category><descript>CARRYING A CONCEALED WEAPON</descript><dayofweek>Monday</dayofweek><date>2015-11-16T00:00:00</date><time>06:04</time><pddistrict>BAYVIEW</pddistrict><resolution>NONE</resolution><address>1700 Block of CESAR CHAVEZ ST</address><x>-122.39434785768</x><y>37.7499131969111</y><location human_address="{&quot;address&quot;:&quot;&quot;,&quot;city&quot;:&quot;&quot;,&quot;state&quot;:&quot;&quot;,&quot;zip&quot;:&quot;&quot;}" latitude="37.7499131969111" longitude="-122.39434785768" needs_recoding="false"/></row>