<?xml version="1.0" encoding="UTF-8"?><row _id="12661422" _uuid="AE2C68BB-3998-4D57-B803-FBE25DA27673" _position="12661422" _address="http://data.sfgov.org/resource/ritf-b9ki/12661422"><incidntnum>150993325</incidntnum><category>ROBBERY</category><descript>ROBBERY ON THE STREET, STRONGARM</descript><dayofweek>Saturday</dayofweek><date>2015-11-14T00:00:00</date><time>20:00</time><pddistrict>INGLESIDE</pddistrict><resolution>NONE</resolution><address>200 Block of BLYTHDALE AV</address><x>-122.420556751442</x><y>37.7108945814914</y><location human_address="{&quot;address&quot;:&quot;&quot;,&quot;city&quot;:&quot;&quot;,&quot;state&quot;:&quot;&quot;,&quot;zip&quot;:&quot;&quot;}" latitude="37.7108945814914" longitude="-122.420556751442" needs_recoding="false"/></row>