<?xml version="1.0" encoding="UTF-8"?><row _id="12676129" _uuid="E94B6B0F-326E-4AF8-A19F-FC8DC0D99EA3" _position="12676129" _address="http://data.sfgov.org/resource/ritf-b9ki/12676129"><incidntnum>151116314</incidntnum><category>NON-CRIMINAL</category><descript>LOST PROPERTY</descript><dayofweek>Sunday</dayofweek><date>2015-11-15T00:00:00</date><time>00:01</time><pddistrict>TARAVAL</pddistrict><resolution>NONE</resolution><address>2500 Block of TARAVAL ST</address><x>-122.493386086164</x><y>37.7423266159095</y><location human_address="{&quot;address&quot;:&quot;&quot;,&quot;city&quot;:&quot;&quot;,&quot;state&quot;:&quot;&quot;,&quot;zip&quot;:&quot;&quot;}" latitude="37.7423266159095" longitude="-122.493386086164" needs_recoding="false"/></row>