<?xml version="1.0" encoding="UTF-8"?><row _id="12670015" _uuid="56163E6D-087A-4FCA-A66D-ACA3F61DF89C" _position="12670015" _address="http://data.sfgov.org/resource/ritf-b9ki/12670015"><incidntnum>151054407</incidntnum><category>ASSAULT</category><descript>AGGRAVATED ASSAULT WITH A KNIFE</descript><dayofweek>Saturday</dayofweek><date>2015-12-05T00:00:00</date><time>17:45</time><pddistrict>NORTHERN</pddistrict><resolution>NONE</resolution><address>900 Block of STEINER ST</address><x>-122.433383172032</x><y>37.7779566519113</y><location human_address="{&quot;address&quot;:&quot;&quot;,&quot;city&quot;:&quot;&quot;,&quot;state&quot;:&quot;&quot;,&quot;zip&quot;:&quot;&quot;}" latitude="37.7779566519113" longitude="-122.433383172032" needs_recoding="false"/></row>