<?xml version="1.0" encoding="UTF-8"?><row _id="12663136" _uuid="893D9E1B-BC78-4473-AFAF-BB2669691D2B" _position="12663136" _address="http://data.sfgov.org/resource/ritf-b9ki/12663136"><incidntnum>151008670</incidntnum><category>SUSPICIOUS OCC</category><descript>SUSPICIOUS ACT TOWARDS FEMALE</descript><dayofweek>Thursday</dayofweek><date>2015-11-19T00:00:00</date><time>17:45</time><pddistrict>TENDERLOIN</pddistrict><resolution>NONE</resolution><address>MARKET ST / 8TH ST</address><x>-122.414743835382</x><y>37.778719262789</y><location human_address="{&quot;address&quot;:&quot;&quot;,&quot;city&quot;:&quot;&quot;,&quot;state&quot;:&quot;&quot;,&quot;zip&quot;:&quot;&quot;}" latitude="37.778719262789" longitude="-122.414743835382" needs_recoding="false"/></row>