<?xml version="1.0" encoding="UTF-8"?><row _id="12662635" _uuid="CB46E95D-27F1-478F-94D8-F417E1394BC6" _position="12662635" _address="http://data.sfgov.org/resource/ritf-b9ki/12662635"><incidntnum>151011071</incidntnum><category>LARCENY/THEFT</category><descript>GRAND THEFT FROM LOCKED AUTO</descript><dayofweek>Tuesday</dayofweek><date>2015-11-17T00:00:00</date><time>12:00</time><pddistrict>NORTHERN</pddistrict><resolution>NONE</resolution><address>2400 Block of UNION ST</address><x>-122.439627287183</x><y>37.7966181733937</y><location human_address="{&quot;address&quot;:&quot;&quot;,&quot;city&quot;:&quot;&quot;,&quot;state&quot;:&quot;&quot;,&quot;zip&quot;:&quot;&quot;}" latitude="37.7966181733937" longitude="-122.439627287183" needs_recoding="false"/></row>