<?xml version="1.0" encoding="UTF-8"?><row _id="12669650" _uuid="6D2360F5-8FC5-40D8-BAB7-C21D5A909855" _position="12669650" _address="http://data.sfgov.org/resource/ritf-b9ki/12669650"><incidntnum>151044282</incidntnum><category>NON-CRIMINAL</category><descript>LOST PROPERTY</descript><dayofweek>Wednesday</dayofweek><date>2015-11-25T00:00:00</date><time>16:00</time><pddistrict>BAYVIEW</pddistrict><resolution>NONE</resolution><address>1200 Block of 3RD ST</address><x>-122.389517648036</x><y>37.7724682400061</y><location human_address="{&quot;address&quot;:&quot;&quot;,&quot;city&quot;:&quot;&quot;,&quot;state&quot;:&quot;&quot;,&quot;zip&quot;:&quot;&quot;}" latitude="37.7724682400061" longitude="-122.389517648036" needs_recoding="false"/></row>