<?xml version="1.0" encoding="UTF-8"?><row _id="12665092" _uuid="1629E71C-FEC5-4F36-93DB-12B866EE5A37" _position="12665092" _address="http://data.sfgov.org/resource/ritf-b9ki/12665092"><incidntnum>156289126</incidntnum><category>VANDALISM</category><descript>MALICIOUS MISCHIEF, VANDALISM</descript><dayofweek>Sunday</dayofweek><date>2015-11-15T00:00:00</date><time>21:20</time><pddistrict>BAYVIEW</pddistrict><resolution>NONE</resolution><address>BLANKEN AV / EXECUTIVEPARK BL</address><x>-122.394788694846</x><y>37.7110308022434</y><location human_address="{&quot;address&quot;:&quot;&quot;,&quot;city&quot;:&quot;&quot;,&quot;state&quot;:&quot;&quot;,&quot;zip&quot;:&quot;&quot;}" latitude="37.7110308022434" longitude="-122.394788694846" needs_recoding="false"/></row>