<?xml version="1.0" encoding="UTF-8"?><row _id="12666585" _uuid="7FC55163-D6E7-4681-8118-1BB2B713AB55" _position="12666585" _address="http://data.sfgov.org/resource/ritf-b9ki/12666585"><incidntnum>151032760</incidntnum><category>NON-CRIMINAL</category><descript>AIDED CASE, MENTAL DISTURBED</descript><dayofweek>Saturday</dayofweek><date>2015-11-28T00:00:00</date><time>07:35</time><pddistrict>CENTRAL</pddistrict><resolution>NONE</resolution><address>600 Block of BROADWAY ST</address><x>-122.407822401083</x><y>37.7976687725776</y><location human_address="{&quot;address&quot;:&quot;&quot;,&quot;city&quot;:&quot;&quot;,&quot;state&quot;:&quot;&quot;,&quot;zip&quot;:&quot;&quot;}" latitude="37.7976687725776" longitude="-122.407822401083" needs_recoding="false"/></row>