<?xml version="1.0" encoding="UTF-8"?><row _id="12665241" _uuid="5C40F98B-B5D0-4F74-B37A-F3746F98EC54" _position="12665241" _address="http://data.sfgov.org/resource/ritf-b9ki/12665241"><incidntnum>151019990</incidntnum><category>NON-CRIMINAL</category><descript>LOCATED PROPERTY</descript><dayofweek>Monday</dayofweek><date>2015-11-23T00:00:00</date><time>14:52</time><pddistrict>BAYVIEW</pddistrict><resolution>NONE</resolution><address>1100 Block of PALOU AV</address><x>-122.382475491131</x><y>37.7292626391341</y><location human_address="{&quot;address&quot;:&quot;&quot;,&quot;city&quot;:&quot;&quot;,&quot;state&quot;:&quot;&quot;,&quot;zip&quot;:&quot;&quot;}" latitude="37.7292626391341" longitude="-122.382475491131" needs_recoding="false"/></row>