<?xml version="1.0" encoding="UTF-8"?><row _id="12661996" _uuid="CB295C8B-64B0-4214-B050-70F6D6AB65E4" _position="12661996" _address="http://data.sfgov.org/resource/ritf-b9ki/12661996"><incidntnum>150996545</incidntnum><category>OTHER OFFENSES</category><descript>FALSE PERSONATION</descript><dayofweek>Sunday</dayofweek><date>2015-11-15T00:00:00</date><time>21:40</time><pddistrict>CENTRAL</pddistrict><resolution>ARREST, BOOKED</resolution><address>1300 Block of COLUMBUS AV</address><x>-122.418537074676</x><y>37.8061515935611</y><location human_address="{&quot;address&quot;:&quot;&quot;,&quot;city&quot;:&quot;&quot;,&quot;state&quot;:&quot;&quot;,&quot;zip&quot;:&quot;&quot;}" latitude="37.8061515935611" longitude="-122.418537074676" needs_recoding="false"/></row>