<?xml version="1.0" encoding="UTF-8"?><row _id="12664821" _uuid="AD416864-6752-4A35-8C7E-956CEDB8C6EA" _position="12664821" _address="http://data.sfgov.org/resource/ritf-b9ki/12664821"><incidntnum>151001890</incidntnum><category>MISSING PERSON</category><descript>FOUND PERSON</descript><dayofweek>Sunday</dayofweek><date>2015-11-15T00:00:00</date><time>14:00</time><pddistrict>TENDERLOIN</pddistrict><resolution>NONE</resolution><address>400 Block of EDDY ST</address><x>-122.415088721046</x><y>37.7836719564372</y><location human_address="{&quot;address&quot;:&quot;&quot;,&quot;city&quot;:&quot;&quot;,&quot;state&quot;:&quot;&quot;,&quot;zip&quot;:&quot;&quot;}" latitude="37.7836719564372" longitude="-122.415088721046" needs_recoding="false"/></row>