<?xml version="1.0" encoding="UTF-8"?><row _id="12664571" _uuid="A9504757-211B-42F1-9C60-1EAC7661C6D1" _position="12664571" _address="http://data.sfgov.org/resource/ritf-b9ki/12664571"><incidntnum>151017320</incidntnum><category>WARRANTS</category><descript>WARRANT ARREST</descript><dayofweek>Sunday</dayofweek><date>2015-11-22T00:00:00</date><time>15:54</time><pddistrict>SOUTHERN</pddistrict><resolution>ARREST, BOOKED</resolution><address>VALENCIA ST / MCCOPPIN ST</address><x>-122.422526328922</x><y>37.7715962069104</y><location human_address="{&quot;address&quot;:&quot;&quot;,&quot;city&quot;:&quot;&quot;,&quot;state&quot;:&quot;&quot;,&quot;zip&quot;:&quot;&quot;}" latitude="37.7715962069104" longitude="-122.422526328922" needs_recoding="false"/></row>