<?xml version="1.0" encoding="UTF-8"?><row _id="12662670" _uuid="97C69BC5-7D59-4E7D-88EB-7DE9F537373C" _position="12662670" _address="http://data.sfgov.org/resource/ritf-b9ki/12662670"><incidntnum>151010584</incidntnum><category>OTHER OFFENSES</category><descript>VIOLATION OF EMERGENCY PROTECTIVE ORDER</descript><dayofweek>Tuesday</dayofweek><date>2015-11-17T00:00:00</date><time>12:00</time><pddistrict>NORTHERN</pddistrict><resolution>NONE</resolution><address>2100 Block of BUSH ST</address><x>-122.432933973332</x><y>37.7871434419411</y><location human_address="{&quot;address&quot;:&quot;&quot;,&quot;city&quot;:&quot;&quot;,&quot;state&quot;:&quot;&quot;,&quot;zip&quot;:&quot;&quot;}" latitude="37.7871434419411" longitude="-122.432933973332" needs_recoding="false"/></row>