<?xml version="1.0" encoding="UTF-8"?><row _id="12662250" _uuid="C9CC3970-0138-4B3E-ABFA-AB6D5FDAB4A8" _position="12662250" _address="http://data.sfgov.org/resource/ritf-b9ki/12662250"><incidntnum>150998745</incidntnum><category>LARCENY/THEFT</category><descript>GRAND THEFT OF PROPERTY</descript><dayofweek>Monday</dayofweek><date>2015-11-16T00:00:00</date><time>13:00</time><pddistrict>MISSION</pddistrict><resolution>NONE</resolution><address>1000 Block of POTRERO AV</address><x>-122.406539115148</x><y>37.7564864109309</y><location human_address="{&quot;address&quot;:&quot;&quot;,&quot;city&quot;:&quot;&quot;,&quot;state&quot;:&quot;&quot;,&quot;zip&quot;:&quot;&quot;}" latitude="37.7564864109309" longitude="-122.406539115148" needs_recoding="false"/></row>