<?xml version="1.0" encoding="UTF-8"?><row _id="12662509" _uuid="D7FA6CD8-BF0B-4083-B9E7-697733152FEF" _position="12662509" _address="http://data.sfgov.org/resource/ritf-b9ki/12662509"><incidntnum>151001602</incidntnum><category>BURGLARY</category><descript>BURGLARY OF APARTMENT HOUSE, FORCIBLE ENTRY</descript><dayofweek>Tuesday</dayofweek><date>2015-11-17T00:00:00</date><time>04:52</time><pddistrict>MISSION</pddistrict><resolution>NONE</resolution><address>1800 Block of MISSION ST</address><x>-122.419832890144</x><y>37.7674625261825</y><location human_address="{&quot;address&quot;:&quot;&quot;,&quot;city&quot;:&quot;&quot;,&quot;state&quot;:&quot;&quot;,&quot;zip&quot;:&quot;&quot;}" latitude="37.7674625261825" longitude="-122.419832890144" needs_recoding="false"/></row>