<?xml version="1.0" encoding="UTF-8"?><row _id="12663381" _uuid="3D26AC59-BD13-45B9-8D4D-83D5D2B1BA08" _position="12663381" _address="http://data.sfgov.org/resource/ritf-b9ki/12663381"><incidntnum>151010534</incidntnum><category>SECONDARY CODES</category><descript>DOMESTIC VIOLENCE</descript><dayofweek>Thursday</dayofweek><date>2015-11-19T00:00:00</date><time>07:36</time><pddistrict>PARK</pddistrict><resolution>NONE</resolution><address>800 Block of BUENAVISTAWEST AV</address><x>-122.442597549743</x><y>37.7693116425317</y><location human_address="{&quot;address&quot;:&quot;&quot;,&quot;city&quot;:&quot;&quot;,&quot;state&quot;:&quot;&quot;,&quot;zip&quot;:&quot;&quot;}" latitude="37.7693116425317" longitude="-122.442597549743" needs_recoding="false"/></row>