<?xml version="1.0" encoding="UTF-8"?><row _id="12663250" _uuid="5389C158-A0CF-439C-B0BB-1E996B4F34B1" _position="12663250" _address="http://data.sfgov.org/resource/ritf-b9ki/12663250"><incidntnum>156278878</incidntnum><category>NON-CRIMINAL</category><descript>LOST PROPERTY</descript><dayofweek>Sunday</dayofweek><date>2015-11-15T00:00:00</date><time>17:55</time><pddistrict>NORTHERN</pddistrict><resolution>NONE</resolution><address>BUSH ST / VANNESS AV</address><x>-122.421949487547</x><y>37.7884881521135</y><location human_address="{&quot;address&quot;:&quot;&quot;,&quot;city&quot;:&quot;&quot;,&quot;state&quot;:&quot;&quot;,&quot;zip&quot;:&quot;&quot;}" latitude="37.7884881521135" longitude="-122.421949487547" needs_recoding="false"/></row>