<?xml version="1.0" encoding="UTF-8"?><row _id="12666993" _uuid="0D6A0A3C-701D-44E1-A728-5B4296F9C8A7" _position="12666993" _address="http://data.sfgov.org/resource/ritf-b9ki/12666993"><incidntnum>151034722</incidntnum><category>OTHER OFFENSES</category><descript>TRAFFIC VIOLATION</descript><dayofweek>Saturday</dayofweek><date>2015-11-28T00:00:00</date><time>21:41</time><pddistrict>TARAVAL</pddistrict><resolution>ARREST, BOOKED</resolution><address>0 Block of BERKSHIRE WY</address><x>-122.497547457953</x><y>37.7313558108631</y><location human_address="{&quot;address&quot;:&quot;&quot;,&quot;city&quot;:&quot;&quot;,&quot;state&quot;:&quot;&quot;,&quot;zip&quot;:&quot;&quot;}" latitude="37.7313558108631" longitude="-122.497547457953" needs_recoding="false"/></row>