<?xml version="1.0" encoding="UTF-8"?><row _id="12664769" _uuid="C4AED87F-9180-46DB-A905-9D43D4927159" _position="12664769" _address="http://data.sfgov.org/resource/ritf-b9ki/12664769"><incidntnum>151018378</incidntnum><category>NON-CRIMINAL</category><descript>AIDED CASE</descript><dayofweek>Sunday</dayofweek><date>2015-11-22T00:00:00</date><time>22:23</time><pddistrict>SOUTHERN</pddistrict><resolution>NONE</resolution><address>1700 Block of MARKET ST</address><x>-122.422188261426</x><y>37.7726948236861</y><location human_address="{&quot;address&quot;:&quot;&quot;,&quot;city&quot;:&quot;&quot;,&quot;state&quot;:&quot;&quot;,&quot;zip&quot;:&quot;&quot;}" latitude="37.7726948236861" longitude="-122.422188261426" needs_recoding="false"/></row>