<?xml version="1.0" encoding="UTF-8"?><row _id="12668725" _uuid="4604ADCB-60B5-433F-BD07-CDD65B3A2AB5" _position="12668725" _address="http://data.sfgov.org/resource/ritf-b9ki/12668725"><incidntnum>151046642</incidntnum><category>DRUG/NARCOTIC</category><descript>POSSESSION OF MARIJUANA FOR SALES</descript><dayofweek>Wednesday</dayofweek><date>2015-12-02T00:00:00</date><time>22:21</time><pddistrict>NORTHERN</pddistrict><resolution>ARREST, BOOKED</resolution><address>TURK ST / FILLMORE ST</address><x>-122.432142776025</x><y>37.780495583709</y><location human_address="{&quot;address&quot;:&quot;&quot;,&quot;city&quot;:&quot;&quot;,&quot;state&quot;:&quot;&quot;,&quot;zip&quot;:&quot;&quot;}" latitude="37.780495583709" longitude="-122.432142776025" needs_recoding="false"/></row>