<?xml version="1.0" encoding="UTF-8"?><row _id="12661847" _uuid="907B34DE-006A-430B-A0B1-89E472154F8F" _position="12661847" _address="http://data.sfgov.org/resource/ritf-b9ki/12661847"><incidntnum>150994652</incidntnum><category>VANDALISM</category><descript>MALICIOUS MISCHIEF, VANDALISM</descript><dayofweek>Sunday</dayofweek><date>2015-11-15T00:00:00</date><time>03:40</time><pddistrict>SOUTHERN</pddistrict><resolution>NONE</resolution><address>300 Block of 4TH ST</address><x>-122.399921124301</x><y>37.7809570794634</y><location human_address="{&quot;address&quot;:&quot;&quot;,&quot;city&quot;:&quot;&quot;,&quot;state&quot;:&quot;&quot;,&quot;zip&quot;:&quot;&quot;}" latitude="37.7809570794634" longitude="-122.399921124301" needs_recoding="false"/></row>