<?xml version="1.0" encoding="UTF-8"?><row _id="12662324" _uuid="04679478-CD83-45CE-9CEB-7E1A7052508E" _position="12662324" _address="http://data.sfgov.org/resource/ritf-b9ki/12662324"><incidntnum>150997703</incidntnum><category>SUSPICIOUS OCC</category><descript>INVESTIGATIVE DETENTION</descript><dayofweek>Monday</dayofweek><date>2015-11-16T00:00:00</date><time>11:30</time><pddistrict>MISSION</pddistrict><resolution>UNFOUNDED</resolution><address>26TH ST / BRYANT ST</address><x>-122.408828429118</x><y>37.7496017521588</y><location human_address="{&quot;address&quot;:&quot;&quot;,&quot;city&quot;:&quot;&quot;,&quot;state&quot;:&quot;&quot;,&quot;zip&quot;:&quot;&quot;}" latitude="37.7496017521588" longitude="-122.408828429118" needs_recoding="false"/></row>