<?xml version="1.0" encoding="UTF-8"?><row _id="12672910" _uuid="FBCC8AD4-0EA5-48FF-BD38-D0D6650AC2C9" _position="12672910" _address="http://data.sfgov.org/resource/ritf-b9ki/12672910"><incidntnum>151077722</incidntnum><category>OTHER OFFENSES</category><descript>DRIVERS LICENSE, SUSPENDED OR REVOKED</descript><dayofweek>Sunday</dayofweek><date>2015-12-13T00:00:00</date><time>21:30</time><pddistrict>NORTHERN</pddistrict><resolution>ARREST, BOOKED</resolution><address>LOMBARD ST / WEBSTER ST</address><x>-122.434406860741</x><y>37.8000522178335</y><location human_address="{&quot;address&quot;:&quot;&quot;,&quot;city&quot;:&quot;&quot;,&quot;state&quot;:&quot;&quot;,&quot;zip&quot;:&quot;&quot;}" latitude="37.8000522178335" longitude="-122.434406860741" needs_recoding="false"/></row>