<?xml version="1.0" encoding="UTF-8"?><row _id="12665238" _uuid="C9B4E7D2-DB05-4603-958C-BD3AD34E4715" _position="12665238" _address="http://data.sfgov.org/resource/ritf-b9ki/12665238"><incidntnum>151018908</incidntnum><category>WARRANTS</category><descript>WARRANT ARREST</descript><dayofweek>Monday</dayofweek><date>2015-11-23T00:00:00</date><time>07:45</time><pddistrict>MISSION</pddistrict><resolution>ARREST, BOOKED</resolution><address>900 Block of VALENCIA ST</address><x>-122.421162358049</x><y>37.7580892252137</y><location human_address="{&quot;address&quot;:&quot;&quot;,&quot;city&quot;:&quot;&quot;,&quot;state&quot;:&quot;&quot;,&quot;zip&quot;:&quot;&quot;}" latitude="37.7580892252137" longitude="-122.421162358049" needs_recoding="false"/></row>