<?xml version="1.0" encoding="UTF-8"?><row _id="12664909" _uuid="10D49ED6-B8F9-4F89-8334-F05FB1FEF909" _position="12664909" _address="http://data.sfgov.org/resource/ritf-b9ki/12664909"><incidntnum>156283247</incidntnum><category>LARCENY/THEFT</category><descript>GRAND THEFT FROM UNLOCKED AUTO</descript><dayofweek>Sunday</dayofweek><date>2015-11-22T00:00:00</date><time>02:15</time><pddistrict>PARK</pddistrict><resolution>NONE</resolution><address>1000 Block of PAGE ST</address><x>-122.438094008376</x><y>37.7721492492797</y><location human_address="{&quot;address&quot;:&quot;&quot;,&quot;city&quot;:&quot;&quot;,&quot;state&quot;:&quot;&quot;,&quot;zip&quot;:&quot;&quot;}" latitude="37.7721492492797" longitude="-122.438094008376" needs_recoding="false"/></row>