<?xml version="1.0" encoding="UTF-8"?><row _id="12666238" _uuid="D33BEAD5-D20C-4D71-86E7-508D55F11303" _position="12666238" _address="http://data.sfgov.org/resource/ritf-b9ki/12666238"><incidntnum>151024610</incidntnum><category>LARCENY/THEFT</category><descript>GRAND THEFT FROM PERSON</descript><dayofweek>Wednesday</dayofweek><date>2015-11-25T00:00:00</date><time>06:20</time><pddistrict>TENDERLOIN</pddistrict><resolution>NONE</resolution><address>200 Block of OFARRELL ST</address><x>-122.409155386902</x><y>37.7863245885511</y><location human_address="{&quot;address&quot;:&quot;&quot;,&quot;city&quot;:&quot;&quot;,&quot;state&quot;:&quot;&quot;,&quot;zip&quot;:&quot;&quot;}" latitude="37.7863245885511" longitude="-122.409155386902" needs_recoding="false"/></row>