<?xml version="1.0" encoding="UTF-8"?><row _id="12661890" _uuid="9EC3B6E8-2AD9-4762-A3E0-0CB95646D834" _position="12661890" _address="http://data.sfgov.org/resource/ritf-b9ki/12661890"><incidntnum>150997195</incidntnum><category>VANDALISM</category><descript>MALICIOUS MISCHIEF, GRAFFITI</descript><dayofweek>Sunday</dayofweek><date>2015-11-15T00:00:00</date><time>23:30</time><pddistrict>PARK</pddistrict><resolution>NONE</resolution><address>2500 Block of 15TH ST</address><x>-122.437848713459</x><y>37.7660311509137</y><location human_address="{&quot;address&quot;:&quot;&quot;,&quot;city&quot;:&quot;&quot;,&quot;state&quot;:&quot;&quot;,&quot;zip&quot;:&quot;&quot;}" latitude="37.7660311509137" longitude="-122.437848713459" needs_recoding="false"/></row>