<?xml version="1.0" encoding="UTF-8"?><row _id="12662056" _uuid="5C4A5D4F-FEE4-4E3A-B64C-C66946C33A18" _position="12662056" _address="http://data.sfgov.org/resource/ritf-b9ki/12662056"><incidntnum>150998842</incidntnum><category>NON-CRIMINAL</category><descript>AIDED CASE, MENTAL DISTURBED</descript><dayofweek>Monday</dayofweek><date>2015-11-16T00:00:00</date><time>17:01</time><pddistrict>SOUTHERN</pddistrict><resolution>NONE</resolution><address>BRYANT ST / 4TH ST</address><x>-122.398063445395</x><y>37.7795658460293</y><location human_address="{&quot;address&quot;:&quot;&quot;,&quot;city&quot;:&quot;&quot;,&quot;state&quot;:&quot;&quot;,&quot;zip&quot;:&quot;&quot;}" latitude="37.7795658460293" longitude="-122.398063445395" needs_recoding="false"/></row>