<?xml version="1.0" encoding="UTF-8"?><row _id="12672519" _uuid="120EA6EF-0794-4FF5-B401-2C5A274A9DF0" _position="12672519" _address="http://data.sfgov.org/resource/ritf-b9ki/12672519"><incidntnum>151071332</incidntnum><category>LARCENY/THEFT</category><descript>THEFT OF ANIMALS (GENERAL)</descript><dayofweek>Friday</dayofweek><date>2015-12-11T00:00:00</date><time>13:09</time><pddistrict>CENTRAL</pddistrict><resolution>NONE</resolution><address>1000 Block of CHESTNUT ST</address><x>-122.420666812024</x><y>37.8028627711287</y><location human_address="{&quot;address&quot;:&quot;&quot;,&quot;city&quot;:&quot;&quot;,&quot;state&quot;:&quot;&quot;,&quot;zip&quot;:&quot;&quot;}" latitude="37.8028627711287" longitude="-122.420666812024" needs_recoding="false"/></row>