<?xml version="1.0" encoding="UTF-8"?><row _id="12670164" _uuid="F16DE842-21F9-4980-8813-6FEE11F22309" _position="12670164" _address="http://data.sfgov.org/resource/ritf-b9ki/12670164"><incidntnum>156298321</incidntnum><category>LARCENY/THEFT</category><descript>GRAND THEFT FROM LOCKED AUTO</descript><dayofweek>Friday</dayofweek><date>2015-12-04T00:00:00</date><time>00:01</time><pddistrict>TARAVAL</pddistrict><resolution>NONE</resolution><address>2300 Block of 36TH AV</address><x>-122.493902432134</x><y>37.7431672102103</y><location human_address="{&quot;address&quot;:&quot;&quot;,&quot;city&quot;:&quot;&quot;,&quot;state&quot;:&quot;&quot;,&quot;zip&quot;:&quot;&quot;}" latitude="37.7431672102103" longitude="-122.493902432134" needs_recoding="false"/></row>