<?xml version="1.0" encoding="UTF-8"?><row _id="12662113" _uuid="904BD5A6-3883-448D-8776-F56DD3CB3008" _position="12662113" _address="http://data.sfgov.org/resource/ritf-b9ki/12662113"><incidntnum>150999226</incidntnum><category>OTHER OFFENSES</category><descript>DRIVERS LICENSE, SUSPENDED OR REVOKED</descript><dayofweek>Monday</dayofweek><date>2015-11-16T00:00:00</date><time>18:30</time><pddistrict>SOUTHERN</pddistrict><resolution>ARREST, CITED</resolution><address>800 Block of BRYANT ST</address><x>-122.403404791479</x><y>37.775420706711</y><location human_address="{&quot;address&quot;:&quot;&quot;,&quot;city&quot;:&quot;&quot;,&quot;state&quot;:&quot;&quot;,&quot;zip&quot;:&quot;&quot;}" latitude="37.775420706711" longitude="-122.403404791479" needs_recoding="false"/></row>