<?xml version="1.0" encoding="UTF-8"?><row _id="12662751" _uuid="DA0F77E6-855D-41DC-BCEF-FB2B9463E902" _position="12662751" _address="http://data.sfgov.org/resource/ritf-b9ki/12662751"><incidntnum>156281586</incidntnum><category>LARCENY/THEFT</category><descript>GRAND THEFT FROM LOCKED AUTO</descript><dayofweek>Wednesday</dayofweek><date>2015-11-18T00:00:00</date><time>22:38</time><pddistrict>RICHMOND</pddistrict><resolution>NONE</resolution><address>SCOTT ST / SACRAMENTO ST</address><x>-122.438963311203</x><y>37.7892067223867</y><location human_address="{&quot;address&quot;:&quot;&quot;,&quot;city&quot;:&quot;&quot;,&quot;state&quot;:&quot;&quot;,&quot;zip&quot;:&quot;&quot;}" latitude="37.7892067223867" longitude="-122.438963311203" needs_recoding="false"/></row>