<?xml version="1.0" encoding="UTF-8"?><row _id="12664762" _uuid="B5038FBE-38BC-417E-A2B5-55E1C91669D7" _position="12664762" _address="http://data.sfgov.org/resource/ritf-b9ki/12664762"><incidntnum>151017944</incidntnum><category>NON-CRIMINAL</category><descript>AIDED CASE, MENTAL DISTURBED</descript><dayofweek>Sunday</dayofweek><date>2015-11-22T00:00:00</date><time>18:52</time><pddistrict>CENTRAL</pddistrict><resolution>NONE</resolution><address>1200 Block of CALIFORNIA ST</address><x>-122.414933495731</x><y>37.7912551543998</y><location human_address="{&quot;address&quot;:&quot;&quot;,&quot;city&quot;:&quot;&quot;,&quot;state&quot;:&quot;&quot;,&quot;zip&quot;:&quot;&quot;}" latitude="37.7912551543998" longitude="-122.414933495731" needs_recoding="false"/></row>