<?xml version="1.0" encoding="UTF-8"?><row _id="12663414" _uuid="772C4F7B-D344-47D1-888D-25F861330E77" _position="12663414" _address="http://data.sfgov.org/resource/ritf-b9ki/12663414"><incidntnum>150994903</incidntnum><category>NON-CRIMINAL</category><descript>LOST PROPERTY</descript><dayofweek>Saturday</dayofweek><date>2015-11-14T00:00:00</date><time>23:30</time><pddistrict>MISSION</pddistrict><resolution>NONE</resolution><address>2100 Block of MISSION ST</address><x>-122.419528998826</x><y>37.7628776667056</y><location human_address="{&quot;address&quot;:&quot;&quot;,&quot;city&quot;:&quot;&quot;,&quot;state&quot;:&quot;&quot;,&quot;zip&quot;:&quot;&quot;}" latitude="37.7628776667056" longitude="-122.419528998826" needs_recoding="false"/></row>