<?xml version="1.0" encoding="UTF-8"?><row _id="12667707" _uuid="9EE16619-6CE7-4FFF-B7F4-657AC3A8A10E" _position="12667707" _address="http://data.sfgov.org/resource/ritf-b9ki/12667707"><incidntnum>156289994</incidntnum><category>LARCENY/THEFT</category><descript>PETTY THEFT OF PROPERTY</descript><dayofweek>Sunday</dayofweek><date>2015-11-29T00:00:00</date><time>18:00</time><pddistrict>NORTHERN</pddistrict><resolution>NONE</resolution><address>2600 Block of LAGUNA ST</address><x>-122.43015625802</x><y>37.7953747306196</y><location human_address="{&quot;address&quot;:&quot;&quot;,&quot;city&quot;:&quot;&quot;,&quot;state&quot;:&quot;&quot;,&quot;zip&quot;:&quot;&quot;}" latitude="37.7953747306196" longitude="-122.43015625802" needs_recoding="false"/></row>