<?xml version="1.0" encoding="UTF-8"?><row _id="12661711" _uuid="EDBB327C-5C0F-4F55-819E-F93CE744A197" _position="12661711" _address="http://data.sfgov.org/resource/ritf-b9ki/12661711"><incidntnum>150994674</incidntnum><category>VANDALISM</category><descript>MALICIOUS MISCHIEF, VANDALISM OF VEHICLES</descript><dayofweek>Sunday</dayofweek><date>2015-11-15T00:00:00</date><time>09:40</time><pddistrict>CENTRAL</pddistrict><resolution>NONE</resolution><address>MONTGOMERY ST / FRANCISCO ST</address><x>-122.405361368124</x><y>37.8056947417393</y><location human_address="{&quot;address&quot;:&quot;&quot;,&quot;city&quot;:&quot;&quot;,&quot;state&quot;:&quot;&quot;,&quot;zip&quot;:&quot;&quot;}" latitude="37.8056947417393" longitude="-122.405361368124" needs_recoding="false"/></row>