<?xml version="1.0" encoding="UTF-8"?><row _id="12667327" _uuid="B69CF15C-41F2-4B27-8515-78B4CF96E330" _position="12667327" _address="http://data.sfgov.org/resource/ritf-b9ki/12667327"><incidntnum>151034528</incidntnum><category>OTHER OFFENSES</category><descript>PERMIT VIOLATION, POLICE (GENERAL)</descript><dayofweek>Saturday</dayofweek><date>2015-11-28T00:00:00</date><time>20:25</time><pddistrict>SOUTHERN</pddistrict><resolution>ARREST, BOOKED</resolution><address>STEUART ST / HOWARD ST</address><x>-122.39164888422</x><y>37.7920052450737</y><location human_address="{&quot;address&quot;:&quot;&quot;,&quot;city&quot;:&quot;&quot;,&quot;state&quot;:&quot;&quot;,&quot;zip&quot;:&quot;&quot;}" latitude="37.7920052450737" longitude="-122.39164888422" needs_recoding="false"/></row>