<?xml version="1.0" encoding="UTF-8"?><row _id="12677447" _uuid="F686767B-7950-4254-BAE9-D76B7A32A06C" _position="12677447" _address="http://data.sfgov.org/resource/ritf-b9ki/12677447"><incidntnum>151126595</incidntnum><category>LARCENY/THEFT</category><descript>GRAND THEFT SHOPLIFTING</descript><dayofweek>Friday</dayofweek><date>2015-11-27T00:00:00</date><time>18:45</time><pddistrict>TENDERLOIN</pddistrict><resolution>NONE</resolution><address>0 Block of OFARRELL ST</address><x>-122.405861657246</x><y>37.786627232545</y><location human_address="{&quot;address&quot;:&quot;&quot;,&quot;city&quot;:&quot;&quot;,&quot;state&quot;:&quot;&quot;,&quot;zip&quot;:&quot;&quot;}" latitude="37.786627232545" longitude="-122.405861657246" needs_recoding="false"/></row>