<?xml version="1.0" encoding="UTF-8"?><row _id="12663825" _uuid="9C520551-8B85-4B7E-99C7-CB0D54607317" _position="12663825" _address="http://data.sfgov.org/resource/ritf-b9ki/12663825"><incidntnum>151009838</incidntnum><category>BURGLARY</category><descript>BURGLARY, FORCIBLE ENTRY</descript><dayofweek>Friday</dayofweek><date>2015-11-20T00:00:00</date><time>04:02</time><pddistrict>BAYVIEW</pddistrict><resolution>NONE</resolution><address>2200 Block of 23RD ST</address><x>-122.402077492853</x><y>37.7544860104631</y><location human_address="{&quot;address&quot;:&quot;&quot;,&quot;city&quot;:&quot;&quot;,&quot;state&quot;:&quot;&quot;,&quot;zip&quot;:&quot;&quot;}" latitude="37.7544860104631" longitude="-122.402077492853" needs_recoding="false"/></row>