<?xml version="1.0" encoding="UTF-8"?><row _id="12663424" _uuid="0D1BE60E-E8ED-48CD-8678-5A1EC875B2D4" _position="12663424" _address="http://data.sfgov.org/resource/ritf-b9ki/12663424"><incidntnum>151009991</incidntnum><category>VEHICLE THEFT</category><descript>STOLEN AUTOMOBILE</descript><dayofweek>Thursday</dayofweek><date>2015-11-19T00:00:00</date><time>20:00</time><pddistrict>PARK</pddistrict><resolution>NONE</resolution><address>2500 Block of 15TH ST</address><x>-122.437848713459</x><y>37.7660311509137</y><location human_address="{&quot;address&quot;:&quot;&quot;,&quot;city&quot;:&quot;&quot;,&quot;state&quot;:&quot;&quot;,&quot;zip&quot;:&quot;&quot;}" latitude="37.7660311509137" longitude="-122.437848713459" needs_recoding="false"/></row>