<?xml version="1.0" encoding="UTF-8"?><row _id="12665260" _uuid="C9D4A91E-3E1C-47F8-8BD8-7A7AC5183693" _position="12665260" _address="http://data.sfgov.org/resource/ritf-b9ki/12665260"><incidntnum>151021092</incidntnum><category>DRUNKENNESS</category><descript>UNDER INFLUENCE OF ALCOHOL IN A PUBLIC PLACE</descript><dayofweek>Monday</dayofweek><date>2015-11-23T00:00:00</date><time>20:23</time><pddistrict>MISSION</pddistrict><resolution>ARREST, BOOKED</resolution><address>1000 Block of POTRERO AV</address><x>-122.406539115148</x><y>37.7564864109309</y><location human_address="{&quot;address&quot;:&quot;&quot;,&quot;city&quot;:&quot;&quot;,&quot;state&quot;:&quot;&quot;,&quot;zip&quot;:&quot;&quot;}" latitude="37.7564864109309" longitude="-122.406539115148" needs_recoding="false"/></row>