<?xml version="1.0" encoding="UTF-8"?><row _id="12666406" _uuid="E89525FC-D672-4E57-984F-A001E252803C" _position="12666406" _address="http://data.sfgov.org/resource/ritf-b9ki/12666406"><incidntnum>151029751</incidntnum><category>ASSAULT</category><descript>AGGRAVATED ASSAULT WITH A DEADLY WEAPON</descript><dayofweek>Friday</dayofweek><date>2015-11-27T00:00:00</date><time>03:43</time><pddistrict>BAYVIEW</pddistrict><resolution>ARREST, BOOKED</resolution><address>800 Block of MEADE AV</address><x>-122.396409105644</x><y>37.7173135308099</y><location human_address="{&quot;address&quot;:&quot;&quot;,&quot;city&quot;:&quot;&quot;,&quot;state&quot;:&quot;&quot;,&quot;zip&quot;:&quot;&quot;}" latitude="37.7173135308099" longitude="-122.396409105644" needs_recoding="false"/></row>