<?xml version="1.0" encoding="UTF-8"?><row _id="12664774" _uuid="156F0DE4-CF5C-4308-9DD8-A256143DEADB" _position="12664774" _address="http://data.sfgov.org/resource/ritf-b9ki/12664774"><incidntnum>151018748</incidntnum><category>LARCENY/THEFT</category><descript>LOST PROPERTY, PETTY THEFT</descript><dayofweek>Sunday</dayofweek><date>2015-11-22T00:00:00</date><time>05:30</time><pddistrict>MISSION</pddistrict><resolution>ARREST, BOOKED</resolution><address>600 Block of VALENCIA ST</address><x>-122.421747650463</x><y>37.7627436601147</y><location human_address="{&quot;address&quot;:&quot;&quot;,&quot;city&quot;:&quot;&quot;,&quot;state&quot;:&quot;&quot;,&quot;zip&quot;:&quot;&quot;}" latitude="37.7627436601147" longitude="-122.421747650463" needs_recoding="false"/></row>