<?xml version="1.0" encoding="UTF-8"?><row _id="12663789" _uuid="A46BDA2E-E0A7-4F51-AC14-F9F5CD684FF7" _position="12663789" _address="http://data.sfgov.org/resource/ritf-b9ki/12663789"><incidntnum>156285180</incidntnum><category>LARCENY/THEFT</category><descript>GRAND THEFT FROM LOCKED AUTO</descript><dayofweek>Friday</dayofweek><date>2015-11-20T00:00:00</date><time>07:30</time><pddistrict>RICHMOND</pddistrict><resolution>NONE</resolution><address>PINE ST / PRESIDIO AV</address><x>-122.446612887686</x><y>37.7863007901692</y><location human_address="{&quot;address&quot;:&quot;&quot;,&quot;city&quot;:&quot;&quot;,&quot;state&quot;:&quot;&quot;,&quot;zip&quot;:&quot;&quot;}" latitude="37.7863007901692" longitude="-122.446612887686" needs_recoding="false"/></row>