<?xml version="1.0" encoding="UTF-8"?><row _id="12661778" _uuid="A9866CCF-D14F-43C7-9C0C-BD2C4AD8B5CA" _position="12661778" _address="http://data.sfgov.org/resource/ritf-b9ki/12661778"><incidntnum>150996460</incidntnum><category>ASSAULT</category><descript>BATTERY</descript><dayofweek>Sunday</dayofweek><date>2015-11-15T00:00:00</date><time>22:53</time><pddistrict>NORTHERN</pddistrict><resolution>ARREST, BOOKED</resolution><address>800 Block of OFARRELL ST</address><x>-122.418729600557</x><y>37.785007503993</y><location human_address="{&quot;address&quot;:&quot;&quot;,&quot;city&quot;:&quot;&quot;,&quot;state&quot;:&quot;&quot;,&quot;zip&quot;:&quot;&quot;}" latitude="37.785007503993" longitude="-122.418729600557" needs_recoding="false"/></row>