<?xml version="1.0" encoding="UTF-8"?><row _id="12661813" _uuid="05691918-F645-49D3-BE91-EA885403AEED" _position="12661813" _address="http://data.sfgov.org/resource/ritf-b9ki/12661813"><incidntnum>150995462</incidntnum><category>ASSAULT</category><descript>THREATS AGAINST LIFE</descript><dayofweek>Sunday</dayofweek><date>2015-11-15T00:00:00</date><time>16:04</time><pddistrict>BAYVIEW</pddistrict><resolution>NONE</resolution><address>100 Block of TOCOLOMA AV</address><x>-122.397883979349</x><y>37.7124454841939</y><location human_address="{&quot;address&quot;:&quot;&quot;,&quot;city&quot;:&quot;&quot;,&quot;state&quot;:&quot;&quot;,&quot;zip&quot;:&quot;&quot;}" latitude="37.7124454841939" longitude="-122.397883979349" needs_recoding="false"/></row>