<?xml version="1.0" encoding="UTF-8"?><row _id="12663559" _uuid="E2376FFE-B85D-44E6-831B-5213A75BE805" _position="12663559" _address="http://data.sfgov.org/resource/ritf-b9ki/12663559"><incidntnum>151009678</incidntnum><category>OTHER OFFENSES</category><descript>MISCELLANEOUS INVESTIGATION</descript><dayofweek>Thursday</dayofweek><date>2015-11-19T00:00:00</date><time>21:00</time><pddistrict>RICHMOND</pddistrict><resolution>NONE</resolution><address>600 Block of 46TH AV</address><x>-122.506922001538</x><y>37.7757392980821</y><location human_address="{&quot;address&quot;:&quot;&quot;,&quot;city&quot;:&quot;&quot;,&quot;state&quot;:&quot;&quot;,&quot;zip&quot;:&quot;&quot;}" latitude="37.7757392980821" longitude="-122.506922001538" needs_recoding="false"/></row>