<?xml version="1.0" encoding="UTF-8"?><row _id="12666851" _uuid="D880DCC7-83F7-4622-BC99-A523A5342F81" _position="12666851" _address="http://data.sfgov.org/resource/ritf-b9ki/12666851"><incidntnum>156287960</incidntnum><category>LARCENY/THEFT</category><descript>GRAND THEFT FROM LOCKED AUTO</descript><dayofweek>Friday</dayofweek><date>2015-11-27T00:00:00</date><time>10:04</time><pddistrict>TARAVAL</pddistrict><resolution>NONE</resolution><address>2300 Block of 24TH AV</address><x>-122.48118317163</x><y>37.7437268170337</y><location human_address="{&quot;address&quot;:&quot;&quot;,&quot;city&quot;:&quot;&quot;,&quot;state&quot;:&quot;&quot;,&quot;zip&quot;:&quot;&quot;}" latitude="37.7437268170337" longitude="-122.48118317163" needs_recoding="false"/></row>