<?xml version="1.0" encoding="UTF-8"?><row _id="12667643" _uuid="B6BE3FF0-A8D1-4FEC-BD9C-E9E0EE2D7485" _position="12667643" _address="http://data.sfgov.org/resource/ritf-b9ki/12667643"><incidntnum>151035554</incidntnum><category>BURGLARY</category><descript>BURGLARY,STORE UNDER CONSTRUCTION, UNLAWFUL ENTRY</descript><dayofweek>Sunday</dayofweek><date>2015-11-29T00:00:00</date><time>07:42</time><pddistrict>BAYVIEW</pddistrict><resolution>ARREST, BOOKED</resolution><address>5200 Block of 3RD ST</address><x>-122.39211884742</x><y>37.7303281973173</y><location human_address="{&quot;address&quot;:&quot;&quot;,&quot;city&quot;:&quot;&quot;,&quot;state&quot;:&quot;&quot;,&quot;zip&quot;:&quot;&quot;}" latitude="37.7303281973173" longitude="-122.39211884742" needs_recoding="false"/></row>