<?xml version="1.0" encoding="UTF-8"?><row _id="12663405" _uuid="CB574999-A561-4FF8-B2AD-479112E958A6" _position="12663405" _address="http://data.sfgov.org/resource/ritf-b9ki/12663405"><incidntnum>150992123</incidntnum><category>BURGLARY</category><descript>BURGLARY OF APARTMENT HOUSE, FORCIBLE ENTRY</descript><dayofweek>Saturday</dayofweek><date>2015-11-14T00:00:00</date><time>02:25</time><pddistrict>NORTHERN</pddistrict><resolution>ARREST, BOOKED</resolution><address>1800 Block of BROADWAY ST</address><x>-122.427548850319</x><y>37.7952631481734</y><location human_address="{&quot;address&quot;:&quot;&quot;,&quot;city&quot;:&quot;&quot;,&quot;state&quot;:&quot;&quot;,&quot;zip&quot;:&quot;&quot;}" latitude="37.7952631481734" longitude="-122.427548850319" needs_recoding="false"/></row>