<?xml version="1.0" encoding="UTF-8"?><row _id="12662301" _uuid="00045DB0-1F36-4D9B-AF38-E702D62AB96C" _position="12662301" _address="http://data.sfgov.org/resource/ritf-b9ki/12662301"><incidntnum>150996761</incidntnum><category>LARCENY/THEFT</category><descript>PETTY THEFT FROM A BUILDING</descript><dayofweek>Monday</dayofweek><date>2015-11-16T00:00:00</date><time>03:50</time><pddistrict>MISSION</pddistrict><resolution>NONE</resolution><address>0 Block of RONDEL PL</address><x>-122.421110430393</x><y>37.764332281468</y><location human_address="{&quot;address&quot;:&quot;&quot;,&quot;city&quot;:&quot;&quot;,&quot;state&quot;:&quot;&quot;,&quot;zip&quot;:&quot;&quot;}" latitude="37.764332281468" longitude="-122.421110430393" needs_recoding="false"/></row>