<?xml version="1.0" encoding="UTF-8"?><row _id="12665807" _uuid="3D82585E-6341-41D4-9AAF-37C42846881C" _position="12665807" _address="http://data.sfgov.org/resource/ritf-b9ki/12665807"><incidntnum>151026622</incidntnum><category>OTHER OFFENSES</category><descript>TRAFFIC VIOLATION</descript><dayofweek>Wednesday</dayofweek><date>2015-11-25T00:00:00</date><time>17:43</time><pddistrict>CENTRAL</pddistrict><resolution>ARREST, BOOKED</resolution><address>NORTHPOINT ST / COLUMBUS AV</address><x>-122.418382738348</x><y>37.8059780915542</y><location human_address="{&quot;address&quot;:&quot;&quot;,&quot;city&quot;:&quot;&quot;,&quot;state&quot;:&quot;&quot;,&quot;zip&quot;:&quot;&quot;}" latitude="37.8059780915542" longitude="-122.418382738348" needs_recoding="false"/></row>