<?xml version="1.0" encoding="UTF-8"?><row _id="12668378" _uuid="8469D940-5857-48DF-AE7D-C97CD5B40C84" _position="12668378" _address="http://data.sfgov.org/resource/ritf-b9ki/12668378"><incidntnum>151041078</incidntnum><category>ASSAULT</category><descript>BATTERY</descript><dayofweek>Tuesday</dayofweek><date>2015-12-01T00:00:00</date><time>07:50</time><pddistrict>TARAVAL</pddistrict><resolution>NONE</resolution><address>SANTIAGO ST / 22ND AV</address><x>-122.479035226306</x><y>37.744773684881</y><location human_address="{&quot;address&quot;:&quot;&quot;,&quot;city&quot;:&quot;&quot;,&quot;state&quot;:&quot;&quot;,&quot;zip&quot;:&quot;&quot;}" latitude="37.744773684881" longitude="-122.479035226306" needs_recoding="false"/></row>