<?xml version="1.0" encoding="UTF-8"?><row _id="12669804" _uuid="1E96DF06-C50C-4C91-91C3-285D7DA1E187" _position="12669804" _address="http://data.sfgov.org/resource/ritf-b9ki/12669804"><incidntnum>150997214</incidntnum><category>NON-CRIMINAL</category><descript>CASE CLOSURE</descript><dayofweek>Monday</dayofweek><date>2015-11-16T00:00:00</date><time>07:52</time><pddistrict>SOUTHERN</pddistrict><resolution>UNFOUNDED</resolution><address>500 Block of MINNA ST</address><x>-122.40877066526</x><y>37.7801357011746</y><location human_address="{&quot;address&quot;:&quot;&quot;,&quot;city&quot;:&quot;&quot;,&quot;state&quot;:&quot;&quot;,&quot;zip&quot;:&quot;&quot;}" latitude="37.7801357011746" longitude="-122.40877066526" needs_recoding="false"/></row>