<?xml version="1.0" encoding="UTF-8"?><row _id="12667889" _uuid="ACCAC87B-690E-40B8-8368-7401E47FB8D0" _position="12667889" _address="http://data.sfgov.org/resource/ritf-b9ki/12667889"><incidntnum>151038229</incidntnum><category>LARCENY/THEFT</category><descript>THEFT OF CHECKS OR CREDIT CARDS</descript><dayofweek>Wednesday</dayofweek><date>2015-11-25T00:00:00</date><time>00:01</time><pddistrict>SOUTHERN</pddistrict><resolution>NONE</resolution><address>300 Block of 4TH ST</address><x>-122.400837305112</x><y>37.7818446820848</y><location human_address="{&quot;address&quot;:&quot;&quot;,&quot;city&quot;:&quot;&quot;,&quot;state&quot;:&quot;&quot;,&quot;zip&quot;:&quot;&quot;}" latitude="37.7818446820848" longitude="-122.400837305112" needs_recoding="false"/></row>