<?xml version="1.0" encoding="UTF-8"?><row _id="12668016" _uuid="218A01AC-A566-4B40-9826-94E2A9E260A7" _position="12668016" _address="http://data.sfgov.org/resource/ritf-b9ki/12668016"><incidntnum>151038871</incidntnum><category>LARCENY/THEFT</category><descript>PETTY THEFT SHOPLIFTING</descript><dayofweek>Monday</dayofweek><date>2015-11-30T00:00:00</date><time>11:50</time><pddistrict>TENDERLOIN</pddistrict><resolution>ARREST, BOOKED</resolution><address>0 Block of OFARRELL ST</address><x>-122.405895369887</x><y>37.7867342184983</y><location human_address="{&quot;address&quot;:&quot;&quot;,&quot;city&quot;:&quot;&quot;,&quot;state&quot;:&quot;&quot;,&quot;zip&quot;:&quot;&quot;}" latitude="37.7867342184983" longitude="-122.405895369887" needs_recoding="false"/></row>