<?xml version="1.0" encoding="UTF-8"?><row _id="12665259" _uuid="8F2A5956-A8C4-4690-8C34-436BA29B2731" _position="12665259" _address="http://data.sfgov.org/resource/ritf-b9ki/12665259"><incidntnum>151020812</incidntnum><category>NON-CRIMINAL</category><descript>DEATH REPORT, NATURAL CAUSES</descript><dayofweek>Monday</dayofweek><date>2015-11-23T00:00:00</date><time>18:56</time><pddistrict>SOUTHERN</pddistrict><resolution>NONE</resolution><address>0 Block of ESSEX ST</address><x>-122.395062469002</x><y>37.7859930647181</y><location human_address="{&quot;address&quot;:&quot;&quot;,&quot;city&quot;:&quot;&quot;,&quot;state&quot;:&quot;&quot;,&quot;zip&quot;:&quot;&quot;}" latitude="37.7859930647181" longitude="-122.395062469002" needs_recoding="false"/></row>