<?xml version="1.0" encoding="UTF-8"?><row _id="12667298" _uuid="9CA60B87-AC8B-45DC-930D-F750121CAC99" _position="12667298" _address="http://data.sfgov.org/resource/ritf-b9ki/12667298"><incidntnum>156289217</incidntnum><category>LARCENY/THEFT</category><descript>GRAND THEFT FROM LOCKED AUTO</descript><dayofweek>Friday</dayofweek><date>2015-11-27T00:00:00</date><time>12:30</time><pddistrict>BAYVIEW</pddistrict><resolution>NONE</resolution><address>300 Block of CONNECTICUT ST</address><x>-122.397501182485</x><y>37.7618652533575</y><location human_address="{&quot;address&quot;:&quot;&quot;,&quot;city&quot;:&quot;&quot;,&quot;state&quot;:&quot;&quot;,&quot;zip&quot;:&quot;&quot;}" latitude="37.7618652533575" longitude="-122.397501182485" needs_recoding="false"/></row>