<?xml version="1.0" encoding="UTF-8"?><row _id="12665466" _uuid="25E41C1D-3831-46AD-9D28-97F8615DEF87" _position="12665466" _address="http://data.sfgov.org/resource/ritf-b9ki/12665466"><incidntnum>156286887</incidntnum><category>NON-CRIMINAL</category><descript>LOST PROPERTY</descript><dayofweek>Tuesday</dayofweek><date>2015-11-24T00:00:00</date><time>01:25</time><pddistrict>NORTHERN</pddistrict><resolution>NONE</resolution><address>OFARRELL ST / VANNESS AV</address><x>-122.421195221815</x><y>37.7847536577561</y><location human_address="{&quot;address&quot;:&quot;&quot;,&quot;city&quot;:&quot;&quot;,&quot;state&quot;:&quot;&quot;,&quot;zip&quot;:&quot;&quot;}" latitude="37.7847536577561" longitude="-122.421195221815" needs_recoding="false"/></row>