<?xml version="1.0" encoding="UTF-8"?><row _id="12664717" _uuid="B47E884D-1F26-4C99-AE69-29CF80808690" _position="12664717" _address="http://data.sfgov.org/resource/ritf-b9ki/12664717"><incidntnum>151018271</incidntnum><category>WEAPON LAWS</category><descript>CARRYING A CONCEALED WEAPON</descript><dayofweek>Sunday</dayofweek><date>2015-11-22T00:00:00</date><time>22:10</time><pddistrict>CENTRAL</pddistrict><resolution>ARREST, BOOKED</resolution><address>900 Block of COLUMBUS AV</address><x>-122.414354301151</x><y>37.8031089840376</y><location human_address="{&quot;address&quot;:&quot;&quot;,&quot;city&quot;:&quot;&quot;,&quot;state&quot;:&quot;&quot;,&quot;zip&quot;:&quot;&quot;}" latitude="37.8031089840376" longitude="-122.414354301151" needs_recoding="false"/></row>