<?xml version="1.0" encoding="UTF-8"?><row _id="12661995" _uuid="7862DFD7-A076-42E0-B7B5-76D891325AC3" _position="12661995" _address="http://data.sfgov.org/resource/ritf-b9ki/12661995"><incidntnum>150996062</incidntnum><category>NON-CRIMINAL</category><descript>CIVIL SIDEWALKS, WARNING</descript><dayofweek>Sunday</dayofweek><date>2015-11-15T00:00:00</date><time>20:11</time><pddistrict>TENDERLOIN</pddistrict><resolution>NONE</resolution><address>200 Block of OFARRELL ST</address><x>-122.409155386902</x><y>37.7863245885511</y><location human_address="{&quot;address&quot;:&quot;&quot;,&quot;city&quot;:&quot;&quot;,&quot;state&quot;:&quot;&quot;,&quot;zip&quot;:&quot;&quot;}" latitude="37.7863245885511" longitude="-122.409155386902" needs_recoding="false"/></row>