<?xml version="1.0" encoding="UTF-8"?><row _id="12671166" _uuid="3D9FB2C3-4F4F-4449-8FB8-A9103948D74C" _position="12671166" _address="http://data.sfgov.org/resource/ritf-b9ki/12671166"><incidntnum>151063113</incidntnum><category>DRUG/NARCOTIC</category><descript>SALE OF METH-AMPHETAMINE</descript><dayofweek>Tuesday</dayofweek><date>2015-12-08T00:00:00</date><time>20:03</time><pddistrict>SOUTHERN</pddistrict><resolution>NONE</resolution><address>FOLSOM ST / 5TH ST</address><x>-122.403390364796</x><y>37.7802655777189</y><location human_address="{&quot;address&quot;:&quot;&quot;,&quot;city&quot;:&quot;&quot;,&quot;state&quot;:&quot;&quot;,&quot;zip&quot;:&quot;&quot;}" latitude="37.7802655777189" longitude="-122.403390364796" needs_recoding="false"/></row>