<?xml version="1.0" encoding="UTF-8"?><row _id="12661789" _uuid="2404FBE8-4BF9-4C38-A306-C71454AEDA2E" _position="12661789" _address="http://data.sfgov.org/resource/ritf-b9ki/12661789"><incidntnum>150994555</incidntnum><category>ASSAULT</category><descript>AGGRAVATED ASSAULT WITH BODILY FORCE</descript><dayofweek>Sunday</dayofweek><date>2015-11-15T00:00:00</date><time>09:45</time><pddistrict>TARAVAL</pddistrict><resolution>ARREST, BOOKED</resolution><address>300 Block of GONZALEZ DR</address><x>-122.47657722537</x><y>37.7162110914239</y><location human_address="{&quot;address&quot;:&quot;&quot;,&quot;city&quot;:&quot;&quot;,&quot;state&quot;:&quot;&quot;,&quot;zip&quot;:&quot;&quot;}" latitude="37.7162110914239" longitude="-122.47657722537" needs_recoding="false"/></row>