<?xml version="1.0" encoding="UTF-8"?><row _id="12663650" _uuid="0DB09DAF-6BB0-47C0-853B-DF01BA5F1067" _position="12663650" _address="http://data.sfgov.org/resource/ritf-b9ki/12663650"><incidntnum>151010879</incidntnum><category>ASSAULT</category><descript>AGGRAVATED ASSAULT WITH A DEADLY WEAPON</descript><dayofweek>Friday</dayofweek><date>2015-11-20T00:00:00</date><time>13:44</time><pddistrict>SOUTHERN</pddistrict><resolution>ARREST, BOOKED</resolution><address>MARKET ST / FRONT ST</address><x>-122.398266681678</x><y>37.7917148502091</y><location human_address="{&quot;address&quot;:&quot;&quot;,&quot;city&quot;:&quot;&quot;,&quot;state&quot;:&quot;&quot;,&quot;zip&quot;:&quot;&quot;}" latitude="37.7917148502091" longitude="-122.398266681678" needs_recoding="false"/></row>