<?xml version="1.0" encoding="UTF-8"?><row _id="12671884" _uuid="A1C23867-775C-4F62-A3CE-5ECBCF434C48" _position="12671884" _address="http://data.sfgov.org/resource/ritf-b9ki/12671884"><incidntnum>151067068</incidntnum><category>NON-CRIMINAL</category><descript>FOUND PROPERTY</descript><dayofweek>Thursday</dayofweek><date>2015-12-10T00:00:00</date><time>00:15</time><pddistrict>BAYVIEW</pddistrict><resolution>NONE</resolution><address>1200 Block of 3RD ST</address><x>-122.389517648036</x><y>37.7724682400061</y><location human_address="{&quot;address&quot;:&quot;&quot;,&quot;city&quot;:&quot;&quot;,&quot;state&quot;:&quot;&quot;,&quot;zip&quot;:&quot;&quot;}" latitude="37.7724682400061" longitude="-122.389517648036" needs_recoding="false"/></row>