<?xml version="1.0" encoding="UTF-8"?><row _id="12667454" _uuid="38CCD2E1-07E6-490D-A8D8-FDEE77104C09" _position="12667454" _address="http://data.sfgov.org/resource/ritf-b9ki/12667454"><incidntnum>151042628</incidntnum><category>OTHER OFFENSES</category><descript>FALSE PERSONATION TO RECEIVE MONEY OR PROPERTY</descript><dayofweek>Tuesday</dayofweek><date>2015-11-17T00:00:00</date><time>00:01</time><pddistrict>BAYVIEW</pddistrict><resolution>NONE</resolution><address>800 Block of MINNESOTA ST</address><x>-122.390262015502</x><y>37.7591168554234</y><location human_address="{&quot;address&quot;:&quot;&quot;,&quot;city&quot;:&quot;&quot;,&quot;state&quot;:&quot;&quot;,&quot;zip&quot;:&quot;&quot;}" latitude="37.7591168554234" longitude="-122.390262015502" needs_recoding="false"/></row>