<?xml version="1.0" encoding="UTF-8"?><row _id="12662080" _uuid="9D18D390-472B-4738-9BEF-F6BC14800A1E" _position="12662080" _address="http://data.sfgov.org/resource/ritf-b9ki/12662080"><incidntnum>150998563</incidntnum><category>OTHER OFFENSES</category><descript>TRAFFIC VIOLATION</descript><dayofweek>Monday</dayofweek><date>2015-11-16T00:00:00</date><time>16:44</time><pddistrict>SOUTHERN</pddistrict><resolution>ARREST, BOOKED</resolution><address>BRYANT ST / 2ND ST</address><x>-122.393622739343</x><y>37.7830791191471</y><location human_address="{&quot;address&quot;:&quot;&quot;,&quot;city&quot;:&quot;&quot;,&quot;state&quot;:&quot;&quot;,&quot;zip&quot;:&quot;&quot;}" latitude="37.7830791191471" longitude="-122.393622739343" needs_recoding="false"/></row>