<?xml version="1.0" encoding="UTF-8"?><row _id="12669928" _uuid="F67D0FF5-343E-432B-AE3F-037CAED35CBE" _position="12669928" _address="http://data.sfgov.org/resource/ritf-b9ki/12669928"><incidntnum>151052019</incidntnum><category>DRUG/NARCOTIC</category><descript>SALE OF BASE/ROCK COCAINE</descript><dayofweek>Friday</dayofweek><date>2015-12-04T00:00:00</date><time>16:20</time><pddistrict>SOUTHERN</pddistrict><resolution>NONE</resolution><address>9TH ST / MISSION ST</address><x>-122.414714295579</x><y>37.7762310404758</y><location human_address="{&quot;address&quot;:&quot;&quot;,&quot;city&quot;:&quot;&quot;,&quot;state&quot;:&quot;&quot;,&quot;zip&quot;:&quot;&quot;}" latitude="37.7762310404758" longitude="-122.414714295579" needs_recoding="false"/></row>