<?xml version="1.0" encoding="UTF-8"?><row _id="12663069" _uuid="B4F289D1-7270-4E79-80EA-D58444342F06" _position="12663069" _address="http://data.sfgov.org/resource/ritf-b9ki/12663069"><incidntnum>151006436</incidntnum><category>OTHER OFFENSES</category><descript>DRIVERS LICENSE, SUSPENDED OR REVOKED</descript><dayofweek>Thursday</dayofweek><date>2015-11-19T00:00:00</date><time>00:20</time><pddistrict>NORTHERN</pddistrict><resolution>ARREST, BOOKED</resolution><address>LARKIN ST / GOLDEN GATE AV</address><x>-122.417146843836</x><y>37.781446350134</y><location human_address="{&quot;address&quot;:&quot;&quot;,&quot;city&quot;:&quot;&quot;,&quot;state&quot;:&quot;&quot;,&quot;zip&quot;:&quot;&quot;}" latitude="37.781446350134" longitude="-122.417146843836" needs_recoding="false"/></row>