<?xml version="1.0" encoding="UTF-8"?><row _id="12661908" _uuid="CB5ABE85-6A58-4BC8-BCC8-9F6E34BF9DD1" _position="12661908" _address="http://data.sfgov.org/resource/ritf-b9ki/12661908"><incidntnum>150996426</incidntnum><category>NON-CRIMINAL</category><descript>DEATH REPORT, CAUSE UNKNOWN</descript><dayofweek>Sunday</dayofweek><date>2015-11-15T00:00:00</date><time>22:18</time><pddistrict>INGLESIDE</pddistrict><resolution>NONE</resolution><address>0 Block of RICE ST</address><x>-122.457265666619</x><y>37.7083648058395</y><location human_address="{&quot;address&quot;:&quot;&quot;,&quot;city&quot;:&quot;&quot;,&quot;state&quot;:&quot;&quot;,&quot;zip&quot;:&quot;&quot;}" latitude="37.7083648058395" longitude="-122.457265666619" needs_recoding="false"/></row>