<?xml version="1.0" encoding="UTF-8"?><row _id="12666881" _uuid="D801BABF-F09A-44FE-877B-02DA361DAD42" _position="12666881" _address="http://data.sfgov.org/resource/ritf-b9ki/12666881"><incidntnum>150999743</incidntnum><category>VEHICLE THEFT</category><descript>STOLEN AND RECOVERED VEHICLE</descript><dayofweek>Sunday</dayofweek><date>2015-11-15T00:00:00</date><time>21:00</time><pddistrict>SOUTHERN</pddistrict><resolution>NONE</resolution><address>300 Block of 3RD ST</address><x>-122.398374332486</x><y>37.7834196017163</y><location human_address="{&quot;address&quot;:&quot;&quot;,&quot;city&quot;:&quot;&quot;,&quot;state&quot;:&quot;&quot;,&quot;zip&quot;:&quot;&quot;}" latitude="37.7834196017163" longitude="-122.398374332486" needs_recoding="false"/></row>