<?xml version="1.0" encoding="UTF-8"?><row _id="12663252" _uuid="567E3053-B264-42DE-91BF-A7850A994DF6" _position="12663252" _address="http://data.sfgov.org/resource/ritf-b9ki/12663252"><incidntnum>156280102</incidntnum><category>LARCENY/THEFT</category><descript>PETTY THEFT OF PROPERTY</descript><dayofweek>Monday</dayofweek><date>2015-11-16T00:00:00</date><time>08:40</time><pddistrict>SOUTHERN</pddistrict><resolution>NONE</resolution><address>4TH ST / KING ST</address><x>-122.394102624525</x><y>37.7763827130285</y><location human_address="{&quot;address&quot;:&quot;&quot;,&quot;city&quot;:&quot;&quot;,&quot;state&quot;:&quot;&quot;,&quot;zip&quot;:&quot;&quot;}" latitude="37.7763827130285" longitude="-122.394102624525" needs_recoding="false"/></row>