<?xml version="1.0" encoding="UTF-8"?><row _id="12663973" _uuid="74858A31-1B4A-4D22-9AF9-4A4E147A1BA0" _position="12663973" _address="http://data.sfgov.org/resource/ritf-b9ki/12663973"><incidntnum>151013328</incidntnum><category>BURGLARY</category><descript>BURGLARY,STORE UNDER CONSTRUCTION, FORCIBLE ENTRY</descript><dayofweek>Friday</dayofweek><date>2015-11-20T00:00:00</date><time>22:00</time><pddistrict>MISSION</pddistrict><resolution>NONE</resolution><address>2200 Block of MARKET ST</address><x>-122.431957685196</x><y>37.7649357189679</y><location human_address="{&quot;address&quot;:&quot;&quot;,&quot;city&quot;:&quot;&quot;,&quot;state&quot;:&quot;&quot;,&quot;zip&quot;:&quot;&quot;}" latitude="37.7649357189679" longitude="-122.431957685196" needs_recoding="false"/></row>