<?xml version="1.0" encoding="UTF-8"?><row _id="12664866" _uuid="51845905-6CE3-4398-97EE-A30A20851AEC" _position="12664866" _address="http://data.sfgov.org/resource/ritf-b9ki/12664866"><incidntnum>151016736</incidntnum><category>VEHICLE THEFT</category><descript>STOLEN AUTOMOBILE</descript><dayofweek>Sunday</dayofweek><date>2015-11-22T00:00:00</date><time>02:30</time><pddistrict>INGLESIDE</pddistrict><resolution>NONE</resolution><address>0 Block of OXFORD ST</address><x>-122.420383991229</x><y>37.7287551722798</y><location human_address="{&quot;address&quot;:&quot;&quot;,&quot;city&quot;:&quot;&quot;,&quot;state&quot;:&quot;&quot;,&quot;zip&quot;:&quot;&quot;}" latitude="37.7287551722798" longitude="-122.420383991229" needs_recoding="false"/></row>