<?xml version="1.0" encoding="UTF-8"?><row _id="12671605" _uuid="72EC9C10-43E5-45A4-ADC2-B5C5B8196DB1" _position="12671605" _address="http://data.sfgov.org/resource/ritf-b9ki/12671605"><incidntnum>151064854</incidntnum><category>NON-CRIMINAL</category><descript>PROPERTY FOR IDENTIFICATION</descript><dayofweek>Wednesday</dayofweek><date>2015-12-09T00:00:00</date><time>10:50</time><pddistrict>MISSION</pddistrict><resolution>ARREST, BOOKED</resolution><address>100 Block of ALBION ST</address><x>-122.422745150389</x><y>37.7644531018337</y><location human_address="{&quot;address&quot;:&quot;&quot;,&quot;city&quot;:&quot;&quot;,&quot;state&quot;:&quot;&quot;,&quot;zip&quot;:&quot;&quot;}" latitude="37.7644531018337" longitude="-122.422745150389" needs_recoding="false"/></row>