<?xml version="1.0" encoding="UTF-8"?><row _id="12671689" _uuid="37DE2DB5-EDBE-4626-9D29-9BEE27591557" _position="12671689" _address="http://data.sfgov.org/resource/ritf-b9ki/12671689"><incidntnum>151068317</incidntnum><category>BURGLARY</category><descript>BURGLARY, FORCIBLE ENTRY</descript><dayofweek>Wednesday</dayofweek><date>2015-12-09T00:00:00</date><time>07:05</time><pddistrict>SOUTHERN</pddistrict><resolution>NONE</resolution><address>100 Block of OTIS ST</address><x>-122.420303482492</x><y>37.770896885856</y><location human_address="{&quot;address&quot;:&quot;&quot;,&quot;city&quot;:&quot;&quot;,&quot;state&quot;:&quot;&quot;,&quot;zip&quot;:&quot;&quot;}" latitude="37.770896885856" longitude="-122.420303482492" needs_recoding="false"/></row>