<?xml version="1.0" encoding="UTF-8"?><row _id="12668918" _uuid="8B492F54-BB88-40DD-A8DE-2E6F9C6B8BA8" _position="12668918" _address="http://data.sfgov.org/resource/ritf-b9ki/12668918"><incidntnum>156291422</incidntnum><category>LARCENY/THEFT</category><descript>PETTY THEFT OF PROPERTY</descript><dayofweek>Wednesday</dayofweek><date>2015-12-02T00:00:00</date><time>11:45</time><pddistrict>NORTHERN</pddistrict><resolution>NONE</resolution><address>500 Block of FILLMORE ST</address><x>-122.430988253782</x><y>37.7744379527493</y><location human_address="{&quot;address&quot;:&quot;&quot;,&quot;city&quot;:&quot;&quot;,&quot;state&quot;:&quot;&quot;,&quot;zip&quot;:&quot;&quot;}" latitude="37.7744379527493" longitude="-122.430988253782" needs_recoding="false"/></row>