<?xml version="1.0" encoding="UTF-8"?><row _id="12662808" _uuid="16384A7F-B348-4846-A61B-FE1B95190A20" _position="12662808" _address="http://data.sfgov.org/resource/ritf-b9ki/12662808"><incidntnum>151004509</incidntnum><category>SECONDARY CODES</category><descript>DOMESTIC VIOLENCE</descript><dayofweek>Wednesday</dayofweek><date>2015-11-18T00:00:00</date><time>11:30</time><pddistrict>BAYVIEW</pddistrict><resolution>NONE</resolution><address>0 Block of TURNER TR</address><x>-122.395229211885</x><y>37.756577988934</y><location human_address="{&quot;address&quot;:&quot;&quot;,&quot;city&quot;:&quot;&quot;,&quot;state&quot;:&quot;&quot;,&quot;zip&quot;:&quot;&quot;}" latitude="37.756577988934" longitude="-122.395229211885" needs_recoding="false"/></row>