<?xml version="1.0" encoding="UTF-8"?><row _id="12668492" _uuid="C37801BF-0AF9-4C4C-865C-AFD96E0FEA36" _position="12668492" _address="http://data.sfgov.org/resource/ritf-b9ki/12668492"><incidntnum>151040973</incidntnum><category>TRESPASS</category><descript>TRESPASSING</descript><dayofweek>Tuesday</dayofweek><date>2015-12-01T00:00:00</date><time>07:03</time><pddistrict>TARAVAL</pddistrict><resolution>ARREST, BOOKED</resolution><address>100 Block of FONT BL</address><x>-122.473644075533</x><y>37.7155536666978</y><location human_address="{&quot;address&quot;:&quot;&quot;,&quot;city&quot;:&quot;&quot;,&quot;state&quot;:&quot;&quot;,&quot;zip&quot;:&quot;&quot;}" latitude="37.7155536666978" longitude="-122.473644075533" needs_recoding="false"/></row>