<?xml version="1.0" encoding="UTF-8"?><row _id="12661838" _uuid="36D8DFD3-AC91-4E7B-A5BE-3ED19CDE8C90" _position="12661838" _address="http://data.sfgov.org/resource/ritf-b9ki/12661838"><incidntnum>150994442</incidntnum><category>LARCENY/THEFT</category><descript>PETTY THEFT SHOPLIFTING</descript><dayofweek>Sunday</dayofweek><date>2015-11-15T00:00:00</date><time>08:30</time><pddistrict>NORTHERN</pddistrict><resolution>NONE</resolution><address>0 Block of VANNESS AV</address><x>-122.419609427562</x><y>37.7761348421429</y><location human_address="{&quot;address&quot;:&quot;&quot;,&quot;city&quot;:&quot;&quot;,&quot;state&quot;:&quot;&quot;,&quot;zip&quot;:&quot;&quot;}" latitude="37.7761348421429" longitude="-122.419609427562" needs_recoding="false"/></row>