<?xml version="1.0" encoding="UTF-8"?><row _id="12663359" _uuid="823A6C1D-A967-45E2-B029-E61BF2B62A2E" _position="12663359" _address="http://data.sfgov.org/resource/ritf-b9ki/12663359"><incidntnum>151009866</incidntnum><category>MISSING PERSON</category><descript>FOUND PERSON</descript><dayofweek>Thursday</dayofweek><date>2015-11-19T00:00:00</date><time>19:30</time><pddistrict>SOUTHERN</pddistrict><resolution>NONE</resolution><address>800 Block of FOLSOM ST</address><x>-122.402343659494</x><y>37.7811666837563</y><location human_address="{&quot;address&quot;:&quot;&quot;,&quot;city&quot;:&quot;&quot;,&quot;state&quot;:&quot;&quot;,&quot;zip&quot;:&quot;&quot;}" latitude="37.7811666837563" longitude="-122.402343659494" needs_recoding="false"/></row>