<?xml version="1.0" encoding="UTF-8"?><row _id="12666334" _uuid="80431DA7-A539-45EE-A856-EC0F49EA19E4" _position="12666334" _address="http://data.sfgov.org/resource/ritf-b9ki/12666334"><incidntnum>151026280</incidntnum><category>BURGLARY</category><descript>BURGLARY OF RESIDENCE, FORCIBLE ENTRY</descript><dayofweek>Wednesday</dayofweek><date>2015-11-25T00:00:00</date><time>13:25</time><pddistrict>TARAVAL</pddistrict><resolution>NONE</resolution><address>2500 Block of 26TH AV</address><x>-122.483065539449</x><y>37.7399024885845</y><location human_address="{&quot;address&quot;:&quot;&quot;,&quot;city&quot;:&quot;&quot;,&quot;state&quot;:&quot;&quot;,&quot;zip&quot;:&quot;&quot;}" latitude="37.7399024885845" longitude="-122.483065539449" needs_recoding="false"/></row>