<?xml version="1.0" encoding="UTF-8"?><row _id="12672394" _uuid="05154577-F5DA-4D22-AB71-1E788C028A25" _position="12672394" _address="http://data.sfgov.org/resource/ritf-b9ki/12672394"><incidntnum>156298694</incidntnum><category>VANDALISM</category><descript>MALICIOUS MISCHIEF, VANDALISM</descript><dayofweek>Friday</dayofweek><date>2015-12-11T00:00:00</date><time>03:15</time><pddistrict>CENTRAL</pddistrict><resolution>NONE</resolution><address>400 Block of BUSH ST</address><x>-122.404594467289</x><y>37.7907445241029</y><location human_address="{&quot;address&quot;:&quot;&quot;,&quot;city&quot;:&quot;&quot;,&quot;state&quot;:&quot;&quot;,&quot;zip&quot;:&quot;&quot;}" latitude="37.7907445241029" longitude="-122.404594467289" needs_recoding="false"/></row>