<?xml version="1.0" encoding="UTF-8"?><row _id="12665504" _uuid="D51199EC-BD62-4911-8D20-3E6C8236E6B3" _position="12665504" _address="http://data.sfgov.org/resource/ritf-b9ki/12665504"><incidntnum>151023167</incidntnum><category>LARCENY/THEFT</category><descript>PETTY THEFT FROM A BUILDING</descript><dayofweek>Tuesday</dayofweek><date>2015-11-24T00:00:00</date><time>13:00</time><pddistrict>TARAVAL</pddistrict><resolution>NONE</resolution><address>1500 Block of SLOAT BL</address><x>-122.489713969124</x><y>37.7339497680852</y><location human_address="{&quot;address&quot;:&quot;&quot;,&quot;city&quot;:&quot;&quot;,&quot;state&quot;:&quot;&quot;,&quot;zip&quot;:&quot;&quot;}" latitude="37.7339497680852" longitude="-122.489713969124" needs_recoding="false"/></row>