<?xml version="1.0" encoding="UTF-8"?><row _id="12661660" _uuid="96F95CED-75C1-4C60-9724-C9A0E89C23C7" _position="12661660" _address="http://data.sfgov.org/resource/ritf-b9ki/12661660"><incidntnum>150996391</incidntnum><category>OTHER OFFENSES</category><descript>DRIVERS LICENSE, SUSPENDED OR REVOKED</descript><dayofweek>Sunday</dayofweek><date>2015-11-15T00:00:00</date><time>22:35</time><pddistrict>SOUTHERN</pddistrict><resolution>ARREST, BOOKED</resolution><address>JONES ST / MCALLISTER ST</address><x>-122.411979487494</x><y>37.7809039696758</y><location human_address="{&quot;address&quot;:&quot;&quot;,&quot;city&quot;:&quot;&quot;,&quot;state&quot;:&quot;&quot;,&quot;zip&quot;:&quot;&quot;}" latitude="37.7809039696758" longitude="-122.411979487494" needs_recoding="false"/></row>