<?xml version="1.0" encoding="UTF-8"?><row _id="12661492" _uuid="607C4C86-F168-4BD0-A97C-36B5739D177C" _position="12661492" _address="http://data.sfgov.org/resource/ritf-b9ki/12661492"><incidntnum>156280005</incidntnum><category>LARCENY/THEFT</category><descript>GRAND THEFT FROM UNLOCKED AUTO</descript><dayofweek>Saturday</dayofweek><date>2015-11-14T00:00:00</date><time>15:00</time><pddistrict>RICHMOND</pddistrict><resolution>NONE</resolution><address>700 Block of 10TH AV</address><x>-122.46802079893</x><y>37.7742241139372</y><location human_address="{&quot;address&quot;:&quot;&quot;,&quot;city&quot;:&quot;&quot;,&quot;state&quot;:&quot;&quot;,&quot;zip&quot;:&quot;&quot;}" latitude="37.7742241139372" longitude="-122.46802079893" needs_recoding="false"/></row>