<?xml version="1.0" encoding="UTF-8"?><row _id="12666337" _uuid="4C2677B6-F0DF-4523-A286-73582B137AF0" _position="12666337" _address="http://data.sfgov.org/resource/ritf-b9ki/12666337"><incidntnum>151026478</incidntnum><category>NON-CRIMINAL</category><descript>AIDED CASE, INJURED PERSON</descript><dayofweek>Wednesday</dayofweek><date>2015-11-25T00:00:00</date><time>17:41</time><pddistrict>CENTRAL</pddistrict><resolution>NONE</resolution><address>400 Block of COLUMBUS AV</address><x>-122.4084984361</x><y>37.7990595666353</y><location human_address="{&quot;address&quot;:&quot;&quot;,&quot;city&quot;:&quot;&quot;,&quot;state&quot;:&quot;&quot;,&quot;zip&quot;:&quot;&quot;}" latitude="37.7990595666353" longitude="-122.4084984361" needs_recoding="false"/></row>