<?xml version="1.0" encoding="UTF-8"?><row _id="12663717" _uuid="BAD8E490-9C8D-46DE-8070-963C6213F801" _position="12663717" _address="http://data.sfgov.org/resource/ritf-b9ki/12663717"><incidntnum>151011639</incidntnum><category>ASSAULT</category><descript>AGGRAVATED ASSAULT WITH BODILY FORCE</descript><dayofweek>Friday</dayofweek><date>2015-11-20T00:00:00</date><time>17:00</time><pddistrict>MISSION</pddistrict><resolution>NONE</resolution><address>26TH ST / MISSION ST</address><x>-122.418137290501</x><y>37.7490413093633</y><location human_address="{&quot;address&quot;:&quot;&quot;,&quot;city&quot;:&quot;&quot;,&quot;state&quot;:&quot;&quot;,&quot;zip&quot;:&quot;&quot;}" latitude="37.7490413093633" longitude="-122.418137290501" needs_recoding="false"/></row>