<?xml version="1.0" encoding="UTF-8"?><row _id="12673327" _uuid="5EE13536-B762-4510-AC27-7BAB27F3509F" _position="12673327" _address="http://data.sfgov.org/resource/ritf-b9ki/12673327"><incidntnum>151078407</incidntnum><category>OTHER OFFENSES</category><descript>RESISTING ARREST</descript><dayofweek>Monday</dayofweek><date>2015-12-14T00:00:00</date><time>08:07</time><pddistrict>CENTRAL</pddistrict><resolution>ARREST, BOOKED</resolution><address>100 Block of POST ST</address><x>-122.404013392454</x><y>37.7889047678717</y><location human_address="{&quot;address&quot;:&quot;&quot;,&quot;city&quot;:&quot;&quot;,&quot;state&quot;:&quot;&quot;,&quot;zip&quot;:&quot;&quot;}" latitude="37.7889047678717" longitude="-122.404013392454" needs_recoding="false"/></row>