<?xml version="1.0" encoding="UTF-8"?><row _id="12670582" _uuid="9F6243B7-BEE8-45C4-9D38-518FEA4DE965" _position="12670582" _address="http://data.sfgov.org/resource/ritf-b9ki/12670582"><incidntnum>151057489</incidntnum><category>VANDALISM</category><descript>MALICIOUS MISCHIEF, BREAKING WINDOWS</descript><dayofweek>Sunday</dayofweek><date>2015-12-06T00:00:00</date><time>14:00</time><pddistrict>SOUTHERN</pddistrict><resolution>NONE</resolution><address>800 Block of BRYANT ST</address><x>-122.403404791479</x><y>37.775420706711</y><location human_address="{&quot;address&quot;:&quot;&quot;,&quot;city&quot;:&quot;&quot;,&quot;state&quot;:&quot;&quot;,&quot;zip&quot;:&quot;&quot;}" latitude="37.775420706711" longitude="-122.403404791479" needs_recoding="false"/></row>