<?xml version="1.0" encoding="UTF-8"?><row _id="12666844" _uuid="6836D4E8-E211-42D2-AD7E-15D5874AB1DD" _position="12666844" _address="http://data.sfgov.org/resource/ritf-b9ki/12666844"><incidntnum>156289609</incidntnum><category>LARCENY/THEFT</category><descript>GRAND THEFT FROM LOCKED AUTO</descript><dayofweek>Saturday</dayofweek><date>2015-11-28T00:00:00</date><time>23:15</time><pddistrict>TENDERLOIN</pddistrict><resolution>NONE</resolution><address>100 Block of JONES ST</address><x>-122.412249767634</x><y>37.782556330202</y><location human_address="{&quot;address&quot;:&quot;&quot;,&quot;city&quot;:&quot;&quot;,&quot;state&quot;:&quot;&quot;,&quot;zip&quot;:&quot;&quot;}" latitude="37.782556330202" longitude="-122.412249767634" needs_recoding="false"/></row>