<?xml version="1.0" encoding="UTF-8"?><row _id="12667314" _uuid="C5C08B9A-971C-4645-BC99-C5799260D228" _position="12667314" _address="http://data.sfgov.org/resource/ritf-b9ki/12667314"><incidntnum>151028662</incidntnum><category>ASSAULT</category><descript>BATTERY WITH SERIOUS INJURIES</descript><dayofweek>Thursday</dayofweek><date>2015-11-26T00:00:00</date><time>14:31</time><pddistrict>SOUTHERN</pddistrict><resolution>ARREST, BOOKED</resolution><address>6TH ST / STEVENSON ST</address><x>-122.409696355558</x><y>37.7817540588712</y><location human_address="{&quot;address&quot;:&quot;&quot;,&quot;city&quot;:&quot;&quot;,&quot;state&quot;:&quot;&quot;,&quot;zip&quot;:&quot;&quot;}" latitude="37.7817540588712" longitude="-122.409696355558" needs_recoding="false"/></row>