<?xml version="1.0" encoding="UTF-8"?><row _id="12665852" _uuid="2177E8AE-E1D9-43F3-A2E2-27946C20006B" _position="12665852" _address="http://data.sfgov.org/resource/ritf-b9ki/12665852"><incidntnum>151029068</incidntnum><category>OTHER OFFENSES</category><descript>DRIVERS LICENSE, SUSPENDED OR REVOKED</descript><dayofweek>Thursday</dayofweek><date>2015-11-26T00:00:00</date><time>18:33</time><pddistrict>SOUTHERN</pddistrict><resolution>ARREST, BOOKED</resolution><address>5TH ST / MISSION ST</address><x>-122.406481972743</x><y>37.7827317884887</y><location human_address="{&quot;address&quot;:&quot;&quot;,&quot;city&quot;:&quot;&quot;,&quot;state&quot;:&quot;&quot;,&quot;zip&quot;:&quot;&quot;}" latitude="37.7827317884887" longitude="-122.406481972743" needs_recoding="false"/></row>