<?xml version="1.0" encoding="UTF-8"?><row _id="12669651" _uuid="232E18F1-91B4-4D69-9258-D0A9568766B8" _position="12669651" _address="http://data.sfgov.org/resource/ritf-b9ki/12669651"><incidntnum>151044408</incidntnum><category>SUSPICIOUS OCC</category><descript>SUSPICIOUS OCCURRENCE</descript><dayofweek>Saturday</dayofweek><date>2015-11-28T00:00:00</date><time>09:30</time><pddistrict>MISSION</pddistrict><resolution>NONE</resolution><address>3200 Block of 24TH ST</address><x>-122.416551372097</x><y>37.7524095591909</y><location human_address="{&quot;address&quot;:&quot;&quot;,&quot;city&quot;:&quot;&quot;,&quot;state&quot;:&quot;&quot;,&quot;zip&quot;:&quot;&quot;}" latitude="37.7524095591909" longitude="-122.416551372097" needs_recoding="false"/></row>