<?xml version="1.0" encoding="UTF-8"?><row _id="12662793" _uuid="C9E87C9F-AE53-4B9D-83ED-7D732DD699EF" _position="12662793" _address="http://data.sfgov.org/resource/ritf-b9ki/12662793"><incidntnum>156283833</incidntnum><category>LARCENY/THEFT</category><descript>GRAND THEFT FROM LOCKED AUTO</descript><dayofweek>Wednesday</dayofweek><date>2015-11-18T00:00:00</date><time>18:00</time><pddistrict>TENDERLOIN</pddistrict><resolution>NONE</resolution><address>HYDE ST / FULTON ST</address><x>-122.415127837608</x><y>37.7797870676495</y><location human_address="{&quot;address&quot;:&quot;&quot;,&quot;city&quot;:&quot;&quot;,&quot;state&quot;:&quot;&quot;,&quot;zip&quot;:&quot;&quot;}" latitude="37.7797870676495" longitude="-122.415127837608" needs_recoding="false"/></row>