<?xml version="1.0" encoding="UTF-8"?><row _id="12668216" _uuid="15C95F42-62D1-4B93-8B61-5EC2745D4FC2" _position="12668216" _address="http://data.sfgov.org/resource/ritf-b9ki/12668216"><incidntnum>156291096</incidntnum><category>LARCENY/THEFT</category><descript>GRAND THEFT OF PROPERTY</descript><dayofweek>Monday</dayofweek><date>2015-11-30T00:00:00</date><time>11:07</time><pddistrict>CENTRAL</pddistrict><resolution>NONE</resolution><address>500 Block of POST ST</address><x>-122.410904846406</x><y>37.7880293922851</y><location human_address="{&quot;address&quot;:&quot;&quot;,&quot;city&quot;:&quot;&quot;,&quot;state&quot;:&quot;&quot;,&quot;zip&quot;:&quot;&quot;}" latitude="37.7880293922851" longitude="-122.410904846406" needs_recoding="false"/></row>