<?xml version="1.0" encoding="UTF-8"?><row _id="12662925" _uuid="131F1E2D-C55A-446A-8EA1-AD9CA0ED7E85" _position="12662925" _address="http://data.sfgov.org/resource/ritf-b9ki/12662925"><incidntnum>151004979</incidntnum><category>MISSING PERSON</category><descript>MISSING JUVENILE</descript><dayofweek>Wednesday</dayofweek><date>2015-11-18T00:00:00</date><time>14:30</time><pddistrict>RICHMOND</pddistrict><resolution>CLEARED-CONTACT JUVENILE FOR MORE INFO</resolution><address>800 Block of EUCLID AV</address><x>-122.458490740585</x><y>37.7837951529214</y><location human_address="{&quot;address&quot;:&quot;&quot;,&quot;city&quot;:&quot;&quot;,&quot;state&quot;:&quot;&quot;,&quot;zip&quot;:&quot;&quot;}" latitude="37.7837951529214" longitude="-122.458490740585" needs_recoding="false"/></row>