<?xml version="1.0" encoding="UTF-8"?><row _id="12666526" _uuid="16AEA766-DA20-4532-8F14-9D918B591F9F" _position="12666526" _address="http://data.sfgov.org/resource/ritf-b9ki/12666526"><incidntnum>151030667</incidntnum><category>NON-CRIMINAL</category><descript>FOUND PROPERTY</descript><dayofweek>Friday</dayofweek><date>2015-11-27T00:00:00</date><time>11:57</time><pddistrict>CENTRAL</pddistrict><resolution>ARREST, BOOKED</resolution><address>500 Block of BUSH ST</address><x>-122.406742211994</x><y>37.7904732830605</y><location human_address="{&quot;address&quot;:&quot;&quot;,&quot;city&quot;:&quot;&quot;,&quot;state&quot;:&quot;&quot;,&quot;zip&quot;:&quot;&quot;}" latitude="37.7904732830605" longitude="-122.406742211994" needs_recoding="false"/></row>