<?xml version="1.0" encoding="UTF-8"?><row _id="12665131" _uuid="E87EE93E-DC90-40A7-B769-9D75FCBBD24F" _position="12665131" _address="http://data.sfgov.org/resource/ritf-b9ki/12665131"><incidntnum>151021127</incidntnum><category>BURGLARY</category><descript>BURGLARY, HOT PROWL, FORCIBLE ENTRY</descript><dayofweek>Monday</dayofweek><date>2015-11-23T00:00:00</date><time>20:38</time><pddistrict>INGLESIDE</pddistrict><resolution>ARREST, BOOKED</resolution><address>500 Block of AVALON AV</address><x>-122.428111302642</x><y>37.7256596307906</y><location human_address="{&quot;address&quot;:&quot;&quot;,&quot;city&quot;:&quot;&quot;,&quot;state&quot;:&quot;&quot;,&quot;zip&quot;:&quot;&quot;}" latitude="37.7256596307906" longitude="-122.428111302642" needs_recoding="false"/></row>