<?xml version="1.0" encoding="UTF-8"?><row _id="12662746" _uuid="0F5647AF-908E-40D8-ABCE-8A3FEEEC59C7" _position="12662746" _address="http://data.sfgov.org/resource/ritf-b9ki/12662746"><incidntnum>156281489</incidntnum><category>LARCENY/THEFT</category><descript>GRAND THEFT FROM LOCKED AUTO</descript><dayofweek>Wednesday</dayofweek><date>2015-11-18T00:00:00</date><time>19:00</time><pddistrict>SOUTHERN</pddistrict><resolution>NONE</resolution><address>11TH ST / BRYANT ST</address><x>-122.410932750782</x><y>37.769411384942</y><location human_address="{&quot;address&quot;:&quot;&quot;,&quot;city&quot;:&quot;&quot;,&quot;state&quot;:&quot;&quot;,&quot;zip&quot;:&quot;&quot;}" latitude="37.769411384942" longitude="-122.410932750782" needs_recoding="false"/></row>