<?xml version="1.0" encoding="UTF-8"?><row _id="12663048" _uuid="22216F3B-8135-40B4-A4AB-E6E9DF1C010C" _position="12663048" _address="http://data.sfgov.org/resource/ritf-b9ki/12663048"><incidntnum>151005723</incidntnum><category>OTHER OFFENSES</category><descript>PERMIT VIOLATION, POLICE (GENERAL)</descript><dayofweek>Wednesday</dayofweek><date>2015-11-18T00:00:00</date><time>19:59</time><pddistrict>CENTRAL</pddistrict><resolution>ARREST, BOOKED</resolution><address>200 Block of CALIFORNIA ST</address><x>-122.399392457561</x><y>37.7933368944757</y><location human_address="{&quot;address&quot;:&quot;&quot;,&quot;city&quot;:&quot;&quot;,&quot;state&quot;:&quot;&quot;,&quot;zip&quot;:&quot;&quot;}" latitude="37.7933368944757" longitude="-122.399392457561" needs_recoding="false"/></row>