<?xml version="1.0" encoding="UTF-8"?><row _id="12661832" _uuid="382FC82A-C8CF-40C2-832C-6DD198CB12A0" _position="12661832" _address="http://data.sfgov.org/resource/ritf-b9ki/12661832"><incidntnum>156279729</incidntnum><category>LARCENY/THEFT</category><descript>GRAND THEFT FROM LOCKED AUTO</descript><dayofweek>Sunday</dayofweek><date>2015-11-15T00:00:00</date><time>22:00</time><pddistrict>CENTRAL</pddistrict><resolution>NONE</resolution><address>500 Block of PINE ST</address><x>-122.404984944414</x><y>37.7915382084102</y><location human_address="{&quot;address&quot;:&quot;&quot;,&quot;city&quot;:&quot;&quot;,&quot;state&quot;:&quot;&quot;,&quot;zip&quot;:&quot;&quot;}" latitude="37.7915382084102" longitude="-122.404984944414" needs_recoding="false"/></row>