<?xml version="1.0" encoding="UTF-8"?><row _id="12662785" _uuid="68C96782-E1D2-4090-9E80-4D9A88D6A11D" _position="12662785" _address="http://data.sfgov.org/resource/ritf-b9ki/12662785"><incidntnum>151013986</incidntnum><category>ROBBERY</category><descript>ROBBERY, BODILY FORCE</descript><dayofweek>Wednesday</dayofweek><date>2015-11-18T00:00:00</date><time>22:30</time><pddistrict>INGLESIDE</pddistrict><resolution>NONE</resolution><address>ONONDAGA AV / OTSEGO AV</address><x>-122.441430773465</x><y>37.7227259272221</y><location human_address="{&quot;address&quot;:&quot;&quot;,&quot;city&quot;:&quot;&quot;,&quot;state&quot;:&quot;&quot;,&quot;zip&quot;:&quot;&quot;}" latitude="37.7227259272221" longitude="-122.441430773465" needs_recoding="false"/></row>