<?xml version="1.0" encoding="UTF-8"?><row _id="12668394" _uuid="92585099-7111-448F-8F67-56D218908D5F" _position="12668394" _address="http://data.sfgov.org/resource/ritf-b9ki/12668394"><incidntnum>151043397</incidntnum><category>SUSPICIOUS OCC</category><descript>UNUSUAL OCCURENCE</descript><dayofweek>Tuesday</dayofweek><date>2015-12-01T00:00:00</date><time>21:30</time><pddistrict>INGLESIDE</pddistrict><resolution>NONE</resolution><address>SANTOS ST / BLYTHDALE AV</address><x>-122.418770479936</x><y>37.7107332124</y><location human_address="{&quot;address&quot;:&quot;&quot;,&quot;city&quot;:&quot;&quot;,&quot;state&quot;:&quot;&quot;,&quot;zip&quot;:&quot;&quot;}" latitude="37.7107332124" longitude="-122.418770479936" needs_recoding="false"/></row>