<?xml version="1.0" encoding="UTF-8"?><row _id="12661745" _uuid="697BE16C-D174-487D-8DD0-EB1AD557EB26" _position="12661745" _address="http://data.sfgov.org/resource/ritf-b9ki/12661745"><incidntnum>150994680</incidntnum><category>OTHER OFFENSES</category><descript>TRAFFIC VIOLATION ARREST</descript><dayofweek>Sunday</dayofweek><date>2015-11-15T00:00:00</date><time>12:00</time><pddistrict>RICHMOND</pddistrict><resolution>ARREST, BOOKED</resolution><address>DIVISADERO ST / POST ST</address><x>-122.439687134173</x><y>37.7843190300426</y><location human_address="{&quot;address&quot;:&quot;&quot;,&quot;city&quot;:&quot;&quot;,&quot;state&quot;:&quot;&quot;,&quot;zip&quot;:&quot;&quot;}" latitude="37.7843190300426" longitude="-122.439687134173" needs_recoding="false"/></row>