<?xml version="1.0" encoding="UTF-8"?><row _id="12669420" _uuid="2C29F4BB-A074-4AC7-907B-58324AE0B09B" _position="12669420" _address="http://data.sfgov.org/resource/ritf-b9ki/12669420"><incidntnum>156295010</incidntnum><category>LARCENY/THEFT</category><descript>GRAND THEFT FROM UNLOCKED AUTO</descript><dayofweek>Friday</dayofweek><date>2015-12-04T00:00:00</date><time>23:00</time><pddistrict>SOUTHERN</pddistrict><resolution>NONE</resolution><address>10TH ST / HOWARD ST</address><x>-122.414370627495</x><y>37.7740418385041</y><location human_address="{&quot;address&quot;:&quot;&quot;,&quot;city&quot;:&quot;&quot;,&quot;state&quot;:&quot;&quot;,&quot;zip&quot;:&quot;&quot;}" latitude="37.7740418385041" longitude="-122.414370627495" needs_recoding="false"/></row>