<?xml version="1.0" encoding="UTF-8"?><row _id="12666790" _uuid="2DF65228-1103-4269-9708-742CF83AC204" _position="12666790" _address="http://data.sfgov.org/resource/ritf-b9ki/12666790"><incidntnum>151033843</incidntnum><category>WARRANTS</category><descript>ENROUTE TO OUTSIDE JURISDICTION</descript><dayofweek>Saturday</dayofweek><date>2015-11-28T00:00:00</date><time>15:13</time><pddistrict>PARK</pddistrict><resolution>ARREST, BOOKED</resolution><address>2600 Block of GEARY BL</address><x>-122.446612978839</x><y>37.7822458223917</y><location human_address="{&quot;address&quot;:&quot;&quot;,&quot;city&quot;:&quot;&quot;,&quot;state&quot;:&quot;&quot;,&quot;zip&quot;:&quot;&quot;}" latitude="37.7822458223917" longitude="-122.446612978839" needs_recoding="false"/></row>