<?xml version="1.0" encoding="UTF-8"?><row _id="12662454" _uuid="BCA7B629-29BD-404B-AA6F-DE0E8194901C" _position="12662454" _address="http://data.sfgov.org/resource/ritf-b9ki/12662454"><incidntnum>151000206</incidntnum><category>DRUG/NARCOTIC</category><descript>POSSESSION OF NARCOTICS PARAPHERNALIA</descript><dayofweek>Tuesday</dayofweek><date>2015-11-17T00:00:00</date><time>08:12</time><pddistrict>MISSION</pddistrict><resolution>ARREST, BOOKED</resolution><address>500 Block of VALENCIA ST</address><x>-122.421738508476</x><y>37.7640972229024</y><location human_address="{&quot;address&quot;:&quot;&quot;,&quot;city&quot;:&quot;&quot;,&quot;state&quot;:&quot;&quot;,&quot;zip&quot;:&quot;&quot;}" latitude="37.7640972229024" longitude="-122.421738508476" needs_recoding="false"/></row>