<?xml version="1.0" encoding="UTF-8"?><row _id="12671699" _uuid="F1185940-49A5-4A97-8E91-F044D379C73C" _position="12671699" _address="http://data.sfgov.org/resource/ritf-b9ki/12671699"><incidntnum>151072108</incidntnum><category>VEHICLE THEFT</category><descript>ATTEMPTED STOLEN VEHICLE</descript><dayofweek>Wednesday</dayofweek><date>2015-12-09T00:00:00</date><time>17:00</time><pddistrict>NORTHERN</pddistrict><resolution>NONE</resolution><address>400 Block of OAK ST</address><x>-122.426722441111</x><y>37.774437373756</y><location human_address="{&quot;address&quot;:&quot;&quot;,&quot;city&quot;:&quot;&quot;,&quot;state&quot;:&quot;&quot;,&quot;zip&quot;:&quot;&quot;}" latitude="37.774437373756" longitude="-122.426722441111" needs_recoding="false"/></row>