<?xml version="1.0" encoding="UTF-8"?><row _id="12666460" _uuid="0883FF1C-89FA-49EB-8397-ABCA1F074447" _position="12666460" _address="http://data.sfgov.org/resource/ritf-b9ki/12666460"><incidntnum>156288651</incidntnum><category>LARCENY/THEFT</category><descript>PETTY THEFT OF PROPERTY</descript><dayofweek>Saturday</dayofweek><date>2015-11-28T00:00:00</date><time>02:15</time><pddistrict>SOUTHERN</pddistrict><resolution>NONE</resolution><address>400 Block of 6TH ST</address><x>-122.403671442177</x><y>37.7770324435946</y><location human_address="{&quot;address&quot;:&quot;&quot;,&quot;city&quot;:&quot;&quot;,&quot;state&quot;:&quot;&quot;,&quot;zip&quot;:&quot;&quot;}" latitude="37.7770324435946" longitude="-122.403671442177" needs_recoding="false"/></row>