<?xml version="1.0" encoding="UTF-8"?><row _id="12550344" _uuid="99B2B795-0AFF-4E5E-93AB-D372E32EB652" _position="12550344" _address="http://data.sfgov.org/resource/ritf-b9ki/12550344"><incidntnum>150182807</incidntnum><category>NON-CRIMINAL</category><descript>AIDED CASE, MENTAL DISTURBED</descript><dayofweek>Saturday</dayofweek><date>2015-02-28T00:00:00</date><time>06:00</time><pddistrict>SOUTHERN</pddistrict><resolution>NONE</resolution><address>100 Block of 6TH ST</address><x>-122.408466556173</x><y>37.7807008318778</y><location human_address="{&quot;address&quot;:&quot;&quot;,&quot;city&quot;:&quot;&quot;,&quot;state&quot;:&quot;&quot;,&quot;zip&quot;:&quot;&quot;}" latitude="37.7807008318778" longitude="-122.408466556173" needs_recoding="false"/></row>