<?xml version="1.0" encoding="UTF-8"?><row _id="12543485" _uuid="64436DA5-1F1D-4BDB-87A7-017E53C4E7BB" _position="12543485" _address="http://data.sfgov.org/resource/ritf-b9ki/12543485"><incidntnum>150137868</incidntnum><category>LARCENY/THEFT</category><descript>PETTY THEFT FROM LOCKED AUTO</descript><dayofweek>Friday</dayofweek><date>2015-02-13T00:00:00</date><time>19:51</time><pddistrict>CENTRAL</pddistrict><resolution>NONE</resolution><address>STOCKTON ST / SUTTER ST</address><x>-122.406958660602</x><y>37.789434763004</y><location human_address="{&quot;address&quot;:&quot;&quot;,&quot;city&quot;:&quot;&quot;,&quot;state&quot;:&quot;&quot;,&quot;zip&quot;:&quot;&quot;}" latitude="37.789434763004" longitude="-122.406958660602" needs_recoding="false"/></row>