<?xml version="1.0" encoding="UTF-8"?><row _id="12551176" _uuid="D76ED4A0-4F66-474F-828B-7167003BCABB" _position="12551176" _address="http://data.sfgov.org/resource/ritf-b9ki/12551176"><incidntnum>156051840</incidntnum><category>LARCENY/THEFT</category><descript>GRAND THEFT FROM UNLOCKED AUTO</descript><dayofweek>Monday</dayofweek><date>2015-03-02T00:00:00</date><time>22:30</time><pddistrict>RICHMOND</pddistrict><resolution>NONE</resolution><address>3000 Block of TURK ST</address><x>-122.456446680574</x><y>37.7773963233637</y><location human_address="{&quot;address&quot;:&quot;&quot;,&quot;city&quot;:&quot;&quot;,&quot;state&quot;:&quot;&quot;,&quot;zip&quot;:&quot;&quot;}" latitude="37.7773963233637" longitude="-122.456446680574" needs_recoding="false"/></row>