<?xml version="1.0" encoding="UTF-8"?><row _id="12543569" _uuid="3FC0E7C6-EADC-472A-985C-A4823421379A" _position="12543569" _address="http://data.sfgov.org/resource/ritf-b9ki/12543569"><incidntnum>150134325</incidntnum><category>SUSPICIOUS OCC</category><descript>SUSPICIOUS OCCURRENCE</descript><dayofweek>Friday</dayofweek><date>2015-02-13T00:00:00</date><time>09:15</time><pddistrict>INGLESIDE</pddistrict><resolution>NONE</resolution><address>400 Block of JOOST AV</address><x>-122.44547478111</x><y>37.7323966010148</y><location human_address="{&quot;address&quot;:&quot;&quot;,&quot;city&quot;:&quot;&quot;,&quot;state&quot;:&quot;&quot;,&quot;zip&quot;:&quot;&quot;}" latitude="37.7323966010148" longitude="-122.44547478111" needs_recoding="false"/></row>