<?xml version="1.0" encoding="UTF-8"?><row _id="12545923" _uuid="8FDC5F78-CED0-4913-A4F2-7EE0DBF59288" _position="12545923" _address="http://data.sfgov.org/resource/ritf-b9ki/12545923"><incidntnum>150160869</incidntnum><category>LARCENY/THEFT</category><descript>PETTY THEFT FROM LOCKED AUTO</descript><dayofweek>Saturday</dayofweek><date>2015-02-21T00:00:00</date><time>11:45</time><pddistrict>CENTRAL</pddistrict><resolution>NONE</resolution><address>POWELL ST / NORTHPOINT ST</address><x>-122.412143310586</x><y>37.8067579023106</y><location human_address="{&quot;address&quot;:&quot;&quot;,&quot;city&quot;:&quot;&quot;,&quot;state&quot;:&quot;&quot;,&quot;zip&quot;:&quot;&quot;}" latitude="37.8067579023106" longitude="-122.412143310586" needs_recoding="false"/></row>