<?xml version="1.0" encoding="UTF-8"?><row _id="12543658" _uuid="B02A4BEA-F3B8-4AFA-8718-FB3B1B39742C" _position="12543658" _address="http://data.sfgov.org/resource/ritf-b9ki/12543658"><incidntnum>150134808</incidntnum><category>ASSAULT</category><descript>BATTERY</descript><dayofweek>Friday</dayofweek><date>2015-02-13T00:00:00</date><time>13:30</time><pddistrict>NORTHERN</pddistrict><resolution>ARREST, BOOKED</resolution><address>2100 Block of BUSH ST</address><x>-122.432933973332</x><y>37.7871434419411</y><location human_address="{&quot;address&quot;:&quot;&quot;,&quot;city&quot;:&quot;&quot;,&quot;state&quot;:&quot;&quot;,&quot;zip&quot;:&quot;&quot;}" latitude="37.7871434419411" longitude="-122.432933973332" needs_recoding="false"/></row>