<?xml version="1.0" encoding="UTF-8"?><row _id="12545082" _uuid="23942322-F59F-4E55-BCA1-91940E0C2AD1" _position="12545082" _address="http://data.sfgov.org/resource/ritf-b9ki/12545082"><incidntnum>150145720</incidntnum><category>ASSAULT</category><descript>THREATS AGAINST LIFE</descript><dayofweek>Tuesday</dayofweek><date>2015-02-17T00:00:00</date><time>07:50</time><pddistrict>CENTRAL</pddistrict><resolution>NONE</resolution><address>1400 Block of POWELL ST</address><x>-122.410293343413</x><y>37.7979142831644</y><location human_address="{&quot;address&quot;:&quot;&quot;,&quot;city&quot;:&quot;&quot;,&quot;state&quot;:&quot;&quot;,&quot;zip&quot;:&quot;&quot;}" latitude="37.7979142831644" longitude="-122.410293343413" needs_recoding="false"/></row>