<?xml version="1.0" encoding="UTF-8"?><row _id="12543800" _uuid="90D5F1D6-786A-4594-AC07-05F1BDA16EC2" _position="12543800" _address="http://data.sfgov.org/resource/ritf-b9ki/12543800"><incidntnum>150145087</incidntnum><category>ASSAULT</category><descript>BATTERY</descript><dayofweek>Friday</dayofweek><date>2015-02-13T00:00:00</date><time>01:30</time><pddistrict>SOUTHERN</pddistrict><resolution>NONE</resolution><address>600 Block of HOWARD ST</address><x>-122.39998852115</x><y>37.7854873412292</y><location human_address="{&quot;address&quot;:&quot;&quot;,&quot;city&quot;:&quot;&quot;,&quot;state&quot;:&quot;&quot;,&quot;zip&quot;:&quot;&quot;}" latitude="37.7854873412292" longitude="-122.39998852115" needs_recoding="false"/></row>