<?xml version="1.0" encoding="UTF-8"?><row _id="12543600" _uuid="FE725750-3DB1-475E-B22C-6FB78F124C6C" _position="12543600" _address="http://data.sfgov.org/resource/ritf-b9ki/12543600"><incidntnum>150135969</incidntnum><category>OTHER OFFENSES</category><descript>INJURY TO TELEGRAPH/TELEPHONE LINES</descript><dayofweek>Friday</dayofweek><date>2015-02-13T00:00:00</date><time>21:25</time><pddistrict>INGLESIDE</pddistrict><resolution>NONE</resolution><address>0 Block of 30TH ST</address><x>-122.422632495887</x><y>37.7423897314507</y><location human_address="{&quot;address&quot;:&quot;&quot;,&quot;city&quot;:&quot;&quot;,&quot;state&quot;:&quot;&quot;,&quot;zip&quot;:&quot;&quot;}" latitude="37.7423897314507" longitude="-122.422632495887" needs_recoding="false"/></row>