<?xml version="1.0" encoding="UTF-8"?><row _id="12602384" _uuid="591EF16E-58BC-437A-A5B6-180D4BA007C2" _position="12602384" _address="http://data.sfgov.org/resource/ritf-b9ki/12602384"><incidntnum>150589134</incidntnum><category>BURGLARY</category><descript>BURGLARY OF APARTMENT HOUSE, FORCIBLE ENTRY</descript><dayofweek>Friday</dayofweek><date>2015-03-06T00:00:00</date><time>23:50</time><pddistrict>NORTHERN</pddistrict><resolution>NONE</resolution><address>3000 Block of GOUGH ST</address><x>-122.427993807859</x><y>37.8013755044358</y><location human_address="{&quot;address&quot;:&quot;&quot;,&quot;city&quot;:&quot;&quot;,&quot;state&quot;:&quot;&quot;,&quot;zip&quot;:&quot;&quot;}" latitude="37.8013755044358" longitude="-122.427993807859" needs_recoding="false"/></row>