<?xml version="1.0" encoding="UTF-8"?><row _id="12544379" _uuid="FD6438AD-29EB-4A35-9AD4-E7F41A2E428B" _position="12544379" _address="http://data.sfgov.org/resource/ritf-b9ki/12544379"><incidntnum>150141433</incidntnum><category>LARCENY/THEFT</category><descript>PETTY THEFT FROM LOCKED AUTO</descript><dayofweek>Sunday</dayofweek><date>2015-02-15T00:00:00</date><time>18:39</time><pddistrict>MISSION</pddistrict><resolution>NONE</resolution><address>2000 Block of MISSION ST</address><x>-122.41965834371</x><y>37.7642205603745</y><location human_address="{&quot;address&quot;:&quot;&quot;,&quot;city&quot;:&quot;&quot;,&quot;state&quot;:&quot;&quot;,&quot;zip&quot;:&quot;&quot;}" latitude="37.7642205603745" longitude="-122.41965834371" needs_recoding="false"/></row>