<?xml version="1.0" encoding="UTF-8"?><row _id="12573800" _uuid="8D4C8E23-9600-42F1-ADDB-FB6B9F586298" _position="12573800" _address="http://data.sfgov.org/resource/ritf-b9ki/12573800"><incidntnum>150335379</incidntnum><category>ASSAULT</category><descript>THREATS AGAINST LIFE</descript><dayofweek>Sunday</dayofweek><date>2015-03-08T00:00:00</date><time>12:00</time><pddistrict>SOUTHERN</pddistrict><resolution>NONE</resolution><address>0 Block of SOUTH VAN NESS AV</address><x>-122.418338317697</x><y>37.7726641818375</y><location human_address="{&quot;address&quot;:&quot;&quot;,&quot;city&quot;:&quot;&quot;,&quot;state&quot;:&quot;&quot;,&quot;zip&quot;:&quot;&quot;}" latitude="37.7726641818375" longitude="-122.418338317697" needs_recoding="false"/></row>