<?xml version="1.0" encoding="UTF-8"?><row _id="12544176" _uuid="46813DA7-00C0-4125-A4C1-4221D58624B6" _position="12544176" _address="http://data.sfgov.org/resource/ritf-b9ki/12544176"><incidntnum>150139933</incidntnum><category>LARCENY/THEFT</category><descript>PETTY THEFT FROM A BUILDING</descript><dayofweek>Saturday</dayofweek><date>2015-02-14T00:00:00</date><time>21:50</time><pddistrict>CENTRAL</pddistrict><resolution>NONE</resolution><address>300 Block of COLUMBUS AV</address><x>-122.406842913454</x><y>37.7980587205991</y><location human_address="{&quot;address&quot;:&quot;&quot;,&quot;city&quot;:&quot;&quot;,&quot;state&quot;:&quot;&quot;,&quot;zip&quot;:&quot;&quot;}" latitude="37.7980587205991" longitude="-122.406842913454" needs_recoding="false"/></row>