<?xml version="1.0" encoding="UTF-8"?><row _id="12550549" _uuid="5068B9DA-6A83-4CAB-A1BD-3328E2B2C39F" _position="12550549" _address="http://data.sfgov.org/resource/ritf-b9ki/12550549"><incidntnum>150187556</incidntnum><category>SUSPICIOUS OCC</category><descript>SUSPICIOUS OCCURRENCE</descript><dayofweek>Saturday</dayofweek><date>2015-02-28T00:00:00</date><time>18:00</time><pddistrict>MISSION</pddistrict><resolution>NONE</resolution><address>4200 Block of 19TH ST</address><x>-122.436502740795</x><y>37.7591346510457</y><location human_address="{&quot;address&quot;:&quot;&quot;,&quot;city&quot;:&quot;&quot;,&quot;state&quot;:&quot;&quot;,&quot;zip&quot;:&quot;&quot;}" latitude="37.7591346510457" longitude="-122.436502740795" needs_recoding="false"/></row>