<?xml version="1.0" encoding="UTF-8"?><row _id="12549033" _uuid="A5954061-CB92-4923-8704-2546E0261ADF" _position="12549033" _address="http://data.sfgov.org/resource/ritf-b9ki/12549033"><incidntnum>150176402</incidntnum><category>LARCENY/THEFT</category><descript>PETTY THEFT SHOPLIFTING</descript><dayofweek>Thursday</dayofweek><date>2015-02-26T00:00:00</date><time>11:03</time><pddistrict>SOUTHERN</pddistrict><resolution>ARREST, BOOKED</resolution><address>700 Block of MISSION ST</address><x>-122.403070000847</x><y>37.7852686309087</y><location human_address="{&quot;address&quot;:&quot;&quot;,&quot;city&quot;:&quot;&quot;,&quot;state&quot;:&quot;&quot;,&quot;zip&quot;:&quot;&quot;}" latitude="37.7852686309087" longitude="-122.403070000847" needs_recoding="false"/></row>