<?xml version="1.0" encoding="UTF-8"?><row _id="12548640" _uuid="30E189DE-49B7-4E6B-8EFC-EA035C5D721D" _position="12548640" _address="http://data.sfgov.org/resource/ritf-b9ki/12548640"><incidntnum>150162536</incidntnum><category>VEHICLE THEFT</category><descript>STOLEN TRUCK</descript><dayofweek>Saturday</dayofweek><date>2015-02-21T00:00:00</date><time>23:00</time><pddistrict>INGLESIDE</pddistrict><resolution>ARREST, BOOKED</resolution><address>200 Block of RICHLAND AV</address><x>-122.421633400114</x><y>37.7357961797285</y><location human_address="{&quot;address&quot;:&quot;&quot;,&quot;city&quot;:&quot;&quot;,&quot;state&quot;:&quot;&quot;,&quot;zip&quot;:&quot;&quot;}" latitude="37.7357961797285" longitude="-122.421633400114" needs_recoding="false"/></row>