<?xml version="1.0" encoding="UTF-8"?><row _id="12550714" _uuid="919EA507-9622-46A4-911A-BF20F20A213E" _position="12550714" _address="http://data.sfgov.org/resource/ritf-b9ki/12550714"><incidntnum>156059264</incidntnum><category>VANDALISM</category><descript>MALICIOUS MISCHIEF, VANDALISM</descript><dayofweek>Saturday</dayofweek><date>2015-02-28T00:00:00</date><time>17:55</time><pddistrict>INGLESIDE</pddistrict><resolution>NONE</resolution><address>ALEMANY BL / ONONDAGA AV</address><x>-122.438642401146</x><y>37.7216263690423</y><location human_address="{&quot;address&quot;:&quot;&quot;,&quot;city&quot;:&quot;&quot;,&quot;state&quot;:&quot;&quot;,&quot;zip&quot;:&quot;&quot;}" latitude="37.7216263690423" longitude="-122.438642401146" needs_recoding="false"/></row>