<?xml version="1.0" encoding="UTF-8"?><row _id="12543997" _uuid="3F0AECBD-70DC-49F4-94FC-883287E81FFE" _position="12543997" _address="http://data.sfgov.org/resource/ritf-b9ki/12543997"><incidntnum>150136547</incidntnum><category>ROBBERY</category><descript>ROBBERY ON THE STREET, STRONGARM</descript><dayofweek>Saturday</dayofweek><date>2015-02-14T00:00:00</date><time>02:45</time><pddistrict>NORTHERN</pddistrict><resolution>NONE</resolution><address>POST ST / POLK ST</address><x>-122.419930111611</x><y>37.7868262082156</y><location human_address="{&quot;address&quot;:&quot;&quot;,&quot;city&quot;:&quot;&quot;,&quot;state&quot;:&quot;&quot;,&quot;zip&quot;:&quot;&quot;}" latitude="37.7868262082156" longitude="-122.419930111611" needs_recoding="false"/></row>