<?xml version="1.0" encoding="UTF-8"?><row _id="12549947" _uuid="A66866A0-5D4E-4607-8755-B7E5AD85CEE9" _position="12549947" _address="http://data.sfgov.org/resource/ritf-b9ki/12549947"><incidntnum>150176048</incidntnum><category>FRAUD</category><descript>FALSE CLAIMS, PRESENTING TO GOVERNMENT</descript><dayofweek>Tuesday</dayofweek><date>2015-02-24T00:00:00</date><time>11:00</time><pddistrict>RICHMOND</pddistrict><resolution>NONE</resolution><address>3600 Block of CLAY ST</address><x>-122.452952489795</x><y>37.7882766632231</y><location human_address="{&quot;address&quot;:&quot;&quot;,&quot;city&quot;:&quot;&quot;,&quot;state&quot;:&quot;&quot;,&quot;zip&quot;:&quot;&quot;}" latitude="37.7882766632231" longitude="-122.452952489795" needs_recoding="false"/></row>