<?xml version="1.0" encoding="UTF-8"?><row _id="12547412" _uuid="27C129FD-9D0F-41E9-9DC7-AFA9D4D3C806" _position="12547412" _address="http://data.sfgov.org/resource/ritf-b9ki/12547412"><incidntnum>150157383</incidntnum><category>OTHER OFFENSES</category><descript>PROBATION VIOLATION</descript><dayofweek>Friday</dayofweek><date>2015-02-20T00:00:00</date><time>15:38</time><pddistrict>SOUTHERN</pddistrict><resolution>NONE</resolution><address>900 Block of MARKET ST</address><x>-122.408595110869</x><y>37.7837069301545</y><location human_address="{&quot;address&quot;:&quot;&quot;,&quot;city&quot;:&quot;&quot;,&quot;state&quot;:&quot;&quot;,&quot;zip&quot;:&quot;&quot;}" latitude="37.7837069301545" longitude="-122.408595110869" needs_recoding="false"/></row>