<?xml version="1.0" encoding="UTF-8"?><row _id="12566608" _uuid="FF7055B3-10CC-4EAF-9560-66329D9EAA17" _position="12566608" _address="http://data.sfgov.org/resource/ritf-b9ki/12566608"><incidntnum>150326083</incidntnum><category>NON-CRIMINAL</category><descript>DEATH REPORT, CAUSE UNKNOWN</descript><dayofweek>Friday</dayofweek><date>2015-02-20T00:00:00</date><time>00:01</time><pddistrict>TENDERLOIN</pddistrict><resolution>NONE</resolution><address>500 Block of OFARRELL ST</address><x>-122.413820070176</x><y>37.7857382950322</y><location human_address="{&quot;address&quot;:&quot;&quot;,&quot;city&quot;:&quot;&quot;,&quot;state&quot;:&quot;&quot;,&quot;zip&quot;:&quot;&quot;}" latitude="37.7857382950322" longitude="-122.413820070176" needs_recoding="false"/></row>