<?xml version="1.0" encoding="UTF-8"?><row _id="12545539" _uuid="DE71B4EE-A9FF-49B5-88D8-5BD8BFF607D4" _position="12545539" _address="http://data.sfgov.org/resource/ritf-b9ki/12545539"><incidntnum>150150810</incidntnum><category>OTHER OFFENSES</category><descript>TOBACCO PRODUCTS, SELLING OR FURNISHING TO MINOR</descript><dayofweek>Wednesday</dayofweek><date>2015-02-18T00:00:00</date><time>16:00</time><pddistrict>INGLESIDE</pddistrict><resolution>ARREST, BOOKED</resolution><address>3300 Block of MISSION ST</address><x>-122.421964745809</x><y>37.742261383285</y><location human_address="{&quot;address&quot;:&quot;&quot;,&quot;city&quot;:&quot;&quot;,&quot;state&quot;:&quot;&quot;,&quot;zip&quot;:&quot;&quot;}" latitude="37.742261383285" longitude="-122.421964745809" needs_recoding="false"/></row>