<?xml version="1.0" encoding="UTF-8"?><row _id="12544609" _uuid="E19BE019-0CE1-497F-BDE2-52F62D41D59C" _position="12544609" _address="http://data.sfgov.org/resource/ritf-b9ki/12544609"><incidntnum>150139444</incidntnum><category>OTHER OFFENSES</category><descript>RESTRAINING ORDER NOTIFICATION/SERVICE OF RESTRAINING ORDER</descript><dayofweek>Sunday</dayofweek><date>2015-02-15T00:00:00</date><time>00:31</time><pddistrict>INGLESIDE</pddistrict><resolution>EXCEPTIONAL CLEARANCE</resolution><address>400 Block of DETROIT ST</address><x>-122.444227519066</x><y>37.7308886247238</y><location human_address="{&quot;address&quot;:&quot;&quot;,&quot;city&quot;:&quot;&quot;,&quot;state&quot;:&quot;&quot;,&quot;zip&quot;:&quot;&quot;}" latitude="37.7308886247238" longitude="-122.444227519066" needs_recoding="false"/></row>