<?xml version="1.0" encoding="UTF-8"?><row _id="12543045" _uuid="048E8E6B-ED2D-41B2-864D-B3E2550B401D" _position="12543045" _address="http://data.sfgov.org/resource/ritf-b9ki/12543045"><incidntnum>150132272</incidntnum><category>MISSING PERSON</category><descript>FOUND PERSON</descript><dayofweek>Thursday</dayofweek><date>2015-02-12T00:00:00</date><time>15:43</time><pddistrict>MISSION</pddistrict><resolution>NONE</resolution><address>14TH ST / LANDERS ST</address><x>-122.427867544389</x><y>37.7677923876755</y><location human_address="{&quot;address&quot;:&quot;&quot;,&quot;city&quot;:&quot;&quot;,&quot;state&quot;:&quot;&quot;,&quot;zip&quot;:&quot;&quot;}" latitude="37.7677923876755" longitude="-122.427867544389" needs_recoding="false"/></row>