<?xml version="1.0" encoding="UTF-8"?><row _id="12549253" _uuid="6BF1ECC2-B67D-4483-AA50-F496E62BF35D" _position="12549253" _address="http://data.sfgov.org/resource/ritf-b9ki/12549253"><incidntnum>150190258</incidntnum><category>LARCENY/THEFT</category><descript>PETTY THEFT FROM A BUILDING</descript><dayofweek>Monday</dayofweek><date>2015-02-16T00:00:00</date><time>14:00</time><pddistrict>NORTHERN</pddistrict><resolution>NONE</resolution><address>3300 Block of PIERCE ST</address><x>-122.439471860867</x><y>37.8007384399972</y><location human_address="{&quot;address&quot;:&quot;&quot;,&quot;city&quot;:&quot;&quot;,&quot;state&quot;:&quot;&quot;,&quot;zip&quot;:&quot;&quot;}" latitude="37.8007384399972" longitude="-122.439471860867" needs_recoding="false"/></row>