<?xml version="1.0" encoding="UTF-8"?><row _id="12548108" _uuid="4A761BF4-8A21-4935-8473-176D5BFC544B" _position="12548108" _address="http://data.sfgov.org/resource/ritf-b9ki/12548108"><incidntnum>150162780</incidntnum><category>FRAUD</category><descript>CREDIT CARD, THEFT BY USE OF</descript><dayofweek>Sunday</dayofweek><date>2015-02-22T00:00:00</date><time>07:30</time><pddistrict>TARAVAL</pddistrict><resolution>NONE</resolution><address>1800 Block of OCEAN AV</address><x>-122.461683159559</x><y>37.7251897236748</y><location human_address="{&quot;address&quot;:&quot;&quot;,&quot;city&quot;:&quot;&quot;,&quot;state&quot;:&quot;&quot;,&quot;zip&quot;:&quot;&quot;}" latitude="37.7251897236748" longitude="-122.461683159559" needs_recoding="false"/></row>