<?xml version="1.0" encoding="UTF-8"?><row _id="12544924" _uuid="35F2FB8E-F678-400A-838E-03373BDD299D" _position="12544924" _address="http://data.sfgov.org/resource/ritf-b9ki/12544924"><incidntnum>150146320</incidntnum><category>VEHICLE THEFT</category><descript>STOLEN TRUCK</descript><dayofweek>Monday</dayofweek><date>2015-02-16T00:00:00</date><time>23:30</time><pddistrict>INGLESIDE</pddistrict><resolution>NONE</resolution><address>800 Block of PARIS ST</address><x>-122.439044366677</x><y>37.7161162712793</y><location human_address="{&quot;address&quot;:&quot;&quot;,&quot;city&quot;:&quot;&quot;,&quot;state&quot;:&quot;&quot;,&quot;zip&quot;:&quot;&quot;}" latitude="37.7161162712793" longitude="-122.439044366677" needs_recoding="false"/></row>