<?xml version="1.0" encoding="UTF-8"?><row _id="12545000" _uuid="C8855DE3-B6AD-4696-B24D-EBE4A73B7C24" _position="12545000" _address="http://data.sfgov.org/resource/ritf-b9ki/12545000"><incidntnum>150147340</incidntnum><category>ASSAULT</category><descript>BATTERY</descript><dayofweek>Tuesday</dayofweek><date>2015-02-17T00:00:00</date><time>14:45</time><pddistrict>SOUTHERN</pddistrict><resolution>NONE</resolution><address>5TH ST / MISSION ST</address><x>-122.406481972743</x><y>37.7827317884887</y><location human_address="{&quot;address&quot;:&quot;&quot;,&quot;city&quot;:&quot;&quot;,&quot;state&quot;:&quot;&quot;,&quot;zip&quot;:&quot;&quot;}" latitude="37.7827317884887" longitude="-122.406481972743" needs_recoding="false"/></row>