<?xml version="1.0" encoding="UTF-8"?><row _id="12554589" _uuid="4BFEA7E5-3CB2-498D-B8D1-CBFBA4FBAD42" _position="12554589" _address="http://data.sfgov.org/resource/ritf-b9ki/12554589"><incidntnum>150214193</incidntnum><category>VANDALISM</category><descript>MALICIOUS MISCHIEF, BREAKING WINDOWS</descript><dayofweek>Tuesday</dayofweek><date>2015-03-10T00:00:00</date><time>02:25</time><pddistrict>INGLESIDE</pddistrict><resolution>NONE</resolution><address>0 Block of EXCELSIOR AV</address><x>-122.433197393938</x><y>37.7260971758409</y><location human_address="{&quot;address&quot;:&quot;&quot;,&quot;city&quot;:&quot;&quot;,&quot;state&quot;:&quot;&quot;,&quot;zip&quot;:&quot;&quot;}" latitude="37.7260971758409" longitude="-122.433197393938" needs_recoding="false"/></row>