<?xml version="1.0" encoding="UTF-8"?><row _id="12543092" _uuid="F24AF814-D209-46D8-BA6B-E9183ADB1FEA" _position="12543092" _address="http://data.sfgov.org/resource/ritf-b9ki/12543092"><incidntnum>150133145</incidntnum><category>LARCENY/THEFT</category><descript>GRAND THEFT FROM LOCKED AUTO</descript><dayofweek>Thursday</dayofweek><date>2015-02-12T00:00:00</date><time>19:55</time><pddistrict>SOUTHERN</pddistrict><resolution>NONE</resolution><address>BRANNAN ST / 5TH ST</address><x>-122.398758596964</x><y>37.776568769743</y><location human_address="{&quot;address&quot;:&quot;&quot;,&quot;city&quot;:&quot;&quot;,&quot;state&quot;:&quot;&quot;,&quot;zip&quot;:&quot;&quot;}" latitude="37.776568769743" longitude="-122.398758596964" needs_recoding="false"/></row>