<?xml version="1.0" encoding="UTF-8"?><row _id="12546061" _uuid="9C97F6F0-B4F7-489D-A688-410D51CC66BF" _position="12546061" _address="http://data.sfgov.org/resource/ritf-b9ki/12546061"><incidntnum>150162235</incidntnum><category>OTHER OFFENSES</category><descript>DRIVERS LICENSE, SUSPENDED OR REVOKED</descript><dayofweek>Sunday</dayofweek><date>2015-02-22T00:00:00</date><time>04:35</time><pddistrict>TENDERLOIN</pddistrict><resolution>ARREST, BOOKED</resolution><address>GOLDEN GATE AV / LEAVENWORTH ST</address><x>-122.413869632554</x><y>37.7818621883021</y><location human_address="{&quot;address&quot;:&quot;&quot;,&quot;city&quot;:&quot;&quot;,&quot;state&quot;:&quot;&quot;,&quot;zip&quot;:&quot;&quot;}" latitude="37.7818621883021" longitude="-122.413869632554" needs_recoding="false"/></row>