<?xml version="1.0" encoding="UTF-8"?><row _id="12550347" _uuid="FCC3E653-7271-434E-A0CB-3FFF00CB3DCF" _position="12550347" _address="http://data.sfgov.org/resource/ritf-b9ki/12550347"><incidntnum>150184239</incidntnum><category>LARCENY/THEFT</category><descript>PETTY THEFT FROM A BUILDING</descript><dayofweek>Saturday</dayofweek><date>2015-02-28T00:00:00</date><time>13:00</time><pddistrict>INGLESIDE</pddistrict><resolution>NONE</resolution><address>1100 Block of GENEVA AV</address><x>-122.436649093245</x><y>37.7143029723473</y><location human_address="{&quot;address&quot;:&quot;&quot;,&quot;city&quot;:&quot;&quot;,&quot;state&quot;:&quot;&quot;,&quot;zip&quot;:&quot;&quot;}" latitude="37.7143029723473" longitude="-122.436649093245" needs_recoding="false"/></row>