<?xml version="1.0" encoding="UTF-8"?><row _id="12547630" _uuid="74C40F5F-2344-4E0E-81B6-A35DC36F3FC8" _position="12547630" _address="http://data.sfgov.org/resource/ritf-b9ki/12547630"><incidntnum>150172018</incidntnum><category>VEHICLE THEFT</category><descript>STOLEN TRUCK</descript><dayofweek>Tuesday</dayofweek><date>2015-02-24T00:00:00</date><time>20:00</time><pddistrict>INGLESIDE</pddistrict><resolution>NONE</resolution><address>300 Block of FOERSTER ST</address><x>-122.448794257714</x><y>37.7311250525548</y><location human_address="{&quot;address&quot;:&quot;&quot;,&quot;city&quot;:&quot;&quot;,&quot;state&quot;:&quot;&quot;,&quot;zip&quot;:&quot;&quot;}" latitude="37.7311250525548" longitude="-122.448794257714" needs_recoding="false"/></row>