<?xml version="1.0" encoding="UTF-8"?><row _id="12546087" _uuid="649096D2-E5AD-417B-9F8D-88494DC3C820" _position="12546087" _address="http://data.sfgov.org/resource/ritf-b9ki/12546087"><incidntnum>150164548</incidntnum><category>OTHER OFFENSES</category><descript>DRIVERS LICENSE, SUSPENDED OR REVOKED</descript><dayofweek>Sunday</dayofweek><date>2015-02-22T00:00:00</date><time>21:25</time><pddistrict>CENTRAL</pddistrict><resolution>ARREST, BOOKED</resolution><address>POWELL ST / BUSH ST</address><x>-122.408787528948</x><y>37.7901578215257</y><location human_address="{&quot;address&quot;:&quot;&quot;,&quot;city&quot;:&quot;&quot;,&quot;state&quot;:&quot;&quot;,&quot;zip&quot;:&quot;&quot;}" latitude="37.7901578215257" longitude="-122.408787528948" needs_recoding="false"/></row>