<?xml version="1.0" encoding="UTF-8"?><row _id="12549577" _uuid="5E6B1D6F-22E2-4877-8562-77B45593D4DC" _position="12549577" _address="http://data.sfgov.org/resource/ritf-b9ki/12549577"><incidntnum>156048267</incidntnum><category>LARCENY/THEFT</category><descript>PETTY THEFT OF PROPERTY</descript><dayofweek>Saturday</dayofweek><date>2015-02-21T00:00:00</date><time>00:01</time><pddistrict>SOUTHERN</pddistrict><resolution>NONE</resolution><address>300 Block of 11TH ST</address><x>-122.413287527194</x><y>37.7711962032376</y><location human_address="{&quot;address&quot;:&quot;&quot;,&quot;city&quot;:&quot;&quot;,&quot;state&quot;:&quot;&quot;,&quot;zip&quot;:&quot;&quot;}" latitude="37.7711962032376" longitude="-122.413287527194" needs_recoding="false"/></row>