<?xml version="1.0" encoding="UTF-8"?><row _id="12550262" _uuid="31977595-8EB0-48EA-A7B7-765808BFAB11" _position="12550262" _address="http://data.sfgov.org/resource/ritf-b9ki/12550262"><incidntnum>150199921</incidntnum><category>VANDALISM</category><descript>MALICIOUS MISCHIEF, VANDALISM OF VEHICLES</descript><dayofweek>Saturday</dayofweek><date>2015-02-28T00:00:00</date><time>11:00</time><pddistrict>RICHMOND</pddistrict><resolution>NONE</resolution><address>CLEMENT ST / 20TH AV</address><x>-122.479514982337</x><y>37.7822588572421</y><location human_address="{&quot;address&quot;:&quot;&quot;,&quot;city&quot;:&quot;&quot;,&quot;state&quot;:&quot;&quot;,&quot;zip&quot;:&quot;&quot;}" latitude="37.7822588572421" longitude="-122.479514982337" needs_recoding="false"/></row>