<?xml version="1.0" encoding="UTF-8"?><row _id="12547467" _uuid="8B92E791-573D-4082-8CD6-F519EB0B7143" _position="12547467" _address="http://data.sfgov.org/resource/ritf-b9ki/12547467"><incidntnum>150161447</incidntnum><category>LARCENY/THEFT</category><descript>GRAND THEFT BICYCLE</descript><dayofweek>Saturday</dayofweek><date>2015-02-21T00:00:00</date><time>20:25</time><pddistrict>CENTRAL</pddistrict><resolution>NONE</resolution><address>200 Block of GEARY ST</address><x>-122.407434989523</x><y>37.7875158741623</y><location human_address="{&quot;address&quot;:&quot;&quot;,&quot;city&quot;:&quot;&quot;,&quot;state&quot;:&quot;&quot;,&quot;zip&quot;:&quot;&quot;}" latitude="37.7875158741623" longitude="-122.407434989523" needs_recoding="false"/></row>