<?xml version="1.0" encoding="UTF-8"?><row _id="12543865" _uuid="1DF513C2-BD41-4EFD-9F31-A4FF8DDE6828" _position="12543865" _address="http://data.sfgov.org/resource/ritf-b9ki/12543865"><incidntnum>150146154</incidntnum><category>BURGLARY</category><descript>BURGLARY, UNLAWFUL ENTRY</descript><dayofweek>Friday</dayofweek><date>2015-02-13T00:00:00</date><time>17:00</time><pddistrict>RICHMOND</pddistrict><resolution>NONE</resolution><address>200 Block of BALBOA ST</address><x>-122.461338630124</x><y>37.7773007594441</y><location human_address="{&quot;address&quot;:&quot;&quot;,&quot;city&quot;:&quot;&quot;,&quot;state&quot;:&quot;&quot;,&quot;zip&quot;:&quot;&quot;}" latitude="37.7773007594441" longitude="-122.461338630124" needs_recoding="false"/></row>