<?xml version="1.0" encoding="UTF-8"?><row _id="12543924" _uuid="AB1CB408-EDD8-4A45-9A3E-64767CB40EBC" _position="12543924" _address="http://data.sfgov.org/resource/ritf-b9ki/12543924"><incidntnum>150138496</incidntnum><category>OTHER OFFENSES</category><descript>VIOLATION OF MUNICIPAL CODE</descript><dayofweek>Saturday</dayofweek><date>2015-02-14T00:00:00</date><time>19:15</time><pddistrict>TENDERLOIN</pddistrict><resolution>ARREST, BOOKED</resolution><address>EDDY ST / MASON ST</address><x>-122.409313111431</x><y>37.7843478513151</y><location human_address="{&quot;address&quot;:&quot;&quot;,&quot;city&quot;:&quot;&quot;,&quot;state&quot;:&quot;&quot;,&quot;zip&quot;:&quot;&quot;}" latitude="37.7843478513151" longitude="-122.409313111431" needs_recoding="false"/></row>