<?xml version="1.0" encoding="UTF-8"?><row _id="12557088" _uuid="5B9E67CA-6DE8-4853-917B-145C5C8EDB03" _position="12557088" _address="http://data.sfgov.org/resource/ritf-b9ki/12557088"><incidntnum>150217705</incidntnum><category>LARCENY/THEFT</category><descript>GRAND THEFT FROM LOCKED AUTO</descript><dayofweek>Wednesday</dayofweek><date>2015-03-11T00:00:00</date><time>09:10</time><pddistrict>NORTHERN</pddistrict><resolution>NONE</resolution><address>3200 Block of DIVISADERO ST</address><x>-122.442680550581</x><y>37.7995071150179</y><location human_address="{&quot;address&quot;:&quot;&quot;,&quot;city&quot;:&quot;&quot;,&quot;state&quot;:&quot;&quot;,&quot;zip&quot;:&quot;&quot;}" latitude="37.7995071150179" longitude="-122.442680550581" needs_recoding="false"/></row>