<?xml version="1.0" encoding="UTF-8"?><row _id="12549427" _uuid="53F162FF-E858-4BBC-B2DE-B7732107F3E3" _position="12549427" _address="http://data.sfgov.org/resource/ritf-b9ki/12549427"><incidntnum>150159925</incidntnum><category>FRAUD</category><descript>FRAUDULENT CREDIT APPLICATION</descript><dayofweek>Tuesday</dayofweek><date>2015-02-17T00:00:00</date><time>09:00</time><pddistrict>INGLESIDE</pddistrict><resolution>NONE</resolution><address>100 Block of BURNSIDE AV</address><x>-122.438618599044</x><y>37.7334728996936</y><location human_address="{&quot;address&quot;:&quot;&quot;,&quot;city&quot;:&quot;&quot;,&quot;state&quot;:&quot;&quot;,&quot;zip&quot;:&quot;&quot;}" latitude="37.7334728996936" longitude="-122.438618599044" needs_recoding="false"/></row>