<?xml version="1.0" encoding="UTF-8"?><row _id="12554858" _uuid="D758A1EB-1762-4A2A-9762-74D96475410E" _position="12554858" _address="http://data.sfgov.org/resource/ritf-b9ki/12554858"><incidntnum>156060653</incidntnum><category>LARCENY/THEFT</category><descript>GRAND THEFT FROM LOCKED AUTO</descript><dayofweek>Wednesday</dayofweek><date>2015-03-11T00:00:00</date><time>19:45</time><pddistrict>CENTRAL</pddistrict><resolution>NONE</resolution><address>WASHINGTON ST / THE EMBARCADERONORTH ST</address><x>-122.395329662983</x><y>37.7966652983014</y><location human_address="{&quot;address&quot;:&quot;&quot;,&quot;city&quot;:&quot;&quot;,&quot;state&quot;:&quot;&quot;,&quot;zip&quot;:&quot;&quot;}" latitude="37.7966652983014" longitude="-122.395329662983" needs_recoding="false"/></row>