<?xml version="1.0" encoding="UTF-8"?><row _id="12547324" _uuid="37F2D4FE-69F9-47AC-B605-41A9226FFF57" _position="12547324" _address="http://data.sfgov.org/resource/ritf-b9ki/12547324"><incidntnum>150166867</incidntnum><category>ASSAULT</category><descript>BATTERY</descript><dayofweek>Monday</dayofweek><date>2015-02-23T00:00:00</date><time>15:15</time><pddistrict>PARK</pddistrict><resolution>ARREST, BOOKED</resolution><address>400 Block of PARNASSUS AV</address><x>-122.458220811697</x><y>37.7633123961354</y><location human_address="{&quot;address&quot;:&quot;&quot;,&quot;city&quot;:&quot;&quot;,&quot;state&quot;:&quot;&quot;,&quot;zip&quot;:&quot;&quot;}" latitude="37.7633123961354" longitude="-122.458220811697" needs_recoding="false"/></row>