<?xml version="1.0" encoding="UTF-8"?><row _id="12555966" _uuid="20639608-3290-4CE1-803F-3948B8E2E76C" _position="12555966" _address="http://data.sfgov.org/resource/ritf-b9ki/12555966"><incidntnum>150190913</incidntnum><category>BURGLARY</category><descript>BURGLARY, UNLAWFUL ENTRY</descript><dayofweek>Saturday</dayofweek><date>2015-02-14T00:00:00</date><time>10:12</time><pddistrict>PARK</pddistrict><resolution>NONE</resolution><address>2000 Block of MCALLISTER ST</address><x>-122.445818523199</x><y>37.7767933511444</y><location human_address="{&quot;address&quot;:&quot;&quot;,&quot;city&quot;:&quot;&quot;,&quot;state&quot;:&quot;&quot;,&quot;zip&quot;:&quot;&quot;}" latitude="37.7767933511444" longitude="-122.445818523199" needs_recoding="false"/></row>