<?xml version="1.0" encoding="UTF-8"?><row _id="12545260" _uuid="E6DDE37C-4282-4933-81E6-D5305D7FAAF9" _position="12545260" _address="http://data.sfgov.org/resource/ritf-b9ki/12545260"><incidntnum>150147328</incidntnum><category>ASSAULT</category><descript>THREAT OR FORCE TO RESIST EXECUTIVE OFFICER</descript><dayofweek>Tuesday</dayofweek><date>2015-02-17T00:00:00</date><time>15:33</time><pddistrict>MISSION</pddistrict><resolution>ARREST, BOOKED</resolution><address>POTRERO AV / 20TH ST</address><x>-122.406948026845</x><y>37.7593672733869</y><location human_address="{&quot;address&quot;:&quot;&quot;,&quot;city&quot;:&quot;&quot;,&quot;state&quot;:&quot;&quot;,&quot;zip&quot;:&quot;&quot;}" latitude="37.7593672733869" longitude="-122.406948026845" needs_recoding="false"/></row>