<?xml version="1.0" encoding="UTF-8"?><row _id="12544080" _uuid="9A82756D-921E-43A4-A3E7-2040A1C5FE57" _position="12544080" _address="http://data.sfgov.org/resource/ritf-b9ki/12544080"><incidntnum>156034658</incidntnum><category>LARCENY/THEFT</category><descript>PETTY THEFT OF PROPERTY</descript><dayofweek>Saturday</dayofweek><date>2015-02-14T00:00:00</date><time>13:30</time><pddistrict>RICHMOND</pddistrict><resolution>NONE</resolution><address>1700 Block of DIVISADERO ST</address><x>-122.439852291448</x><y>37.7857393890855</y><location human_address="{&quot;address&quot;:&quot;&quot;,&quot;city&quot;:&quot;&quot;,&quot;state&quot;:&quot;&quot;,&quot;zip&quot;:&quot;&quot;}" latitude="37.7857393890855" longitude="-122.439852291448" needs_recoding="false"/></row>