<?xml version="1.0" encoding="UTF-8"?><row _id="12544197" _uuid="5B6758E2-1C6C-4CAA-AC2A-F72D699FBEA1" _position="12544197" _address="http://data.sfgov.org/resource/ritf-b9ki/12544197"><incidntnum>156035979</incidntnum><category>LARCENY/THEFT</category><descript>GRAND THEFT FROM LOCKED AUTO</descript><dayofweek>Saturday</dayofweek><date>2015-02-14T00:00:00</date><time>09:00</time><pddistrict>RICHMOND</pddistrict><resolution>NONE</resolution><address>1700 Block of LAKE ST</address><x>-122.478193024288</x><y>37.7861099041154</y><location human_address="{&quot;address&quot;:&quot;&quot;,&quot;city&quot;:&quot;&quot;,&quot;state&quot;:&quot;&quot;,&quot;zip&quot;:&quot;&quot;}" latitude="37.7861099041154" longitude="-122.478193024288" needs_recoding="false"/></row>