<?xml version="1.0" encoding="UTF-8"?><row _id="12543848" _uuid="DE3CCC97-4B75-4566-888B-D0AD556644D5" _position="12543848" _address="http://data.sfgov.org/resource/ritf-b9ki/12543848"><incidntnum>150135599</incidntnum><category>FRAUD</category><descript>FALSE ID TO PEACE OFFICER</descript><dayofweek>Friday</dayofweek><date>2015-02-13T00:00:00</date><time>18:23</time><pddistrict>RICHMOND</pddistrict><resolution>ARREST, BOOKED</resolution><address>700 Block of CABRILLO ST</address><x>-122.466558780683</x><y>37.7751918267217</y><location human_address="{&quot;address&quot;:&quot;&quot;,&quot;city&quot;:&quot;&quot;,&quot;state&quot;:&quot;&quot;,&quot;zip&quot;:&quot;&quot;}" latitude="37.7751918267217" longitude="-122.466558780683" needs_recoding="false"/></row>