<?xml version="1.0" encoding="UTF-8"?><row _id="12550886" _uuid="45015B74-BC10-449E-97F7-F10CB749E260" _position="12550886" _address="http://data.sfgov.org/resource/ritf-b9ki/12550886"><incidntnum>150139610</incidntnum><category>LARCENY/THEFT</category><descript>PETTY THEFT FROM LOCKED AUTO</descript><dayofweek>Friday</dayofweek><date>2015-02-13T00:00:00</date><time>22:00</time><pddistrict>BAYVIEW</pddistrict><resolution>ARREST, BOOKED</resolution><address>1200 Block of MISSISSIPPI ST</address><x>-122.393463718795</x><y>37.7504879461151</y><location human_address="{&quot;address&quot;:&quot;&quot;,&quot;city&quot;:&quot;&quot;,&quot;state&quot;:&quot;&quot;,&quot;zip&quot;:&quot;&quot;}" latitude="37.7504879461151" longitude="-122.393463718795" needs_recoding="false"/></row>