<?xml version="1.0" encoding="UTF-8"?><row _id="12544125" _uuid="4F51FAE2-79EE-4771-9A20-8F8E1A8DD2C3" _position="12544125" _address="http://data.sfgov.org/resource/ritf-b9ki/12544125"><incidntnum>150138565</incidntnum><category>BURGLARY</category><descript>BURGLARY OF APARTMENT HOUSE, ATT FORCIBLE ENTRY</descript><dayofweek>Saturday</dayofweek><date>2015-02-14T00:00:00</date><time>19:25</time><pddistrict>NORTHERN</pddistrict><resolution>ARREST, BOOKED</resolution><address>2300 Block of LARKIN ST</address><x>-122.420855875142</x><y>37.7994367295576</y><location human_address="{&quot;address&quot;:&quot;&quot;,&quot;city&quot;:&quot;&quot;,&quot;state&quot;:&quot;&quot;,&quot;zip&quot;:&quot;&quot;}" latitude="37.7994367295576" longitude="-122.420855875142" needs_recoding="false"/></row>