<?xml version="1.0" encoding="UTF-8"?><row _id="12543511" _uuid="363F4896-D740-4E9D-B9F0-926DF42E2426" _position="12543511" _address="http://data.sfgov.org/resource/ritf-b9ki/12543511"><incidntnum>150133565</incidntnum><category>DRUG/NARCOTIC</category><descript>POSSESSION OF NARCOTICS PARAPHERNALIA</descript><dayofweek>Friday</dayofweek><date>2015-02-13T00:00:00</date><time>00:01</time><pddistrict>BAYVIEW</pddistrict><resolution>ARREST, BOOKED</resolution><address>7TH ST / HUBBELL ST</address><x>-122.396656161632</x><y>37.7678262566863</y><location human_address="{&quot;address&quot;:&quot;&quot;,&quot;city&quot;:&quot;&quot;,&quot;state&quot;:&quot;&quot;,&quot;zip&quot;:&quot;&quot;}" latitude="37.7678262566863" longitude="-122.396656161632" needs_recoding="false"/></row>