<?xml version="1.0" encoding="UTF-8"?><row _id="12545234" _uuid="FCAB4BF8-A858-4DD6-816B-F4D923B36AB4" _position="12545234" _address="http://data.sfgov.org/resource/ritf-b9ki/12545234"><incidntnum>156039915</incidntnum><category>LARCENY/THEFT</category><descript>GRAND THEFT FROM LOCKED AUTO</descript><dayofweek>Tuesday</dayofweek><date>2015-02-17T00:00:00</date><time>01:33</time><pddistrict>RICHMOND</pddistrict><resolution>NONE</resolution><address>100 Block of 3RD AV</address><x>-122.461349421599</x><y>37.7860957181586</y><location human_address="{&quot;address&quot;:&quot;&quot;,&quot;city&quot;:&quot;&quot;,&quot;state&quot;:&quot;&quot;,&quot;zip&quot;:&quot;&quot;}" latitude="37.7860957181586" longitude="-122.461349421599" needs_recoding="false"/></row>