<?xml version="1.0" encoding="UTF-8"?><row _id="12561712" _uuid="9E4F1503-4879-4904-A83E-956B42BF6ADA" _position="12561712" _address="http://data.sfgov.org/resource/ritf-b9ki/12561712"><incidntnum>150162172</incidntnum><category>FORGERY/COUNTERFEITING</category><descript>CHECKS, MAKE OR PASS FICTITIOUS</descript><dayofweek>Saturday</dayofweek><date>2015-02-21T00:00:00</date><time>22:00</time><pddistrict>NORTHERN</pddistrict><resolution>NONE</resolution><address>1400 Block of BROADWAY ST</address><x>-122.420967976295</x><y>37.7961340859673</y><location human_address="{&quot;address&quot;:&quot;&quot;,&quot;city&quot;:&quot;&quot;,&quot;state&quot;:&quot;&quot;,&quot;zip&quot;:&quot;&quot;}" latitude="37.7961340859673" longitude="-122.420967976295" needs_recoding="false"/></row>