<?xml version="1.0" encoding="UTF-8"?><row _id="12546350" _uuid="3F112B01-68CD-4462-ABB7-4D8DBA26F9F6" _position="12546350" _address="http://data.sfgov.org/resource/ritf-b9ki/12546350"><incidntnum>150165847</incidntnum><category>ASSAULT</category><descript>BATTERY</descript><dayofweek>Saturday</dayofweek><date>2015-02-21T00:00:00</date><time>09:15</time><pddistrict>CENTRAL</pddistrict><resolution>NONE</resolution><address>POWELL ST / CALIFORNIA ST</address><x>-122.409175171456</x><y>37.7920414139396</y><location human_address="{&quot;address&quot;:&quot;&quot;,&quot;city&quot;:&quot;&quot;,&quot;state&quot;:&quot;&quot;,&quot;zip&quot;:&quot;&quot;}" latitude="37.7920414139396" longitude="-122.409175171456" needs_recoding="false"/></row>