<?xml version="1.0" encoding="UTF-8"?><row _id="12546370" _uuid="02468BFE-AC7C-4DCA-94AF-4607DCC97A2A" _position="12546370" _address="http://data.sfgov.org/resource/ritf-b9ki/12546370"><incidntnum>150168788</incidntnum><category>OTHER OFFENSES</category><descript>VIOLATION OF MUNICIPAL CODE</descript><dayofweek>Tuesday</dayofweek><date>2015-02-24T00:00:00</date><time>07:00</time><pddistrict>INGLESIDE</pddistrict><resolution>ARREST, BOOKED</resolution><address>MISSION ST / 30TH ST</address><x>-122.421970919029</x><y>37.7423752245255</y><location human_address="{&quot;address&quot;:&quot;&quot;,&quot;city&quot;:&quot;&quot;,&quot;state&quot;:&quot;&quot;,&quot;zip&quot;:&quot;&quot;}" latitude="37.7423752245255" longitude="-122.421970919029" needs_recoding="false"/></row>