<?xml version="1.0" encoding="UTF-8"?><row _id="12545252" _uuid="5494B2F0-7815-4F88-8135-4A977CD62CD1" _position="12545252" _address="http://data.sfgov.org/resource/ritf-b9ki/12545252"><incidntnum>150150321</incidntnum><category>ASSAULT</category><descript>AGGRAVATED ASSAULT WITH A DEADLY WEAPON</descript><dayofweek>Tuesday</dayofweek><date>2015-02-17T00:00:00</date><time>12:30</time><pddistrict>CENTRAL</pddistrict><resolution>NONE</resolution><address>700 Block of JONES ST</address><x>-122.413320632492</x><y>37.7878471402067</y><location human_address="{&quot;address&quot;:&quot;&quot;,&quot;city&quot;:&quot;&quot;,&quot;state&quot;:&quot;&quot;,&quot;zip&quot;:&quot;&quot;}" latitude="37.7878471402067" longitude="-122.413320632492" needs_recoding="false"/></row>