<?xml version="1.0" encoding="UTF-8"?><row _id="12544156" _uuid="464B41B3-562A-4E04-A7D4-51B4112D4131" _position="12544156" _address="http://data.sfgov.org/resource/ritf-b9ki/12544156"><incidntnum>150138634</incidntnum><category>LARCENY/THEFT</category><descript>PETTY THEFT FROM LOCKED AUTO</descript><dayofweek>Saturday</dayofweek><date>2015-02-14T00:00:00</date><time>18:00</time><pddistrict>NORTHERN</pddistrict><resolution>NONE</resolution><address>700 Block of GOLDEN GATE AV</address><x>-122.42291369529</x><y>37.7806600950548</y><location human_address="{&quot;address&quot;:&quot;&quot;,&quot;city&quot;:&quot;&quot;,&quot;state&quot;:&quot;&quot;,&quot;zip&quot;:&quot;&quot;}" latitude="37.7806600950548" longitude="-122.42291369529" needs_recoding="false"/></row>