<?xml version="1.0" encoding="UTF-8"?><row _id="12549009" _uuid="2E8F591D-72DF-483D-9439-C90D82453DA5" _position="12549009" _address="http://data.sfgov.org/resource/ritf-b9ki/12549009"><incidntnum>150175131</incidntnum><category>MISSING PERSON</category><descript>FOUND PERSON</descript><dayofweek>Wednesday</dayofweek><date>2015-02-25T00:00:00</date><time>15:00</time><pddistrict>MISSION</pddistrict><resolution>NONE</resolution><address>600 Block of SHOTWELL ST</address><x>-122.41577026404</x><y>37.7580118295123</y><location human_address="{&quot;address&quot;:&quot;&quot;,&quot;city&quot;:&quot;&quot;,&quot;state&quot;:&quot;&quot;,&quot;zip&quot;:&quot;&quot;}" latitude="37.7580118295123" longitude="-122.41577026404" needs_recoding="false"/></row>