<?xml version="1.0" encoding="UTF-8"?><row _id="12550349" _uuid="DD2F1227-94BC-41A1-AE5A-60C8A79B6667" _position="12550349" _address="http://data.sfgov.org/resource/ritf-b9ki/12550349"><incidntnum>150184308</incidntnum><category>NON-CRIMINAL</category><descript>AIDED CASE, MENTAL DISTURBED</descript><dayofweek>Saturday</dayofweek><date>2015-02-28T00:00:00</date><time>15:41</time><pddistrict>SOUTHERN</pddistrict><resolution>NONE</resolution><address>200 Block of FOLSOM ST</address><x>-122.392347671978</x><y>37.7890603555993</y><location human_address="{&quot;address&quot;:&quot;&quot;,&quot;city&quot;:&quot;&quot;,&quot;state&quot;:&quot;&quot;,&quot;zip&quot;:&quot;&quot;}" latitude="37.7890603555993" longitude="-122.392347671978" needs_recoding="false"/></row>