<?xml version="1.0" encoding="UTF-8"?><row _id="12548176" _uuid="C1A75CA1-9BD6-4700-B95E-62C7FE324D84" _position="12548176" _address="http://data.sfgov.org/resource/ritf-b9ki/12548176"><incidntnum>150170824</incidntnum><category>LARCENY/THEFT</category><descript>PETTY THEFT FROM A BUILDING</descript><dayofweek>Monday</dayofweek><date>2015-02-23T00:00:00</date><time>12:45</time><pddistrict>SOUTHERN</pddistrict><resolution>NONE</resolution><address>200 Block of MISSION ST</address><x>-122.395336395079</x><y>37.7914518970007</y><location human_address="{&quot;address&quot;:&quot;&quot;,&quot;city&quot;:&quot;&quot;,&quot;state&quot;:&quot;&quot;,&quot;zip&quot;:&quot;&quot;}" latitude="37.7914518970007" longitude="-122.395336395079" needs_recoding="false"/></row>