<?xml version="1.0" encoding="UTF-8"?><row _id="12563582" _uuid="0B233255-C234-4F89-BF25-1B3E2AA973B0" _position="12563582" _address="http://data.sfgov.org/resource/ritf-b9ki/12563582"><incidntnum>156084982</incidntnum><category>NON-CRIMINAL</category><descript>LOST PROPERTY</descript><dayofweek>Sunday</dayofweek><date>2015-02-15T00:00:00</date><time>10:00</time><pddistrict>BAYVIEW</pddistrict><resolution>NONE</resolution><address>18TH ST / CONNECTICUT ST</address><x>-122.397496481324</x><y>37.7625221888175</y><location human_address="{&quot;address&quot;:&quot;&quot;,&quot;city&quot;:&quot;&quot;,&quot;state&quot;:&quot;&quot;,&quot;zip&quot;:&quot;&quot;}" latitude="37.7625221888175" longitude="-122.397496481324" needs_recoding="false"/></row>