<?xml version="1.0" encoding="UTF-8"?><row _id="12557444" _uuid="747F89FF-8FE5-4694-9F27-C6D057D8341C" _position="12557444" _address="http://data.sfgov.org/resource/ritf-b9ki/12557444"><incidntnum>150240994</incidntnum><category>SECONDARY CODES</category><descript>JUVENILE INVOLVED</descript><dayofweek>Monday</dayofweek><date>2015-03-16T00:00:00</date><time>15:00</time><pddistrict>MISSION</pddistrict><resolution>NONE</resolution><address>500 Block of CHURCH ST</address><x>-122.428538964654</x><y>37.7624845773087</y><location human_address="{&quot;address&quot;:&quot;&quot;,&quot;city&quot;:&quot;&quot;,&quot;state&quot;:&quot;&quot;,&quot;zip&quot;:&quot;&quot;}" latitude="37.7624845773087" longitude="-122.428538964654" needs_recoding="false"/></row>