<?xml version="1.0" encoding="UTF-8"?><row _id="12562265" _uuid="79E1AA4A-7565-4D2E-AF2E-AB8C95E185C5" _position="12562265" _address="http://data.sfgov.org/resource/ritf-b9ki/12562265"><incidntnum>150256496</incidntnum><category>SECONDARY CODES</category><descript>DOMESTIC VIOLENCE</descript><dayofweek>Sunday</dayofweek><date>2015-03-01T00:00:00</date><time>00:01</time><pddistrict>MISSION</pddistrict><resolution>NONE</resolution><address>2100 Block of MISSION ST</address><x>-122.419331147814</x><y>37.7622643357423</y><location human_address="{&quot;address&quot;:&quot;&quot;,&quot;city&quot;:&quot;&quot;,&quot;state&quot;:&quot;&quot;,&quot;zip&quot;:&quot;&quot;}" latitude="37.7622643357423" longitude="-122.419331147814" needs_recoding="false"/></row>