<?xml version="1.0" encoding="UTF-8"?><row _id="12544057" _uuid="1CF8AE33-4829-42F8-9ABD-9621D29891E0" _position="12544057" _address="http://data.sfgov.org/resource/ritf-b9ki/12544057"><incidntnum>150136600</incidntnum><category>LARCENY/THEFT</category><descript>PETTY THEFT OF PROPERTY</descript><dayofweek>Saturday</dayofweek><date>2015-02-14T00:00:00</date><time>00:30</time><pddistrict>INGLESIDE</pddistrict><resolution>NONE</resolution><address>4500 Block of MISSION ST</address><x>-122.434263310171</x><y>37.7254969149557</y><location human_address="{&quot;address&quot;:&quot;&quot;,&quot;city&quot;:&quot;&quot;,&quot;state&quot;:&quot;&quot;,&quot;zip&quot;:&quot;&quot;}" latitude="37.7254969149557" longitude="-122.434263310171" needs_recoding="false"/></row>