<?xml version="1.0" encoding="UTF-8"?><row _id="12547254" _uuid="A4C24F15-54B8-4FFC-A6ED-88F4D8A6BBF2" _position="12547254" _address="http://data.sfgov.org/resource/ritf-b9ki/12547254"><incidntnum>150159931</incidntnum><category>FRAUD</category><descript>DEFRAUDING AN INNKEEPER</descript><dayofweek>Monday</dayofweek><date>2015-02-16T00:00:00</date><time>18:27</time><pddistrict>CENTRAL</pddistrict><resolution>NONE</resolution><address>300 Block of STOCKTON ST</address><x>-122.406886503606</x><y>37.7887345763527</y><location human_address="{&quot;address&quot;:&quot;&quot;,&quot;city&quot;:&quot;&quot;,&quot;state&quot;:&quot;&quot;,&quot;zip&quot;:&quot;&quot;}" latitude="37.7887345763527" longitude="-122.406886503606" needs_recoding="false"/></row>