<?xml version="1.0" encoding="UTF-8"?><row _id="12543842" _uuid="F9B4312B-E4B5-4BB3-9130-C55082C18A74" _position="12543842" _address="http://data.sfgov.org/resource/ritf-b9ki/12543842"><incidntnum>156039501</incidntnum><category>VANDALISM</category><descript>MALICIOUS MISCHIEF, VANDALISM</descript><dayofweek>Friday</dayofweek><date>2015-02-13T00:00:00</date><time>18:00</time><pddistrict>SOUTHERN</pddistrict><resolution>NONE</resolution><address>1300 Block of MARKET ST</address><x>-122.416818891994</x><y>37.7769362014881</y><location human_address="{&quot;address&quot;:&quot;&quot;,&quot;city&quot;:&quot;&quot;,&quot;state&quot;:&quot;&quot;,&quot;zip&quot;:&quot;&quot;}" latitude="37.7769362014881" longitude="-122.416818891994" needs_recoding="false"/></row>