<?xml version="1.0" encoding="UTF-8"?><row _id="12543333" _uuid="47ECA9A8-C8C8-49C7-82BB-BBE134F3EB36" _position="12543333" _address="http://data.sfgov.org/resource/ritf-b9ki/12543333"><incidntnum>150134381</incidntnum><category>LARCENY/THEFT</category><descript>PETTY THEFT FROM A BUILDING</descript><dayofweek>Thursday</dayofweek><date>2015-02-12T00:00:00</date><time>14:30</time><pddistrict>BAYVIEW</pddistrict><resolution>NONE</resolution><address>3800 Block of 3RD ST</address><x>-122.387939452192</x><y>37.7422600519555</y><location human_address="{&quot;address&quot;:&quot;&quot;,&quot;city&quot;:&quot;&quot;,&quot;state&quot;:&quot;&quot;,&quot;zip&quot;:&quot;&quot;}" latitude="37.7422600519555" longitude="-122.387939452192" needs_recoding="false"/></row>