<?xml version="1.0" encoding="UTF-8"?><row _id="12579005" _uuid="01226F7A-FBE7-487A-B1BD-96C67C2F968D" _position="12579005" _address="http://data.sfgov.org/resource/ritf-b9ki/12579005"><incidntnum>150440564</incidntnum><category>SECONDARY CODES</category><descript>DOMESTIC VIOLENCE</descript><dayofweek>Tuesday</dayofweek><date>2015-03-10T00:00:00</date><time>12:00</time><pddistrict>TARAVAL</pddistrict><resolution>NONE</resolution><address>100 Block of CAMBON DR</address><x>-122.474170989826</x><y>37.7166569724342</y><location human_address="{&quot;address&quot;:&quot;&quot;,&quot;city&quot;:&quot;&quot;,&quot;state&quot;:&quot;&quot;,&quot;zip&quot;:&quot;&quot;}" latitude="37.7166569724342" longitude="-122.474170989826" needs_recoding="false"/></row>