<?xml version="1.0" encoding="UTF-8"?><row _id="12544828" _uuid="C4902C86-5E35-4618-A838-8223DBA2AF26" _position="12544828" _address="http://data.sfgov.org/resource/ritf-b9ki/12544828"><incidntnum>150144744</incidntnum><category>DRUG/NARCOTIC</category><descript>POSSESSION OF METH-AMPHETAMINE</descript><dayofweek>Monday</dayofweek><date>2015-02-16T00:00:00</date><time>19:32</time><pddistrict>TENDERLOIN</pddistrict><resolution>ARREST, BOOKED</resolution><address>200 Block of GOLDEN GATE AV</address><x>-122.415083177799</x><y>37.7816524457175</y><location human_address="{&quot;address&quot;:&quot;&quot;,&quot;city&quot;:&quot;&quot;,&quot;state&quot;:&quot;&quot;,&quot;zip&quot;:&quot;&quot;}" latitude="37.7816524457175" longitude="-122.415083177799" needs_recoding="false"/></row>