<?xml version="1.0" encoding="UTF-8"?><row _id="12543433" _uuid="FB54B742-FA70-47DC-A106-8CA9D590558A" _position="12543433" _address="http://data.sfgov.org/resource/ritf-b9ki/12543433"><incidntnum>150134739</incidntnum><category>OTHER OFFENSES</category><descript>DRIVERS LICENSE, SUSPENDED OR REVOKED</descript><dayofweek>Friday</dayofweek><date>2015-02-13T00:00:00</date><time>13:13</time><pddistrict>BAYVIEW</pddistrict><resolution>ARREST, BOOKED</resolution><address>OAKDALE AV / TOLAND ST</address><x>-122.401556880465</x><y>37.7409621320066</y><location human_address="{&quot;address&quot;:&quot;&quot;,&quot;city&quot;:&quot;&quot;,&quot;state&quot;:&quot;&quot;,&quot;zip&quot;:&quot;&quot;}" latitude="37.7409621320066" longitude="-122.401556880465" needs_recoding="false"/></row>