<?xml version="1.0" encoding="UTF-8"?><row _id="12544889" _uuid="ED0A32C0-D59F-4E88-A2F4-541683BEBA2A" _position="12544889" _address="http://data.sfgov.org/resource/ritf-b9ki/12544889"><incidntnum>150152270</incidntnum><category>LARCENY/THEFT</category><descript>GRAND THEFT FROM UNLOCKED AUTO</descript><dayofweek>Monday</dayofweek><date>2015-02-16T00:00:00</date><time>14:00</time><pddistrict>RICHMOND</pddistrict><resolution>NONE</resolution><address>800 Block of LAKE ST</address><x>-122.468451014882</x><y>37.7865623632412</y><location human_address="{&quot;address&quot;:&quot;&quot;,&quot;city&quot;:&quot;&quot;,&quot;state&quot;:&quot;&quot;,&quot;zip&quot;:&quot;&quot;}" latitude="37.7865623632412" longitude="-122.468451014882" needs_recoding="false"/></row>