<?xml version="1.0" encoding="UTF-8"?><row _id="12544350" _uuid="227DD301-1D6C-429F-9A89-0BA54DE63B0B" _position="12544350" _address="http://data.sfgov.org/resource/ritf-b9ki/12544350"><incidntnum>150141706</incidntnum><category>NON-CRIMINAL</category><descript>LOST PROPERTY</descript><dayofweek>Sunday</dayofweek><date>2015-02-15T00:00:00</date><time>20:44</time><pddistrict>CENTRAL</pddistrict><resolution>NONE</resolution><address>COLUMBUS AV / CHESTNUT ST</address><x>-122.414878527767</x><y>37.8035408565775</y><location human_address="{&quot;address&quot;:&quot;&quot;,&quot;city&quot;:&quot;&quot;,&quot;state&quot;:&quot;&quot;,&quot;zip&quot;:&quot;&quot;}" latitude="37.8035408565775" longitude="-122.414878527767" needs_recoding="false"/></row>