<?xml version="1.0" encoding="UTF-8"?><row _id="12556131" _uuid="EFAE9B47-0EC5-4656-9561-7B637B4B7627" _position="12556131" _address="http://data.sfgov.org/resource/ritf-b9ki/12556131"><incidntnum>150193917</incidntnum><category>STOLEN PROPERTY</category><descript>STOLEN ACCESS CARD, POSSESSION</descript><dayofweek>Tuesday</dayofweek><date>2015-03-03T00:00:00</date><time>16:30</time><pddistrict>TARAVAL</pddistrict><resolution>ARREST, BOOKED</resolution><address>19TH AV / SLOAT BL</address><x>-122.475102006298</x><y>37.734623708357</y><location human_address="{&quot;address&quot;:&quot;&quot;,&quot;city&quot;:&quot;&quot;,&quot;state&quot;:&quot;&quot;,&quot;zip&quot;:&quot;&quot;}" latitude="37.734623708357" longitude="-122.475102006298" needs_recoding="false"/></row>