<?xml version="1.0" encoding="UTF-8"?><row _id="12548124" _uuid="85020596-8375-4782-8FF3-D3B13A9DCE85" _position="12548124" _address="http://data.sfgov.org/resource/ritf-b9ki/12548124"><incidntnum>150166481</incidntnum><category>OTHER OFFENSES</category><descript>VIOLATION OF MUNICIPAL CODE</descript><dayofweek>Monday</dayofweek><date>2015-02-23T00:00:00</date><time>09:45</time><pddistrict>MISSION</pddistrict><resolution>ARREST, BOOKED</resolution><address>2200 Block of FOLSOM ST</address><x>-122.414987729007</x><y>37.7612794104989</y><location human_address="{&quot;address&quot;:&quot;&quot;,&quot;city&quot;:&quot;&quot;,&quot;state&quot;:&quot;&quot;,&quot;zip&quot;:&quot;&quot;}" latitude="37.7612794104989" longitude="-122.414987729007" needs_recoding="false"/></row>