<?xml version="1.0" encoding="UTF-8"?><row _id="12556589" _uuid="C9B0769D-327A-4747-8F76-C747511E8E14" _position="12556589" _address="http://data.sfgov.org/resource/ritf-b9ki/12556589"><incidntnum>150231404</incidntnum><category>SUSPICIOUS OCC</category><descript>SUSPICIOUS OCCURRENCE</descript><dayofweek>Saturday</dayofweek><date>2015-03-14T00:00:00</date><time>16:00</time><pddistrict>NORTHERN</pddistrict><resolution>UNFOUNDED</resolution><address>2000 Block of BUSH ST</address><x>-122.430995577182</x><y>37.7872796118788</y><location human_address="{&quot;address&quot;:&quot;&quot;,&quot;city&quot;:&quot;&quot;,&quot;state&quot;:&quot;&quot;,&quot;zip&quot;:&quot;&quot;}" latitude="37.7872796118788" longitude="-122.430995577182" needs_recoding="false"/></row>