<?xml version="1.0" encoding="UTF-8"?><row _id="12545039" _uuid="4D205E25-AC30-489E-9BDB-C8E9BB8BE1F5" _position="12545039" _address="http://data.sfgov.org/resource/ritf-b9ki/12545039"><incidntnum>150150644</incidntnum><category>VEHICLE THEFT</category><descript>STOLEN AUTOMOBILE</descript><dayofweek>Tuesday</dayofweek><date>2015-02-17T00:00:00</date><time>18:30</time><pddistrict>BAYVIEW</pddistrict><resolution>NONE</resolution><address>LANE ST / QUESADA AV</address><x>-122.389603169958</x><y>37.7322901353943</y><location human_address="{&quot;address&quot;:&quot;&quot;,&quot;city&quot;:&quot;&quot;,&quot;state&quot;:&quot;&quot;,&quot;zip&quot;:&quot;&quot;}" latitude="37.7322901353943" longitude="-122.389603169958" needs_recoding="false"/></row>