<?xml version="1.0" encoding="UTF-8"?><row _id="12550042" _uuid="63B456CE-51FF-45C2-AEFA-1A9A953E9D95" _position="12550042" _address="http://data.sfgov.org/resource/ritf-b9ki/12550042"><incidntnum>150180362</incidntnum><category>NON-CRIMINAL</category><descript>AIDED CASE -PROPERTY FOR DESTRUCTION</descript><dayofweek>Friday</dayofweek><date>2015-02-27T00:00:00</date><time>13:55</time><pddistrict>RICHMOND</pddistrict><resolution>NONE</resolution><address>400 Block of 6TH AV</address><x>-122.464279879446</x><y>37.7800332991006</y><location human_address="{&quot;address&quot;:&quot;&quot;,&quot;city&quot;:&quot;&quot;,&quot;state&quot;:&quot;&quot;,&quot;zip&quot;:&quot;&quot;}" latitude="37.7800332991006" longitude="-122.464279879446" needs_recoding="false"/></row>