<?xml version="1.0" encoding="UTF-8"?><row _id="12545426" _uuid="03A82B5B-48F4-4660-BF93-014DF5D8E6D3" _position="12545426" _address="http://data.sfgov.org/resource/ritf-b9ki/12545426"><incidntnum>150150315</incidntnum><category>LARCENY/THEFT</category><descript>GRAND THEFT PICKPOCKET</descript><dayofweek>Wednesday</dayofweek><date>2015-02-18T00:00:00</date><time>13:09</time><pddistrict>SOUTHERN</pddistrict><resolution>NONE</resolution><address>800 Block of MARKET ST</address><x>-122.407633520742</x><y>37.7841893501425</y><location human_address="{&quot;address&quot;:&quot;&quot;,&quot;city&quot;:&quot;&quot;,&quot;state&quot;:&quot;&quot;,&quot;zip&quot;:&quot;&quot;}" latitude="37.7841893501425" longitude="-122.407633520742" needs_recoding="false"/></row>