<?xml version="1.0" encoding="UTF-8"?><row _id="12546611" _uuid="6778948F-A22A-4720-9148-46ABAB7B5826" _position="12546611" _address="http://data.sfgov.org/resource/ritf-b9ki/12546611"><incidntnum>156048499</incidntnum><category>LARCENY/THEFT</category><descript>GRAND THEFT FROM LOCKED AUTO</descript><dayofweek>Friday</dayofweek><date>2015-02-27T00:00:00</date><time>11:20</time><pddistrict>RICHMOND</pddistrict><resolution>NONE</resolution><address>MIDDLE DR / TRANSVERSE DR</address><x>-122.479685724682</x><y>37.7677603210277</y><location human_address="{&quot;address&quot;:&quot;&quot;,&quot;city&quot;:&quot;&quot;,&quot;state&quot;:&quot;&quot;,&quot;zip&quot;:&quot;&quot;}" latitude="37.7677603210277" longitude="-122.479685724682" needs_recoding="false"/></row>