<?xml version="1.0" encoding="UTF-8"?><row _id="12548532" _uuid="77527632-CA71-4C70-8F50-EC520BC4CDA3" _position="12548532" _address="http://data.sfgov.org/resource/ritf-b9ki/12548532"><incidntnum>156048029</incidntnum><category>LARCENY/THEFT</category><descript>GRAND THEFT FROM LOCKED AUTO</descript><dayofweek>Friday</dayofweek><date>2015-02-13T00:00:00</date><time>20:10</time><pddistrict>SOUTHERN</pddistrict><resolution>NONE</resolution><address>800 Block of BRANNAN ST</address><x>-122.404385042303</x><y>37.7721958190345</y><location human_address="{&quot;address&quot;:&quot;&quot;,&quot;city&quot;:&quot;&quot;,&quot;state&quot;:&quot;&quot;,&quot;zip&quot;:&quot;&quot;}" latitude="37.7721958190345" longitude="-122.404385042303" needs_recoding="false"/></row>