<?xml version="1.0" encoding="UTF-8"?><row _id="12543745" _uuid="E06A4DFA-CAAC-418D-9E4E-489FBDD3E867" _position="12543745" _address="http://data.sfgov.org/resource/ritf-b9ki/12543745"><incidntnum>150134541</incidntnum><category>NON-CRIMINAL</category><descript>AIDED CASE, MENTAL DISTURBED</descript><dayofweek>Friday</dayofweek><date>2015-02-13T00:00:00</date><time>11:30</time><pddistrict>SOUTHERN</pddistrict><resolution>NONE</resolution><address>200 Block of 11TH ST</address><x>-122.414647523858</x><y>37.7724423373209</y><location human_address="{&quot;address&quot;:&quot;&quot;,&quot;city&quot;:&quot;&quot;,&quot;state&quot;:&quot;&quot;,&quot;zip&quot;:&quot;&quot;}" latitude="37.7724423373209" longitude="-122.414647523858" needs_recoding="false"/></row>