<?xml version="1.0" encoding="UTF-8"?><row _id="12548948" _uuid="8D9AA826-FC1D-4E26-B526-4E28E09EF3EC" _position="12548948" _address="http://data.sfgov.org/resource/ritf-b9ki/12548948"><incidntnum>150168556</incidntnum><category>ASSAULT</category><descript>AGGRAVATED ASSAULT WITH A DEADLY WEAPON</descript><dayofweek>Tuesday</dayofweek><date>2015-02-24T00:00:00</date><time>01:30</time><pddistrict>BAYVIEW</pddistrict><resolution>ARREST, BOOKED</resolution><address>100 Block of KISKA RD</address><x>-122.378494173975</x><y>37.7304096808335</y><location human_address="{&quot;address&quot;:&quot;&quot;,&quot;city&quot;:&quot;&quot;,&quot;state&quot;:&quot;&quot;,&quot;zip&quot;:&quot;&quot;}" latitude="37.7304096808335" longitude="-122.378494173975" needs_recoding="false"/></row>