<?xml version="1.0" encoding="UTF-8"?><row _id="12545309" _uuid="FB0C09D6-B6C8-4E70-A239-ECBE542FA8CC" _position="12545309" _address="http://data.sfgov.org/resource/ritf-b9ki/12545309"><incidntnum>150150371</incidntnum><category>OTHER OFFENSES</category><descript>TRAFFIC VIOLATION ARREST</descript><dayofweek>Wednesday</dayofweek><date>2015-02-18T00:00:00</date><time>13:41</time><pddistrict>BAYVIEW</pddistrict><resolution>ARREST, BOOKED</resolution><address>MIDDLEPOINT RD / WILLS ST</address><x>-122.379417852372</x><y>37.736274003944</y><location human_address="{&quot;address&quot;:&quot;&quot;,&quot;city&quot;:&quot;&quot;,&quot;state&quot;:&quot;&quot;,&quot;zip&quot;:&quot;&quot;}" latitude="37.736274003944" longitude="-122.379417852372" needs_recoding="false"/></row>