<?xml version="1.0" encoding="UTF-8"?><row _id="12557521" _uuid="C01E7026-EC3C-4662-B811-B531D6EB8686" _position="12557521" _address="http://data.sfgov.org/resource/ritf-b9ki/12557521"><incidntnum>150247495</incidntnum><category>MISSING PERSON</category><descript>MISSING ADULT</descript><dayofweek>Wednesday</dayofweek><date>2015-02-18T00:00:00</date><time>20:14</time><pddistrict>RICHMOND</pddistrict><resolution>NONE</resolution><address>400 Block of 6TH AV</address><x>-122.464279879446</x><y>37.7800332991006</y><location human_address="{&quot;address&quot;:&quot;&quot;,&quot;city&quot;:&quot;&quot;,&quot;state&quot;:&quot;&quot;,&quot;zip&quot;:&quot;&quot;}" latitude="37.7800332991006" longitude="-122.464279879446" needs_recoding="false"/></row>