<?xml version="1.0" encoding="UTF-8"?><row _id="12543559" _uuid="66A0E579-8FE3-4356-8B3C-9CC3E024CA9D" _position="12543559" _address="http://data.sfgov.org/resource/ritf-b9ki/12543559"><incidntnum>156039307</incidntnum><category>LARCENY/THEFT</category><descript>GRAND THEFT FROM LOCKED AUTO</descript><dayofweek>Friday</dayofweek><date>2015-02-13T00:00:00</date><time>19:30</time><pddistrict>SOUTHERN</pddistrict><resolution>NONE</resolution><address>MISSION ST / SOUTH VAN NESS AV</address><x>-122.418618953339</x><y>37.7730525547653</y><location human_address="{&quot;address&quot;:&quot;&quot;,&quot;city&quot;:&quot;&quot;,&quot;state&quot;:&quot;&quot;,&quot;zip&quot;:&quot;&quot;}" latitude="37.7730525547653" longitude="-122.418618953339" needs_recoding="false"/></row>