<?xml version="1.0" encoding="UTF-8"?><row _id="12548307" _uuid="1FFA483C-CEBB-4D78-874B-46474769CEAE" _position="12548307" _address="http://data.sfgov.org/resource/ritf-b9ki/12548307"><incidntnum>156043916</incidntnum><category>LARCENY/THEFT</category><descript>GRAND THEFT FROM UNLOCKED AUTO</descript><dayofweek>Wednesday</dayofweek><date>2015-02-18T00:00:00</date><time>23:00</time><pddistrict>SOUTHERN</pddistrict><resolution>NONE</resolution><address>800 Block of MISSION ST</address><x>-122.405395493939</x><y>37.7835100715421</y><location human_address="{&quot;address&quot;:&quot;&quot;,&quot;city&quot;:&quot;&quot;,&quot;state&quot;:&quot;&quot;,&quot;zip&quot;:&quot;&quot;}" latitude="37.7835100715421" longitude="-122.405395493939" needs_recoding="false"/></row>