<?xml version="1.0" encoding="UTF-8"?><row _id="12553058" _uuid="D4B8C0F5-4354-45BB-B33F-986E364D4947" _position="12553058" _address="http://data.sfgov.org/resource/ritf-b9ki/12553058"><incidntnum>150214858</incidntnum><category>BURGLARY</category><descript>BURGLARY OF WAREHOUSE, FORCIBLE ENTRY</descript><dayofweek>Friday</dayofweek><date>2015-03-06T00:00:00</date><time>17:00</time><pddistrict>INGLESIDE</pddistrict><resolution>NONE</resolution><address>700 Block of BRAZIL AV</address><x>-122.428868643605</x><y>37.7217795399078</y><location human_address="{&quot;address&quot;:&quot;&quot;,&quot;city&quot;:&quot;&quot;,&quot;state&quot;:&quot;&quot;,&quot;zip&quot;:&quot;&quot;}" latitude="37.7217795399078" longitude="-122.428868643605" needs_recoding="false"/></row>