<?xml version="1.0" encoding="UTF-8"?><row _id="12576341" _uuid="96571930-B2B1-48C3-9DEF-076A2F4524EC" _position="12576341" _address="http://data.sfgov.org/resource/ritf-b9ki/12576341"><incidntnum>150377036</incidntnum><category>ASSAULT</category><descript>THREATS AGAINST LIFE</descript><dayofweek>Thursday</dayofweek><date>2015-02-12T00:00:00</date><time>16:00</time><pddistrict>PARK</pddistrict><resolution>NONE</resolution><address>1400 Block of SCOTT ST</address><x>-122.437674432179</x><y>37.7832091367301</y><location human_address="{&quot;address&quot;:&quot;&quot;,&quot;city&quot;:&quot;&quot;,&quot;state&quot;:&quot;&quot;,&quot;zip&quot;:&quot;&quot;}" latitude="37.7832091367301" longitude="-122.437674432179" needs_recoding="false"/></row>