<?xml version="1.0" encoding="UTF-8"?><row _id="12550638" _uuid="E123F33A-C00F-455C-8768-A21E9E0C70C0" _position="12550638" _address="http://data.sfgov.org/resource/ritf-b9ki/12550638"><incidntnum>150185817</incidntnum><category>WARRANTS</category><descript>ENROUTE TO OUTSIDE JURISDICTION</descript><dayofweek>Sunday</dayofweek><date>2015-03-01T00:00:00</date><time>03:50</time><pddistrict>MISSION</pddistrict><resolution>ARREST, BOOKED</resolution><address>16TH ST / POTRERO AV</address><x>-122.407538332319</x><y>37.7657827544276</y><location human_address="{&quot;address&quot;:&quot;&quot;,&quot;city&quot;:&quot;&quot;,&quot;state&quot;:&quot;&quot;,&quot;zip&quot;:&quot;&quot;}" latitude="37.7657827544276" longitude="-122.407538332319" needs_recoding="false"/></row>