<?xml version="1.0" encoding="UTF-8"?><row _id="12543578" _uuid="1E1A430D-B3B6-48C5-AA1A-FCBE8944576E" _position="12543578" _address="http://data.sfgov.org/resource/ritf-b9ki/12543578"><incidntnum>150135135</incidntnum><category>ASSAULT</category><descript>THREATS AGAINST LIFE</descript><dayofweek>Friday</dayofweek><date>2015-02-13T00:00:00</date><time>16:15</time><pddistrict>SOUTHERN</pddistrict><resolution>NONE</resolution><address>0 Block of MARKET ST</address><x>-122.395097774181</x><y>37.7940590485562</y><location human_address="{&quot;address&quot;:&quot;&quot;,&quot;city&quot;:&quot;&quot;,&quot;state&quot;:&quot;&quot;,&quot;zip&quot;:&quot;&quot;}" latitude="37.7940590485562" longitude="-122.395097774181" needs_recoding="false"/></row>