<?xml version="1.0" encoding="UTF-8"?><row _id="12547251" _uuid="A85077BD-6AD2-4D86-BCEF-C46867951024" _position="12547251" _address="http://data.sfgov.org/resource/ritf-b9ki/12547251"><incidntnum>150159862</incidntnum><category>LARCENY/THEFT</category><descript>PETTY THEFT FROM LOCKED AUTO</descript><dayofweek>Saturday</dayofweek><date>2015-02-21T00:00:00</date><time>10:00</time><pddistrict>CENTRAL</pddistrict><resolution>NONE</resolution><address>700 Block of CALIFORNIA ST</address><x>-122.406317303329</x><y>37.7923472630257</y><location human_address="{&quot;address&quot;:&quot;&quot;,&quot;city&quot;:&quot;&quot;,&quot;state&quot;:&quot;&quot;,&quot;zip&quot;:&quot;&quot;}" latitude="37.7923472630257" longitude="-122.406317303329" needs_recoding="false"/></row>