<?xml version="1.0" encoding="UTF-8"?><row _id="12543458" _uuid="9519A33B-9427-4E99-BFF4-8C5EE84B1701" _position="12543458" _address="http://data.sfgov.org/resource/ritf-b9ki/12543458"><incidntnum>150137670</incidntnum><category>ROBBERY</category><descript>ROBBERY, BODILY FORCE</descript><dayofweek>Friday</dayofweek><date>2015-02-13T00:00:00</date><time>20:00</time><pddistrict>SOUTHERN</pddistrict><resolution>NONE</resolution><address>MARKET ST / 5TH ST</address><x>-122.408068345148</x><y>37.7839916768161</y><location human_address="{&quot;address&quot;:&quot;&quot;,&quot;city&quot;:&quot;&quot;,&quot;state&quot;:&quot;&quot;,&quot;zip&quot;:&quot;&quot;}" latitude="37.7839916768161" longitude="-122.408068345148" needs_recoding="false"/></row>