<?xml version="1.0" encoding="UTF-8"?><row _id="12546840" _uuid="7FCAFB0B-6659-4F5E-B054-B6541852F3A5" _position="12546840" _address="http://data.sfgov.org/resource/ritf-b9ki/12546840"><incidntnum>150175266</incidntnum><category>OTHER OFFENSES</category><descript>TRAFFIC VIOLATION</descript><dayofweek>Thursday</dayofweek><date>2015-02-26T00:00:00</date><time>00:23</time><pddistrict>NORTHERN</pddistrict><resolution>ARREST, BOOKED</resolution><address>WEBSTER ST / EDDY ST</address><x>-122.4306117479</x><y>37.7816441555164</y><location human_address="{&quot;address&quot;:&quot;&quot;,&quot;city&quot;:&quot;&quot;,&quot;state&quot;:&quot;&quot;,&quot;zip&quot;:&quot;&quot;}" latitude="37.7816441555164" longitude="-122.4306117479" needs_recoding="false"/></row>