<?xml version="1.0" encoding="UTF-8"?><row _id="12544744" _uuid="0D77BF91-9E4E-4766-B60B-50EAAFEE1240" _position="12544744" _address="http://data.sfgov.org/resource/ritf-b9ki/12544744"><incidntnum>150142356</incidntnum><category>ASSAULT</category><descript>AGGRAVATED ASSAULT WITH A DEADLY WEAPON</descript><dayofweek>Monday</dayofweek><date>2015-02-16T00:00:00</date><time>02:22</time><pddistrict>CENTRAL</pddistrict><resolution>NONE</resolution><address>600 Block of BROADWAY ST</address><x>-122.40784335615</x><y>37.7977773593589</y><location human_address="{&quot;address&quot;:&quot;&quot;,&quot;city&quot;:&quot;&quot;,&quot;state&quot;:&quot;&quot;,&quot;zip&quot;:&quot;&quot;}" latitude="37.7977773593589" longitude="-122.40784335615" needs_recoding="false"/></row>