<?xml version="1.0" encoding="UTF-8"?><row _id="12549024" _uuid="B86DF887-98E5-4F35-9B24-B8E9B497710A" _position="12549024" _address="http://data.sfgov.org/resource/ritf-b9ki/12549024"><incidntnum>150175755</incidntnum><category>ASSAULT</category><descript>BATTERY</descript><dayofweek>Thursday</dayofweek><date>2015-02-26T00:00:00</date><time>07:25</time><pddistrict>SOUTHERN</pddistrict><resolution>ARREST, BOOKED</resolution><address>300 Block of TOWNSEND ST</address><x>-122.396164058532</x><y>37.7762328753299</y><location human_address="{&quot;address&quot;:&quot;&quot;,&quot;city&quot;:&quot;&quot;,&quot;state&quot;:&quot;&quot;,&quot;zip&quot;:&quot;&quot;}" latitude="37.7762328753299" longitude="-122.396164058532" needs_recoding="false"/></row>