<?xml version="1.0" encoding="UTF-8"?><row _id="12545848" _uuid="A19C1E51-2870-4C2A-9861-2CBBDD810D19" _position="12545848" _address="http://data.sfgov.org/resource/ritf-b9ki/12545848"><incidntnum>150154511</incidntnum><category>ASSAULT</category><descript>AGGRAVATED ASSAULT WITH A KNIFE</descript><dayofweek>Thursday</dayofweek><date>2015-02-19T00:00:00</date><time>18:49</time><pddistrict>MISSION</pddistrict><resolution>NONE</resolution><address>19TH ST / CHURCH ST</address><x>-122.428203997155</x><y>37.759691691831</y><location human_address="{&quot;address&quot;:&quot;&quot;,&quot;city&quot;:&quot;&quot;,&quot;state&quot;:&quot;&quot;,&quot;zip&quot;:&quot;&quot;}" latitude="37.759691691831" longitude="-122.428203997155" needs_recoding="false"/></row>