<?xml version="1.0" encoding="UTF-8"?><row _id="12543618" _uuid="278D2AB6-1EA8-4065-B02F-2C63B55052C8" _position="12543618" _address="http://data.sfgov.org/resource/ritf-b9ki/12543618"><incidntnum>150135458</incidntnum><category>FRAUD</category><descript>CREDIT CARD, THEFT BY USE OF</descript><dayofweek>Friday</dayofweek><date>2015-02-13T00:00:00</date><time>12:00</time><pddistrict>TENDERLOIN</pddistrict><resolution>NONE</resolution><address>0 Block of POWELL ST</address><x>-122.407845374111</x><y>37.7850943210103</y><location human_address="{&quot;address&quot;:&quot;&quot;,&quot;city&quot;:&quot;&quot;,&quot;state&quot;:&quot;&quot;,&quot;zip&quot;:&quot;&quot;}" latitude="37.7850943210103" longitude="-122.407845374111" needs_recoding="false"/></row>