<?xml version="1.0" encoding="UTF-8"?><row _id="12546231" _uuid="71CC0975-8DC9-43C9-B515-6BEA23D77B11" _position="12546231" _address="http://data.sfgov.org/resource/ritf-b9ki/12546231"><incidntnum>150166118</incidntnum><category>LARCENY/THEFT</category><descript>GRAND THEFT FROM PERSON</descript><dayofweek>Monday</dayofweek><date>2015-02-23T00:00:00</date><time>12:31</time><pddistrict>SOUTHERN</pddistrict><resolution>JUVENILE BOOKED</resolution><address>2ND ST / JESSIE ST</address><x>-122.40034634474</x><y>37.7884427601235</y><location human_address="{&quot;address&quot;:&quot;&quot;,&quot;city&quot;:&quot;&quot;,&quot;state&quot;:&quot;&quot;,&quot;zip&quot;:&quot;&quot;}" latitude="37.7884427601235" longitude="-122.40034634474" needs_recoding="false"/></row>