<?xml version="1.0" encoding="UTF-8"?><row _id="12543785" _uuid="9C412F63-1501-4706-AD71-E4B64F228113" _position="12543785" _address="http://data.sfgov.org/resource/ritf-b9ki/12543785"><incidntnum>150138327</incidntnum><category>MISSING PERSON</category><descript>MISSING JUVENILE</descript><dayofweek>Friday</dayofweek><date>2015-02-13T00:00:00</date><time>07:00</time><pddistrict>MISSION</pddistrict><resolution>NONE</resolution><address>200 Block of DORLAND ST</address><x>-122.429567892224</x><y>37.7620293003384</y><location human_address="{&quot;address&quot;:&quot;&quot;,&quot;city&quot;:&quot;&quot;,&quot;state&quot;:&quot;&quot;,&quot;zip&quot;:&quot;&quot;}" latitude="37.7620293003384" longitude="-122.429567892224" needs_recoding="false"/></row>