<?xml version="1.0" encoding="UTF-8"?><row _id="12544703" _uuid="74622705-30FB-4F94-8FB4-7C928DCF556C" _position="12544703" _address="http://data.sfgov.org/resource/ritf-b9ki/12544703"><incidntnum>150145792</incidntnum><category>ROBBERY</category><descript>ROBBERY, ARMED WITH A GUN</descript><dayofweek>Monday</dayofweek><date>2015-02-16T00:00:00</date><time>18:00</time><pddistrict>RICHMOND</pddistrict><resolution>NONE</resolution><address>5TH AV / FULTON ST</address><x>-122.46268417632</x><y>37.7737582796656</y><location human_address="{&quot;address&quot;:&quot;&quot;,&quot;city&quot;:&quot;&quot;,&quot;state&quot;:&quot;&quot;,&quot;zip&quot;:&quot;&quot;}" latitude="37.7737582796656" longitude="-122.46268417632" needs_recoding="false"/></row>