<?xml version="1.0" encoding="UTF-8"?><row _id="12545228" _uuid="B59315D7-3823-4C71-A19E-3DBABBFA5473" _position="12545228" _address="http://data.sfgov.org/resource/ritf-b9ki/12545228"><incidntnum>156039404</incidntnum><category>LARCENY/THEFT</category><descript>GRAND THEFT FROM LOCKED AUTO</descript><dayofweek>Tuesday</dayofweek><date>2015-02-17T00:00:00</date><time>14:00</time><pddistrict>SOUTHERN</pddistrict><resolution>NONE</resolution><address>0 Block of GOUGH ST</address><x>-122.421642137718</x><y>37.7728765820585</y><location human_address="{&quot;address&quot;:&quot;&quot;,&quot;city&quot;:&quot;&quot;,&quot;state&quot;:&quot;&quot;,&quot;zip&quot;:&quot;&quot;}" latitude="37.7728765820585" longitude="-122.421642137718" needs_recoding="false"/></row>