<?xml version="1.0" encoding="UTF-8"?><row _id="12543768" _uuid="8A01B7ED-EB75-443D-8BE1-6B22488CF94E" _position="12543768" _address="http://data.sfgov.org/resource/ritf-b9ki/12543768"><incidntnum>150135806</incidntnum><category>OTHER OFFENSES</category><descript>MISCELLANEOUS STATE FELONY</descript><dayofweek>Friday</dayofweek><date>2015-02-13T00:00:00</date><time>19:48</time><pddistrict>SOUTHERN</pddistrict><resolution>ARREST, BOOKED</resolution><address>800 Block of BRYANT ST</address><x>-122.403404791479</x><y>37.775420706711</y><location human_address="{&quot;address&quot;:&quot;&quot;,&quot;city&quot;:&quot;&quot;,&quot;state&quot;:&quot;&quot;,&quot;zip&quot;:&quot;&quot;}" latitude="37.775420706711" longitude="-122.403404791479" needs_recoding="false"/></row>