<?xml version="1.0" encoding="UTF-8"?><row _id="12546426" _uuid="B50202D1-3978-4ED6-B7EA-A1BC9F1D28FA" _position="12546426" _address="http://data.sfgov.org/resource/ritf-b9ki/12546426"><incidntnum>150177535</incidntnum><category>VEHICLE THEFT</category><descript>STOLEN AUTOMOBILE</descript><dayofweek>Wednesday</dayofweek><date>2015-02-25T00:00:00</date><time>16:00</time><pddistrict>RICHMOND</pddistrict><resolution>NONE</resolution><address>39TH AV / BALBOA ST</address><x>-122.499455324322</x><y>37.775615338221</y><location human_address="{&quot;address&quot;:&quot;&quot;,&quot;city&quot;:&quot;&quot;,&quot;state&quot;:&quot;&quot;,&quot;zip&quot;:&quot;&quot;}" latitude="37.775615338221" longitude="-122.499455324322" needs_recoding="false"/></row>