<?xml version="1.0" encoding="UTF-8"?><row _id="12545220" _uuid="71ACA45B-6772-47CC-854A-D1C0A8670813" _position="12545220" _address="http://data.sfgov.org/resource/ritf-b9ki/12545220"><incidntnum>156038440</incidntnum><category>LARCENY/THEFT</category><descript>PETTY THEFT OF PROPERTY</descript><dayofweek>Tuesday</dayofweek><date>2015-02-17T00:00:00</date><time>17:22</time><pddistrict>NORTHERN</pddistrict><resolution>NONE</resolution><address>2100 Block of UNION ST</address><x>-122.434673085796</x><y>37.7971372773654</y><location human_address="{&quot;address&quot;:&quot;&quot;,&quot;city&quot;:&quot;&quot;,&quot;state&quot;:&quot;&quot;,&quot;zip&quot;:&quot;&quot;}" latitude="37.7971372773654" longitude="-122.434673085796" needs_recoding="false"/></row>