<?xml version="1.0" encoding="UTF-8"?><row _id="12560016" _uuid="52F67FD2-C807-4B16-8F03-86E10737778D" _position="12560016" _address="http://data.sfgov.org/resource/ritf-b9ki/12560016"><incidntnum>150254581</incidntnum><category>LARCENY/THEFT</category><descript>LOST PROPERTY, PETTY THEFT</descript><dayofweek>Sunday</dayofweek><date>2015-03-22T00:00:00</date><time>17:41</time><pddistrict>SOUTHERN</pddistrict><resolution>ARREST, BOOKED</resolution><address>400 Block of MINNA ST</address><x>-122.406394499162</x><y>37.7820078410189</y><location human_address="{&quot;address&quot;:&quot;&quot;,&quot;city&quot;:&quot;&quot;,&quot;state&quot;:&quot;&quot;,&quot;zip&quot;:&quot;&quot;}" latitude="37.7820078410189" longitude="-122.406394499162" needs_recoding="false"/></row>