<?xml version="1.0" encoding="UTF-8"?><row _id="12543634" _uuid="B0997C3C-29CA-443B-8757-8736333AB95E" _position="12543634" _address="http://data.sfgov.org/resource/ritf-b9ki/12543634"><incidntnum>150136973</incidntnum><category>VANDALISM</category><descript>MALICIOUS MISCHIEF, VANDALISM</descript><dayofweek>Friday</dayofweek><date>2015-02-13T00:00:00</date><time>23:00</time><pddistrict>TARAVAL</pddistrict><resolution>NONE</resolution><address>100 Block of GONZALEZ DR</address><x>-122.475389581988</x><y>37.7178011295694</y><location human_address="{&quot;address&quot;:&quot;&quot;,&quot;city&quot;:&quot;&quot;,&quot;state&quot;:&quot;&quot;,&quot;zip&quot;:&quot;&quot;}" latitude="37.7178011295694" longitude="-122.475389581988" needs_recoding="false"/></row>