<?xml version="1.0" encoding="UTF-8"?><row _id="12545700" _uuid="9B5ACE31-F794-4844-955F-836FCAA1EBD7" _position="12545700" _address="http://data.sfgov.org/resource/ritf-b9ki/12545700"><incidntnum>150157913</incidntnum><category>ROBBERY</category><descript>ROBBERY ON THE STREET WITH A KNIFE</descript><dayofweek>Friday</dayofweek><date>2015-02-20T00:00:00</date><time>18:00</time><pddistrict>NORTHERN</pddistrict><resolution>NONE</resolution><address>1900 Block of BEACH ST</address><x>-122.440624097021</x><y>37.803964400901</y><location human_address="{&quot;address&quot;:&quot;&quot;,&quot;city&quot;:&quot;&quot;,&quot;state&quot;:&quot;&quot;,&quot;zip&quot;:&quot;&quot;}" latitude="37.803964400901" longitude="-122.440624097021" needs_recoding="false"/></row>