<?xml version="1.0" encoding="UTF-8"?><row _id="12544305" _uuid="46BC76EA-72B9-40AE-A504-B0B0B90C112C" _position="12544305" _address="http://data.sfgov.org/resource/ritf-b9ki/12544305"><incidntnum>150140554</incidntnum><category>DRUG/NARCOTIC</category><descript>POSSESSION OF MARIJUANA FOR SALES</descript><dayofweek>Sunday</dayofweek><date>2015-02-15T00:00:00</date><time>13:58</time><pddistrict>BAYVIEW</pddistrict><resolution>ARREST, BOOKED</resolution><address>GRIFFITH ST / OAKDALE AV</address><x>-122.37917644671</x><y>37.7282321493662</y><location human_address="{&quot;address&quot;:&quot;&quot;,&quot;city&quot;:&quot;&quot;,&quot;state&quot;:&quot;&quot;,&quot;zip&quot;:&quot;&quot;}" latitude="37.7282321493662" longitude="-122.37917644671" needs_recoding="false"/></row>