<?xml version="1.0" encoding="UTF-8"?><row _id="12543947" _uuid="7C060B5A-C5B8-4733-9703-68A8EDC8E361" _position="12543947" _address="http://data.sfgov.org/resource/ritf-b9ki/12543947"><incidntnum>156035236</incidntnum><category>LARCENY/THEFT</category><descript>GRAND THEFT FROM LOCKED AUTO</descript><dayofweek>Saturday</dayofweek><date>2015-02-14T00:00:00</date><time>17:00</time><pddistrict>NORTHERN</pddistrict><resolution>NONE</resolution><address>POST ST / LAGUNA ST</address><x>-122.428151140162</x><y>37.7857828233879</y><location human_address="{&quot;address&quot;:&quot;&quot;,&quot;city&quot;:&quot;&quot;,&quot;state&quot;:&quot;&quot;,&quot;zip&quot;:&quot;&quot;}" latitude="37.7857828233879" longitude="-122.428151140162" needs_recoding="false"/></row>