<?xml version="1.0" encoding="UTF-8"?><row _id="12544395" _uuid="BAC82054-5926-4E58-80BF-240C98FBA9BA" _position="12544395" _address="http://data.sfgov.org/resource/ritf-b9ki/12544395"><incidntnum>150140479</incidntnum><category>NON-CRIMINAL</category><descript>AIDED CASE, SICK PERSON</descript><dayofweek>Sunday</dayofweek><date>2015-02-15T00:00:00</date><time>13:37</time><pddistrict>PARK</pddistrict><resolution>NONE</resolution><address>1700 Block of HAIGHT ST</address><x>-122.451314447797</x><y>37.7695046066162</y><location human_address="{&quot;address&quot;:&quot;&quot;,&quot;city&quot;:&quot;&quot;,&quot;state&quot;:&quot;&quot;,&quot;zip&quot;:&quot;&quot;}" latitude="37.7695046066162" longitude="-122.451314447797" needs_recoding="false"/></row>