<?xml version="1.0" encoding="UTF-8"?><row _id="12544046" _uuid="3F0D3CCE-9B2C-4D6B-A007-AA7CCBF3287B" _position="12544046" _address="http://data.sfgov.org/resource/ritf-b9ki/12544046"><incidntnum>150138151</incidntnum><category>LARCENY/THEFT</category><descript>PETTY THEFT FROM LOCKED AUTO</descript><dayofweek>Saturday</dayofweek><date>2015-02-14T00:00:00</date><time>17:05</time><pddistrict>NORTHERN</pddistrict><resolution>ARREST, BOOKED</resolution><address>1500 Block of SUTTER ST</address><x>-122.425861480958</x><y>37.7869713417687</y><location human_address="{&quot;address&quot;:&quot;&quot;,&quot;city&quot;:&quot;&quot;,&quot;state&quot;:&quot;&quot;,&quot;zip&quot;:&quot;&quot;}" latitude="37.7869713417687" longitude="-122.425861480958" needs_recoding="false"/></row>