<?xml version="1.0" encoding="UTF-8"?><row _id="12545985" _uuid="6ECC8166-9A08-4192-AD51-56EF1853F53E" _position="12545985" _address="http://data.sfgov.org/resource/ritf-b9ki/12545985"><incidntnum>156044033</incidntnum><category>LARCENY/THEFT</category><descript>GRAND THEFT FROM LOCKED AUTO</descript><dayofweek>Sunday</dayofweek><date>2015-02-22T00:00:00</date><time>19:00</time><pddistrict>NORTHERN</pddistrict><resolution>NONE</resolution><address>WASHINGTON ST / OCTAVIA ST</address><x>-122.427807851203</x><y>37.7924249809881</y><location human_address="{&quot;address&quot;:&quot;&quot;,&quot;city&quot;:&quot;&quot;,&quot;state&quot;:&quot;&quot;,&quot;zip&quot;:&quot;&quot;}" latitude="37.7924249809881" longitude="-122.427807851203" needs_recoding="false"/></row>