<?xml version="1.0" encoding="UTF-8"?><row _id="12546872" _uuid="A0ABD325-86DE-4DB4-9A90-0F9A6E815BDC" _position="12546872" _address="http://data.sfgov.org/resource/ritf-b9ki/12546872"><incidntnum>150179923</incidntnum><category>WARRANTS</category><descript>WARRANT ARREST</descript><dayofweek>Friday</dayofweek><date>2015-02-27T00:00:00</date><time>11:55</time><pddistrict>PARK</pddistrict><resolution>ARREST, BOOKED</resolution><address>DIVISADERO ST / TURK ST</address><x>-122.438741737368</x><y>37.7796593150258</y><location human_address="{&quot;address&quot;:&quot;&quot;,&quot;city&quot;:&quot;&quot;,&quot;state&quot;:&quot;&quot;,&quot;zip&quot;:&quot;&quot;}" latitude="37.7796593150258" longitude="-122.438741737368" needs_recoding="false"/></row>