<?xml version="1.0" encoding="UTF-8"?><row _id="12545153" _uuid="597C03FA-B344-4633-AD15-CFA4435D092F" _position="12545153" _address="http://data.sfgov.org/resource/ritf-b9ki/12545153"><incidntnum>150148166</incidntnum><category>ASSAULT</category><descript>BATTERY</descript><dayofweek>Tuesday</dayofweek><date>2015-02-17T00:00:00</date><time>19:55</time><pddistrict>TENDERLOIN</pddistrict><resolution>NONE</resolution><address>300 Block of ELLIS ST</address><x>-122.411965795229</x><y>37.7849141859562</y><location human_address="{&quot;address&quot;:&quot;&quot;,&quot;city&quot;:&quot;&quot;,&quot;state&quot;:&quot;&quot;,&quot;zip&quot;:&quot;&quot;}" latitude="37.7849141859562" longitude="-122.411965795229" needs_recoding="false"/></row>