<?xml version="1.0" encoding="UTF-8"?><row _id="12545429" _uuid="A885314F-1C04-46FB-8FE0-E0F6D9F22FA3" _position="12545429" _address="http://data.sfgov.org/resource/ritf-b9ki/12545429"><incidntnum>150150503</incidntnum><category>LARCENY/THEFT</category><descript>PETTY THEFT SHOPLIFTING</descript><dayofweek>Wednesday</dayofweek><date>2015-02-18T00:00:00</date><time>13:25</time><pddistrict>TENDERLOIN</pddistrict><resolution>ARREST, BOOKED</resolution><address>100 Block of OFARRELL ST</address><x>-122.407244087032</x><y>37.7865647607685</y><location human_address="{&quot;address&quot;:&quot;&quot;,&quot;city&quot;:&quot;&quot;,&quot;state&quot;:&quot;&quot;,&quot;zip&quot;:&quot;&quot;}" latitude="37.7865647607685" longitude="-122.407244087032" needs_recoding="false"/></row>