<?xml version="1.0" encoding="UTF-8"?><row _id="12546992" _uuid="6AC62451-7C66-4959-AE5C-83F0E021A557" _position="12546992" _address="http://data.sfgov.org/resource/ritf-b9ki/12546992"><incidntnum>150147544</incidntnum><category>WARRANTS</category><descript>WARRANT ARREST</descript><dayofweek>Tuesday</dayofweek><date>2015-02-17T00:00:00</date><time>09:04</time><pddistrict>TARAVAL</pddistrict><resolution>ARREST, BOOKED</resolution><address>700 Block of IRVING ST</address><x>-122.465791800721</x><y>37.764114780327</y><location human_address="{&quot;address&quot;:&quot;&quot;,&quot;city&quot;:&quot;&quot;,&quot;state&quot;:&quot;&quot;,&quot;zip&quot;:&quot;&quot;}" latitude="37.764114780327" longitude="-122.465791800721" needs_recoding="false"/></row>