<?xml version="1.0" encoding="UTF-8"?><row _id="12546015" _uuid="B10B213B-4930-45D0-8499-5EAC791B5D4F" _position="12546015" _address="http://data.sfgov.org/resource/ritf-b9ki/12546015"><incidntnum>150157258</incidntnum><category>NON-CRIMINAL</category><descript>LOST PROPERTY</descript><dayofweek>Thursday</dayofweek><date>2015-02-19T00:00:00</date><time>13:00</time><pddistrict>PARK</pddistrict><resolution>NONE</resolution><address>BAKER ST / FELL ST</address><x>-122.440923876434</x><y>37.7736351065468</y><location human_address="{&quot;address&quot;:&quot;&quot;,&quot;city&quot;:&quot;&quot;,&quot;state&quot;:&quot;&quot;,&quot;zip&quot;:&quot;&quot;}" latitude="37.7736351065468" longitude="-122.440923876434" needs_recoding="false"/></row>