<?xml version="1.0" encoding="UTF-8"?><row _id="12561020" _uuid="FC053629-F980-4817-B197-FF0B3D4B5B21" _position="12561020" _address="http://data.sfgov.org/resource/ritf-b9ki/12561020"><incidntnum>150263429</incidntnum><category>OTHER OFFENSES</category><descript>DRIVERS LICENSE, SUSPENDED OR REVOKED</descript><dayofweek>Wednesday</dayofweek><date>2015-03-25T00:00:00</date><time>12:50</time><pddistrict>NORTHERN</pddistrict><resolution>ARREST, BOOKED</resolution><address>STEINER ST / ELLIS ST</address><x>-122.434165498104</x><y>37.7821490263522</y><location human_address="{&quot;address&quot;:&quot;&quot;,&quot;city&quot;:&quot;&quot;,&quot;state&quot;:&quot;&quot;,&quot;zip&quot;:&quot;&quot;}" latitude="37.7821490263522" longitude="-122.434165498104" needs_recoding="false"/></row>