<?xml version="1.0" encoding="UTF-8"?><row _id="12544739" _uuid="88B4232F-45E6-4A55-8222-498F6E3772FA" _position="12544739" _address="http://data.sfgov.org/resource/ritf-b9ki/12544739"><incidntnum>150142209</incidntnum><category>OTHER OFFENSES</category><descript>RESISTING ARREST</descript><dayofweek>Monday</dayofweek><date>2015-02-16T00:00:00</date><time>00:10</time><pddistrict>MISSION</pddistrict><resolution>ARREST, BOOKED</resolution><address>1000 Block of FLORIDA ST</address><x>-122.410226186895</x><y>37.7551300034197</y><location human_address="{&quot;address&quot;:&quot;&quot;,&quot;city&quot;:&quot;&quot;,&quot;state&quot;:&quot;&quot;,&quot;zip&quot;:&quot;&quot;}" latitude="37.7551300034197" longitude="-122.410226186895" needs_recoding="false"/></row>