<?xml version="1.0" encoding="UTF-8"?><row _id="12544237" _uuid="81A5F5FE-3B05-4F2E-9407-EB37CE6A9212" _position="12544237" _address="http://data.sfgov.org/resource/ritf-b9ki/12544237"><incidntnum>150139892</incidntnum><category>VEHICLE THEFT</category><descript>STOLEN AUTOMOBILE</descript><dayofweek>Saturday</dayofweek><date>2015-02-14T00:00:00</date><time>18:30</time><pddistrict>INGLESIDE</pddistrict><resolution>NONE</resolution><address>200 Block of ARLETA AV</address><x>-122.407873817251</x><y>37.7141433900592</y><location human_address="{&quot;address&quot;:&quot;&quot;,&quot;city&quot;:&quot;&quot;,&quot;state&quot;:&quot;&quot;,&quot;zip&quot;:&quot;&quot;}" latitude="37.7141433900592" longitude="-122.407873817251" needs_recoding="false"/></row>