<?xml version="1.0" encoding="UTF-8"?><row _id="12550493" _uuid="815F3D95-F3D5-4B92-8541-E32E364E35CF" _position="12550493" _address="http://data.sfgov.org/resource/ritf-b9ki/12550493"><incidntnum>150201106</incidntnum><category>FRAUD</category><descript>FALSE PRETENSES, PETTY THEFT</descript><dayofweek>Tuesday</dayofweek><date>2015-02-17T00:00:00</date><time>10:02</time><pddistrict>MISSION</pddistrict><resolution>NONE</resolution><address>100 Block of DUBOCE AV</address><x>-122.423510102836</x><y>37.7698540564183</y><location human_address="{&quot;address&quot;:&quot;&quot;,&quot;city&quot;:&quot;&quot;,&quot;state&quot;:&quot;&quot;,&quot;zip&quot;:&quot;&quot;}" latitude="37.7698540564183" longitude="-122.423510102836" needs_recoding="false"/></row>