<?xml version="1.0" encoding="UTF-8"?><row _id="12547582" _uuid="12A23623-0802-427D-B518-17D382EE591C" _position="12547582" _address="http://data.sfgov.org/resource/ritf-b9ki/12547582"><incidntnum>150165790</incidntnum><category>LARCENY/THEFT</category><descript>GRAND THEFT SHOPLIFTING</descript><dayofweek>Sunday</dayofweek><date>2015-02-22T00:00:00</date><time>18:50</time><pddistrict>NORTHERN</pddistrict><resolution>NONE</resolution><address>0 Block of DANIELBURNHAM CT</address><x>-122.422540554174</x><y>37.7869088658022</y><location human_address="{&quot;address&quot;:&quot;&quot;,&quot;city&quot;:&quot;&quot;,&quot;state&quot;:&quot;&quot;,&quot;zip&quot;:&quot;&quot;}" latitude="37.7869088658022" longitude="-122.422540554174" needs_recoding="false"/></row>