<?xml version="1.0" encoding="UTF-8"?><row _id="12544953" _uuid="038C0E51-3B8E-47ED-A5EB-7F0E2FC7AEA6" _position="12544953" _address="http://data.sfgov.org/resource/ritf-b9ki/12544953"><incidntnum>150143887</incidntnum><category>OTHER OFFENSES</category><descript>VIOLATION OF RESTRAINING ORDER</descript><dayofweek>Monday</dayofweek><date>2015-02-16T00:00:00</date><time>15:10</time><pddistrict>NORTHERN</pddistrict><resolution>NONE</resolution><address>2000 Block of POLK ST</address><x>-122.421608893207</x><y>37.7955038710773</y><location human_address="{&quot;address&quot;:&quot;&quot;,&quot;city&quot;:&quot;&quot;,&quot;state&quot;:&quot;&quot;,&quot;zip&quot;:&quot;&quot;}" latitude="37.7955038710773" longitude="-122.421608893207" needs_recoding="false"/></row>