<?xml version="1.0" encoding="UTF-8"?><row _id="12545624" _uuid="B52D4736-4540-406F-8975-7718F8A8B35C" _position="12545624" _address="http://data.sfgov.org/resource/ritf-b9ki/12545624"><incidntnum>150154646</incidntnum><category>LARCENY/THEFT</category><descript>GRAND THEFT FROM PERSON</descript><dayofweek>Thursday</dayofweek><date>2015-02-19T00:00:00</date><time>19:15</time><pddistrict>CENTRAL</pddistrict><resolution>NONE</resolution><address>200 Block of GEARY ST</address><x>-122.407434989523</x><y>37.7875158741623</y><location human_address="{&quot;address&quot;:&quot;&quot;,&quot;city&quot;:&quot;&quot;,&quot;state&quot;:&quot;&quot;,&quot;zip&quot;:&quot;&quot;}" latitude="37.7875158741623" longitude="-122.407434989523" needs_recoding="false"/></row>