<?xml version="1.0" encoding="UTF-8"?><row _id="12574485" _uuid="17A7B61A-397B-4C5A-870F-0587EC5980D7" _position="12574485" _address="http://data.sfgov.org/resource/ritf-b9ki/12574485"><incidntnum>150347170</incidntnum><category>BURGLARY</category><descript>BURGLARY OF APARTMENT HOUSE, UNLAWFUL ENTRY</descript><dayofweek>Sunday</dayofweek><date>2015-03-15T00:00:00</date><time>12:00</time><pddistrict>CENTRAL</pddistrict><resolution>NONE</resolution><address>500 Block of BROADWAY ST</address><x>-122.405863212632</x><y>37.7980228452184</y><location human_address="{&quot;address&quot;:&quot;&quot;,&quot;city&quot;:&quot;&quot;,&quot;state&quot;:&quot;&quot;,&quot;zip&quot;:&quot;&quot;}" latitude="37.7980228452184" longitude="-122.405863212632" needs_recoding="false"/></row>