<?xml version="1.0" encoding="UTF-8"?><row _id="12546438" _uuid="608D2A1B-29EB-43CD-8A71-C2FD33E78C82" _position="12546438" _address="http://data.sfgov.org/resource/ritf-b9ki/12546438"><incidntnum>156035907</incidntnum><category>LARCENY/THEFT</category><descript>GRAND THEFT FROM LOCKED AUTO</descript><dayofweek>Saturday</dayofweek><date>2015-02-14T00:00:00</date><time>05:00</time><pddistrict>MISSION</pddistrict><resolution>NONE</resolution><address>14TH ST / VALENCIA ST</address><x>-122.422201579793</x><y>37.7681403836513</y><location human_address="{&quot;address&quot;:&quot;&quot;,&quot;city&quot;:&quot;&quot;,&quot;state&quot;:&quot;&quot;,&quot;zip&quot;:&quot;&quot;}" latitude="37.7681403836513" longitude="-122.422201579793" needs_recoding="false"/></row>