<?xml version="1.0" encoding="UTF-8"?><row _id="12544596" _uuid="890BD392-31DD-4E44-A00A-42B40386BB9C" _position="12544596" _address="http://data.sfgov.org/resource/ritf-b9ki/12544596"><incidntnum>150142679</incidntnum><category>VEHICLE THEFT</category><descript>STOLEN TRUCK</descript><dayofweek>Sunday</dayofweek><date>2015-02-15T00:00:00</date><time>17:45</time><pddistrict>TARAVAL</pddistrict><resolution>NONE</resolution><address>2400 Block of 21ST AV</address><x>-122.477699412082</x><y>37.7420082848143</y><location human_address="{&quot;address&quot;:&quot;&quot;,&quot;city&quot;:&quot;&quot;,&quot;state&quot;:&quot;&quot;,&quot;zip&quot;:&quot;&quot;}" latitude="37.7420082848143" longitude="-122.477699412082" needs_recoding="false"/></row>