<?xml version="1.0" encoding="UTF-8"?><row _id="12556458" _uuid="725583BA-2B7D-4C1B-9697-49DC98404774" _position="12556458" _address="http://data.sfgov.org/resource/ritf-b9ki/12556458"><incidntnum>150228025</incidntnum><category>LARCENY/THEFT</category><descript>GRAND THEFT FROM LOCKED AUTO</descript><dayofweek>Saturday</dayofweek><date>2015-03-14T00:00:00</date><time>00:01</time><pddistrict>CENTRAL</pddistrict><resolution>NONE</resolution><address>500 Block of NORTHPOINT ST</address><x>-122.416280805077</x><y>37.8062946812333</y><location human_address="{&quot;address&quot;:&quot;&quot;,&quot;city&quot;:&quot;&quot;,&quot;state&quot;:&quot;&quot;,&quot;zip&quot;:&quot;&quot;}" latitude="37.8062946812333" longitude="-122.416280805077" needs_recoding="false"/></row>