<?xml version="1.0" encoding="UTF-8"?><row _id="12546678" _uuid="8EC34DCE-A78F-4CF2-9630-570E6CC943EA" _position="12546678" _address="http://data.sfgov.org/resource/ritf-b9ki/12546678"><incidntnum>150173260</incidntnum><category>LARCENY/THEFT</category><descript>PETTY THEFT FROM LOCKED AUTO</descript><dayofweek>Tuesday</dayofweek><date>2015-02-24T00:00:00</date><time>18:00</time><pddistrict>NORTHERN</pddistrict><resolution>NONE</resolution><address>MCALLISTER ST / FRANKLIN ST</address><x>-122.421893134467</x><y>37.779891233614</y><location human_address="{&quot;address&quot;:&quot;&quot;,&quot;city&quot;:&quot;&quot;,&quot;state&quot;:&quot;&quot;,&quot;zip&quot;:&quot;&quot;}" latitude="37.779891233614" longitude="-122.421893134467" needs_recoding="false"/></row>