<?xml version="1.0" encoding="UTF-8"?><row _id="12546111" _uuid="1B7A39D4-1F1C-4D04-BC49-00D25ABFFDD4" _position="12546111" _address="http://data.sfgov.org/resource/ritf-b9ki/12546111"><incidntnum>150166340</incidntnum><category>OTHER OFFENSES</category><descript>DRIVERS LICENSE, SUSPENDED OR REVOKED</descript><dayofweek>Monday</dayofweek><date>2015-02-23T00:00:00</date><time>13:48</time><pddistrict>PARK</pddistrict><resolution>ARREST, BOOKED</resolution><address>OAK ST / LYON ST</address><x>-122.442378910875</x><y>37.7725041276264</y><location human_address="{&quot;address&quot;:&quot;&quot;,&quot;city&quot;:&quot;&quot;,&quot;state&quot;:&quot;&quot;,&quot;zip&quot;:&quot;&quot;}" latitude="37.7725041276264" longitude="-122.442378910875" needs_recoding="false"/></row>