<?xml version="1.0" encoding="UTF-8"?><row _id="12545690" _uuid="487AA1B4-B3EC-4887-B761-5F0365C72427" _position="12545690" _address="http://data.sfgov.org/resource/ritf-b9ki/12545690"><incidntnum>150156573</incidntnum><category>ASSAULT</category><descript>BATTERY</descript><dayofweek>Friday</dayofweek><date>2015-02-20T00:00:00</date><time>11:50</time><pddistrict>SOUTHERN</pddistrict><resolution>NONE</resolution><address>500 Block of MISSION ST</address><x>-122.398017191587</x><y>37.789490566489</y><location human_address="{&quot;address&quot;:&quot;&quot;,&quot;city&quot;:&quot;&quot;,&quot;state&quot;:&quot;&quot;,&quot;zip&quot;:&quot;&quot;}" latitude="37.789490566489" longitude="-122.398017191587" needs_recoding="false"/></row>