<?xml version="1.0" encoding="UTF-8"?><row _id="12544928" _uuid="BB09C78B-7DEE-4E19-A78F-B6FC0107B42E" _position="12544928" _address="http://data.sfgov.org/resource/ritf-b9ki/12544928"><incidntnum>156040304</incidntnum><category>LARCENY/THEFT</category><descript>GRAND THEFT FROM LOCKED AUTO</descript><dayofweek>Monday</dayofweek><date>2015-02-16T00:00:00</date><time>12:00</time><pddistrict>CENTRAL</pddistrict><resolution>NONE</resolution><address>2500 Block of LEAVENWORTH ST</address><x>-122.418369463657</x><y>37.8045522091626</y><location human_address="{&quot;address&quot;:&quot;&quot;,&quot;city&quot;:&quot;&quot;,&quot;state&quot;:&quot;&quot;,&quot;zip&quot;:&quot;&quot;}" latitude="37.8045522091626" longitude="-122.418369463657" needs_recoding="false"/></row>