<?xml version="1.0" encoding="UTF-8"?><row _id="12544279" _uuid="9AF4D813-4478-45A8-B5C2-A41C60E7B7C9" _position="12544279" _address="http://data.sfgov.org/resource/ritf-b9ki/12544279"><incidntnum>150140178</incidntnum><category>OTHER OFFENSES</category><descript>DRIVERS LICENSE, SUSPENDED OR REVOKED</descript><dayofweek>Sunday</dayofweek><date>2015-02-15T00:00:00</date><time>11:24</time><pddistrict>INGLESIDE</pddistrict><resolution>NONE</resolution><address>30TH ST / SAN JOSE AV</address><x>-122.423286810998</x><y>37.7422960681573</y><location human_address="{&quot;address&quot;:&quot;&quot;,&quot;city&quot;:&quot;&quot;,&quot;state&quot;:&quot;&quot;,&quot;zip&quot;:&quot;&quot;}" latitude="37.7422960681573" longitude="-122.423286810998" needs_recoding="false"/></row>