<?xml version="1.0" encoding="UTF-8"?><row _id="12544984" _uuid="EEDBDE77-832B-42EF-9177-C178D8CDD025" _position="12544984" _address="http://data.sfgov.org/resource/ritf-b9ki/12544984"><incidntnum>150145742</incidntnum><category>OTHER OFFENSES</category><descript>OBSTRUCTIONS ON STREETS/SIDEWALKS</descript><dayofweek>Tuesday</dayofweek><date>2015-02-17T00:00:00</date><time>07:23</time><pddistrict>SOUTHERN</pddistrict><resolution>ARREST, BOOKED</resolution><address>STEVENSON ST / 2ND ST</address><x>-122.400816275984</x><y>37.7888170040158</y><location human_address="{&quot;address&quot;:&quot;&quot;,&quot;city&quot;:&quot;&quot;,&quot;state&quot;:&quot;&quot;,&quot;zip&quot;:&quot;&quot;}" latitude="37.7888170040158" longitude="-122.400816275984" needs_recoding="false"/></row>