<?xml version="1.0" encoding="UTF-8"?><row _id="12543412" _uuid="EB78DC38-3388-4157-82F1-72D5AC945708" _position="12543412" _address="http://data.sfgov.org/resource/ritf-b9ki/12543412"><incidntnum>150132335</incidntnum><category>LARCENY/THEFT</category><descript>THEFT FROM MERCHANT OR LIBRARY</descript><dayofweek>Thursday</dayofweek><date>2015-02-12T00:00:00</date><time>16:00</time><pddistrict>CENTRAL</pddistrict><resolution>NONE</resolution><address>100 Block of GEARY ST</address><x>-122.405819515169</x><y>37.7876106365854</y><location human_address="{&quot;address&quot;:&quot;&quot;,&quot;city&quot;:&quot;&quot;,&quot;state&quot;:&quot;&quot;,&quot;zip&quot;:&quot;&quot;}" latitude="37.7876106365854" longitude="-122.405819515169" needs_recoding="false"/></row>