<?xml version="1.0" encoding="UTF-8"?><row _id="12550802" _uuid="9FCEC30D-0DA8-42DF-91FC-E72391CC70CB" _position="12550802" _address="http://data.sfgov.org/resource/ritf-b9ki/12550802"><incidntnum>150187540</incidntnum><category>DISORDERLY CONDUCT</category><descript>MAINTAINING A PUBLIC NUISANCE</descript><dayofweek>Sunday</dayofweek><date>2015-03-01T00:00:00</date><time>18:10</time><pddistrict>TENDERLOIN</pddistrict><resolution>NONE</resolution><address>400 Block of ELLIS ST</address><x>-122.413609328985</x><y>37.784696907904</y><location human_address="{&quot;address&quot;:&quot;&quot;,&quot;city&quot;:&quot;&quot;,&quot;state&quot;:&quot;&quot;,&quot;zip&quot;:&quot;&quot;}" latitude="37.784696907904" longitude="-122.413609328985" needs_recoding="false"/></row>