<?xml version="1.0" encoding="UTF-8"?><row _id="12544479" _uuid="2BF96A20-6441-4D17-B8A4-75D8939DA050" _position="12544479" _address="http://data.sfgov.org/resource/ritf-b9ki/12544479"><incidntnum>150141370</incidntnum><category>LARCENY/THEFT</category><descript>PETTY THEFT FROM A BUILDING</descript><dayofweek>Sunday</dayofweek><date>2015-02-15T00:00:00</date><time>15:40</time><pddistrict>SOUTHERN</pddistrict><resolution>NONE</resolution><address>700 Block of MARKET ST</address><x>-122.403919148357</x><y>37.7871160984672</y><location human_address="{&quot;address&quot;:&quot;&quot;,&quot;city&quot;:&quot;&quot;,&quot;state&quot;:&quot;&quot;,&quot;zip&quot;:&quot;&quot;}" latitude="37.7871160984672" longitude="-122.403919148357" needs_recoding="false"/></row>