<?xml version="1.0" encoding="UTF-8"?><row _id="12557395" _uuid="FDE94D60-4440-4865-8E58-930F154313FA" _position="12557395" _address="http://data.sfgov.org/resource/ritf-b9ki/12557395"><incidntnum>150238074</incidntnum><category>ASSAULT</category><descript>BATTERY</descript><dayofweek>Monday</dayofweek><date>2015-03-16T00:00:00</date><time>05:00</time><pddistrict>SOUTHERN</pddistrict><resolution>ARREST, BOOKED</resolution><address>200 Block of 8TH ST</address><x>-122.411271940537</x><y>37.7760329501244</y><location human_address="{&quot;address&quot;:&quot;&quot;,&quot;city&quot;:&quot;&quot;,&quot;state&quot;:&quot;&quot;,&quot;zip&quot;:&quot;&quot;}" latitude="37.7760329501244" longitude="-122.411271940537" needs_recoding="false"/></row>