<?xml version="1.0" encoding="UTF-8"?><row _id="12562382" _uuid="0240243A-F37A-4994-81F1-B0BABE24A934" _position="12562382" _address="http://data.sfgov.org/resource/ritf-b9ki/12562382"><incidntnum>150290002</incidntnum><category>EMBEZZLEMENT</category><descript>EMBEZZLEMENT, GRAND THEFT BY EMPLOYEE</descript><dayofweek>Monday</dayofweek><date>2015-02-16T00:00:00</date><time>19:06</time><pddistrict>SOUTHERN</pddistrict><resolution>ARREST, BOOKED</resolution><address>800 Block of MARKET ST</address><x>-122.407633520742</x><y>37.7841893501425</y><location human_address="{&quot;address&quot;:&quot;&quot;,&quot;city&quot;:&quot;&quot;,&quot;state&quot;:&quot;&quot;,&quot;zip&quot;:&quot;&quot;}" latitude="37.7841893501425" longitude="-122.407633520742" needs_recoding="false"/></row>