<?xml version="1.0" encoding="UTF-8"?><row _id="12546788" _uuid="2EC668E6-F8CB-41D6-A205-7BB6620899E7" _position="12546788" _address="http://data.sfgov.org/resource/ritf-b9ki/12546788"><incidntnum>150142146</incidntnum><category>NON-CRIMINAL</category><descript>FOUND PROPERTY</descript><dayofweek>Monday</dayofweek><date>2015-02-16T00:00:00</date><time>00:09</time><pddistrict>NORTHERN</pddistrict><resolution>NONE</resolution><address>LAGUNA ST / GEARY BL</address><x>-122.427991151911</x><y>37.7849531241612</y><location human_address="{&quot;address&quot;:&quot;&quot;,&quot;city&quot;:&quot;&quot;,&quot;state&quot;:&quot;&quot;,&quot;zip&quot;:&quot;&quot;}" latitude="37.7849531241612" longitude="-122.427991151911" needs_recoding="false"/></row>