<?xml version="1.0" encoding="UTF-8"?><row _id="12544996" _uuid="91670884-A264-4942-935B-CCFDAF7FBCD0" _position="12544996" _address="http://data.sfgov.org/resource/ritf-b9ki/12544996"><incidntnum>150147306</incidntnum><category>VEHICLE THEFT</category><descript>STOLEN AUTOMOBILE</descript><dayofweek>Tuesday</dayofweek><date>2015-02-17T00:00:00</date><time>08:00</time><pddistrict>TARAVAL</pddistrict><resolution>NONE</resolution><address>JUNIPERO SERRA BL / 19TH AV</address><x>-122.472570418291</x><y>37.7171734075622</y><location human_address="{&quot;address&quot;:&quot;&quot;,&quot;city&quot;:&quot;&quot;,&quot;state&quot;:&quot;&quot;,&quot;zip&quot;:&quot;&quot;}" latitude="37.7171734075622" longitude="-122.472570418291" needs_recoding="false"/></row>