<?xml version="1.0" encoding="UTF-8"?><row _id="12543565" _uuid="6266B50D-43FF-4436-8B28-5941451AA5BB" _position="12543565" _address="http://data.sfgov.org/resource/ritf-b9ki/12543565"><incidntnum>150133797</incidntnum><category>SUSPICIOUS OCC</category><descript>SUSPICIOUS OCCURRENCE</descript><dayofweek>Friday</dayofweek><date>2015-02-13T00:00:00</date><time>04:15</time><pddistrict>MISSION</pddistrict><resolution>NONE</resolution><address>600 Block of VALENCIA ST</address><x>-122.421747650463</x><y>37.7627436601147</y><location human_address="{&quot;address&quot;:&quot;&quot;,&quot;city&quot;:&quot;&quot;,&quot;state&quot;:&quot;&quot;,&quot;zip&quot;:&quot;&quot;}" latitude="37.7627436601147" longitude="-122.421747650463" needs_recoding="false"/></row>