<?xml version="1.0" encoding="UTF-8"?><row _id="12543614" _uuid="1FC9A8F8-7E9E-486D-83EF-B019900AF795" _position="12543614" _address="http://data.sfgov.org/resource/ritf-b9ki/12543614"><incidntnum>150134397</incidntnum><category>ASSAULT</category><descript>BATTERY</descript><dayofweek>Friday</dayofweek><date>2015-02-13T00:00:00</date><time>10:40</time><pddistrict>TENDERLOIN</pddistrict><resolution>ARREST, BOOKED</resolution><address>0 Block of MASON ST</address><x>-122.409268441444</x><y>37.7837998723601</y><location human_address="{&quot;address&quot;:&quot;&quot;,&quot;city&quot;:&quot;&quot;,&quot;state&quot;:&quot;&quot;,&quot;zip&quot;:&quot;&quot;}" latitude="37.7837998723601" longitude="-122.409268441444" needs_recoding="false"/></row>