<?xml version="1.0" encoding="UTF-8"?><row _id="12646767" _uuid="1DD92071-592E-470D-9CE9-F8873806D14C" _position="12646767" _address="http://data.sfgov.org/resource/ritf-b9ki/12646767"><incidntnum>150900938</incidntnum><category>MISSING PERSON</category><descript>MISSING ADULT</descript><dayofweek>Thursday</dayofweek><date>2015-02-19T00:00:00</date><time>13:55</time><pddistrict>MISSION</pddistrict><resolution>NONE</resolution><address>900 Block of POTRERO AV</address><x>-122.406604919508</x><y>37.7571580431915</y><location human_address="{&quot;address&quot;:&quot;&quot;,&quot;city&quot;:&quot;&quot;,&quot;state&quot;:&quot;&quot;,&quot;zip&quot;:&quot;&quot;}" latitude="37.7571580431915" longitude="-122.406604919508" needs_recoding="false"/></row>