<?xml version="1.0" encoding="UTF-8"?><row _id="12552723" _uuid="903F52EE-0487-4613-9863-F880E8A32948" _position="12552723" _address="http://data.sfgov.org/resource/ritf-b9ki/12552723"><incidntnum>150204166</incidntnum><category>SUSPICIOUS OCC</category><descript>SUSPICIOUS PERSON</descript><dayofweek>Friday</dayofweek><date>2015-03-06T00:00:00</date><time>17:00</time><pddistrict>PARK</pddistrict><resolution>NONE</resolution><address>COLE ST / CARL ST</address><x>-122.449958075249</x><y>37.7658000842584</y><location human_address="{&quot;address&quot;:&quot;&quot;,&quot;city&quot;:&quot;&quot;,&quot;state&quot;:&quot;&quot;,&quot;zip&quot;:&quot;&quot;}" latitude="37.7658000842584" longitude="-122.449958075249" needs_recoding="false"/></row>