<?xml version="1.0" encoding="UTF-8"?><row _id="12545120" _uuid="7B4C1D55-9CE3-424E-85A0-C97C310071A2" _position="12545120" _address="http://data.sfgov.org/resource/ritf-b9ki/12545120"><incidntnum>150147334</incidntnum><category>NON-CRIMINAL</category><descript>AIDED CASE, MENTAL DISTURBED</descript><dayofweek>Tuesday</dayofweek><date>2015-02-17T00:00:00</date><time>15:49</time><pddistrict>MISSION</pddistrict><resolution>NONE</resolution><address>1700 Block of MISSION ST</address><x>-122.419876917134</x><y>37.7695797471896</y><location human_address="{&quot;address&quot;:&quot;&quot;,&quot;city&quot;:&quot;&quot;,&quot;state&quot;:&quot;&quot;,&quot;zip&quot;:&quot;&quot;}" latitude="37.7695797471896" longitude="-122.419876917134" needs_recoding="false"/></row>