<?xml version="1.0" encoding="UTF-8"?><row _id="12544567" _uuid="DBFC361C-3BFC-4C7D-90F3-36CDD6748CED" _position="12544567" _address="http://data.sfgov.org/resource/ritf-b9ki/12544567"><incidntnum>150150804</incidntnum><category>FRAUD</category><descript>CREDIT CARD, INCOMPLETE OR COUNTERFEIT</descript><dayofweek>Sunday</dayofweek><date>2015-02-15T00:00:00</date><time>15:00</time><pddistrict>NORTHERN</pddistrict><resolution>ARREST, BOOKED</resolution><address>1400 Block of SUTTER ST</address><x>-122.424230101144</x><y>37.7871785622736</y><location human_address="{&quot;address&quot;:&quot;&quot;,&quot;city&quot;:&quot;&quot;,&quot;state&quot;:&quot;&quot;,&quot;zip&quot;:&quot;&quot;}" latitude="37.7871785622736" longitude="-122.424230101144" needs_recoding="false"/></row>