<?xml version="1.0" encoding="UTF-8"?><row _id="12549812" _uuid="F7666476-45AE-440F-81C6-870AAE9E6569" _position="12549812" _address="http://data.sfgov.org/resource/ritf-b9ki/12549812"><incidntnum>150163415</incidntnum><category>FRAUD</category><descript>ACCESS CARD INFORMATION, THEFT OF</descript><dayofweek>Wednesday</dayofweek><date>2015-02-18T00:00:00</date><time>09:00</time><pddistrict>CENTRAL</pddistrict><resolution>NONE</resolution><address>500 Block of STOCKTON ST</address><x>-122.407233499106</x><y>37.7905223625299</y><location human_address="{&quot;address&quot;:&quot;&quot;,&quot;city&quot;:&quot;&quot;,&quot;state&quot;:&quot;&quot;,&quot;zip&quot;:&quot;&quot;}" latitude="37.7905223625299" longitude="-122.407233499106" needs_recoding="false"/></row>