<?xml version="1.0" encoding="UTF-8"?><row _id="12544094" _uuid="66F1309A-7E6F-44E7-AB59-65E7320F5FF2" _position="12544094" _address="http://data.sfgov.org/resource/ritf-b9ki/12544094"><incidntnum>150136440</incidntnum><category>OTHER OFFENSES</category><descript>TRAFFIC VIOLATION ARREST</descript><dayofweek>Saturday</dayofweek><date>2015-02-14T00:00:00</date><time>01:30</time><pddistrict>INGLESIDE</pddistrict><resolution>ARREST, BOOKED</resolution><address>4000 Block of MISSION ST</address><x>-122.4279300515</x><y>37.7322144934669</y><location human_address="{&quot;address&quot;:&quot;&quot;,&quot;city&quot;:&quot;&quot;,&quot;state&quot;:&quot;&quot;,&quot;zip&quot;:&quot;&quot;}" latitude="37.7322144934669" longitude="-122.4279300515" needs_recoding="false"/></row>