<?xml version="1.0" encoding="UTF-8"?><row _id="12555703" _uuid="B4EAF6B3-550D-42AE-BA55-E928874E995B" _position="12555703" _address="http://data.sfgov.org/resource/ritf-b9ki/12555703"><incidntnum>150227851</incidntnum><category>LARCENY/THEFT</category><descript>PETTY THEFT FROM UNLOCKED AUTO</descript><dayofweek>Friday</dayofweek><date>2015-03-13T00:00:00</date><time>17:00</time><pddistrict>BAYVIEW</pddistrict><resolution>NONE</resolution><address>UNIVERSITY ST / SILLIMAN ST</address><x>-122.414958542609</x><y>37.728658592927</y><location human_address="{&quot;address&quot;:&quot;&quot;,&quot;city&quot;:&quot;&quot;,&quot;state&quot;:&quot;&quot;,&quot;zip&quot;:&quot;&quot;}" latitude="37.728658592927" longitude="-122.414958542609" needs_recoding="false"/></row>