<?xml version="1.0" encoding="UTF-8"?><row _id="12544957" _uuid="6E3D4B5B-1509-4577-AD5E-652994342868" _position="12544957" _address="http://data.sfgov.org/resource/ritf-b9ki/12544957"><incidntnum>150144512</incidntnum><category>ROBBERY</category><descript>SHOPLIFTING, FORCE AGAINST AGENT</descript><dayofweek>Monday</dayofweek><date>2015-02-16T00:00:00</date><time>15:20</time><pddistrict>MISSION</pddistrict><resolution>NONE</resolution><address>2700 Block of MISSION ST</address><x>-122.41844919178</x><y>37.7530267515876</y><location human_address="{&quot;address&quot;:&quot;&quot;,&quot;city&quot;:&quot;&quot;,&quot;state&quot;:&quot;&quot;,&quot;zip&quot;:&quot;&quot;}" latitude="37.7530267515876" longitude="-122.41844919178" needs_recoding="false"/></row>