<?xml version="1.0" encoding="UTF-8"?><row _id="12544731" _uuid="C08753A2-C4A9-4291-A527-8FA00F672B8D" _position="12544731" _address="http://data.sfgov.org/resource/ritf-b9ki/12544731"><incidntnum>156040235</incidntnum><category>VANDALISM</category><descript>MALICIOUS MISCHIEF, VANDALISM</descript><dayofweek>Monday</dayofweek><date>2015-02-16T00:00:00</date><time>10:15</time><pddistrict>CENTRAL</pddistrict><resolution>NONE</resolution><address>NORTHPOINT ST / MASON ST</address><x>-122.413789467437</x><y>37.8065526528708</y><location human_address="{&quot;address&quot;:&quot;&quot;,&quot;city&quot;:&quot;&quot;,&quot;state&quot;:&quot;&quot;,&quot;zip&quot;:&quot;&quot;}" latitude="37.8065526528708" longitude="-122.413789467437" needs_recoding="false"/></row>