<?xml version="1.0" encoding="UTF-8"?><row _id="12543987" _uuid="7978FAD5-72FE-42B1-ADF1-72C28FC69614" _position="12543987" _address="http://data.sfgov.org/resource/ritf-b9ki/12543987"><incidntnum>156036541</incidntnum><category>LARCENY/THEFT</category><descript>GRAND THEFT FROM UNLOCKED AUTO</descript><dayofweek>Saturday</dayofweek><date>2015-02-14T00:00:00</date><time>17:00</time><pddistrict>SOUTHERN</pddistrict><resolution>NONE</resolution><address>8TH ST / MISSION ST</address><x>-122.41316085097</x><y>37.7774566611807</y><location human_address="{&quot;address&quot;:&quot;&quot;,&quot;city&quot;:&quot;&quot;,&quot;state&quot;:&quot;&quot;,&quot;zip&quot;:&quot;&quot;}" latitude="37.7774566611807" longitude="-122.41316085097" needs_recoding="false"/></row>