<?xml version="1.0" encoding="UTF-8"?><row _id="12547532" _uuid="B5EF7E80-16E1-4CB9-9180-AE54F10AEBA8" _position="12547532" _address="http://data.sfgov.org/resource/ritf-b9ki/12547532"><incidntnum>150163493</incidntnum><category>LARCENY/THEFT</category><descript>PETTY THEFT FROM LOCKED AUTO</descript><dayofweek>Sunday</dayofweek><date>2015-02-22T00:00:00</date><time>13:35</time><pddistrict>TENDERLOIN</pddistrict><resolution>NONE</resolution><address>200 Block of TURK ST</address><x>-122.413259498719</x><y>37.7829514828801</y><location human_address="{&quot;address&quot;:&quot;&quot;,&quot;city&quot;:&quot;&quot;,&quot;state&quot;:&quot;&quot;,&quot;zip&quot;:&quot;&quot;}" latitude="37.7829514828801" longitude="-122.413259498719" needs_recoding="false"/></row>