<?xml version="1.0" encoding="UTF-8"?><row _id="12552280" _uuid="1302EE31-99BF-4BF5-A8EE-47D97387FDBB" _position="12552280" _address="http://data.sfgov.org/resource/ritf-b9ki/12552280"><incidntnum>150201009</incidntnum><category>OTHER OFFENSES</category><descript>TRAFFIC VIOLATION ARREST</descript><dayofweek>Thursday</dayofweek><date>2015-03-05T00:00:00</date><time>19:39</time><pddistrict>INGLESIDE</pddistrict><resolution>ARREST, BOOKED</resolution><address>OCEAN AV / HOWTH ST</address><x>-122.449556915345</x><y>37.7229598160913</y><location human_address="{&quot;address&quot;:&quot;&quot;,&quot;city&quot;:&quot;&quot;,&quot;state&quot;:&quot;&quot;,&quot;zip&quot;:&quot;&quot;}" latitude="37.7229598160913" longitude="-122.449556915345" needs_recoding="false"/></row>