<?xml version="1.0" encoding="UTF-8"?><row _id="12548229" _uuid="83375D1D-07C7-4A56-AAD1-7D8BE6026161" _position="12548229" _address="http://data.sfgov.org/resource/ritf-b9ki/12548229"><incidntnum>150173561</incidntnum><category>MISSING PERSON</category><descript>MISSING ADULT</descript><dayofweek>Friday</dayofweek><date>2015-02-13T00:00:00</date><time>00:01</time><pddistrict>INGLESIDE</pddistrict><resolution>NONE</resolution><address>3300 Block of SAN BRUNO AV</address><x>-122.40065024922</x><y>37.7197629937223</y><location human_address="{&quot;address&quot;:&quot;&quot;,&quot;city&quot;:&quot;&quot;,&quot;state&quot;:&quot;&quot;,&quot;zip&quot;:&quot;&quot;}" latitude="37.7197629937223" longitude="-122.40065024922" needs_recoding="false"/></row>