<?xml version="1.0" encoding="UTF-8"?><row _id="12544475" _uuid="05D231FC-533F-455D-9FE3-688E4ABB2CA8" _position="12544475" _address="http://data.sfgov.org/resource/ritf-b9ki/12544475"><incidntnum>150141289</incidntnum><category>DRUG/NARCOTIC</category><descript>POSSESSION OF MARIJUANA</descript><dayofweek>Sunday</dayofweek><date>2015-02-15T00:00:00</date><time>17:47</time><pddistrict>TENDERLOIN</pddistrict><resolution>ARREST, BOOKED</resolution><address>100 Block of EDDY ST</address><x>-122.410157073911</x><y>37.7842973843312</y><location human_address="{&quot;address&quot;:&quot;&quot;,&quot;city&quot;:&quot;&quot;,&quot;state&quot;:&quot;&quot;,&quot;zip&quot;:&quot;&quot;}" latitude="37.7842973843312" longitude="-122.410157073911" needs_recoding="false"/></row>