<?xml version="1.0" encoding="UTF-8"?><row _id="12543527" _uuid="5C998AEC-6AF4-436A-9A0A-DE841015DDBE" _position="12543527" _address="http://data.sfgov.org/resource/ritf-b9ki/12543527"><incidntnum>150135408</incidntnum><category>OTHER OFFENSES</category><descript>VIOLATION OF MUNICIPAL CODE</descript><dayofweek>Friday</dayofweek><date>2015-02-13T00:00:00</date><time>17:37</time><pddistrict>MISSION</pddistrict><resolution>ARREST, BOOKED</resolution><address>16TH ST / MISSION ST</address><x>-122.419671780296</x><y>37.7650501214668</y><location human_address="{&quot;address&quot;:&quot;&quot;,&quot;city&quot;:&quot;&quot;,&quot;state&quot;:&quot;&quot;,&quot;zip&quot;:&quot;&quot;}" latitude="37.7650501214668" longitude="-122.419671780296" needs_recoding="false"/></row>