<?xml version="1.0" encoding="UTF-8"?><row _id="12544628" _uuid="91A06C62-D0A0-473F-9F5C-0798A2CDA6C3" _position="12544628" _address="http://data.sfgov.org/resource/ritf-b9ki/12544628"><incidntnum>150142362</incidntnum><category>WARRANTS</category><descript>ENROUTE TO OUTSIDE JURISDICTION</descript><dayofweek>Monday</dayofweek><date>2015-02-16T00:00:00</date><time>02:39</time><pddistrict>NORTHERN</pddistrict><resolution>ARREST, BOOKED</resolution><address>OAK ST / STEINER ST</address><x>-122.432469285221</x><y>37.7737575247075</y><location human_address="{&quot;address&quot;:&quot;&quot;,&quot;city&quot;:&quot;&quot;,&quot;state&quot;:&quot;&quot;,&quot;zip&quot;:&quot;&quot;}" latitude="37.7737575247075" longitude="-122.432469285221" needs_recoding="false"/></row>