<?xml version="1.0" encoding="UTF-8"?><row _id="12545755" _uuid="B1C4A702-3234-48EB-BF0E-E43A560DA984" _position="12545755" _address="http://data.sfgov.org/resource/ritf-b9ki/12545755"><incidntnum>150160728</incidntnum><category>LARCENY/THEFT</category><descript>GRAND THEFT FROM A BUILDING</descript><dayofweek>Saturday</dayofweek><date>2015-02-21T00:00:00</date><time>12:17</time><pddistrict>CENTRAL</pddistrict><resolution>NONE</resolution><address>300 Block of POST ST</address><x>-122.407612885387</x><y>37.7884486019705</y><location human_address="{&quot;address&quot;:&quot;&quot;,&quot;city&quot;:&quot;&quot;,&quot;state&quot;:&quot;&quot;,&quot;zip&quot;:&quot;&quot;}" latitude="37.7884486019705" longitude="-122.407612885387" needs_recoding="false"/></row>