<?xml version="1.0" encoding="UTF-8"?><row _id="12548148" _uuid="417B1AD3-A6E0-4099-A0F3-4C803B462BAC" _position="12548148" _address="http://data.sfgov.org/resource/ritf-b9ki/12548148"><incidntnum>150169338</incidntnum><category>VEHICLE THEFT</category><descript>STOLEN AUTOMOBILE</descript><dayofweek>Tuesday</dayofweek><date>2015-02-24T00:00:00</date><time>00:01</time><pddistrict>MISSION</pddistrict><resolution>NONE</resolution><address>500 Block of POTRERO AV</address><x>-122.40710239862</x><y>37.7625579386698</y><location human_address="{&quot;address&quot;:&quot;&quot;,&quot;city&quot;:&quot;&quot;,&quot;state&quot;:&quot;&quot;,&quot;zip&quot;:&quot;&quot;}" latitude="37.7625579386698" longitude="-122.40710239862" needs_recoding="false"/></row>