<?xml version="1.0" encoding="UTF-8"?><row _id="12545465" _uuid="DC18590F-F363-4D38-9E05-F7BC10A65833" _position="12545465" _address="http://data.sfgov.org/resource/ritf-b9ki/12545465"><incidntnum>150151664</incidntnum><category>VEHICLE THEFT</category><descript>STOLEN MOTORCYCLE</descript><dayofweek>Wednesday</dayofweek><date>2015-02-18T00:00:00</date><time>13:30</time><pddistrict>RICHMOND</pddistrict><resolution>NONE</resolution><address>500 Block of 15TH AV</address><x>-122.473833318422</x><y>37.7777018612671</y><location human_address="{&quot;address&quot;:&quot;&quot;,&quot;city&quot;:&quot;&quot;,&quot;state&quot;:&quot;&quot;,&quot;zip&quot;:&quot;&quot;}" latitude="37.7777018612671" longitude="-122.473833318422" needs_recoding="false"/></row>