<?xml version="1.0" encoding="UTF-8"?><row _id="12543447" _uuid="9AECE4ED-AE13-469D-BA02-5DED8BFBE7FC" _position="12543447" _address="http://data.sfgov.org/resource/ritf-b9ki/12543447"><incidntnum>150134331</incidntnum><category>OTHER OFFENSES</category><descript>PROBATION VIOLATION</descript><dayofweek>Friday</dayofweek><date>2015-02-13T00:00:00</date><time>09:45</time><pddistrict>CENTRAL</pddistrict><resolution>ARREST, BOOKED</resolution><address>JONES ST / CHESTNUT ST</address><x>-122.416514507406</x><y>37.8033467206612</y><location human_address="{&quot;address&quot;:&quot;&quot;,&quot;city&quot;:&quot;&quot;,&quot;state&quot;:&quot;&quot;,&quot;zip&quot;:&quot;&quot;}" latitude="37.8033467206612" longitude="-122.416514507406" needs_recoding="false"/></row>