<?xml version="1.0" encoding="UTF-8"?><row _id="12549437" _uuid="610D5F9B-D8C3-44EF-8C32-DFCF4A399D8C" _position="12549437" _address="http://data.sfgov.org/resource/ritf-b9ki/12549437"><incidntnum>150163374</incidntnum><category>MISSING PERSON</category><descript>FOUND PERSON</descript><dayofweek>Sunday</dayofweek><date>2015-02-22T00:00:00</date><time>14:54</time><pddistrict>INGLESIDE</pddistrict><resolution>NONE</resolution><address>100 Block of MOULTRIE ST</address><x>-122.415606176631</x><y>37.7418221846268</y><location human_address="{&quot;address&quot;:&quot;&quot;,&quot;city&quot;:&quot;&quot;,&quot;state&quot;:&quot;&quot;,&quot;zip&quot;:&quot;&quot;}" latitude="37.7418221846268" longitude="-122.415606176631" needs_recoding="false"/></row>