<?xml version="1.0" encoding="UTF-8"?><row _id="12545144" _uuid="F19749AC-190D-49D7-8C0C-CE415FE35D66" _position="12545144" _address="http://data.sfgov.org/resource/ritf-b9ki/12545144"><incidntnum>150147970</incidntnum><category>OTHER OFFENSES</category><descript>DRIVERS LICENSE, SUSPENDED OR REVOKED</descript><dayofweek>Tuesday</dayofweek><date>2015-02-17T00:00:00</date><time>18:10</time><pddistrict>INGLESIDE</pddistrict><resolution>ARREST, BOOKED</resolution><address>4700 Block of MISSION ST</address><x>-122.437393972517</x><y>37.7214120621391</y><location human_address="{&quot;address&quot;:&quot;&quot;,&quot;city&quot;:&quot;&quot;,&quot;state&quot;:&quot;&quot;,&quot;zip&quot;:&quot;&quot;}" latitude="37.7214120621391" longitude="-122.437393972517" needs_recoding="false"/></row>