<?xml version="1.0" encoding="UTF-8"?><row _id="12545045" _uuid="4828FD65-22E1-424F-B5B8-62459474B1FD" _position="12545045" _address="http://data.sfgov.org/resource/ritf-b9ki/12545045"><incidntnum>156038757</incidntnum><category>LARCENY/THEFT</category><descript>GRAND THEFT FROM LOCKED AUTO</descript><dayofweek>Tuesday</dayofweek><date>2015-02-17T00:00:00</date><time>11:00</time><pddistrict>TARAVAL</pddistrict><resolution>NONE</resolution><address>CRESTLAKE DR / VALE AV</address><x>-122.484126207276</x><y>37.7352741998848</y><location human_address="{&quot;address&quot;:&quot;&quot;,&quot;city&quot;:&quot;&quot;,&quot;state&quot;:&quot;&quot;,&quot;zip&quot;:&quot;&quot;}" latitude="37.7352741998848" longitude="-122.484126207276" needs_recoding="false"/></row>