<?xml version="1.0" encoding="UTF-8"?><row _id="12544420" _uuid="77E9AC12-0EF1-4F60-B18B-7A78722198D1" _position="12544420" _address="http://data.sfgov.org/resource/ritf-b9ki/12544420"><incidntnum>156037129</incidntnum><category>LARCENY/THEFT</category><descript>PETTY THEFT OF PROPERTY</descript><dayofweek>Sunday</dayofweek><date>2015-02-15T00:00:00</date><time>20:26</time><pddistrict>NORTHERN</pddistrict><resolution>NONE</resolution><address>3200 Block of FILLMORE ST</address><x>-122.436071833387</x><y>37.7996224230809</y><location human_address="{&quot;address&quot;:&quot;&quot;,&quot;city&quot;:&quot;&quot;,&quot;state&quot;:&quot;&quot;,&quot;zip&quot;:&quot;&quot;}" latitude="37.7996224230809" longitude="-122.436071833387" needs_recoding="false"/></row>