<?xml version="1.0" encoding="UTF-8"?><row _id="12545282" _uuid="9D826F71-9CBC-4308-88E3-9C4396B85B44" _position="12545282" _address="http://data.sfgov.org/resource/ritf-b9ki/12545282"><incidntnum>150148809</incidntnum><category>OTHER OFFENSES</category><descript>TRAFFIC VIOLATION</descript><dayofweek>Wednesday</dayofweek><date>2015-02-18T00:00:00</date><time>00:52</time><pddistrict>TARAVAL</pddistrict><resolution>ARREST, BOOKED</resolution><address>LOBOS ST / CAINE AV</address><x>-122.452520550658</x><y>37.7149253139057</y><location human_address="{&quot;address&quot;:&quot;&quot;,&quot;city&quot;:&quot;&quot;,&quot;state&quot;:&quot;&quot;,&quot;zip&quot;:&quot;&quot;}" latitude="37.7149253139057" longitude="-122.452520550658" needs_recoding="false"/></row>