<?xml version="1.0" encoding="UTF-8"?><row _id="12543460" _uuid="FBB5EA16-517C-4537-ACEB-056D5892DAA7" _position="12543460" _address="http://data.sfgov.org/resource/ritf-b9ki/12543460"><incidntnum>156034090</incidntnum><category>LARCENY/THEFT</category><descript>GRAND THEFT FROM UNLOCKED AUTO</descript><dayofweek>Friday</dayofweek><date>2015-02-13T00:00:00</date><time>15:00</time><pddistrict>CENTRAL</pddistrict><resolution>NONE</resolution><address>WASHINGTON ST / DRUMM ST</address><x>-122.396962385547</x><y>37.7963478739442</y><location human_address="{&quot;address&quot;:&quot;&quot;,&quot;city&quot;:&quot;&quot;,&quot;state&quot;:&quot;&quot;,&quot;zip&quot;:&quot;&quot;}" latitude="37.7963478739442" longitude="-122.396962385547" needs_recoding="false"/></row>