<?xml version="1.0" encoding="UTF-8"?><row _id="12545236" _uuid="809D1213-4F4F-43DB-9E65-6D2415B42186" _position="12545236" _address="http://data.sfgov.org/resource/ritf-b9ki/12545236"><incidntnum>156040467</incidntnum><category>LARCENY/THEFT</category><descript>GRAND THEFT FROM UNLOCKED AUTO</descript><dayofweek>Tuesday</dayofweek><date>2015-02-17T00:00:00</date><time>07:30</time><pddistrict>CENTRAL</pddistrict><resolution>NONE</resolution><address>800 Block of BUSH ST</address><x>-122.411259228464</x><y>37.7897894219545</y><location human_address="{&quot;address&quot;:&quot;&quot;,&quot;city&quot;:&quot;&quot;,&quot;state&quot;:&quot;&quot;,&quot;zip&quot;:&quot;&quot;}" latitude="37.7897894219545" longitude="-122.411259228464" needs_recoding="false"/></row>