<?xml version="1.0" encoding="UTF-8"?><row _id="12551112" _uuid="78B5C76D-370A-43BE-B863-C8444DBBBCC1" _position="12551112" _address="http://data.sfgov.org/resource/ritf-b9ki/12551112"><incidntnum>150197812</incidntnum><category>LARCENY/THEFT</category><descript>GRAND THEFT FROM LOCKED AUTO</descript><dayofweek>Monday</dayofweek><date>2015-03-02T00:00:00</date><time>19:45</time><pddistrict>CENTRAL</pddistrict><resolution>NONE</resolution><address>SUTTER ST / MASON ST</address><x>-122.410246553741</x><y>37.7890162035598</y><location human_address="{&quot;address&quot;:&quot;&quot;,&quot;city&quot;:&quot;&quot;,&quot;state&quot;:&quot;&quot;,&quot;zip&quot;:&quot;&quot;}" latitude="37.7890162035598" longitude="-122.410246553741" needs_recoding="false"/></row>