<?xml version="1.0" encoding="UTF-8"?><row _id="12546811" _uuid="86654972-022C-4A0C-AF35-2E1060CEEC39" _position="12546811" _address="http://data.sfgov.org/resource/ritf-b9ki/12546811"><incidntnum>150165643</incidntnum><category>OTHER OFFENSES</category><descript>DRIVERS LICENSE, SUSPENDED OR REVOKED</descript><dayofweek>Monday</dayofweek><date>2015-02-23T00:00:00</date><time>09:38</time><pddistrict>BAYVIEW</pddistrict><resolution>NONE</resolution><address>3RD ST / JERROLD AV</address><x>-122.389310644607</x><y>37.738741839511</y><location human_address="{&quot;address&quot;:&quot;&quot;,&quot;city&quot;:&quot;&quot;,&quot;state&quot;:&quot;&quot;,&quot;zip&quot;:&quot;&quot;}" latitude="37.738741839511" longitude="-122.389310644607" needs_recoding="false"/></row>