<?xml version="1.0" encoding="UTF-8"?><row _id="12545064" _uuid="9AACF792-CBB9-4E25-8EAB-7538B702A0F0" _position="12545064" _address="http://data.sfgov.org/resource/ritf-b9ki/12545064"><incidntnum>150145413</incidntnum><category>DRUNKENNESS</category><descript>UNDER INFLUENCE OF ALCOHOL IN A PUBLIC PLACE</descript><dayofweek>Tuesday</dayofweek><date>2015-02-17T00:00:00</date><time>00:33</time><pddistrict>TENDERLOIN</pddistrict><resolution>UNFOUNDED</resolution><address>300 Block of LEAVENWORTH ST</address><x>-122.414406029855</x><y>37.7841907151119</y><location human_address="{&quot;address&quot;:&quot;&quot;,&quot;city&quot;:&quot;&quot;,&quot;state&quot;:&quot;&quot;,&quot;zip&quot;:&quot;&quot;}" latitude="37.7841907151119" longitude="-122.414406029855" needs_recoding="false"/></row>