<?xml version="1.0" encoding="UTF-8"?><row _id="12545361" _uuid="9ECAAF47-F2AA-4979-AE66-7095E7F4B9E3" _position="12545361" _address="http://data.sfgov.org/resource/ritf-b9ki/12545361"><incidntnum>156040031</incidntnum><category>LARCENY/THEFT</category><descript>GRAND THEFT FROM LOCKED AUTO</descript><dayofweek>Wednesday</dayofweek><date>2015-02-18T00:00:00</date><time>19:45</time><pddistrict>NORTHERN</pddistrict><resolution>NONE</resolution><address>GOUGH ST / FELL ST</address><x>-122.422791331024</x><y>37.7759512442749</y><location human_address="{&quot;address&quot;:&quot;&quot;,&quot;city&quot;:&quot;&quot;,&quot;state&quot;:&quot;&quot;,&quot;zip&quot;:&quot;&quot;}" latitude="37.7759512442749" longitude="-122.422791331024" needs_recoding="false"/></row>