<?xml version="1.0" encoding="UTF-8"?><row _id="12543514" _uuid="EBADB583-3CCE-4033-8F61-BC7248EBEDD0" _position="12543514" _address="http://data.sfgov.org/resource/ritf-b9ki/12543514"><incidntnum>150134319</incidntnum><category>ROBBERY</category><descript>ROBBERY ON THE STREET, STRONGARM</descript><dayofweek>Friday</dayofweek><date>2015-02-13T00:00:00</date><time>08:25</time><pddistrict>INGLESIDE</pddistrict><resolution>NONE</resolution><address>MISSION ST / ITALY AV</address><x>-122.439500592068</x><y>37.7184669808291</y><location human_address="{&quot;address&quot;:&quot;&quot;,&quot;city&quot;:&quot;&quot;,&quot;state&quot;:&quot;&quot;,&quot;zip&quot;:&quot;&quot;}" latitude="37.7184669808291" longitude="-122.439500592068" needs_recoding="false"/></row>