<?xml version="1.0" encoding="UTF-8"?><row _id="12549713" _uuid="5060AE72-8FC0-43C5-B44B-9B125DEC6608" _position="12549713" _address="http://data.sfgov.org/resource/ritf-b9ki/12549713"><incidntnum>150149255</incidntnum><category>STOLEN PROPERTY</category><descript>STOLEN PROPERTY, POSSESSION WITH KNOWLEDGE, RECEIVING</descript><dayofweek>Tuesday</dayofweek><date>2015-02-17T00:00:00</date><time>22:00</time><pddistrict>NORTHERN</pddistrict><resolution>ARREST, BOOKED</resolution><address>200 Block of OAK ST</address><x>-122.423371067788</x><y>37.774866634941</y><location human_address="{&quot;address&quot;:&quot;&quot;,&quot;city&quot;:&quot;&quot;,&quot;state&quot;:&quot;&quot;,&quot;zip&quot;:&quot;&quot;}" latitude="37.774866634941" longitude="-122.423371067788" needs_recoding="false"/></row>