<?xml version="1.0" encoding="UTF-8"?><row _id="12549989" _uuid="68D83373-B765-4FB3-9CBC-14ECB15755CA" _position="12549989" _address="http://data.sfgov.org/resource/ritf-b9ki/12549989"><incidntnum>150160386</incidntnum><category>OTHER OFFENSES</category><descript>FALSE PERSONATION TO RECEIVE MONEY OR PROPERTY</descript><dayofweek>Sunday</dayofweek><date>2015-02-15T00:00:00</date><time>22:00</time><pddistrict>CENTRAL</pddistrict><resolution>UNFOUNDED</resolution><address>1200 Block of GREEN ST</address><x>-122.419379900564</x><y>37.7981432196684</y><location human_address="{&quot;address&quot;:&quot;&quot;,&quot;city&quot;:&quot;&quot;,&quot;state&quot;:&quot;&quot;,&quot;zip&quot;:&quot;&quot;}" latitude="37.7981432196684" longitude="-122.419379900564" needs_recoding="false"/></row>