<?xml version="1.0" encoding="UTF-8"?><row _id="12576246" _uuid="133BC9D1-2603-4F5F-BF45-DA5186DC81E7" _position="12576246" _address="http://data.sfgov.org/resource/ritf-b9ki/12576246"><incidntnum>150375604</incidntnum><category>SUSPICIOUS OCC</category><descript>SUSPICIOUS OCCURRENCE</descript><dayofweek>Sunday</dayofweek><date>2015-03-01T00:00:00</date><time>00:01</time><pddistrict>NORTHERN</pddistrict><resolution>NONE</resolution><address>2000 Block of BROADWAY ST</address><x>-122.430838378403</x><y>37.7948418077407</y><location human_address="{&quot;address&quot;:&quot;&quot;,&quot;city&quot;:&quot;&quot;,&quot;state&quot;:&quot;&quot;,&quot;zip&quot;:&quot;&quot;}" latitude="37.7948418077407" longitude="-122.430838378403" needs_recoding="false"/></row>