<?xml version="1.0" encoding="UTF-8"?><row _id="12544191" _uuid="5601BCAC-E904-40EA-B303-EAF361CBBE9C" _position="12544191" _address="http://data.sfgov.org/resource/ritf-b9ki/12544191"><incidntnum>150146308</incidntnum><category>BURGLARY</category><descript>BURGLARY OF APARTMENT HOUSE, FORCIBLE ENTRY</descript><dayofweek>Saturday</dayofweek><date>2015-02-14T00:00:00</date><time>18:30</time><pddistrict>PARK</pddistrict><resolution>NONE</resolution><address>1800 Block of EDDY ST</address><x>-122.438098378037</x><y>37.7806388583762</y><location human_address="{&quot;address&quot;:&quot;&quot;,&quot;city&quot;:&quot;&quot;,&quot;state&quot;:&quot;&quot;,&quot;zip&quot;:&quot;&quot;}" latitude="37.7806388583762" longitude="-122.438098378037" needs_recoding="false"/></row>