<?xml version="1.0" encoding="UTF-8"?><row _id="12560098" _uuid="347995C1-7334-456B-96CC-2BC624D2B866" _position="12560098" _address="http://data.sfgov.org/resource/ritf-b9ki/12560098"><incidntnum>150254810</incidntnum><category>DRUNKENNESS</category><descript>UNDER INFLUENCE OF ALCOHOL IN A PUBLIC PLACE</descript><dayofweek>Sunday</dayofweek><date>2015-03-22T00:00:00</date><time>20:15</time><pddistrict>RICHMOND</pddistrict><resolution>NONE</resolution><address>300 Block of 5TH AV</address><x>-122.463348348807</x><y>37.7820081056628</y><location human_address="{&quot;address&quot;:&quot;&quot;,&quot;city&quot;:&quot;&quot;,&quot;state&quot;:&quot;&quot;,&quot;zip&quot;:&quot;&quot;}" latitude="37.7820081056628" longitude="-122.463348348807" needs_recoding="false"/></row>