<?xml version="1.0" encoding="UTF-8"?><row _id="12545447" _uuid="8E97CEA7-CE86-48FB-9747-33EF8B52B527" _position="12545447" _address="http://data.sfgov.org/resource/ritf-b9ki/12545447"><incidntnum>150150995</incidntnum><category>WEAPON LAWS</category><descript>CARRYING A CONCEALED WEAPON</descript><dayofweek>Wednesday</dayofweek><date>2015-02-18T00:00:00</date><time>16:39</time><pddistrict>SOUTHERN</pddistrict><resolution>ARREST, BOOKED</resolution><address>0 Block of 5TH ST</address><x>-122.407382686506</x><y>37.7833716368249</y><location human_address="{&quot;address&quot;:&quot;&quot;,&quot;city&quot;:&quot;&quot;,&quot;state&quot;:&quot;&quot;,&quot;zip&quot;:&quot;&quot;}" latitude="37.7833716368249" longitude="-122.407382686506" needs_recoding="false"/></row>