<?xml version="1.0" encoding="UTF-8"?><row _id="12550785" _uuid="91CF689E-A7D5-4DB0-9A7E-542BE8881630" _position="12550785" _address="http://data.sfgov.org/resource/ritf-b9ki/12550785"><incidntnum>150187164</incidntnum><category>LARCENY/THEFT</category><descript>PETTY THEFT FROM A BUILDING</descript><dayofweek>Sunday</dayofweek><date>2015-03-01T00:00:00</date><time>15:00</time><pddistrict>NORTHERN</pddistrict><resolution>NONE</resolution><address>900 Block of VANNESS AV</address><x>-122.420906968642</x><y>37.7840676683775</y><location human_address="{&quot;address&quot;:&quot;&quot;,&quot;city&quot;:&quot;&quot;,&quot;state&quot;:&quot;&quot;,&quot;zip&quot;:&quot;&quot;}" latitude="37.7840676683775" longitude="-122.420906968642" needs_recoding="false"/></row>