<?xml version="1.0" encoding="UTF-8"?><row _id="12552497" _uuid="1BB03937-77B2-493A-B965-9D27E5A9B75C" _position="12552497" _address="http://data.sfgov.org/resource/ritf-b9ki/12552497"><incidntnum>150201388</incidntnum><category>NON-CRIMINAL</category><descript>AIDED CASE, MENTAL DISTURBED</descript><dayofweek>Thursday</dayofweek><date>2015-03-05T00:00:00</date><time>21:48</time><pddistrict>TARAVAL</pddistrict><resolution>UNFOUNDED</resolution><address>1400 Block of 26TH AV</address><x>-122.484498491578</x><y>37.760414642153</y><location human_address="{&quot;address&quot;:&quot;&quot;,&quot;city&quot;:&quot;&quot;,&quot;state&quot;:&quot;&quot;,&quot;zip&quot;:&quot;&quot;}" latitude="37.760414642153" longitude="-122.484498491578" needs_recoding="false"/></row>