<?xml version="1.0" encoding="UTF-8"?><row _id="12544022" _uuid="12CBDE3F-F0E8-48AD-AF22-5A8098E272DA" _position="12544022" _address="http://data.sfgov.org/resource/ritf-b9ki/12544022"><incidntnum>150140667</incidntnum><category>ASSAULT</category><descript>ATTEMPTED HOMICIDE WITH A GUN</descript><dayofweek>Saturday</dayofweek><date>2015-02-14T00:00:00</date><time>13:20</time><pddistrict>INGLESIDE</pddistrict><resolution>ARREST, BOOKED</resolution><address>HAHN ST / BLYTHDALE AV</address><x>-122.416647688858</x><y>37.7104738521701</y><location human_address="{&quot;address&quot;:&quot;&quot;,&quot;city&quot;:&quot;&quot;,&quot;state&quot;:&quot;&quot;,&quot;zip&quot;:&quot;&quot;}" latitude="37.7104738521701" longitude="-122.416647688858" needs_recoding="false"/></row>