<?xml version="1.0" encoding="UTF-8"?><row _id="12544427" _uuid="9A74A006-6C14-4ECD-9B39-647C8A116C5B" _position="12544427" _address="http://data.sfgov.org/resource/ritf-b9ki/12544427"><incidntnum>150141013</incidntnum><category>LARCENY/THEFT</category><descript>GRAND THEFT FROM LOCKED AUTO</descript><dayofweek>Sunday</dayofweek><date>2015-02-15T00:00:00</date><time>16:00</time><pddistrict>PARK</pddistrict><resolution>NONE</resolution><address>1000 Block of FULTON ST</address><x>-122.434046062672</x><y>37.777329275022</y><location human_address="{&quot;address&quot;:&quot;&quot;,&quot;city&quot;:&quot;&quot;,&quot;state&quot;:&quot;&quot;,&quot;zip&quot;:&quot;&quot;}" latitude="37.777329275022" longitude="-122.434046062672" needs_recoding="false"/></row>