<?xml version="1.0" encoding="UTF-8"?><row _id="12547705" _uuid="62615AE1-CE01-4B5D-899E-C8A4FCE46C82" _position="12547705" _address="http://data.sfgov.org/resource/ritf-b9ki/12547705"><incidntnum>150155268</incidntnum><category>MISSING PERSON</category><descript>MISSING JUVENILE</descript><dayofweek>Thursday</dayofweek><date>2015-02-19T00:00:00</date><time>19:27</time><pddistrict>INGLESIDE</pddistrict><resolution>NONE</resolution><address>100 Block of PERSIA AV</address><x>-122.434764286692</x><y>37.7226161363136</y><location human_address="{&quot;address&quot;:&quot;&quot;,&quot;city&quot;:&quot;&quot;,&quot;state&quot;:&quot;&quot;,&quot;zip&quot;:&quot;&quot;}" latitude="37.7226161363136" longitude="-122.434764286692" needs_recoding="false"/></row>