<?xml version="1.0" encoding="UTF-8"?><row _id="12545174" _uuid="876CFB46-D30A-49EF-8670-E7CEB3633AC2" _position="12545174" _address="http://data.sfgov.org/resource/ritf-b9ki/12545174"><incidntnum>150148520</incidntnum><category>BURGLARY</category><descript>BURGLARY OF APARTMENT HOUSE, UNLAWFUL ENTRY</descript><dayofweek>Tuesday</dayofweek><date>2015-02-17T00:00:00</date><time>06:00</time><pddistrict>NORTHERN</pddistrict><resolution>NONE</resolution><address>1000 Block of GEARY ST</address><x>-122.420571110949</x><y>37.7857331120575</y><location human_address="{&quot;address&quot;:&quot;&quot;,&quot;city&quot;:&quot;&quot;,&quot;state&quot;:&quot;&quot;,&quot;zip&quot;:&quot;&quot;}" latitude="37.7857331120575" longitude="-122.420571110949" needs_recoding="false"/></row>