<?xml version="1.0" encoding="UTF-8"?><row _id="12543245" _uuid="88CCFAB6-9E2C-4628-85D8-E2908A184E66" _position="12543245" _address="http://data.sfgov.org/resource/ritf-b9ki/12543245"><incidntnum>150132921</incidntnum><category>WARRANTS</category><descript>WARRANT ARREST</descript><dayofweek>Thursday</dayofweek><date>2015-02-12T00:00:00</date><time>19:02</time><pddistrict>RICHMOND</pddistrict><resolution>ARREST, BOOKED</resolution><address>2400 Block of GOLDEN GATE AV</address><x>-122.450891105827</x><y>37.7770932891379</y><location human_address="{&quot;address&quot;:&quot;&quot;,&quot;city&quot;:&quot;&quot;,&quot;state&quot;:&quot;&quot;,&quot;zip&quot;:&quot;&quot;}" latitude="37.7770932891379" longitude="-122.450891105827" needs_recoding="false"/></row>