<?xml version="1.0" encoding="UTF-8"?><row _id="12544856" _uuid="F290FF66-701B-4D12-AD8D-4F3713DB2B5A" _position="12544856" _address="http://data.sfgov.org/resource/ritf-b9ki/12544856"><incidntnum>150145281</incidntnum><category>WARRANTS</category><descript>ENROUTE TO DEPARTMENT OF CORRECTIONS</descript><dayofweek>Monday</dayofweek><date>2015-02-16T00:00:00</date><time>21:50</time><pddistrict>PARK</pddistrict><resolution>ARREST, BOOKED</resolution><address>400 Block of PARNASSUS AV</address><x>-122.458220811697</x><y>37.7633123961354</y><location human_address="{&quot;address&quot;:&quot;&quot;,&quot;city&quot;:&quot;&quot;,&quot;state&quot;:&quot;&quot;,&quot;zip&quot;:&quot;&quot;}" latitude="37.7633123961354" longitude="-122.458220811697" needs_recoding="false"/></row>