<?xml version="1.0" encoding="UTF-8"?><row _id="12544360" _uuid="A1BAE6D1-21C1-4175-97A7-7C69B46AD44D" _position="12544360" _address="http://data.sfgov.org/resource/ritf-b9ki/12544360"><incidntnum>150142986</incidntnum><category>VEHICLE THEFT</category><descript>STOLEN AUTOMOBILE</descript><dayofweek>Sunday</dayofweek><date>2015-02-15T00:00:00</date><time>16:00</time><pddistrict>TARAVAL</pddistrict><resolution>NONE</resolution><address>FARALLONES ST / PLYMOUTH AV</address><x>-122.456059905884</x><y>37.7140782114827</y><location human_address="{&quot;address&quot;:&quot;&quot;,&quot;city&quot;:&quot;&quot;,&quot;state&quot;:&quot;&quot;,&quot;zip&quot;:&quot;&quot;}" latitude="37.7140782114827" longitude="-122.456059905884" needs_recoding="false"/></row>