<?xml version="1.0" encoding="UTF-8"?><row _id="12545468" _uuid="6140BFCF-FC5A-4583-AD50-CD7A73A18EDE" _position="12545468" _address="http://data.sfgov.org/resource/ritf-b9ki/12545468"><incidntnum>150151733</incidntnum><category>VANDALISM</category><descript>MALICIOUS MISCHIEF, BREAKING WINDOWS</descript><dayofweek>Wednesday</dayofweek><date>2015-02-18T00:00:00</date><time>19:10</time><pddistrict>BAYVIEW</pddistrict><resolution>NONE</resolution><address>1700 Block of QUESADA AV</address><x>-122.392393403915</x><y>37.7337451568089</y><location human_address="{&quot;address&quot;:&quot;&quot;,&quot;city&quot;:&quot;&quot;,&quot;state&quot;:&quot;&quot;,&quot;zip&quot;:&quot;&quot;}" latitude="37.7337451568089" longitude="-122.392393403915" needs_recoding="false"/></row>