<?xml version="1.0" encoding="UTF-8"?><row _id="12545090" _uuid="2B79F824-06D0-4F65-B0C7-5F66AB538022" _position="12545090" _address="http://data.sfgov.org/resource/ritf-b9ki/12545090"><incidntnum>150146267</incidntnum><category>MISSING PERSON</category><descript>FOUND PERSON</descript><dayofweek>Tuesday</dayofweek><date>2015-02-17T00:00:00</date><time>09:54</time><pddistrict>SOUTHERN</pddistrict><resolution>NONE</resolution><address>800 Block of MARKET ST</address><x>-122.406690592261</x><y>37.7852071918419</y><location human_address="{&quot;address&quot;:&quot;&quot;,&quot;city&quot;:&quot;&quot;,&quot;state&quot;:&quot;&quot;,&quot;zip&quot;:&quot;&quot;}" latitude="37.7852071918419" longitude="-122.406690592261" needs_recoding="false"/></row>