<?xml version="1.0" encoding="UTF-8"?><row _id="12544036" _uuid="1D4BFABD-8897-436D-B81C-B11971774EB2" _position="12544036" _address="http://data.sfgov.org/resource/ritf-b9ki/12544036"><incidntnum>156040172</incidntnum><category>LARCENY/THEFT</category><descript>GRAND THEFT FROM LOCKED AUTO</descript><dayofweek>Saturday</dayofweek><date>2015-02-14T00:00:00</date><time>12:00</time><pddistrict>CENTRAL</pddistrict><resolution>NONE</resolution><address>THE EMBARCADERONORTH ST / GREEN ST</address><x>-122.398861971113</x><y>37.8007809996037</y><location human_address="{&quot;address&quot;:&quot;&quot;,&quot;city&quot;:&quot;&quot;,&quot;state&quot;:&quot;&quot;,&quot;zip&quot;:&quot;&quot;}" latitude="37.8007809996037" longitude="-122.398861971113" needs_recoding="false"/></row>