<?xml version="1.0" encoding="UTF-8"?><row _id="12545002" _uuid="39FD5770-D1F0-480D-A976-6E2A401731E4" _position="12545002" _address="http://data.sfgov.org/resource/ritf-b9ki/12545002"><incidntnum>150147390</incidntnum><category>OTHER OFFENSES</category><descript>PROBATION VIOLATION</descript><dayofweek>Tuesday</dayofweek><date>2015-02-17T00:00:00</date><time>16:29</time><pddistrict>SOUTHERN</pddistrict><resolution>ARREST, BOOKED</resolution><address>MASON ST / TURK ST</address><x>-122.408953598279</x><y>37.783287873572</y><location human_address="{&quot;address&quot;:&quot;&quot;,&quot;city&quot;:&quot;&quot;,&quot;state&quot;:&quot;&quot;,&quot;zip&quot;:&quot;&quot;}" latitude="37.783287873572" longitude="-122.408953598279" needs_recoding="false"/></row>