<?xml version="1.0" encoding="UTF-8"?><row _id="12545276" _uuid="B188920F-A55F-4808-AB8A-056F718C6B5A" _position="12545276" _address="http://data.sfgov.org/resource/ritf-b9ki/12545276"><incidntnum>150148489</incidntnum><category>ASSAULT</category><descript>CHILD, INFLICTING INJURY RESULTING IN TRAUMATIC CONDITION</descript><dayofweek>Tuesday</dayofweek><date>2015-02-17T00:00:00</date><time>21:04</time><pddistrict>INGLESIDE</pddistrict><resolution>ARREST, BOOKED</resolution><address>700 Block of BRAZIL AV</address><x>-122.428868643605</x><y>37.7217795399078</y><location human_address="{&quot;address&quot;:&quot;&quot;,&quot;city&quot;:&quot;&quot;,&quot;state&quot;:&quot;&quot;,&quot;zip&quot;:&quot;&quot;}" latitude="37.7217795399078" longitude="-122.428868643605" needs_recoding="false"/></row>