<?xml version="1.0" encoding="UTF-8"?><row _id="12543884" _uuid="FA55E8B8-6029-4B20-81B4-A27E4035F6EB" _position="12543884" _address="http://data.sfgov.org/resource/ritf-b9ki/12543884"><incidntnum>150134529</incidntnum><category>SUSPICIOUS OCC</category><descript>INVESTIGATIVE DETENTION</descript><dayofweek>Friday</dayofweek><date>2015-02-13T00:00:00</date><time>11:21</time><pddistrict>TENDERLOIN</pddistrict><resolution>NONE</resolution><address>EDDY ST / MASON ST</address><x>-122.409313111431</x><y>37.7843478513151</y><location human_address="{&quot;address&quot;:&quot;&quot;,&quot;city&quot;:&quot;&quot;,&quot;state&quot;:&quot;&quot;,&quot;zip&quot;:&quot;&quot;}" latitude="37.7843478513151" longitude="-122.409313111431" needs_recoding="false"/></row>