<?xml version="1.0" encoding="UTF-8"?><row _id="12544532" _uuid="534F4633-08FB-4E37-84AA-53E16D70CF54" _position="12544532" _address="http://data.sfgov.org/resource/ritf-b9ki/12544532"><incidntnum>150142760</incidntnum><category>BURGLARY</category><descript>BURGLARY,STORE UNDER CONSTRUCTION, FORCIBLE ENTRY</descript><dayofweek>Sunday</dayofweek><date>2015-02-15T00:00:00</date><time>23:00</time><pddistrict>CENTRAL</pddistrict><resolution>NONE</resolution><address>600 Block of PACIFIC AV</address><x>-122.406030209074</x><y>37.7970585539894</y><location human_address="{&quot;address&quot;:&quot;&quot;,&quot;city&quot;:&quot;&quot;,&quot;state&quot;:&quot;&quot;,&quot;zip&quot;:&quot;&quot;}" latitude="37.7970585539894" longitude="-122.406030209074" needs_recoding="false"/></row>