<?xml version="1.0" encoding="UTF-8"?><row _id="12548665" _uuid="75FCF8C9-C1EF-4D99-AA9B-69085CDAB0F5" _position="12548665" _address="http://data.sfgov.org/resource/ritf-b9ki/12548665"><incidntnum>150176703</incidntnum><category>LARCENY/THEFT</category><descript>GRAND THEFT FROM LOCKED AUTO</descript><dayofweek>Wednesday</dayofweek><date>2015-02-25T00:00:00</date><time>22:30</time><pddistrict>NORTHERN</pddistrict><resolution>NONE</resolution><address>1900 Block of LOMBARD ST</address><x>-122.433575439808</x><y>37.8000374496753</y><location human_address="{&quot;address&quot;:&quot;&quot;,&quot;city&quot;:&quot;&quot;,&quot;state&quot;:&quot;&quot;,&quot;zip&quot;:&quot;&quot;}" latitude="37.8000374496753" longitude="-122.433575439808" needs_recoding="false"/></row>