<?xml version="1.0" encoding="UTF-8"?><row _id="12547746" _uuid="C5D1EF7A-3EE0-4EC6-8F00-26B866E00E02" _position="12547746" _address="http://data.sfgov.org/resource/ritf-b9ki/12547746"><incidntnum>150161287</incidntnum><category>LARCENY/THEFT</category><descript>GRAND THEFT BICYCLE</descript><dayofweek>Friday</dayofweek><date>2015-02-13T00:00:00</date><time>21:00</time><pddistrict>INGLESIDE</pddistrict><resolution>NONE</resolution><address>300 Block of MONTEREY BL</address><x>-122.443177432449</x><y>37.7316647926496</y><location human_address="{&quot;address&quot;:&quot;&quot;,&quot;city&quot;:&quot;&quot;,&quot;state&quot;:&quot;&quot;,&quot;zip&quot;:&quot;&quot;}" latitude="37.7316647926496" longitude="-122.443177432449" needs_recoding="false"/></row>