<?xml version="1.0" encoding="UTF-8"?><row _id="12549507" _uuid="04EF1714-E197-4D66-A1E7-A0FD64BA0070" _position="12549507" _address="http://data.sfgov.org/resource/ritf-b9ki/12549507"><incidntnum>156046744</incidntnum><category>LARCENY/THEFT</category><descript>GRAND THEFT FROM LOCKED AUTO</descript><dayofweek>Sunday</dayofweek><date>2015-02-22T00:00:00</date><time>17:00</time><pddistrict>SOUTHERN</pddistrict><resolution>NONE</resolution><address>300 Block of 9TH ST</address><x>-122.411277969882</x><y>37.7735786121372</y><location human_address="{&quot;address&quot;:&quot;&quot;,&quot;city&quot;:&quot;&quot;,&quot;state&quot;:&quot;&quot;,&quot;zip&quot;:&quot;&quot;}" latitude="37.7735786121372" longitude="-122.411277969882" needs_recoding="false"/></row>