<?xml version="1.0" encoding="UTF-8"?><row _id="12544273" _uuid="5344D829-15C2-4A1E-963C-67075692A7EE" _position="12544273" _address="http://data.sfgov.org/resource/ritf-b9ki/12544273"><incidntnum>150152907</incidntnum><category>OTHER OFFENSES</category><descript>FALSE PERSONATION TO RECEIVE MONEY OR PROPERTY</descript><dayofweek>Saturday</dayofweek><date>2015-02-14T00:00:00</date><time>15:00</time><pddistrict>NORTHERN</pddistrict><resolution>UNFOUNDED</resolution><address>2800 Block of VANNESS AV</address><x>-122.424808513989</x><y>37.8017849138186</y><location human_address="{&quot;address&quot;:&quot;&quot;,&quot;city&quot;:&quot;&quot;,&quot;state&quot;:&quot;&quot;,&quot;zip&quot;:&quot;&quot;}" latitude="37.8017849138186" longitude="-122.424808513989" needs_recoding="false"/></row>