<?xml version="1.0" encoding="UTF-8"?><row _id="12547373" _uuid="79301BB7-C13E-4043-A497-0FC77671AC6D" _position="12547373" _address="http://data.sfgov.org/resource/ritf-b9ki/12547373"><incidntnum>150153949</incidntnum><category>ASSAULT</category><descript>BATTERY</descript><dayofweek>Thursday</dayofweek><date>2015-02-19T00:00:00</date><time>14:57</time><pddistrict>TENDERLOIN</pddistrict><resolution>ARREST, BOOKED</resolution><address>300 Block of ELLIS ST</address><x>-122.411965795229</x><y>37.7849141859562</y><location human_address="{&quot;address&quot;:&quot;&quot;,&quot;city&quot;:&quot;&quot;,&quot;state&quot;:&quot;&quot;,&quot;zip&quot;:&quot;&quot;}" latitude="37.7849141859562" longitude="-122.411965795229" needs_recoding="false"/></row>