<?xml version="1.0" encoding="UTF-8"?><row _id="12544441" _uuid="EB429E55-292E-4AD2-A780-CE96EE16EC61" _position="12544441" _address="http://data.sfgov.org/resource/ritf-b9ki/12544441"><incidntnum>150139789</incidntnum><category>NON-CRIMINAL</category><descript>AIDED CASE, MENTAL DISTURBED</descript><dayofweek>Sunday</dayofweek><date>2015-02-15T00:00:00</date><time>09:30</time><pddistrict>SOUTHERN</pddistrict><resolution>NONE</resolution><address>700 Block of MARKET ST</address><x>-122.403919148357</x><y>37.7871160984672</y><location human_address="{&quot;address&quot;:&quot;&quot;,&quot;city&quot;:&quot;&quot;,&quot;state&quot;:&quot;&quot;,&quot;zip&quot;:&quot;&quot;}" latitude="37.7871160984672" longitude="-122.403919148357" needs_recoding="false"/></row>