<?xml version="1.0" encoding="UTF-8"?><row _id="12544295" _uuid="63C343B9-4963-431A-924E-795D4E5B8804" _position="12544295" _address="http://data.sfgov.org/resource/ritf-b9ki/12544295"><incidntnum>150139541</incidntnum><category>OTHER OFFENSES</category><descript>DRIVERS LICENSE, SUSPENDED OR REVOKED</descript><dayofweek>Sunday</dayofweek><date>2015-02-15T00:00:00</date><time>05:35</time><pddistrict>TARAVAL</pddistrict><resolution>ARREST, BOOKED</resolution><address>VICENTE ST / 19TH AV</address><x>-122.475406814471</x><y>37.7393241543489</y><location human_address="{&quot;address&quot;:&quot;&quot;,&quot;city&quot;:&quot;&quot;,&quot;state&quot;:&quot;&quot;,&quot;zip&quot;:&quot;&quot;}" latitude="37.7393241543489" longitude="-122.475406814471" needs_recoding="false"/></row>