<?xml version="1.0" encoding="UTF-8"?><row _id="12558252" _uuid="BD6EF1CE-6AB4-4151-84F4-209EC962B18A" _position="12558252" _address="http://data.sfgov.org/resource/ritf-b9ki/12558252"><incidntnum>156067552</incidntnum><category>LARCENY/THEFT</category><descript>GRAND THEFT FROM UNLOCKED AUTO</descript><dayofweek>Wednesday</dayofweek><date>2015-03-18T00:00:00</date><time>07:00</time><pddistrict>SOUTHERN</pddistrict><resolution>NONE</resolution><address>100 Block of MINNA ST</address><x>-122.400683892904</x><y>37.7863808284118</y><location human_address="{&quot;address&quot;:&quot;&quot;,&quot;city&quot;:&quot;&quot;,&quot;state&quot;:&quot;&quot;,&quot;zip&quot;:&quot;&quot;}" latitude="37.7863808284118" longitude="-122.400683892904" needs_recoding="false"/></row>