<?xml version="1.0" encoding="UTF-8"?><row _id="12550984" _uuid="6822C9A0-57CE-4111-B908-2E03F7CA6B8F" _position="12550984" _address="http://data.sfgov.org/resource/ritf-b9ki/12550984"><incidntnum>150188043</incidntnum><category>LARCENY/THEFT</category><descript>THEFT OF COMPUTERS OR CELL PHONES</descript><dayofweek>Sunday</dayofweek><date>2015-03-01T00:00:00</date><time>14:00</time><pddistrict>MISSION</pddistrict><resolution>NONE</resolution><address>900 Block of VALENCIA ST</address><x>-122.421224686971</x><y>37.7572975613482</y><location human_address="{&quot;address&quot;:&quot;&quot;,&quot;city&quot;:&quot;&quot;,&quot;state&quot;:&quot;&quot;,&quot;zip&quot;:&quot;&quot;}" latitude="37.7572975613482" longitude="-122.421224686971" needs_recoding="false"/></row>