<?xml version="1.0" encoding="UTF-8"?><row _id="12545242" _uuid="73980267-7A7F-4C7A-B351-582400CC7042" _position="12545242" _address="http://data.sfgov.org/resource/ritf-b9ki/12545242"><incidntnum>159000901</incidntnum><category>MISSING PERSON</category><descript>MISSING ADULT</descript><dayofweek>Tuesday</dayofweek><date>2015-02-17T00:00:00</date><time>00:10</time><pddistrict>PARK</pddistrict><resolution>NONE</resolution><address>300 Block of LAGUNAHONDA BL</address><x>-122.458680189782</x><y>37.7481554692332</y><location human_address="{&quot;address&quot;:&quot;&quot;,&quot;city&quot;:&quot;&quot;,&quot;state&quot;:&quot;&quot;,&quot;zip&quot;:&quot;&quot;}" latitude="37.7481554692332" longitude="-122.458680189782" needs_recoding="false"/></row>