<?xml version="1.0" encoding="UTF-8"?><row _id="12548157" _uuid="C0896A65-7834-499C-AD17-B2E8C6BAD1D2" _position="12548157" _address="http://data.sfgov.org/resource/ritf-b9ki/12548157"><incidntnum>150169974</incidntnum><category>ASSAULT</category><descript>THREATS AGAINST LIFE</descript><dayofweek>Tuesday</dayofweek><date>2015-02-17T00:00:00</date><time>20:29</time><pddistrict>INGLESIDE</pddistrict><resolution>NONE</resolution><address>0 Block of SGTJOHNVYOUNG LN</address><x>-122.444707063455</x><y>37.7249307267936</y><location human_address="{&quot;address&quot;:&quot;&quot;,&quot;city&quot;:&quot;&quot;,&quot;state&quot;:&quot;&quot;,&quot;zip&quot;:&quot;&quot;}" latitude="37.7249307267936" longitude="-122.444707063455" needs_recoding="false"/></row>