<?xml version="1.0" encoding="UTF-8"?><row _id="12547577" _uuid="093C9C0B-4E2D-4AAD-BB6C-439649F4E2EC" _position="12547577" _address="http://data.sfgov.org/resource/ritf-b9ki/12547577"><incidntnum>150165568</incidntnum><category>ASSAULT</category><descript>THREATS AGAINST LIFE</descript><dayofweek>Monday</dayofweek><date>2015-02-16T00:00:00</date><time>13:00</time><pddistrict>SOUTHERN</pddistrict><resolution>NONE</resolution><address>1200 Block of HOWARD ST</address><x>-122.412447373124</x><y>37.775633673443</y><location human_address="{&quot;address&quot;:&quot;&quot;,&quot;city&quot;:&quot;&quot;,&quot;state&quot;:&quot;&quot;,&quot;zip&quot;:&quot;&quot;}" latitude="37.775633673443" longitude="-122.412447373124" needs_recoding="false"/></row>