<?xml version="1.0" encoding="UTF-8"?><row _id="12547865" _uuid="8EEC58C7-B3FB-4840-984B-A3EA7F7A0ED7" _position="12547865" _address="http://data.sfgov.org/resource/ritf-b9ki/12547865"><incidntnum>150167586</incidntnum><category>MISSING PERSON</category><descript>MISSING JUVENILE</descript><dayofweek>Monday</dayofweek><date>2015-02-23T00:00:00</date><time>18:30</time><pddistrict>PARK</pddistrict><resolution>NONE</resolution><address>1600 Block of TURK ST</address><x>-122.436274979481</x><y>37.7800247331065</y><location human_address="{&quot;address&quot;:&quot;&quot;,&quot;city&quot;:&quot;&quot;,&quot;state&quot;:&quot;&quot;,&quot;zip&quot;:&quot;&quot;}" latitude="37.7800247331065" longitude="-122.436274979481" needs_recoding="false"/></row>