<?xml version="1.0" encoding="UTF-8"?><row _id="12547678" _uuid="2027781D-4245-4468-8FFF-F710B697FB17" _position="12547678" _address="http://data.sfgov.org/resource/ritf-b9ki/12547678"><incidntnum>156045398</incidntnum><category>LARCENY/THEFT</category><descript>GRAND THEFT FROM LOCKED AUTO</descript><dayofweek>Tuesday</dayofweek><date>2015-02-24T00:00:00</date><time>18:45</time><pddistrict>BAYVIEW</pddistrict><resolution>NONE</resolution><address>1100 Block of EVANS AV</address><x>-122.380141521656</x><y>37.7381436048928</y><location human_address="{&quot;address&quot;:&quot;&quot;,&quot;city&quot;:&quot;&quot;,&quot;state&quot;:&quot;&quot;,&quot;zip&quot;:&quot;&quot;}" latitude="37.7381436048928" longitude="-122.380141521656" needs_recoding="false"/></row>