<?xml version="1.0" encoding="UTF-8"?><row _id="12549587" _uuid="A603C6FF-E66A-44F4-8B59-D7CB4CA1532B" _position="12549587" _address="http://data.sfgov.org/resource/ritf-b9ki/12549587"><incidntnum>150139450</incidntnum><category>MISSING PERSON</category><descript>FOUND PERSON</descript><dayofweek>Saturday</dayofweek><date>2015-02-14T00:00:00</date><time>09:00</time><pddistrict>NORTHERN</pddistrict><resolution>UNFOUNDED</resolution><address>1600 Block of FILLMORE ST</address><x>-122.432932201774</x><y>37.7847697667563</y><location human_address="{&quot;address&quot;:&quot;&quot;,&quot;city&quot;:&quot;&quot;,&quot;state&quot;:&quot;&quot;,&quot;zip&quot;:&quot;&quot;}" latitude="37.7847697667563" longitude="-122.432932201774" needs_recoding="false"/></row>