<?xml version="1.0" encoding="UTF-8"?><row _id="12543963" _uuid="4F0ADE6A-755B-4BA1-9F93-83A75B5C08CF" _position="12543963" _address="http://data.sfgov.org/resource/ritf-b9ki/12543963"><incidntnum>150137589</incidntnum><category>LARCENY/THEFT</category><descript>GRAND THEFT PICKPOCKET</descript><dayofweek>Saturday</dayofweek><date>2015-02-14T00:00:00</date><time>12:30</time><pddistrict>CENTRAL</pddistrict><resolution>NONE</resolution><address>GRANT AV / PACIFIC AV</address><x>-122.406831986427</x><y>37.7969028838908</y><location human_address="{&quot;address&quot;:&quot;&quot;,&quot;city&quot;:&quot;&quot;,&quot;state&quot;:&quot;&quot;,&quot;zip&quot;:&quot;&quot;}" latitude="37.7969028838908" longitude="-122.406831986427" needs_recoding="false"/></row>