<?xml version="1.0" encoding="UTF-8"?><row _id="12543108" _uuid="66719A27-DE76-4310-B5E9-06D2BE4476CA" _position="12543108" _address="http://data.sfgov.org/resource/ritf-b9ki/12543108"><incidntnum>156033860</incidntnum><category>LARCENY/THEFT</category><descript>GRAND THEFT FROM LOCKED AUTO</descript><dayofweek>Thursday</dayofweek><date>2015-02-12T00:00:00</date><time>20:15</time><pddistrict>NORTHERN</pddistrict><resolution>NONE</resolution><address>GEARY BL / FRANKLIN ST</address><x>-122.423031175088</x><y>37.7854818747419</y><location human_address="{&quot;address&quot;:&quot;&quot;,&quot;city&quot;:&quot;&quot;,&quot;state&quot;:&quot;&quot;,&quot;zip&quot;:&quot;&quot;}" latitude="37.7854818747419" longitude="-122.423031175088" needs_recoding="false"/></row>