<?xml version="1.0" encoding="UTF-8"?><row _id="12547843" _uuid="9AAD3943-91E0-4B67-9D8E-4356E25FB73B" _position="12547843" _address="http://data.sfgov.org/resource/ritf-b9ki/12547843"><incidntnum>150166425</incidntnum><category>NON-CRIMINAL</category><descript>AIDED CASE, MENTAL DISTURBED</descript><dayofweek>Monday</dayofweek><date>2015-02-23T00:00:00</date><time>13:59</time><pddistrict>NORTHERN</pddistrict><resolution>NONE</resolution><address>700 Block of POLK ST</address><x>-122.41925042197</x><y>37.7838069204559</y><location human_address="{&quot;address&quot;:&quot;&quot;,&quot;city&quot;:&quot;&quot;,&quot;state&quot;:&quot;&quot;,&quot;zip&quot;:&quot;&quot;}" latitude="37.7838069204559" longitude="-122.41925042197" needs_recoding="false"/></row>