<?xml version="1.0" encoding="UTF-8"?><row _id="12543536" _uuid="B728E752-883D-4F62-A1D7-7B3991738D93" _position="12543536" _address="http://data.sfgov.org/resource/ritf-b9ki/12543536"><incidntnum>150137993</incidntnum><category>VEHICLE THEFT</category><descript>STOLEN AUTOMOBILE</descript><dayofweek>Friday</dayofweek><date>2015-02-13T00:00:00</date><time>20:00</time><pddistrict>CENTRAL</pddistrict><resolution>NONE</resolution><address>LOMBARD ST / JONES ST</address><x>-122.416327623844</x><y>37.8024103177266</y><location human_address="{&quot;address&quot;:&quot;&quot;,&quot;city&quot;:&quot;&quot;,&quot;state&quot;:&quot;&quot;,&quot;zip&quot;:&quot;&quot;}" latitude="37.8024103177266" longitude="-122.416327623844" needs_recoding="false"/></row>