<?xml version="1.0" encoding="UTF-8"?><row _id="12545442" _uuid="821B68A0-4907-470B-917D-5223B73F8EB9" _position="12545442" _address="http://data.sfgov.org/resource/ritf-b9ki/12545442"><incidntnum>150150854</incidntnum><category>DRUG/NARCOTIC</category><descript>POSSESSION OF NARCOTICS PARAPHERNALIA</descript><dayofweek>Wednesday</dayofweek><date>2015-02-18T00:00:00</date><time>15:49</time><pddistrict>TENDERLOIN</pddistrict><resolution>ARREST, BOOKED</resolution><address>500 Block of OFARRELL ST</address><x>-122.413798415869</x><y>37.7856297942374</y><location human_address="{&quot;address&quot;:&quot;&quot;,&quot;city&quot;:&quot;&quot;,&quot;state&quot;:&quot;&quot;,&quot;zip&quot;:&quot;&quot;}" latitude="37.7856297942374" longitude="-122.413798415869" needs_recoding="false"/></row>