<?xml version="1.0" encoding="UTF-8"?><row _id="12544646" _uuid="0C1B9569-351A-46AC-9BC0-C7A5A62554F1" _position="12544646" _address="http://data.sfgov.org/resource/ritf-b9ki/12544646"><incidntnum>150143257</incidntnum><category>OTHER OFFENSES</category><descript>DRIVERS LICENSE, SUSPENDED OR REVOKED</descript><dayofweek>Monday</dayofweek><date>2015-02-16T00:00:00</date><time>12:11</time><pddistrict>BAYVIEW</pddistrict><resolution>ARREST, BOOKED</resolution><address>INGALLS ST / SHAFTER AV</address><x>-122.385122491627</x><y>37.7278597168875</y><location human_address="{&quot;address&quot;:&quot;&quot;,&quot;city&quot;:&quot;&quot;,&quot;state&quot;:&quot;&quot;,&quot;zip&quot;:&quot;&quot;}" latitude="37.7278597168875" longitude="-122.385122491627" needs_recoding="false"/></row>