<?xml version="1.0" encoding="UTF-8"?><row _id="12544136" _uuid="E247BD01-6858-46E7-90D9-7D9A6F044E58" _position="12544136" _address="http://data.sfgov.org/resource/ritf-b9ki/12544136"><incidntnum>156036626</incidntnum><category>NON-CRIMINAL</category><descript>LOST PROPERTY</descript><dayofweek>Saturday</dayofweek><date>2015-02-14T00:00:00</date><time>19:40</time><pddistrict>SOUTHERN</pddistrict><resolution>NONE</resolution><address>0 Block of MARKET ST</address><x>-122.395097774181</x><y>37.7940590485562</y><location human_address="{&quot;address&quot;:&quot;&quot;,&quot;city&quot;:&quot;&quot;,&quot;state&quot;:&quot;&quot;,&quot;zip&quot;:&quot;&quot;}" latitude="37.7940590485562" longitude="-122.395097774181" needs_recoding="false"/></row>