<?xml version="1.0" encoding="UTF-8"?><row _id="12544579" _uuid="0122E685-5073-4A55-98F9-1959CCF54658" _position="12544579" _address="http://data.sfgov.org/resource/ritf-b9ki/12544579"><incidntnum>156038860</incidntnum><category>LARCENY/THEFT</category><descript>PETTY THEFT OF PROPERTY</descript><dayofweek>Sunday</dayofweek><date>2015-02-15T00:00:00</date><time>02:00</time><pddistrict>PARK</pddistrict><resolution>NONE</resolution><address>1200 Block of PAGE ST</address><x>-122.441371881622</x><y>37.7716188347231</y><location human_address="{&quot;address&quot;:&quot;&quot;,&quot;city&quot;:&quot;&quot;,&quot;state&quot;:&quot;&quot;,&quot;zip&quot;:&quot;&quot;}" latitude="37.7716188347231" longitude="-122.441371881622" needs_recoding="false"/></row>