<?xml version="1.0" encoding="UTF-8"?><row _id="12549471" _uuid="2E775BB5-948C-4EAE-8729-B9C1348891B3" _position="12549471" _address="http://data.sfgov.org/resource/ritf-b9ki/12549471"><incidntnum>150162508</incidntnum><category>VEHICLE THEFT</category><descript>STOLEN AUTOMOBILE</descript><dayofweek>Saturday</dayofweek><date>2015-02-21T00:00:00</date><time>22:30</time><pddistrict>NORTHERN</pddistrict><resolution>NONE</resolution><address>3100 Block of FRANKLIN ST</address><x>-122.426593852753</x><y>37.8034849525198</y><location human_address="{&quot;address&quot;:&quot;&quot;,&quot;city&quot;:&quot;&quot;,&quot;state&quot;:&quot;&quot;,&quot;zip&quot;:&quot;&quot;}" latitude="37.8034849525198" longitude="-122.426593852753" needs_recoding="false"/></row>