<?xml version="1.0" encoding="UTF-8"?><row _id="12543970" _uuid="4ACC2622-3490-4159-93CE-25FFBF7DCD23" _position="12543970" _address="http://data.sfgov.org/resource/ritf-b9ki/12543970"><incidntnum>150138167</incidntnum><category>NON-CRIMINAL</category><descript>LOST PROPERTY</descript><dayofweek>Saturday</dayofweek><date>2015-02-14T00:00:00</date><time>16:30</time><pddistrict>CENTRAL</pddistrict><resolution>NONE</resolution><address>STOCKTON ST / JACKSON ST</address><x>-122.408254664048</x><y>37.7958223141329</y><location human_address="{&quot;address&quot;:&quot;&quot;,&quot;city&quot;:&quot;&quot;,&quot;state&quot;:&quot;&quot;,&quot;zip&quot;:&quot;&quot;}" latitude="37.7958223141329" longitude="-122.408254664048" needs_recoding="false"/></row>