<?xml version="1.0" encoding="UTF-8"?><row _id="12549457" _uuid="65AEDB68-29CA-4A4B-B6AE-B118F18EF3AA" _position="12549457" _address="http://data.sfgov.org/resource/ritf-b9ki/12549457"><incidntnum>150171678</incidntnum><category>SECONDARY CODES</category><descript>DOMESTIC VIOLENCE</descript><dayofweek>Tuesday</dayofweek><date>2015-02-24T00:00:00</date><time>22:10</time><pddistrict>BAYVIEW</pddistrict><resolution>ARREST, BOOKED</resolution><address>400 Block of UNIVERSITY ST</address><x>-122.413279682845</x><y>37.7244277539933</y><location human_address="{&quot;address&quot;:&quot;&quot;,&quot;city&quot;:&quot;&quot;,&quot;state&quot;:&quot;&quot;,&quot;zip&quot;:&quot;&quot;}" latitude="37.7244277539933" longitude="-122.413279682845" needs_recoding="false"/></row>