<?xml version="1.0" encoding="UTF-8"?><row _id="12544290" _uuid="3889D5FF-2069-4EEB-9F78-DC73B25D4454" _position="12544290" _address="http://data.sfgov.org/resource/ritf-b9ki/12544290"><incidntnum>150140366</incidntnum><category>LARCENY/THEFT</category><descript>GRAND THEFT FROM LOCKED AUTO</descript><dayofweek>Sunday</dayofweek><date>2015-02-15T00:00:00</date><time>10:40</time><pddistrict>TENDERLOIN</pddistrict><resolution>NONE</resolution><address>ELLIS ST / LEAVENWORTH ST</address><x>-122.414433155063</x><y>37.7846576329256</y><location human_address="{&quot;address&quot;:&quot;&quot;,&quot;city&quot;:&quot;&quot;,&quot;state&quot;:&quot;&quot;,&quot;zip&quot;:&quot;&quot;}" latitude="37.7846576329256" longitude="-122.414433155063" needs_recoding="false"/></row>