<?xml version="1.0" encoding="UTF-8"?><row _id="12544521" _uuid="B93A91E5-0B58-4836-97F1-DE699AAC85D5" _position="12544521" _address="http://data.sfgov.org/resource/ritf-b9ki/12544521"><incidntnum>150142168</incidntnum><category>ASSAULT</category><descript>INFLICT INJURY ON COHABITEE</descript><dayofweek>Sunday</dayofweek><date>2015-02-15T00:00:00</date><time>23:00</time><pddistrict>MISSION</pddistrict><resolution>ARREST, BOOKED</resolution><address>500 Block of CASTRO ST</address><x>-122.434994783089</x><y>37.7600697106567</y><location human_address="{&quot;address&quot;:&quot;&quot;,&quot;city&quot;:&quot;&quot;,&quot;state&quot;:&quot;&quot;,&quot;zip&quot;:&quot;&quot;}" latitude="37.7600697106567" longitude="-122.434994783089" needs_recoding="false"/></row>