<?xml version="1.0" encoding="UTF-8"?><row _id="12552779" _uuid="227EE457-AE6D-4B31-9E39-53FFFCB6B7DB" _position="12552779" _address="http://data.sfgov.org/resource/ritf-b9ki/12552779"><incidntnum>150201952</incidntnum><category>LARCENY/THEFT</category><descript>PETTY THEFT FROM LOCKED AUTO</descript><dayofweek>Friday</dayofweek><date>2015-03-06T00:00:00</date><time>04:06</time><pddistrict>NORTHERN</pddistrict><resolution>NONE</resolution><address>1000 Block of TURK ST</address><x>-122.425564924002</x><y>37.7812701611726</y><location human_address="{&quot;address&quot;:&quot;&quot;,&quot;city&quot;:&quot;&quot;,&quot;state&quot;:&quot;&quot;,&quot;zip&quot;:&quot;&quot;}" latitude="37.7812701611726" longitude="-122.425564924002" needs_recoding="false"/></row>