<?xml version="1.0" encoding="UTF-8"?><row _id="12546979" _uuid="EFEF324C-8B4A-4C95-8C1E-7C7A4EAAE8C6" _position="12546979" _address="http://data.sfgov.org/resource/ritf-b9ki/12546979"><incidntnum>150137799</incidntnum><category>NON-CRIMINAL</category><descript>FOUND PROPERTY</descript><dayofweek>Saturday</dayofweek><date>2015-02-14T00:00:00</date><time>09:00</time><pddistrict>TENDERLOIN</pddistrict><resolution>UNFOUNDED</resolution><address>300 Block of EDDY ST</address><x>-122.412930522059</x><y>37.7838344374141</y><location human_address="{&quot;address&quot;:&quot;&quot;,&quot;city&quot;:&quot;&quot;,&quot;state&quot;:&quot;&quot;,&quot;zip&quot;:&quot;&quot;}" latitude="37.7838344374141" longitude="-122.412930522059" needs_recoding="false"/></row>