<?xml version="1.0" encoding="UTF-8"?><row _id="12544877" _uuid="75CF733B-1120-40B4-BE93-531BDF86A93C" _position="12544877" _address="http://data.sfgov.org/resource/ritf-b9ki/12544877"><incidntnum>150146132</incidntnum><category>VANDALISM</category><descript>MALICIOUS MISCHIEF, BREAKING WINDOWS</descript><dayofweek>Monday</dayofweek><date>2015-02-16T00:00:00</date><time>23:30</time><pddistrict>CENTRAL</pddistrict><resolution>NONE</resolution><address>2700 Block of TAYLOR ST</address><x>-122.415642825776</x><y>37.8077624944954</y><location human_address="{&quot;address&quot;:&quot;&quot;,&quot;city&quot;:&quot;&quot;,&quot;state&quot;:&quot;&quot;,&quot;zip&quot;:&quot;&quot;}" latitude="37.8077624944954" longitude="-122.415642825776" needs_recoding="false"/></row>