<?xml version="1.0" encoding="UTF-8"?><row _id="12559373" _uuid="1CF07E74-0D80-4F3A-A355-DC7C6467716C" _position="12559373" _address="http://data.sfgov.org/resource/ritf-b9ki/12559373"><incidntnum>150181097</incidntnum><category>NON-CRIMINAL</category><descript>CASE CLOSURE</descript><dayofweek>Monday</dayofweek><date>2015-02-23T00:00:00</date><time>17:30</time><pddistrict>INGLESIDE</pddistrict><resolution>NONE</resolution><address>600 Block of MORSE ST</address><x>-122.445185331603</x><y>37.7114255300882</y><location human_address="{&quot;address&quot;:&quot;&quot;,&quot;city&quot;:&quot;&quot;,&quot;state&quot;:&quot;&quot;,&quot;zip&quot;:&quot;&quot;}" latitude="37.7114255300882" longitude="-122.445185331603" needs_recoding="false"/></row>