<?xml version="1.0" encoding="UTF-8"?><row _id="12546092" _uuid="F7A5C303-1FF5-434B-8771-B7B04671FB2E" _position="12546092" _address="http://data.sfgov.org/resource/ritf-b9ki/12546092"><incidntnum>150164855</incidntnum><category>DISORDERLY CONDUCT</category><descript>DISTURBING THE PEACE, FIGHTING</descript><dayofweek>Sunday</dayofweek><date>2015-02-22T00:00:00</date><time>22:20</time><pddistrict>TARAVAL</pddistrict><resolution>NONE</resolution><address>12TH AV / JUDAH ST</address><x>-122.469391470519</x><y>37.7620323126552</y><location human_address="{&quot;address&quot;:&quot;&quot;,&quot;city&quot;:&quot;&quot;,&quot;state&quot;:&quot;&quot;,&quot;zip&quot;:&quot;&quot;}" latitude="37.7620323126552" longitude="-122.469391470519" needs_recoding="false"/></row>