<?xml version="1.0" encoding="UTF-8"?><row _id="12555007" _uuid="D3A09B1C-A734-4CCE-AE96-542C5ABCDB2E" _position="12555007" _address="http://data.sfgov.org/resource/ritf-b9ki/12555007"><incidntnum>150218725</incidntnum><category>TRESPASS</category><descript>TRESPASSING</descript><dayofweek>Wednesday</dayofweek><date>2015-03-11T00:00:00</date><time>13:54</time><pddistrict>NORTHERN</pddistrict><resolution>ARREST, BOOKED</resolution><address>100 Block of LARKIN ST</address><x>-122.416607695115</x><y>37.7791387543353</y><location human_address="{&quot;address&quot;:&quot;&quot;,&quot;city&quot;:&quot;&quot;,&quot;state&quot;:&quot;&quot;,&quot;zip&quot;:&quot;&quot;}" latitude="37.7791387543353" longitude="-122.416607695115" needs_recoding="false"/></row>