<?xml version="1.0" encoding="UTF-8"?><row _id="12544035" _uuid="B8A77953-ABDE-46FC-8700-FCEF2DEEDD8B" _position="12544035" _address="http://data.sfgov.org/resource/ritf-b9ki/12544035"><incidntnum>156039498</incidntnum><category>LARCENY/THEFT</category><descript>PETTY THEFT OF PROPERTY</descript><dayofweek>Saturday</dayofweek><date>2015-02-14T00:00:00</date><time>23:00</time><pddistrict>SOUTHERN</pddistrict><resolution>NONE</resolution><address>MARKET ST / POWELL ST</address><x>-122.407545855931</x><y>37.784401179486</y><location human_address="{&quot;address&quot;:&quot;&quot;,&quot;city&quot;:&quot;&quot;,&quot;state&quot;:&quot;&quot;,&quot;zip&quot;:&quot;&quot;}" latitude="37.784401179486" longitude="-122.407545855931" needs_recoding="false"/></row>