<?xml version="1.0" encoding="UTF-8"?><row _id="12544058" _uuid="D22D4880-7FDF-4984-92FF-71FA9920E980" _position="12544058" _address="http://data.sfgov.org/resource/ritf-b9ki/12544058"><incidntnum>150136707</incidntnum><category>NON-CRIMINAL</category><descript>AIDED CASE, MENTAL DISTURBED</descript><dayofweek>Saturday</dayofweek><date>2015-02-14T00:00:00</date><time>04:11</time><pddistrict>TARAVAL</pddistrict><resolution>NONE</resolution><address>100 Block of LOUISBURG ST</address><x>-122.44964547844</x><y>37.7210803010507</y><location human_address="{&quot;address&quot;:&quot;&quot;,&quot;city&quot;:&quot;&quot;,&quot;state&quot;:&quot;&quot;,&quot;zip&quot;:&quot;&quot;}" latitude="37.7210803010507" longitude="-122.44964547844" needs_recoding="false"/></row>