<?xml version="1.0" encoding="UTF-8"?><row _id="12544377" _uuid="7C217448-06D3-4383-9FEC-A5D85B90EA2F" _position="12544377" _address="http://data.sfgov.org/resource/ritf-b9ki/12544377"><incidntnum>150140372</incidntnum><category>LARCENY/THEFT</category><descript>ATTEMPTED SHOPLIFTING</descript><dayofweek>Sunday</dayofweek><date>2015-02-15T00:00:00</date><time>12:20</time><pddistrict>NORTHERN</pddistrict><resolution>NONE</resolution><address>700 Block of VANNESS AV</address><x>-122.420576428438</x><y>37.782453353282</y><location human_address="{&quot;address&quot;:&quot;&quot;,&quot;city&quot;:&quot;&quot;,&quot;state&quot;:&quot;&quot;,&quot;zip&quot;:&quot;&quot;}" latitude="37.782453353282" longitude="-122.420576428438" needs_recoding="false"/></row>