<?xml version="1.0" encoding="UTF-8"?><row _id="12543617" _uuid="AA604E8C-04C1-4C78-93E4-4863E600910D" _position="12543617" _address="http://data.sfgov.org/resource/ritf-b9ki/12543617"><incidntnum>150134927</incidntnum><category>DRUG/NARCOTIC</category><descript>POSSESSION OF CONTROLLED SUBSTANCE</descript><dayofweek>Friday</dayofweek><date>2015-02-13T00:00:00</date><time>14:15</time><pddistrict>TENDERLOIN</pddistrict><resolution>ARREST, BOOKED</resolution><address>100 Block of LEAVENWORTH ST</address><x>-122.413893155951</x><y>37.782346520673</y><location human_address="{&quot;address&quot;:&quot;&quot;,&quot;city&quot;:&quot;&quot;,&quot;state&quot;:&quot;&quot;,&quot;zip&quot;:&quot;&quot;}" latitude="37.782346520673" longitude="-122.413893155951" needs_recoding="false"/></row>