<?xml version="1.0" encoding="UTF-8"?><row _id="12553608" _uuid="56F7BE7F-8C60-4D96-AA2C-8EF1BC14C8A8" _position="12553608" _address="http://data.sfgov.org/resource/ritf-b9ki/12553608"><incidntnum>156058664</incidntnum><category>LARCENY/THEFT</category><descript>GRAND THEFT FROM LOCKED AUTO</descript><dayofweek>Sunday</dayofweek><date>2015-03-08T00:00:00</date><time>03:00</time><pddistrict>NORTHERN</pddistrict><resolution>NONE</resolution><address>LOMBARD ST / FRANKLIN ST</address><x>-122.426184340275</x><y>37.8010960360093</y><location human_address="{&quot;address&quot;:&quot;&quot;,&quot;city&quot;:&quot;&quot;,&quot;state&quot;:&quot;&quot;,&quot;zip&quot;:&quot;&quot;}" latitude="37.8010960360093" longitude="-122.426184340275" needs_recoding="false"/></row>