<?xml version="1.0" encoding="UTF-8"?><row _id="12543750" _uuid="B2166584-9A57-459D-A335-C73B2323B0B8" _position="12543750" _address="http://data.sfgov.org/resource/ritf-b9ki/12543750"><incidntnum>150134751</incidntnum><category>NON-CRIMINAL</category><descript>AIDED CASE, INJURED PERSON</descript><dayofweek>Friday</dayofweek><date>2015-02-13T00:00:00</date><time>12:57</time><pddistrict>NORTHERN</pddistrict><resolution>NONE</resolution><address>2100 Block of BEACH ST</address><x>-122.444447411915</x><y>37.8036530489966</y><location human_address="{&quot;address&quot;:&quot;&quot;,&quot;city&quot;:&quot;&quot;,&quot;state&quot;:&quot;&quot;,&quot;zip&quot;:&quot;&quot;}" latitude="37.8036530489966" longitude="-122.444447411915" needs_recoding="false"/></row>