<?xml version="1.0" encoding="UTF-8"?><row _id="12553817" _uuid="D5C94C71-92E8-466C-8946-9B5B9782EED1" _position="12553817" _address="http://data.sfgov.org/resource/ritf-b9ki/12553817"><incidntnum>150207580</incidntnum><category>ASSAULT</category><descript>ASSAULT</descript><dayofweek>Sunday</dayofweek><date>2015-03-08T00:00:00</date><time>00:55</time><pddistrict>TENDERLOIN</pddistrict><resolution>NONE</resolution><address>200 Block of POWELL ST</address><x>-122.408064958219</x><y>37.7869021819676</y><location human_address="{&quot;address&quot;:&quot;&quot;,&quot;city&quot;:&quot;&quot;,&quot;state&quot;:&quot;&quot;,&quot;zip&quot;:&quot;&quot;}" latitude="37.7869021819676" longitude="-122.408064958219" needs_recoding="false"/></row>