<?xml version="1.0" encoding="UTF-8"?><row _id="12543944" _uuid="732FB38C-BD9B-4F05-AA11-9BC40B5E3791" _position="12543944" _address="http://data.sfgov.org/resource/ritf-b9ki/12543944"><incidntnum>156034846</incidntnum><category>LARCENY/THEFT</category><descript>GRAND THEFT FROM LOCKED AUTO</descript><dayofweek>Saturday</dayofweek><date>2015-02-14T00:00:00</date><time>18:00</time><pddistrict>NORTHERN</pddistrict><resolution>NONE</resolution><address>GEARY BL / WEBSTER ST</address><x>-122.431206932079</x><y>37.7845681170336</y><location human_address="{&quot;address&quot;:&quot;&quot;,&quot;city&quot;:&quot;&quot;,&quot;state&quot;:&quot;&quot;,&quot;zip&quot;:&quot;&quot;}" latitude="37.7845681170336" longitude="-122.431206932079" needs_recoding="false"/></row>