<?xml version="1.0" encoding="UTF-8"?><row _id="12545937" _uuid="3D73AE11-FF3F-4F82-91C6-0DCF7DF6E93E" _position="12545937" _address="http://data.sfgov.org/resource/ritf-b9ki/12545937"><incidntnum>150162495</incidntnum><category>LARCENY/THEFT</category><descript>GRAND THEFT FROM PERSON</descript><dayofweek>Sunday</dayofweek><date>2015-02-22T00:00:00</date><time>09:27</time><pddistrict>NORTHERN</pddistrict><resolution>NONE</resolution><address>EDDY ST / LAGUNA ST</address><x>-122.427400263419</x><y>37.7820565475813</y><location human_address="{&quot;address&quot;:&quot;&quot;,&quot;city&quot;:&quot;&quot;,&quot;state&quot;:&quot;&quot;,&quot;zip&quot;:&quot;&quot;}" latitude="37.7820565475813" longitude="-122.427400263419" needs_recoding="false"/></row>