<?xml version="1.0" encoding="UTF-8"?><row _id="12548907" _uuid="4E3EBE60-D887-4293-8294-EAC85F95740F" _position="12548907" _address="http://data.sfgov.org/resource/ritf-b9ki/12548907"><incidntnum>150159602</incidntnum><category>SEX OFFENSES, FORCIBLE</category><descript>FORCIBLE RAPE, BODILY FORCE</descript><dayofweek>Saturday</dayofweek><date>2015-02-21T00:00:00</date><time>01:22</time><pddistrict>MISSION</pddistrict><resolution>ARREST, BOOKED</resolution><address>2200 Block of FOLSOM ST</address><x>-122.414987729007</x><y>37.7612794104989</y><location human_address="{&quot;address&quot;:&quot;&quot;,&quot;city&quot;:&quot;&quot;,&quot;state&quot;:&quot;&quot;,&quot;zip&quot;:&quot;&quot;}" latitude="37.7612794104989" longitude="-122.414987729007" needs_recoding="false"/></row>