<?xml version="1.0" encoding="UTF-8"?><row _id="12547026" _uuid="A14B2C27-77F9-4EE4-986E-0D0B83AE73A0" _position="12547026" _address="http://data.sfgov.org/resource/ritf-b9ki/12547026"><incidntnum>150152593</incidntnum><category>OTHER OFFENSES</category><descript>RESISTING ARREST</descript><dayofweek>Wednesday</dayofweek><date>2015-02-18T00:00:00</date><time>00:01</time><pddistrict>INGLESIDE</pddistrict><resolution>ARREST, BOOKED</resolution><address>0 Block of VIRGINIA AV</address><x>-122.420967440564</x><y>37.7428517374449</y><location human_address="{&quot;address&quot;:&quot;&quot;,&quot;city&quot;:&quot;&quot;,&quot;state&quot;:&quot;&quot;,&quot;zip&quot;:&quot;&quot;}" latitude="37.7428517374449" longitude="-122.420967440564" needs_recoding="false"/></row>