<?xml version="1.0" encoding="UTF-8"?><row _id="12543892" _uuid="2177E23B-6F89-4507-A8C9-75A21A3C099E" _position="12543892" _address="http://data.sfgov.org/resource/ritf-b9ki/12543892"><incidntnum>150135652</incidntnum><category>SUSPICIOUS OCC</category><descript>INVESTIGATIVE DETENTION</descript><dayofweek>Friday</dayofweek><date>2015-02-13T00:00:00</date><time>19:00</time><pddistrict>TENDERLOIN</pddistrict><resolution>NONE</resolution><address>0 Block of TURK ST</address><x>-122.409853729941</x><y>37.7833862379382</y><location human_address="{&quot;address&quot;:&quot;&quot;,&quot;city&quot;:&quot;&quot;,&quot;state&quot;:&quot;&quot;,&quot;zip&quot;:&quot;&quot;}" latitude="37.7833862379382" longitude="-122.409853729941" needs_recoding="false"/></row>