<?xml version="1.0" encoding="UTF-8"?><row _id="12544170" _uuid="9F7DA0AD-647A-4344-9122-BD5BDFE7118C" _position="12544170" _address="http://data.sfgov.org/resource/ritf-b9ki/12544170"><incidntnum>150139074</incidntnum><category>SUSPICIOUS OCC</category><descript>SUSPICIOUS OCCURRENCE</descript><dayofweek>Saturday</dayofweek><date>2015-02-14T00:00:00</date><time>19:00</time><pddistrict>NORTHERN</pddistrict><resolution>NONE</resolution><address>1900 Block of UNION ST</address><x>-122.430987283243</x><y>37.79760610926</y><location human_address="{&quot;address&quot;:&quot;&quot;,&quot;city&quot;:&quot;&quot;,&quot;state&quot;:&quot;&quot;,&quot;zip&quot;:&quot;&quot;}" latitude="37.79760610926" longitude="-122.430987283243" needs_recoding="false"/></row>