<?xml version="1.0" encoding="UTF-8"?><row _id="12560620" _uuid="1CE5040D-4018-4AA1-BC52-FA2443E65DB1" _position="12560620" _address="http://data.sfgov.org/resource/ritf-b9ki/12560620"><incidntnum>150231103</incidntnum><category>NON-CRIMINAL</category><descript>CASE CLOSURE</descript><dayofweek>Thursday</dayofweek><date>2015-02-26T00:00:00</date><time>05:00</time><pddistrict>RICHMOND</pddistrict><resolution>UNFOUNDED</resolution><address>200 Block of 2ND AV</address><x>-122.460271225886</x><y>37.7840503667528</y><location human_address="{&quot;address&quot;:&quot;&quot;,&quot;city&quot;:&quot;&quot;,&quot;state&quot;:&quot;&quot;,&quot;zip&quot;:&quot;&quot;}" latitude="37.7840503667528" longitude="-122.460271225886" needs_recoding="false"/></row>