<?xml version="1.0" encoding="UTF-8"?><row _id="12616039" _uuid="A33964D4-F8AD-492E-9CE2-EAA160AA2667" _position="12616039" _address="http://data.sfgov.org/resource/ritf-b9ki/12616039"><incidntnum>150682170</incidntnum><category>SUSPICIOUS OCC</category><descript>SUSPICIOUS OCCURRENCE</descript><dayofweek>Sunday</dayofweek><date>2015-02-15T00:00:00</date><time>12:00</time><pddistrict>SOUTHERN</pddistrict><resolution>NONE</resolution><address>700 Block of MISSION ST</address><x>-122.403971269057</x><y>37.784828309361</y><location human_address="{&quot;address&quot;:&quot;&quot;,&quot;city&quot;:&quot;&quot;,&quot;state&quot;:&quot;&quot;,&quot;zip&quot;:&quot;&quot;}" latitude="37.784828309361" longitude="-122.403971269057" needs_recoding="false"/></row>