<?xml version="1.0" encoding="UTF-8"?><row _id="12549646" _uuid="188692D6-3147-442A-A79F-406A2832ED1C" _position="12549646" _address="http://data.sfgov.org/resource/ritf-b9ki/12549646"><incidntnum>150160853</incidntnum><category>TRESPASS</category><descript>LODGING WITHOUT PERMISSION</descript><dayofweek>Saturday</dayofweek><date>2015-02-21T00:00:00</date><time>15:30</time><pddistrict>SOUTHERN</pddistrict><resolution>NONE</resolution><address>BERRY ST / 6TH ST</address><x>-122.397804372252</x><y>37.772271496973</y><location human_address="{&quot;address&quot;:&quot;&quot;,&quot;city&quot;:&quot;&quot;,&quot;state&quot;:&quot;&quot;,&quot;zip&quot;:&quot;&quot;}" latitude="37.772271496973" longitude="-122.397804372252" needs_recoding="false"/></row>