<?xml version="1.0" encoding="UTF-8"?><row _id="12543595" _uuid="946BF643-7D64-4A41-AD0C-5BB73D3141EB" _position="12543595" _address="http://data.sfgov.org/resource/ritf-b9ki/12543595"><incidntnum>150135812</incidntnum><category>WARRANTS</category><descript>WARRANT ARREST</descript><dayofweek>Friday</dayofweek><date>2015-02-13T00:00:00</date><time>20:07</time><pddistrict>SOUTHERN</pddistrict><resolution>ARREST, BOOKED</resolution><address>0 Block of 3RD ST</address><x>-122.403284843106</x><y>37.787306416019</y><location human_address="{&quot;address&quot;:&quot;&quot;,&quot;city&quot;:&quot;&quot;,&quot;state&quot;:&quot;&quot;,&quot;zip&quot;:&quot;&quot;}" latitude="37.787306416019" longitude="-122.403284843106" needs_recoding="false"/></row>