<?xml version="1.0" encoding="UTF-8"?><row _id="12543737" _uuid="C0B1D814-766C-437B-9C1B-FB0F0F74A707" _position="12543737" _address="http://data.sfgov.org/resource/ritf-b9ki/12543737"><incidntnum>150134096</incidntnum><category>ASSAULT</category><descript>THREATS AGAINST LIFE</descript><dayofweek>Friday</dayofweek><date>2015-02-13T00:00:00</date><time>09:04</time><pddistrict>NORTHERN</pddistrict><resolution>NONE</resolution><address>1200 Block of WEBSTER ST</address><x>-122.430857476037</x><y>37.7820966815117</y><location human_address="{&quot;address&quot;:&quot;&quot;,&quot;city&quot;:&quot;&quot;,&quot;state&quot;:&quot;&quot;,&quot;zip&quot;:&quot;&quot;}" latitude="37.7820966815117" longitude="-122.430857476037" needs_recoding="false"/></row>