<?xml version="1.0" encoding="UTF-8"?><row _id="12545711" _uuid="E39761AE-E712-4E7C-816A-2AB7EAAFBA4C" _position="12545711" _address="http://data.sfgov.org/resource/ritf-b9ki/12545711"><incidntnum>156042827</incidntnum><category>LARCENY/THEFT</category><descript>GRAND THEFT FROM LOCKED AUTO</descript><dayofweek>Friday</dayofweek><date>2015-02-20T00:00:00</date><time>20:00</time><pddistrict>NORTHERN</pddistrict><resolution>NONE</resolution><address>1500 Block of VANNESS AV</address><x>-122.422062730264</x><y>37.7899200014841</y><location human_address="{&quot;address&quot;:&quot;&quot;,&quot;city&quot;:&quot;&quot;,&quot;state&quot;:&quot;&quot;,&quot;zip&quot;:&quot;&quot;}" latitude="37.7899200014841" longitude="-122.422062730264" needs_recoding="false"/></row>