<?xml version="1.0" encoding="UTF-8"?><row _id="12550226" _uuid="6861F804-BC03-494A-93C8-E43444929466" _position="12550226" _address="http://data.sfgov.org/resource/ritf-b9ki/12550226"><incidntnum>150182631</incidntnum><category>DRUG/NARCOTIC</category><descript>POSSESSION OF NARCOTICS PARAPHERNALIA</descript><dayofweek>Saturday</dayofweek><date>2015-02-28T00:00:00</date><time>04:01</time><pddistrict>INGLESIDE</pddistrict><resolution>ARREST, BOOKED</resolution><address>CRESCENT AV / MISSION ST</address><x>-122.424702079332</x><y>37.7353699090873</y><location human_address="{&quot;address&quot;:&quot;&quot;,&quot;city&quot;:&quot;&quot;,&quot;state&quot;:&quot;&quot;,&quot;zip&quot;:&quot;&quot;}" latitude="37.7353699090873" longitude="-122.424702079332" needs_recoding="false"/></row>