<?xml version="1.0" encoding="UTF-8"?><row _id="12543581" _uuid="5112C4A2-C8D9-4542-9B6B-DA6AF924163F" _position="12543581" _address="http://data.sfgov.org/resource/ritf-b9ki/12543581"><incidntnum>150135301</incidntnum><category>OTHER OFFENSES</category><descript>MISCELLANEOUS INVESTIGATION</descript><dayofweek>Friday</dayofweek><date>2015-02-13T00:00:00</date><time>17:34</time><pddistrict>TARAVAL</pddistrict><resolution>NONE</resolution><address>1800 Block of 48TH AV</address><x>-122.507410688748</x><y>37.7519214942119</y><location human_address="{&quot;address&quot;:&quot;&quot;,&quot;city&quot;:&quot;&quot;,&quot;state&quot;:&quot;&quot;,&quot;zip&quot;:&quot;&quot;}" latitude="37.7519214942119" longitude="-122.507410688748" needs_recoding="false"/></row>