<?xml version="1.0" encoding="UTF-8"?><row _id="12581275" _uuid="B692BEDB-9B6C-4B43-A2D7-036EE978430C" _position="12581275" _address="http://data.sfgov.org/resource/ritf-b9ki/12581275"><incidntnum>150210997</incidntnum><category>SUSPICIOUS OCC</category><descript>INVESTIGATIVE DETENTION</descript><dayofweek>Monday</dayofweek><date>2015-02-16T00:00:00</date><time>09:00</time><pddistrict>TENDERLOIN</pddistrict><resolution>ARREST, BOOKED</resolution><address>100 Block of JONES ST</address><x>-122.412249767634</x><y>37.782556330202</y><location human_address="{&quot;address&quot;:&quot;&quot;,&quot;city&quot;:&quot;&quot;,&quot;state&quot;:&quot;&quot;,&quot;zip&quot;:&quot;&quot;}" latitude="37.782556330202" longitude="-122.412249767634" needs_recoding="false"/></row>