<?xml version="1.0" encoding="UTF-8"?><row _id="12544180" _uuid="E1D72372-8184-433F-A4F5-E8BBF5AC2FBC" _position="12544180" _address="http://data.sfgov.org/resource/ritf-b9ki/12544180"><incidntnum>150140429</incidntnum><category>VEHICLE THEFT</category><descript>STOLEN AUTOMOBILE</descript><dayofweek>Saturday</dayofweek><date>2015-02-14T00:00:00</date><time>15:00</time><pddistrict>BAYVIEW</pddistrict><resolution>NONE</resolution><address>1600 Block of WALLACE AV</address><x>-122.392060808671</x><y>37.7279479412459</y><location human_address="{&quot;address&quot;:&quot;&quot;,&quot;city&quot;:&quot;&quot;,&quot;state&quot;:&quot;&quot;,&quot;zip&quot;:&quot;&quot;}" latitude="37.7279479412459" longitude="-122.392060808671" needs_recoding="false"/></row>