<?xml version="1.0" encoding="UTF-8"?><row _id="12544770" _uuid="334049E9-BE00-498E-AC5A-869F1D1E460D" _position="12544770" _address="http://data.sfgov.org/resource/ritf-b9ki/12544770"><incidntnum>150143611</incidntnum><category>SECONDARY CODES</category><descript>ATM RELATED CRIME</descript><dayofweek>Monday</dayofweek><date>2015-02-16T00:00:00</date><time>13:25</time><pddistrict>INGLESIDE</pddistrict><resolution>ARREST, BOOKED</resolution><address>2800 Block of DIAMOND ST</address><x>-122.434066094698</x><y>37.734086514355</y><location human_address="{&quot;address&quot;:&quot;&quot;,&quot;city&quot;:&quot;&quot;,&quot;state&quot;:&quot;&quot;,&quot;zip&quot;:&quot;&quot;}" latitude="37.734086514355" longitude="-122.434066094698" needs_recoding="false"/></row>