<?xml version="1.0" encoding="UTF-8"?><row _id="12562052" _uuid="0680F048-A013-4C32-B94A-12D12D79EDB4" _position="12562052" _address="http://data.sfgov.org/resource/ritf-b9ki/12562052"><incidntnum>150270242</incidntnum><category>VEHICLE THEFT</category><descript>STOLEN AUTOMOBILE</descript><dayofweek>Friday</dayofweek><date>2015-03-27T00:00:00</date><time>06:00</time><pddistrict>BAYVIEW</pddistrict><resolution>NONE</resolution><address>20TH ST / 3RD ST</address><x>-122.388559411328</x><y>37.7604929243617</y><location human_address="{&quot;address&quot;:&quot;&quot;,&quot;city&quot;:&quot;&quot;,&quot;state&quot;:&quot;&quot;,&quot;zip&quot;:&quot;&quot;}" latitude="37.7604929243617" longitude="-122.388559411328" needs_recoding="false"/></row>