<?xml version="1.0" encoding="UTF-8"?><row _id="12546589" _uuid="E0E1C609-E6CC-4CE3-A197-52F4C587BA1A" _position="12546589" _address="http://data.sfgov.org/resource/ritf-b9ki/12546589"><incidntnum>150181699</incidntnum><category>NON-CRIMINAL</category><descript>AIDED CASE, DOG BITE</descript><dayofweek>Friday</dayofweek><date>2015-02-27T00:00:00</date><time>18:35</time><pddistrict>NORTHERN</pddistrict><resolution>NONE</resolution><address>OCTAVIA ST / HAYES ST</address><x>-122.424623480779</x><y>37.7766740025224</y><location human_address="{&quot;address&quot;:&quot;&quot;,&quot;city&quot;:&quot;&quot;,&quot;state&quot;:&quot;&quot;,&quot;zip&quot;:&quot;&quot;}" latitude="37.7766740025224" longitude="-122.424623480779" needs_recoding="false"/></row>