<?xml version="1.0" encoding="UTF-8"?><row _id="12548331" _uuid="288DF420-2DB0-4A2A-A826-4907FD10D543" _position="12548331" _address="http://data.sfgov.org/resource/ritf-b9ki/12548331"><incidntnum>156046368</incidntnum><category>LARCENY/THEFT</category><descript>GRAND THEFT FROM LOCKED AUTO</descript><dayofweek>Friday</dayofweek><date>2015-02-20T00:00:00</date><time>16:45</time><pddistrict>SOUTHERN</pddistrict><resolution>NONE</resolution><address>800 Block of MISSION ST</address><x>-122.405395493939</x><y>37.7835100715421</y><location human_address="{&quot;address&quot;:&quot;&quot;,&quot;city&quot;:&quot;&quot;,&quot;state&quot;:&quot;&quot;,&quot;zip&quot;:&quot;&quot;}" latitude="37.7835100715421" longitude="-122.405395493939" needs_recoding="false"/></row>