<?xml version="1.0" encoding="UTF-8"?><row _id="12544727" _uuid="694F8634-99EC-4EA5-8730-AF23D1610A8F" _position="12544727" _address="http://data.sfgov.org/resource/ritf-b9ki/12544727"><incidntnum>156039357</incidntnum><category>LARCENY/THEFT</category><descript>GRAND THEFT FROM LOCKED AUTO</descript><dayofweek>Monday</dayofweek><date>2015-02-16T00:00:00</date><time>18:00</time><pddistrict>TENDERLOIN</pddistrict><resolution>NONE</resolution><address>9TH ST / MARKET ST</address><x>-122.416293820935</x><y>37.777493677735</y><location human_address="{&quot;address&quot;:&quot;&quot;,&quot;city&quot;:&quot;&quot;,&quot;state&quot;:&quot;&quot;,&quot;zip&quot;:&quot;&quot;}" latitude="37.777493677735" longitude="-122.416293820935" needs_recoding="false"/></row>