<?xml version="1.0" encoding="UTF-8"?><row _id="12559192" _uuid="367C23E8-A578-4AE9-BB67-27AEB42BE752" _position="12559192" _address="http://data.sfgov.org/resource/ritf-b9ki/12559192"><incidntnum>150219030</incidntnum><category>NON-CRIMINAL</category><descript>COURTESY REPORT</descript><dayofweek>Wednesday</dayofweek><date>2015-02-25T00:00:00</date><time>08:00</time><pddistrict>SOUTHERN</pddistrict><resolution>UNFOUNDED</resolution><address>1000 Block of MARKET ST</address><x>-122.411339562557</x><y>37.7812707434494</y><location human_address="{&quot;address&quot;:&quot;&quot;,&quot;city&quot;:&quot;&quot;,&quot;state&quot;:&quot;&quot;,&quot;zip&quot;:&quot;&quot;}" latitude="37.7812707434494" longitude="-122.411339562557" needs_recoding="false"/></row>