<?xml version="1.0" encoding="UTF-8"?><row _id="12544723" _uuid="ABD655DC-E90B-4C3B-A91E-833E3C470BF9" _position="12544723" _address="http://data.sfgov.org/resource/ritf-b9ki/12544723"><incidntnum>156038804</incidntnum><category>NON-CRIMINAL</category><descript>LOST PROPERTY</descript><dayofweek>Monday</dayofweek><date>2015-02-16T00:00:00</date><time>12:50</time><pddistrict>TARAVAL</pddistrict><resolution>NONE</resolution><address>19TH AV / HOLLOWAY AV</address><x>-122.475222189932</x><y>37.7210571460375</y><location human_address="{&quot;address&quot;:&quot;&quot;,&quot;city&quot;:&quot;&quot;,&quot;state&quot;:&quot;&quot;,&quot;zip&quot;:&quot;&quot;}" latitude="37.7210571460375" longitude="-122.475222189932" needs_recoding="false"/></row>