<?xml version="1.0" encoding="UTF-8"?><row _id="12544274" _uuid="DD784B60-1B68-4EA1-8199-3915B24F333B" _position="12544274" _address="http://data.sfgov.org/resource/ritf-b9ki/12544274"><incidntnum>150138816</incidntnum><category>OTHER OFFENSES</category><descript>STAY AWAY ORDER VIOLATION, DV RELATED</descript><dayofweek>Saturday</dayofweek><date>2015-02-14T00:00:00</date><time>21:15</time><pddistrict>INGLESIDE</pddistrict><resolution>NONE</resolution><address>0 Block of MOFFITT ST</address><x>-122.432889041068</x><y>37.7370817860245</y><location human_address="{&quot;address&quot;:&quot;&quot;,&quot;city&quot;:&quot;&quot;,&quot;state&quot;:&quot;&quot;,&quot;zip&quot;:&quot;&quot;}" latitude="37.7370817860245" longitude="-122.432889041068" needs_recoding="false"/></row>