<?xml version="1.0" encoding="UTF-8"?><row _id="12543450" _uuid="E8905149-F822-4980-82DF-51CA130177AC" _position="12543450" _address="http://data.sfgov.org/resource/ritf-b9ki/12543450"><incidntnum>150135486</incidntnum><category>OTHER OFFENSES</category><descript>FAILURE TO REGISTER AS SEX OFFENDER</descript><dayofweek>Friday</dayofweek><date>2015-02-13T00:00:00</date><time>15:39</time><pddistrict>MISSION</pddistrict><resolution>ARREST, BOOKED</resolution><address>FOLSOM ST / 22ND ST</address><x>-122.414389290829</x><y>37.7557003660169</y><location human_address="{&quot;address&quot;:&quot;&quot;,&quot;city&quot;:&quot;&quot;,&quot;state&quot;:&quot;&quot;,&quot;zip&quot;:&quot;&quot;}" latitude="37.7557003660169" longitude="-122.414389290829" needs_recoding="false"/></row>