<?xml version="1.0" encoding="UTF-8"?><row _id="12546119" _uuid="DCE3522D-F450-4B03-B50B-BEE29479B481" _position="12546119" _address="http://data.sfgov.org/resource/ritf-b9ki/12546119"><incidntnum>150167053</incidntnum><category>LARCENY/THEFT</category><descript>GRAND THEFT FROM PERSON</descript><dayofweek>Monday</dayofweek><date>2015-02-23T00:00:00</date><time>17:00</time><pddistrict>SOUTHERN</pddistrict><resolution>NONE</resolution><address>8TH ST / BRYANT ST</address><x>-122.406970988225</x><y>37.7725273607571</y><location human_address="{&quot;address&quot;:&quot;&quot;,&quot;city&quot;:&quot;&quot;,&quot;state&quot;:&quot;&quot;,&quot;zip&quot;:&quot;&quot;}" latitude="37.7725273607571" longitude="-122.406970988225" needs_recoding="false"/></row>