<?xml version="1.0" encoding="UTF-8"?><row _id="12556779" _uuid="B376BA5B-534C-45FC-B419-FCDDE1153BB6" _position="12556779" _address="http://data.sfgov.org/resource/ritf-b9ki/12556779"><incidntnum>150217363</incidntnum><category>LARCENY/THEFT</category><descript>GRAND THEFT FROM PERSON</descript><dayofweek>Wednesday</dayofweek><date>2015-03-11T00:00:00</date><time>07:00</time><pddistrict>TENDERLOIN</pddistrict><resolution>NONE</resolution><address>GROVE ST / HYDE ST</address><x>-122.414743835382</x><y>37.778719262789</y><location human_address="{&quot;address&quot;:&quot;&quot;,&quot;city&quot;:&quot;&quot;,&quot;state&quot;:&quot;&quot;,&quot;zip&quot;:&quot;&quot;}" latitude="37.778719262789" longitude="-122.414743835382" needs_recoding="false"/></row>