<?xml version="1.0" encoding="UTF-8"?><row _id="12544181" _uuid="31B42C6E-9EDC-4D08-B9A3-D71A708658D4" _position="12544181" _address="http://data.sfgov.org/resource/ritf-b9ki/12544181"><incidntnum>150140708</incidntnum><category>LARCENY/THEFT</category><descript>PETTY THEFT FROM LOCKED AUTO</descript><dayofweek>Saturday</dayofweek><date>2015-02-14T00:00:00</date><time>20:00</time><pddistrict>NORTHERN</pddistrict><resolution>NONE</resolution><address>700 Block of TURK ST</address><x>-122.421489175672</x><y>37.7819085223368</y><location human_address="{&quot;address&quot;:&quot;&quot;,&quot;city&quot;:&quot;&quot;,&quot;state&quot;:&quot;&quot;,&quot;zip&quot;:&quot;&quot;}" latitude="37.7819085223368" longitude="-122.421489175672" needs_recoding="false"/></row>