<?xml version="1.0" encoding="UTF-8"?><row _id="12545604" _uuid="5FBAD605-5890-452A-AFE4-00801F68BE90" _position="12545604" _address="http://data.sfgov.org/resource/ritf-b9ki/12545604"><incidntnum>150153240</incidntnum><category>VEHICLE THEFT</category><descript>STOLEN AUTOMOBILE</descript><dayofweek>Thursday</dayofweek><date>2015-02-19T00:00:00</date><time>03:00</time><pddistrict>TARAVAL</pddistrict><resolution>NONE</resolution><address>1500 Block of GREAT HY</address><x>-122.508936002109</x><y>37.7574698367316</y><location human_address="{&quot;address&quot;:&quot;&quot;,&quot;city&quot;:&quot;&quot;,&quot;state&quot;:&quot;&quot;,&quot;zip&quot;:&quot;&quot;}" latitude="37.7574698367316" longitude="-122.508936002109" needs_recoding="false"/></row>