<?xml version="1.0" encoding="UTF-8"?><row _id="12546998" _uuid="88C564F2-2627-4F4E-9A7D-12680439827C" _position="12546998" _address="http://data.sfgov.org/resource/ritf-b9ki/12546998"><incidntnum>150148984</incidntnum><category>MISSING PERSON</category><descript>FOUND PERSON</descript><dayofweek>Friday</dayofweek><date>2015-02-13T00:00:00</date><time>15:30</time><pddistrict>CENTRAL</pddistrict><resolution>UNFOUNDED</resolution><address>200 Block of CALIFORNIA ST</address><x>-122.399370508543</x><y>37.7932284304797</y><location human_address="{&quot;address&quot;:&quot;&quot;,&quot;city&quot;:&quot;&quot;,&quot;state&quot;:&quot;&quot;,&quot;zip&quot;:&quot;&quot;}" latitude="37.7932284304797" longitude="-122.399370508543" needs_recoding="false"/></row>