<?xml version="1.0" encoding="UTF-8"?><row _id="12543961" _uuid="372DF30A-555F-4E6E-8BE4-09E091554D7D" _position="12543961" _address="http://data.sfgov.org/resource/ritf-b9ki/12543961"><incidntnum>150136785</incidntnum><category>OTHER OFFENSES</category><descript>DRIVERS LICENSE, SUSPENDED OR REVOKED</descript><dayofweek>Saturday</dayofweek><date>2015-02-14T00:00:00</date><time>07:26</time><pddistrict>MISSION</pddistrict><resolution>ARREST, BOOKED</resolution><address>16TH ST / MISSION ST</address><x>-122.419671780296</x><y>37.7650501214668</y><location human_address="{&quot;address&quot;:&quot;&quot;,&quot;city&quot;:&quot;&quot;,&quot;state&quot;:&quot;&quot;,&quot;zip&quot;:&quot;&quot;}" latitude="37.7650501214668" longitude="-122.419671780296" needs_recoding="false"/></row>