<?xml version="1.0" encoding="UTF-8"?><row _id="12547710" _uuid="9EE59DE3-B688-44E4-87F6-5CCC26B431F7" _position="12547710" _address="http://data.sfgov.org/resource/ritf-b9ki/12547710"><incidntnum>150155525</incidntnum><category>NON-CRIMINAL</category><descript>AIDED CASE, MENTAL DISTURBED</descript><dayofweek>Thursday</dayofweek><date>2015-02-19T00:00:00</date><time>11:00</time><pddistrict>NORTHERN</pddistrict><resolution>NONE</resolution><address>2200 Block of CLAY ST</address><x>-122.430118762295</x><y>37.791286303662</y><location human_address="{&quot;address&quot;:&quot;&quot;,&quot;city&quot;:&quot;&quot;,&quot;state&quot;:&quot;&quot;,&quot;zip&quot;:&quot;&quot;}" latitude="37.791286303662" longitude="-122.430118762295" needs_recoding="false"/></row>