<?xml version="1.0" encoding="UTF-8"?><row _id="12555443" _uuid="0BF62FD3-EA3F-44C9-80CA-61BDC8FB9A5B" _position="12555443" _address="http://data.sfgov.org/resource/ritf-b9ki/12555443"><incidntnum>150156705</incidntnum><category>OTHER OFFENSES</category><descript>MISCELLANEOUS INVESTIGATION</descript><dayofweek>Wednesday</dayofweek><date>2015-02-18T00:00:00</date><time>00:01</time><pddistrict>INGLESIDE</pddistrict><resolution>NONE</resolution><address>3300 Block of MISSION ST</address><x>-122.421964745809</x><y>37.742261383285</y><location human_address="{&quot;address&quot;:&quot;&quot;,&quot;city&quot;:&quot;&quot;,&quot;state&quot;:&quot;&quot;,&quot;zip&quot;:&quot;&quot;}" latitude="37.742261383285" longitude="-122.421964745809" needs_recoding="false"/></row>