<?xml version="1.0" encoding="UTF-8"?><row _id="12544880" _uuid="0FAA68D3-4593-4A4A-9E12-A104DD605529" _position="12544880" _address="http://data.sfgov.org/resource/ritf-b9ki/12544880"><incidntnum>150146621</incidntnum><category>VANDALISM</category><descript>MALICIOUS MISCHIEF, BREAKING WINDOWS</descript><dayofweek>Monday</dayofweek><date>2015-02-16T00:00:00</date><time>16:00</time><pddistrict>INGLESIDE</pddistrict><resolution>NONE</resolution><address>4400 Block of MISSION ST</address><x>-122.433862258402</x><y>37.726027299009</y><location human_address="{&quot;address&quot;:&quot;&quot;,&quot;city&quot;:&quot;&quot;,&quot;state&quot;:&quot;&quot;,&quot;zip&quot;:&quot;&quot;}" latitude="37.726027299009" longitude="-122.433862258402" needs_recoding="false"/></row>