<?xml version="1.0" encoding="UTF-8"?><row _id="12545373" _uuid="356511ED-E1D1-46A6-93CB-87148D612026" _position="12545373" _address="http://data.sfgov.org/resource/ritf-b9ki/12545373"><incidntnum>150148887</incidntnum><category>LARCENY/THEFT</category><descript>GRAND THEFT FROM LOCKED AUTO</descript><dayofweek>Wednesday</dayofweek><date>2015-02-18T00:00:00</date><time>01:30</time><pddistrict>NORTHERN</pddistrict><resolution>NONE</resolution><address>1300 Block of BAY ST</address><x>-122.429227450728</x><y>37.8035662352745</y><location human_address="{&quot;address&quot;:&quot;&quot;,&quot;city&quot;:&quot;&quot;,&quot;state&quot;:&quot;&quot;,&quot;zip&quot;:&quot;&quot;}" latitude="37.8035662352745" longitude="-122.429227450728" needs_recoding="false"/></row>