<?xml version="1.0" encoding="UTF-8"?><row _id="12643355" _uuid="76C0667B-7620-4CA6-8E0C-3A27F9414338" _position="12643355" _address="http://data.sfgov.org/resource/ritf-b9ki/12643355"><incidntnum>150573745</incidntnum><category>MISSING PERSON</category><descript>FOUND PERSON</descript><dayofweek>Thursday</dayofweek><date>2015-03-19T00:00:00</date><time>00:01</time><pddistrict>SOUTHERN</pddistrict><resolution>EXCEPTIONAL CLEARANCE</resolution><address>9TH ST / MISSION ST</address><x>-122.414714295579</x><y>37.7762310404758</y><location human_address="{&quot;address&quot;:&quot;&quot;,&quot;city&quot;:&quot;&quot;,&quot;state&quot;:&quot;&quot;,&quot;zip&quot;:&quot;&quot;}" latitude="37.7762310404758" longitude="-122.414714295579" needs_recoding="false"/></row>