<?xml version="1.0" encoding="UTF-8"?><row _id="12545318" _uuid="4E0EF3C3-D938-489F-ABF9-F12EC0A55A4C" _position="12545318" _address="http://data.sfgov.org/resource/ritf-b9ki/12545318"><incidntnum>150150923</incidntnum><category>OTHER OFFENSES</category><descript>TRAFFIC VIOLATION</descript><dayofweek>Wednesday</dayofweek><date>2015-02-18T00:00:00</date><time>04:41</time><pddistrict>SOUTHERN</pddistrict><resolution>ARREST, BOOKED</resolution><address>BRYANT ST / 8TH ST</address><x>-122.406970988225</x><y>37.7725273607571</y><location human_address="{&quot;address&quot;:&quot;&quot;,&quot;city&quot;:&quot;&quot;,&quot;state&quot;:&quot;&quot;,&quot;zip&quot;:&quot;&quot;}" latitude="37.7725273607571" longitude="-122.406970988225" needs_recoding="false"/></row>