<?xml version="1.0" encoding="UTF-8"?><row _id="12549908" _uuid="C73EA789-1306-4793-8239-2E08EAFD348F" _position="12549908" _address="http://data.sfgov.org/resource/ritf-b9ki/12549908"><incidntnum>150175363</incidntnum><category>DRIVING UNDER THE INFLUENCE</category><descript>DRIVING WHILE UNDER THE INFLUENCE OF ALCOHOL, W/INJURY</descript><dayofweek>Thursday</dayofweek><date>2015-02-26T00:00:00</date><time>01:06</time><pddistrict>RICHMOND</pddistrict><resolution>ARREST, BOOKED</resolution><address>0 Block of MASONIC AV</address><x>-122.447700458608</x><y>37.7817429594612</y><location human_address="{&quot;address&quot;:&quot;&quot;,&quot;city&quot;:&quot;&quot;,&quot;state&quot;:&quot;&quot;,&quot;zip&quot;:&quot;&quot;}" latitude="37.7817429594612" longitude="-122.447700458608" needs_recoding="false"/></row>