<?xml version="1.0" encoding="UTF-8"?><row _id="12585712" _uuid="B9CA607A-6729-4414-BE8F-84A8690A9A05" _position="12585712" _address="http://data.sfgov.org/resource/ritf-b9ki/12585712"><incidntnum>150455159</incidntnum><category>LARCENY/THEFT</category><descript>THEFT OF CHECKS OR CREDIT CARDS</descript><dayofweek>Sunday</dayofweek><date>2015-02-15T00:00:00</date><time>00:01</time><pddistrict>NORTHERN</pddistrict><resolution>NONE</resolution><address>800 Block of OFARRELL ST</address><x>-122.418751252829</x><y>37.7851160049429</y><location human_address="{&quot;address&quot;:&quot;&quot;,&quot;city&quot;:&quot;&quot;,&quot;state&quot;:&quot;&quot;,&quot;zip&quot;:&quot;&quot;}" latitude="37.7851160049429" longitude="-122.418751252829" needs_recoding="false"/></row>