<?xml version="1.0" encoding="UTF-8"?><row _id="12549970" _uuid="88EDA2C0-31F6-44A7-90B8-A4249531D76C" _position="12549970" _address="http://data.sfgov.org/resource/ritf-b9ki/12549970"><incidntnum>150137197</incidntnum><category>SUSPICIOUS OCC</category><descript>INVESTIGATIVE DETENTION</descript><dayofweek>Saturday</dayofweek><date>2015-02-14T00:00:00</date><time>20:21</time><pddistrict>TENDERLOIN</pddistrict><resolution>EXCEPTIONAL CLEARANCE</resolution><address>200 Block of POWELL ST</address><x>-122.408201657254</x><y>37.7868849113107</y><location human_address="{&quot;address&quot;:&quot;&quot;,&quot;city&quot;:&quot;&quot;,&quot;state&quot;:&quot;&quot;,&quot;zip&quot;:&quot;&quot;}" latitude="37.7868849113107" longitude="-122.408201657254" needs_recoding="false"/></row>