<?xml version="1.0" encoding="UTF-8"?><row _id="12547834" _uuid="C19E4C43-5390-4394-BD8F-EFFDFA3123AC" _position="12547834" _address="http://data.sfgov.org/resource/ritf-b9ki/12547834"><incidntnum>150166077</incidntnum><category>LARCENY/THEFT</category><descript>GRAND THEFT FROM LOCKED AUTO</descript><dayofweek>Monday</dayofweek><date>2015-02-23T00:00:00</date><time>09:00</time><pddistrict>INGLESIDE</pddistrict><resolution>NONE</resolution><address>700 Block of CAYUGA AV</address><x>-122.437316905562</x><y>37.7260897466674</y><location human_address="{&quot;address&quot;:&quot;&quot;,&quot;city&quot;:&quot;&quot;,&quot;state&quot;:&quot;&quot;,&quot;zip&quot;:&quot;&quot;}" latitude="37.7260897466674" longitude="-122.437316905562" needs_recoding="false"/></row>