<?xml version="1.0" encoding="UTF-8"?><row _id="12611768" _uuid="9F185A07-E186-4E10-8AE6-A24836985892" _position="12611768" _address="http://data.sfgov.org/resource/ritf-b9ki/12611768"><incidntnum>156185132</incidntnum><category>LARCENY/THEFT</category><descript>GRAND THEFT OF PROPERTY</descript><dayofweek>Monday</dayofweek><date>2015-02-16T00:00:00</date><time>01:00</time><pddistrict>TARAVAL</pddistrict><resolution>NONE</resolution><address>300 Block of BUCKINGHAM WY</address><x>-122.478884586609</x><y>37.7258438313416</y><location human_address="{&quot;address&quot;:&quot;&quot;,&quot;city&quot;:&quot;&quot;,&quot;state&quot;:&quot;&quot;,&quot;zip&quot;:&quot;&quot;}" latitude="37.7258438313416" longitude="-122.478884586609" needs_recoding="false"/></row>