<?xml version="1.0" encoding="UTF-8"?><row _id="12546770" _uuid="710EA69C-C22F-44D7-B7D3-717EFAB84AFC" _position="12546770" _address="http://data.sfgov.org/resource/ritf-b9ki/12546770"><incidntnum>156050488</incidntnum><category>LARCENY/THEFT</category><descript>GRAND THEFT OF PROPERTY</descript><dayofweek>Wednesday</dayofweek><date>2015-02-25T00:00:00</date><time>21:00</time><pddistrict>SOUTHERN</pddistrict><resolution>NONE</resolution><address>4TH ST / KING ST</address><x>-122.394102624525</x><y>37.7763827130285</y><location human_address="{&quot;address&quot;:&quot;&quot;,&quot;city&quot;:&quot;&quot;,&quot;state&quot;:&quot;&quot;,&quot;zip&quot;:&quot;&quot;}" latitude="37.7763827130285" longitude="-122.394102624525" needs_recoding="false"/></row>