<?xml version="1.0" encoding="UTF-8"?><row _id="12544890" _uuid="E76B6068-C80F-4625-9A6E-DED41AC6696D" _position="12544890" _address="http://data.sfgov.org/resource/ritf-b9ki/12544890"><incidntnum>150156692</incidntnum><category>VANDALISM</category><descript>MALICIOUS MISCHIEF, VANDALISM OF VEHICLES</descript><dayofweek>Monday</dayofweek><date>2015-02-16T00:00:00</date><time>18:00</time><pddistrict>BAYVIEW</pddistrict><resolution>NONE</resolution><address>2900 Block of SAN BRUNO AV</address><x>-122.402415430436</x><y>37.7246068427619</y><location human_address="{&quot;address&quot;:&quot;&quot;,&quot;city&quot;:&quot;&quot;,&quot;state&quot;:&quot;&quot;,&quot;zip&quot;:&quot;&quot;}" latitude="37.7246068427619" longitude="-122.402415430436" needs_recoding="false"/></row>