<?xml version="1.0" encoding="UTF-8"?><row _id="12543853" _uuid="FD72910C-25D9-432D-BFF4-9C5CF9EBBE9F" _position="12543853" _address="http://data.sfgov.org/resource/ritf-b9ki/12543853"><incidntnum>150136177</incidntnum><category>SUSPICIOUS OCC</category><descript>SUSPICIOUS OCCURRENCE</descript><dayofweek>Friday</dayofweek><date>2015-02-13T00:00:00</date><time>08:00</time><pddistrict>TARAVAL</pddistrict><resolution>NONE</resolution><address>900 Block of LAWTON ST</address><x>-122.472924130806</x><y>37.75916812365</y><location human_address="{&quot;address&quot;:&quot;&quot;,&quot;city&quot;:&quot;&quot;,&quot;state&quot;:&quot;&quot;,&quot;zip&quot;:&quot;&quot;}" latitude="37.75916812365" longitude="-122.472924130806" needs_recoding="false"/></row>