<?xml version="1.0" encoding="UTF-8"?><row _id="12567691" _uuid="4D83D227-AFA4-4F0C-ACCA-3269DFA68E00" _position="12567691" _address="http://data.sfgov.org/resource/ritf-b9ki/12567691"><incidntnum>150332513</incidntnum><category>FRAUD</category><descript>CREDIT CARD, THEFT BY USE OF</descript><dayofweek>Tuesday</dayofweek><date>2015-02-17T00:00:00</date><time>12:00</time><pddistrict>TENDERLOIN</pddistrict><resolution>NONE</resolution><address>0 Block of POWELL ST</address><x>-122.407845374111</x><y>37.7850943210103</y><location human_address="{&quot;address&quot;:&quot;&quot;,&quot;city&quot;:&quot;&quot;,&quot;state&quot;:&quot;&quot;,&quot;zip&quot;:&quot;&quot;}" latitude="37.7850943210103" longitude="-122.407845374111" needs_recoding="false"/></row>