<?xml version="1.0" encoding="UTF-8"?><row _id="12545029" _uuid="0DC43F56-28E2-408B-AC84-B2E1807164D0" _position="12545029" _address="http://data.sfgov.org/resource/ritf-b9ki/12545029"><incidntnum>150148542</incidntnum><category>VANDALISM</category><descript>MALICIOUS MISCHIEF, VANDALISM OF VEHICLES</descript><dayofweek>Tuesday</dayofweek><date>2015-02-17T00:00:00</date><time>20:30</time><pddistrict>SOUTHERN</pddistrict><resolution>NONE</resolution><address>HOWARD ST / STEUART ST</address><x>-122.39164888422</x><y>37.7920052450737</y><location human_address="{&quot;address&quot;:&quot;&quot;,&quot;city&quot;:&quot;&quot;,&quot;state&quot;:&quot;&quot;,&quot;zip&quot;:&quot;&quot;}" latitude="37.7920052450737" longitude="-122.39164888422" needs_recoding="false"/></row>