<?xml version="1.0" encoding="UTF-8"?><row _id="12555525" _uuid="9CF1F14E-9ECB-4A09-8574-ACD6F7DBA6DC" _position="12555525" _address="http://data.sfgov.org/resource/ritf-b9ki/12555525"><incidntnum>150242213</incidntnum><category>ASSAULT</category><descript>THREATENING PHONE CALL(S)</descript><dayofweek>Saturday</dayofweek><date>2015-02-14T00:00:00</date><time>21:09</time><pddistrict>INGLESIDE</pddistrict><resolution>NONE</resolution><address>0 Block of PHELAN AV</address><x>-122.452289660492</x><y>37.7256933575703</y><location human_address="{&quot;address&quot;:&quot;&quot;,&quot;city&quot;:&quot;&quot;,&quot;state&quot;:&quot;&quot;,&quot;zip&quot;:&quot;&quot;}" latitude="37.7256933575703" longitude="-122.452289660492" needs_recoding="false"/></row>