<?xml version="1.0" encoding="UTF-8"?><row _id="12547441" _uuid="2ADA6D4C-A22E-46BC-AFE2-D63D985CDD1A" _position="12547441" _address="http://data.sfgov.org/resource/ritf-b9ki/12547441"><incidntnum>150158422</incidntnum><category>OTHER OFFENSES</category><descript>TAMPERING WITH A VEHICLE</descript><dayofweek>Friday</dayofweek><date>2015-02-20T00:00:00</date><time>21:30</time><pddistrict>TENDERLOIN</pddistrict><resolution>ARREST, BOOKED</resolution><address>300 Block of ELLIS ST</address><x>-122.411987643595</x><y>37.7850226622786</y><location human_address="{&quot;address&quot;:&quot;&quot;,&quot;city&quot;:&quot;&quot;,&quot;state&quot;:&quot;&quot;,&quot;zip&quot;:&quot;&quot;}" latitude="37.7850226622786" longitude="-122.411987643595" needs_recoding="false"/></row>