<?xml version="1.0" encoding="UTF-8"?><row _id="12543928" _uuid="648ACA22-86C5-4EA0-AB82-EDCF133D1F22" _position="12543928" _address="http://data.sfgov.org/resource/ritf-b9ki/12543928"><incidntnum>150138941</incidntnum><category>WARRANTS</category><descript>WARRANT ARREST</descript><dayofweek>Saturday</dayofweek><date>2015-02-14T00:00:00</date><time>22:37</time><pddistrict>BAYVIEW</pddistrict><resolution>ARREST, BOOKED</resolution><address>OAKDALE AV / BALDWIN CT</address><x>-122.381400971393</x><y>37.7294904424423</y><location human_address="{&quot;address&quot;:&quot;&quot;,&quot;city&quot;:&quot;&quot;,&quot;state&quot;:&quot;&quot;,&quot;zip&quot;:&quot;&quot;}" latitude="37.7294904424423" longitude="-122.381400971393" needs_recoding="false"/></row>