<?xml version="1.0" encoding="UTF-8"?><row _id="12543968" _uuid="5AC5915B-4DF5-42DE-80F2-9982B650A257" _position="12543968" _address="http://data.sfgov.org/resource/ritf-b9ki/12543968"><incidntnum>150138048</incidntnum><category>WARRANTS</category><descript>ENROUTE TO PAROLE OFFICER</descript><dayofweek>Saturday</dayofweek><date>2015-02-14T00:00:00</date><time>16:42</time><pddistrict>NORTHERN</pddistrict><resolution>ARREST, BOOKED</resolution><address>OFARRELL ST / LARKIN ST</address><x>-122.417903977564</x><y>37.7851670875517</y><location human_address="{&quot;address&quot;:&quot;&quot;,&quot;city&quot;:&quot;&quot;,&quot;state&quot;:&quot;&quot;,&quot;zip&quot;:&quot;&quot;}" latitude="37.7851670875517" longitude="-122.417903977564" needs_recoding="false"/></row>