<?xml version="1.0" encoding="UTF-8"?><row _id="12550978" _uuid="6AD6E0B4-73EA-4783-B8A3-582BE28D0900" _position="12550978" _address="http://data.sfgov.org/resource/ritf-b9ki/12550978"><incidntnum>150185538</incidntnum><category>OTHER OFFENSES</category><descript>PROBATION VIOLATION, DV RELATED</descript><dayofweek>Sunday</dayofweek><date>2015-03-01T00:00:00</date><time>01:45</time><pddistrict>TENDERLOIN</pddistrict><resolution>ARREST, BOOKED</resolution><address>400 Block of ELLIS ST</address><x>-122.413609328985</x><y>37.784696907904</y><location human_address="{&quot;address&quot;:&quot;&quot;,&quot;city&quot;:&quot;&quot;,&quot;state&quot;:&quot;&quot;,&quot;zip&quot;:&quot;&quot;}" latitude="37.784696907904" longitude="-122.413609328985" needs_recoding="false"/></row>