<?xml version="1.0" encoding="UTF-8"?><row _id="12545293" _uuid="C510F708-E0BC-468A-9C66-BC6B5B37A2C9" _position="12545293" _address="http://data.sfgov.org/resource/ritf-b9ki/12545293"><incidntnum>150149302</incidntnum><category>OTHER OFFENSES</category><descript>VIOLATION OF MUNICIPAL CODE</descript><dayofweek>Wednesday</dayofweek><date>2015-02-18T00:00:00</date><time>08:26</time><pddistrict>TENDERLOIN</pddistrict><resolution>ARREST, BOOKED</resolution><address>MARKET ST / HYDE ST</address><x>-122.414743835382</x><y>37.778719262789</y><location human_address="{&quot;address&quot;:&quot;&quot;,&quot;city&quot;:&quot;&quot;,&quot;state&quot;:&quot;&quot;,&quot;zip&quot;:&quot;&quot;}" latitude="37.778719262789" longitude="-122.414743835382" needs_recoding="false"/></row>