<?xml version="1.0" encoding="UTF-8"?><row _id="12551946" _uuid="31D3B077-3EB9-4E62-B58B-8941EB4642CD" _position="12551946" _address="http://data.sfgov.org/resource/ritf-b9ki/12551946"><incidntnum>150195941</incidntnum><category>NON-CRIMINAL</category><descript>AIDED CASE</descript><dayofweek>Wednesday</dayofweek><date>2015-03-04T00:00:00</date><time>11:30</time><pddistrict>TARAVAL</pddistrict><resolution>NONE</resolution><address>2300 Block of 24TH AV</address><x>-122.48118317163</x><y>37.7437268170337</y><location human_address="{&quot;address&quot;:&quot;&quot;,&quot;city&quot;:&quot;&quot;,&quot;state&quot;:&quot;&quot;,&quot;zip&quot;:&quot;&quot;}" latitude="37.7437268170337" longitude="-122.48118317163" needs_recoding="false"/></row>