<?xml version="1.0" encoding="UTF-8"?><row _id="12547038" _uuid="5631B4DD-0866-4EDB-A9B5-FA57D314D55E" _position="12547038" _address="http://data.sfgov.org/resource/ritf-b9ki/12547038"><incidntnum>150153723</incidntnum><category>LARCENY/THEFT</category><descript>PETTY THEFT FROM LOCKED AUTO</descript><dayofweek>Thursday</dayofweek><date>2015-02-19T00:00:00</date><time>02:00</time><pddistrict>TARAVAL</pddistrict><resolution>NONE</resolution><address>100 Block of DEMONTFORT AV</address><x>-122.459730554064</x><y>37.7237047979858</y><location human_address="{&quot;address&quot;:&quot;&quot;,&quot;city&quot;:&quot;&quot;,&quot;state&quot;:&quot;&quot;,&quot;zip&quot;:&quot;&quot;}" latitude="37.7237047979858" longitude="-122.459730554064" needs_recoding="false"/></row>