<?xml version="1.0" encoding="UTF-8"?><row _id="12551893" _uuid="B8BC2D9B-C3A2-49F2-8117-CC0AD233A440" _position="12551893" _address="http://data.sfgov.org/resource/ritf-b9ki/12551893"><incidntnum>150198149</incidntnum><category>LARCENY/THEFT</category><descript>GRAND THEFT FROM LOCKED AUTO</descript><dayofweek>Wednesday</dayofweek><date>2015-03-04T00:00:00</date><time>20:00</time><pddistrict>CENTRAL</pddistrict><resolution>NONE</resolution><address>BEACH ST / TAYLOR ST</address><x>-122.415618823722</x><y>37.8072756032801</y><location human_address="{&quot;address&quot;:&quot;&quot;,&quot;city&quot;:&quot;&quot;,&quot;state&quot;:&quot;&quot;,&quot;zip&quot;:&quot;&quot;}" latitude="37.8072756032801" longitude="-122.415618823722" needs_recoding="false"/></row>