<?xml version="1.0" encoding="UTF-8"?><row _id="12545020" _uuid="620B0BC5-4BA7-4B3A-945C-A76D2DAA7456" _position="12545020" _address="http://data.sfgov.org/resource/ritf-b9ki/12545020"><incidntnum>150148116</incidntnum><category>VEHICLE THEFT</category><descript>STOLEN AUTOMOBILE</descript><dayofweek>Tuesday</dayofweek><date>2015-02-17T00:00:00</date><time>11:00</time><pddistrict>SOUTHERN</pddistrict><resolution>NONE</resolution><address>TEHAMA ST / 9TH ST</address><x>-122.412629548354</x><y>37.7745645438765</y><location human_address="{&quot;address&quot;:&quot;&quot;,&quot;city&quot;:&quot;&quot;,&quot;state&quot;:&quot;&quot;,&quot;zip&quot;:&quot;&quot;}" latitude="37.7745645438765" longitude="-122.412629548354" needs_recoding="false"/></row>