<?xml version="1.0" encoding="UTF-8"?><row _id="12545507" _uuid="E9D1A58A-292D-467C-9965-D36F5263A1D9" _position="12545507" _address="http://data.sfgov.org/resource/ritf-b9ki/12545507"><incidntnum>156041590</incidntnum><category>LARCENY/THEFT</category><descript>GRAND THEFT FROM UNLOCKED AUTO</descript><dayofweek>Wednesday</dayofweek><date>2015-02-18T00:00:00</date><time>18:00</time><pddistrict>PARK</pddistrict><resolution>NONE</resolution><address>1800 Block of TURK ST</address><x>-122.439595829226</x><y>37.7796011825544</y><location human_address="{&quot;address&quot;:&quot;&quot;,&quot;city&quot;:&quot;&quot;,&quot;state&quot;:&quot;&quot;,&quot;zip&quot;:&quot;&quot;}" latitude="37.7796011825544" longitude="-122.439595829226" needs_recoding="false"/></row>