<?xml version="1.0" encoding="UTF-8"?><row _id="12549309" _uuid="B86EE1FF-34FF-4EC6-B7F7-6A8F7244DEFD" _position="12549309" _address="http://data.sfgov.org/resource/ritf-b9ki/12549309"><incidntnum>156041192</incidntnum><category>LARCENY/THEFT</category><descript>GRAND THEFT OF PROPERTY</descript><dayofweek>Friday</dayofweek><date>2015-02-20T00:00:00</date><time>10:00</time><pddistrict>RICHMOND</pddistrict><resolution>NONE</resolution><address>1000 Block of POINTLOBOS AV</address><x>-122.513642064265</x><y>37.7784692199467</y><location human_address="{&quot;address&quot;:&quot;&quot;,&quot;city&quot;:&quot;&quot;,&quot;state&quot;:&quot;&quot;,&quot;zip&quot;:&quot;&quot;}" latitude="37.7784692199467" longitude="-122.513642064265" needs_recoding="false"/></row>