<?xml version="1.0" encoding="UTF-8"?><row _id="12547143" _uuid="2BDFD79C-A895-4F64-9116-E1974040EB3E" _position="12547143" _address="http://data.sfgov.org/resource/ritf-b9ki/12547143"><incidntnum>150156169</incidntnum><category>WARRANTS</category><descript>ENROUTE TO PAROLE OFFICER</descript><dayofweek>Friday</dayofweek><date>2015-02-20T00:00:00</date><time>10:43</time><pddistrict>MISSION</pddistrict><resolution>ARREST, BOOKED</resolution><address>2000 Block of MARKET ST</address><x>-122.426955631709</x><y>37.769247063207</y><location human_address="{&quot;address&quot;:&quot;&quot;,&quot;city&quot;:&quot;&quot;,&quot;state&quot;:&quot;&quot;,&quot;zip&quot;:&quot;&quot;}" latitude="37.769247063207" longitude="-122.426955631709" needs_recoding="false"/></row>