<?xml version="1.0" encoding="UTF-8"?><row _id="12543777" _uuid="32BF31A8-2E77-4AB6-970D-7680D0755863" _position="12543777" _address="http://data.sfgov.org/resource/ritf-b9ki/12543777"><incidntnum>150136224</incidntnum><category>MISSING PERSON</category><descript>FOUND PERSON</descript><dayofweek>Friday</dayofweek><date>2015-02-13T00:00:00</date><time>21:00</time><pddistrict>BAYVIEW</pddistrict><resolution>NONE</resolution><address>1400 Block of PHELPS ST</address><x>-122.394438859914</x><y>37.7364438996732</y><location human_address="{&quot;address&quot;:&quot;&quot;,&quot;city&quot;:&quot;&quot;,&quot;state&quot;:&quot;&quot;,&quot;zip&quot;:&quot;&quot;}" latitude="37.7364438996732" longitude="-122.394438859914" needs_recoding="false"/></row>