<?xml version="1.0" encoding="UTF-8"?><row _id="12549659" _uuid="D86394CD-2500-413D-810D-5CD0FAE6C661" _position="12549659" _address="http://data.sfgov.org/resource/ritf-b9ki/12549659"><incidntnum>150167031</incidntnum><category>SUSPICIOUS OCC</category><descript>INVESTIGATIVE DETENTION</descript><dayofweek>Monday</dayofweek><date>2015-02-23T00:00:00</date><time>16:35</time><pddistrict>PARK</pddistrict><resolution>UNFOUNDED</resolution><address>HAIGHT ST / CLAYTON ST</address><x>-122.448578484966</x><y>37.7697977168831</y><location human_address="{&quot;address&quot;:&quot;&quot;,&quot;city&quot;:&quot;&quot;,&quot;state&quot;:&quot;&quot;,&quot;zip&quot;:&quot;&quot;}" latitude="37.7697977168831" longitude="-122.448578484966" needs_recoding="false"/></row>