<?xml version="1.0" encoding="UTF-8"?><row _id="12555333" _uuid="CD9D1A22-A47F-4E3F-8F83-526C562CC31E" _position="12555333" _address="http://data.sfgov.org/resource/ritf-b9ki/12555333"><incidntnum>150223382</incidntnum><category>VEHICLE THEFT</category><descript>STOLEN TRUCK</descript><dayofweek>Thursday</dayofweek><date>2015-03-12T00:00:00</date><time>20:10</time><pddistrict>NORTHERN</pddistrict><resolution>NONE</resolution><address>1900 Block of VANNESS AV</address><x>-122.422790982118</x><y>37.7935231997019</y><location human_address="{&quot;address&quot;:&quot;&quot;,&quot;city&quot;:&quot;&quot;,&quot;state&quot;:&quot;&quot;,&quot;zip&quot;:&quot;&quot;}" latitude="37.7935231997019" longitude="-122.422790982118" needs_recoding="false"/></row>