<?xml version="1.0" encoding="UTF-8"?><row _id="12555313" _uuid="67BF2A24-B4C0-41A7-A9FE-7F5D0F51435A" _position="12555313" _address="http://data.sfgov.org/resource/ritf-b9ki/12555313"><incidntnum>150246027</incidntnum><category>OTHER OFFENSES</category><descript>TRAFFIC VIOLATION ARREST</descript><dayofweek>Thursday</dayofweek><date>2015-02-19T00:00:00</date><time>22:41</time><pddistrict>TENDERLOIN</pddistrict><resolution>ARREST, BOOKED</resolution><address>GEARY ST / POWELL ST</address><x>-122.408231026261</x><y>37.787359494956</y><location human_address="{&quot;address&quot;:&quot;&quot;,&quot;city&quot;:&quot;&quot;,&quot;state&quot;:&quot;&quot;,&quot;zip&quot;:&quot;&quot;}" latitude="37.787359494956" longitude="-122.408231026261" needs_recoding="false"/></row>