<?xml version="1.0" encoding="UTF-8"?><row _id="12545176" _uuid="8C4CAC6D-7735-4493-AD8C-B93C837D4BA1" _position="12545176" _address="http://data.sfgov.org/resource/ritf-b9ki/12545176"><incidntnum>150148564</incidntnum><category>ASSAULT</category><descript>BATTERY</descript><dayofweek>Tuesday</dayofweek><date>2015-02-17T00:00:00</date><time>21:30</time><pddistrict>NORTHERN</pddistrict><resolution>NONE</resolution><address>2400 Block of FRANCISCO ST</address><x>-122.44553112169</x><y>37.8005348730855</y><location human_address="{&quot;address&quot;:&quot;&quot;,&quot;city&quot;:&quot;&quot;,&quot;state&quot;:&quot;&quot;,&quot;zip&quot;:&quot;&quot;}" latitude="37.8005348730855" longitude="-122.44553112169" needs_recoding="false"/></row>