<?xml version="1.0" encoding="UTF-8"?><row _id="12544467" _uuid="A121E471-F816-4A99-AF26-A1B332DEE872" _position="12544467" _address="http://data.sfgov.org/resource/ritf-b9ki/12544467"><incidntnum>150141126</incidntnum><category>ASSAULT</category><descript>AGGRAVATED ASSAULT WITH A KNIFE</descript><dayofweek>Sunday</dayofweek><date>2015-02-15T00:00:00</date><time>16:45</time><pddistrict>SOUTHERN</pddistrict><resolution>NONE</resolution><address>500 Block of MARKET ST</address><x>-122.400194768944</x><y>37.7900527936016</y><location human_address="{&quot;address&quot;:&quot;&quot;,&quot;city&quot;:&quot;&quot;,&quot;state&quot;:&quot;&quot;,&quot;zip&quot;:&quot;&quot;}" latitude="37.7900527936016" longitude="-122.400194768944" needs_recoding="false"/></row>