<?xml version="1.0" encoding="UTF-8"?><row _id="12551085" _uuid="104ABD63-0BD3-4860-A29D-DB15B2F73307" _position="12551085" _address="http://data.sfgov.org/resource/ritf-b9ki/12551085"><incidntnum>150189295</incidntnum><category>ASSAULT</category><descript>ASSAULT</descript><dayofweek>Monday</dayofweek><date>2015-03-02T00:00:00</date><time>09:11</time><pddistrict>NORTHERN</pddistrict><resolution>ARREST, BOOKED</resolution><address>LARKIN ST / HAYES ST</address><x>-122.416293820935</x><y>37.777493677735</y><location human_address="{&quot;address&quot;:&quot;&quot;,&quot;city&quot;:&quot;&quot;,&quot;state&quot;:&quot;&quot;,&quot;zip&quot;:&quot;&quot;}" latitude="37.777493677735" longitude="-122.416293820935" needs_recoding="false"/></row>