<?xml version="1.0" encoding="UTF-8"?><row _id="12545938" _uuid="1A64235B-DBFA-4A5E-A39C-7A1BB0BC35C7" _position="12545938" _address="http://data.sfgov.org/resource/ritf-b9ki/12545938"><incidntnum>150162520</incidntnum><category>NON-CRIMINAL</category><descript>FOUND PROPERTY</descript><dayofweek>Sunday</dayofweek><date>2015-02-22T00:00:00</date><time>07:00</time><pddistrict>RICHMOND</pddistrict><resolution>NONE</resolution><address>MARTIN LUTHER KING JR DR / 9TH AV</address><x>-122.466429551488</x><y>37.7664741386096</y><location human_address="{&quot;address&quot;:&quot;&quot;,&quot;city&quot;:&quot;&quot;,&quot;state&quot;:&quot;&quot;,&quot;zip&quot;:&quot;&quot;}" latitude="37.7664741386096" longitude="-122.466429551488" needs_recoding="false"/></row>