<?xml version="1.0" encoding="UTF-8"?><row _id="12548569" _uuid="606F492E-5B82-4440-8578-0B731C57D97D" _position="12548569" _address="http://data.sfgov.org/resource/ritf-b9ki/12548569"><incidntnum>156049061</incidntnum><category>LARCENY/THEFT</category><descript>GRAND THEFT FROM LOCKED AUTO</descript><dayofweek>Tuesday</dayofweek><date>2015-02-24T00:00:00</date><time>18:25</time><pddistrict>TENDERLOIN</pddistrict><resolution>NONE</resolution><address>100 Block of EDDY ST</address><x>-122.410157073911</x><y>37.7842973843312</y><location human_address="{&quot;address&quot;:&quot;&quot;,&quot;city&quot;:&quot;&quot;,&quot;state&quot;:&quot;&quot;,&quot;zip&quot;:&quot;&quot;}" latitude="37.7842973843312" longitude="-122.410157073911" needs_recoding="false"/></row>