<?xml version="1.0" encoding="UTF-8"?><row _id="12548000" _uuid="68843413-21B0-4C3F-8BB9-5094C6FEB7B0" _position="12548000" _address="http://data.sfgov.org/resource/ritf-b9ki/12548000"><incidntnum>150171402</incidntnum><category>MISSING PERSON</category><descript>MISSING ADULT</descript><dayofweek>Sunday</dayofweek><date>2015-02-22T00:00:00</date><time>00:01</time><pddistrict>BAYVIEW</pddistrict><resolution>NONE</resolution><address>200 Block of WHEELER AV</address><x>-122.399717293065</x><y>37.7125680453156</y><location human_address="{&quot;address&quot;:&quot;&quot;,&quot;city&quot;:&quot;&quot;,&quot;state&quot;:&quot;&quot;,&quot;zip&quot;:&quot;&quot;}" latitude="37.7125680453156" longitude="-122.399717293065" needs_recoding="false"/></row>