<?xml version="1.0" encoding="UTF-8"?><row _id="12544862" _uuid="9460E255-2C32-42EE-B595-685EE68A0862" _position="12544862" _address="http://data.sfgov.org/resource/ritf-b9ki/12544862"><incidntnum>150145366</incidntnum><category>OTHER OFFENSES</category><descript>POSSESSION OF BURGLARY TOOLS</descript><dayofweek>Monday</dayofweek><date>2015-02-16T00:00:00</date><time>23:30</time><pddistrict>TENDERLOIN</pddistrict><resolution>NONE</resolution><address>200 Block of TURK ST</address><x>-122.413237516676</x><y>37.7828430233213</y><location human_address="{&quot;address&quot;:&quot;&quot;,&quot;city&quot;:&quot;&quot;,&quot;state&quot;:&quot;&quot;,&quot;zip&quot;:&quot;&quot;}" latitude="37.7828430233213" longitude="-122.413237516676" needs_recoding="false"/></row>