<?xml version="1.0" encoding="UTF-8"?><row _id="12548052" _uuid="7498F46C-B9AB-4283-B884-129424363C95" _position="12548052" _address="http://data.sfgov.org/resource/ritf-b9ki/12548052"><incidntnum>150174246</incidntnum><category>LARCENY/THEFT</category><descript>PETTY THEFT FROM A BUILDING</descript><dayofweek>Saturday</dayofweek><date>2015-02-14T00:00:00</date><time>23:30</time><pddistrict>RICHMOND</pddistrict><resolution>NONE</resolution><address>300 Block of CLEMENT ST</address><x>-122.462828915971</x><y>37.7830681361445</y><location human_address="{&quot;address&quot;:&quot;&quot;,&quot;city&quot;:&quot;&quot;,&quot;state&quot;:&quot;&quot;,&quot;zip&quot;:&quot;&quot;}" latitude="37.7830681361445" longitude="-122.462828915971" needs_recoding="false"/></row>