<?xml version="1.0" encoding="UTF-8"?><row _id="12545138" _uuid="D5A39A07-A815-4C85-A2C5-4C48A313A903" _position="12545138" _address="http://data.sfgov.org/resource/ritf-b9ki/12545138"><incidntnum>150147845</incidntnum><category>NON-CRIMINAL</category><descript>AIDED CASE, MENTAL DISTURBED</descript><dayofweek>Tuesday</dayofweek><date>2015-02-17T00:00:00</date><time>18:09</time><pddistrict>MISSION</pddistrict><resolution>NONE</resolution><address>3400 Block of 18TH ST</address><x>-122.420484089065</x><y>37.7617123994019</y><location human_address="{&quot;address&quot;:&quot;&quot;,&quot;city&quot;:&quot;&quot;,&quot;state&quot;:&quot;&quot;,&quot;zip&quot;:&quot;&quot;}" latitude="37.7617123994019" longitude="-122.420484089065" needs_recoding="false"/></row>