<?xml version="1.0" encoding="UTF-8"?><row _id="12546546" _uuid="F5A38023-ED96-4FB1-9ACD-A72154A1EC82" _position="12546546" _address="http://data.sfgov.org/resource/ritf-b9ki/12546546"><incidntnum>150164786</incidntnum><category>ROBBERY</category><descript>ATTEMPTED ROBBERY WITH BODILY FORCE</descript><dayofweek>Sunday</dayofweek><date>2015-02-22T00:00:00</date><time>22:51</time><pddistrict>SOUTHERN</pddistrict><resolution>NONE</resolution><address>MARKET ST / 4TH ST</address><x>-122.405832474482</x><y>37.7857446545609</y><location human_address="{&quot;address&quot;:&quot;&quot;,&quot;city&quot;:&quot;&quot;,&quot;state&quot;:&quot;&quot;,&quot;zip&quot;:&quot;&quot;}" latitude="37.7857446545609" longitude="-122.405832474482" needs_recoding="false"/></row>