<?xml version="1.0" encoding="UTF-8"?><row _id="12545253" _uuid="6817A3D0-385D-4A82-9ED8-D138B5C44650" _position="12545253" _address="http://data.sfgov.org/resource/ritf-b9ki/12545253"><incidntnum>150150779</incidntnum><category>NON-CRIMINAL</category><descript>LOST PROPERTY</descript><dayofweek>Tuesday</dayofweek><date>2015-02-17T00:00:00</date><time>16:00</time><pddistrict>TARAVAL</pddistrict><resolution>NONE</resolution><address>0 Block of BRIGHTON AV</address><x>-122.455045708672</x><y>37.7191365323626</y><location human_address="{&quot;address&quot;:&quot;&quot;,&quot;city&quot;:&quot;&quot;,&quot;state&quot;:&quot;&quot;,&quot;zip&quot;:&quot;&quot;}" latitude="37.7191365323626" longitude="-122.455045708672" needs_recoding="false"/></row>