<?xml version="1.0" encoding="UTF-8"?><row _id="12553301" _uuid="DDDD7646-A2CE-46C8-B5C4-4C2F07BD3B00" _position="12553301" _address="http://data.sfgov.org/resource/ritf-b9ki/12553301"><incidntnum>150206112</incidntnum><category>VEHICLE THEFT</category><descript>STOLEN AUTOMOBILE</descript><dayofweek>Saturday</dayofweek><date>2015-03-07T00:00:00</date><time>13:13</time><pddistrict>TARAVAL</pddistrict><resolution>NONE</resolution><address>2200 Block of IRVING ST</address><x>-122.48195981416</x><y>37.763403841317</y><location human_address="{&quot;address&quot;:&quot;&quot;,&quot;city&quot;:&quot;&quot;,&quot;state&quot;:&quot;&quot;,&quot;zip&quot;:&quot;&quot;}" latitude="37.763403841317" longitude="-122.48195981416" needs_recoding="false"/></row>