<?xml version="1.0" encoding="UTF-8"?><row _id="12549115" _uuid="3660CC8A-991C-4451-8EFD-AC04614B3858" _position="12549115" _address="http://data.sfgov.org/resource/ritf-b9ki/12549115"><incidntnum>150179854</incidntnum><category>FORGERY/COUNTERFEITING</category><descript>CHECKS, MAKE OR PASS FICTITIOUS</descript><dayofweek>Thursday</dayofweek><date>2015-02-26T00:00:00</date><time>10:00</time><pddistrict>MISSION</pddistrict><resolution>NONE</resolution><address>1200 Block of SANCHEZ ST</address><x>-122.429392448802</x><y>37.7495653472137</y><location human_address="{&quot;address&quot;:&quot;&quot;,&quot;city&quot;:&quot;&quot;,&quot;state&quot;:&quot;&quot;,&quot;zip&quot;:&quot;&quot;}" latitude="37.7495653472137" longitude="-122.429392448802" needs_recoding="false"/></row>