<?xml version="1.0" encoding="UTF-8"?><row _id="12544041" _uuid="4BB3DC51-880E-4534-A718-F72544F8D3D6" _position="12544041" _address="http://data.sfgov.org/resource/ritf-b9ki/12544041"><incidntnum>150137090</incidntnum><category>LARCENY/THEFT</category><descript>PETTY THEFT SHOPLIFTING</descript><dayofweek>Saturday</dayofweek><date>2015-02-14T00:00:00</date><time>09:25</time><pddistrict>BAYVIEW</pddistrict><resolution>ARREST, BOOKED</resolution><address>2400 Block of SAN BRUNO AV</address><x>-122.404715339655</x><y>37.7301607832628</y><location human_address="{&quot;address&quot;:&quot;&quot;,&quot;city&quot;:&quot;&quot;,&quot;state&quot;:&quot;&quot;,&quot;zip&quot;:&quot;&quot;}" latitude="37.7301607832628" longitude="-122.404715339655" needs_recoding="false"/></row>