<?xml version="1.0" encoding="UTF-8"?><row _id="12547066" _uuid="43935CE6-5B21-4241-B7FB-4A7136E542EB" _position="12547066" _address="http://data.sfgov.org/resource/ritf-b9ki/12547066"><incidntnum>150155713</incidntnum><category>MISSING PERSON</category><descript>MISSING ADULT</descript><dayofweek>Friday</dayofweek><date>2015-02-20T00:00:00</date><time>06:00</time><pddistrict>CENTRAL</pddistrict><resolution>NONE</resolution><address>900 Block of HYDE ST</address><x>-122.417044292614</x><y>37.7895952774322</y><location human_address="{&quot;address&quot;:&quot;&quot;,&quot;city&quot;:&quot;&quot;,&quot;state&quot;:&quot;&quot;,&quot;zip&quot;:&quot;&quot;}" latitude="37.7895952774322" longitude="-122.417044292614" needs_recoding="false"/></row>