<?xml version="1.0" encoding="UTF-8"?><row _id="12551717" _uuid="9DA83832-3442-408F-88AB-62C129162822" _position="12551717" _address="http://data.sfgov.org/resource/ritf-b9ki/12551717"><incidntnum>150202568</incidntnum><category>NON-CRIMINAL</category><descript>DEATH REPORT, CAUSE UNKNOWN</descript><dayofweek>Tuesday</dayofweek><date>2015-03-03T00:00:00</date><time>12:00</time><pddistrict>NORTHERN</pddistrict><resolution>NONE</resolution><address>1200 Block of TURK ST</address><x>-122.428818526724</x><y>37.7808642652455</y><location human_address="{&quot;address&quot;:&quot;&quot;,&quot;city&quot;:&quot;&quot;,&quot;state&quot;:&quot;&quot;,&quot;zip&quot;:&quot;&quot;}" latitude="37.7808642652455" longitude="-122.428818526724" needs_recoding="false"/></row>