<?xml version="1.0" encoding="UTF-8"?><row _id="12543747" _uuid="19203290-6248-4019-8541-2AE02333EAC0" _position="12543747" _address="http://data.sfgov.org/resource/ritf-b9ki/12543747"><incidntnum>150137056</incidntnum><category>VANDALISM</category><descript>MALICIOUS MISCHIEF, VANDALISM OF VEHICLES</descript><dayofweek>Friday</dayofweek><date>2015-02-13T00:00:00</date><time>22:00</time><pddistrict>TENDERLOIN</pddistrict><resolution>NONE</resolution><address>0 Block of GRANT AV</address><x>-122.404997416043</x><y>37.7871963336348</y><location human_address="{&quot;address&quot;:&quot;&quot;,&quot;city&quot;:&quot;&quot;,&quot;state&quot;:&quot;&quot;,&quot;zip&quot;:&quot;&quot;}" latitude="37.7871963336348" longitude="-122.404997416043" needs_recoding="false"/></row>