<?xml version="1.0" encoding="UTF-8"?><row _id="12544799" _uuid="1B06F46B-18F1-49FF-9572-D50A2421DF98" _position="12544799" _address="http://data.sfgov.org/resource/ritf-b9ki/12544799"><incidntnum>150144017</incidntnum><category>NON-CRIMINAL</category><descript>DEATH REPORT, CAUSE UNKNOWN</descript><dayofweek>Monday</dayofweek><date>2015-02-16T00:00:00</date><time>15:55</time><pddistrict>INGLESIDE</pddistrict><resolution>NONE</resolution><address>200 Block of REDROCK WY</address><x>-122.442195165607</x><y>37.7460301008456</y><location human_address="{&quot;address&quot;:&quot;&quot;,&quot;city&quot;:&quot;&quot;,&quot;state&quot;:&quot;&quot;,&quot;zip&quot;:&quot;&quot;}" latitude="37.7460301008456" longitude="-122.442195165607" needs_recoding="false"/></row>