<?xml version="1.0" encoding="UTF-8"?><row _id="12559396" _uuid="110F65AE-844C-4731-B57D-6EBC5D5AE172" _position="12559396" _address="http://data.sfgov.org/resource/ritf-b9ki/12559396"><incidntnum>150246271</incidntnum><category>OTHER OFFENSES</category><descript>VIOLATION OF RESTRAINING ORDER</descript><dayofweek>Friday</dayofweek><date>2015-03-20T00:00:00</date><time>01:10</time><pddistrict>BAYVIEW</pddistrict><resolution>ARREST, BOOKED</resolution><address>900 Block of CONNECTICUT ST</address><x>-122.397201937993</x><y>37.7535351242762</y><location human_address="{&quot;address&quot;:&quot;&quot;,&quot;city&quot;:&quot;&quot;,&quot;state&quot;:&quot;&quot;,&quot;zip&quot;:&quot;&quot;}" latitude="37.7535351242762" longitude="-122.397201937993" needs_recoding="false"/></row>