<?xml version="1.0" encoding="UTF-8"?><row _id="12543662" _uuid="266653A3-85E1-476F-B442-4F557254BB63" _position="12543662" _address="http://data.sfgov.org/resource/ritf-b9ki/12543662"><incidntnum>150136014</incidntnum><category>NON-CRIMINAL</category><descript>AIDED CASE</descript><dayofweek>Friday</dayofweek><date>2015-02-13T00:00:00</date><time>21:45</time><pddistrict>SOUTHERN</pddistrict><resolution>NONE</resolution><address>800 Block of BRYANT ST</address><x>-122.403404791479</x><y>37.775420706711</y><location human_address="{&quot;address&quot;:&quot;&quot;,&quot;city&quot;:&quot;&quot;,&quot;state&quot;:&quot;&quot;,&quot;zip&quot;:&quot;&quot;}" latitude="37.775420706711" longitude="-122.403404791479" needs_recoding="false"/></row>