<?xml version="1.0" encoding="UTF-8"?><row _id="12549642" _uuid="C07DFC9D-39D1-4869-A090-B9A910FD0BCD" _position="12549642" _address="http://data.sfgov.org/resource/ritf-b9ki/12549642"><incidntnum>150156608</incidntnum><category>NON-CRIMINAL</category><descript>CIVIL SIDEWALKS, CITATION</descript><dayofweek>Friday</dayofweek><date>2015-02-20T00:00:00</date><time>12:44</time><pddistrict>MISSION</pddistrict><resolution>ARREST, BOOKED</resolution><address>16TH ST / POND ST</address><x>-122.432281791678</x><y>37.7642891955749</y><location human_address="{&quot;address&quot;:&quot;&quot;,&quot;city&quot;:&quot;&quot;,&quot;state&quot;:&quot;&quot;,&quot;zip&quot;:&quot;&quot;}" latitude="37.7642891955749" longitude="-122.432281791678" needs_recoding="false"/></row>