<?xml version="1.0" encoding="UTF-8"?><row _id="12545799" _uuid="0CBAB912-385A-4EC0-A6B7-95CEB12AA748" _position="12545799" _address="http://data.sfgov.org/resource/ritf-b9ki/12545799"><incidntnum>150142588</incidntnum><category>NON-CRIMINAL</category><descript>FOUND PROPERTY</descript><dayofweek>Sunday</dayofweek><date>2015-02-15T00:00:00</date><time>09:30</time><pddistrict>NORTHERN</pddistrict><resolution>NONE</resolution><address>WASHINGTON ST / GOUGH ST</address><x>-122.426158657654</x><y>37.7926332287606</y><location human_address="{&quot;address&quot;:&quot;&quot;,&quot;city&quot;:&quot;&quot;,&quot;state&quot;:&quot;&quot;,&quot;zip&quot;:&quot;&quot;}" latitude="37.7926332287606" longitude="-122.426158657654" needs_recoding="false"/></row>