<?xml version="1.0" encoding="UTF-8"?><row _id="12556066" _uuid="0CBE53C8-36A5-4FB7-AB38-A80F49854EC4" _position="12556066" _address="http://data.sfgov.org/resource/ritf-b9ki/12556066"><incidntnum>150245035</incidntnum><category>NON-CRIMINAL</category><descript>LOST PROPERTY</descript><dayofweek>Thursday</dayofweek><date>2015-02-19T00:00:00</date><time>15:00</time><pddistrict>TARAVAL</pddistrict><resolution>NONE</resolution><address>3200 Block of 20TH AV</address><x>-122.475647460786</x><y>37.7285280627465</y><location human_address="{&quot;address&quot;:&quot;&quot;,&quot;city&quot;:&quot;&quot;,&quot;state&quot;:&quot;&quot;,&quot;zip&quot;:&quot;&quot;}" latitude="37.7285280627465" longitude="-122.475647460786" needs_recoding="false"/></row>