<?xml version="1.0" encoding="UTF-8"?><row _id="12543091" _uuid="BB879CF0-9454-4A06-9BA6-B4F0FE542B7B" _position="12543091" _address="http://data.sfgov.org/resource/ritf-b9ki/12543091"><incidntnum>150133054</incidntnum><category>NON-CRIMINAL</category><descript>FOUND PROPERTY</descript><dayofweek>Thursday</dayofweek><date>2015-02-12T00:00:00</date><time>20:00</time><pddistrict>SOUTHERN</pddistrict><resolution>NONE</resolution><address>9TH ST / BRYANT ST</address><x>-122.408534526845</x><y>37.7712906694516</y><location human_address="{&quot;address&quot;:&quot;&quot;,&quot;city&quot;:&quot;&quot;,&quot;state&quot;:&quot;&quot;,&quot;zip&quot;:&quot;&quot;}" latitude="37.7712906694516" longitude="-122.408534526845" needs_recoding="false"/></row>