<?xml version="1.0" encoding="UTF-8"?><row _id="12553321" _uuid="7C2397E5-15CD-42DE-8AEC-B210218AAEC0" _position="12553321" _address="http://data.sfgov.org/resource/ritf-b9ki/12553321"><incidntnum>150206338</incidntnum><category>ASSAULT</category><descript>BATTERY</descript><dayofweek>Saturday</dayofweek><date>2015-03-07T00:00:00</date><time>14:08</time><pddistrict>CENTRAL</pddistrict><resolution>NONE</resolution><address>1000 Block of STOCKTON ST</address><x>-122.408236208765</x><y>37.7953821757057</y><location human_address="{&quot;address&quot;:&quot;&quot;,&quot;city&quot;:&quot;&quot;,&quot;state&quot;:&quot;&quot;,&quot;zip&quot;:&quot;&quot;}" latitude="37.7953821757057" longitude="-122.408236208765" needs_recoding="false"/></row>