<?xml version="1.0" encoding="UTF-8"?><row _id="12543093" _uuid="BAE7330E-76AA-477F-8E17-06307BB8271F" _position="12543093" _address="http://data.sfgov.org/resource/ritf-b9ki/12543093"><incidntnum>150133264</incidntnum><category>NON-CRIMINAL</category><descript>FOUND PROPERTY</descript><dayofweek>Thursday</dayofweek><date>2015-02-12T00:00:00</date><time>22:25</time><pddistrict>MISSION</pddistrict><resolution>NONE</resolution><address>16TH ST / VALENCIA ST</address><x>-122.421886357981</x><y>37.7649178909424</y><location human_address="{&quot;address&quot;:&quot;&quot;,&quot;city&quot;:&quot;&quot;,&quot;state&quot;:&quot;&quot;,&quot;zip&quot;:&quot;&quot;}" latitude="37.7649178909424" longitude="-122.421886357981" needs_recoding="false"/></row>