<?xml version="1.0" encoding="UTF-8"?><row _id="12544751" _uuid="9C82A383-726B-4CEB-9197-3CCBCF424EC6" _position="12544751" _address="http://data.sfgov.org/resource/ritf-b9ki/12544751"><incidntnum>150142550</incidntnum><category>VANDALISM</category><descript>MALICIOUS MISCHIEF, VANDALISM</descript><dayofweek>Monday</dayofweek><date>2015-02-16T00:00:00</date><time>06:22</time><pddistrict>INGLESIDE</pddistrict><resolution>NONE</resolution><address>200 Block of BLYTHDALE AV</address><x>-122.420556751442</x><y>37.7108945814914</y><location human_address="{&quot;address&quot;:&quot;&quot;,&quot;city&quot;:&quot;&quot;,&quot;state&quot;:&quot;&quot;,&quot;zip&quot;:&quot;&quot;}" latitude="37.7108945814914" longitude="-122.420556751442" needs_recoding="false"/></row>