<?xml version="1.0" encoding="UTF-8"?><row _id="12546758" _uuid="7CE773F3-936F-45BE-BA0D-663049CD27FA" _position="12546758" _address="http://data.sfgov.org/resource/ritf-b9ki/12546758"><incidntnum>156048502</incidntnum><category>LARCENY/THEFT</category><descript>GRAND THEFT FROM LOCKED AUTO</descript><dayofweek>Thursday</dayofweek><date>2015-02-26T00:00:00</date><time>18:00</time><pddistrict>NORTHERN</pddistrict><resolution>NONE</resolution><address>GEARY BL / FILLMORE ST</address><x>-122.432914603494</x><y>37.7843533426568</y><location human_address="{&quot;address&quot;:&quot;&quot;,&quot;city&quot;:&quot;&quot;,&quot;state&quot;:&quot;&quot;,&quot;zip&quot;:&quot;&quot;}" latitude="37.7843533426568" longitude="-122.432914603494" needs_recoding="false"/></row>