<?xml version="1.0" encoding="UTF-8"?><row _id="12543054" _uuid="4316F82A-ED36-458C-A769-A6DC22C35057" _position="12543054" _address="http://data.sfgov.org/resource/ritf-b9ki/12543054"><incidntnum>150133286</incidntnum><category>LARCENY/THEFT</category><descript>GRAND THEFT FROM LOCKED AUTO</descript><dayofweek>Thursday</dayofweek><date>2015-02-12T00:00:00</date><time>22:40</time><pddistrict>RICHMOND</pddistrict><resolution>NONE</resolution><address>SPRUCE ST / MAYFAIR DR</address><x>-122.453257046694</x><y>37.7857211810487</y><location human_address="{&quot;address&quot;:&quot;&quot;,&quot;city&quot;:&quot;&quot;,&quot;state&quot;:&quot;&quot;,&quot;zip&quot;:&quot;&quot;}" latitude="37.7857211810487" longitude="-122.453257046694" needs_recoding="false"/></row>