<?xml version="1.0" encoding="UTF-8"?><row _id="12545596" _uuid="AB082A34-723C-408C-8637-88DCB60CDFC9" _position="12545596" _address="http://data.sfgov.org/resource/ritf-b9ki/12545596"><incidntnum>150152424</incidntnum><category>VANDALISM</category><descript>MALICIOUS MISCHIEF, VANDALISM OF VEHICLES</descript><dayofweek>Thursday</dayofweek><date>2015-02-19T00:00:00</date><time>00:25</time><pddistrict>CENTRAL</pddistrict><resolution>NONE</resolution><address>800 Block of TAYLOR ST</address><x>-122.412141930279</x><y>37.790407393713</y><location human_address="{&quot;address&quot;:&quot;&quot;,&quot;city&quot;:&quot;&quot;,&quot;state&quot;:&quot;&quot;,&quot;zip&quot;:&quot;&quot;}" latitude="37.790407393713" longitude="-122.412141930279" needs_recoding="false"/></row>