<?xml version="1.0" encoding="UTF-8"?><row _id="12554610" _uuid="1EC4CFF6-F136-4623-AE95-6700F563EAB0" _position="12554610" _address="http://data.sfgov.org/resource/ritf-b9ki/12554610"><incidntnum>150214999</incidntnum><category>WARRANTS</category><descript>ENROUTE TO OUTSIDE JURISDICTION</descript><dayofweek>Tuesday</dayofweek><date>2015-03-10T00:00:00</date><time>12:24</time><pddistrict>INGLESIDE</pddistrict><resolution>ARREST, BOOKED</resolution><address>400 Block of NAPLES ST</address><x>-122.43068585096</x><y>37.7216404356689</y><location human_address="{&quot;address&quot;:&quot;&quot;,&quot;city&quot;:&quot;&quot;,&quot;state&quot;:&quot;&quot;,&quot;zip&quot;:&quot;&quot;}" latitude="37.7216404356689" longitude="-122.43068585096" needs_recoding="false"/></row>