<?xml version="1.0" encoding="UTF-8"?><row _id="12544432" _uuid="95CF2073-453A-4886-B1F1-A26A0081F48E" _position="12544432" _address="http://data.sfgov.org/resource/ritf-b9ki/12544432"><incidntnum>150139234</incidntnum><category>SECONDARY CODES</category><descript>DOMESTIC VIOLENCE</descript><dayofweek>Sunday</dayofweek><date>2015-02-15T00:00:00</date><time>01:26</time><pddistrict>CENTRAL</pddistrict><resolution>ARREST, BOOKED</resolution><address>600 Block of BROADWAY ST</address><x>-122.407822401083</x><y>37.7976687725776</y><location human_address="{&quot;address&quot;:&quot;&quot;,&quot;city&quot;:&quot;&quot;,&quot;state&quot;:&quot;&quot;,&quot;zip&quot;:&quot;&quot;}" latitude="37.7976687725776" longitude="-122.407822401083" needs_recoding="false"/></row>