<?xml version="1.0" encoding="UTF-8"?><row _id="12544713" _uuid="A0A7DE32-3248-4919-8C98-FEC53E35474D" _position="12544713" _address="http://data.sfgov.org/resource/ritf-b9ki/12544713"><incidntnum>150161243</incidntnum><category>VEHICLE THEFT</category><descript>STOLEN AND RECOVERED VEHICLE</descript><dayofweek>Monday</dayofweek><date>2015-02-16T00:00:00</date><time>09:30</time><pddistrict>NORTHERN</pddistrict><resolution>NONE</resolution><address>LARKIN ST / PACIFIC AV</address><x>-122.419936432652</x><y>37.7952371382439</y><location human_address="{&quot;address&quot;:&quot;&quot;,&quot;city&quot;:&quot;&quot;,&quot;state&quot;:&quot;&quot;,&quot;zip&quot;:&quot;&quot;}" latitude="37.7952371382439" longitude="-122.419936432652" needs_recoding="false"/></row>