<?xml version="1.0" encoding="UTF-8"?><row _id="12544647" _uuid="771868C9-596F-48A3-9CAB-EC2AF03F46B0" _position="12544647" _address="http://data.sfgov.org/resource/ritf-b9ki/12544647"><incidntnum>150143285</incidntnum><category>LARCENY/THEFT</category><descript>GRAND THEFT FROM LOCKED AUTO</descript><dayofweek>Monday</dayofweek><date>2015-02-16T00:00:00</date><time>11:00</time><pddistrict>NORTHERN</pddistrict><resolution>ARREST, BOOKED</resolution><address>CALIFORNIA ST / STEINER ST</address><x>-122.435488624119</x><y>37.7886951990543</y><location human_address="{&quot;address&quot;:&quot;&quot;,&quot;city&quot;:&quot;&quot;,&quot;state&quot;:&quot;&quot;,&quot;zip&quot;:&quot;&quot;}" latitude="37.7886951990543" longitude="-122.435488624119" needs_recoding="false"/></row>