<?xml version="1.0" encoding="UTF-8"?><row _id="12544659" _uuid="07F03FE1-62F8-4FD6-BBD3-958031950560" _position="12544659" _address="http://data.sfgov.org/resource/ritf-b9ki/12544659"><incidntnum>150143928</incidntnum><category>WARRANTS</category><descript>ENROUTE TO OUTSIDE JURISDICTION</descript><dayofweek>Monday</dayofweek><date>2015-02-16T00:00:00</date><time>15:50</time><pddistrict>TENDERLOIN</pddistrict><resolution>NONE</resolution><address>GOLDEN GATE AV / HYDE ST</address><x>-122.415508242782</x><y>37.7816542806076</y><location human_address="{&quot;address&quot;:&quot;&quot;,&quot;city&quot;:&quot;&quot;,&quot;state&quot;:&quot;&quot;,&quot;zip&quot;:&quot;&quot;}" latitude="37.7816542806076" longitude="-122.415508242782" needs_recoding="false"/></row>