<?xml version="1.0" encoding="UTF-8"?><row _id="12544975" _uuid="93EA9134-4F08-47C9-BF48-0267FC675A5C" _position="12544975" _address="http://data.sfgov.org/resource/ritf-b9ki/12544975"><incidntnum>150145526</incidntnum><category>SEX OFFENSES, FORCIBLE</category><descript>CHILD ABUSE, EXPLOITATION</descript><dayofweek>Tuesday</dayofweek><date>2015-02-17T00:00:00</date><time>02:15</time><pddistrict>TENDERLOIN</pddistrict><resolution>ARREST, BOOKED</resolution><address>MASON ST / EDDY ST</address><x>-122.409313111431</x><y>37.7843478513151</y><location human_address="{&quot;address&quot;:&quot;&quot;,&quot;city&quot;:&quot;&quot;,&quot;state&quot;:&quot;&quot;,&quot;zip&quot;:&quot;&quot;}" latitude="37.7843478513151" longitude="-122.409313111431" needs_recoding="false"/></row>