<?xml version="1.0" encoding="UTF-8"?><row _id="12553869" _uuid="CCBE7C7E-3AFD-44AF-862F-920A0444F20D" _position="12553869" _address="http://data.sfgov.org/resource/ritf-b9ki/12553869"><incidntnum>150209962</incidntnum><category>WEAPON LAWS</category><descript>EXHIBITING DEADLY WEAPON IN A THREATING MANNER</descript><dayofweek>Sunday</dayofweek><date>2015-03-08T00:00:00</date><time>21:40</time><pddistrict>CENTRAL</pddistrict><resolution>ARREST, BOOKED</resolution><address>400 Block of BROADWAY ST</address><x>-122.405087523335</x><y>37.7981219270604</y><location human_address="{&quot;address&quot;:&quot;&quot;,&quot;city&quot;:&quot;&quot;,&quot;state&quot;:&quot;&quot;,&quot;zip&quot;:&quot;&quot;}" latitude="37.7981219270604" longitude="-122.405087523335" needs_recoding="false"/></row>