<?xml version="1.0" encoding="UTF-8"?><row _id="12549050" _uuid="8F234FFC-ADAD-4EC1-81D8-BBC72A06DA75" _position="12549050" _address="http://data.sfgov.org/resource/ritf-b9ki/12549050"><incidntnum>150177080</incidntnum><category>SECONDARY CODES</category><descript>DOMESTIC VIOLENCE</descript><dayofweek>Friday</dayofweek><date>2015-02-20T00:00:00</date><time>00:01</time><pddistrict>SOUTHERN</pddistrict><resolution>NONE</resolution><address>100 Block of FREELON ST</address><x>-122.397745300693</x><y>37.7781330849613</y><location human_address="{&quot;address&quot;:&quot;&quot;,&quot;city&quot;:&quot;&quot;,&quot;state&quot;:&quot;&quot;,&quot;zip&quot;:&quot;&quot;}" latitude="37.7781330849613" longitude="-122.397745300693" needs_recoding="false"/></row>