<?xml version="1.0" encoding="UTF-8"?><row _id="12545340" _uuid="24382E4D-B993-4B81-BB4E-C4B00B520B25" _position="12545340" _address="http://data.sfgov.org/resource/ritf-b9ki/12545340"><incidntnum>150151909</incidntnum><category>WARRANTS</category><descript>WARRANT ARREST</descript><dayofweek>Wednesday</dayofweek><date>2015-02-18T00:00:00</date><time>21:33</time><pddistrict>SOUTHERN</pddistrict><resolution>ARREST, BOOKED</resolution><address>SHERMAN ST / CLEVELAND ST</address><x>-122.406472333764</x><y>37.7769634424169</y><location human_address="{&quot;address&quot;:&quot;&quot;,&quot;city&quot;:&quot;&quot;,&quot;state&quot;:&quot;&quot;,&quot;zip&quot;:&quot;&quot;}" latitude="37.7769634424169" longitude="-122.406472333764" needs_recoding="false"/></row>