<?xml version="1.0" encoding="UTF-8"?><row _id="12578992" _uuid="415DB11E-86F2-484A-8A6D-64CBFB2E5F2F" _position="12578992" _address="http://data.sfgov.org/resource/ritf-b9ki/12578992"><incidntnum>150437016</incidntnum><category>NON-CRIMINAL</category><descript>AIDED CASE</descript><dayofweek>Sunday</dayofweek><date>2015-02-15T00:00:00</date><time>10:00</time><pddistrict>INGLESIDE</pddistrict><resolution>NONE</resolution><address>0 Block of JUSTIN DR</address><x>-122.422534504294</x><y>37.7341616600707</y><location human_address="{&quot;address&quot;:&quot;&quot;,&quot;city&quot;:&quot;&quot;,&quot;state&quot;:&quot;&quot;,&quot;zip&quot;:&quot;&quot;}" latitude="37.7341616600707" longitude="-122.422534504294" needs_recoding="false"/></row>