<?xml version="1.0" encoding="UTF-8"?><row _id="12543668" _uuid="EAA6B0F4-27C5-4704-AD3E-6A30BC9C52F5" _position="12543668" _address="http://data.sfgov.org/resource/ritf-b9ki/12543668"><incidntnum>150136581</incidntnum><category>LARCENY/THEFT</category><descript>PETTY THEFT FROM LOCKED AUTO</descript><dayofweek>Friday</dayofweek><date>2015-02-13T00:00:00</date><time>22:30</time><pddistrict>TENDERLOIN</pddistrict><resolution>NONE</resolution><address>0 Block of HYDE ST</address><x>-122.415342071269</x><y>37.7811954441489</y><location human_address="{&quot;address&quot;:&quot;&quot;,&quot;city&quot;:&quot;&quot;,&quot;state&quot;:&quot;&quot;,&quot;zip&quot;:&quot;&quot;}" latitude="37.7811954441489" longitude="-122.415342071269" needs_recoding="false"/></row>