<?xml version="1.0" encoding="UTF-8"?><row _id="12551204" _uuid="1C5401BA-D555-40FE-B1C9-9E04E225021A" _position="12551204" _address="http://data.sfgov.org/resource/ritf-b9ki/12551204"><incidntnum>150190850</incidntnum><category>BURGLARY</category><descript>BURGLARY, HOT PROWL, UNLAWFUL ENTRY</descript><dayofweek>Monday</dayofweek><date>2015-03-02T00:00:00</date><time>16:10</time><pddistrict>MISSION</pddistrict><resolution>NONE</resolution><address>300 Block of BARTLETT ST</address><x>-122.419408045677</x><y>37.7513609637505</y><location human_address="{&quot;address&quot;:&quot;&quot;,&quot;city&quot;:&quot;&quot;,&quot;state&quot;:&quot;&quot;,&quot;zip&quot;:&quot;&quot;}" latitude="37.7513609637505" longitude="-122.419408045677" needs_recoding="false"/></row>