<?xml version="1.0" encoding="UTF-8"?><row _id="12557388" _uuid="14D6A319-0D81-4CD0-AE1D-C48DC9224200" _position="12557388" _address="http://data.sfgov.org/resource/ritf-b9ki/12557388"><incidntnum>150236313</incidntnum><category>LARCENY/THEFT</category><descript>GRAND THEFT FROM LOCKED AUTO</descript><dayofweek>Monday</dayofweek><date>2015-03-16T00:00:00</date><time>20:45</time><pddistrict>RICHMOND</pddistrict><resolution>NONE</resolution><address>700 Block of LA PLAYA ST</address><x>-122.510032525985</x><y>37.7741786514476</y><location human_address="{&quot;address&quot;:&quot;&quot;,&quot;city&quot;:&quot;&quot;,&quot;state&quot;:&quot;&quot;,&quot;zip&quot;:&quot;&quot;}" latitude="37.7741786514476" longitude="-122.510032525985" needs_recoding="false"/></row>