<?xml version="1.0" encoding="UTF-8"?><row _id="12551081" _uuid="7840079B-3C2B-48DA-9092-8FC7E4C5BE5F" _position="12551081" _address="http://data.sfgov.org/resource/ritf-b9ki/12551081"><incidntnum>150188764</incidntnum><category>NON-CRIMINAL</category><descript>LOST PROPERTY</descript><dayofweek>Monday</dayofweek><date>2015-03-02T00:00:00</date><time>05:00</time><pddistrict>MISSION</pddistrict><resolution>NONE</resolution><address>16TH ST / MISSION ST</address><x>-122.419671780296</x><y>37.7650501214668</y><location human_address="{&quot;address&quot;:&quot;&quot;,&quot;city&quot;:&quot;&quot;,&quot;state&quot;:&quot;&quot;,&quot;zip&quot;:&quot;&quot;}" latitude="37.7650501214668" longitude="-122.419671780296" needs_recoding="false"/></row>