<?xml version="1.0" encoding="UTF-8"?><row _id="12547339" _uuid="E7435A2F-D2E3-48EA-8AD8-733095977568" _position="12547339" _address="http://data.sfgov.org/resource/ritf-b9ki/12547339"><incidntnum>156040166</incidntnum><category>LARCENY/THEFT</category><descript>PETTY THEFT OF PROPERTY</descript><dayofweek>Thursday</dayofweek><date>2015-02-19T00:00:00</date><time>14:15</time><pddistrict>NORTHERN</pddistrict><resolution>NONE</resolution><address>2300 Block of VANNESS AV</address><x>-122.423530547475</x><y>37.7971854093352</y><location human_address="{&quot;address&quot;:&quot;&quot;,&quot;city&quot;:&quot;&quot;,&quot;state&quot;:&quot;&quot;,&quot;zip&quot;:&quot;&quot;}" latitude="37.7971854093352" longitude="-122.423530547475" needs_recoding="false"/></row>