<?xml version="1.0" encoding="UTF-8"?><row _id="12549499" _uuid="A694CD80-D067-4142-91E8-D4EC6BAB1BBF" _position="12549499" _address="http://data.sfgov.org/resource/ritf-b9ki/12549499"><incidntnum>150179898</incidntnum><category>LARCENY/THEFT</category><descript>PETTY THEFT FROM A BUILDING</descript><dayofweek>Thursday</dayofweek><date>2015-02-26T00:00:00</date><time>16:50</time><pddistrict>RICHMOND</pddistrict><resolution>NONE</resolution><address>5000 Block of GEARY BL</address><x>-122.473410842432</x><y>37.7804792523103</y><location human_address="{&quot;address&quot;:&quot;&quot;,&quot;city&quot;:&quot;&quot;,&quot;state&quot;:&quot;&quot;,&quot;zip&quot;:&quot;&quot;}" latitude="37.7804792523103" longitude="-122.473410842432" needs_recoding="false"/></row>