<?xml version="1.0" encoding="UTF-8"?><row _id="12544626" _uuid="192BCF9F-F2D5-4F85-9A20-D7F23CFE9A7F" _position="12544626" _address="http://data.sfgov.org/resource/ritf-b9ki/12544626"><incidntnum>156037072</incidntnum><category>LARCENY/THEFT</category><descript>GRAND THEFT FROM LOCKED AUTO</descript><dayofweek>Monday</dayofweek><date>2015-02-16T00:00:00</date><time>12:00</time><pddistrict>NORTHERN</pddistrict><resolution>NONE</resolution><address>FRANKLIN ST / LILY ST</address><x>-122.421427855192</x><y>37.7775584458782</y><location human_address="{&quot;address&quot;:&quot;&quot;,&quot;city&quot;:&quot;&quot;,&quot;state&quot;:&quot;&quot;,&quot;zip&quot;:&quot;&quot;}" latitude="37.7775584458782" longitude="-122.421427855192" needs_recoding="false"/></row>