<?xml version="1.0" encoding="UTF-8"?><row _id="12551728" _uuid="4E8E4E1C-C1AF-433A-A7D3-C66A2CAD935E" _position="12551728" _address="http://data.sfgov.org/resource/ritf-b9ki/12551728"><incidntnum>156055278</incidntnum><category>LARCENY/THEFT</category><descript>GRAND THEFT FROM LOCKED AUTO</descript><dayofweek>Tuesday</dayofweek><date>2015-03-03T00:00:00</date><time>17:45</time><pddistrict>SOUTHERN</pddistrict><resolution>NONE</resolution><address>800 Block of MISSION ST</address><x>-122.405395493939</x><y>37.7835100715421</y><location human_address="{&quot;address&quot;:&quot;&quot;,&quot;city&quot;:&quot;&quot;,&quot;state&quot;:&quot;&quot;,&quot;zip&quot;:&quot;&quot;}" latitude="37.7835100715421" longitude="-122.405395493939" needs_recoding="false"/></row>