<?xml version="1.0" encoding="UTF-8"?><row _id="12546980" _uuid="DFCDBBB6-454F-4EE8-B554-5374777405E0" _position="12546980" _address="http://data.sfgov.org/resource/ritf-b9ki/12546980"><incidntnum>150138208</incidntnum><category>LARCENY/THEFT</category><descript>PETTY THEFT SHOPLIFTING</descript><dayofweek>Friday</dayofweek><date>2015-02-13T00:00:00</date><time>19:00</time><pddistrict>CENTRAL</pddistrict><resolution>NONE</resolution><address>300 Block of POST ST</address><x>-122.407612885387</x><y>37.7884486019705</y><location human_address="{&quot;address&quot;:&quot;&quot;,&quot;city&quot;:&quot;&quot;,&quot;state&quot;:&quot;&quot;,&quot;zip&quot;:&quot;&quot;}" latitude="37.7884486019705" longitude="-122.407612885387" needs_recoding="false"/></row>