<?xml version="1.0" encoding="UTF-8"?><row _id="12573470" _uuid="582B3781-E7A9-4345-92B1-28D20A147582" _position="12573470" _address="http://data.sfgov.org/resource/ritf-b9ki/12573470"><incidntnum>150184994</incidntnum><category>WARRANTS</category><descript>WARRANT ARREST</descript><dayofweek>Saturday</dayofweek><date>2015-02-28T00:00:00</date><time>20:45</time><pddistrict>CENTRAL</pddistrict><resolution>ARREST, BOOKED</resolution><address>300 Block of GEARY ST</address><x>-122.409055191364</x><y>37.7871979591062</y><location human_address="{&quot;address&quot;:&quot;&quot;,&quot;city&quot;:&quot;&quot;,&quot;state&quot;:&quot;&quot;,&quot;zip&quot;:&quot;&quot;}" latitude="37.7871979591062" longitude="-122.409055191364" needs_recoding="false"/></row>