<?xml version="1.0" encoding="UTF-8"?><row _id="12544186" _uuid="2441D35C-7A76-400C-BA33-F32627605452" _position="12544186" _address="http://data.sfgov.org/resource/ritf-b9ki/12544186"><incidntnum>150143310</incidntnum><category>LARCENY/THEFT</category><descript>GRAND THEFT FROM LOCKED AUTO</descript><dayofweek>Saturday</dayofweek><date>2015-02-14T00:00:00</date><time>18:00</time><pddistrict>SOUTHERN</pddistrict><resolution>NONE</resolution><address>1200 Block of HARRISON ST</address><x>-122.409065690706</x><y>37.773248092065</y><location human_address="{&quot;address&quot;:&quot;&quot;,&quot;city&quot;:&quot;&quot;,&quot;state&quot;:&quot;&quot;,&quot;zip&quot;:&quot;&quot;}" latitude="37.773248092065" longitude="-122.409065690706" needs_recoding="false"/></row>