<?xml version="1.0" encoding="UTF-8"?><row _id="12558504" _uuid="B5D83216-0259-408F-A0CF-8AC8A27F88E5" _position="12558504" _address="http://data.sfgov.org/resource/ritf-b9ki/12558504"><incidntnum>150220388</incidntnum><category>ROBBERY</category><descript>ROBBERY, BODILY FORCE</descript><dayofweek>Thursday</dayofweek><date>2015-03-12T00:00:00</date><time>03:30</time><pddistrict>INGLESIDE</pddistrict><resolution>ARREST, BOOKED</resolution><address>SANTOS ST / VELASCO AV</address><x>-122.419348416119</x><y>37.7099491573125</y><location human_address="{&quot;address&quot;:&quot;&quot;,&quot;city&quot;:&quot;&quot;,&quot;state&quot;:&quot;&quot;,&quot;zip&quot;:&quot;&quot;}" latitude="37.7099491573125" longitude="-122.419348416119" needs_recoding="false"/></row>