<?xml version="1.0" encoding="UTF-8"?><row _id="12544980" _uuid="C3ECE0CC-D0A1-4E1F-AE0E-1C326A3FFA2A" _position="12544980" _address="http://data.sfgov.org/resource/ritf-b9ki/12544980"><incidntnum>150145598</incidntnum><category>ASSAULT</category><descript>BATTERY</descript><dayofweek>Tuesday</dayofweek><date>2015-02-17T00:00:00</date><time>03:30</time><pddistrict>CENTRAL</pddistrict><resolution>NONE</resolution><address>KEARNY ST / CALIFORNIA ST</address><x>-122.404420631879</x><y>37.792640210997</y><location human_address="{&quot;address&quot;:&quot;&quot;,&quot;city&quot;:&quot;&quot;,&quot;state&quot;:&quot;&quot;,&quot;zip&quot;:&quot;&quot;}" latitude="37.792640210997" longitude="-122.404420631879" needs_recoding="false"/></row>