<?xml version="1.0" encoding="UTF-8"?><row _id="12550979" _uuid="2533C731-A47F-4B15-BED4-1A7E9D034999" _position="12550979" _address="http://data.sfgov.org/resource/ritf-b9ki/12550979"><incidntnum>150185538</incidntnum><category>OTHER OFFENSES</category><descript>VIOLATION OF RESTRAINING ORDER</descript><dayofweek>Sunday</dayofweek><date>2015-03-01T00:00:00</date><time>01:45</time><pddistrict>TENDERLOIN</pddistrict><resolution>ARREST, BOOKED</resolution><address>400 Block of ELLIS ST</address><x>-122.413609328985</x><y>37.784696907904</y><location human_address="{&quot;address&quot;:&quot;&quot;,&quot;city&quot;:&quot;&quot;,&quot;state&quot;:&quot;&quot;,&quot;zip&quot;:&quot;&quot;}" latitude="37.784696907904" longitude="-122.413609328985" needs_recoding="false"/></row>