<?xml version="1.0" encoding="UTF-8"?><row _id="12544939" _uuid="D552D5DC-3B66-48C3-B9CC-E7EAD471E7A1" _position="12544939" _address="http://data.sfgov.org/resource/ritf-b9ki/12544939"><incidntnum>150152731</incidntnum><category>ASSAULT</category><descript>ASSAULT, AGGRAVATED, W/ GUN</descript><dayofweek>Monday</dayofweek><date>2015-02-16T00:00:00</date><time>17:30</time><pddistrict>MISSION</pddistrict><resolution>NONE</resolution><address>16TH ST / MISSION ST</address><x>-122.419671780296</x><y>37.7650501214668</y><location human_address="{&quot;address&quot;:&quot;&quot;,&quot;city&quot;:&quot;&quot;,&quot;state&quot;:&quot;&quot;,&quot;zip&quot;:&quot;&quot;}" latitude="37.7650501214668" longitude="-122.419671780296" needs_recoding="false"/></row>