<?xml version="1.0" encoding="UTF-8"?><row _id="12551459" _uuid="72B67C8E-39BE-4EC6-A17B-3B90B7A97D51" _position="12551459" _address="http://data.sfgov.org/resource/ritf-b9ki/12551459"><incidntnum>150193525</incidntnum><category>OTHER OFFENSES</category><descript>TRAFFIC VIOLATION</descript><dayofweek>Tuesday</dayofweek><date>2015-03-03T00:00:00</date><time>15:14</time><pddistrict>NORTHERN</pddistrict><resolution>ARREST, BOOKED</resolution><address>MCALLISTER ST / POLK ST</address><x>-122.418600974625</x><y>37.7802607511192</y><location human_address="{&quot;address&quot;:&quot;&quot;,&quot;city&quot;:&quot;&quot;,&quot;state&quot;:&quot;&quot;,&quot;zip&quot;:&quot;&quot;}" latitude="37.7802607511192" longitude="-122.418600974625" needs_recoding="false"/></row>