<?xml version="1.0" encoding="UTF-8"?><row _id="12544185" _uuid="46A3C1E6-8AF1-4325-8071-43BCD21DA8E5" _position="12544185" _address="http://data.sfgov.org/resource/ritf-b9ki/12544185"><incidntnum>150143304</incidntnum><category>VANDALISM</category><descript>MALICIOUS MISCHIEF, VANDALISM OF VEHICLES</descript><dayofweek>Saturday</dayofweek><date>2015-02-14T00:00:00</date><time>11:00</time><pddistrict>INGLESIDE</pddistrict><resolution>NONE</resolution><address>100 Block of BROOKDALE AV</address><x>-122.4208910342</x><y>37.7120920675614</y><location human_address="{&quot;address&quot;:&quot;&quot;,&quot;city&quot;:&quot;&quot;,&quot;state&quot;:&quot;&quot;,&quot;zip&quot;:&quot;&quot;}" latitude="37.7120920675614" longitude="-122.4208910342" needs_recoding="false"/></row>