<?xml version="1.0" encoding="UTF-8"?><row _id="12543978" _uuid="14A871A8-A58A-4F3A-B675-63C8D603DFFE" _position="12543978" _address="http://data.sfgov.org/resource/ritf-b9ki/12543978"><incidntnum>150138690</incidntnum><category>FRAUD</category><descript>CREDIT CARD, THEFT BY USE OF</descript><dayofweek>Saturday</dayofweek><date>2015-02-14T00:00:00</date><time>20:14</time><pddistrict>SOUTHERN</pddistrict><resolution>NONE</resolution><address>MARKET ST / 11TH ST</address><x>-122.418698328939</x><y>37.7755894130051</y><location human_address="{&quot;address&quot;:&quot;&quot;,&quot;city&quot;:&quot;&quot;,&quot;state&quot;:&quot;&quot;,&quot;zip&quot;:&quot;&quot;}" latitude="37.7755894130051" longitude="-122.418698328939" needs_recoding="false"/></row>