<?xml version="1.0" encoding="UTF-8"?><row _id="12544271" _uuid="C2BAD779-7EB3-4306-808F-E4054FC5061A" _position="12544271" _address="http://data.sfgov.org/resource/ritf-b9ki/12544271"><incidntnum>150139046</incidntnum><category>OTHER OFFENSES</category><descript>PROBATION VIOLATION, DV RELATED</descript><dayofweek>Saturday</dayofweek><date>2015-02-14T00:00:00</date><time>23:05</time><pddistrict>MISSION</pddistrict><resolution>ARREST, BOOKED</resolution><address>1500 Block of BRYANT ST</address><x>-122.410600103463</x><y>37.7675325594031</y><location human_address="{&quot;address&quot;:&quot;&quot;,&quot;city&quot;:&quot;&quot;,&quot;state&quot;:&quot;&quot;,&quot;zip&quot;:&quot;&quot;}" latitude="37.7675325594031" longitude="-122.410600103463" needs_recoding="false"/></row>