<?xml version="1.0" encoding="UTF-8"?><row _id="12544356" _uuid="0654A0E2-FD71-4535-BEDE-E2A8FE5412FA" _position="12544356" _address="http://data.sfgov.org/resource/ritf-b9ki/12544356"><incidntnum>150142293</incidntnum><category>VEHICLE THEFT</category><descript>STOLEN AUTOMOBILE</descript><dayofweek>Sunday</dayofweek><date>2015-02-15T00:00:00</date><time>21:00</time><pddistrict>RICHMOND</pddistrict><resolution>NONE</resolution><address>GOLDEN GATE AV / TEMESCAL TR</address><x>-122.452234516792</x><y>37.7769754015435</y><location human_address="{&quot;address&quot;:&quot;&quot;,&quot;city&quot;:&quot;&quot;,&quot;state&quot;:&quot;&quot;,&quot;zip&quot;:&quot;&quot;}" latitude="37.7769754015435" longitude="-122.452234516792" needs_recoding="false"/></row>