<?xml version="1.0" encoding="UTF-8"?><row _id="12549489" _uuid="08351357-168F-4D89-B158-A95447FA6024" _position="12549489" _address="http://data.sfgov.org/resource/ritf-b9ki/12549489"><incidntnum>150174315</incidntnum><category>LARCENY/THEFT</category><descript>GRAND THEFT FROM LOCKED AUTO</descript><dayofweek>Tuesday</dayofweek><date>2015-02-24T00:00:00</date><time>15:00</time><pddistrict>BAYVIEW</pddistrict><resolution>NONE</resolution><address>500 Block of GOETTINGEN ST</address><x>-122.405882268651</x><y>37.7250304368751</y><location human_address="{&quot;address&quot;:&quot;&quot;,&quot;city&quot;:&quot;&quot;,&quot;state&quot;:&quot;&quot;,&quot;zip&quot;:&quot;&quot;}" latitude="37.7250304368751" longitude="-122.405882268651" needs_recoding="false"/></row>