<?xml version="1.0" encoding="UTF-8"?><row _id="12552617" _uuid="6B909A15-32A1-4AA3-B5C3-925DC652ADC2" _position="12552617" _address="http://data.sfgov.org/resource/ritf-b9ki/12552617"><incidntnum>150200487</incidntnum><category>ASSAULT</category><descript>THREAT OR FORCE TO RESIST EXECUTIVE OFFICER</descript><dayofweek>Thursday</dayofweek><date>2015-03-05T00:00:00</date><time>11:00</time><pddistrict>SOUTHERN</pddistrict><resolution>ARREST, BOOKED</resolution><address>800 Block of BRYANT ST</address><x>-122.403404791479</x><y>37.775420706711</y><location human_address="{&quot;address&quot;:&quot;&quot;,&quot;city&quot;:&quot;&quot;,&quot;state&quot;:&quot;&quot;,&quot;zip&quot;:&quot;&quot;}" latitude="37.775420706711" longitude="-122.403404791479" needs_recoding="false"/></row>