<?xml version="1.0" encoding="UTF-8"?><row _id="12543933" _uuid="874F34D0-466F-4AB4-B85F-E2B737184A3E" _position="12543933" _address="http://data.sfgov.org/resource/ritf-b9ki/12543933"><incidntnum>150136939</incidntnum><category>NON-CRIMINAL</category><descript>FOUND PROPERTY</descript><dayofweek>Saturday</dayofweek><date>2015-02-14T00:00:00</date><time>07:30</time><pddistrict>PARK</pddistrict><resolution>NONE</resolution><address>SCOTT ST / PAGE ST</address><x>-122.435566188652</x><y>37.7724156608806</y><location human_address="{&quot;address&quot;:&quot;&quot;,&quot;city&quot;:&quot;&quot;,&quot;state&quot;:&quot;&quot;,&quot;zip&quot;:&quot;&quot;}" latitude="37.7724156608806" longitude="-122.435566188652" needs_recoding="false"/></row>