<?xml version="1.0" encoding="UTF-8"?><row _id="12544302" _uuid="7A9D4EBC-6FD4-40FF-83B1-9798E20C4034" _position="12544302" _address="http://data.sfgov.org/resource/ritf-b9ki/12544302"><incidntnum>150140106</incidntnum><category>VANDALISM</category><descript>MALICIOUS MISCHIEF, VANDALISM OF VEHICLES</descript><dayofweek>Sunday</dayofweek><date>2015-02-15T00:00:00</date><time>10:25</time><pddistrict>RICHMOND</pddistrict><resolution>NONE</resolution><address>GEARY BL / PARKPRESIDIO BL</address><x>-122.472311439611</x><y>37.7806545051192</y><location human_address="{&quot;address&quot;:&quot;&quot;,&quot;city&quot;:&quot;&quot;,&quot;state&quot;:&quot;&quot;,&quot;zip&quot;:&quot;&quot;}" latitude="37.7806545051192" longitude="-122.472311439611" needs_recoding="false"/></row>