<?xml version="1.0" encoding="UTF-8"?><row _id="12547310" _uuid="EB04B009-4F08-4999-ADD4-4A6F2B621DD8" _position="12547310" _address="http://data.sfgov.org/resource/ritf-b9ki/12547310"><incidntnum>150162956</incidntnum><category>LARCENY/THEFT</category><descript>GRAND THEFT FROM A BUILDING</descript><dayofweek>Thursday</dayofweek><date>2015-02-19T00:00:00</date><time>20:00</time><pddistrict>NORTHERN</pddistrict><resolution>NONE</resolution><address>1900 Block of BROADWAY ST</address><x>-122.42919368862</x><y>37.7950524797302</y><location human_address="{&quot;address&quot;:&quot;&quot;,&quot;city&quot;:&quot;&quot;,&quot;state&quot;:&quot;&quot;,&quot;zip&quot;:&quot;&quot;}" latitude="37.7950524797302" longitude="-122.42919368862" needs_recoding="false"/></row>