<?xml version="1.0" encoding="UTF-8"?><row _id="12556507" _uuid="AA80E3D8-1C6D-47F2-AB25-11913D8E5748" _position="12556507" _address="http://data.sfgov.org/resource/ritf-b9ki/12556507"><incidntnum>150206316</incidntnum><category>LARCENY/THEFT</category><descript>PETTY THEFT FROM A BUILDING</descript><dayofweek>Saturday</dayofweek><date>2015-02-21T00:00:00</date><time>13:00</time><pddistrict>SOUTHERN</pddistrict><resolution>NONE</resolution><address>800 Block of 7TH ST</address><x>-122.400455071852</x><y>37.7707817099653</y><location human_address="{&quot;address&quot;:&quot;&quot;,&quot;city&quot;:&quot;&quot;,&quot;state&quot;:&quot;&quot;,&quot;zip&quot;:&quot;&quot;}" latitude="37.7707817099653" longitude="-122.400455071852" needs_recoding="false"/></row>