<?xml version="1.0" encoding="UTF-8"?><row _id="12553960" _uuid="F07AA71E-7DCB-4756-B15B-E31ECA96D953" _position="12553960" _address="http://data.sfgov.org/resource/ritf-b9ki/12553960"><incidntnum>150211321</incidntnum><category>VEHICLE THEFT</category><descript>STOLEN AUTOMOBILE</descript><dayofweek>Sunday</dayofweek><date>2015-03-08T00:00:00</date><time>20:00</time><pddistrict>SOUTHERN</pddistrict><resolution>NONE</resolution><address>0 Block of 2ND ST</address><x>-122.400119980076</x><y>37.7881859042351</y><location human_address="{&quot;address&quot;:&quot;&quot;,&quot;city&quot;:&quot;&quot;,&quot;state&quot;:&quot;&quot;,&quot;zip&quot;:&quot;&quot;}" latitude="37.7881859042351" longitude="-122.400119980076" needs_recoding="false"/></row>