<?xml version="1.0" encoding="UTF-8"?><row _id="12543945" _uuid="E79E561A-4DC4-4EA7-853D-527397A56701" _position="12543945" _address="http://data.sfgov.org/resource/ritf-b9ki/12543945"><incidntnum>156035048</incidntnum><category>LARCENY/THEFT</category><descript>GRAND THEFT FROM LOCKED AUTO</descript><dayofweek>Saturday</dayofweek><date>2015-02-14T00:00:00</date><time>20:00</time><pddistrict>PARK</pddistrict><resolution>NONE</resolution><address>MCALLISTER ST / LYON ST</address><x>-122.443324444777</x><y>37.7771638194542</y><location human_address="{&quot;address&quot;:&quot;&quot;,&quot;city&quot;:&quot;&quot;,&quot;state&quot;:&quot;&quot;,&quot;zip&quot;:&quot;&quot;}" latitude="37.7771638194542" longitude="-122.443324444777" needs_recoding="false"/></row>