<?xml version="1.0" encoding="UTF-8"?><row _id="12544167" _uuid="26A8B4C5-A760-464F-93F4-77F914182E70" _position="12544167" _address="http://data.sfgov.org/resource/ritf-b9ki/12544167"><incidntnum>150139030</incidntnum><category>ASSAULT</category><descript>INFLICT INJURY ON COHABITEE</descript><dayofweek>Saturday</dayofweek><date>2015-02-14T00:00:00</date><time>23:08</time><pddistrict>TARAVAL</pddistrict><resolution>ARREST, BOOKED</resolution><address>1700 Block of 32ND AV</address><x>-122.49053526291</x><y>37.7545389018261</y><location human_address="{&quot;address&quot;:&quot;&quot;,&quot;city&quot;:&quot;&quot;,&quot;state&quot;:&quot;&quot;,&quot;zip&quot;:&quot;&quot;}" latitude="37.7545389018261" longitude="-122.49053526291" needs_recoding="false"/></row>