<?xml version="1.0" encoding="UTF-8"?><row _id="12544263" _uuid="7BC657A4-9EF9-42BD-A22A-66593A599410" _position="12544263" _address="http://data.sfgov.org/resource/ritf-b9ki/12544263"><incidntnum>150136741</incidntnum><category>NON-CRIMINAL</category><descript>AIDED CASE -PROPERTY FOR DESTRUCTION</descript><dayofweek>Saturday</dayofweek><date>2015-02-14T00:00:00</date><time>07:25</time><pddistrict>RICHMOND</pddistrict><resolution>NONE</resolution><address>400 Block of 6TH AV</address><x>-122.464279879446</x><y>37.7800332991006</y><location human_address="{&quot;address&quot;:&quot;&quot;,&quot;city&quot;:&quot;&quot;,&quot;state&quot;:&quot;&quot;,&quot;zip&quot;:&quot;&quot;}" latitude="37.7800332991006" longitude="-122.464279879446" needs_recoding="false"/></row>