<?xml version="1.0" encoding="UTF-8"?><row _id="12547332" _uuid="E0128D36-AFA1-4B73-8D82-3F4449FB3516" _position="12547332" _address="http://data.sfgov.org/resource/ritf-b9ki/12547332"><incidntnum>156038456</incidntnum><category>LARCENY/THEFT</category><descript>GRAND THEFT FROM LOCKED AUTO</descript><dayofweek>Wednesday</dayofweek><date>2015-02-18T00:00:00</date><time>23:00</time><pddistrict>NORTHERN</pddistrict><resolution>NONE</resolution><address>1500 Block of SUTTER ST</address><x>-122.425883358148</x><y>37.7870798144443</y><location human_address="{&quot;address&quot;:&quot;&quot;,&quot;city&quot;:&quot;&quot;,&quot;state&quot;:&quot;&quot;,&quot;zip&quot;:&quot;&quot;}" latitude="37.7870798144443" longitude="-122.425883358148" needs_recoding="false"/></row>