<?xml version="1.0" encoding="UTF-8"?><row _id="12545809" _uuid="E789D7F2-5959-4052-A364-229182EED7E1" _position="12545809" _address="http://data.sfgov.org/resource/ritf-b9ki/12545809"><incidntnum>150150694</incidntnum><category>OTHER OFFENSES</category><descript>PEDDLING WITHOUT A LICENSE</descript><dayofweek>Wednesday</dayofweek><date>2015-02-18T00:00:00</date><time>14:45</time><pddistrict>SOUTHERN</pddistrict><resolution>ARREST, BOOKED</resolution><address>7TH ST / MARKET ST</address><x>-122.412515341356</x><y>37.7804777480508</y><location human_address="{&quot;address&quot;:&quot;&quot;,&quot;city&quot;:&quot;&quot;,&quot;state&quot;:&quot;&quot;,&quot;zip&quot;:&quot;&quot;}" latitude="37.7804777480508" longitude="-122.412515341356" needs_recoding="false"/></row>