<?xml version="1.0" encoding="UTF-8"?><row _id="12544612" _uuid="42630884-27AF-4DCE-A3A2-4F9920848496" _position="12544612" _address="http://data.sfgov.org/resource/ritf-b9ki/12544612"><incidntnum>150140902</incidntnum><category>NON-CRIMINAL</category><descript>CIVIL SIDEWALKS, CITATION</descript><dayofweek>Sunday</dayofweek><date>2015-02-15T00:00:00</date><time>16:04</time><pddistrict>MISSION</pddistrict><resolution>ARREST, BOOKED</resolution><address>400 Block of CASTRO ST</address><x>-122.435012093789</x><y>37.7617677182954</y><location human_address="{&quot;address&quot;:&quot;&quot;,&quot;city&quot;:&quot;&quot;,&quot;state&quot;:&quot;&quot;,&quot;zip&quot;:&quot;&quot;}" latitude="37.7617677182954" longitude="-122.435012093789" needs_recoding="false"/></row>