<?xml version="1.0" encoding="UTF-8"?><row _id="12552071" _uuid="2D4F05B1-C2C9-4575-9AC2-54BC77BCF512" _position="12552071" _address="http://data.sfgov.org/resource/ritf-b9ki/12552071"><incidntnum>150197652</incidntnum><category>ASSAULT</category><descript>ATTEMPTED MAYHEM WITH BODILY FORCE</descript><dayofweek>Wednesday</dayofweek><date>2015-03-04T00:00:00</date><time>19:00</time><pddistrict>MISSION</pddistrict><resolution>ARREST, BOOKED</resolution><address>2400 Block of BRYANT ST</address><x>-122.409298233257</x><y>37.755184549826</y><location human_address="{&quot;address&quot;:&quot;&quot;,&quot;city&quot;:&quot;&quot;,&quot;state&quot;:&quot;&quot;,&quot;zip&quot;:&quot;&quot;}" latitude="37.755184549826" longitude="-122.409298233257" needs_recoding="false"/></row>