<?xml version="1.0" encoding="UTF-8"?><row _id="12549390" _uuid="1A273DA8-6805-4074-A682-CBC976915348" _position="12549390" _address="http://data.sfgov.org/resource/ritf-b9ki/12549390"><incidntnum>156040100</incidntnum><category>LARCENY/THEFT</category><descript>GRAND THEFT FROM LOCKED AUTO</descript><dayofweek>Wednesday</dayofweek><date>2015-02-18T00:00:00</date><time>16:00</time><pddistrict>NORTHERN</pddistrict><resolution>NONE</resolution><address>1400 Block of VALLEJO ST</address><x>-122.421143711132</x><y>37.796948073613</y><location human_address="{&quot;address&quot;:&quot;&quot;,&quot;city&quot;:&quot;&quot;,&quot;state&quot;:&quot;&quot;,&quot;zip&quot;:&quot;&quot;}" latitude="37.796948073613" longitude="-122.421143711132" needs_recoding="false"/></row>