<?xml version="1.0" encoding="UTF-8"?><row _id="12545524" _uuid="1DC4BD94-7931-47B6-902A-D5F39257AC3E" _position="12545524" _address="http://data.sfgov.org/resource/ritf-b9ki/12545524"><incidntnum>156039777</incidntnum><category>LARCENY/THEFT</category><descript>GRAND THEFT FROM LOCKED AUTO</descript><dayofweek>Wednesday</dayofweek><date>2015-02-18T00:00:00</date><time>12:30</time><pddistrict>PARK</pddistrict><resolution>NONE</resolution><address>2400 Block of GEARY BL</address><x>-122.44364285254</x><y>37.7829183663086</y><location human_address="{&quot;address&quot;:&quot;&quot;,&quot;city&quot;:&quot;&quot;,&quot;state&quot;:&quot;&quot;,&quot;zip&quot;:&quot;&quot;}" latitude="37.7829183663086" longitude="-122.44364285254" needs_recoding="false"/></row>