<?xml version="1.0" encoding="UTF-8"?><row _id="12546707" _uuid="E5E63A76-1EDB-468E-8449-22E4F6F389E8" _position="12546707" _address="http://data.sfgov.org/resource/ritf-b9ki/12546707"><incidntnum>150177234</incidntnum><category>OTHER OFFENSES</category><descript>DRIVERS LICENSE, SUSPENDED OR REVOKED</descript><dayofweek>Thursday</dayofweek><date>2015-02-26T00:00:00</date><time>15:50</time><pddistrict>RICHMOND</pddistrict><resolution>ARREST, BOOKED</resolution><address>FULTON ST / 36TH AV</address><x>-122.4959708572</x><y>37.7720291662959</y><location human_address="{&quot;address&quot;:&quot;&quot;,&quot;city&quot;:&quot;&quot;,&quot;state&quot;:&quot;&quot;,&quot;zip&quot;:&quot;&quot;}" latitude="37.7720291662959" longitude="-122.4959708572" needs_recoding="false"/></row>