<?xml version="1.0" encoding="UTF-8"?><row _id="12543781" _uuid="ED1593AC-59ED-44A0-BE4C-5D9C27EECFE7" _position="12543781" _address="http://data.sfgov.org/resource/ritf-b9ki/12543781"><incidntnum>150137620</incidntnum><category>VEHICLE THEFT</category><descript>STOLEN AUTOMOBILE</descript><dayofweek>Friday</dayofweek><date>2015-02-13T00:00:00</date><time>22:30</time><pddistrict>MISSION</pddistrict><resolution>NONE</resolution><address>800 Block of DOLORES ST</address><x>-122.425386540192</x><y>37.7558228377308</y><location human_address="{&quot;address&quot;:&quot;&quot;,&quot;city&quot;:&quot;&quot;,&quot;state&quot;:&quot;&quot;,&quot;zip&quot;:&quot;&quot;}" latitude="37.7558228377308" longitude="-122.425386540192" needs_recoding="false"/></row>