<?xml version="1.0" encoding="UTF-8"?><row _id="12543534" _uuid="DB87FE5D-D49A-4DAA-B9BC-861C3C9094A1" _position="12543534" _address="http://data.sfgov.org/resource/ritf-b9ki/12543534"><incidntnum>150137658</incidntnum><category>OTHER OFFENSES</category><descript>TRAFFIC VIOLATION ARREST</descript><dayofweek>Friday</dayofweek><date>2015-02-13T00:00:00</date><time>22:00</time><pddistrict>RICHMOND</pddistrict><resolution>ARREST, BOOKED</resolution><address>18TH AV / LAKE ST</address><x>-122.477643886903</x><y>37.7860782983867</y><location human_address="{&quot;address&quot;:&quot;&quot;,&quot;city&quot;:&quot;&quot;,&quot;state&quot;:&quot;&quot;,&quot;zip&quot;:&quot;&quot;}" latitude="37.7860782983867" longitude="-122.477643886903" needs_recoding="false"/></row>