<?xml version="1.0" encoding="UTF-8"?><row _id="12544981" _uuid="F2F825BC-5F8E-40B5-AF99-E39F7E28064F" _position="12544981" _address="http://data.sfgov.org/resource/ritf-b9ki/12544981"><incidntnum>150145601</incidntnum><category>NON-CRIMINAL</category><descript>FOUND PROPERTY</descript><dayofweek>Tuesday</dayofweek><date>2015-02-17T00:00:00</date><time>00:45</time><pddistrict>CENTRAL</pddistrict><resolution>NONE</resolution><address>EMERY LN / VALLEJO ST</address><x>-122.40964164011</x><y>37.7984698468754</y><location human_address="{&quot;address&quot;:&quot;&quot;,&quot;city&quot;:&quot;&quot;,&quot;state&quot;:&quot;&quot;,&quot;zip&quot;:&quot;&quot;}" latitude="37.7984698468754" longitude="-122.40964164011" needs_recoding="false"/></row>