<?xml version="1.0" encoding="UTF-8"?><row _id="12549163" _uuid="CACA42B3-BDDC-4394-9F6F-EEC36D4559CF" _position="12549163" _address="http://data.sfgov.org/resource/ritf-b9ki/12549163"><incidntnum>150180867</incidntnum><category>NON-CRIMINAL</category><descript>AIDED CASE</descript><dayofweek>Friday</dayofweek><date>2015-02-27T00:00:00</date><time>16:00</time><pddistrict>BAYVIEW</pddistrict><resolution>NONE</resolution><address>2100 Block of JENNINGS ST</address><x>-122.388904406633</x><y>37.7266917170382</y><location human_address="{&quot;address&quot;:&quot;&quot;,&quot;city&quot;:&quot;&quot;,&quot;state&quot;:&quot;&quot;,&quot;zip&quot;:&quot;&quot;}" latitude="37.7266917170382" longitude="-122.388904406633" needs_recoding="false"/></row>