<?xml version="1.0" encoding="UTF-8"?><row _id="12547260" _uuid="4E37C438-BD0A-43FF-B335-39E1BA5ECC44" _position="12547260" _address="http://data.sfgov.org/resource/ritf-b9ki/12547260"><incidntnum>150160182</incidntnum><category>SUSPICIOUS OCC</category><descript>SUSPICIOUS OCCURRENCE</descript><dayofweek>Saturday</dayofweek><date>2015-02-21T00:00:00</date><time>11:40</time><pddistrict>CENTRAL</pddistrict><resolution>NONE</resolution><address>2800 Block of JONES ST</address><x>-122.41728666358</x><y>37.8075604240144</y><location human_address="{&quot;address&quot;:&quot;&quot;,&quot;city&quot;:&quot;&quot;,&quot;state&quot;:&quot;&quot;,&quot;zip&quot;:&quot;&quot;}" latitude="37.8075604240144" longitude="-122.41728666358" needs_recoding="false"/></row>