<?xml version="1.0" encoding="UTF-8"?><row _id="12544341" _uuid="39A9C451-2BC7-4D61-B533-EE2286014E50" _position="12544341" _address="http://data.sfgov.org/resource/ritf-b9ki/12544341"><incidntnum>150141574</incidntnum><category>VEHICLE THEFT</category><descript>STOLEN TRUCK</descript><dayofweek>Sunday</dayofweek><date>2015-02-15T00:00:00</date><time>19:00</time><pddistrict>INGLESIDE</pddistrict><resolution>NONE</resolution><address>ELLINGTON AV / MOUNT VERNON AV</address><x>-122.443256438643</x><y>37.7150428049748</y><location human_address="{&quot;address&quot;:&quot;&quot;,&quot;city&quot;:&quot;&quot;,&quot;state&quot;:&quot;&quot;,&quot;zip&quot;:&quot;&quot;}" latitude="37.7150428049748" longitude="-122.443256438643" needs_recoding="false"/></row>