<?xml version="1.0" encoding="UTF-8"?><row _id="12544688" _uuid="3EC8B4C7-FC33-4767-914E-5B95EB588DC0" _position="12544688" _address="http://data.sfgov.org/resource/ritf-b9ki/12544688"><incidntnum>150145065</incidntnum><category>NON-CRIMINAL</category><descript>FOUND PROPERTY</descript><dayofweek>Monday</dayofweek><date>2015-02-16T00:00:00</date><time>18:30</time><pddistrict>CENTRAL</pddistrict><resolution>NONE</resolution><address>BATTERY ST / UNION ST</address><x>-122.401619164233</x><y>37.8013820909073</y><location human_address="{&quot;address&quot;:&quot;&quot;,&quot;city&quot;:&quot;&quot;,&quot;state&quot;:&quot;&quot;,&quot;zip&quot;:&quot;&quot;}" latitude="37.8013820909073" longitude="-122.401619164233" needs_recoding="false"/></row>