<?xml version="1.0" encoding="UTF-8"?><row _id="12545155" _uuid="801E3164-76E1-4893-B428-0B5E0BA661F7" _position="12545155" _address="http://data.sfgov.org/resource/ritf-b9ki/12545155"><incidntnum>150148194</incidntnum><category>WARRANTS</category><descript>WARRANT ARREST</descript><dayofweek>Tuesday</dayofweek><date>2015-02-17T00:00:00</date><time>19:45</time><pddistrict>BAYVIEW</pddistrict><resolution>ARREST, BOOKED</resolution><address>1400 Block of OAKDALE AV</address><x>-122.387527753438</x><y>37.7330549651025</y><location human_address="{&quot;address&quot;:&quot;&quot;,&quot;city&quot;:&quot;&quot;,&quot;state&quot;:&quot;&quot;,&quot;zip&quot;:&quot;&quot;}" latitude="37.7330549651025" longitude="-122.387527753438" needs_recoding="false"/></row>