<?xml version="1.0" encoding="UTF-8"?><row _id="12567659" _uuid="71C7345D-A1B5-4BA3-A3DC-7E695ED860AC" _position="12567659" _address="http://data.sfgov.org/resource/ritf-b9ki/12567659"><incidntnum>150322075</incidntnum><category>MISSING PERSON</category><descript>MISSING ADULT</descript><dayofweek>Friday</dayofweek><date>2015-02-13T00:00:00</date><time>00:01</time><pddistrict>RICHMOND</pddistrict><resolution>EXCEPTIONAL CLEARANCE</resolution><address>300 Block of ARGUELLO BL</address><x>-122.459156870347</x><y>37.7844209056208</y><location human_address="{&quot;address&quot;:&quot;&quot;,&quot;city&quot;:&quot;&quot;,&quot;state&quot;:&quot;&quot;,&quot;zip&quot;:&quot;&quot;}" latitude="37.7844209056208" longitude="-122.459156870347" needs_recoding="false"/></row>