<?xml version="1.0" encoding="UTF-8"?><row _id="12547862" _uuid="586F6DD5-0100-4CEC-B2F9-0D300FE13197" _position="12547862" _address="http://data.sfgov.org/resource/ritf-b9ki/12547862"><incidntnum>150167207</incidntnum><category>LARCENY/THEFT</category><descript>PETTY THEFT FROM A BUILDING</descript><dayofweek>Monday</dayofweek><date>2015-02-23T00:00:00</date><time>09:00</time><pddistrict>PARK</pddistrict><resolution>NONE</resolution><address>2300 Block of GEARY BL</address><x>-122.442027369265</x><y>37.783111556712</y><location human_address="{&quot;address&quot;:&quot;&quot;,&quot;city&quot;:&quot;&quot;,&quot;state&quot;:&quot;&quot;,&quot;zip&quot;:&quot;&quot;}" latitude="37.783111556712" longitude="-122.442027369265" needs_recoding="false"/></row>