<?xml version="1.0" encoding="UTF-8"?><row _id="12543580" _uuid="1042ACB1-67C4-4826-AA7F-7AD521CAED09" _position="12543580" _address="http://data.sfgov.org/resource/ritf-b9ki/12543580"><incidntnum>150135276</incidntnum><category>SUSPICIOUS OCC</category><descript>SUSPICIOUS OCCURRENCE</descript><dayofweek>Friday</dayofweek><date>2015-02-13T00:00:00</date><time>10:15</time><pddistrict>SOUTHERN</pddistrict><resolution>NONE</resolution><address>1300 Block of MARKET ST</address><x>-122.416818891994</x><y>37.7769362014881</y><location human_address="{&quot;address&quot;:&quot;&quot;,&quot;city&quot;:&quot;&quot;,&quot;state&quot;:&quot;&quot;,&quot;zip&quot;:&quot;&quot;}" latitude="37.7769362014881" longitude="-122.416818891994" needs_recoding="false"/></row>