<?xml version="1.0" encoding="UTF-8"?><row _id="12547519" _uuid="3FE6F979-D71B-4305-A75D-0C3F71EE46B1" _position="12547519" _address="http://data.sfgov.org/resource/ritf-b9ki/12547519"><incidntnum>150163998</incidntnum><category>ROBBERY</category><descript>ROBBERY, BODILY FORCE</descript><dayofweek>Sunday</dayofweek><date>2015-02-22T00:00:00</date><time>18:05</time><pddistrict>SOUTHERN</pddistrict><resolution>NONE</resolution><address>900 Block of MARKET ST</address><x>-122.408595110869</x><y>37.7837069301545</y><location human_address="{&quot;address&quot;:&quot;&quot;,&quot;city&quot;:&quot;&quot;,&quot;state&quot;:&quot;&quot;,&quot;zip&quot;:&quot;&quot;}" latitude="37.7837069301545" longitude="-122.408595110869" needs_recoding="false"/></row>