<?xml version="1.0" encoding="UTF-8"?><row _id="12543635" _uuid="345716D0-92DA-47F9-8D5F-79748938836A" _position="12543635" _address="http://data.sfgov.org/resource/ritf-b9ki/12543635"><incidntnum>150137642</incidntnum><category>BURGLARY</category><descript>BURGLARY, FORCIBLE ENTRY</descript><dayofweek>Friday</dayofweek><date>2015-02-13T00:00:00</date><time>23:00</time><pddistrict>NORTHERN</pddistrict><resolution>NONE</resolution><address>1400 Block of CHESTNUT ST</address><x>-122.427204554762</x><y>37.8019111501587</y><location human_address="{&quot;address&quot;:&quot;&quot;,&quot;city&quot;:&quot;&quot;,&quot;state&quot;:&quot;&quot;,&quot;zip&quot;:&quot;&quot;}" latitude="37.8019111501587" longitude="-122.427204554762" needs_recoding="false"/></row>