<?xml version="1.0" encoding="UTF-8"?><row _id="12557263" _uuid="D73399F7-58D1-4CDA-9395-DD1A178AEF9F" _position="12557263" _address="http://data.sfgov.org/resource/ritf-b9ki/12557263"><incidntnum>150256145</incidntnum><category>SUSPICIOUS OCC</category><descript>SUSPICIOUS OCCURRENCE</descript><dayofweek>Saturday</dayofweek><date>2015-02-14T00:00:00</date><time>06:00</time><pddistrict>MISSION</pddistrict><resolution>NONE</resolution><address>22ND ST / BARTLETT ST</address><x>-122.419860961947</x><y>37.7553668828503</y><location human_address="{&quot;address&quot;:&quot;&quot;,&quot;city&quot;:&quot;&quot;,&quot;state&quot;:&quot;&quot;,&quot;zip&quot;:&quot;&quot;}" latitude="37.7553668828503" longitude="-122.419860961947" needs_recoding="false"/></row>