<?xml version="1.0" encoding="UTF-8"?><row _id="12547657" _uuid="1CA115DF-DF01-446E-8818-E8005650E64C" _position="12547657" _address="http://data.sfgov.org/resource/ritf-b9ki/12547657"><incidntnum>156045003</incidntnum><category>NON-CRIMINAL</category><descript>LOST PROPERTY</descript><dayofweek>Friday</dayofweek><date>2015-02-20T00:00:00</date><time>20:10</time><pddistrict>INGLESIDE</pddistrict><resolution>NONE</resolution><address>0 Block of COTTER ST</address><x>-122.433906686698</x><y>37.7277213848716</y><location human_address="{&quot;address&quot;:&quot;&quot;,&quot;city&quot;:&quot;&quot;,&quot;state&quot;:&quot;&quot;,&quot;zip&quot;:&quot;&quot;}" latitude="37.7277213848716" longitude="-122.433906686698" needs_recoding="false"/></row>