<?xml version="1.0" encoding="UTF-8"?><row _id="12543325" _uuid="86AF8A4E-6714-4095-9384-3427AF221344" _position="12543325" _address="http://data.sfgov.org/resource/ritf-b9ki/12543325"><incidntnum>150133424</incidntnum><category>LARCENY/THEFT</category><descript>GRAND THEFT FROM LOCKED AUTO</descript><dayofweek>Thursday</dayofweek><date>2015-02-12T00:00:00</date><time>23:16</time><pddistrict>CENTRAL</pddistrict><resolution>NONE</resolution><address>500 Block of JEFFERSON ST</address><x>-122.42128090873</x><y>37.8074680127272</y><location human_address="{&quot;address&quot;:&quot;&quot;,&quot;city&quot;:&quot;&quot;,&quot;state&quot;:&quot;&quot;,&quot;zip&quot;:&quot;&quot;}" latitude="37.8074680127272" longitude="-122.42128090873" needs_recoding="false"/></row>