<?xml version="1.0" encoding="UTF-8"?><row _id="12546931" _uuid="D9646C88-E434-4D84-B04A-92BEA9B3233E" _position="12546931" _address="http://data.sfgov.org/resource/ritf-b9ki/12546931"><incidntnum>156054446</incidntnum><category>NON-CRIMINAL</category><descript>LOST PROPERTY</descript><dayofweek>Tuesday</dayofweek><date>2015-02-17T00:00:00</date><time>13:30</time><pddistrict>CENTRAL</pddistrict><resolution>NONE</resolution><address>CHESTNUT ST / SANSOME ST</address><x>-122.403532080065</x><y>37.8049688863959</y><location human_address="{&quot;address&quot;:&quot;&quot;,&quot;city&quot;:&quot;&quot;,&quot;state&quot;:&quot;&quot;,&quot;zip&quot;:&quot;&quot;}" latitude="37.8049688863959" longitude="-122.403532080065" needs_recoding="false"/></row>