<?xml version="1.0" encoding="UTF-8"?><row _id="12544873" _uuid="3A8EBB70-2952-4211-B2CF-679A619CCC95" _position="12544873" _address="http://data.sfgov.org/resource/ritf-b9ki/12544873"><incidntnum>150145695</incidntnum><category>BURGLARY</category><descript>BURGLARY, UNLAWFUL ENTRY</descript><dayofweek>Monday</dayofweek><date>2015-02-16T00:00:00</date><time>12:00</time><pddistrict>NORTHERN</pddistrict><resolution>NONE</resolution><address>0 Block of CHURCH ST</address><x>-122.429110027872</x><y>37.7698988323411</y><location human_address="{&quot;address&quot;:&quot;&quot;,&quot;city&quot;:&quot;&quot;,&quot;state&quot;:&quot;&quot;,&quot;zip&quot;:&quot;&quot;}" latitude="37.7698988323411" longitude="-122.429110027872" needs_recoding="false"/></row>