<?xml version="1.0" encoding="UTF-8"?><row _id="12547854" _uuid="06370670-90F3-4D7D-9F4D-18501E31A46E" _position="12547854" _address="http://data.sfgov.org/resource/ritf-b9ki/12547854"><incidntnum>150166798</incidntnum><category>SECONDARY CODES</category><descript>DOMESTIC VIOLENCE</descript><dayofweek>Sunday</dayofweek><date>2015-02-22T00:00:00</date><time>10:15</time><pddistrict>INGLESIDE</pddistrict><resolution>ARREST, BOOKED</resolution><address>400 Block of CORTLAND AV</address><x>-122.416829686014</x><y>37.7390362845646</y><location human_address="{&quot;address&quot;:&quot;&quot;,&quot;city&quot;:&quot;&quot;,&quot;state&quot;:&quot;&quot;,&quot;zip&quot;:&quot;&quot;}" latitude="37.7390362845646" longitude="-122.416829686014" needs_recoding="false"/></row>