<?xml version="1.0" encoding="UTF-8"?><row _id="12545117" _uuid="D370266F-9AB7-473C-B448-B239EABAB0F5" _position="12545117" _address="http://data.sfgov.org/resource/ritf-b9ki/12545117"><incidntnum>150147083</incidntnum><category>NON-CRIMINAL</category><descript>TARASOFF REPORT</descript><dayofweek>Tuesday</dayofweek><date>2015-02-17T00:00:00</date><time>12:00</time><pddistrict>MISSION</pddistrict><resolution>NONE</resolution><address>1000 Block of POTRERO AV</address><x>-122.406539115148</x><y>37.7564864109309</y><location human_address="{&quot;address&quot;:&quot;&quot;,&quot;city&quot;:&quot;&quot;,&quot;state&quot;:&quot;&quot;,&quot;zip&quot;:&quot;&quot;}" latitude="37.7564864109309" longitude="-122.406539115148" needs_recoding="false"/></row>