<?xml version="1.0" encoding="UTF-8"?><row _id="12544407" _uuid="2697129E-8E54-45D9-92FA-D7548C6CFA60" _position="12544407" _address="http://data.sfgov.org/resource/ritf-b9ki/12544407"><incidntnum>150139262</incidntnum><category>OTHER OFFENSES</category><descript>MISCELLANEOUS INVESTIGATION</descript><dayofweek>Sunday</dayofweek><date>2015-02-15T00:00:00</date><time>01:34</time><pddistrict>CENTRAL</pddistrict><resolution>NONE</resolution><address>700 Block of POWELL ST</address><x>-122.409007369565</x><y>37.7915837065255</y><location human_address="{&quot;address&quot;:&quot;&quot;,&quot;city&quot;:&quot;&quot;,&quot;state&quot;:&quot;&quot;,&quot;zip&quot;:&quot;&quot;}" latitude="37.7915837065255" longitude="-122.409007369565" needs_recoding="false"/></row>