<?xml version="1.0" encoding="UTF-8"?><row _id="12545004" _uuid="3A740B97-D336-4310-8111-076EAC8F5F04" _position="12545004" _address="http://data.sfgov.org/resource/ritf-b9ki/12545004"><incidntnum>150147516</incidntnum><category>OTHER OFFENSES</category><descript>TRAFFIC VIOLATION ARREST</descript><dayofweek>Tuesday</dayofweek><date>2015-02-17T00:00:00</date><time>17:05</time><pddistrict>TARAVAL</pddistrict><resolution>ARREST, BOOKED</resolution><address>RANDOLPH ST / RAMSELL ST</address><x>-122.466196824742</x><y>37.7142802754796</y><location human_address="{&quot;address&quot;:&quot;&quot;,&quot;city&quot;:&quot;&quot;,&quot;state&quot;:&quot;&quot;,&quot;zip&quot;:&quot;&quot;}" latitude="37.7142802754796" longitude="-122.466196824742" needs_recoding="false"/></row>