<?xml version="1.0" encoding="UTF-8"?><row _id="12547131" _uuid="638E2AA8-E24E-4E20-9514-F4A6AA798ABD" _position="12547131" _address="http://data.sfgov.org/resource/ritf-b9ki/12547131"><incidntnum>150155854</incidntnum><category>ASSAULT</category><descript>BATTERY</descript><dayofweek>Friday</dayofweek><date>2015-02-20T00:00:00</date><time>08:45</time><pddistrict>SOUTHERN</pddistrict><resolution>NONE</resolution><address>0 Block of NEWMONTGOMERY ST</address><x>-122.401817240144</x><y>37.788440503956</y><location human_address="{&quot;address&quot;:&quot;&quot;,&quot;city&quot;:&quot;&quot;,&quot;state&quot;:&quot;&quot;,&quot;zip&quot;:&quot;&quot;}" latitude="37.788440503956" longitude="-122.401817240144" needs_recoding="false"/></row>