<?xml version="1.0" encoding="UTF-8"?><row _id="12543591" _uuid="D0F161BB-702A-4B81-A9C5-1F03CC879475" _position="12543591" _address="http://data.sfgov.org/resource/ritf-b9ki/12543591"><incidntnum>150135759</incidntnum><category>ASSAULT</category><descript>INFLICT INJURY ON COHABITEE</descript><dayofweek>Friday</dayofweek><date>2015-02-13T00:00:00</date><time>19:05</time><pddistrict>BAYVIEW</pddistrict><resolution>ARREST, BOOKED</resolution><address>1700 Block of PALOU AV</address><x>-122.393696918834</x><y>37.7356272735926</y><location human_address="{&quot;address&quot;:&quot;&quot;,&quot;city&quot;:&quot;&quot;,&quot;state&quot;:&quot;&quot;,&quot;zip&quot;:&quot;&quot;}" latitude="37.7356272735926" longitude="-122.393696918834" needs_recoding="false"/></row>