<?xml version="1.0" encoding="UTF-8"?><row _id="12543465" _uuid="7DB3F690-790E-4F26-ABD2-7911C1081DF2" _position="12543465" _address="http://data.sfgov.org/resource/ritf-b9ki/12543465"><incidntnum>156034573</incidntnum><category>LARCENY/THEFT</category><descript>GRAND THEFT FROM LOCKED AUTO</descript><dayofweek>Friday</dayofweek><date>2015-02-13T00:00:00</date><time>23:20</time><pddistrict>NORTHERN</pddistrict><resolution>NONE</resolution><address>POLK ST / OFARRELL ST</address><x>-122.419549568783</x><y>37.7849590112628</y><location human_address="{&quot;address&quot;:&quot;&quot;,&quot;city&quot;:&quot;&quot;,&quot;state&quot;:&quot;&quot;,&quot;zip&quot;:&quot;&quot;}" latitude="37.7849590112628" longitude="-122.419549568783" needs_recoding="false"/></row>