<?xml version="1.0" encoding="UTF-8"?><row _id="12545324" _uuid="D8545379-97F3-4C99-9989-73CCE87F2888" _position="12545324" _address="http://data.sfgov.org/resource/ritf-b9ki/12545324"><incidntnum>150151147</incidntnum><category>OTHER OFFENSES</category><descript>DRIVERS LICENSE, SUSPENDED OR REVOKED</descript><dayofweek>Wednesday</dayofweek><date>2015-02-18T00:00:00</date><time>17:25</time><pddistrict>MISSION</pddistrict><resolution>ARREST, BOOKED</resolution><address>CASTRO ST / MARKET ST</address><x>-122.435187699349</x><y>37.7626702770872</y><location human_address="{&quot;address&quot;:&quot;&quot;,&quot;city&quot;:&quot;&quot;,&quot;state&quot;:&quot;&quot;,&quot;zip&quot;:&quot;&quot;}" latitude="37.7626702770872" longitude="-122.435187699349" needs_recoding="false"/></row>