<?xml version="1.0" encoding="UTF-8"?><row _id="12548319" _uuid="C1BC8379-33B5-427C-92A4-91781AAF69AF" _position="12548319" _address="http://data.sfgov.org/resource/ritf-b9ki/12548319"><incidntnum>156046114</incidntnum><category>LARCENY/THEFT</category><descript>GRAND THEFT FROM LOCKED AUTO</descript><dayofweek>Saturday</dayofweek><date>2015-02-14T00:00:00</date><time>18:00</time><pddistrict>SOUTHERN</pddistrict><resolution>NONE</resolution><address>800 Block of HOWARD ST</address><x>-122.403793259489</x><y>37.7823235897616</y><location human_address="{&quot;address&quot;:&quot;&quot;,&quot;city&quot;:&quot;&quot;,&quot;state&quot;:&quot;&quot;,&quot;zip&quot;:&quot;&quot;}" latitude="37.7823235897616" longitude="-122.403793259489" needs_recoding="false"/></row>