<?xml version="1.0" encoding="UTF-8"?><row _id="12547239" _uuid="F2F433C3-A33D-4933-964F-EFAFB7979003" _position="12547239" _address="http://data.sfgov.org/resource/ritf-b9ki/12547239"><incidntnum>150159527</incidntnum><category>LARCENY/THEFT</category><descript>PETTY THEFT FROM LOCKED AUTO</descript><dayofweek>Friday</dayofweek><date>2015-02-20T00:00:00</date><time>22:00</time><pddistrict>SOUTHERN</pddistrict><resolution>NONE</resolution><address>800 Block of HARRISON ST</address><x>-122.400799947914</x><y>37.7799338672319</y><location human_address="{&quot;address&quot;:&quot;&quot;,&quot;city&quot;:&quot;&quot;,&quot;state&quot;:&quot;&quot;,&quot;zip&quot;:&quot;&quot;}" latitude="37.7799338672319" longitude="-122.400799947914" needs_recoding="false"/></row>