<?xml version="1.0" encoding="UTF-8"?><row _id="12546997" _uuid="EC389727-D39D-4FEE-B69A-56318B36B082" _position="12546997" _address="http://data.sfgov.org/resource/ritf-b9ki/12546997"><incidntnum>150148655</incidntnum><category>DRUG/NARCOTIC</category><descript>POSSESSION OF BASE/ROCK COCAINE FOR SALE</descript><dayofweek>Tuesday</dayofweek><date>2015-02-17T00:00:00</date><time>22:51</time><pddistrict>TENDERLOIN</pddistrict><resolution>JUVENILE BOOKED</resolution><address>700 Block of OFARRELL ST</address><x>-122.417085357424</x><y>37.7852153590471</y><location human_address="{&quot;address&quot;:&quot;&quot;,&quot;city&quot;:&quot;&quot;,&quot;state&quot;:&quot;&quot;,&quot;zip&quot;:&quot;&quot;}" latitude="37.7852153590471" longitude="-122.417085357424" needs_recoding="false"/></row>