<?xml version="1.0" encoding="UTF-8"?><row _id="12549716" _uuid="C1B94625-743C-4210-94A2-77839121989B" _position="12549716" _address="http://data.sfgov.org/resource/ritf-b9ki/12549716"><incidntnum>150151727</incidntnum><category>LARCENY/THEFT</category><descript>THEFT OF COMPUTERS OR CELL PHONES</descript><dayofweek>Tuesday</dayofweek><date>2015-02-17T00:00:00</date><time>21:30</time><pddistrict>TENDERLOIN</pddistrict><resolution>NONE</resolution><address>100 Block of ELLIS ST</address><x>-122.409093228545</x><y>37.7853898217787</y><location human_address="{&quot;address&quot;:&quot;&quot;,&quot;city&quot;:&quot;&quot;,&quot;state&quot;:&quot;&quot;,&quot;zip&quot;:&quot;&quot;}" latitude="37.7853898217787" longitude="-122.409093228545" needs_recoding="false"/></row>