<?xml version="1.0" encoding="UTF-8"?><row _id="12544858" _uuid="43DEFF8B-2625-48DC-AA06-907DE5DA7087" _position="12544858" _address="http://data.sfgov.org/resource/ritf-b9ki/12544858"><incidntnum>150145297</incidntnum><category>LARCENY/THEFT</category><descript>GRAND THEFT FROM LOCKED AUTO</descript><dayofweek>Monday</dayofweek><date>2015-02-16T00:00:00</date><time>15:24</time><pddistrict>SOUTHERN</pddistrict><resolution>NONE</resolution><address>800 Block of MISSION ST</address><x>-122.405395493939</x><y>37.7835100715421</y><location human_address="{&quot;address&quot;:&quot;&quot;,&quot;city&quot;:&quot;&quot;,&quot;state&quot;:&quot;&quot;,&quot;zip&quot;:&quot;&quot;}" latitude="37.7835100715421" longitude="-122.405395493939" needs_recoding="false"/></row>