<?xml version="1.0" encoding="UTF-8"?><row _id="12543856" _uuid="866B9DBC-C508-43FA-8C3B-4BF6E2464A3F" _position="12543856" _address="http://data.sfgov.org/resource/ritf-b9ki/12543856"><incidntnum>156035866</incidntnum><category>LARCENY/THEFT</category><descript>GRAND THEFT FROM UNLOCKED AUTO</descript><dayofweek>Friday</dayofweek><date>2015-02-13T00:00:00</date><time>17:00</time><pddistrict>TARAVAL</pddistrict><resolution>NONE</resolution><address>100 Block of MERCED AV</address><x>-122.462033066148</x><y>37.7439544980687</y><location human_address="{&quot;address&quot;:&quot;&quot;,&quot;city&quot;:&quot;&quot;,&quot;state&quot;:&quot;&quot;,&quot;zip&quot;:&quot;&quot;}" latitude="37.7439544980687" longitude="-122.462033066148" needs_recoding="false"/></row>