<?xml version="1.0" encoding="UTF-8"?><row _id="12544367" _uuid="F517EB4D-EA0B-4964-B760-68B9A625B8E8" _position="12544367" _address="http://data.sfgov.org/resource/ritf-b9ki/12544367"><incidntnum>150146574</incidntnum><category>OTHER OFFENSES</category><descript>LOST/STOLEN LICENSE PLATE</descript><dayofweek>Sunday</dayofweek><date>2015-02-15T00:00:00</date><time>19:30</time><pddistrict>CENTRAL</pddistrict><resolution>NONE</resolution><address>MASON ST / GREENWICH ST</address><x>-122.412285208626</x><y>37.7990945041537</y><location human_address="{&quot;address&quot;:&quot;&quot;,&quot;city&quot;:&quot;&quot;,&quot;state&quot;:&quot;&quot;,&quot;zip&quot;:&quot;&quot;}" latitude="37.7990945041537" longitude="-122.412285208626" needs_recoding="false"/></row>