<?xml version="1.0" encoding="UTF-8"?><row _id="12546541" _uuid="15D040DC-7353-4E84-9BE9-7EBB79BD893D" _position="12546541" _address="http://data.sfgov.org/resource/ritf-b9ki/12546541"><incidntnum>150147356</incidntnum><category>WARRANTS</category><descript>WARRANT ARREST</descript><dayofweek>Tuesday</dayofweek><date>2015-02-17T00:00:00</date><time>15:07</time><pddistrict>CENTRAL</pddistrict><resolution>ARREST, BOOKED</resolution><address>GEARY ST / POWELL ST</address><x>-122.408231026261</x><y>37.787359494956</y><location human_address="{&quot;address&quot;:&quot;&quot;,&quot;city&quot;:&quot;&quot;,&quot;state&quot;:&quot;&quot;,&quot;zip&quot;:&quot;&quot;}" latitude="37.787359494956" longitude="-122.408231026261" needs_recoding="false"/></row>