<?xml version="1.0" encoding="UTF-8"?><row _id="12547368" _uuid="AB0D88DE-2CB7-4865-A46B-E87D5136E31B" _position="12547368" _address="http://data.sfgov.org/resource/ritf-b9ki/12547368"><incidntnum>150153676</incidntnum><category>ASSAULT</category><descript>THREATS AGAINST LIFE</descript><dayofweek>Thursday</dayofweek><date>2015-02-19T00:00:00</date><time>12:00</time><pddistrict>CENTRAL</pddistrict><resolution>NONE</resolution><address>400 Block of SUTTER ST</address><x>-122.407780790878</x><y>37.7892734176444</y><location human_address="{&quot;address&quot;:&quot;&quot;,&quot;city&quot;:&quot;&quot;,&quot;state&quot;:&quot;&quot;,&quot;zip&quot;:&quot;&quot;}" latitude="37.7892734176444" longitude="-122.407780790878" needs_recoding="false"/></row>