<?xml version="1.0" encoding="UTF-8"?><row _id="12544621" _uuid="A4235B6E-71A1-44F6-8735-3D025E8981F4" _position="12544621" _address="http://data.sfgov.org/resource/ritf-b9ki/12544621"><incidntnum>150142180</incidntnum><category>OTHER OFFENSES</category><descript>STAY AWAY ORDER VIOLATION, DV RELATED</descript><dayofweek>Sunday</dayofweek><date>2015-02-15T00:00:00</date><time>11:00</time><pddistrict>INGLESIDE</pddistrict><resolution>NONE</resolution><address>400 Block of CORTLAND AV</address><x>-122.417439996239</x><y>37.7390953736683</y><location human_address="{&quot;address&quot;:&quot;&quot;,&quot;city&quot;:&quot;&quot;,&quot;state&quot;:&quot;&quot;,&quot;zip&quot;:&quot;&quot;}" latitude="37.7390953736683" longitude="-122.417439996239" needs_recoding="false"/></row>