<?xml version="1.0" encoding="UTF-8"?><row _id="12544240" _uuid="4F6B753A-35CD-44D0-8DF4-0436D8344B06" _position="12544240" _address="http://data.sfgov.org/resource/ritf-b9ki/12544240"><incidntnum>150136484</incidntnum><category>WEAPON LAWS</category><descript>AMMUNITION, POSS. BY PROHIBITED PERSON</descript><dayofweek>Saturday</dayofweek><date>2015-02-14T00:00:00</date><time>01:00</time><pddistrict>MISSION</pddistrict><resolution>ARREST, BOOKED</resolution><address>20TH ST / SOUTH VAN NESS AV</address><x>-122.416872883664</x><y>37.7587640201132</y><location human_address="{&quot;address&quot;:&quot;&quot;,&quot;city&quot;:&quot;&quot;,&quot;state&quot;:&quot;&quot;,&quot;zip&quot;:&quot;&quot;}" latitude="37.7587640201132" longitude="-122.416872883664" needs_recoding="false"/></row>