<?xml version="1.0" encoding="UTF-8"?><row _id="12544960" _uuid="BF69A2AB-F9BE-4D07-BD2C-017775B5EB59" _position="12544960" _address="http://data.sfgov.org/resource/ritf-b9ki/12544960"><incidntnum>150142817</incidntnum><category>WEAPON LAWS</category><descript>SUSPICIOUS PACKAGE</descript><dayofweek>Monday</dayofweek><date>2015-02-16T00:00:00</date><time>08:51</time><pddistrict>NORTHERN</pddistrict><resolution>NONE</resolution><address>500 Block of TURK ST</address><x>-122.418171035148</x><y>37.782217858466</y><location human_address="{&quot;address&quot;:&quot;&quot;,&quot;city&quot;:&quot;&quot;,&quot;state&quot;:&quot;&quot;,&quot;zip&quot;:&quot;&quot;}" latitude="37.782217858466" longitude="-122.418171035148" needs_recoding="false"/></row>