<?xml version="1.0" encoding="UTF-8"?><row _id="12543748" _uuid="9537F8DE-7CBD-4DFC-85E7-5317A271E8AF" _position="12543748" _address="http://data.sfgov.org/resource/ritf-b9ki/12543748"><incidntnum>150134648</incidntnum><category>MISSING PERSON</category><descript>MISSING JUVENILE</descript><dayofweek>Friday</dayofweek><date>2015-02-13T00:00:00</date><time>11:22</time><pddistrict>SOUTHERN</pddistrict><resolution>NONE</resolution><address>0 Block of MOSS ST</address><x>-122.407999186749</x><y>37.7778241673064</y><location human_address="{&quot;address&quot;:&quot;&quot;,&quot;city&quot;:&quot;&quot;,&quot;state&quot;:&quot;&quot;,&quot;zip&quot;:&quot;&quot;}" latitude="37.7778241673064" longitude="-122.407999186749" needs_recoding="false"/></row>