<?xml version="1.0" encoding="UTF-8"?><row _id="12544122" _uuid="5D149DB5-8A3A-4F07-BC7C-12188CAD77ED" _position="12544122" _address="http://data.sfgov.org/resource/ritf-b9ki/12544122"><incidntnum>150138509</incidntnum><category>MISSING PERSON</category><descript>MISSING ADULT</descript><dayofweek>Saturday</dayofweek><date>2015-02-14T00:00:00</date><time>14:00</time><pddistrict>BAYVIEW</pddistrict><resolution>UNFOUNDED</resolution><address>1200 Block of PALOU AV</address><x>-122.384336676296</x><y>37.7303189803917</y><location human_address="{&quot;address&quot;:&quot;&quot;,&quot;city&quot;:&quot;&quot;,&quot;state&quot;:&quot;&quot;,&quot;zip&quot;:&quot;&quot;}" latitude="37.7303189803917" longitude="-122.384336676296" needs_recoding="false"/></row>