<?xml version="1.0" encoding="UTF-8"?><row _id="12544584" _uuid="9F6D33A7-957E-4A4D-BF15-9AD600B0A296" _position="12544584" _address="http://data.sfgov.org/resource/ritf-b9ki/12544584"><incidntnum>150140190</incidntnum><category>NON-CRIMINAL</category><descript>AIDED CASE, MENTAL DISTURBED</descript><dayofweek>Sunday</dayofweek><date>2015-02-15T00:00:00</date><time>11:40</time><pddistrict>CENTRAL</pddistrict><resolution>NONE</resolution><address>300 Block of SUTTER ST</address><x>-122.40618184105</x><y>37.7894765068014</y><location human_address="{&quot;address&quot;:&quot;&quot;,&quot;city&quot;:&quot;&quot;,&quot;state&quot;:&quot;&quot;,&quot;zip&quot;:&quot;&quot;}" latitude="37.7894765068014" longitude="-122.40618184105" needs_recoding="false"/></row>