<?xml version="1.0" encoding="UTF-8"?><row _id="12547194" _uuid="FEB4EFAC-C460-4F54-B2F1-0A3FA0DBB72C" _position="12547194" _address="http://data.sfgov.org/resource/ritf-b9ki/12547194"><incidntnum>150158206</incidntnum><category>MISSING PERSON</category><descript>MISSING JUVENILE</descript><dayofweek>Friday</dayofweek><date>2015-02-20T00:00:00</date><time>19:51</time><pddistrict>CENTRAL</pddistrict><resolution>NONE</resolution><address>500 Block of FRANCISCO ST</address><x>-122.41426677512</x><y>37.8046348825476</y><location human_address="{&quot;address&quot;:&quot;&quot;,&quot;city&quot;:&quot;&quot;,&quot;state&quot;:&quot;&quot;,&quot;zip&quot;:&quot;&quot;}" latitude="37.8046348825476" longitude="-122.41426677512" needs_recoding="false"/></row>