<?xml version="1.0" encoding="UTF-8"?><row _id="12543627" _uuid="A590EAE8-DB9B-41A8-9A8D-A2A5772DFB18" _position="12543627" _address="http://data.sfgov.org/resource/ritf-b9ki/12543627"><incidntnum>150136008</incidntnum><category>NON-CRIMINAL</category><descript>AIDED CASE</descript><dayofweek>Friday</dayofweek><date>2015-02-13T00:00:00</date><time>21:45</time><pddistrict>PARK</pddistrict><resolution>NONE</resolution><address>1900 Block of HAYES ST</address><x>-122.448511700788</x><y>37.7735725810079</y><location human_address="{&quot;address&quot;:&quot;&quot;,&quot;city&quot;:&quot;&quot;,&quot;state&quot;:&quot;&quot;,&quot;zip&quot;:&quot;&quot;}" latitude="37.7735725810079" longitude="-122.448511700788" needs_recoding="false"/></row>