<?xml version="1.0" encoding="UTF-8"?><row _id="12543481" _uuid="915CAAA6-4993-4464-93A1-0C161C91B52E" _position="12543481" _address="http://data.sfgov.org/resource/ritf-b9ki/12543481"><incidntnum>150136268</incidntnum><category>NON-CRIMINAL</category><descript>LOST PROPERTY</descript><dayofweek>Friday</dayofweek><date>2015-02-13T00:00:00</date><time>13:00</time><pddistrict>MISSION</pddistrict><resolution>NONE</resolution><address>17TH ST / VALENCIA ST</address><x>-122.421733767763</x><y>37.7632996945938</y><location human_address="{&quot;address&quot;:&quot;&quot;,&quot;city&quot;:&quot;&quot;,&quot;state&quot;:&quot;&quot;,&quot;zip&quot;:&quot;&quot;}" latitude="37.7632996945938" longitude="-122.421733767763" needs_recoding="false"/></row>