<?xml version="1.0" encoding="UTF-8"?><row _id="12545187" _uuid="BE62DB1F-5969-45A9-BFE1-2938D0F153A1" _position="12545187" _address="http://data.sfgov.org/resource/ritf-b9ki/12545187"><incidntnum>150148724</incidntnum><category>LARCENY/THEFT</category><descript>GRAND THEFT FROM LOCKED AUTO</descript><dayofweek>Tuesday</dayofweek><date>2015-02-17T00:00:00</date><time>19:30</time><pddistrict>SOUTHERN</pddistrict><resolution>NONE</resolution><address>900 Block of MISSION ST</address><x>-122.40805253847</x><y>37.7815668300024</y><location human_address="{&quot;address&quot;:&quot;&quot;,&quot;city&quot;:&quot;&quot;,&quot;state&quot;:&quot;&quot;,&quot;zip&quot;:&quot;&quot;}" latitude="37.7815668300024" longitude="-122.40805253847" needs_recoding="false"/></row>