<?xml version="1.0" encoding="UTF-8"?><row _id="12545570" _uuid="425610D5-0F30-4C16-8018-F6A2BC4515BE" _position="12545570" _address="http://data.sfgov.org/resource/ritf-b9ki/12545570"><incidntnum>150154599</incidntnum><category>WEAPON LAWS</category><descript>POSS OF LOADED FIREARM</descript><dayofweek>Thursday</dayofweek><date>2015-02-19T00:00:00</date><time>18:56</time><pddistrict>SOUTHERN</pddistrict><resolution>ARREST, BOOKED</resolution><address>MARKET ST / MASON ST</address><x>-122.408953598279</x><y>37.783287873572</y><location human_address="{&quot;address&quot;:&quot;&quot;,&quot;city&quot;:&quot;&quot;,&quot;state&quot;:&quot;&quot;,&quot;zip&quot;:&quot;&quot;}" latitude="37.783287873572" longitude="-122.408953598279" needs_recoding="false"/></row>