<?xml version="1.0" encoding="UTF-8"?><row _id="12543438" _uuid="715F37B2-FB9D-4454-9126-0077108010F8" _position="12543438" _address="http://data.sfgov.org/resource/ritf-b9ki/12543438"><incidntnum>150135555</incidntnum><category>DRUG/NARCOTIC</category><descript>POSSESSION OF CONTROLLED SUBSTANCE FOR SALE</descript><dayofweek>Friday</dayofweek><date>2015-02-13T00:00:00</date><time>18:40</time><pddistrict>NORTHERN</pddistrict><resolution>ARREST, BOOKED</resolution><address>HAYES ST / OCTAVIA ST</address><x>-122.424623480779</x><y>37.7766740025224</y><location human_address="{&quot;address&quot;:&quot;&quot;,&quot;city&quot;:&quot;&quot;,&quot;state&quot;:&quot;&quot;,&quot;zip&quot;:&quot;&quot;}" latitude="37.7766740025224" longitude="-122.424623480779" needs_recoding="false"/></row>