<?xml version="1.0" encoding="UTF-8"?><row _id="12543930" _uuid="D39D2733-0E6E-4069-9375-0F43A42E017D" _position="12543930" _address="http://data.sfgov.org/resource/ritf-b9ki/12543930"><incidntnum>150136428</incidntnum><category>ROBBERY</category><descript>ROBBERY ON THE STREET WITH A KNIFE</descript><dayofweek>Saturday</dayofweek><date>2015-02-14T00:00:00</date><time>01:15</time><pddistrict>SOUTHERN</pddistrict><resolution>NONE</resolution><address>STILLMAN ST / 2ND ST</address><x>-122.394152747236</x><y>37.7835046149776</y><location human_address="{&quot;address&quot;:&quot;&quot;,&quot;city&quot;:&quot;&quot;,&quot;state&quot;:&quot;&quot;,&quot;zip&quot;:&quot;&quot;}" latitude="37.7835046149776" longitude="-122.394152747236" needs_recoding="false"/></row>