<?xml version="1.0" encoding="UTF-8"?><row _id="12544024" _uuid="5FF9ABF5-F8BE-4789-949F-1B0465C0908D" _position="12544024" _address="http://data.sfgov.org/resource/ritf-b9ki/12544024"><incidntnum>150140667</incidntnum><category>WEAPON LAWS</category><descript>POSS OF LOADED FIREARM</descript><dayofweek>Saturday</dayofweek><date>2015-02-14T00:00:00</date><time>13:20</time><pddistrict>INGLESIDE</pddistrict><resolution>ARREST, BOOKED</resolution><address>HAHN ST / BLYTHDALE AV</address><x>-122.416647688858</x><y>37.7104738521701</y><location human_address="{&quot;address&quot;:&quot;&quot;,&quot;city&quot;:&quot;&quot;,&quot;state&quot;:&quot;&quot;,&quot;zip&quot;:&quot;&quot;}" latitude="37.7104738521701" longitude="-122.416647688858" needs_recoding="false"/></row>