<?xml version="1.0" encoding="UTF-8"?><row _id="12638261" _uuid="D2720165-43A6-419F-B97D-6B0C39839890" _position="12638261" _address="http://data.sfgov.org/resource/ritf-b9ki/12638261"><incidntnum>150850468</incidntnum><category>OTHER OFFENSES</category><descript>MISCELLANEOUS INVESTIGATION</descript><dayofweek>Sunday</dayofweek><date>2015-03-01T00:00:00</date><time>17:00</time><pddistrict>NORTHERN</pddistrict><resolution>NONE</resolution><address>GEARY BL / LAGUNA ST</address><x>-122.427991151911</x><y>37.7849531241612</y><location human_address="{&quot;address&quot;:&quot;&quot;,&quot;city&quot;:&quot;&quot;,&quot;state&quot;:&quot;&quot;,&quot;zip&quot;:&quot;&quot;}" latitude="37.7849531241612" longitude="-122.427991151911" needs_recoding="false"/></row>