<?xml version="1.0" encoding="UTF-8"?><row _id="12544205" _uuid="65BCEE58-AD69-4DA0-8370-9FEBA764EAC0" _position="12544205" _address="http://data.sfgov.org/resource/ritf-b9ki/12544205"><incidntnum>156039169</incidntnum><category>LARCENY/THEFT</category><descript>PETTY THEFT OF PROPERTY</descript><dayofweek>Saturday</dayofweek><date>2015-02-14T00:00:00</date><time>03:00</time><pddistrict>SOUTHERN</pddistrict><resolution>NONE</resolution><address>400 Block of 6TH ST</address><x>-122.403671442177</x><y>37.7770324435946</y><location human_address="{&quot;address&quot;:&quot;&quot;,&quot;city&quot;:&quot;&quot;,&quot;state&quot;:&quot;&quot;,&quot;zip&quot;:&quot;&quot;}" latitude="37.7770324435946" longitude="-122.403671442177" needs_recoding="false"/></row>