<?xml version="1.0" encoding="UTF-8"?><row _id="12543751" _uuid="447B1929-735A-404C-A6AC-121073E505E0" _position="12543751" _address="http://data.sfgov.org/resource/ritf-b9ki/12543751"><incidntnum>150134814</incidntnum><category>SECONDARY CODES</category><descript>JUVENILE INVOLVED</descript><dayofweek>Friday</dayofweek><date>2015-02-13T00:00:00</date><time>13:15</time><pddistrict>TARAVAL</pddistrict><resolution>UNFOUNDED</resolution><address>1800 Block of VICENTE ST</address><x>-122.48560378101</x><y>37.7388214326705</y><location human_address="{&quot;address&quot;:&quot;&quot;,&quot;city&quot;:&quot;&quot;,&quot;state&quot;:&quot;&quot;,&quot;zip&quot;:&quot;&quot;}" latitude="37.7388214326705" longitude="-122.48560378101" needs_recoding="false"/></row>