<?xml version="1.0" encoding="UTF-8"?><row _id="12557052" _uuid="5BFEAD0F-B060-4F63-92F5-2C8E08DFF4B3" _position="12557052" _address="http://data.sfgov.org/resource/ritf-b9ki/12557052"><incidntnum>150251151</incidntnum><category>LARCENY/THEFT</category><descript>GRAND THEFT FROM PERSON</descript><dayofweek>Wednesday</dayofweek><date>2015-03-04T00:00:00</date><time>14:00</time><pddistrict>BAYVIEW</pddistrict><resolution>NONE</resolution><address>1400 Block of WALLACE AV</address><x>-122.388280728801</x><y>37.7259394987225</y><location human_address="{&quot;address&quot;:&quot;&quot;,&quot;city&quot;:&quot;&quot;,&quot;state&quot;:&quot;&quot;,&quot;zip&quot;:&quot;&quot;}" latitude="37.7259394987225" longitude="-122.388280728801" needs_recoding="false"/></row>