<?xml version="1.0" encoding="UTF-8"?><row _id="12544740" _uuid="A264938C-BE1F-4598-81F2-951FB56073B3" _position="12544740" _address="http://data.sfgov.org/resource/ritf-b9ki/12544740"><incidntnum>150142287</incidntnum><category>OTHER OFFENSES</category><descript>MISCELLANEOUS INVESTIGATION</descript><dayofweek>Monday</dayofweek><date>2015-02-16T00:00:00</date><time>01:01</time><pddistrict>CENTRAL</pddistrict><resolution>UNFOUNDED</resolution><address>1500 Block of GRANT AV</address><x>-122.407775929611</x><y>37.8012484334227</y><location human_address="{&quot;address&quot;:&quot;&quot;,&quot;city&quot;:&quot;&quot;,&quot;state&quot;:&quot;&quot;,&quot;zip&quot;:&quot;&quot;}" latitude="37.8012484334227" longitude="-122.407775929611" needs_recoding="false"/></row>