<?xml version="1.0" encoding="UTF-8"?><row _id="12545247" _uuid="420A4A50-A7D3-4EAD-BD1E-24AE869ADB97" _position="12545247" _address="http://data.sfgov.org/resource/ritf-b9ki/12545247"><incidntnum>150148235</incidntnum><category>SUSPICIOUS OCC</category><descript>SUSPICIOUS OCCURRENCE</descript><dayofweek>Tuesday</dayofweek><date>2015-02-17T00:00:00</date><time>18:00</time><pddistrict>BAYVIEW</pddistrict><resolution>NONE</resolution><address>400 Block of GOETTINGEN ST</address><x>-122.40637929916</x><y>37.7262295342799</y><location human_address="{&quot;address&quot;:&quot;&quot;,&quot;city&quot;:&quot;&quot;,&quot;state&quot;:&quot;&quot;,&quot;zip&quot;:&quot;&quot;}" latitude="37.7262295342799" longitude="-122.40637929916" needs_recoding="false"/></row>