<?xml version="1.0" encoding="UTF-8"?><row _id="12547241" _uuid="666BE268-AF31-404E-8430-514176375CDC" _position="12547241" _address="http://data.sfgov.org/resource/ritf-b9ki/12547241"><incidntnum>150159696</incidntnum><category>NON-CRIMINAL</category><descript>FOUND PROPERTY</descript><dayofweek>Saturday</dayofweek><date>2015-02-21T00:00:00</date><time>09:50</time><pddistrict>TENDERLOIN</pddistrict><resolution>ARREST, BOOKED</resolution><address>0 Block of JONES ST</address><x>-122.412054141237</x><y>37.7816136403158</y><location human_address="{&quot;address&quot;:&quot;&quot;,&quot;city&quot;:&quot;&quot;,&quot;state&quot;:&quot;&quot;,&quot;zip&quot;:&quot;&quot;}" latitude="37.7816136403158" longitude="-122.412054141237" needs_recoding="false"/></row>