<?xml version="1.0" encoding="UTF-8"?><row _id="12543778" _uuid="04C5B33F-A35E-47DD-BE86-8C1DB35C5E09" _position="12543778" _address="http://data.sfgov.org/resource/ritf-b9ki/12543778"><incidntnum>150136230</incidntnum><category>MISSING PERSON</category><descript>MISSING JUVENILE</descript><dayofweek>Friday</dayofweek><date>2015-02-13T00:00:00</date><time>21:00</time><pddistrict>BAYVIEW</pddistrict><resolution>CLEARED-CONTACT JUVENILE FOR MORE INFO</resolution><address>1400 Block of PHELPS ST</address><x>-122.394438859914</x><y>37.7364438996732</y><location human_address="{&quot;address&quot;:&quot;&quot;,&quot;city&quot;:&quot;&quot;,&quot;state&quot;:&quot;&quot;,&quot;zip&quot;:&quot;&quot;}" latitude="37.7364438996732" longitude="-122.394438859914" needs_recoding="false"/></row>