<?xml version="1.0" encoding="UTF-8"?><row _id="12544117" _uuid="547B5B7B-A61A-42AD-8596-C6BD14E1E109" _position="12544117" _address="http://data.sfgov.org/resource/ritf-b9ki/12544117"><incidntnum>150137971</incidntnum><category>NON-CRIMINAL</category><descript>LOST PROPERTY</descript><dayofweek>Saturday</dayofweek><date>2015-02-14T00:00:00</date><time>14:00</time><pddistrict>CENTRAL</pddistrict><resolution>NONE</resolution><address>0 Block of DRUMM ST</address><x>-122.396421943768</x><y>37.7941447423704</y><location human_address="{&quot;address&quot;:&quot;&quot;,&quot;city&quot;:&quot;&quot;,&quot;state&quot;:&quot;&quot;,&quot;zip&quot;:&quot;&quot;}" latitude="37.7941447423704" longitude="-122.396421943768" needs_recoding="false"/></row>