<?xml version="1.0" encoding="UTF-8"?><row _id="12553208" _uuid="309FB43F-6E3C-4220-BA98-852850C2092F" _position="12553208" _address="http://data.sfgov.org/resource/ritf-b9ki/12553208"><incidntnum>150206827</incidntnum><category>OTHER OFFENSES</category><descript>TRAFFIC VIOLATION ARREST</descript><dayofweek>Saturday</dayofweek><date>2015-03-07T00:00:00</date><time>18:24</time><pddistrict>MISSION</pddistrict><resolution>ARREST, BOOKED</resolution><address>UTAH ST / 25TH ST</address><x>-122.405210474568</x><y>37.7517864145606</y><location human_address="{&quot;address&quot;:&quot;&quot;,&quot;city&quot;:&quot;&quot;,&quot;state&quot;:&quot;&quot;,&quot;zip&quot;:&quot;&quot;}" latitude="37.7517864145606" longitude="-122.405210474568" needs_recoding="false"/></row>