<?xml version="1.0" encoding="UTF-8"?><row _id="12545147" _uuid="D7C2BE0D-2518-4CA4-B80F-6B74A50F4E0B" _position="12545147" _address="http://data.sfgov.org/resource/ritf-b9ki/12545147"><incidntnum>150148053</incidntnum><category>LARCENY/THEFT</category><descript>PETTY THEFT SHOPLIFTING</descript><dayofweek>Tuesday</dayofweek><date>2015-02-17T00:00:00</date><time>17:50</time><pddistrict>CENTRAL</pddistrict><resolution>NONE</resolution><address>200 Block of GEARY ST</address><x>-122.407413025963</x><y>37.7874074125228</y><location human_address="{&quot;address&quot;:&quot;&quot;,&quot;city&quot;:&quot;&quot;,&quot;state&quot;:&quot;&quot;,&quot;zip&quot;:&quot;&quot;}" latitude="37.7874074125228" longitude="-122.407413025963" needs_recoding="false"/></row>