<?xml version="1.0" encoding="UTF-8"?><row _id="12559193" _uuid="7CFC6E91-3B7A-48E8-B7AD-414E44CB8CAE" _position="12559193" _address="http://data.sfgov.org/resource/ritf-b9ki/12559193"><incidntnum>150219610</incidntnum><category>NON-CRIMINAL</category><descript>COURTESY REPORT</descript><dayofweek>Tuesday</dayofweek><date>2015-02-24T00:00:00</date><time>15:00</time><pddistrict>MISSION</pddistrict><resolution>UNFOUNDED</resolution><address>900 Block of FLORIDA ST</address><x>-122.410517462775</x><y>37.756720759604</y><location human_address="{&quot;address&quot;:&quot;&quot;,&quot;city&quot;:&quot;&quot;,&quot;state&quot;:&quot;&quot;,&quot;zip&quot;:&quot;&quot;}" latitude="37.756720759604" longitude="-122.410517462775" needs_recoding="false"/></row>