<?xml version="1.0" encoding="UTF-8"?><row _id="12549756" _uuid="EE65753E-4F12-42F5-80D6-82BDDF1807BB" _position="12549756" _address="http://data.sfgov.org/resource/ritf-b9ki/12549756"><incidntnum>150162718</incidntnum><category>SUSPICIOUS OCC</category><descript>INVESTIGATIVE DETENTION</descript><dayofweek>Sunday</dayofweek><date>2015-02-22T00:00:00</date><time>09:54</time><pddistrict>SOUTHERN</pddistrict><resolution>NONE</resolution><address>600 Block of 4TH ST</address><x>-122.395411806894</x><y>37.7773551623763</y><location human_address="{&quot;address&quot;:&quot;&quot;,&quot;city&quot;:&quot;&quot;,&quot;state&quot;:&quot;&quot;,&quot;zip&quot;:&quot;&quot;}" latitude="37.7773551623763" longitude="-122.395411806894" needs_recoding="false"/></row>