<?xml version="1.0" encoding="UTF-8"?><row _id="12543832" _uuid="EE85D85A-E9C6-452F-AF8E-B5874F6B3626" _position="12543832" _address="http://data.sfgov.org/resource/ritf-b9ki/12543832"><incidntnum>156034056</incidntnum><category>LARCENY/THEFT</category><descript>GRAND THEFT FROM LOCKED AUTO</descript><dayofweek>Friday</dayofweek><date>2015-02-13T00:00:00</date><time>03:23</time><pddistrict>CENTRAL</pddistrict><resolution>NONE</resolution><address>1000 Block of COLUMBUS AV</address><x>-122.41580654704</x><y>37.8041134206826</y><location human_address="{&quot;address&quot;:&quot;&quot;,&quot;city&quot;:&quot;&quot;,&quot;state&quot;:&quot;&quot;,&quot;zip&quot;:&quot;&quot;}" latitude="37.8041134206826" longitude="-122.41580654704" needs_recoding="false"/></row>