<?xml version="1.0" encoding="UTF-8"?><row _id="12554381" _uuid="9AF71AE2-5193-45BA-84D4-9136F245ACE0" _position="12554381" _address="http://data.sfgov.org/resource/ritf-b9ki/12554381"><incidntnum>156059101</incidntnum><category>LARCENY/THEFT</category><descript>GRAND THEFT FROM UNLOCKED AUTO</descript><dayofweek>Monday</dayofweek><date>2015-03-09T00:00:00</date><time>09:10</time><pddistrict>CENTRAL</pddistrict><resolution>NONE</resolution><address>500 Block of THE EMBARCADERONORTH ST</address><x>-122.398586934103</x><y>37.7999893077504</y><location human_address="{&quot;address&quot;:&quot;&quot;,&quot;city&quot;:&quot;&quot;,&quot;state&quot;:&quot;&quot;,&quot;zip&quot;:&quot;&quot;}" latitude="37.7999893077504" longitude="-122.398586934103" needs_recoding="false"/></row>