<?xml version="1.0" encoding="UTF-8"?><row _id="12544540" _uuid="905DD37F-BD75-4A2D-BE5B-C715AF196116" _position="12544540" _address="http://data.sfgov.org/resource/ritf-b9ki/12544540"><incidntnum>150143235</incidntnum><category>MISSING PERSON</category><descript>MISSING ADULT</descript><dayofweek>Sunday</dayofweek><date>2015-02-15T00:00:00</date><time>16:28</time><pddistrict>CENTRAL</pddistrict><resolution>NONE</resolution><address>1100 Block of BUSH ST</address><x>-122.416221156508</x><y>37.7892672343725</y><location human_address="{&quot;address&quot;:&quot;&quot;,&quot;city&quot;:&quot;&quot;,&quot;state&quot;:&quot;&quot;,&quot;zip&quot;:&quot;&quot;}" latitude="37.7892672343725" longitude="-122.416221156508" needs_recoding="false"/></row>