<?xml version="1.0" encoding="UTF-8"?><row _id="12543976" _uuid="19F06ED1-4238-458A-824A-C2CAE693B31B" _position="12543976" _address="http://data.sfgov.org/resource/ritf-b9ki/12543976"><incidntnum>150138515</incidntnum><category>VANDALISM</category><descript>MALICIOUS MISCHIEF, VANDALISM OF VEHICLES</descript><dayofweek>Saturday</dayofweek><date>2015-02-14T00:00:00</date><time>18:00</time><pddistrict>BAYVIEW</pddistrict><resolution>NONE</resolution><address>ILLINOIS ST / 22ND ST</address><x>-122.387316279433</x><y>37.7580021664589</y><location human_address="{&quot;address&quot;:&quot;&quot;,&quot;city&quot;:&quot;&quot;,&quot;state&quot;:&quot;&quot;,&quot;zip&quot;:&quot;&quot;}" latitude="37.7580021664589" longitude="-122.387316279433" needs_recoding="false"/></row>