<?xml version="1.0" encoding="UTF-8"?><row _id="12573462" _uuid="A113098C-7DDE-4051-A39B-6AC678B3F04B" _position="12573462" _address="http://data.sfgov.org/resource/ritf-b9ki/12573462"><incidntnum>150141546</incidntnum><category>NON-CRIMINAL</category><descript>AIDED CASE</descript><dayofweek>Sunday</dayofweek><date>2015-02-15T00:00:00</date><time>19:25</time><pddistrict>CENTRAL</pddistrict><resolution>NONE</resolution><address>400 Block of POWELL ST</address><x>-122.408431861057</x><y>37.7887772719153</y><location human_address="{&quot;address&quot;:&quot;&quot;,&quot;city&quot;:&quot;&quot;,&quot;state&quot;:&quot;&quot;,&quot;zip&quot;:&quot;&quot;}" latitude="37.7887772719153" longitude="-122.408431861057" needs_recoding="false"/></row>