<?xml version="1.0" encoding="UTF-8"?><row _id="12548901" _uuid="7583838D-8F32-4856-BA95-6F1D3567E839" _position="12548901" _address="http://data.sfgov.org/resource/ritf-b9ki/12548901"><incidntnum>150157797</incidntnum><category>WARRANTS</category><descript>WARRANT ARREST</descript><dayofweek>Friday</dayofweek><date>2015-02-20T00:00:00</date><time>15:30</time><pddistrict>SOUTHERN</pddistrict><resolution>ARREST, BOOKED</resolution><address>800 Block of BRYANT ST</address><x>-122.403404791479</x><y>37.775420706711</y><location human_address="{&quot;address&quot;:&quot;&quot;,&quot;city&quot;:&quot;&quot;,&quot;state&quot;:&quot;&quot;,&quot;zip&quot;:&quot;&quot;}" latitude="37.775420706711" longitude="-122.403404791479" needs_recoding="false"/></row>