<?xml version="1.0" encoding="UTF-8"?><row _id="12555282" _uuid="2D3CA183-56D5-4831-82C9-AE981580E4C8" _position="12555282" _address="http://data.sfgov.org/resource/ritf-b9ki/12555282"><incidntnum>150220344</incidntnum><category>LARCENY/THEFT</category><descript>GRAND THEFT FROM PERSON</descript><dayofweek>Thursday</dayofweek><date>2015-03-12T00:00:00</date><time>02:20</time><pddistrict>TENDERLOIN</pddistrict><resolution>NONE</resolution><address>TURK ST / LEAVENWORTH ST</address><x>-122.414056291891</x><y>37.7827931071006</y><location human_address="{&quot;address&quot;:&quot;&quot;,&quot;city&quot;:&quot;&quot;,&quot;state&quot;:&quot;&quot;,&quot;zip&quot;:&quot;&quot;}" latitude="37.7827931071006" longitude="-122.414056291891" needs_recoding="false"/></row>