<?xml version="1.0" encoding="UTF-8"?><row _id="12550111" _uuid="09BAFC0D-71AE-4894-9875-04771D1E24F7" _position="12550111" _address="http://data.sfgov.org/resource/ritf-b9ki/12550111"><incidntnum>150177513</incidntnum><category>OTHER OFFENSES</category><descript>FALSE PERSONATION TO RECEIVE MONEY OR PROPERTY</descript><dayofweek>Saturday</dayofweek><date>2015-02-14T00:00:00</date><time>15:00</time><pddistrict>TARAVAL</pddistrict><resolution>NONE</resolution><address>1600 Block of 40TH AV</address><x>-122.499098046838</x><y>37.7560242103153</y><location human_address="{&quot;address&quot;:&quot;&quot;,&quot;city&quot;:&quot;&quot;,&quot;state&quot;:&quot;&quot;,&quot;zip&quot;:&quot;&quot;}" latitude="37.7560242103153" longitude="-122.499098046838" needs_recoding="false"/></row>