<?xml version="1.0" encoding="UTF-8"?><row _id="12553333" _uuid="A978465C-B438-48D5-B339-61D451294296" _position="12553333" _address="http://data.sfgov.org/resource/ritf-b9ki/12553333"><incidntnum>150206899</incidntnum><category>ROBBERY</category><descript>ROBBERY, BODILY FORCE</descript><dayofweek>Saturday</dayofweek><date>2015-03-07T00:00:00</date><time>18:40</time><pddistrict>PARK</pddistrict><resolution>NONE</resolution><address>1000 Block of HAYES ST</address><x>-122.433661492778</x><y>37.7754652277638</y><location human_address="{&quot;address&quot;:&quot;&quot;,&quot;city&quot;:&quot;&quot;,&quot;state&quot;:&quot;&quot;,&quot;zip&quot;:&quot;&quot;}" latitude="37.7754652277638" longitude="-122.433661492778" needs_recoding="false"/></row>