<?xml version="1.0" encoding="UTF-8"?><row _id="12544264" _uuid="8C3C8228-4F48-4A77-8AA9-101E5279AE05" _position="12544264" _address="http://data.sfgov.org/resource/ritf-b9ki/12544264"><incidntnum>150137404</incidntnum><category>SUSPICIOUS OCC</category><descript>INVESTIGATIVE DETENTION</descript><dayofweek>Saturday</dayofweek><date>2015-02-14T00:00:00</date><time>11:13</time><pddistrict>TARAVAL</pddistrict><resolution>NONE</resolution><address>1200 Block of 22ND AV</address><x>-122.480332622274</x><y>37.764348152351</y><location human_address="{&quot;address&quot;:&quot;&quot;,&quot;city&quot;:&quot;&quot;,&quot;state&quot;:&quot;&quot;,&quot;zip&quot;:&quot;&quot;}" latitude="37.764348152351" longitude="-122.480332622274" needs_recoding="false"/></row>