<?xml version="1.0" encoding="UTF-8"?><row _id="12545314" _uuid="C79BEE7D-8301-4072-9EC5-AE56DBB7D6D0" _position="12545314" _address="http://data.sfgov.org/resource/ritf-b9ki/12545314"><incidntnum>150150688</incidntnum><category>DRUG/NARCOTIC</category><descript>POSSESSION OF COCAINE</descript><dayofweek>Wednesday</dayofweek><date>2015-02-18T00:00:00</date><time>15:16</time><pddistrict>TENDERLOIN</pddistrict><resolution>ARREST, BOOKED</resolution><address>HYDE ST / FULTON ST</address><x>-122.415127837608</x><y>37.7797870676495</y><location human_address="{&quot;address&quot;:&quot;&quot;,&quot;city&quot;:&quot;&quot;,&quot;state&quot;:&quot;&quot;,&quot;zip&quot;:&quot;&quot;}" latitude="37.7797870676495" longitude="-122.415127837608" needs_recoding="false"/></row>