<?xml version="1.0" encoding="UTF-8"?><row _id="12544577" _uuid="0CD9B1E1-4D35-4ED5-8245-0A506D2EF8D1" _position="12544577" _address="http://data.sfgov.org/resource/ritf-b9ki/12544577"><incidntnum>156038252</incidntnum><category>LARCENY/THEFT</category><descript>GRAND THEFT FROM LOCKED AUTO</descript><dayofweek>Sunday</dayofweek><date>2015-02-15T00:00:00</date><time>23:00</time><pddistrict>SOUTHERN</pddistrict><resolution>NONE</resolution><address>800 Block of BRYANT ST</address><x>-122.403404791479</x><y>37.775420706711</y><location human_address="{&quot;address&quot;:&quot;&quot;,&quot;city&quot;:&quot;&quot;,&quot;state&quot;:&quot;&quot;,&quot;zip&quot;:&quot;&quot;}" latitude="37.775420706711" longitude="-122.403404791479" needs_recoding="false"/></row>