<?xml version="1.0" encoding="UTF-8"?><row _id="12543314" _uuid="EB74FCED-A868-4805-A9E1-C8300A46B99A" _position="12543314" _address="http://data.sfgov.org/resource/ritf-b9ki/12543314"><incidntnum>150133101</incidntnum><category>VEHICLE THEFT</category><descript>STOLEN AUTOMOBILE</descript><dayofweek>Thursday</dayofweek><date>2015-02-12T00:00:00</date><time>19:00</time><pddistrict>CENTRAL</pddistrict><resolution>NONE</resolution><address>2400 Block of HYDE ST</address><x>-122.419962043565</x><y>37.8040792506178</y><location human_address="{&quot;address&quot;:&quot;&quot;,&quot;city&quot;:&quot;&quot;,&quot;state&quot;:&quot;&quot;,&quot;zip&quot;:&quot;&quot;}" latitude="37.8040792506178" longitude="-122.419962043565" needs_recoding="false"/></row>