<?xml version="1.0" encoding="UTF-8"?><row _id="12544743" _uuid="71000BAF-530B-442C-834F-8979DCC1B893" _position="12544743" _address="http://data.sfgov.org/resource/ritf-b9ki/12544743"><incidntnum>150142334</incidntnum><category>ASSAULT</category><descript>ATTEMPTED MAYHEM WITH A DEADLY WEAPON</descript><dayofweek>Monday</dayofweek><date>2015-02-16T00:00:00</date><time>02:00</time><pddistrict>TENDERLOIN</pddistrict><resolution>NONE</resolution><address>0 Block of UNITEDNATIONS PZ</address><x>-122.414317857881</x><y>37.7799444052046</y><location human_address="{&quot;address&quot;:&quot;&quot;,&quot;city&quot;:&quot;&quot;,&quot;state&quot;:&quot;&quot;,&quot;zip&quot;:&quot;&quot;}" latitude="37.7799444052046" longitude="-122.414317857881" needs_recoding="false"/></row>