<?xml version="1.0" encoding="UTF-8"?><row _id="12543925" _uuid="7BD87BC8-0002-4A2A-8606-47EA444A0257" _position="12543925" _address="http://data.sfgov.org/resource/ritf-b9ki/12543925"><incidntnum>150138496</incidntnum><category>WARRANTS</category><descript>ENROUTE TO OUTSIDE JURISDICTION</descript><dayofweek>Saturday</dayofweek><date>2015-02-14T00:00:00</date><time>19:15</time><pddistrict>TENDERLOIN</pddistrict><resolution>ARREST, BOOKED</resolution><address>EDDY ST / MASON ST</address><x>-122.409313111431</x><y>37.7843478513151</y><location human_address="{&quot;address&quot;:&quot;&quot;,&quot;city&quot;:&quot;&quot;,&quot;state&quot;:&quot;&quot;,&quot;zip&quot;:&quot;&quot;}" latitude="37.7843478513151" longitude="-122.409313111431" needs_recoding="false"/></row>