<?xml version="1.0" encoding="UTF-8"?><row _id="12546044" _uuid="0C700436-C48E-4CDD-AE5D-905161995EC4" _position="12546044" _address="http://data.sfgov.org/resource/ritf-b9ki/12546044"><incidntnum>150161174</incidntnum><category>DRUG/NARCOTIC</category><descript>SALE OF MARIJUANA</descript><dayofweek>Saturday</dayofweek><date>2015-02-21T00:00:00</date><time>17:03</time><pddistrict>TARAVAL</pddistrict><resolution>ARREST, BOOKED</resolution><address>9TH AV / IRVING ST</address><x>-122.466309668238</x><y>37.7640368477306</y><location human_address="{&quot;address&quot;:&quot;&quot;,&quot;city&quot;:&quot;&quot;,&quot;state&quot;:&quot;&quot;,&quot;zip&quot;:&quot;&quot;}" latitude="37.7640368477306" longitude="-122.466309668238" needs_recoding="false"/></row>