<?xml version="1.0" encoding="UTF-8"?><row _id="12544450" _uuid="E898844C-E8F3-4AB8-8747-9C81512B4839" _position="12544450" _address="http://data.sfgov.org/resource/ritf-b9ki/12544450"><incidntnum>150140162</incidntnum><category>ASSAULT</category><descript>AGGRAVATED ASSAULT WITH BODILY FORCE</descript><dayofweek>Sunday</dayofweek><date>2015-02-15T00:00:00</date><time>11:00</time><pddistrict>INGLESIDE</pddistrict><resolution>NONE</resolution><address>3300 Block of MISSION ST</address><x>-122.422141862352</x><y>37.7422279842217</y><location human_address="{&quot;address&quot;:&quot;&quot;,&quot;city&quot;:&quot;&quot;,&quot;state&quot;:&quot;&quot;,&quot;zip&quot;:&quot;&quot;}" latitude="37.7422279842217" longitude="-122.422141862352" needs_recoding="false"/></row>