<?xml version="1.0" encoding="UTF-8"?><row _id="12555686" _uuid="9A6D8EEE-12D3-417B-957D-610575535456" _position="12555686" _address="http://data.sfgov.org/resource/ritf-b9ki/12555686"><incidntnum>150225974</incidntnum><category>NON-CRIMINAL</category><descript>FOUND PROPERTY</descript><dayofweek>Friday</dayofweek><date>2015-03-13T00:00:00</date><time>17:00</time><pddistrict>BAYVIEW</pddistrict><resolution>NONE</resolution><address>DWIGHT ST / GIRARD ST</address><x>-122.403105722234</x><y>37.7237770796397</y><location human_address="{&quot;address&quot;:&quot;&quot;,&quot;city&quot;:&quot;&quot;,&quot;state&quot;:&quot;&quot;,&quot;zip&quot;:&quot;&quot;}" latitude="37.7237770796397" longitude="-122.403105722234" needs_recoding="false"/></row>