<?xml version="1.0" encoding="UTF-8"?><row _id="12543230" _uuid="08698ABF-4214-4237-8B29-16AF462A1F59" _position="12543230" _address="http://data.sfgov.org/resource/ritf-b9ki/12543230"><incidntnum>150133753</incidntnum><category>MISSING PERSON</category><descript>MISSING ADULT</descript><dayofweek>Thursday</dayofweek><date>2015-02-12T00:00:00</date><time>15:00</time><pddistrict>NORTHERN</pddistrict><resolution>NONE</resolution><address>2200 Block of CLAY ST</address><x>-122.430118762295</x><y>37.791286303662</y><location human_address="{&quot;address&quot;:&quot;&quot;,&quot;city&quot;:&quot;&quot;,&quot;state&quot;:&quot;&quot;,&quot;zip&quot;:&quot;&quot;}" latitude="37.791286303662" longitude="-122.430118762295" needs_recoding="false"/></row>