<?xml version="1.0" encoding="UTF-8"?><row _id="12545270" _uuid="01449487-3E0A-4601-883F-9E04FA521F22" _position="12545270" _address="http://data.sfgov.org/resource/ritf-b9ki/12545270"><incidntnum>150147102</incidntnum><category>NON-CRIMINAL</category><descript>AIDED CASE -PROPERTY FOR DESTRUCTION</descript><dayofweek>Tuesday</dayofweek><date>2015-02-17T00:00:00</date><time>15:40</time><pddistrict>RICHMOND</pddistrict><resolution>NONE</resolution><address>200 Block of 30TH AV</address><x>-122.490320830526</x><y>37.7839850365387</y><location human_address="{&quot;address&quot;:&quot;&quot;,&quot;city&quot;:&quot;&quot;,&quot;state&quot;:&quot;&quot;,&quot;zip&quot;:&quot;&quot;}" latitude="37.7839850365387" longitude="-122.490320830526" needs_recoding="false"/></row>