<?xml version="1.0" encoding="UTF-8"?><row _id="12545181" _uuid="587822A9-AE8B-40B6-AA57-A06275A44AE8" _position="12545181" _address="http://data.sfgov.org/resource/ritf-b9ki/12545181"><incidntnum>150148661</incidntnum><category>ASSAULT</category><descript>THREATS AGAINST LIFE</descript><dayofweek>Tuesday</dayofweek><date>2015-02-17T00:00:00</date><time>22:35</time><pddistrict>PARK</pddistrict><resolution>ARREST, BOOKED</resolution><address>2000 Block of EDDY ST</address><x>-122.440886713564</x><y>37.780386020106</y><location human_address="{&quot;address&quot;:&quot;&quot;,&quot;city&quot;:&quot;&quot;,&quot;state&quot;:&quot;&quot;,&quot;zip&quot;:&quot;&quot;}" latitude="37.780386020106" longitude="-122.440886713564" needs_recoding="false"/></row>