<?xml version="1.0" encoding="UTF-8"?><row _id="12543393" _uuid="3000F0FB-1675-4ABD-BBCE-1C150EF14B3D" _position="12543393" _address="http://data.sfgov.org/resource/ritf-b9ki/12543393"><incidntnum>150132501</incidntnum><category>WARRANTS</category><descript>PROBATION SEARCH</descript><dayofweek>Thursday</dayofweek><date>2015-02-12T00:00:00</date><time>16:18</time><pddistrict>MISSION</pddistrict><resolution>ARREST, BOOKED</resolution><address>HARRISON ST / 13TH ST</address><x>-122.413388483267</x><y>37.7695006538677</y><location human_address="{&quot;address&quot;:&quot;&quot;,&quot;city&quot;:&quot;&quot;,&quot;state&quot;:&quot;&quot;,&quot;zip&quot;:&quot;&quot;}" latitude="37.7695006538677" longitude="-122.413388483267" needs_recoding="false"/></row>