<?xml version="1.0" encoding="UTF-8"?><row _id="12544503" _uuid="14A46D78-EE57-4C4D-9DAD-25D8018FA388" _position="12544503" _address="http://data.sfgov.org/resource/ritf-b9ki/12544503"><incidntnum>150141762</incidntnum><category>WARRANTS</category><descript>ENROUTE TO OUTSIDE JURISDICTION</descript><dayofweek>Sunday</dayofweek><date>2015-02-15T00:00:00</date><time>21:25</time><pddistrict>SOUTHERN</pddistrict><resolution>ARREST, BOOKED</resolution><address>800 Block of BRYANT ST</address><x>-122.403404791479</x><y>37.775420706711</y><location human_address="{&quot;address&quot;:&quot;&quot;,&quot;city&quot;:&quot;&quot;,&quot;state&quot;:&quot;&quot;,&quot;zip&quot;:&quot;&quot;}" latitude="37.775420706711" longitude="-122.403404791479" needs_recoding="false"/></row>