<?xml version="1.0" encoding="UTF-8"?><row _id="12546726" _uuid="69AAC711-BBCB-4942-936B-887868B3E6FD" _position="12546726" _address="http://data.sfgov.org/resource/ritf-b9ki/12546726"><incidntnum>150182114</incidntnum><category>WARRANTS</category><descript>WARRANT ARREST</descript><dayofweek>Friday</dayofweek><date>2015-02-27T00:00:00</date><time>22:10</time><pddistrict>NORTHERN</pddistrict><resolution>ARREST, BOOKED</resolution><address>GREEN ST / VANNESS AV</address><x>-122.423795474162</x><y>37.7976162435673</y><location human_address="{&quot;address&quot;:&quot;&quot;,&quot;city&quot;:&quot;&quot;,&quot;state&quot;:&quot;&quot;,&quot;zip&quot;:&quot;&quot;}" latitude="37.7976162435673" longitude="-122.423795474162" needs_recoding="false"/></row>