<?xml version="1.0" encoding="UTF-8"?><row _id="12545098" _uuid="939F8E07-5FE1-4C8B-B3A2-520B42417365" _position="12545098" _address="http://data.sfgov.org/resource/ritf-b9ki/12545098"><incidntnum>150146609</incidntnum><category>WARRANTS</category><descript>ENROUTE TO DEPARTMENT OF CORRECTIONS</descript><dayofweek>Tuesday</dayofweek><date>2015-02-17T00:00:00</date><time>11:37</time><pddistrict>TENDERLOIN</pddistrict><resolution>ARREST, BOOKED</resolution><address>0 Block of STOCKTON ST</address><x>-122.406212878217</x><y>37.7860371623519</y><location human_address="{&quot;address&quot;:&quot;&quot;,&quot;city&quot;:&quot;&quot;,&quot;state&quot;:&quot;&quot;,&quot;zip&quot;:&quot;&quot;}" latitude="37.7860371623519" longitude="-122.406212878217" needs_recoding="false"/></row>