<?xml version="1.0" encoding="UTF-8"?><row _id="12549346" _uuid="E9C29621-F068-4BCE-91E3-7765E7E291FC" _position="12549346" _address="http://data.sfgov.org/resource/ritf-b9ki/12549346"><incidntnum>150151181</incidntnum><category>FRAUD</category><descript>IMPERSONATING A POLICE OFFICER</descript><dayofweek>Wednesday</dayofweek><date>2015-02-18T00:00:00</date><time>17:00</time><pddistrict>TARAVAL</pddistrict><resolution>NONE</resolution><address>1400 Block of 16TH AV</address><x>-122.473647259093</x><y>37.7608934249616</y><location human_address="{&quot;address&quot;:&quot;&quot;,&quot;city&quot;:&quot;&quot;,&quot;state&quot;:&quot;&quot;,&quot;zip&quot;:&quot;&quot;}" latitude="37.7608934249616" longitude="-122.473647259093" needs_recoding="false"/></row>