<?xml version="1.0" encoding="UTF-8"?><row _id="12545026" _uuid="9A51C9C9-B7C4-46ED-915B-7563624676A6" _position="12545026" _address="http://data.sfgov.org/resource/ritf-b9ki/12545026"><incidntnum>150148417</incidntnum><category>LARCENY/THEFT</category><descript>GRAND THEFT FROM PERSON</descript><dayofweek>Tuesday</dayofweek><date>2015-02-17T00:00:00</date><time>00:30</time><pddistrict>SOUTHERN</pddistrict><resolution>NONE</resolution><address>MARKET ST / 6TH ST</address><x>-122.41029351969</x><y>37.7822305870036</y><location human_address="{&quot;address&quot;:&quot;&quot;,&quot;city&quot;:&quot;&quot;,&quot;state&quot;:&quot;&quot;,&quot;zip&quot;:&quot;&quot;}" latitude="37.7822305870036" longitude="-122.41029351969" needs_recoding="false"/></row>