<?xml version="1.0" encoding="UTF-8"?><row _id="12545127" _uuid="4188D450-EF96-4AF3-A5C3-8C90B342A8F6" _position="12545127" _address="http://data.sfgov.org/resource/ritf-b9ki/12545127"><incidntnum>150147481</incidntnum><category>DRUG/NARCOTIC</category><descript>POSSESSION OF MARIJUANA</descript><dayofweek>Tuesday</dayofweek><date>2015-02-17T00:00:00</date><time>16:50</time><pddistrict>TENDERLOIN</pddistrict><resolution>ARREST, BOOKED</resolution><address>0 Block of UNITEDNATIONS PZ</address><x>-122.414317857881</x><y>37.7799444052046</y><location human_address="{&quot;address&quot;:&quot;&quot;,&quot;city&quot;:&quot;&quot;,&quot;state&quot;:&quot;&quot;,&quot;zip&quot;:&quot;&quot;}" latitude="37.7799444052046" longitude="-122.414317857881" needs_recoding="false"/></row>