<?xml version="1.0" encoding="UTF-8"?><row _id="12552001" _uuid="2E0CBA20-52BF-4D9F-A126-09A88AED336B" _position="12552001" _address="http://data.sfgov.org/resource/ritf-b9ki/12552001"><incidntnum>150195220</incidntnum><category>VEHICLE THEFT</category><descript>STOLEN AUTOMOBILE</descript><dayofweek>Wednesday</dayofweek><date>2015-03-04T00:00:00</date><time>04:11</time><pddistrict>TARAVAL</pddistrict><resolution>NONE</resolution><address>2300 Block of 19TH AV</address><x>-122.475834301218</x><y>37.743962321829</y><location human_address="{&quot;address&quot;:&quot;&quot;,&quot;city&quot;:&quot;&quot;,&quot;state&quot;:&quot;&quot;,&quot;zip&quot;:&quot;&quot;}" latitude="37.743962321829" longitude="-122.475834301218" needs_recoding="false"/></row>