<?xml version="1.0" encoding="UTF-8"?><row _id="12560308" _uuid="5C5ED5A4-5A2F-44C6-A938-1EFDC58587FF" _position="12560308" _address="http://data.sfgov.org/resource/ritf-b9ki/12560308"><incidntnum>150260544</incidntnum><category>NON-CRIMINAL</category><descript>LOST PROPERTY</descript><dayofweek>Monday</dayofweek><date>2015-03-23T00:00:00</date><time>18:00</time><pddistrict>NORTHERN</pddistrict><resolution>NONE</resolution><address>VANNESS AV / MCALLISTER ST</address><x>-122.420250482603</x><y>37.7800745746334</y><location human_address="{&quot;address&quot;:&quot;&quot;,&quot;city&quot;:&quot;&quot;,&quot;state&quot;:&quot;&quot;,&quot;zip&quot;:&quot;&quot;}" latitude="37.7800745746334" longitude="-122.420250482603" needs_recoding="false"/></row>