<?xml version="1.0" encoding="UTF-8"?><row _id="12550715" _uuid="685CE2B9-D6C4-49C8-A68D-26EC4B9F194F" _position="12550715" _address="http://data.sfgov.org/resource/ritf-b9ki/12550715"><incidntnum>156059612</incidntnum><category>LARCENY/THEFT</category><descript>GRAND THEFT FROM LOCKED AUTO</descript><dayofweek>Monday</dayofweek><date>2015-02-16T00:00:00</date><time>20:00</time><pddistrict>NORTHERN</pddistrict><resolution>NONE</resolution><address>MCALLISTER ST / LARKIN ST</address><x>-122.416948565876</x><y>37.7804689268479</y><location human_address="{&quot;address&quot;:&quot;&quot;,&quot;city&quot;:&quot;&quot;,&quot;state&quot;:&quot;&quot;,&quot;zip&quot;:&quot;&quot;}" latitude="37.7804689268479" longitude="-122.416948565876" needs_recoding="false"/></row>