<?xml version="1.0" encoding="UTF-8"?><row _id="12546354" _uuid="5DAF67D6-D115-43F6-BFE0-A9FDA7712A95" _position="12546354" _address="http://data.sfgov.org/resource/ritf-b9ki/12546354"><incidntnum>150168318</incidntnum><category>OTHER OFFENSES</category><descript>DRIVERS LICENSE, SUSPENDED OR REVOKED</descript><dayofweek>Monday</dayofweek><date>2015-02-23T00:00:00</date><time>23:20</time><pddistrict>INGLESIDE</pddistrict><resolution>ARREST, BOOKED</resolution><address>LISBON ST / AVALON AV</address><x>-122.430079307472</x><y>37.7266647858147</y><location human_address="{&quot;address&quot;:&quot;&quot;,&quot;city&quot;:&quot;&quot;,&quot;state&quot;:&quot;&quot;,&quot;zip&quot;:&quot;&quot;}" latitude="37.7266647858147" longitude="-122.430079307472" needs_recoding="false"/></row>