<?xml version="1.0" encoding="UTF-8"?><row _id="12545469" _uuid="50E37B53-EC89-48F8-A4B0-030D698D0E55" _position="12545469" _address="http://data.sfgov.org/resource/ritf-b9ki/12545469"><incidntnum>150151755</incidntnum><category>LARCENY/THEFT</category><descript>PETTY THEFT FROM UNLOCKED AUTO</descript><dayofweek>Wednesday</dayofweek><date>2015-02-18T00:00:00</date><time>11:00</time><pddistrict>RICHMOND</pddistrict><resolution>NONE</resolution><address>2000 Block of CLEMENT ST</address><x>-122.481130995007</x><y>37.7821310464848</y><location human_address="{&quot;address&quot;:&quot;&quot;,&quot;city&quot;:&quot;&quot;,&quot;state&quot;:&quot;&quot;,&quot;zip&quot;:&quot;&quot;}" latitude="37.7821310464848" longitude="-122.481130995007" needs_recoding="false"/></row>