<?xml version="1.0" encoding="UTF-8"?><row _id="12543988" _uuid="FA51002E-6A59-4115-939D-0065153918F5" _position="12543988" _address="http://data.sfgov.org/resource/ritf-b9ki/12543988"><incidntnum>156036610</incidntnum><category>LARCENY/THEFT</category><descript>GRAND THEFT OF PROPERTY</descript><dayofweek>Saturday</dayofweek><date>2015-02-14T00:00:00</date><time>21:30</time><pddistrict>SOUTHERN</pddistrict><resolution>NONE</resolution><address>2ND ST / BRANNAN ST</address><x>-122.392082305321</x><y>37.7818457722573</y><location human_address="{&quot;address&quot;:&quot;&quot;,&quot;city&quot;:&quot;&quot;,&quot;state&quot;:&quot;&quot;,&quot;zip&quot;:&quot;&quot;}" latitude="37.7818457722573" longitude="-122.392082305321" needs_recoding="false"/></row>