<?xml version="1.0" encoding="UTF-8"?><row _id="12549917" _uuid="CF209161-9664-439B-9948-3C511D85DB83" _position="12549917" _address="http://data.sfgov.org/resource/ritf-b9ki/12549917"><incidntnum>150178339</incidntnum><category>WARRANTS</category><descript>PROBATION SEARCH</descript><dayofweek>Thursday</dayofweek><date>2015-02-26T00:00:00</date><time>20:09</time><pddistrict>SOUTHERN</pddistrict><resolution>NONE</resolution><address>800 Block of BRYANT ST</address><x>-122.403404791479</x><y>37.775420706711</y><location human_address="{&quot;address&quot;:&quot;&quot;,&quot;city&quot;:&quot;&quot;,&quot;state&quot;:&quot;&quot;,&quot;zip&quot;:&quot;&quot;}" latitude="37.775420706711" longitude="-122.403404791479" needs_recoding="false"/></row>