<?xml version="1.0" encoding="UTF-8"?><row _id="12549748" _uuid="F62B4569-7143-413A-B688-52E66EC08AD7" _position="12549748" _address="http://data.sfgov.org/resource/ritf-b9ki/12549748"><incidntnum>150159163</incidntnum><category>ASSAULT</category><descript>BATTERY, FORMER SPOUSE OR DATING RELATIONSHIP</descript><dayofweek>Saturday</dayofweek><date>2015-02-21T00:00:00</date><time>02:24</time><pddistrict>SOUTHERN</pddistrict><resolution>ARREST, BOOKED</resolution><address>200 Block of KING ST</address><x>-122.393110640713</x><y>37.7773103219698</y><location human_address="{&quot;address&quot;:&quot;&quot;,&quot;city&quot;:&quot;&quot;,&quot;state&quot;:&quot;&quot;,&quot;zip&quot;:&quot;&quot;}" latitude="37.7773103219698" longitude="-122.393110640713" needs_recoding="false"/></row>