<?xml version="1.0" encoding="UTF-8"?><row _id="12545801" _uuid="3D82FDE6-7F04-4D7C-B7A3-AF4E782160BD" _position="12545801" _address="http://data.sfgov.org/resource/ritf-b9ki/12545801"><incidntnum>150146615</incidntnum><category>NON-CRIMINAL</category><descript>FOUND PROPERTY</descript><dayofweek>Tuesday</dayofweek><date>2015-02-17T00:00:00</date><time>11:40</time><pddistrict>SOUTHERN</pddistrict><resolution>NONE</resolution><address>5TH ST / MISSION ST</address><x>-122.406481972743</x><y>37.7827317884887</y><location human_address="{&quot;address&quot;:&quot;&quot;,&quot;city&quot;:&quot;&quot;,&quot;state&quot;:&quot;&quot;,&quot;zip&quot;:&quot;&quot;}" latitude="37.7827317884887" longitude="-122.406481972743" needs_recoding="false"/></row>