<?xml version="1.0" encoding="UTF-8"?><row _id="12544028" _uuid="B49CBC15-58CE-48B9-9975-9262A39BBDF1" _position="12544028" _address="http://data.sfgov.org/resource/ritf-b9ki/12544028"><incidntnum>156036585</incidntnum><category>LARCENY/THEFT</category><descript>GRAND THEFT FROM LOCKED AUTO</descript><dayofweek>Saturday</dayofweek><date>2015-02-14T00:00:00</date><time>13:30</time><pddistrict>SOUTHERN</pddistrict><resolution>NONE</resolution><address>11TH ST / HARRISON ST</address><x>-122.41248326348</x><y>37.7706305910776</y><location human_address="{&quot;address&quot;:&quot;&quot;,&quot;city&quot;:&quot;&quot;,&quot;state&quot;:&quot;&quot;,&quot;zip&quot;:&quot;&quot;}" latitude="37.7706305910776" longitude="-122.41248326348" needs_recoding="false"/></row>