<?xml version="1.0" encoding="UTF-8"?><row _id="12552267" _uuid="035B2943-AEF8-41F0-A27B-4C02F8FF5722" _position="12552267" _address="http://data.sfgov.org/resource/ritf-b9ki/12552267"><incidntnum>150200346</incidntnum><category>ASSAULT</category><descript>AGGRAVATED ASSAULT WITH BODILY FORCE</descript><dayofweek>Thursday</dayofweek><date>2015-03-05T00:00:00</date><time>16:02</time><pddistrict>SOUTHERN</pddistrict><resolution>NONE</resolution><address>MINNA ST / 6TH ST</address><x>-122.408162953857</x><y>37.7805345385278</y><location human_address="{&quot;address&quot;:&quot;&quot;,&quot;city&quot;:&quot;&quot;,&quot;state&quot;:&quot;&quot;,&quot;zip&quot;:&quot;&quot;}" latitude="37.7805345385278" longitude="-122.408162953857" needs_recoding="false"/></row>