<?xml version="1.0" encoding="UTF-8"?><row _id="12544490" _uuid="C73BCD58-6C6A-4409-A046-625290A63316" _position="12544490" _address="http://data.sfgov.org/resource/ritf-b9ki/12544490"><incidntnum>150141615</incidntnum><category>NON-CRIMINAL</category><descript>AIDED CASE, MENTAL DISTURBED</descript><dayofweek>Sunday</dayofweek><date>2015-02-15T00:00:00</date><time>19:45</time><pddistrict>INGLESIDE</pddistrict><resolution>NONE</resolution><address>0 Block of GOLDMINE DR</address><x>-122.437210226007</x><y>37.7438126629122</y><location human_address="{&quot;address&quot;:&quot;&quot;,&quot;city&quot;:&quot;&quot;,&quot;state&quot;:&quot;&quot;,&quot;zip&quot;:&quot;&quot;}" latitude="37.7438126629122" longitude="-122.437210226007" needs_recoding="false"/></row>