<?xml version="1.0" encoding="UTF-8"?><row _id="12543075" _uuid="CAA18466-DB2C-48FA-A186-19843F062309" _position="12543075" _address="http://data.sfgov.org/resource/ritf-b9ki/12543075"><incidntnum>150133402</incidntnum><category>OTHER OFFENSES</category><descript>DRIVERS LICENSE, SUSPENDED OR REVOKED</descript><dayofweek>Thursday</dayofweek><date>2015-02-12T00:00:00</date><time>23:30</time><pddistrict>INGLESIDE</pddistrict><resolution>ARREST, BOOKED</resolution><address>SCHWERIN ST / VISITACION AV</address><x>-122.410641280689</x><y>37.7122058691973</y><location human_address="{&quot;address&quot;:&quot;&quot;,&quot;city&quot;:&quot;&quot;,&quot;state&quot;:&quot;&quot;,&quot;zip&quot;:&quot;&quot;}" latitude="37.7122058691973" longitude="-122.410641280689" needs_recoding="false"/></row>