<?xml version="1.0" encoding="UTF-8"?><row _id="12543922" _uuid="9DD55B47-3369-4AB3-B37C-9D76827A3720" _position="12543922" _address="http://data.sfgov.org/resource/ritf-b9ki/12543922"><incidntnum>150136553</incidntnum><category>NON-CRIMINAL</category><descript>TRAFFIC ACCIDENT</descript><dayofweek>Saturday</dayofweek><date>2015-02-14T00:00:00</date><time>02:45</time><pddistrict>NORTHERN</pddistrict><resolution>ARREST, BOOKED</resolution><address>POST ST / FRANKLIN ST</address><x>-122.423217673913</x><y>37.7864017954155</y><location human_address="{&quot;address&quot;:&quot;&quot;,&quot;city&quot;:&quot;&quot;,&quot;state&quot;:&quot;&quot;,&quot;zip&quot;:&quot;&quot;}" latitude="37.7864017954155" longitude="-122.423217673913" needs_recoding="false"/></row>