<?xml version="1.0" encoding="UTF-8"?><row _id="12546986" _uuid="DD9E7B94-FAB0-4F70-BDBD-CB03EFC2C24B" _position="12546986" _address="http://data.sfgov.org/resource/ritf-b9ki/12546986"><incidntnum>150140140</incidntnum><category>BURGLARY</category><descript>BURGLARY, UNLAWFUL ENTRY</descript><dayofweek>Saturday</dayofweek><date>2015-02-14T00:00:00</date><time>23:00</time><pddistrict>NORTHERN</pddistrict><resolution>NONE</resolution><address>3600 Block of FILLMORE ST</address><x>-122.436634731484</x><y>37.803135683639</y><location human_address="{&quot;address&quot;:&quot;&quot;,&quot;city&quot;:&quot;&quot;,&quot;state&quot;:&quot;&quot;,&quot;zip&quot;:&quot;&quot;}" latitude="37.803135683639" longitude="-122.436634731484" needs_recoding="false"/></row>