<?xml version="1.0" encoding="UTF-8"?><row _id="12544293" _uuid="8CC34EC4-EFDE-467E-8436-E914D5991464" _position="12544293" _address="http://data.sfgov.org/resource/ritf-b9ki/12544293"><incidntnum>156035913</incidntnum><category>NON-CRIMINAL</category><descript>LOST PROPERTY</descript><dayofweek>Sunday</dayofweek><date>2015-02-15T00:00:00</date><time>15:00</time><pddistrict>NORTHERN</pddistrict><resolution>NONE</resolution><address>BRODERICK ST / CHESTNUT ST</address><x>-122.444518362139</x><y>37.7997650547629</y><location human_address="{&quot;address&quot;:&quot;&quot;,&quot;city&quot;:&quot;&quot;,&quot;state&quot;:&quot;&quot;,&quot;zip&quot;:&quot;&quot;}" latitude="37.7997650547629" longitude="-122.444518362139" needs_recoding="false"/></row>