<?xml version="1.0" encoding="UTF-8"?><row _id="12552758" _uuid="B6102FB2-A820-455F-98B0-391050B7F3A4" _position="12552758" _address="http://data.sfgov.org/resource/ritf-b9ki/12552758"><incidntnum>156063992</incidntnum><category>LARCENY/THEFT</category><descript>GRAND THEFT FROM LOCKED AUTO</descript><dayofweek>Monday</dayofweek><date>2015-02-16T00:00:00</date><time>18:35</time><pddistrict>SOUTHERN</pddistrict><resolution>NONE</resolution><address>HOWARD ST / THE EMBARCADEROSOUTH ST</address><x>-122.391004273278</x><y>37.7925182655105</y><location human_address="{&quot;address&quot;:&quot;&quot;,&quot;city&quot;:&quot;&quot;,&quot;state&quot;:&quot;&quot;,&quot;zip&quot;:&quot;&quot;}" latitude="37.7925182655105" longitude="-122.391004273278" needs_recoding="false"/></row>