<?xml version="1.0" encoding="UTF-8"?><row _id="12543949" _uuid="A1E1C5C7-4AA4-4143-9BA9-BDEDC4B3343C" _position="12543949" _address="http://data.sfgov.org/resource/ritf-b9ki/12543949"><incidntnum>156035941</incidntnum><category>NON-CRIMINAL</category><descript>LOST PROPERTY</descript><dayofweek>Saturday</dayofweek><date>2015-02-14T00:00:00</date><time>23:00</time><pddistrict>NORTHERN</pddistrict><resolution>NONE</resolution><address>PIERCE ST / GREENWICH ST</address><x>-122.439158371549</x><y>37.7985320495005</y><location human_address="{&quot;address&quot;:&quot;&quot;,&quot;city&quot;:&quot;&quot;,&quot;state&quot;:&quot;&quot;,&quot;zip&quot;:&quot;&quot;}" latitude="37.7985320495005" longitude="-122.439158371549" needs_recoding="false"/></row>