<?xml version="1.0" encoding="UTF-8"?><row _id="12544132" _uuid="D1EB2ED9-2E55-48BC-BBF4-8A9614870F10" _position="12544132" _address="http://data.sfgov.org/resource/ritf-b9ki/12544132"><incidntnum>150138979</incidntnum><category>BURGLARY</category><descript>BURGLARY OF RESIDENCE, UNLAWFUL ENTRY</descript><dayofweek>Saturday</dayofweek><date>2015-02-14T00:00:00</date><time>19:40</time><pddistrict>PARK</pddistrict><resolution>NONE</resolution><address>400 Block of STANYAN ST</address><x>-122.454403066889</x><y>37.7738178294781</y><location human_address="{&quot;address&quot;:&quot;&quot;,&quot;city&quot;:&quot;&quot;,&quot;state&quot;:&quot;&quot;,&quot;zip&quot;:&quot;&quot;}" latitude="37.7738178294781" longitude="-122.454403066889" needs_recoding="false"/></row>