<?xml version="1.0" encoding="UTF-8"?><row _id="12544595" _uuid="8E4BB130-ABE7-4B6B-BBD2-CC6AC9ED0E08" _position="12544595" _address="http://data.sfgov.org/resource/ritf-b9ki/12544595"><incidntnum>150141831</incidntnum><category>NON-CRIMINAL</category><descript>AIDED CASE, MENTAL DISTURBED</descript><dayofweek>Sunday</dayofweek><date>2015-02-15T00:00:00</date><time>20:22</time><pddistrict>TARAVAL</pddistrict><resolution>NONE</resolution><address>4100 Block of IRVING ST</address><x>-122.502313645004</x><y>37.7623956491177</y><location human_address="{&quot;address&quot;:&quot;&quot;,&quot;city&quot;:&quot;&quot;,&quot;state&quot;:&quot;&quot;,&quot;zip&quot;:&quot;&quot;}" latitude="37.7623956491177" longitude="-122.502313645004" needs_recoding="false"/></row>