<?xml version="1.0" encoding="UTF-8"?><row _id="12544214" _uuid="2171C4E2-FEFD-4DF2-8CAA-0A5A68E20159" _position="12544214" _address="http://data.sfgov.org/resource/ritf-b9ki/12544214"><incidntnum>156040473</incidntnum><category>NON-CRIMINAL</category><descript>LOST PROPERTY</descript><dayofweek>Saturday</dayofweek><date>2015-02-14T00:00:00</date><time>17:30</time><pddistrict>CENTRAL</pddistrict><resolution>NONE</resolution><address>0 Block of COSMO PL</address><x>-122.412111413372</x><y>37.7881797300266</y><location human_address="{&quot;address&quot;:&quot;&quot;,&quot;city&quot;:&quot;&quot;,&quot;state&quot;:&quot;&quot;,&quot;zip&quot;:&quot;&quot;}" latitude="37.7881797300266" longitude="-122.412111413372" needs_recoding="false"/></row>