<?xml version="1.0" encoding="UTF-8"?><row _id="12543331" _uuid="869A93D0-D2F7-4506-8CA5-50C7F57A7884" _position="12543331" _address="http://data.sfgov.org/resource/ritf-b9ki/12543331"><incidntnum>150134080</incidntnum><category>BURGLARY</category><descript>BURGLARY,STORE UNDER CONSTRUCTION, FORCIBLE ENTRY</descript><dayofweek>Thursday</dayofweek><date>2015-02-12T00:00:00</date><time>22:00</time><pddistrict>BAYVIEW</pddistrict><resolution>NONE</resolution><address>0 Block of INDUSTRIAL ST</address><x>-122.40138669885</x><y>37.7394046286445</y><location human_address="{&quot;address&quot;:&quot;&quot;,&quot;city&quot;:&quot;&quot;,&quot;state&quot;:&quot;&quot;,&quot;zip&quot;:&quot;&quot;}" latitude="37.7394046286445" longitude="-122.40138669885" needs_recoding="false"/></row>