<?xml version="1.0" encoding="UTF-8"?><row _id="12601663" _uuid="7EA4046F-D6DB-47DF-B8C2-1AF73D027915" _position="12601663" _address="http://data.sfgov.org/resource/ritf-b9ki/12601663"><incidntnum>150559159</incidntnum><category>BURGLARY</category><descript>BURGLARY OF STORE, FORCIBLE ENTRY</descript><dayofweek>Saturday</dayofweek><date>2015-06-27T00:00:00</date><time>02:32</time><pddistrict>CENTRAL</pddistrict><resolution>NONE</resolution><address>100 Block of GEARY ST</address><x>-122.405841476462</x><y>37.7877190985177</y><location human_address="{&quot;address&quot;:&quot;&quot;,&quot;city&quot;:&quot;&quot;,&quot;state&quot;:&quot;&quot;,&quot;zip&quot;:&quot;&quot;}" latitude="37.7877190985177" longitude="-122.405841476462" needs_recoding="false"/></row>