<?xml version="1.0" encoding="UTF-8"?><row _id="12599295" _uuid="57C0251A-E7AE-4198-A941-883E396D1DB7" _position="12599295" _address="http://data.sfgov.org/resource/ritf-b9ki/12599295"><incidntnum>150570804</incidntnum><category>FRAUD</category><descript>CREDIT CARD, THEFT BY USE OF</descript><dayofweek>Wednesday</dayofweek><date>2015-06-17T00:00:00</date><time>12:00</time><pddistrict>NORTHERN</pddistrict><resolution>NONE</resolution><address>2700 Block of FRANKLIN ST</address><x>-122.425977542452</x><y>37.7997412033067</y><location human_address="{&quot;address&quot;:&quot;&quot;,&quot;city&quot;:&quot;&quot;,&quot;state&quot;:&quot;&quot;,&quot;zip&quot;:&quot;&quot;}" latitude="37.7997412033067" longitude="-122.425977542452" needs_recoding="false"/></row>