<?xml version="1.0" encoding="UTF-8"?><row _id="12597350" _uuid="B5F8D8B0-1429-40D2-BB11-2DFA90410A83" _position="12597350" _address="http://data.sfgov.org/resource/ritf-b9ki/12597350"><incidntnum>150528079</incidntnum><category>ASSAULT</category><descript>BATTERY</descript><dayofweek>Wednesday</dayofweek><date>2015-06-17T00:00:00</date><time>08:40</time><pddistrict>INGLESIDE</pddistrict><resolution>ARREST, BOOKED</resolution><address>700 Block of NAPLES ST</address><x>-122.434095841453</x><y>37.7169233946931</y><location human_address="{&quot;address&quot;:&quot;&quot;,&quot;city&quot;:&quot;&quot;,&quot;state&quot;:&quot;&quot;,&quot;zip&quot;:&quot;&quot;}" latitude="37.7169233946931" longitude="-122.434095841453" needs_recoding="false"/></row>