<?xml version="1.0" encoding="UTF-8"?><row _id="12597133" _uuid="884D2C68-A561-4BE6-84A2-4B90BAB6AD35" _position="12597133" _address="http://data.sfgov.org/resource/ritf-b9ki/12597133"><incidntnum>150527269</incidntnum><category>OTHER OFFENSES</category><descript>THROWING INJURIOUS SUBSTANCE ON HIGHWAY</descript><dayofweek>Tuesday</dayofweek><date>2015-06-16T00:00:00</date><time>22:47</time><pddistrict>MISSION</pddistrict><resolution>ARREST, BOOKED</resolution><address>24TH ST / ALABAMA ST</address><x>-122.410962664755</x><y>37.752684919614</y><location human_address="{&quot;address&quot;:&quot;&quot;,&quot;city&quot;:&quot;&quot;,&quot;state&quot;:&quot;&quot;,&quot;zip&quot;:&quot;&quot;}" latitude="37.752684919614" longitude="-122.410962664755" needs_recoding="false"/></row>