<?xml version="1.0" encoding="UTF-8"?><row _id="12598247" _uuid="1E15381D-A625-43DC-8165-F3BEBC43DF4A" _position="12598247" _address="http://data.sfgov.org/resource/ritf-b9ki/12598247"><incidntnum>150535927</incidntnum><category>VEHICLE THEFT</category><descript>STOLEN AUTOMOBILE</descript><dayofweek>Friday</dayofweek><date>2015-06-19T00:00:00</date><time>11:00</time><pddistrict>INGLESIDE</pddistrict><resolution>NONE</resolution><address>400 Block of CORTLAND AV</address><x>-122.417450548901</x><y>37.7392070733909</y><location human_address="{&quot;address&quot;:&quot;&quot;,&quot;city&quot;:&quot;&quot;,&quot;state&quot;:&quot;&quot;,&quot;zip&quot;:&quot;&quot;}" latitude="37.7392070733909" longitude="-122.417450548901" needs_recoding="false"/></row>