<?xml version="1.0" encoding="UTF-8"?><row _id="12598307" _uuid="3894C14F-EF05-48CF-A6AB-8C2CF23877F0" _position="12598307" _address="http://data.sfgov.org/resource/ritf-b9ki/12598307"><incidntnum>150542427</incidntnum><category>LARCENY/THEFT</category><descript>GRAND THEFT FROM PERSON</descript><dayofweek>Friday</dayofweek><date>2015-06-19T00:00:00</date><time>14:00</time><pddistrict>TENDERLOIN</pddistrict><resolution>NONE</resolution><address>200 Block of LEAVENWORTH ST</address><x>-122.414081138014</x><y>37.7832767266062</y><location human_address="{&quot;address&quot;:&quot;&quot;,&quot;city&quot;:&quot;&quot;,&quot;state&quot;:&quot;&quot;,&quot;zip&quot;:&quot;&quot;}" latitude="37.7832767266062" longitude="-122.414081138014" needs_recoding="false"/></row>