<?xml version="1.0" encoding="UTF-8"?><row _id="12598634" _uuid="05C6AD9E-35F5-4CF1-992A-2A5C4DD52EFC" _position="12598634" _address="http://data.sfgov.org/resource/ritf-b9ki/12598634"><incidntnum>150537939</incidntnum><category>WEAPON LAWS</category><descript>EXHIBITING DEADLY WEAPON IN A THREATING MANNER</descript><dayofweek>Saturday</dayofweek><date>2015-06-20T00:00:00</date><time>14:13</time><pddistrict>CENTRAL</pddistrict><resolution>ARREST, BOOKED</resolution><address>300 Block of JEFFERSON ST</address><x>-122.418270696719</x><y>37.8078519838014</y><location human_address="{&quot;address&quot;:&quot;&quot;,&quot;city&quot;:&quot;&quot;,&quot;state&quot;:&quot;&quot;,&quot;zip&quot;:&quot;&quot;}" latitude="37.8078519838014" longitude="-122.418270696719" needs_recoding="false"/></row>