<?xml version="1.0" encoding="UTF-8"?><row _id="12599596" _uuid="7441C242-42C9-42E9-BDCC-4D4D8DBCEF8A" _position="12599596" _address="http://data.sfgov.org/resource/ritf-b9ki/12599596"><incidntnum>156152040</incidntnum><category>LARCENY/THEFT</category><descript>GRAND THEFT FROM LOCKED AUTO</descript><dayofweek>Monday</dayofweek><date>2015-06-22T00:00:00</date><time>16:00</time><pddistrict>NORTHERN</pddistrict><resolution>NONE</resolution><address>200 Block of OAK ST</address><x>-122.423371067788</x><y>37.774866634941</y><location human_address="{&quot;address&quot;:&quot;&quot;,&quot;city&quot;:&quot;&quot;,&quot;state&quot;:&quot;&quot;,&quot;zip&quot;:&quot;&quot;}" latitude="37.774866634941" longitude="-122.423371067788" needs_recoding="false"/></row>