<?xml version="1.0" encoding="UTF-8"?><row _id="12599448" _uuid="3FF6326C-D11F-496C-A1DA-222C11CAFF13" _position="12599448" _address="http://data.sfgov.org/resource/ritf-b9ki/12599448"><incidntnum>150550000</incidntnum><category>LARCENY/THEFT</category><descript>PETTY THEFT FROM LOCKED AUTO</descript><dayofweek>Monday</dayofweek><date>2015-06-22T00:00:00</date><time>18:00</time><pddistrict>CENTRAL</pddistrict><resolution>NONE</resolution><address>PACIFIC AV / MONTGOMERY ST</address><x>-122.403678112414</x><y>37.7972972029479</y><location human_address="{&quot;address&quot;:&quot;&quot;,&quot;city&quot;:&quot;&quot;,&quot;state&quot;:&quot;&quot;,&quot;zip&quot;:&quot;&quot;}" latitude="37.7972972029479" longitude="-122.403678112414" needs_recoding="false"/></row>