<?xml version="1.0" encoding="UTF-8"?><row _id="12602366" _uuid="C94CFF3A-340D-4C0F-A06D-4ACB7B18E1B8" _position="12602366" _address="http://data.sfgov.org/resource/ritf-b9ki/12602366"><incidntnum>150570246</incidntnum><category>NON-CRIMINAL</category><descript>FOUND PROPERTY</descript><dayofweek>Sunday</dayofweek><date>2015-06-28T00:00:00</date><time>16:53</time><pddistrict>SOUTHERN</pddistrict><resolution>NONE</resolution><address>1000 Block of MARKET ST</address><x>-122.411071423064</x><y>37.7817511307229</y><location human_address="{&quot;address&quot;:&quot;&quot;,&quot;city&quot;:&quot;&quot;,&quot;state&quot;:&quot;&quot;,&quot;zip&quot;:&quot;&quot;}" latitude="37.7817511307229" longitude="-122.411071423064" needs_recoding="false"/></row>