<?xml version="1.0" encoding="UTF-8"?><row _id="12603066" _uuid="2229E170-764B-40FB-92EB-0A4E4FF841F1" _position="12603066" _address="http://data.sfgov.org/resource/ritf-b9ki/12603066"><incidntnum>150573002</incidntnum><category>VEHICLE THEFT</category><descript>STOLEN AUTOMOBILE</descript><dayofweek>Tuesday</dayofweek><date>2015-06-30T00:00:00</date><time>15:30</time><pddistrict>PARK</pddistrict><resolution>NONE</resolution><address>0 Block of CARL ST</address><x>-122.448900460062</x><y>37.7658792859724</y><location human_address="{&quot;address&quot;:&quot;&quot;,&quot;city&quot;:&quot;&quot;,&quot;state&quot;:&quot;&quot;,&quot;zip&quot;:&quot;&quot;}" latitude="37.7658792859724" longitude="-122.448900460062" needs_recoding="false"/></row>