<?xml version="1.0" encoding="UTF-8"?><row _id="12597968" _uuid="E2E82457-A346-482E-A4DB-921198C9132A" _position="12597968" _address="http://data.sfgov.org/resource/ritf-b9ki/12597968"><incidntnum>150533959</incidntnum><category>NON-CRIMINAL</category><descript>AIDED CASE, MENTAL DISTURBED</descript><dayofweek>Friday</dayofweek><date>2015-06-19T00:00:00</date><time>01:24</time><pddistrict>BAYVIEW</pddistrict><resolution>NONE</resolution><address>NEWCOMB AV / KEITH ST</address><x>-122.386047595272</x><y>37.7331052560338</y><location human_address="{&quot;address&quot;:&quot;&quot;,&quot;city&quot;:&quot;&quot;,&quot;state&quot;:&quot;&quot;,&quot;zip&quot;:&quot;&quot;}" latitude="37.7331052560338" longitude="-122.386047595272" needs_recoding="false"/></row>