<?xml version="1.0" encoding="UTF-8"?><row _id="12604117" _uuid="2C90E58E-C1E8-4179-83C0-AB0C78CBAD4B" _position="12604117" _address="http://data.sfgov.org/resource/ritf-b9ki/12604117"><incidntnum>150577173</incidntnum><category>SUSPICIOUS OCC</category><descript>INVESTIGATIVE DETENTION</descript><dayofweek>Thursday</dayofweek><date>2015-07-02T00:00:00</date><time>17:43</time><pddistrict>NORTHERN</pddistrict><resolution>ARREST, BOOKED</resolution><address>1900 Block of POST ST</address><x>-122.4334833834</x><y>37.7850450626577</y><location human_address="{&quot;address&quot;:&quot;&quot;,&quot;city&quot;:&quot;&quot;,&quot;state&quot;:&quot;&quot;,&quot;zip&quot;:&quot;&quot;}" latitude="37.7850450626577" longitude="-122.4334833834" needs_recoding="false"/></row>