<?xml version="1.0" encoding="UTF-8"?><row _id="12606283" _uuid="E6C4AB0C-F1F2-43FE-954C-B22C327F4683" _position="12606283" _address="http://data.sfgov.org/resource/ritf-b9ki/12606283"><incidntnum>150595608</incidntnum><category>LARCENY/THEFT</category><descript>GRAND THEFT FROM LOCKED AUTO</descript><dayofweek>Wednesday</dayofweek><date>2015-07-08T00:00:00</date><time>18:30</time><pddistrict>NORTHERN</pddistrict><resolution>NONE</resolution><address>FILLMORE ST / TURK ST</address><x>-122.432142776025</x><y>37.780495583709</y><location human_address="{&quot;address&quot;:&quot;&quot;,&quot;city&quot;:&quot;&quot;,&quot;state&quot;:&quot;&quot;,&quot;zip&quot;:&quot;&quot;}" latitude="37.780495583709" longitude="-122.432142776025" needs_recoding="false"/></row>