<?xml version="1.0" encoding="UTF-8"?><row _id="12601072" _uuid="88D8F278-01FD-41BB-AEF4-DF38C703B5B2" _position="12601072" _address="http://data.sfgov.org/resource/ritf-b9ki/12601072"><incidntnum>156159165</incidntnum><category>LARCENY/THEFT</category><descript>GRAND THEFT FROM LOCKED AUTO</descript><dayofweek>Tuesday</dayofweek><date>2015-06-23T00:00:00</date><time>15:00</time><pddistrict>SOUTHERN</pddistrict><resolution>NONE</resolution><address>FOLSOM ST / 11TH ST</address><x>-122.41402726269</x><y>37.7718636177154</y><location human_address="{&quot;address&quot;:&quot;&quot;,&quot;city&quot;:&quot;&quot;,&quot;state&quot;:&quot;&quot;,&quot;zip&quot;:&quot;&quot;}" latitude="37.7718636177154" longitude="-122.41402726269" needs_recoding="false"/></row>