<?xml version="1.0" encoding="UTF-8"?><row _id="12598088" _uuid="0C287F7E-0E29-4479-A245-6F62028F69ED" _position="12598088" _address="http://data.sfgov.org/resource/ritf-b9ki/12598088"><incidntnum>150534446</incidntnum><category>ASSAULT</category><descript>BATTERY</descript><dayofweek>Friday</dayofweek><date>2015-06-19T00:00:00</date><time>09:35</time><pddistrict>RICHMOND</pddistrict><resolution>NONE</resolution><address>4700 Block of GEARY BL</address><x>-122.470174478935</x><y>37.7806269247284</y><location human_address="{&quot;address&quot;:&quot;&quot;,&quot;city&quot;:&quot;&quot;,&quot;state&quot;:&quot;&quot;,&quot;zip&quot;:&quot;&quot;}" latitude="37.7806269247284" longitude="-122.470174478935" needs_recoding="false"/></row>