<?xml version="1.0" encoding="UTF-8"?><row _id="12601169" _uuid="E6D0C4E6-B5FC-4953-BFAF-2321A4B19E98" _position="12601169" _address="http://data.sfgov.org/resource/ritf-b9ki/12601169"><incidntnum>150557357</incidntnum><category>ASSAULT</category><descript>THREATS AGAINST LIFE</descript><dayofweek>Friday</dayofweek><date>2015-06-26T00:00:00</date><time>17:15</time><pddistrict>SOUTHERN</pddistrict><resolution>NONE</resolution><address>800 Block of BRYANT ST</address><x>-122.403404791479</x><y>37.775420706711</y><location human_address="{&quot;address&quot;:&quot;&quot;,&quot;city&quot;:&quot;&quot;,&quot;state&quot;:&quot;&quot;,&quot;zip&quot;:&quot;&quot;}" latitude="37.775420706711" longitude="-122.403404791479" needs_recoding="false"/></row>