<?xml version="1.0" encoding="UTF-8"?><row _id="12599107" _uuid="7A9B4941-3726-4CED-9BDE-03EA97DCBCE8" _position="12599107" _address="http://data.sfgov.org/resource/ritf-b9ki/12599107"><incidntnum>150541805</incidntnum><category>LARCENY/THEFT</category><descript>PETTY THEFT SHOPLIFTING</descript><dayofweek>Sunday</dayofweek><date>2015-06-21T00:00:00</date><time>17:59</time><pddistrict>SOUTHERN</pddistrict><resolution>ARREST, BOOKED</resolution><address>900 Block of MARKET ST</address><x>-122.408421116922</x><y>37.7835699386918</y><location human_address="{&quot;address&quot;:&quot;&quot;,&quot;city&quot;:&quot;&quot;,&quot;state&quot;:&quot;&quot;,&quot;zip&quot;:&quot;&quot;}" latitude="37.7835699386918" longitude="-122.408421116922" needs_recoding="false"/></row>