<?xml version="1.0" encoding="UTF-8"?><row _id="12598477" _uuid="076607A6-E097-455F-8649-FACA124AC8C1" _position="12598477" _address="http://data.sfgov.org/resource/ritf-b9ki/12598477"><incidntnum>150536759</incidntnum><category>VEHICLE THEFT</category><descript>STOLEN AUTOMOBILE</descript><dayofweek>Friday</dayofweek><date>2015-06-19T00:00:00</date><time>20:30</time><pddistrict>PARK</pddistrict><resolution>NONE</resolution><address>CASTRO ST / 15TH ST</address><x>-122.435471454169</x><y>37.7657256987495</y><location human_address="{&quot;address&quot;:&quot;&quot;,&quot;city&quot;:&quot;&quot;,&quot;state&quot;:&quot;&quot;,&quot;zip&quot;:&quot;&quot;}" latitude="37.7657256987495" longitude="-122.435471454169" needs_recoding="false"/></row>