<?xml version="1.0" encoding="UTF-8"?><row _id="12601330" _uuid="50666BC5-59ED-46C7-81E8-E8C3F830B4DD" _position="12601330" _address="http://data.sfgov.org/resource/ritf-b9ki/12601330"><incidntnum>156156111</incidntnum><category>LARCENY/THEFT</category><descript>GRAND THEFT FROM LOCKED AUTO</descript><dayofweek>Friday</dayofweek><date>2015-06-26T00:00:00</date><time>11:00</time><pddistrict>BAYVIEW</pddistrict><resolution>NONE</resolution><address>500 Block of BARNEVELD AV</address><x>-122.404296869791</x><y>37.74044593571</y><location human_address="{&quot;address&quot;:&quot;&quot;,&quot;city&quot;:&quot;&quot;,&quot;state&quot;:&quot;&quot;,&quot;zip&quot;:&quot;&quot;}" latitude="37.74044593571" longitude="-122.404296869791" needs_recoding="false"/></row>