<?xml version="1.0" encoding="UTF-8"?><row _id="12600637" _uuid="7D1514BA-5061-48FA-B16D-A724D79544D9" _position="12600637" _address="http://data.sfgov.org/resource/ritf-b9ki/12600637"><incidntnum>150555210</incidntnum><category>ROBBERY</category><descript>ROBBERY ON THE STREET, STRONGARM</descript><dayofweek>Thursday</dayofweek><date>2015-06-25T00:00:00</date><time>20:00</time><pddistrict>MISSION</pddistrict><resolution>NONE</resolution><address>2000 Block of MISSION ST</address><x>-122.41965834371</x><y>37.7642205603745</y><location human_address="{&quot;address&quot;:&quot;&quot;,&quot;city&quot;:&quot;&quot;,&quot;state&quot;:&quot;&quot;,&quot;zip&quot;:&quot;&quot;}" latitude="37.7642205603745" longitude="-122.41965834371" needs_recoding="false"/></row>