<?xml version="1.0" encoding="UTF-8"?><row _id="12600860" _uuid="D786DFBA-FBCC-4414-B5EF-858AF820A151" _position="12600860" _address="http://data.sfgov.org/resource/ritf-b9ki/12600860"><incidntnum>150554911</incidntnum><category>SUSPICIOUS OCC</category><descript>INVESTIGATIVE DETENTION</descript><dayofweek>Thursday</dayofweek><date>2015-06-25T00:00:00</date><time>21:50</time><pddistrict>CENTRAL</pddistrict><resolution>NONE</resolution><address>FRONT ST / GREEN ST</address><x>-122.400252662923</x><y>37.8006075195541</y><location human_address="{&quot;address&quot;:&quot;&quot;,&quot;city&quot;:&quot;&quot;,&quot;state&quot;:&quot;&quot;,&quot;zip&quot;:&quot;&quot;}" latitude="37.8006075195541" longitude="-122.400252662923" needs_recoding="false"/></row>