<?xml version="1.0" encoding="UTF-8"?><row _id="12597643" _uuid="48BEE229-FFC7-47FC-9856-27222AD6F341" _position="12597643" _address="http://data.sfgov.org/resource/ritf-b9ki/12597643"><incidntnum>156150668</incidntnum><category>NON-CRIMINAL</category><descript>LOST PROPERTY</descript><dayofweek>Thursday</dayofweek><date>2015-06-18T00:00:00</date><time>15:00</time><pddistrict>PARK</pddistrict><resolution>NONE</resolution><address>CLAYTON ST / FELL ST</address><x>-122.449142861775</x><y>37.7725792727241</y><location human_address="{&quot;address&quot;:&quot;&quot;,&quot;city&quot;:&quot;&quot;,&quot;state&quot;:&quot;&quot;,&quot;zip&quot;:&quot;&quot;}" latitude="37.7725792727241" longitude="-122.449142861775" needs_recoding="false"/></row>