<?xml version="1.0" encoding="UTF-8"?><row _id="12599610" _uuid="2F0CC9DC-8D4F-4667-AB02-35AE8FBD4774" _position="12599610" _address="http://data.sfgov.org/resource/ritf-b9ki/12599610"><incidntnum>150543726</incidntnum><category>LARCENY/THEFT</category><descript>PETTY THEFT FROM LOCKED AUTO</descript><dayofweek>Monday</dayofweek><date>2015-06-22T00:00:00</date><time>15:20</time><pddistrict>BAYVIEW</pddistrict><resolution>NONE</resolution><address>1700 Block of CESAR CHAVEZ ST</address><x>-122.39434785768</x><y>37.7499131969111</y><location human_address="{&quot;address&quot;:&quot;&quot;,&quot;city&quot;:&quot;&quot;,&quot;state&quot;:&quot;&quot;,&quot;zip&quot;:&quot;&quot;}" latitude="37.7499131969111" longitude="-122.39434785768" needs_recoding="false"/></row>