<?xml version="1.0" encoding="UTF-8"?><row _id="12600248" _uuid="2E1CAC13-3C02-4A76-8CAE-9E964E119A61" _position="12600248" _address="http://data.sfgov.org/resource/ritf-b9ki/12600248"><incidntnum>150549439</incidntnum><category>WARRANTS</category><descript>WARRANT ARREST</descript><dayofweek>Wednesday</dayofweek><date>2015-06-24T00:00:00</date><time>10:43</time><pddistrict>TENDERLOIN</pddistrict><resolution>ARREST, BOOKED</resolution><address>400 Block of ELLIS ST</address><x>-122.413609328985</x><y>37.784696907904</y><location human_address="{&quot;address&quot;:&quot;&quot;,&quot;city&quot;:&quot;&quot;,&quot;state&quot;:&quot;&quot;,&quot;zip&quot;:&quot;&quot;}" latitude="37.784696907904" longitude="-122.413609328985" needs_recoding="false"/></row>