<?xml version="1.0" encoding="UTF-8"?><row _id="12599541" _uuid="F9C6FAA3-6BBC-4548-A9FD-5FDC79B2983A" _position="12599541" _address="http://data.sfgov.org/resource/ritf-b9ki/12599541"><incidntnum>150542994</incidntnum><category>NON-CRIMINAL</category><descript>DEATH REPORT, CAUSE UNKNOWN</descript><dayofweek>Monday</dayofweek><date>2015-06-22T00:00:00</date><time>10:28</time><pddistrict>TARAVAL</pddistrict><resolution>NONE</resolution><address>0 Block of SOLA AV</address><x>-122.460361522553</x><y>37.7479640067054</y><location human_address="{&quot;address&quot;:&quot;&quot;,&quot;city&quot;:&quot;&quot;,&quot;state&quot;:&quot;&quot;,&quot;zip&quot;:&quot;&quot;}" latitude="37.7479640067054" longitude="-122.460361522553" needs_recoding="false"/></row>