<?xml version="1.0" encoding="UTF-8"?><row _id="12596580" _uuid="DB6CE427-2BA3-4509-BC9C-3CC0855E65DC" _position="12596580" _address="http://data.sfgov.org/resource/ritf-b9ki/12596580"><incidntnum>150523239</incidntnum><category>ASSAULT</category><descript>CHILD ABUSE (PHYSICAL)</descript><dayofweek>Monday</dayofweek><date>2015-06-15T00:00:00</date><time>16:23</time><pddistrict>TARAVAL</pddistrict><resolution>ARREST, BOOKED</resolution><address>1800 Block of 42ND AV</address><x>-122.500982380417</x><y>37.7522051557865</y><location human_address="{&quot;address&quot;:&quot;&quot;,&quot;city&quot;:&quot;&quot;,&quot;state&quot;:&quot;&quot;,&quot;zip&quot;:&quot;&quot;}" latitude="37.7522051557865" longitude="-122.500982380417" needs_recoding="false"/></row>