<?xml version="1.0" encoding="UTF-8"?><row _id="12599923" _uuid="4CAE4706-F047-4A57-AA77-2A8214D09DDF" _position="12599923" _address="http://data.sfgov.org/resource/ritf-b9ki/12599923"><incidntnum>150550486</incidntnum><category>LARCENY/THEFT</category><descript>GRAND THEFT FROM LOCKED AUTO</descript><dayofweek>Tuesday</dayofweek><date>2015-06-23T00:00:00</date><time>19:00</time><pddistrict>CENTRAL</pddistrict><resolution>NONE</resolution><address>500 Block of THE EMBARCADERONORTH ST</address><x>-122.398235203603</x><y>37.8001789040645</y><location human_address="{&quot;address&quot;:&quot;&quot;,&quot;city&quot;:&quot;&quot;,&quot;state&quot;:&quot;&quot;,&quot;zip&quot;:&quot;&quot;}" latitude="37.8001789040645" longitude="-122.398235203603" needs_recoding="false"/></row>