<?xml version="1.0" encoding="UTF-8"?><row _id="12601956" _uuid="07F8C525-2720-42FF-BC33-9F5EFE0C8DD5" _position="12601956" _address="http://data.sfgov.org/resource/ritf-b9ki/12601956"><incidntnum>150562130</incidntnum><category>ASSAULT</category><descript>AGGRAVATED ASSAULT WITH BODILY FORCE</descript><dayofweek>Sunday</dayofweek><date>2015-06-28T00:00:00</date><time>01:20</time><pddistrict>NORTHERN</pddistrict><resolution>ARREST, BOOKED</resolution><address>WASHINGTON ST / VANNESS AV</address><x>-122.422874083058</x><y>37.7930494293957</y><location human_address="{&quot;address&quot;:&quot;&quot;,&quot;city&quot;:&quot;&quot;,&quot;state&quot;:&quot;&quot;,&quot;zip&quot;:&quot;&quot;}" latitude="37.7930494293957" longitude="-122.422874083058" needs_recoding="false"/></row>