<?xml version="1.0" encoding="UTF-8"?><row _id="12598439" _uuid="E7330216-8304-40A6-9C2B-4A76406825B3" _position="12598439" _address="http://data.sfgov.org/resource/ritf-b9ki/12598439"><incidntnum>150538783</incidntnum><category>NON-CRIMINAL</category><descript>AIDED CASE, MENTAL DISTURBED</descript><dayofweek>Saturday</dayofweek><date>2015-06-20T00:00:00</date><time>19:35</time><pddistrict>NORTHERN</pddistrict><resolution>NONE</resolution><address>JACKSON ST / FILLMORE ST</address><x>-122.434558974708</x><y>37.7924709856169</y><location human_address="{&quot;address&quot;:&quot;&quot;,&quot;city&quot;:&quot;&quot;,&quot;state&quot;:&quot;&quot;,&quot;zip&quot;:&quot;&quot;}" latitude="37.7924709856169" longitude="-122.434558974708" needs_recoding="false"/></row>