<?xml version="1.0" encoding="UTF-8"?><row _id="12598728" _uuid="B7529C71-DD03-40F6-9B3F-8DC884B68C69" _position="12598728" _address="http://data.sfgov.org/resource/ritf-b9ki/12598728"><incidntnum>150549865</incidntnum><category>LARCENY/THEFT</category><descript>PETTY THEFT OF PROPERTY</descript><dayofweek>Saturday</dayofweek><date>2015-06-20T00:00:00</date><time>14:00</time><pddistrict>SOUTHERN</pddistrict><resolution>NONE</resolution><address>0 Block of 9TH ST</address><x>-122.415064887666</x><y>37.7764354063246</y><location human_address="{&quot;address&quot;:&quot;&quot;,&quot;city&quot;:&quot;&quot;,&quot;state&quot;:&quot;&quot;,&quot;zip&quot;:&quot;&quot;}" latitude="37.7764354063246" longitude="-122.415064887666" needs_recoding="false"/></row>