<?xml version="1.0" encoding="UTF-8"?><row _id="12605448" _uuid="C3546964-309A-48D4-999A-77DE2204501B" _position="12605448" _address="http://data.sfgov.org/resource/ritf-b9ki/12605448"><incidntnum>150586390</incidntnum><category>WARRANTS</category><descript>WARRANT ARREST</descript><dayofweek>Monday</dayofweek><date>2015-07-06T00:00:00</date><time>05:20</time><pddistrict>NORTHERN</pddistrict><resolution>ARREST, BOOKED</resolution><address>FILLMORE ST / OAK ST</address><x>-122.430827580272</x><y>37.7739712165626</y><location human_address="{&quot;address&quot;:&quot;&quot;,&quot;city&quot;:&quot;&quot;,&quot;state&quot;:&quot;&quot;,&quot;zip&quot;:&quot;&quot;}" latitude="37.7739712165626" longitude="-122.430827580272" needs_recoding="false"/></row>