<?xml version="1.0" encoding="UTF-8"?><row _id="12598146" _uuid="DAB43EEF-7738-4153-B68D-2A2155082C5B" _position="12598146" _address="http://data.sfgov.org/resource/ritf-b9ki/12598146"><incidntnum>150537127</incidntnum><category>LARCENY/THEFT</category><descript>GRAND THEFT FROM LOCKED AUTO</descript><dayofweek>Friday</dayofweek><date>2015-06-19T00:00:00</date><time>08:38</time><pddistrict>NORTHERN</pddistrict><resolution>NONE</resolution><address>100 Block of FRANKLIN ST</address><x>-122.420938261674</x><y>37.775472463559</y><location human_address="{&quot;address&quot;:&quot;&quot;,&quot;city&quot;:&quot;&quot;,&quot;state&quot;:&quot;&quot;,&quot;zip&quot;:&quot;&quot;}" latitude="37.775472463559" longitude="-122.420938261674" needs_recoding="false"/></row>