<?xml version="1.0" encoding="UTF-8"?><row _id="12597800" _uuid="0916FFE4-21B7-4D5B-B189-9F4E7571507D" _position="12597800" _address="http://data.sfgov.org/resource/ritf-b9ki/12597800"><incidntnum>150531884</incidntnum><category>LARCENY/THEFT</category><descript>PETTY THEFT FROM UNLOCKED AUTO</descript><dayofweek>Thursday</dayofweek><date>2015-06-18T00:00:00</date><time>12:10</time><pddistrict>NORTHERN</pddistrict><resolution>NONE</resolution><address>1700 Block of POST ST</address><x>-122.430579280128</x><y>37.7854121125668</y><location human_address="{&quot;address&quot;:&quot;&quot;,&quot;city&quot;:&quot;&quot;,&quot;state&quot;:&quot;&quot;,&quot;zip&quot;:&quot;&quot;}" latitude="37.7854121125668" longitude="-122.430579280128" needs_recoding="false"/></row>