<?xml version="1.0" encoding="UTF-8"?><row _id="12600011" _uuid="28BCF40F-04CC-4029-B2EA-8F007E4C41F7" _position="12600011" _address="http://data.sfgov.org/resource/ritf-b9ki/12600011"><incidntnum>150547461</incidntnum><category>OTHER OFFENSES</category><descript>CONSPIRACY</descript><dayofweek>Tuesday</dayofweek><date>2015-06-23T00:00:00</date><time>16:28</time><pddistrict>BAYVIEW</pddistrict><resolution>ARREST, BOOKED</resolution><address>200 Block of TEXAS ST</address><x>-122.395551662646</x><y>37.7632644300068</y><location human_address="{&quot;address&quot;:&quot;&quot;,&quot;city&quot;:&quot;&quot;,&quot;state&quot;:&quot;&quot;,&quot;zip&quot;:&quot;&quot;}" latitude="37.7632644300068" longitude="-122.395551662646" needs_recoding="false"/></row>