<?xml version="1.0" encoding="UTF-8"?><row _id="12600253" _uuid="B2003D72-4E23-491E-B1AA-23C2857C2F2A" _position="12600253" _address="http://data.sfgov.org/resource/ritf-b9ki/12600253"><incidntnum>150549752</incidntnum><category>OTHER OFFENSES</category><descript>DRIVERS LICENSE, SUSPENDED OR REVOKED</descript><dayofweek>Wednesday</dayofweek><date>2015-06-24T00:00:00</date><time>12:33</time><pddistrict>INGLESIDE</pddistrict><resolution>ARREST, BOOKED</resolution><address>0 Block of SGTJOHNVYOUNG LN</address><x>-122.444707063455</x><y>37.7249307267936</y><location human_address="{&quot;address&quot;:&quot;&quot;,&quot;city&quot;:&quot;&quot;,&quot;state&quot;:&quot;&quot;,&quot;zip&quot;:&quot;&quot;}" latitude="37.7249307267936" longitude="-122.444707063455" needs_recoding="false"/></row>