<?xml version="1.0" encoding="UTF-8"?><row _id="12597287" _uuid="E8F6D9CB-CD6F-4401-A21D-BFC4DA365028" _position="12597287" _address="http://data.sfgov.org/resource/ritf-b9ki/12597287"><incidntnum>150527560</incidntnum><category>NON-CRIMINAL</category><descript>AIDED CASE</descript><dayofweek>Wednesday</dayofweek><date>2015-06-17T00:00:00</date><time>00:20</time><pddistrict>MISSION</pddistrict><resolution>NONE</resolution><address>3300 Block of 23RD ST</address><x>-122.419144470556</x><y>37.7537483769495</y><location human_address="{&quot;address&quot;:&quot;&quot;,&quot;city&quot;:&quot;&quot;,&quot;state&quot;:&quot;&quot;,&quot;zip&quot;:&quot;&quot;}" latitude="37.7537483769495" longitude="-122.419144470556" needs_recoding="false"/></row>