<?xml version="1.0" encoding="UTF-8"?><row _id="12599557" _uuid="7B8657DE-B054-4223-91C1-7E16F507C778" _position="12599557" _address="http://data.sfgov.org/resource/ritf-b9ki/12599557"><incidntnum>150544304</incidntnum><category>LARCENY/THEFT</category><descript>GRAND THEFT FROM PERSON</descript><dayofweek>Monday</dayofweek><date>2015-06-22T00:00:00</date><time>17:45</time><pddistrict>CENTRAL</pddistrict><resolution>NONE</resolution><address>100 Block of GEARY ST</address><x>-122.405841476462</x><y>37.7877190985177</y><location human_address="{&quot;address&quot;:&quot;&quot;,&quot;city&quot;:&quot;&quot;,&quot;state&quot;:&quot;&quot;,&quot;zip&quot;:&quot;&quot;}" latitude="37.7877190985177" longitude="-122.405841476462" needs_recoding="false"/></row>