<?xml version="1.0" encoding="UTF-8"?><row _id="12600876" _uuid="5543EB1D-A9CE-4171-BF98-18C47F6F92FF" _position="12600876" _address="http://data.sfgov.org/resource/ritf-b9ki/12600876"><incidntnum>150553060</incidntnum><category>ROBBERY</category><descript>SHOPLIFTING, FORCE AGAINST AGENT</descript><dayofweek>Thursday</dayofweek><date>2015-06-25T00:00:00</date><time>11:10</time><pddistrict>MISSION</pddistrict><resolution>NONE</resolution><address>400 Block of CASTRO ST</address><x>-122.435150099812</x><y>37.7617597243598</y><location human_address="{&quot;address&quot;:&quot;&quot;,&quot;city&quot;:&quot;&quot;,&quot;state&quot;:&quot;&quot;,&quot;zip&quot;:&quot;&quot;}" latitude="37.7617597243598" longitude="-122.435150099812" needs_recoding="false"/></row>