<?xml version="1.0" encoding="UTF-8"?><row _id="12600268" _uuid="1781ABF3-DBF5-4C53-A1F4-D6F9F6E8D869" _position="12600268" _address="http://data.sfgov.org/resource/ritf-b9ki/12600268"><incidntnum>150550464</incidntnum><category>ASSAULT</category><descript>THREATS AGAINST LIFE</descript><dayofweek>Wednesday</dayofweek><date>2015-06-24T00:00:00</date><time>13:30</time><pddistrict>TENDERLOIN</pddistrict><resolution>ARREST, BOOKED</resolution><address>0 Block of TURK ST</address><x>-122.409853729941</x><y>37.7833862379382</y><location human_address="{&quot;address&quot;:&quot;&quot;,&quot;city&quot;:&quot;&quot;,&quot;state&quot;:&quot;&quot;,&quot;zip&quot;:&quot;&quot;}" latitude="37.7833862379382" longitude="-122.409853729941" needs_recoding="false"/></row>