<?xml version="1.0" encoding="UTF-8"?><row _id="12600607" _uuid="2FDE227E-1517-45E2-ACFC-3FA9F9163ADA" _position="12600607" _address="http://data.sfgov.org/resource/ritf-b9ki/12600607"><incidntnum>150553145</incidntnum><category>ASSAULT</category><descript>AGGRAVATED ASSAULT WITH BODILY FORCE</descript><dayofweek>Thursday</dayofweek><date>2015-06-25T00:00:00</date><time>06:45</time><pddistrict>INGLESIDE</pddistrict><resolution>NONE</resolution><address>200 Block of ANKENY ST</address><x>-122.406130121006</x><y>37.7198872025346</y><location human_address="{&quot;address&quot;:&quot;&quot;,&quot;city&quot;:&quot;&quot;,&quot;state&quot;:&quot;&quot;,&quot;zip&quot;:&quot;&quot;}" latitude="37.7198872025346" longitude="-122.406130121006" needs_recoding="false"/></row>