<?xml version="1.0" encoding="UTF-8"?><row _id="12599067" _uuid="8CC798B2-9B6B-4060-805A-AECCCD9896DB" _position="12599067" _address="http://data.sfgov.org/resource/ritf-b9ki/12599067"><incidntnum>150539747</incidntnum><category>OTHER OFFENSES</category><descript>POSSESSION OF BURGLARY TOOLS</descript><dayofweek>Sunday</dayofweek><date>2015-06-21T00:00:00</date><time>03:40</time><pddistrict>MISSION</pddistrict><resolution>ARREST, BOOKED</resolution><address>500 Block of ALABAMA ST</address><x>-122.412179604274</x><y>37.7622630616528</y><location human_address="{&quot;address&quot;:&quot;&quot;,&quot;city&quot;:&quot;&quot;,&quot;state&quot;:&quot;&quot;,&quot;zip&quot;:&quot;&quot;}" latitude="37.7622630616528" longitude="-122.412179604274" needs_recoding="false"/></row>