<?xml version="1.0" encoding="UTF-8"?><row _id="12597768" _uuid="19CE84CC-A97B-40B1-9217-A7360AD15DB7" _position="12597768" _address="http://data.sfgov.org/resource/ritf-b9ki/12597768"><incidntnum>156145910</incidntnum><category>LARCENY/THEFT</category><descript>PETTY THEFT OF PROPERTY</descript><dayofweek>Thursday</dayofweek><date>2015-06-18T00:00:00</date><time>15:50</time><pddistrict>NORTHERN</pddistrict><resolution>NONE</resolution><address>2700 Block of FILBERT ST</address><x>-122.444800788699</x><y>37.7969159330228</y><location human_address="{&quot;address&quot;:&quot;&quot;,&quot;city&quot;:&quot;&quot;,&quot;state&quot;:&quot;&quot;,&quot;zip&quot;:&quot;&quot;}" latitude="37.7969159330228" longitude="-122.444800788699" needs_recoding="false"/></row>