<?xml version="1.0" encoding="UTF-8"?><row _id="12599863" _uuid="AA03568E-4D36-4D68-8B18-E28DE621C625" _position="12599863" _address="http://data.sfgov.org/resource/ritf-b9ki/12599863"><incidntnum>150548312</incidntnum><category>ASSAULT</category><descript>BATTERY</descript><dayofweek>Tuesday</dayofweek><date>2015-06-23T00:00:00</date><time>22:06</time><pddistrict>SOUTHERN</pddistrict><resolution>NONE</resolution><address>500 Block of MARKET ST</address><x>-122.401833062479</x><y>37.7890397716649</y><location human_address="{&quot;address&quot;:&quot;&quot;,&quot;city&quot;:&quot;&quot;,&quot;state&quot;:&quot;&quot;,&quot;zip&quot;:&quot;&quot;}" latitude="37.7890397716649" longitude="-122.401833062479" needs_recoding="false"/></row>