<?xml version="1.0" encoding="UTF-8"?><row _id="12601627" _uuid="379895D3-3753-4F58-865A-BCE09C898154" _position="12601627" _address="http://data.sfgov.org/resource/ritf-b9ki/12601627"><incidntnum>150558907</incidntnum><category>DRUG/NARCOTIC</category><descript>POSSESSION OF METH-AMPHETAMINE</descript><dayofweek>Saturday</dayofweek><date>2015-06-27T00:00:00</date><time>06:37</time><pddistrict>MISSION</pddistrict><resolution>ARREST, BOOKED</resolution><address>2300 Block of ALAMEDA ST</address><x>-122.408292873702</x><y>37.7683799141137</y><location human_address="{&quot;address&quot;:&quot;&quot;,&quot;city&quot;:&quot;&quot;,&quot;state&quot;:&quot;&quot;,&quot;zip&quot;:&quot;&quot;}" latitude="37.7683799141137" longitude="-122.408292873702" needs_recoding="false"/></row>