<?xml version="1.0" encoding="UTF-8"?><row _id="12601250" _uuid="DD0CF03D-850C-4B20-A04D-89E6EEF3DB49" _position="12601250" _address="http://data.sfgov.org/resource/ritf-b9ki/12601250"><incidntnum>156155646</incidntnum><category>LARCENY/THEFT</category><descript>PETTY THEFT OF PROPERTY</descript><dayofweek>Friday</dayofweek><date>2015-06-26T00:00:00</date><time>15:10</time><pddistrict>NORTHERN</pddistrict><resolution>NONE</resolution><address>2000 Block of FILLMORE ST</address><x>-122.433813580387</x><y>37.7884287785616</y><location human_address="{&quot;address&quot;:&quot;&quot;,&quot;city&quot;:&quot;&quot;,&quot;state&quot;:&quot;&quot;,&quot;zip&quot;:&quot;&quot;}" latitude="37.7884287785616" longitude="-122.433813580387" needs_recoding="false"/></row>