<?xml version="1.0" encoding="UTF-8"?><row _id="12597902" _uuid="348DA652-B9ED-4BB1-A5FF-3DF5A2C752D0" _position="12597902" _address="http://data.sfgov.org/resource/ritf-b9ki/12597902"><incidntnum>150529049</incidntnum><category>VEHICLE THEFT</category><descript>STOLEN AUTOMOBILE</descript><dayofweek>Tuesday</dayofweek><date>2015-06-16T00:00:00</date><time>20:30</time><pddistrict>SOUTHERN</pddistrict><resolution>NONE</resolution><address>0 Block of SOUTH VAN NESS AV</address><x>-122.418636069858</x><y>37.7726021051144</y><location human_address="{&quot;address&quot;:&quot;&quot;,&quot;city&quot;:&quot;&quot;,&quot;state&quot;:&quot;&quot;,&quot;zip&quot;:&quot;&quot;}" latitude="37.7726021051144" longitude="-122.418636069858" needs_recoding="false"/></row>