<?xml version="1.0" encoding="UTF-8"?><row _id="12598348" _uuid="C02142DE-D7E5-41B1-9382-01E6B3153769" _position="12598348" _address="http://data.sfgov.org/resource/ritf-b9ki/12598348"><incidntnum>150535284</incidntnum><category>OTHER OFFENSES</category><descript>VIOLATION OF EMERGENCY PROTECTIVE ORDER</descript><dayofweek>Friday</dayofweek><date>2015-06-19T00:00:00</date><time>15:30</time><pddistrict>INGLESIDE</pddistrict><resolution>ARREST, BOOKED</resolution><address>700 Block of NAPLES ST</address><x>-122.434095841453</x><y>37.7169233946931</y><location human_address="{&quot;address&quot;:&quot;&quot;,&quot;city&quot;:&quot;&quot;,&quot;state&quot;:&quot;&quot;,&quot;zip&quot;:&quot;&quot;}" latitude="37.7169233946931" longitude="-122.434095841453" needs_recoding="false"/></row>