<?xml version="1.0" encoding="UTF-8"?><row _id="12597333" _uuid="D095CB1F-859C-47A2-B1C9-3F4DC3954116" _position="12597333" _address="http://data.sfgov.org/resource/ritf-b9ki/12597333"><incidntnum>150530018</incidntnum><category>SUICIDE</category><descript>ATTEMPTED SUICIDE BY STRANGULATION</descript><dayofweek>Wednesday</dayofweek><date>2015-06-17T00:00:00</date><time>18:45</time><pddistrict>PARK</pddistrict><resolution>NONE</resolution><address>1800 Block of WALLER ST</address><x>-122.454330105396</x><y>37.7681530111159</y><location human_address="{&quot;address&quot;:&quot;&quot;,&quot;city&quot;:&quot;&quot;,&quot;state&quot;:&quot;&quot;,&quot;zip&quot;:&quot;&quot;}" latitude="37.7681530111159" longitude="-122.454330105396" needs_recoding="false"/></row>