<?xml version="1.0" encoding="UTF-8"?><row _id="12597332" _uuid="6C994D41-97CC-436A-B821-D6643875D963" _position="12597332" _address="http://data.sfgov.org/resource/ritf-b9ki/12597332"><incidntnum>150529992</incidntnum><category>OTHER OFFENSES</category><descript>RESISTING ARREST</descript><dayofweek>Wednesday</dayofweek><date>2015-06-17T00:00:00</date><time>18:47</time><pddistrict>CENTRAL</pddistrict><resolution>ARREST, BOOKED</resolution><address>800 Block of LEAVENWORTH ST</address><x>-122.415348738908</x><y>37.7888542050467</y><location human_address="{&quot;address&quot;:&quot;&quot;,&quot;city&quot;:&quot;&quot;,&quot;state&quot;:&quot;&quot;,&quot;zip&quot;:&quot;&quot;}" latitude="37.7888542050467" longitude="-122.415348738908" needs_recoding="false"/></row>