<?xml version="1.0" encoding="UTF-8"?><row _id="12600150" _uuid="EE6A8BFF-ED2A-401F-B122-F6B5EBDFC01A" _position="12600150" _address="http://data.sfgov.org/resource/ritf-b9ki/12600150"><incidntnum>150551149</incidntnum><category>RUNAWAY</category><descript>RUNAWAY</descript><dayofweek>Wednesday</dayofweek><date>2015-06-24T00:00:00</date><time>15:30</time><pddistrict>PARK</pddistrict><resolution>NONE</resolution><address>FELL ST / LYON ST</address><x>-122.442565616713</x><y>37.773424019842</y><location human_address="{&quot;address&quot;:&quot;&quot;,&quot;city&quot;:&quot;&quot;,&quot;state&quot;:&quot;&quot;,&quot;zip&quot;:&quot;&quot;}" latitude="37.773424019842" longitude="-122.442565616713" needs_recoding="false"/></row>