<?xml version="1.0" encoding="UTF-8"?><row _id="12600862" _uuid="2DB44953-FDFF-4373-9D0D-A260E14E8E27" _position="12600862" _address="http://data.sfgov.org/resource/ritf-b9ki/12600862"><incidntnum>150552959</incidntnum><category>SUSPICIOUS OCC</category><descript>INVESTIGATIVE DETENTION</descript><dayofweek>Thursday</dayofweek><date>2015-06-25T00:00:00</date><time>10:41</time><pddistrict>CENTRAL</pddistrict><resolution>NONE</resolution><address>LARKIN ST / POST ST</address><x>-122.41827417166</x><y>37.7870372043685</y><location human_address="{&quot;address&quot;:&quot;&quot;,&quot;city&quot;:&quot;&quot;,&quot;state&quot;:&quot;&quot;,&quot;zip&quot;:&quot;&quot;}" latitude="37.7870372043685" longitude="-122.41827417166" needs_recoding="false"/></row>