<?xml version="1.0" encoding="UTF-8"?><row _id="12599952" _uuid="3C361EB1-D1BB-497C-8863-B1568788741A" _position="12599952" _address="http://data.sfgov.org/resource/ritf-b9ki/12599952"><incidntnum>150547013</incidntnum><category>ROBBERY</category><descript>ROBBERY ON THE STREET, STRONGARM</descript><dayofweek>Tuesday</dayofweek><date>2015-06-23T00:00:00</date><time>14:07</time><pddistrict>BAYVIEW</pddistrict><resolution>ARREST, BOOKED</resolution><address>200 Block of DWIGHT ST</address><x>-122.404608485368</x><y>37.7234547008718</y><location human_address="{&quot;address&quot;:&quot;&quot;,&quot;city&quot;:&quot;&quot;,&quot;state&quot;:&quot;&quot;,&quot;zip&quot;:&quot;&quot;}" latitude="37.7234547008718" longitude="-122.404608485368" needs_recoding="false"/></row>