<?xml version="1.0" encoding="UTF-8"?><row _id="12600228" _uuid="A9053316-A3E0-404A-925F-0A434AE144AD" _position="12600228" _address="http://data.sfgov.org/resource/ritf-b9ki/12600228"><incidntnum>156152028</incidntnum><category>LARCENY/THEFT</category><descript>GRAND THEFT FROM LOCKED AUTO</descript><dayofweek>Wednesday</dayofweek><date>2015-06-24T00:00:00</date><time>07:59</time><pddistrict>NORTHERN</pddistrict><resolution>NONE</resolution><address>1300 Block of WEBSTER ST</address><x>-122.431046366089</x><y>37.7830295716044</y><location human_address="{&quot;address&quot;:&quot;&quot;,&quot;city&quot;:&quot;&quot;,&quot;state&quot;:&quot;&quot;,&quot;zip&quot;:&quot;&quot;}" latitude="37.7830295716044" longitude="-122.431046366089" needs_recoding="false"/></row>