<?xml version="1.0" encoding="UTF-8"?><row _id="12600456" _uuid="CCA0B82C-97DA-4BC9-A256-19A3C0508968" _position="12600456" _address="http://data.sfgov.org/resource/ritf-b9ki/12600456"><incidntnum>150555812</incidntnum><category>OTHER OFFENSES</category><descript>STAY AWAY ORDER VIOLATION, DV RELATED</descript><dayofweek>Wednesday</dayofweek><date>2015-06-24T00:00:00</date><time>17:00</time><pddistrict>BAYVIEW</pddistrict><resolution>NONE</resolution><address>2100 Block of OAKDALE AV</address><x>-122.400598346923</x><y>37.7404868313509</y><location human_address="{&quot;address&quot;:&quot;&quot;,&quot;city&quot;:&quot;&quot;,&quot;state&quot;:&quot;&quot;,&quot;zip&quot;:&quot;&quot;}" latitude="37.7404868313509" longitude="-122.400598346923" needs_recoding="false"/></row>