<?xml version="1.0" encoding="UTF-8"?><row _id="12601341" _uuid="28CC3F83-ADBC-4FB4-8BCC-3708763F409D" _position="12601341" _address="http://data.sfgov.org/resource/ritf-b9ki/12601341"><incidntnum>156159068</incidntnum><category>LARCENY/THEFT</category><descript>GRAND THEFT FROM LOCKED AUTO</descript><dayofweek>Wednesday</dayofweek><date>2015-06-24T00:00:00</date><time>22:00</time><pddistrict>INGLESIDE</pddistrict><resolution>NONE</resolution><address>0 Block of MELROSE AV</address><x>-122.44318148994</x><y>37.7337779831808</y><location human_address="{&quot;address&quot;:&quot;&quot;,&quot;city&quot;:&quot;&quot;,&quot;state&quot;:&quot;&quot;,&quot;zip&quot;:&quot;&quot;}" latitude="37.7337779831808" longitude="-122.44318148994" needs_recoding="false"/></row>