<?xml version="1.0" encoding="UTF-8"?><row _id="12597097" _uuid="E0089B9E-BBB7-46AB-AF42-94E0C2D351DA" _position="12597097" _address="http://data.sfgov.org/resource/ritf-b9ki/12597097"><incidntnum>156147615</incidntnum><category>LARCENY/THEFT</category><descript>GRAND THEFT FROM LOCKED AUTO</descript><dayofweek>Tuesday</dayofweek><date>2015-06-16T00:00:00</date><time>11:55</time><pddistrict>TENDERLOIN</pddistrict><resolution>NONE</resolution><address>100 Block of LEAVENWORTH ST</address><x>-122.414029821727</x><y>37.7823291237659</y><location human_address="{&quot;address&quot;:&quot;&quot;,&quot;city&quot;:&quot;&quot;,&quot;state&quot;:&quot;&quot;,&quot;zip&quot;:&quot;&quot;}" latitude="37.7823291237659" longitude="-122.414029821727" needs_recoding="false"/></row>