<?xml version="1.0" encoding="UTF-8"?><row _id="12603611" _uuid="596434DE-A189-43FD-9EBF-44C10624125C" _position="12603611" _address="http://data.sfgov.org/resource/ritf-b9ki/12603611"><incidntnum>150566819</incidntnum><category>VEHICLE THEFT</category><descript>STOLEN AND RECOVERED VEHICLE</descript><dayofweek>Sunday</dayofweek><date>2015-06-28T00:00:00</date><time>10:31</time><pddistrict>NORTHERN</pddistrict><resolution>NONE</resolution><address>600 Block of OAK ST</address><x>-122.430028244413</x><y>37.7741292089252</y><location human_address="{&quot;address&quot;:&quot;&quot;,&quot;city&quot;:&quot;&quot;,&quot;state&quot;:&quot;&quot;,&quot;zip&quot;:&quot;&quot;}" latitude="37.7741292089252" longitude="-122.430028244413" needs_recoding="false"/></row>