<?xml version="1.0" encoding="UTF-8"?><row _id="12600322" _uuid="11AC9B6C-E50B-43C6-8589-35BD9B7914DA" _position="12600322" _address="http://data.sfgov.org/resource/ritf-b9ki/12600322"><incidntnum>150550555</incidntnum><category>ASSAULT</category><descript>THREATS AGAINST LIFE</descript><dayofweek>Wednesday</dayofweek><date>2015-06-24T00:00:00</date><time>15:10</time><pddistrict>MISSION</pddistrict><resolution>ARREST, BOOKED</resolution><address>500 Block of SOUTH VAN NESS AV</address><x>-122.41747701285</x><y>37.764357751686</y><location human_address="{&quot;address&quot;:&quot;&quot;,&quot;city&quot;:&quot;&quot;,&quot;state&quot;:&quot;&quot;,&quot;zip&quot;:&quot;&quot;}" latitude="37.764357751686" longitude="-122.41747701285" needs_recoding="false"/></row>