<?xml version="1.0" encoding="UTF-8"?><row _id="12597531" _uuid="3E310A1B-7C28-4011-9279-E54B9006D08F" _position="12597531" _address="http://data.sfgov.org/resource/ritf-b9ki/12597531"><incidntnum>150532547</incidntnum><category>OTHER OFFENSES</category><descript>TRAFFIC VIOLATION</descript><dayofweek>Thursday</dayofweek><date>2015-06-18T00:00:00</date><time>16:34</time><pddistrict>INGLESIDE</pddistrict><resolution>ARREST, BOOKED</resolution><address>PERSIA AV / PARIS ST</address><x>-122.434408490493</x><y>37.7223827081459</y><location human_address="{&quot;address&quot;:&quot;&quot;,&quot;city&quot;:&quot;&quot;,&quot;state&quot;:&quot;&quot;,&quot;zip&quot;:&quot;&quot;}" latitude="37.7223827081459" longitude="-122.434408490493" needs_recoding="false"/></row>