<?xml version="1.0" encoding="UTF-8"?><row _id="12599655" _uuid="99EC655C-E941-4AC8-A149-0B199A29FF9F" _position="12599655" _address="http://data.sfgov.org/resource/ritf-b9ki/12599655"><incidntnum>150547916</incidntnum><category>NON-CRIMINAL</category><descript>FOUND PROPERTY</descript><dayofweek>Monday</dayofweek><date>2015-06-22T00:00:00</date><time>00:01</time><pddistrict>CENTRAL</pddistrict><resolution>NONE</resolution><address>0 Block of POST ST</address><x>-122.402346586116</x><y>37.7890033382139</y><location human_address="{&quot;address&quot;:&quot;&quot;,&quot;city&quot;:&quot;&quot;,&quot;state&quot;:&quot;&quot;,&quot;zip&quot;:&quot;&quot;}" latitude="37.7890033382139" longitude="-122.402346586116" needs_recoding="false"/></row>