<?xml version="1.0" encoding="UTF-8"?><row _id="12599496" _uuid="BAEE0200-68C9-4969-89EB-71E0B44AEBA0" _position="12599496" _address="http://data.sfgov.org/resource/ritf-b9ki/12599496"><incidntnum>150543867</incidntnum><category>NON-CRIMINAL</category><descript>AIDED CASE, MENTAL DISTURBED</descript><dayofweek>Monday</dayofweek><date>2015-06-22T00:00:00</date><time>16:30</time><pddistrict>SOUTHERN</pddistrict><resolution>NONE</resolution><address>1400 Block of HARRISON ST</address><x>-122.411939261411</x><y>37.7711341126595</y><location human_address="{&quot;address&quot;:&quot;&quot;,&quot;city&quot;:&quot;&quot;,&quot;state&quot;:&quot;&quot;,&quot;zip&quot;:&quot;&quot;}" latitude="37.7711341126595" longitude="-122.411939261411" needs_recoding="false"/></row>