<?xml version="1.0" encoding="UTF-8"?><row _id="12606911" _uuid="D3C1F53B-1CAC-4072-BE1B-26ACC82C56F0" _position="12606911" _address="http://data.sfgov.org/resource/ritf-b9ki/12606911"><incidntnum>156174351</incidntnum><category>NON-CRIMINAL</category><descript>LOST PROPERTY</descript><dayofweek>Saturday</dayofweek><date>2015-06-27T00:00:00</date><time>23:00</time><pddistrict>SOUTHERN</pddistrict><resolution>NONE</resolution><address>800 Block of BRYANT ST</address><x>-122.403404791479</x><y>37.775420706711</y><location human_address="{&quot;address&quot;:&quot;&quot;,&quot;city&quot;:&quot;&quot;,&quot;state&quot;:&quot;&quot;,&quot;zip&quot;:&quot;&quot;}" latitude="37.775420706711" longitude="-122.403404791479" needs_recoding="false"/></row>