<?xml version="1.0" encoding="UTF-8"?><row _id="12598703" _uuid="62EF9CCA-089B-40B9-A951-6320A5C94509" _position="12598703" _address="http://data.sfgov.org/resource/ritf-b9ki/12598703"><incidntnum>150537779</incidntnum><category>MISSING PERSON</category><descript>MISSING ADULT</descript><dayofweek>Saturday</dayofweek><date>2015-06-20T00:00:00</date><time>01:30</time><pddistrict>MISSION</pddistrict><resolution>NONE</resolution><address>200 Block of CAPP ST</address><x>-122.418415888321</x><y>37.7626869631943</y><location human_address="{&quot;address&quot;:&quot;&quot;,&quot;city&quot;:&quot;&quot;,&quot;state&quot;:&quot;&quot;,&quot;zip&quot;:&quot;&quot;}" latitude="37.7626869631943" longitude="-122.418415888321" needs_recoding="false"/></row>