<?xml version="1.0" encoding="UTF-8"?><row _id="12599315" _uuid="ABBE10D4-A291-47B4-9505-8E23DF171A19" _position="12599315" _address="http://data.sfgov.org/resource/ritf-b9ki/12599315"><incidntnum>150538802</incidntnum><category>OTHER OFFENSES</category><descript>FALSE PERSONATION TO RECEIVE MONEY OR PROPERTY</descript><dayofweek>Sunday</dayofweek><date>2015-06-21T00:00:00</date><time>12:00</time><pddistrict>SOUTHERN</pddistrict><resolution>NONE</resolution><address>900 Block of FOLSOM ST</address><x>-122.40397938421</x><y>37.7798747354156</y><location human_address="{&quot;address&quot;:&quot;&quot;,&quot;city&quot;:&quot;&quot;,&quot;state&quot;:&quot;&quot;,&quot;zip&quot;:&quot;&quot;}" latitude="37.7798747354156" longitude="-122.40397938421" needs_recoding="false"/></row>