<?xml version="1.0" encoding="UTF-8"?><row _id="12598976" _uuid="B41BCC80-F330-4D26-808C-A2E6C5948E03" _position="12598976" _address="http://data.sfgov.org/resource/ritf-b9ki/12598976"><incidntnum>150546297</incidntnum><category>VEHICLE THEFT</category><descript>STOLEN MOTORCYCLE</descript><dayofweek>Sunday</dayofweek><date>2015-06-21T00:00:00</date><time>23:00</time><pddistrict>PARK</pddistrict><resolution>NONE</resolution><address>ASHBURY ST / WALLER ST</address><x>-122.446746271794</x><y>37.7690753300241</y><location human_address="{&quot;address&quot;:&quot;&quot;,&quot;city&quot;:&quot;&quot;,&quot;state&quot;:&quot;&quot;,&quot;zip&quot;:&quot;&quot;}" latitude="37.7690753300241" longitude="-122.446746271794" needs_recoding="false"/></row>