<?xml version="1.0" encoding="UTF-8"?><row _id="12598542" _uuid="53BF729A-0120-4DA7-8381-4B3D95E1F9A9" _position="12598542" _address="http://data.sfgov.org/resource/ritf-b9ki/12598542"><incidntnum>150537086</incidntnum><category>DRUG/NARCOTIC</category><descript>POSSESSION OF NARCOTICS PARAPHERNALIA</descript><dayofweek>Saturday</dayofweek><date>2015-06-20T00:00:00</date><time>08:12</time><pddistrict>TENDERLOIN</pddistrict><resolution>ARREST, BOOKED</resolution><address>200 Block of GOLDEN GATE AV</address><x>-122.414302052544</x><y>37.781863316866</y><location human_address="{&quot;address&quot;:&quot;&quot;,&quot;city&quot;:&quot;&quot;,&quot;state&quot;:&quot;&quot;,&quot;zip&quot;:&quot;&quot;}" latitude="37.781863316866" longitude="-122.414302052544" needs_recoding="false"/></row>