<?xml version="1.0" encoding="UTF-8"?><row _id="12601299" _uuid="D8B52754-A9FA-4160-B162-AD526F449527" _position="12601299" _address="http://data.sfgov.org/resource/ritf-b9ki/12601299"><incidntnum>150571363</incidntnum><category>ASSAULT</category><descript>AGGRAVATED ASSAULT WITH A DEADLY WEAPON</descript><dayofweek>Saturday</dayofweek><date>2015-06-20T00:00:00</date><time>21:16</time><pddistrict>SOUTHERN</pddistrict><resolution>NONE</resolution><address>300 Block of MARKET ST</address><x>-122.397742235773</x><y>37.7919805766981</y><location human_address="{&quot;address&quot;:&quot;&quot;,&quot;city&quot;:&quot;&quot;,&quot;state&quot;:&quot;&quot;,&quot;zip&quot;:&quot;&quot;}" latitude="37.7919805766981" longitude="-122.397742235773" needs_recoding="false"/></row>