<?xml version="1.0" encoding="UTF-8"?><row _id="12598663" _uuid="9065E9FE-C77D-45C7-991C-2FD9D7E5D3AB" _position="12598663" _address="http://data.sfgov.org/resource/ritf-b9ki/12598663"><incidntnum>150543914</incidntnum><category>VANDALISM</category><descript>MALICIOUS MISCHIEF, VANDALISM OF VEHICLES</descript><dayofweek>Saturday</dayofweek><date>2015-06-20T00:00:00</date><time>22:00</time><pddistrict>BAYVIEW</pddistrict><resolution>NONE</resolution><address>2400 Block of SAN BRUNO AV</address><x>-122.405412091734</x><y>37.7318198889718</y><location human_address="{&quot;address&quot;:&quot;&quot;,&quot;city&quot;:&quot;&quot;,&quot;state&quot;:&quot;&quot;,&quot;zip&quot;:&quot;&quot;}" latitude="37.7318198889718" longitude="-122.405412091734" needs_recoding="false"/></row>