<?xml version="1.0" encoding="UTF-8"?><row _id="12601006" _uuid="E6F10F9B-89D4-48BE-AF34-4239E93CF028" _position="12601006" _address="http://data.sfgov.org/resource/ritf-b9ki/12601006"><incidntnum>156154030</incidntnum><category>LARCENY/THEFT</category><descript>GRAND THEFT FROM LOCKED AUTO</descript><dayofweek>Friday</dayofweek><date>2015-06-26T00:00:00</date><time>15:00</time><pddistrict>RICHMOND</pddistrict><resolution>NONE</resolution><address>PARKER AV / MCALLISTER ST</address><x>-122.452963648122</x><y>37.7757491793526</y><location human_address="{&quot;address&quot;:&quot;&quot;,&quot;city&quot;:&quot;&quot;,&quot;state&quot;:&quot;&quot;,&quot;zip&quot;:&quot;&quot;}" latitude="37.7757491793526" longitude="-122.452963648122" needs_recoding="false"/></row>