<?xml version="1.0" encoding="UTF-8"?><row _id="12597034" _uuid="AA9315E1-0F42-4FF1-B6BC-F75E645CC939" _position="12597034" _address="http://data.sfgov.org/resource/ritf-b9ki/12597034"><incidntnum>150526186</incidntnum><category>DRUG/NARCOTIC</category><descript>POSSESSION OF MARIJUANA</descript><dayofweek>Tuesday</dayofweek><date>2015-06-16T00:00:00</date><time>15:57</time><pddistrict>PARK</pddistrict><resolution>ARREST, BOOKED</resolution><address>600 Block of CLAYTON ST</address><x>-122.448550750673</x><y>37.769313564495</y><location human_address="{&quot;address&quot;:&quot;&quot;,&quot;city&quot;:&quot;&quot;,&quot;state&quot;:&quot;&quot;,&quot;zip&quot;:&quot;&quot;}" latitude="37.769313564495" longitude="-122.448550750673" needs_recoding="false"/></row>