<?xml version="1.0" encoding="UTF-8"?><row _id="12597661" _uuid="41E4ED49-48F1-4D16-9276-37768534442B" _position="12597661" _address="http://data.sfgov.org/resource/ritf-b9ki/12597661"><incidntnum>150530870</incidntnum><category>OTHER OFFENSES</category><descript>RESISTING ARREST</descript><dayofweek>Thursday</dayofweek><date>2015-06-18T00:00:00</date><time>01:18</time><pddistrict>CENTRAL</pddistrict><resolution>ARREST, BOOKED</resolution><address>900 Block of COLUMBUS AV</address><x>-122.414263444238</x><y>37.8031918743285</y><location human_address="{&quot;address&quot;:&quot;&quot;,&quot;city&quot;:&quot;&quot;,&quot;state&quot;:&quot;&quot;,&quot;zip&quot;:&quot;&quot;}" latitude="37.8031918743285" longitude="-122.414263444238" needs_recoding="false"/></row>