<?xml version="1.0" encoding="UTF-8"?><row _id="12601766" _uuid="BF5B97A6-F698-4197-BA5C-7D00127B53CF" _position="12601766" _address="http://data.sfgov.org/resource/ritf-b9ki/12601766"><incidntnum>150560441</incidntnum><category>NON-CRIMINAL</category><descript>FOUND PROPERTY</descript><dayofweek>Saturday</dayofweek><date>2015-06-27T00:00:00</date><time>17:15</time><pddistrict>MISSION</pddistrict><resolution>NONE</resolution><address>400 Block of CASTRO ST</address><x>-122.435012093789</x><y>37.7617677182954</y><location human_address="{&quot;address&quot;:&quot;&quot;,&quot;city&quot;:&quot;&quot;,&quot;state&quot;:&quot;&quot;,&quot;zip&quot;:&quot;&quot;}" latitude="37.7617677182954" longitude="-122.435012093789" needs_recoding="false"/></row>