<?xml version="1.0" encoding="UTF-8"?><row _id="12597233" _uuid="57FB66C7-BC05-4DCD-9347-B258FB987D2E" _position="12597233" _address="http://data.sfgov.org/resource/ritf-b9ki/12597233"><incidntnum>150530795</incidntnum><category>OTHER OFFENSES</category><descript>TRAFFIC VIOLATION ARREST</descript><dayofweek>Wednesday</dayofweek><date>2015-06-17T00:00:00</date><time>23:53</time><pddistrict>INGLESIDE</pddistrict><resolution>ARREST, BOOKED</resolution><address>RUSSIA AV / LONDON ST</address><x>-122.436383725598</x><y>37.7212102716954</y><location human_address="{&quot;address&quot;:&quot;&quot;,&quot;city&quot;:&quot;&quot;,&quot;state&quot;:&quot;&quot;,&quot;zip&quot;:&quot;&quot;}" latitude="37.7212102716954" longitude="-122.436383725598" needs_recoding="false"/></row>