<?xml version="1.0" encoding="UTF-8"?><row _id="12597277" _uuid="F0AB145E-7607-45E7-81FF-4BDAA37DB63C" _position="12597277" _address="http://data.sfgov.org/resource/ritf-b9ki/12597277"><incidntnum>156146322</incidntnum><category>LARCENY/THEFT</category><descript>GRAND THEFT FROM UNLOCKED AUTO</descript><dayofweek>Wednesday</dayofweek><date>2015-06-17T00:00:00</date><time>14:55</time><pddistrict>BAYVIEW</pddistrict><resolution>NONE</resolution><address>SOMERSET ST / FELTON ST</address><x>-122.408548416473</x><y>37.7290043412764</y><location human_address="{&quot;address&quot;:&quot;&quot;,&quot;city&quot;:&quot;&quot;,&quot;state&quot;:&quot;&quot;,&quot;zip&quot;:&quot;&quot;}" latitude="37.7290043412764" longitude="-122.408548416473" needs_recoding="false"/></row>