<?xml version="1.0" encoding="UTF-8"?><row _id="12597929" _uuid="E25FA891-A539-4955-8685-7FEA9609B833" _position="12597929" _address="http://data.sfgov.org/resource/ritf-b9ki/12597929"><incidntnum>150531210</incidntnum><category>NON-CRIMINAL</category><descript>CIVIL SIDEWALKS, CITATION</descript><dayofweek>Thursday</dayofweek><date>2015-06-18T00:00:00</date><time>09:00</time><pddistrict>NORTHERN</pddistrict><resolution>ARREST, BOOKED</resolution><address>400 Block of FELL ST</address><x>-122.425202930764</x><y>37.7755828668377</y><location human_address="{&quot;address&quot;:&quot;&quot;,&quot;city&quot;:&quot;&quot;,&quot;state&quot;:&quot;&quot;,&quot;zip&quot;:&quot;&quot;}" latitude="37.7755828668377" longitude="-122.425202930764" needs_recoding="false"/></row>