<?xml version="1.0" encoding="UTF-8"?><row _id="12598888" _uuid="36583296-5FC8-4500-92FA-FCA1D6BC9C01" _position="12598888" _address="http://data.sfgov.org/resource/ritf-b9ki/12598888"><incidntnum>150541281</incidntnum><category>DRUG/NARCOTIC</category><descript>POSSESSION OF CONTROLLED SUBSTANCE</descript><dayofweek>Sunday</dayofweek><date>2015-06-21T00:00:00</date><time>17:45</time><pddistrict>CENTRAL</pddistrict><resolution>ARREST, BOOKED</resolution><address>FRANCISCO ST / MASON ST</address><x>-122.413433201999</x><y>37.8046850499582</y><location human_address="{&quot;address&quot;:&quot;&quot;,&quot;city&quot;:&quot;&quot;,&quot;state&quot;:&quot;&quot;,&quot;zip&quot;:&quot;&quot;}" latitude="37.8046850499582" longitude="-122.413433201999" needs_recoding="false"/></row>