<?xml version="1.0" encoding="UTF-8"?><row _id="12598459" _uuid="EC509D43-4D2F-42F0-9F90-18DEDBA04968" _position="12598459" _address="http://data.sfgov.org/resource/ritf-b9ki/12598459"><incidntnum>150539446</incidntnum><category>OTHER OFFENSES</category><descript>TRAFFIC VIOLATION ARREST</descript><dayofweek>Saturday</dayofweek><date>2015-06-20T00:00:00</date><time>23:54</time><pddistrict>RICHMOND</pddistrict><resolution>ARREST, BOOKED</resolution><address>GEARY BL / COLLINS ST</address><x>-122.450092253152</x><y>37.7821146580299</y><location human_address="{&quot;address&quot;:&quot;&quot;,&quot;city&quot;:&quot;&quot;,&quot;state&quot;:&quot;&quot;,&quot;zip&quot;:&quot;&quot;}" latitude="37.7821146580299" longitude="-122.450092253152" needs_recoding="false"/></row>