<?xml version="1.0" encoding="UTF-8"?><row _id="12608923" _uuid="F5BF6318-6E85-48ED-AE2D-77CD5B70FA44" _position="12608923" _address="http://data.sfgov.org/resource/ritf-b9ki/12608923"><incidntnum>150613830</incidntnum><category>DRUG/NARCOTIC</category><descript>POSSESSION OF CONTROLLED SUBSTANCE FOR SALE</descript><dayofweek>Tuesday</dayofweek><date>2015-07-14T00:00:00</date><time>18:01</time><pddistrict>TENDERLOIN</pddistrict><resolution>ARREST, BOOKED</resolution><address>LEAVENWORTH ST / GOLDEN GATE AV</address><x>-122.413869632554</x><y>37.7818621883021</y><location human_address="{&quot;address&quot;:&quot;&quot;,&quot;city&quot;:&quot;&quot;,&quot;state&quot;:&quot;&quot;,&quot;zip&quot;:&quot;&quot;}" latitude="37.7818621883021" longitude="-122.413869632554" needs_recoding="false"/></row>