<?xml version="1.0" encoding="UTF-8"?><row _id="12629892" _uuid="8CA1812B-B5EE-4C36-8745-3589D263FC45" _position="12629892" _address="http://data.sfgov.org/resource/ritf-b9ki/12629892"><incidntnum>150788950</incidntnum><category>EMBEZZLEMENT</category><descript>EMBEZZLEMENT (GENERAL)</descript><dayofweek>Monday</dayofweek><date>2015-07-06T00:00:00</date><time>13:36</time><pddistrict>RICHMOND</pddistrict><resolution>NONE</resolution><address>3900 Block of GEARY BL</address><x>-122.461620169101</x><y>37.7812597610597</y><location human_address="{&quot;address&quot;:&quot;&quot;,&quot;city&quot;:&quot;&quot;,&quot;state&quot;:&quot;&quot;,&quot;zip&quot;:&quot;&quot;}" latitude="37.7812597610597" longitude="-122.461620169101" needs_recoding="false"/></row>