<?xml version="1.0" encoding="UTF-8"?><row _id="12597316" _uuid="48E77D24-27C3-433C-98D1-35245DF1383E" _position="12597316" _address="http://data.sfgov.org/resource/ritf-b9ki/12597316"><incidntnum>150528875</incidntnum><category>SUSPICIOUS OCC</category><descript>SUSPICIOUS OCCURRENCE</descript><dayofweek>Wednesday</dayofweek><date>2015-06-17T00:00:00</date><time>12:20</time><pddistrict>SOUTHERN</pddistrict><resolution>NONE</resolution><address>800 Block of BRYANT ST</address><x>-122.403404791479</x><y>37.775420706711</y><location human_address="{&quot;address&quot;:&quot;&quot;,&quot;city&quot;:&quot;&quot;,&quot;state&quot;:&quot;&quot;,&quot;zip&quot;:&quot;&quot;}" latitude="37.775420706711" longitude="-122.403404791479" needs_recoding="false"/></row>