<?xml version="1.0" encoding="UTF-8"?><row _id="12600586" _uuid="D3ADA673-84C1-4242-9344-2E8A740375EE" _position="12600586" _address="http://data.sfgov.org/resource/ritf-b9ki/12600586"><incidntnum>150552090</incidntnum><category>OTHER OFFENSES</category><descript>POSSESSION OF BURGLARY TOOLS</descript><dayofweek>Thursday</dayofweek><date>2015-06-25T00:00:00</date><time>01:30</time><pddistrict>SOUTHERN</pddistrict><resolution>ARREST, BOOKED</resolution><address>0 Block of LANGTON ST</address><x>-122.40908920472</x><y>37.7769610975018</y><location human_address="{&quot;address&quot;:&quot;&quot;,&quot;city&quot;:&quot;&quot;,&quot;state&quot;:&quot;&quot;,&quot;zip&quot;:&quot;&quot;}" latitude="37.7769610975018" longitude="-122.40908920472" needs_recoding="false"/></row>