<?xml version="1.0" encoding="UTF-8"?><row _id="12602359" _uuid="EF85D783-451F-4102-8BE6-7F43D5839BB4" _position="12602359" _address="http://data.sfgov.org/resource/ritf-b9ki/12602359"><incidntnum>150572587</incidntnum><category>LARCENY/THEFT</category><descript>PETTY THEFT FROM A BUILDING</descript><dayofweek>Sunday</dayofweek><date>2015-06-28T00:00:00</date><time>15:00</time><pddistrict>NORTHERN</pddistrict><resolution>NONE</resolution><address>1000 Block of POLK ST</address><x>-122.419858277339</x><y>37.786137125238</y><location human_address="{&quot;address&quot;:&quot;&quot;,&quot;city&quot;:&quot;&quot;,&quot;state&quot;:&quot;&quot;,&quot;zip&quot;:&quot;&quot;}" latitude="37.786137125238" longitude="-122.419858277339" needs_recoding="false"/></row>