<?xml version="1.0" encoding="UTF-8"?><row _id="12597145" _uuid="8D978E97-7D17-4AAB-9A16-AD9641C34823" _position="12597145" _address="http://data.sfgov.org/resource/ritf-b9ki/12597145"><incidntnum>150526415</incidntnum><category>OTHER OFFENSES</category><descript>RESTRAINING ORDER NOTIFICATION/SERVICE OF RESTRAINING ORDER</descript><dayofweek>Tuesday</dayofweek><date>2015-06-16T00:00:00</date><time>17:00</time><pddistrict>BAYVIEW</pddistrict><resolution>ARREST, BOOKED</resolution><address>1500 Block of PALOU AV</address><x>-122.389979849085</x><y>37.7335216083743</y><location human_address="{&quot;address&quot;:&quot;&quot;,&quot;city&quot;:&quot;&quot;,&quot;state&quot;:&quot;&quot;,&quot;zip&quot;:&quot;&quot;}" latitude="37.7335216083743" longitude="-122.389979849085" needs_recoding="false"/></row>