<?xml version="1.0" encoding="UTF-8"?><row _id="12601801" _uuid="85C91C67-301F-4EFA-B7AD-D54A8DD94DA3" _position="12601801" _address="http://data.sfgov.org/resource/ritf-b9ki/12601801"><incidntnum>150559171</incidntnum><category>NON-CRIMINAL</category><descript>AIDED CASE, MENTAL DISTURBED</descript><dayofweek>Saturday</dayofweek><date>2015-06-27T00:00:00</date><time>08:40</time><pddistrict>SOUTHERN</pddistrict><resolution>NONE</resolution><address>0 Block of STEVENSON ST</address><x>-122.400032359721</x><y>37.7893540721016</y><location human_address="{&quot;address&quot;:&quot;&quot;,&quot;city&quot;:&quot;&quot;,&quot;state&quot;:&quot;&quot;,&quot;zip&quot;:&quot;&quot;}" latitude="37.7893540721016" longitude="-122.400032359721" needs_recoding="false"/></row>