<?xml version="1.0" encoding="UTF-8"?><row _id="12600582" _uuid="CE0EB712-7930-4676-8D6F-C63762DAAA70" _position="12600582" _address="http://data.sfgov.org/resource/ritf-b9ki/12600582"><incidntnum>150552040</incidntnum><category>SEX OFFENSES, FORCIBLE</category><descript>FORCIBLE RAPE, BODILY FORCE</descript><dayofweek>Thursday</dayofweek><date>2015-06-25T00:00:00</date><time>00:01</time><pddistrict>BAYVIEW</pddistrict><resolution>NONE</resolution><address>800 Block of INNES AV</address><x>-122.374882420332</x><y>37.731431829647</y><location human_address="{&quot;address&quot;:&quot;&quot;,&quot;city&quot;:&quot;&quot;,&quot;state&quot;:&quot;&quot;,&quot;zip&quot;:&quot;&quot;}" latitude="37.731431829647" longitude="-122.374882420332" needs_recoding="false"/></row>