<?xml version="1.0" encoding="UTF-8"?><row _id="12597126" _uuid="31ADAB1C-79E7-4855-8C5B-F22D0950CB08" _position="12597126" _address="http://data.sfgov.org/resource/ritf-b9ki/12597126"><incidntnum>150526506</incidntnum><category>OTHER OFFENSES</category><descript>PERMIT VIOLATION, POLICE (GENERAL)</descript><dayofweek>Tuesday</dayofweek><date>2015-06-16T00:00:00</date><time>17:37</time><pddistrict>SOUTHERN</pddistrict><resolution>ARREST, BOOKED</resolution><address>KING ST / 3RD ST</address><x>-122.391845617192</x><y>37.778124778322</y><location human_address="{&quot;address&quot;:&quot;&quot;,&quot;city&quot;:&quot;&quot;,&quot;state&quot;:&quot;&quot;,&quot;zip&quot;:&quot;&quot;}" latitude="37.778124778322" longitude="-122.391845617192" needs_recoding="false"/></row>