<?xml version="1.0" encoding="UTF-8"?><row _id="12602509" _uuid="EF97E551-BA26-4D7A-8479-A55F2A0FA525" _position="12602509" _address="http://data.sfgov.org/resource/ritf-b9ki/12602509"><incidntnum>150565059</incidntnum><category>VANDALISM</category><descript>MALICIOUS MISCHIEF, VANDALISM OF VEHICLES</descript><dayofweek>Monday</dayofweek><date>2015-06-29T00:00:00</date><time>21:50</time><pddistrict>NORTHERN</pddistrict><resolution>NONE</resolution><address>MYRTLE ST / POLK ST</address><x>-122.419641420429</x><y>37.7854327313929</y><location human_address="{&quot;address&quot;:&quot;&quot;,&quot;city&quot;:&quot;&quot;,&quot;state&quot;:&quot;&quot;,&quot;zip&quot;:&quot;&quot;}" latitude="37.7854327313929" longitude="-122.419641420429" needs_recoding="false"/></row>