<?xml version="1.0" encoding="UTF-8"?><row _id="12597533" _uuid="BB0FB24A-3226-4970-A218-DF553F960E74" _position="12597533" _address="http://data.sfgov.org/resource/ritf-b9ki/12597533"><incidntnum>150532757</incidntnum><category>OTHER OFFENSES</category><descript>DRIVERS LICENSE, SUSPENDED OR REVOKED</descript><dayofweek>Thursday</dayofweek><date>2015-06-18T00:00:00</date><time>17:32</time><pddistrict>BAYVIEW</pddistrict><resolution>ARREST, CITED</resolution><address>CESAR CHAVEZ ST / EVANS AV</address><x>-122.397289683816</x><y>37.7496837059316</y><location human_address="{&quot;address&quot;:&quot;&quot;,&quot;city&quot;:&quot;&quot;,&quot;state&quot;:&quot;&quot;,&quot;zip&quot;:&quot;&quot;}" latitude="37.7496837059316" longitude="-122.397289683816" needs_recoding="false"/></row>