<?xml version="1.0" encoding="UTF-8"?><row _id="12601026" _uuid="F3F16706-B4A2-40DD-A4D6-C749F94F5203" _position="12601026" _address="http://data.sfgov.org/resource/ritf-b9ki/12601026"><incidntnum>150557084</incidntnum><category>DRUG/NARCOTIC</category><descript>POSSESSION OF METH-AMPHETAMINE</descript><dayofweek>Friday</dayofweek><date>2015-06-26T00:00:00</date><time>07:45</time><pddistrict>CENTRAL</pddistrict><resolution>ARREST, BOOKED</resolution><address>WASHINGTON ST / MONTGOMERY ST</address><x>-122.40332128984</x><y>37.7955312151592</y><location human_address="{&quot;address&quot;:&quot;&quot;,&quot;city&quot;:&quot;&quot;,&quot;state&quot;:&quot;&quot;,&quot;zip&quot;:&quot;&quot;}" latitude="37.7955312151592" longitude="-122.40332128984" needs_recoding="false"/></row>