<?xml version="1.0" encoding="UTF-8"?><row _id="12601140" _uuid="BEB3824E-9F5F-4F3E-B0F1-3D31FF9089BD" _position="12601140" _address="http://data.sfgov.org/resource/ritf-b9ki/12601140"><incidntnum>150556268</incidntnum><category>NON-CRIMINAL</category><descript>LOST PROPERTY</descript><dayofweek>Friday</dayofweek><date>2015-06-26T00:00:00</date><time>09:00</time><pddistrict>BAYVIEW</pddistrict><resolution>NONE</resolution><address>200 Block of WILLIAMS AV</address><x>-122.397744427103</x><y>37.7299346936044</y><location human_address="{&quot;address&quot;:&quot;&quot;,&quot;city&quot;:&quot;&quot;,&quot;state&quot;:&quot;&quot;,&quot;zip&quot;:&quot;&quot;}" latitude="37.7299346936044" longitude="-122.397744427103" needs_recoding="false"/></row>