<?xml version="1.0" encoding="UTF-8"?><row _id="12599685" _uuid="6F88D325-321F-4B2E-96C7-A221F689708E" _position="12599685" _address="http://data.sfgov.org/resource/ritf-b9ki/12599685"><incidntnum>150544279</incidntnum><category>NON-CRIMINAL</category><descript>AIDED CASE, MENTAL DISTURBED</descript><dayofweek>Monday</dayofweek><date>2015-06-22T00:00:00</date><time>17:38</time><pddistrict>TARAVAL</pddistrict><resolution>NONE</resolution><address>2300 Block of 36TH AV</address><x>-122.493902432134</x><y>37.7431672102103</y><location human_address="{&quot;address&quot;:&quot;&quot;,&quot;city&quot;:&quot;&quot;,&quot;state&quot;:&quot;&quot;,&quot;zip&quot;:&quot;&quot;}" latitude="37.7431672102103" longitude="-122.493902432134" needs_recoding="false"/></row>