<?xml version="1.0" encoding="UTF-8"?><row _id="12599419" _uuid="266C80DB-4272-45DD-9DB2-9B51028D5D35" _position="12599419" _address="http://data.sfgov.org/resource/ritf-b9ki/12599419"><incidntnum>150543895</incidntnum><category>NON-CRIMINAL</category><descript>FOUND PROPERTY</descript><dayofweek>Monday</dayofweek><date>2015-06-22T00:00:00</date><time>15:56</time><pddistrict>BAYVIEW</pddistrict><resolution>NONE</resolution><address>3RD ST / QUESADA AV</address><x>-122.391245623019</x><y>37.7332252032804</y><location human_address="{&quot;address&quot;:&quot;&quot;,&quot;city&quot;:&quot;&quot;,&quot;state&quot;:&quot;&quot;,&quot;zip&quot;:&quot;&quot;}" latitude="37.7332252032804" longitude="-122.391245623019" needs_recoding="false"/></row>