<?xml version="1.0" encoding="UTF-8"?><row _id="12599388" _uuid="64B90862-92A5-4B3B-A919-B1681EFE5E66" _position="12599388" _address="http://data.sfgov.org/resource/ritf-b9ki/12599388"><incidntnum>150544746</incidntnum><category>SEX OFFENSES, FORCIBLE</category><descript>ENGAGING IN LEWD ACT</descript><dayofweek>Monday</dayofweek><date>2015-06-22T00:00:00</date><time>14:30</time><pddistrict>TARAVAL</pddistrict><resolution>NONE</resolution><address>WESTPORTAL AV / ULLOA ST</address><x>-122.465828621989</x><y>37.7408907892304</y><location human_address="{&quot;address&quot;:&quot;&quot;,&quot;city&quot;:&quot;&quot;,&quot;state&quot;:&quot;&quot;,&quot;zip&quot;:&quot;&quot;}" latitude="37.7408907892304" longitude="-122.465828621989" needs_recoding="false"/></row>