<?xml version="1.0" encoding="UTF-8"?><row _id="12599205" _uuid="91F67B00-1F90-48C0-B2EE-88A25660B6F9" _position="12599205" _address="http://data.sfgov.org/resource/ritf-b9ki/12599205"><incidntnum>150548077</incidntnum><category>LARCENY/THEFT</category><descript>PETTY THEFT FROM A BUILDING</descript><dayofweek>Friday</dayofweek><date>2015-06-19T00:00:00</date><time>18:00</time><pddistrict>PARK</pddistrict><resolution>NONE</resolution><address>0 Block of DELMAR ST</address><x>-122.445798079616</x><y>37.768224666159</y><location human_address="{&quot;address&quot;:&quot;&quot;,&quot;city&quot;:&quot;&quot;,&quot;state&quot;:&quot;&quot;,&quot;zip&quot;:&quot;&quot;}" latitude="37.768224666159" longitude="-122.445798079616" needs_recoding="false"/></row>