<?xml version="1.0" encoding="UTF-8"?><row _id="12606916" _uuid="CDACA8CC-6B3D-43D2-B064-DDCFC4561A2A" _position="12606916" _address="http://data.sfgov.org/resource/ritf-b9ki/12606916"><incidntnum>159003212</incidntnum><category>ASSAULT</category><descript>AGGRAVATED ASSAULT WITH BODILY FORCE</descript><dayofweek>Saturday</dayofweek><date>2015-07-04T00:00:00</date><time>15:00</time><pddistrict>SOUTHERN</pddistrict><resolution>NONE</resolution><address>800 Block of BRYANT ST</address><x>-122.403404791479</x><y>37.775420706711</y><location human_address="{&quot;address&quot;:&quot;&quot;,&quot;city&quot;:&quot;&quot;,&quot;state&quot;:&quot;&quot;,&quot;zip&quot;:&quot;&quot;}" latitude="37.775420706711" longitude="-122.403404791479" needs_recoding="false"/></row>