<?xml version="1.0" encoding="UTF-8"?><row _id="12598623" _uuid="62726107-BEDF-4356-8814-9F59AE84E601" _position="12598623" _address="http://data.sfgov.org/resource/ritf-b9ki/12598623"><incidntnum>150537252</incidntnum><category>FRAUD</category><descript>FALSE ID TO PEACE OFFICER</descript><dayofweek>Saturday</dayofweek><date>2015-06-20T00:00:00</date><time>09:28</time><pddistrict>NORTHERN</pddistrict><resolution>ARREST, BOOKED</resolution><address>0 Block of FERN ST</address><x>-122.41939581087</x><y>37.7883817595967</y><location human_address="{&quot;address&quot;:&quot;&quot;,&quot;city&quot;:&quot;&quot;,&quot;state&quot;:&quot;&quot;,&quot;zip&quot;:&quot;&quot;}" latitude="37.7883817595967" longitude="-122.41939581087" needs_recoding="false"/></row>