<?xml version="1.0" encoding="UTF-8"?><row _id="12598653" _uuid="538CD7B6-B64B-4923-8DB5-2F315A0F22EB" _position="12598653" _address="http://data.sfgov.org/resource/ritf-b9ki/12598653"><incidntnum>150539098</incidntnum><category>ASSAULT</category><descript>BATTERY OF A POLICE OFFICER</descript><dayofweek>Saturday</dayofweek><date>2015-06-20T00:00:00</date><time>22:02</time><pddistrict>MISSION</pddistrict><resolution>ARREST, BOOKED</resolution><address>1100 Block of GUERRERO ST</address><x>-122.423061898379</x><y>37.7527483074606</y><location human_address="{&quot;address&quot;:&quot;&quot;,&quot;city&quot;:&quot;&quot;,&quot;state&quot;:&quot;&quot;,&quot;zip&quot;:&quot;&quot;}" latitude="37.7527483074606" longitude="-122.423061898379" needs_recoding="false"/></row>