<?xml version="1.0" encoding="UTF-8"?><row _id="12608829" _uuid="8E7A73AC-30E1-4927-BDCE-340D0969A700" _position="12608829" _address="http://data.sfgov.org/resource/ritf-b9ki/12608829"><incidntnum>150547693</incidntnum><category>NON-CRIMINAL</category><descript>CASE CLOSURE</descript><dayofweek>Monday</dayofweek><date>2015-06-22T00:00:00</date><time>12:30</time><pddistrict>TARAVAL</pddistrict><resolution>NONE</resolution><address>2200 Block of NORIEGA ST</address><x>-122.487730080606</x><y>37.7536894274509</y><location human_address="{&quot;address&quot;:&quot;&quot;,&quot;city&quot;:&quot;&quot;,&quot;state&quot;:&quot;&quot;,&quot;zip&quot;:&quot;&quot;}" latitude="37.7536894274509" longitude="-122.487730080606" needs_recoding="false"/></row>