<?xml version="1.0" encoding="UTF-8"?><row _id="12597564" _uuid="7352A7EA-0F1B-433F-B20A-9EB05B47621C" _position="12597564" _address="http://data.sfgov.org/resource/ritf-b9ki/12597564"><incidntnum>150534935</incidntnum><category>ROBBERY</category><descript>ROBBERY, BODILY FORCE</descript><dayofweek>Thursday</dayofweek><date>2015-06-18T00:00:00</date><time>22:45</time><pddistrict>PARK</pddistrict><resolution>NONE</resolution><address>HAIGHT ST / BAKER ST</address><x>-122.440359655894</x><y>37.7708480203633</y><location human_address="{&quot;address&quot;:&quot;&quot;,&quot;city&quot;:&quot;&quot;,&quot;state&quot;:&quot;&quot;,&quot;zip&quot;:&quot;&quot;}" latitude="37.7708480203633" longitude="-122.440359655894" needs_recoding="false"/></row>