<?xml version="1.0" encoding="UTF-8"?><row _id="12597351" _uuid="8951A8C3-6054-43FA-8AC7-C8A20CA7260E" _position="12597351" _address="http://data.sfgov.org/resource/ritf-b9ki/12597351"><incidntnum>150528182</incidntnum><category>DRUG/NARCOTIC</category><descript>POSSESSION OF METH-AMPHETAMINE</descript><dayofweek>Wednesday</dayofweek><date>2015-06-17T00:00:00</date><time>09:37</time><pddistrict>TENDERLOIN</pddistrict><resolution>NONE</resolution><address>600 Block of ELLIS ST</address><x>-122.416893710739</x><y>37.7842860480389</y><location human_address="{&quot;address&quot;:&quot;&quot;,&quot;city&quot;:&quot;&quot;,&quot;state&quot;:&quot;&quot;,&quot;zip&quot;:&quot;&quot;}" latitude="37.7842860480389" longitude="-122.416893710739" needs_recoding="false"/></row>