<?xml version="1.0" encoding="UTF-8"?><row _id="12599449" _uuid="C7E04937-0F0A-46F7-943D-8EA40E81ACE9" _position="12599449" _address="http://data.sfgov.org/resource/ritf-b9ki/12599449"><incidntnum>150550470</incidntnum><category>MISSING PERSON</category><descript>FOUND PERSON</descript><dayofweek>Sunday</dayofweek><date>2015-06-21T00:00:00</date><time>23:00</time><pddistrict>CENTRAL</pddistrict><resolution>UNFOUNDED</resolution><address>JACKSON ST / MASON ST</address><x>-122.411546434236</x><y>37.7954091544577</y><location human_address="{&quot;address&quot;:&quot;&quot;,&quot;city&quot;:&quot;&quot;,&quot;state&quot;:&quot;&quot;,&quot;zip&quot;:&quot;&quot;}" latitude="37.7954091544577" longitude="-122.411546434236" needs_recoding="false"/></row>