<?xml version="1.0" encoding="UTF-8"?><row _id="12601168" _uuid="B11E6345-499A-4F39-86F9-1E0CA57EB188" _position="12601168" _address="http://data.sfgov.org/resource/ritf-b9ki/12601168"><incidntnum>150557341</incidntnum><category>WARRANTS</category><descript>ENROUTE TO U.S. MARSHALL</descript><dayofweek>Friday</dayofweek><date>2015-06-26T00:00:00</date><time>08:00</time><pddistrict>TARAVAL</pddistrict><resolution>ARREST, BOOKED</resolution><address>500 Block of BUCKINGHAM WY</address><x>-122.478417223855</x><y>37.7301475980791</y><location human_address="{&quot;address&quot;:&quot;&quot;,&quot;city&quot;:&quot;&quot;,&quot;state&quot;:&quot;&quot;,&quot;zip&quot;:&quot;&quot;}" latitude="37.7301475980791" longitude="-122.478417223855" needs_recoding="false"/></row>