<?xml version="1.0" encoding="UTF-8"?><row _id="12596897" _uuid="3197032A-9228-4BFF-99F0-66F3C29F7330" _position="12596897" _address="http://data.sfgov.org/resource/ritf-b9ki/12596897"><incidntnum>156145904</incidntnum><category>LARCENY/THEFT</category><descript>PETTY THEFT OF PROPERTY</descript><dayofweek>Tuesday</dayofweek><date>2015-06-16T00:00:00</date><time>22:30</time><pddistrict>NORTHERN</pddistrict><resolution>NONE</resolution><address>FILLMORE ST / GEARY BL</address><x>-122.432914603494</x><y>37.7843533426568</y><location human_address="{&quot;address&quot;:&quot;&quot;,&quot;city&quot;:&quot;&quot;,&quot;state&quot;:&quot;&quot;,&quot;zip&quot;:&quot;&quot;}" latitude="37.7843533426568" longitude="-122.432914603494" needs_recoding="false"/></row>