<?xml version="1.0" encoding="UTF-8"?><row _id="12605695" _uuid="B7AF9103-8A0D-472F-8585-17F26D168E5C" _position="12605695" _address="http://data.sfgov.org/resource/ritf-b9ki/12605695"><incidntnum>150557608</incidntnum><category>MISSING PERSON</category><descript>FOUND PERSON</descript><dayofweek>Friday</dayofweek><date>2015-06-26T00:00:00</date><time>18:30</time><pddistrict>CENTRAL</pddistrict><resolution>NONE</resolution><address>400 Block of JEFFERSON ST</address><x>-122.419919493342</x><y>37.8076403511907</y><location human_address="{&quot;address&quot;:&quot;&quot;,&quot;city&quot;:&quot;&quot;,&quot;state&quot;:&quot;&quot;,&quot;zip&quot;:&quot;&quot;}" latitude="37.8076403511907" longitude="-122.419919493342" needs_recoding="false"/></row>