<?xml version="1.0" encoding="UTF-8"?><row _id="12597101" _uuid="E8055266-C789-48E8-A97C-7C894876A4D2" _position="12597101" _address="http://data.sfgov.org/resource/ritf-b9ki/12597101"><incidntnum>156149661</incidntnum><category>LARCENY/THEFT</category><descript>PETTY THEFT OF PROPERTY</descript><dayofweek>Tuesday</dayofweek><date>2015-06-16T00:00:00</date><time>20:45</time><pddistrict>RICHMOND</pddistrict><resolution>NONE</resolution><address>1000 Block of POINTLOBOS AV</address><x>-122.513642064265</x><y>37.7784692199467</y><location human_address="{&quot;address&quot;:&quot;&quot;,&quot;city&quot;:&quot;&quot;,&quot;state&quot;:&quot;&quot;,&quot;zip&quot;:&quot;&quot;}" latitude="37.7784692199467" longitude="-122.513642064265" needs_recoding="false"/></row>