<?xml version="1.0" encoding="UTF-8"?><row _id="12663933" _uuid="C34953C5-72C5-4842-B29E-D0A61E1237BD" _position="12663933" _address="http://data.sfgov.org/resource/ritf-b9ki/12663933"><incidntnum>150532575</incidntnum><category>WARRANTS</category><descript>WARRANT ARREST</descript><dayofweek>Thursday</dayofweek><date>2015-06-18T00:00:00</date><time>16:00</time><pddistrict>CENTRAL</pddistrict><resolution>ARREST, BOOKED</resolution><address>300 Block of BAY ST</address><x>-122.412803753</x><y>37.8057739875696</y><location human_address="{&quot;address&quot;:&quot;&quot;,&quot;city&quot;:&quot;&quot;,&quot;state&quot;:&quot;&quot;,&quot;zip&quot;:&quot;&quot;}" latitude="37.8057739875696" longitude="-122.412803753" needs_recoding="false"/></row>