<?xml version="1.0" encoding="UTF-8"?><row _id="12598619" _uuid="B6C2B017-581A-476E-81A7-F7870C301FF4" _position="12598619" _address="http://data.sfgov.org/resource/ritf-b9ki/12598619"><incidntnum>150537202</incidntnum><category>ASSAULT</category><descript>AGGRAVATED ASSAULT WITH A DEADLY WEAPON</descript><dayofweek>Saturday</dayofweek><date>2015-06-20T00:00:00</date><time>09:00</time><pddistrict>RICHMOND</pddistrict><resolution>ARREST, BOOKED</resolution><address>300 Block of 6TH AV</address><x>-122.464281616889</x><y>37.7819643048798</y><location human_address="{&quot;address&quot;:&quot;&quot;,&quot;city&quot;:&quot;&quot;,&quot;state&quot;:&quot;&quot;,&quot;zip&quot;:&quot;&quot;}" latitude="37.7819643048798" longitude="-122.464281616889" needs_recoding="false"/></row>