<?xml version="1.0" encoding="UTF-8"?><row _id="12602798" _uuid="EFB78392-163F-4E28-8358-E8FDF339CEB3" _position="12602798" _address="http://data.sfgov.org/resource/ritf-b9ki/12602798"><incidntnum>140993937</incidntnum><category>WARRANTS</category><descript>WARRANT ARREST</descript><dayofweek>Monday</dayofweek><date>2015-06-29T00:00:00</date><time>12:09</time><pddistrict>BAYVIEW</pddistrict><resolution>ARREST, BOOKED</resolution><address>1000 Block of OAKDALE AV</address><x>-122.380348349699</x><y>37.7288276251864</y><location human_address="{&quot;address&quot;:&quot;&quot;,&quot;city&quot;:&quot;&quot;,&quot;state&quot;:&quot;&quot;,&quot;zip&quot;:&quot;&quot;}" latitude="37.7288276251864" longitude="-122.380348349699" needs_recoding="false"/></row>