<?xml version="1.0" encoding="UTF-8"?><row _id="12605705" _uuid="1024F9B7-5BA4-47BA-BDA5-054159D79EF7" _position="12605705" _address="http://data.sfgov.org/resource/ritf-b9ki/12605705"><incidntnum>150586798</incidntnum><category>BURGLARY</category><descript>BURGLARY,BLDG. UNDER CONSTRUCTION, FORCIBLE ENTRY</descript><dayofweek>Friday</dayofweek><date>2015-07-03T00:00:00</date><time>14:30</time><pddistrict>SOUTHERN</pddistrict><resolution>NONE</resolution><address>800 Block of FOLSOM ST</address><x>-122.402343659494</x><y>37.7811666837563</y><location human_address="{&quot;address&quot;:&quot;&quot;,&quot;city&quot;:&quot;&quot;,&quot;state&quot;:&quot;&quot;,&quot;zip&quot;:&quot;&quot;}" latitude="37.7811666837563" longitude="-122.402343659494" needs_recoding="false"/></row>