<?xml version="1.0" encoding="UTF-8"?><row _id="12641184" _uuid="03F72AF0-DC78-4E3B-A4A4-B9E68AB5A9A6" _position="12641184" _address="http://data.sfgov.org/resource/ritf-b9ki/12641184"><incidntnum>150871969</incidntnum><category>SEX OFFENSES, FORCIBLE</category><descript>PENETRATION, FORCED, WITH OBJECT</descript><dayofweek>Wednesday</dayofweek><date>2015-07-08T00:00:00</date><time>20:00</time><pddistrict>NORTHERN</pddistrict><resolution>NONE</resolution><address>1500 Block of SUTTER ST</address><x>-122.425861480958</x><y>37.7869713417687</y><location human_address="{&quot;address&quot;:&quot;&quot;,&quot;city&quot;:&quot;&quot;,&quot;state&quot;:&quot;&quot;,&quot;zip&quot;:&quot;&quot;}" latitude="37.7869713417687" longitude="-122.425861480958" needs_recoding="false"/></row>