<?xml version="1.0" encoding="UTF-8"?><row _id="12597823" _uuid="CF39F9AD-432B-4BF8-BDC1-54EE5A5DFBE2" _position="12597823" _address="http://data.sfgov.org/resource/ritf-b9ki/12597823"><incidntnum>150535331</incidntnum><category>VEHICLE THEFT</category><descript>STOLEN MOTORCYCLE</descript><dayofweek>Thursday</dayofweek><date>2015-06-18T00:00:00</date><time>19:35</time><pddistrict>SOUTHERN</pddistrict><resolution>NONE</resolution><address>100 Block of SOUTH VAN NESS AV</address><x>-122.418299619441</x><y>37.7715376281605</y><location human_address="{&quot;address&quot;:&quot;&quot;,&quot;city&quot;:&quot;&quot;,&quot;state&quot;:&quot;&quot;,&quot;zip&quot;:&quot;&quot;}" latitude="37.7715376281605" longitude="-122.418299619441" needs_recoding="false"/></row>