<?xml version="1.0" encoding="UTF-8"?><row _id="12601607" _uuid="9D4F1276-724F-4105-9B02-212BA8D60608" _position="12601607" _address="http://data.sfgov.org/resource/ritf-b9ki/12601607"><incidntnum>150560708</incidntnum><category>WEAPON LAWS</category><descript>POSS OF LOADED FIREARM</descript><dayofweek>Saturday</dayofweek><date>2015-06-27T00:00:00</date><time>18:10</time><pddistrict>TENDERLOIN</pddistrict><resolution>ARREST, BOOKED</resolution><address>HYDE ST / FULTON ST</address><x>-122.415127837608</x><y>37.7797870676495</y><location human_address="{&quot;address&quot;:&quot;&quot;,&quot;city&quot;:&quot;&quot;,&quot;state&quot;:&quot;&quot;,&quot;zip&quot;:&quot;&quot;}" latitude="37.7797870676495" longitude="-122.415127837608" needs_recoding="false"/></row>