<?xml version="1.0" encoding="UTF-8"?><row _id="12598381" _uuid="6D5B2C66-BA03-4856-97F6-8FF1D3FC2733" _position="12598381" _address="http://data.sfgov.org/resource/ritf-b9ki/12598381"><incidntnum>150537070</incidntnum><category>WARRANTS</category><descript>ENROUTE TO OUTSIDE JURISDICTION</descript><dayofweek>Saturday</dayofweek><date>2015-06-20T00:00:00</date><time>07:35</time><pddistrict>INGLESIDE</pddistrict><resolution>ARREST, BOOKED</resolution><address>GENEVA AV / BANNOCK ST</address><x>-122.44288826241</x><y>37.7182875407527</y><location human_address="{&quot;address&quot;:&quot;&quot;,&quot;city&quot;:&quot;&quot;,&quot;state&quot;:&quot;&quot;,&quot;zip&quot;:&quot;&quot;}" latitude="37.7182875407527" longitude="-122.44288826241" needs_recoding="false"/></row>