<?xml version="1.0" encoding="UTF-8"?><row _id="12608835" _uuid="187F179D-5BE2-450D-B198-7618586E7256" _position="12608835" _address="http://data.sfgov.org/resource/ritf-b9ki/12608835"><incidntnum>150566132</incidntnum><category>SUSPICIOUS OCC</category><descript>INVESTIGATIVE DETENTION</descript><dayofweek>Tuesday</dayofweek><date>2015-06-23T00:00:00</date><time>00:01</time><pddistrict>SOUTHERN</pddistrict><resolution>UNFOUNDED</resolution><address>800 Block of BRYANT ST</address><x>-122.403404791479</x><y>37.775420706711</y><location human_address="{&quot;address&quot;:&quot;&quot;,&quot;city&quot;:&quot;&quot;,&quot;state&quot;:&quot;&quot;,&quot;zip&quot;:&quot;&quot;}" latitude="37.775420706711" longitude="-122.403404791479" needs_recoding="false"/></row>