<?xml version="1.0" encoding="UTF-8"?><row _id="12598466" _uuid="59FD1A22-1DBA-417D-9F0F-73A01BCB64C3" _position="12598466" _address="http://data.sfgov.org/resource/ritf-b9ki/12598466"><incidntnum>156147988</incidntnum><category>LARCENY/THEFT</category><descript>GRAND THEFT FROM LOCKED AUTO</descript><dayofweek>Saturday</dayofweek><date>2015-06-20T00:00:00</date><time>17:30</time><pddistrict>TENDERLOIN</pddistrict><resolution>NONE</resolution><address>8TH ST / MARKET ST</address><x>-122.414743835382</x><y>37.778719262789</y><location human_address="{&quot;address&quot;:&quot;&quot;,&quot;city&quot;:&quot;&quot;,&quot;state&quot;:&quot;&quot;,&quot;zip&quot;:&quot;&quot;}" latitude="37.778719262789" longitude="-122.414743835382" needs_recoding="false"/></row>