<?xml version="1.0" encoding="UTF-8"?><row _id="12601042" _uuid="9F69C5DB-D1E6-4374-9425-1B3FCF4FFD42" _position="12601042" _address="http://data.sfgov.org/resource/ritf-b9ki/12601042"><incidntnum>150563075</incidntnum><category>VEHICLE THEFT</category><descript>STOLEN MOTORCYCLE</descript><dayofweek>Sunday</dayofweek><date>2015-06-21T00:00:00</date><time>13:00</time><pddistrict>CENTRAL</pddistrict><resolution>NONE</resolution><address>HYDE ST / CLAY ST</address><x>-122.417761976795</x><y>37.7928030545176</y><location human_address="{&quot;address&quot;:&quot;&quot;,&quot;city&quot;:&quot;&quot;,&quot;state&quot;:&quot;&quot;,&quot;zip&quot;:&quot;&quot;}" latitude="37.7928030545176" longitude="-122.417761976795" needs_recoding="false"/></row>