<?xml version="1.0" encoding="UTF-8"?><row _id="12598830" _uuid="3637AA5A-045A-4B34-AF1E-81460D88B984" _position="12598830" _address="http://data.sfgov.org/resource/ritf-b9ki/12598830"><incidntnum>150537757</incidntnum><category>ASSAULT</category><descript>BATTERY, FORMER SPOUSE OR DATING RELATIONSHIP</descript><dayofweek>Saturday</dayofweek><date>2015-06-20T00:00:00</date><time>13:00</time><pddistrict>CENTRAL</pddistrict><resolution>ARREST, BOOKED</resolution><address>900 Block of POST ST</address><x>-122.416825199786</x><y>37.787277154617</y><location human_address="{&quot;address&quot;:&quot;&quot;,&quot;city&quot;:&quot;&quot;,&quot;state&quot;:&quot;&quot;,&quot;zip&quot;:&quot;&quot;}" latitude="37.787277154617" longitude="-122.416825199786" needs_recoding="false"/></row>