<?xml version="1.0" encoding="UTF-8"?><row _id="12601748" _uuid="E639F8BF-D807-4EFE-AE8E-5B5D2FE1FA2C" _position="12601748" _address="http://data.sfgov.org/resource/ritf-b9ki/12601748"><incidntnum>150563417</incidntnum><category>NON-CRIMINAL</category><descript>AIDED CASE</descript><dayofweek>Saturday</dayofweek><date>2015-06-27T00:00:00</date><time>11:15</time><pddistrict>INGLESIDE</pddistrict><resolution>CLEARED-CONTACT JUVENILE FOR MORE INFO</resolution><address>100 Block of SANTOS ST</address><x>-122.418992947179</x><y>37.7102894629265</y><location human_address="{&quot;address&quot;:&quot;&quot;,&quot;city&quot;:&quot;&quot;,&quot;state&quot;:&quot;&quot;,&quot;zip&quot;:&quot;&quot;}" latitude="37.7102894629265" longitude="-122.418992947179" needs_recoding="false"/></row>