<?xml version="1.0" encoding="UTF-8"?><row _id="12604444" _uuid="F5B4CDD3-CAAB-4E1B-A27E-098ACC8FAD4D" _position="12604444" _address="http://data.sfgov.org/resource/ritf-b9ki/12604444"><incidntnum>150579668</incidntnum><category>VANDALISM</category><descript>MALICIOUS MISCHIEF, VANDALISM OF VEHICLES</descript><dayofweek>Thursday</dayofweek><date>2015-07-02T00:00:00</date><time>17:00</time><pddistrict>MISSION</pddistrict><resolution>NONE</resolution><address>900 Block of POTRERO AV</address><x>-122.406604919508</x><y>37.7571580431915</y><location human_address="{&quot;address&quot;:&quot;&quot;,&quot;city&quot;:&quot;&quot;,&quot;state&quot;:&quot;&quot;,&quot;zip&quot;:&quot;&quot;}" latitude="37.7571580431915" longitude="-122.406604919508" needs_recoding="false"/></row>