<?xml version="1.0" encoding="UTF-8"?><row _id="12597794" _uuid="865D6C6D-F880-443B-98A8-E87ED966120B" _position="12597794" _address="http://data.sfgov.org/resource/ritf-b9ki/12597794"><incidntnum>150528988</incidntnum><category>LARCENY/THEFT</category><descript>GRAND THEFT FROM LOCKED AUTO</descript><dayofweek>Wednesday</dayofweek><date>2015-06-17T00:00:00</date><time>13:00</time><pddistrict>PARK</pddistrict><resolution>NONE</resolution><address>100 Block of JOHNFKENNEDY DR</address><x>-122.457507583541</x><y>37.7711332354432</y><location human_address="{&quot;address&quot;:&quot;&quot;,&quot;city&quot;:&quot;&quot;,&quot;state&quot;:&quot;&quot;,&quot;zip&quot;:&quot;&quot;}" latitude="37.7711332354432" longitude="-122.457507583541" needs_recoding="false"/></row>