<?xml version="1.0" encoding="UTF-8"?><row _id="12597279" _uuid="242C8943-C58B-464E-80C1-A681D06DA425" _position="12597279" _address="http://data.sfgov.org/resource/ritf-b9ki/12597279"><incidntnum>156146366</incidntnum><category>LARCENY/THEFT</category><descript>GRAND THEFT FROM LOCKED AUTO</descript><dayofweek>Wednesday</dayofweek><date>2015-06-17T00:00:00</date><time>17:30</time><pddistrict>BAYVIEW</pddistrict><resolution>NONE</resolution><address>22ND ST / 3RD ST</address><x>-122.388318045049</x><y>37.757939423202</y><location human_address="{&quot;address&quot;:&quot;&quot;,&quot;city&quot;:&quot;&quot;,&quot;state&quot;:&quot;&quot;,&quot;zip&quot;:&quot;&quot;}" latitude="37.757939423202" longitude="-122.388318045049" needs_recoding="false"/></row>