<?xml version="1.0" encoding="UTF-8"?><row _id="12597819" _uuid="EFEA7DB2-9D61-4D89-8CFA-015410393738" _position="12597819" _address="http://data.sfgov.org/resource/ritf-b9ki/12597819"><incidntnum>150534521</incidntnum><category>LARCENY/THEFT</category><descript>PETTY THEFT FROM LOCKED AUTO</descript><dayofweek>Thursday</dayofweek><date>2015-06-18T00:00:00</date><time>18:00</time><pddistrict>NORTHERN</pddistrict><resolution>NONE</resolution><address>500 Block of FRANKLIN ST</address><x>-122.421870573964</x><y>37.7794240214489</y><location human_address="{&quot;address&quot;:&quot;&quot;,&quot;city&quot;:&quot;&quot;,&quot;state&quot;:&quot;&quot;,&quot;zip&quot;:&quot;&quot;}" latitude="37.7794240214489" longitude="-122.421870573964" needs_recoding="false"/></row>