<?xml version="1.0" encoding="UTF-8"?><row _id="12602443" _uuid="8F80490D-1F3E-49D2-A0F7-227CE903CA17" _position="12602443" _address="http://data.sfgov.org/resource/ritf-b9ki/12602443"><incidntnum>150563627</incidntnum><category>WARRANTS</category><descript>WARRANT ARREST</descript><dayofweek>Sunday</dayofweek><date>2015-06-28T00:00:00</date><time>16:31</time><pddistrict>CENTRAL</pddistrict><resolution>ARREST, BOOKED</resolution><address>1700 Block of LEAVENWORTH ST</address><x>-122.416816935034</x><y>37.7968319401891</y><location human_address="{&quot;address&quot;:&quot;&quot;,&quot;city&quot;:&quot;&quot;,&quot;state&quot;:&quot;&quot;,&quot;zip&quot;:&quot;&quot;}" latitude="37.7968319401891" longitude="-122.416816935034" needs_recoding="false"/></row>