<?xml version="1.0" encoding="UTF-8"?><row _id="12602324" _uuid="D8D960D6-96D1-429F-B663-ED7672F5E3B7" _position="12602324" _address="http://data.sfgov.org/resource/ritf-b9ki/12602324"><incidntnum>150555599</incidntnum><category>OTHER OFFENSES</category><descript>VIOLATION OF MUNICIPAL CODE</descript><dayofweek>Friday</dayofweek><date>2015-06-26T00:00:00</date><time>06:30</time><pddistrict>SOUTHERN</pddistrict><resolution>ARREST, BOOKED</resolution><address>800 Block of BRYANT ST</address><x>-122.403404791479</x><y>37.775420706711</y><location human_address="{&quot;address&quot;:&quot;&quot;,&quot;city&quot;:&quot;&quot;,&quot;state&quot;:&quot;&quot;,&quot;zip&quot;:&quot;&quot;}" latitude="37.775420706711" longitude="-122.403404791479" needs_recoding="false"/></row>