<?xml version="1.0" encoding="UTF-8"?><row _id="12596486" _uuid="E6367D50-0C84-4E06-85DE-6B5D29B45634" _position="12596486" _address="http://data.sfgov.org/resource/ritf-b9ki/12596486"><incidntnum>150523966</incidntnum><category>NON-CRIMINAL</category><descript>AIDED CASE, MENTAL DISTURBED</descript><dayofweek>Monday</dayofweek><date>2015-06-15T00:00:00</date><time>19:28</time><pddistrict>TARAVAL</pddistrict><resolution>NONE</resolution><address>0 Block of SADOWA ST</address><x>-122.455367874722</x><y>37.7122701540559</y><location human_address="{&quot;address&quot;:&quot;&quot;,&quot;city&quot;:&quot;&quot;,&quot;state&quot;:&quot;&quot;,&quot;zip&quot;:&quot;&quot;}" latitude="37.7122701540559" longitude="-122.455367874722" needs_recoding="false"/></row>