<?xml version="1.0" encoding="UTF-8"?><row _id="12608230" _uuid="5CAD16AB-6823-4B31-8CA5-5FF40984070E" _position="12608230" _address="http://data.sfgov.org/resource/ritf-b9ki/12608230"><incidntnum>150551810</incidntnum><category>ASSAULT</category><descript>BATTERY</descript><dayofweek>Wednesday</dayofweek><date>2015-06-24T00:00:00</date><time>22:30</time><pddistrict>MISSION</pddistrict><resolution>ARREST, BOOKED</resolution><address>1000 Block of POTRERO AV</address><x>-122.406539115148</x><y>37.7564864109309</y><location human_address="{&quot;address&quot;:&quot;&quot;,&quot;city&quot;:&quot;&quot;,&quot;state&quot;:&quot;&quot;,&quot;zip&quot;:&quot;&quot;}" latitude="37.7564864109309" longitude="-122.406539115148" needs_recoding="false"/></row>