<?xml version="1.0" encoding="UTF-8"?><row _id="12603914" _uuid="C5EF4363-DF28-4397-9D15-9E59DB13FBEC" _position="12603914" _address="http://data.sfgov.org/resource/ritf-b9ki/12603914"><incidntnum>156159789</incidntnum><category>LARCENY/THEFT</category><descript>GRAND THEFT FROM LOCKED AUTO</descript><dayofweek>Thursday</dayofweek><date>2015-07-02T00:00:00</date><time>22:30</time><pddistrict>TARAVAL</pddistrict><resolution>NONE</resolution><address>3100 Block of VICENTE ST</address><x>-122.500606291729</x><y>37.7381602639931</y><location human_address="{&quot;address&quot;:&quot;&quot;,&quot;city&quot;:&quot;&quot;,&quot;state&quot;:&quot;&quot;,&quot;zip&quot;:&quot;&quot;}" latitude="37.7381602639931" longitude="-122.500606291729" needs_recoding="false"/></row>