<?xml version="1.0" encoding="UTF-8"?><row _id="12601372" _uuid="3D4F197C-196A-45E7-9D24-BA3DEB789685" _position="12601372" _address="http://data.sfgov.org/resource/ritf-b9ki/12601372"><incidntnum>150555163</incidntnum><category>ROBBERY</category><descript>ATTEMPTED ROBBERY WITH A GUN</descript><dayofweek>Friday</dayofweek><date>2015-06-26T00:00:00</date><time>00:05</time><pddistrict>NORTHERN</pddistrict><resolution>NONE</resolution><address>3700 Block of SCOTT ST</address><x>-122.441937370655</x><y>37.8042568292787</y><location human_address="{&quot;address&quot;:&quot;&quot;,&quot;city&quot;:&quot;&quot;,&quot;state&quot;:&quot;&quot;,&quot;zip&quot;:&quot;&quot;}" latitude="37.8042568292787" longitude="-122.441937370655" needs_recoding="false"/></row>