<?xml version="1.0" encoding="UTF-8"?><row _id="12598445" _uuid="E7E86E6E-4E9B-4E9B-91A7-F9AA47F5D0C5" _position="12598445" _address="http://data.sfgov.org/resource/ritf-b9ki/12598445"><incidntnum>156147922</incidntnum><category>LARCENY/THEFT</category><descript>GRAND THEFT FROM UNLOCKED AUTO</descript><dayofweek>Saturday</dayofweek><date>2015-06-20T00:00:00</date><time>17:30</time><pddistrict>NORTHERN</pddistrict><resolution>NONE</resolution><address>GOLDEN GATE AV / GOUGH ST</address><x>-122.423732220508</x><y>37.7806111466558</y><location human_address="{&quot;address&quot;:&quot;&quot;,&quot;city&quot;:&quot;&quot;,&quot;state&quot;:&quot;&quot;,&quot;zip&quot;:&quot;&quot;}" latitude="37.7806111466558" longitude="-122.423732220508" needs_recoding="false"/></row>