<?xml version="1.0" encoding="UTF-8"?><row _id="12601611" _uuid="AB0F0BF3-C9A4-4C97-9F3E-3298E8931231" _position="12601611" _address="http://data.sfgov.org/resource/ritf-b9ki/12601611"><incidntnum>150567055</incidntnum><category>VEHICLE THEFT</category><descript>STOLEN TRUCK</descript><dayofweek>Saturday</dayofweek><date>2015-06-27T00:00:00</date><time>19:30</time><pddistrict>MISSION</pddistrict><resolution>NONE</resolution><address>MARKET ST / NOE ST</address><x>-122.433075152403</x><y>37.7641937790242</y><location human_address="{&quot;address&quot;:&quot;&quot;,&quot;city&quot;:&quot;&quot;,&quot;state&quot;:&quot;&quot;,&quot;zip&quot;:&quot;&quot;}" latitude="37.7641937790242" longitude="-122.433075152403" needs_recoding="false"/></row>