<?xml version="1.0" encoding="UTF-8"?><row _id="12597677" _uuid="D5A695F5-510E-4648-A864-2D1BB7CE1701" _position="12597677" _address="http://data.sfgov.org/resource/ritf-b9ki/12597677"><incidntnum>150531834</incidntnum><category>LARCENY/THEFT</category><descript>PETTY THEFT OF PROPERTY</descript><dayofweek>Thursday</dayofweek><date>2015-06-18T00:00:00</date><time>12:35</time><pddistrict>INGLESIDE</pddistrict><resolution>NONE</resolution><address>2600 Block of BAY SHORE BL</address><x>-122.405385735969</x><y>37.7086473552327</y><location human_address="{&quot;address&quot;:&quot;&quot;,&quot;city&quot;:&quot;&quot;,&quot;state&quot;:&quot;&quot;,&quot;zip&quot;:&quot;&quot;}" latitude="37.7086473552327" longitude="-122.405385735969" needs_recoding="false"/></row>