<?xml version="1.0" encoding="UTF-8"?><row _id="12597197" _uuid="F83F97D4-585F-4C79-851D-EEA575B44F1B" _position="12597197" _address="http://data.sfgov.org/resource/ritf-b9ki/12597197"><incidntnum>150530228</incidntnum><category>SECONDARY CODES</category><descript>JUVENILE INVOLVED</descript><dayofweek>Wednesday</dayofweek><date>2015-06-17T00:00:00</date><time>20:00</time><pddistrict>CENTRAL</pddistrict><resolution>JUVENILE BOOKED</resolution><address>KEARNY ST / CALIFORNIA ST</address><x>-122.404420631879</x><y>37.792640210997</y><location human_address="{&quot;address&quot;:&quot;&quot;,&quot;city&quot;:&quot;&quot;,&quot;state&quot;:&quot;&quot;,&quot;zip&quot;:&quot;&quot;}" latitude="37.792640210997" longitude="-122.404420631879" needs_recoding="false"/></row>