<?xml version="1.0" encoding="UTF-8"?><row _id="12600858" _uuid="A0768900-202E-4F8E-9A73-62DA0E5B11BD" _position="12600858" _address="http://data.sfgov.org/resource/ritf-b9ki/12600858"><incidntnum>150552658</incidntnum><category>TRESPASS</category><descript>LODGING WITHOUT PERMISSION</descript><dayofweek>Thursday</dayofweek><date>2015-06-25T00:00:00</date><time>09:34</time><pddistrict>SOUTHERN</pddistrict><resolution>ARREST, BOOKED</resolution><address>BRANNAN ST / 8TH ST</address><x>-122.405427162783</x><y>37.7712969876277</y><location human_address="{&quot;address&quot;:&quot;&quot;,&quot;city&quot;:&quot;&quot;,&quot;state&quot;:&quot;&quot;,&quot;zip&quot;:&quot;&quot;}" latitude="37.7712969876277" longitude="-122.405427162783" needs_recoding="false"/></row>