<?xml version="1.0" encoding="UTF-8"?><row _id="12608618" _uuid="D78471F6-7F9D-4518-BDEC-EDC1283885A2" _position="12608618" _address="http://data.sfgov.org/resource/ritf-b9ki/12608618"><incidntnum>150548641</incidntnum><category>MISSING PERSON</category><descript>FOUND PERSON</descript><dayofweek>Wednesday</dayofweek><date>2015-06-24T00:00:00</date><time>00:54</time><pddistrict>PARK</pddistrict><resolution>NONE</resolution><address>400 Block of STANYAN ST</address><x>-122.454403066889</x><y>37.7738178294781</y><location human_address="{&quot;address&quot;:&quot;&quot;,&quot;city&quot;:&quot;&quot;,&quot;state&quot;:&quot;&quot;,&quot;zip&quot;:&quot;&quot;}" latitude="37.7738178294781" longitude="-122.454403066889" needs_recoding="false"/></row>