<?xml version="1.0" encoding="UTF-8"?><row _id="12605904" _uuid="D54AB964-73EC-4CAF-B703-E499C65595CB" _position="12605904" _address="http://data.sfgov.org/resource/ritf-b9ki/12605904"><incidntnum>150590012</incidntnum><category>ASSAULT</category><descript>BATTERY</descript><dayofweek>Tuesday</dayofweek><date>2015-07-07T00:00:00</date><time>08:43</time><pddistrict>NORTHERN</pddistrict><resolution>NONE</resolution><address>VANNESS AV / TURK ST</address><x>-122.420641893733</x><y>37.7819608221838</y><location human_address="{&quot;address&quot;:&quot;&quot;,&quot;city&quot;:&quot;&quot;,&quot;state&quot;:&quot;&quot;,&quot;zip&quot;:&quot;&quot;}" latitude="37.7819608221838" longitude="-122.420641893733" needs_recoding="false"/></row>