<?xml version="1.0" encoding="UTF-8"?><row _id="12607531" _uuid="43EA2874-0EEE-4D74-AC33-732270F0B491" _position="12607531" _address="http://data.sfgov.org/resource/ritf-b9ki/12607531"><incidntnum>150605401</incidntnum><category>DRIVING UNDER THE INFLUENCE</category><descript>DRIVING WHILE UNDER THE INFLUENCE OF ALCOHOL</descript><dayofweek>Saturday</dayofweek><date>2015-07-11T00:00:00</date><time>21:58</time><pddistrict>MISSION</pddistrict><resolution>ARREST, BOOKED</resolution><address>FOLSOM ST / 15TH ST</address><x>-122.415464372874</x><y>37.7669370292874</y><location human_address="{&quot;address&quot;:&quot;&quot;,&quot;city&quot;:&quot;&quot;,&quot;state&quot;:&quot;&quot;,&quot;zip&quot;:&quot;&quot;}" latitude="37.7669370292874" longitude="-122.415464372874" needs_recoding="false"/></row>