<?xml version="1.0" encoding="UTF-8"?><row _id="12596917" _uuid="FE848F65-8992-4241-98FC-0E96FDE4D9F1" _position="12596917" _address="http://data.sfgov.org/resource/ritf-b9ki/12596917"><incidntnum>150525570</incidntnum><category>LIQUOR LAWS</category><descript>CONSUMING ALCOHOL IN PUBLIC VIEW</descript><dayofweek>Tuesday</dayofweek><date>2015-06-16T00:00:00</date><time>12:24</time><pddistrict>BAYVIEW</pddistrict><resolution>ARREST, BOOKED</resolution><address>1500 Block of OAKDALE AV</address><x>-122.389471535682</x><y>37.7340319720999</y><location human_address="{&quot;address&quot;:&quot;&quot;,&quot;city&quot;:&quot;&quot;,&quot;state&quot;:&quot;&quot;,&quot;zip&quot;:&quot;&quot;}" latitude="37.7340319720999" longitude="-122.389471535682" needs_recoding="false"/></row>