<?xml version="1.0" encoding="UTF-8"?><row _id="12599530" _uuid="9426FD53-1287-443C-8C71-7FB1D71B9E53" _position="12599530" _address="http://data.sfgov.org/resource/ritf-b9ki/12599530"><incidntnum>156149821</incidntnum><category>LARCENY/THEFT</category><descript>PETTY THEFT OF PROPERTY</descript><dayofweek>Monday</dayofweek><date>2015-06-22T00:00:00</date><time>12:00</time><pddistrict>CENTRAL</pddistrict><resolution>NONE</resolution><address>1600 Block of THE EMBARCADERONORTH ST</address><x>-122.410774214375</x><y>37.8084350175869</y><location human_address="{&quot;address&quot;:&quot;&quot;,&quot;city&quot;:&quot;&quot;,&quot;state&quot;:&quot;&quot;,&quot;zip&quot;:&quot;&quot;}" latitude="37.8084350175869" longitude="-122.410774214375" needs_recoding="false"/></row>