<?xml version="1.0" encoding="UTF-8"?><row _id="12596251" _uuid="4498418B-964A-4659-A144-0006F06E023F" _position="12596251" _address="http://data.sfgov.org/resource/ritf-b9ki/12596251"><incidntnum>150523405</incidntnum><category>WARRANTS</category><descript>ENROUTE TO ADULT AUTHORITY</descript><dayofweek>Monday</dayofweek><date>2015-06-15T00:00:00</date><time>16:46</time><pddistrict>SOUTHERN</pddistrict><resolution>ARREST, BOOKED</resolution><address>JONES ST / MCALLISTER ST</address><x>-122.411979487494</x><y>37.7809039696758</y><location human_address="{&quot;address&quot;:&quot;&quot;,&quot;city&quot;:&quot;&quot;,&quot;state&quot;:&quot;&quot;,&quot;zip&quot;:&quot;&quot;}" latitude="37.7809039696758" longitude="-122.411979487494" needs_recoding="false"/></row>