<?xml version="1.0" encoding="UTF-8"?><row _id="12606217" _uuid="BD5D4315-CF0B-494C-B773-A7AC063F625B" _position="12606217" _address="http://data.sfgov.org/resource/ritf-b9ki/12606217"><incidntnum>150589792</incidntnum><category>PROSTITUTION</category><descript>HUMAN TRAFFICKING</descript><dayofweek>Tuesday</dayofweek><date>2015-07-07T00:00:00</date><time>00:01</time><pddistrict>MISSION</pddistrict><resolution>NONE</resolution><address>VALENCIA ST / 17TH ST</address><x>-122.421733767763</x><y>37.7632996945938</y><location human_address="{&quot;address&quot;:&quot;&quot;,&quot;city&quot;:&quot;&quot;,&quot;state&quot;:&quot;&quot;,&quot;zip&quot;:&quot;&quot;}" latitude="37.7632996945938" longitude="-122.421733767763" needs_recoding="false"/></row>