<?xml version="1.0" encoding="UTF-8"?><row _id="12598332" _uuid="4EBC7A3A-3F01-4888-9C33-1BB62A2CAA35" _position="12598332" _address="http://data.sfgov.org/resource/ritf-b9ki/12598332"><incidntnum>156153305</incidntnum><category>NON-CRIMINAL</category><descript>LOST PROPERTY</descript><dayofweek>Friday</dayofweek><date>2015-06-19T00:00:00</date><time>20:00</time><pddistrict>CENTRAL</pddistrict><resolution>NONE</resolution><address>900 Block of MASON ST</address><x>-122.410845624227</x><y>37.7923158747647</y><location human_address="{&quot;address&quot;:&quot;&quot;,&quot;city&quot;:&quot;&quot;,&quot;state&quot;:&quot;&quot;,&quot;zip&quot;:&quot;&quot;}" latitude="37.7923158747647" longitude="-122.410845624227" needs_recoding="false"/></row>