<?xml version="1.0" encoding="UTF-8"?><row _id="12597787" _uuid="0CD93256-B283-40F7-BBE9-85286BECB4FD" _position="12597787" _address="http://data.sfgov.org/resource/ritf-b9ki/12597787"><incidntnum>150528499</incidntnum><category>LARCENY/THEFT</category><descript>GRAND THEFT FROM LOCKED AUTO</descript><dayofweek>Tuesday</dayofweek><date>2015-06-16T00:00:00</date><time>21:30</time><pddistrict>MISSION</pddistrict><resolution>NONE</resolution><address>2200 Block of HARRISON ST</address><x>-122.412593383429</x><y>37.7604820180908</y><location human_address="{&quot;address&quot;:&quot;&quot;,&quot;city&quot;:&quot;&quot;,&quot;state&quot;:&quot;&quot;,&quot;zip&quot;:&quot;&quot;}" latitude="37.7604820180908" longitude="-122.412593383429" needs_recoding="false"/></row>