<?xml version="1.0" encoding="UTF-8"?><row _id="12598875" _uuid="725DF168-11F1-4224-B383-F1DC19994EDC" _position="12598875" _address="http://data.sfgov.org/resource/ritf-b9ki/12598875"><incidntnum>150541861</incidntnum><category>ASSAULT</category><descript>AGGRAVATED ASSAULT OF POLICE OFFICER,BODILY FORCE</descript><dayofweek>Sunday</dayofweek><date>2015-06-21T00:00:00</date><time>22:31</time><pddistrict>NORTHERN</pddistrict><resolution>ARREST, BOOKED</resolution><address>OCTAVIA ST / BUSH ST</address><x>-122.42686559013</x><y>37.7878612788339</y><location human_address="{&quot;address&quot;:&quot;&quot;,&quot;city&quot;:&quot;&quot;,&quot;state&quot;:&quot;&quot;,&quot;zip&quot;:&quot;&quot;}" latitude="37.7878612788339" longitude="-122.42686559013" needs_recoding="false"/></row>