<?xml version="1.0" encoding="UTF-8"?><row _id="12599063" _uuid="15E86628-F415-4A69-90B6-0E6CA06803D3" _position="12599063" _address="http://data.sfgov.org/resource/ritf-b9ki/12599063"><incidntnum>150539731</incidntnum><category>DRUG/NARCOTIC</category><descript>POSSESSION OF CONTROLLED SUBSTANCE</descript><dayofweek>Sunday</dayofweek><date>2015-06-21T00:00:00</date><time>04:08</time><pddistrict>BAYVIEW</pddistrict><resolution>ARREST, BOOKED</resolution><address>1500 Block of UNDERWOOD AV</address><x>-122.390894724304</x><y>37.7293119114256</y><location human_address="{&quot;address&quot;:&quot;&quot;,&quot;city&quot;:&quot;&quot;,&quot;state&quot;:&quot;&quot;,&quot;zip&quot;:&quot;&quot;}" latitude="37.7293119114256" longitude="-122.390894724304" needs_recoding="false"/></row>