<?xml version="1.0" encoding="UTF-8"?><row _id="12602421" _uuid="1D2BF6C8-6EF9-4AAE-BC85-482ABCFB58B3" _position="12602421" _address="http://data.sfgov.org/resource/ritf-b9ki/12602421"><incidntnum>150564067</incidntnum><category>MISSING PERSON</category><descript>MISSING ADULT</descript><dayofweek>Sunday</dayofweek><date>2015-06-28T00:00:00</date><time>08:00</time><pddistrict>INGLESIDE</pddistrict><resolution>NONE</resolution><address>400 Block of ARLINGTON ST</address><x>-122.42940335725</x><y>37.7352902464447</y><location human_address="{&quot;address&quot;:&quot;&quot;,&quot;city&quot;:&quot;&quot;,&quot;state&quot;:&quot;&quot;,&quot;zip&quot;:&quot;&quot;}" latitude="37.7352902464447" longitude="-122.42940335725" needs_recoding="false"/></row>