<?xml version="1.0" encoding="UTF-8"?><row _id="12598716" _uuid="FB56F626-00B8-4D3D-8A89-E7EBC789F07A" _position="12598716" _address="http://data.sfgov.org/resource/ritf-b9ki/12598716"><incidntnum>150540409</incidntnum><category>VEHICLE THEFT</category><descript>STOLEN MISCELLANEOUS VEHICLE</descript><dayofweek>Saturday</dayofweek><date>2015-06-20T00:00:00</date><time>21:00</time><pddistrict>TARAVAL</pddistrict><resolution>NONE</resolution><address>1200 Block of GREAT HY</address><x>-122.50966215971</x><y>37.7630355540213</y><location human_address="{&quot;address&quot;:&quot;&quot;,&quot;city&quot;:&quot;&quot;,&quot;state&quot;:&quot;&quot;,&quot;zip&quot;:&quot;&quot;}" latitude="37.7630355540213" longitude="-122.50966215971" needs_recoding="false"/></row>