<?xml version="1.0" encoding="UTF-8"?><row _id="12597339" _uuid="9BA3A6B2-748C-4830-8688-9D8F275AFE0C" _position="12597339" _address="http://data.sfgov.org/resource/ritf-b9ki/12597339"><incidntnum>150529691</incidntnum><category>NON-CRIMINAL</category><descript>AIDED CASE, MENTAL DISTURBED</descript><dayofweek>Wednesday</dayofweek><date>2015-06-17T00:00:00</date><time>17:08</time><pddistrict>PARK</pddistrict><resolution>NONE</resolution><address>1700 Block of ELLIS ST</address><x>-122.434992629934</x><y>37.7819893688505</y><location human_address="{&quot;address&quot;:&quot;&quot;,&quot;city&quot;:&quot;&quot;,&quot;state&quot;:&quot;&quot;,&quot;zip&quot;:&quot;&quot;}" latitude="37.7819893688505" longitude="-122.434992629934" needs_recoding="false"/></row>