<?xml version="1.0" encoding="UTF-8"?><row _id="12598815" _uuid="DD439E01-B575-4E65-8B54-EC2607697388" _position="12598815" _address="http://data.sfgov.org/resource/ritf-b9ki/12598815"><incidntnum>150537804</incidntnum><category>ASSAULT</category><descript>BATTERY, FORMER SPOUSE OR DATING RELATIONSHIP</descript><dayofweek>Saturday</dayofweek><date>2015-06-20T00:00:00</date><time>13:00</time><pddistrict>BAYVIEW</pddistrict><resolution>ARREST, BOOKED</resolution><address>0 Block of JENNINGS CT</address><x>-122.397002513589</x><y>37.7172288346299</y><location human_address="{&quot;address&quot;:&quot;&quot;,&quot;city&quot;:&quot;&quot;,&quot;state&quot;:&quot;&quot;,&quot;zip&quot;:&quot;&quot;}" latitude="37.7172288346299" longitude="-122.397002513589" needs_recoding="false"/></row>