<?xml version="1.0" encoding="UTF-8"?><row _id="12598104" _uuid="F56AB999-ABCE-4F05-B4D7-FCFCE034F2DE" _position="12598104" _address="http://data.sfgov.org/resource/ritf-b9ki/12598104"><incidntnum>150534816</incidntnum><category>ASSAULT</category><descript>INFLICT INJURY ON COHABITEE</descript><dayofweek>Friday</dayofweek><date>2015-06-19T00:00:00</date><time>12:15</time><pddistrict>TARAVAL</pddistrict><resolution>NONE</resolution><address>1400 Block of 39TH AV</address><x>-122.498288506587</x><y>37.7598069177729</y><location human_address="{&quot;address&quot;:&quot;&quot;,&quot;city&quot;:&quot;&quot;,&quot;state&quot;:&quot;&quot;,&quot;zip&quot;:&quot;&quot;}" latitude="37.7598069177729" longitude="-122.498288506587" needs_recoding="false"/></row>