<?xml version="1.0" encoding="UTF-8"?><row _id="12597007" _uuid="1AD926DE-DCE2-4A1D-B1A8-FB5344219DEA" _position="12597007" _address="http://data.sfgov.org/resource/ritf-b9ki/12597007"><incidntnum>150524209</incidntnum><category>SECONDARY CODES</category><descript>DOMESTIC VIOLENCE</descript><dayofweek>Tuesday</dayofweek><date>2015-06-16T00:00:00</date><time>21:00</time><pddistrict>INGLESIDE</pddistrict><resolution>ARREST, BOOKED</resolution><address>0 Block of RAYMOND AV</address><x>-122.404306598392</x><y>37.7121557428309</y><location human_address="{&quot;address&quot;:&quot;&quot;,&quot;city&quot;:&quot;&quot;,&quot;state&quot;:&quot;&quot;,&quot;zip&quot;:&quot;&quot;}" latitude="37.7121557428309" longitude="-122.404306598392" needs_recoding="false"/></row>