<?xml version="1.0" encoding="UTF-8"?><row _id="12599542" _uuid="5E69AB54-E6C7-406E-8C8A-E79CC7BBDA07" _position="12599542" _address="http://data.sfgov.org/resource/ritf-b9ki/12599542"><incidntnum>150544865</incidntnum><category>LARCENY/THEFT</category><descript>GRAND THEFT FROM LOCKED AUTO</descript><dayofweek>Monday</dayofweek><date>2015-06-22T00:00:00</date><time>19:45</time><pddistrict>SOUTHERN</pddistrict><resolution>NONE</resolution><address>800 Block of BRYANT ST</address><x>-122.403404791479</x><y>37.775420706711</y><location human_address="{&quot;address&quot;:&quot;&quot;,&quot;city&quot;:&quot;&quot;,&quot;state&quot;:&quot;&quot;,&quot;zip&quot;:&quot;&quot;}" latitude="37.775420706711" longitude="-122.403404791479" needs_recoding="false"/></row>