<?xml version="1.0" encoding="UTF-8"?><row _id="12597796" _uuid="DE6F966C-5265-4587-9EB0-D67514C1C76C" _position="12597796" _address="http://data.sfgov.org/resource/ritf-b9ki/12597796"><incidntnum>150530999</incidntnum><category>ASSAULT</category><descript>BATTERY</descript><dayofweek>Thursday</dayofweek><date>2015-06-18T00:00:00</date><time>03:30</time><pddistrict>TENDERLOIN</pddistrict><resolution>ARREST, BOOKED</resolution><address>0 Block of TURK ST</address><x>-122.409853729941</x><y>37.7833862379382</y><location human_address="{&quot;address&quot;:&quot;&quot;,&quot;city&quot;:&quot;&quot;,&quot;state&quot;:&quot;&quot;,&quot;zip&quot;:&quot;&quot;}" latitude="37.7833862379382" longitude="-122.409853729941" needs_recoding="false"/></row>