<?xml version="1.0" encoding="UTF-8"?><row _id="12600067" _uuid="074B2805-ADA7-4B5E-9549-354FA0B7B9F4" _position="12600067" _address="http://data.sfgov.org/resource/ritf-b9ki/12600067"><incidntnum>150546833</incidntnum><category>SUSPICIOUS OCC</category><descript>INVESTIGATIVE DETENTION</descript><dayofweek>Tuesday</dayofweek><date>2015-06-23T00:00:00</date><time>12:56</time><pddistrict>BAYVIEW</pddistrict><resolution>NONE</resolution><address>2500 Block of GRIFFITH ST</address><x>-122.386437671186</x><y>37.7191834462785</y><location human_address="{&quot;address&quot;:&quot;&quot;,&quot;city&quot;:&quot;&quot;,&quot;state&quot;:&quot;&quot;,&quot;zip&quot;:&quot;&quot;}" latitude="37.7191834462785" longitude="-122.386437671186" needs_recoding="false"/></row>