<?xml version="1.0" encoding="UTF-8"?><row _id="12601489" _uuid="8126EF91-A37B-4E63-BD5B-A45B10C6576B" _position="12601489" _address="http://data.sfgov.org/resource/ritf-b9ki/12601489"><incidntnum>150561273</incidntnum><category>ASSAULT</category><descript>BATTERY</descript><dayofweek>Saturday</dayofweek><date>2015-06-27T00:00:00</date><time>21:48</time><pddistrict>SOUTHERN</pddistrict><resolution>NONE</resolution><address>SOUTH VAN NESS AV / PLUM ST</address><x>-122.417939658791</x><y>37.7708688225602</y><location human_address="{&quot;address&quot;:&quot;&quot;,&quot;city&quot;:&quot;&quot;,&quot;state&quot;:&quot;&quot;,&quot;zip&quot;:&quot;&quot;}" latitude="37.7708688225602" longitude="-122.417939658791" needs_recoding="false"/></row>