<?xml version="1.0" encoding="UTF-8"?><row _id="12598017" _uuid="B8EEA58C-9503-4C22-83DD-474AD6519BCF" _position="12598017" _address="http://data.sfgov.org/resource/ritf-b9ki/12598017"><incidntnum>150536317</incidntnum><category>LARCENY/THEFT</category><descript>PETTY THEFT FROM LOCKED AUTO</descript><dayofweek>Friday</dayofweek><date>2015-06-19T00:00:00</date><time>20:30</time><pddistrict>MISSION</pddistrict><resolution>NONE</resolution><address>18TH ST / CASTRO ST</address><x>-122.435002864298</x><y>37.7608878061194</y><location human_address="{&quot;address&quot;:&quot;&quot;,&quot;city&quot;:&quot;&quot;,&quot;state&quot;:&quot;&quot;,&quot;zip&quot;:&quot;&quot;}" latitude="37.7608878061194" longitude="-122.435002864298" needs_recoding="false"/></row>