<?xml version="1.0" encoding="UTF-8"?><row _id="12598959" _uuid="AA6D3A4A-8824-4BA5-A62A-0F4D293596FE" _position="12598959" _address="http://data.sfgov.org/resource/ritf-b9ki/12598959"><incidntnum>150539800</incidntnum><category>LARCENY/THEFT</category><descript>GRAND THEFT FROM PERSON</descript><dayofweek>Sunday</dayofweek><date>2015-06-21T00:00:00</date><time>07:07</time><pddistrict>TENDERLOIN</pddistrict><resolution>NONE</resolution><address>GOLDEN GATE AV / LEAVENWORTH ST</address><x>-122.413869632554</x><y>37.7818621883021</y><location human_address="{&quot;address&quot;:&quot;&quot;,&quot;city&quot;:&quot;&quot;,&quot;state&quot;:&quot;&quot;,&quot;zip&quot;:&quot;&quot;}" latitude="37.7818621883021" longitude="-122.413869632554" needs_recoding="false"/></row>