<?xml version="1.0" encoding="UTF-8"?><row _id="12599269" _uuid="F0DBF183-61B5-45D3-8FB4-9321846BEB98" _position="12599269" _address="http://data.sfgov.org/resource/ritf-b9ki/12599269"><incidntnum>150541576</incidntnum><category>BURGLARY</category><descript>BURGLARY, HOT PROWL, UNLAWFUL ENTRY</descript><dayofweek>Sunday</dayofweek><date>2015-06-21T00:00:00</date><time>02:40</time><pddistrict>TARAVAL</pddistrict><resolution>NONE</resolution><address>1700 Block of 40TH AV</address><x>-122.498967108288</x><y>37.7541607465263</y><location human_address="{&quot;address&quot;:&quot;&quot;,&quot;city&quot;:&quot;&quot;,&quot;state&quot;:&quot;&quot;,&quot;zip&quot;:&quot;&quot;}" latitude="37.7541607465263" longitude="-122.498967108288" needs_recoding="false"/></row>