<?xml version="1.0" encoding="UTF-8"?><row _id="12598035" _uuid="6304EAAE-F186-4768-BC11-FC87C2A5A85F" _position="12598035" _address="http://data.sfgov.org/resource/ritf-b9ki/12598035"><incidntnum>150534684</incidntnum><category>OTHER OFFENSES</category><descript>RESISTING ARREST</descript><dayofweek>Friday</dayofweek><date>2015-06-19T00:00:00</date><time>10:49</time><pddistrict>SOUTHERN</pddistrict><resolution>ARREST, BOOKED</resolution><address>4TH ST / FOLSOM ST</address><x>-122.401161555602</x><y>37.7820238478975</y><location human_address="{&quot;address&quot;:&quot;&quot;,&quot;city&quot;:&quot;&quot;,&quot;state&quot;:&quot;&quot;,&quot;zip&quot;:&quot;&quot;}" latitude="37.7820238478975" longitude="-122.401161555602" needs_recoding="false"/></row>