<?xml version="1.0" encoding="UTF-8"?><row _id="12597785" _uuid="49AC8DEC-4BA0-48E6-9804-DC4673E63DA9" _position="12597785" _address="http://data.sfgov.org/resource/ritf-b9ki/12597785"><incidntnum>150528308</incidntnum><category>ASSAULT</category><descript>BATTERY</descript><dayofweek>Wednesday</dayofweek><date>2015-06-17T00:00:00</date><time>09:50</time><pddistrict>RICHMOND</pddistrict><resolution>NONE</resolution><address>700 Block of LA PLAYA ST</address><x>-122.510032525985</x><y>37.7741786514476</y><location human_address="{&quot;address&quot;:&quot;&quot;,&quot;city&quot;:&quot;&quot;,&quot;state&quot;:&quot;&quot;,&quot;zip&quot;:&quot;&quot;}" latitude="37.7741786514476" longitude="-122.510032525985" needs_recoding="false"/></row>