<?xml version="1.0" encoding="UTF-8"?><row _id="12600003" _uuid="D2997880-298C-4C4E-ADCF-1642ACDE8F70" _position="12600003" _address="http://data.sfgov.org/resource/ritf-b9ki/12600003"><incidntnum>156153082</incidntnum><category>LARCENY/THEFT</category><descript>GRAND THEFT FROM LOCKED AUTO</descript><dayofweek>Tuesday</dayofweek><date>2015-06-23T00:00:00</date><time>17:00</time><pddistrict>NORTHERN</pddistrict><resolution>NONE</resolution><address>400 Block of IVY ST</address><x>-122.425543060522</x><y>37.7769786854414</y><location human_address="{&quot;address&quot;:&quot;&quot;,&quot;city&quot;:&quot;&quot;,&quot;state&quot;:&quot;&quot;,&quot;zip&quot;:&quot;&quot;}" latitude="37.7769786854414" longitude="-122.425543060522" needs_recoding="false"/></row>