<?xml version="1.0" encoding="UTF-8"?><row _id="12606772" _uuid="A0800A44-1562-47B2-97AA-6DDF48280A51" _position="12606772" _address="http://data.sfgov.org/resource/ritf-b9ki/12606772"><incidntnum>150598323</incidntnum><category>OTHER OFFENSES</category><descript>MISCELLANEOUS INVESTIGATION</descript><dayofweek>Thursday</dayofweek><date>2015-07-09T00:00:00</date><time>15:10</time><pddistrict>MISSION</pddistrict><resolution>NONE</resolution><address>3000 Block of 24TH ST</address><x>-122.413250370402</x><y>37.7525005885994</y><location human_address="{&quot;address&quot;:&quot;&quot;,&quot;city&quot;:&quot;&quot;,&quot;state&quot;:&quot;&quot;,&quot;zip&quot;:&quot;&quot;}" latitude="37.7525005885994" longitude="-122.413250370402" needs_recoding="false"/></row>