<?xml version="1.0" encoding="UTF-8"?><row _id="12597039" _uuid="14587EFE-6FFE-419A-B13F-3E8DFC68CD1F" _position="12597039" _address="http://data.sfgov.org/resource/ritf-b9ki/12597039"><incidntnum>150526716</incidntnum><category>VEHICLE THEFT</category><descript>STOLEN TRUCK</descript><dayofweek>Tuesday</dayofweek><date>2015-06-16T00:00:00</date><time>10:46</time><pddistrict>SOUTHERN</pddistrict><resolution>NONE</resolution><address>800 Block of MISSION ST</address><x>-122.405395493939</x><y>37.7835100715421</y><location human_address="{&quot;address&quot;:&quot;&quot;,&quot;city&quot;:&quot;&quot;,&quot;state&quot;:&quot;&quot;,&quot;zip&quot;:&quot;&quot;}" latitude="37.7835100715421" longitude="-122.405395493939" needs_recoding="false"/></row>