<?xml version="1.0" encoding="UTF-8"?><row _id="12597020" _uuid="B40F1EF5-C4F9-41C3-A126-C41FBE8A6BF9" _position="12597020" _address="http://data.sfgov.org/resource/ritf-b9ki/12597020"><incidntnum>150525382</incidntnum><category>FRAUD</category><descript>IMPERSONATING A POLICE OFFICER</descript><dayofweek>Tuesday</dayofweek><date>2015-06-16T00:00:00</date><time>09:43</time><pddistrict>INGLESIDE</pddistrict><resolution>NONE</resolution><address>0 Block of ROBINSON DR</address><x>-122.428737377557</x><y>37.7080305204591</y><location human_address="{&quot;address&quot;:&quot;&quot;,&quot;city&quot;:&quot;&quot;,&quot;state&quot;:&quot;&quot;,&quot;zip&quot;:&quot;&quot;}" latitude="37.7080305204591" longitude="-122.428737377557" needs_recoding="false"/></row>