<?xml version="1.0" encoding="UTF-8"?><row _id="12608856" _uuid="EA887110-AB81-4F84-94FE-2E58A5B3E638" _position="12608856" _address="http://data.sfgov.org/resource/ritf-b9ki/12608856"><incidntnum>150629978</incidntnum><category>OTHER OFFENSES</category><descript>FALSE PERSONATION TO RECEIVE MONEY OR PROPERTY</descript><dayofweek>Friday</dayofweek><date>2015-07-10T00:00:00</date><time>12:00</time><pddistrict>INGLESIDE</pddistrict><resolution>NONE</resolution><address>500 Block of TERESITA BL</address><x>-122.446449647871</x><y>37.738002083532</y><location human_address="{&quot;address&quot;:&quot;&quot;,&quot;city&quot;:&quot;&quot;,&quot;state&quot;:&quot;&quot;,&quot;zip&quot;:&quot;&quot;}" latitude="37.738002083532" longitude="-122.446449647871" needs_recoding="false"/></row>