<?xml version="1.0" encoding="UTF-8"?><row _id="12607216" _uuid="A227ABCE-2E1F-4960-8EEC-86440C4BCCEB" _position="12607216" _address="http://data.sfgov.org/resource/ritf-b9ki/12607216"><incidntnum>150605144</incidntnum><category>BURGLARY</category><descript>BURGLARY OF APARTMENT HOUSE, UNLAWFUL ENTRY</descript><dayofweek>Friday</dayofweek><date>2015-07-10T00:00:00</date><time>09:00</time><pddistrict>PARK</pddistrict><resolution>NONE</resolution><address>0 Block of VILLA TR</address><x>-122.446810201641</x><y>37.7592338641262</y><location human_address="{&quot;address&quot;:&quot;&quot;,&quot;city&quot;:&quot;&quot;,&quot;state&quot;:&quot;&quot;,&quot;zip&quot;:&quot;&quot;}" latitude="37.7592338641262" longitude="-122.446810201641" needs_recoding="false"/></row>