<?xml version="1.0" encoding="UTF-8"?><row _id="12598539" _uuid="8CAE8F25-47B8-49F6-B8EF-CA3EF3296327" _position="12598539" _address="http://data.sfgov.org/resource/ritf-b9ki/12598539"><incidntnum>150536721</incidntnum><category>OTHER OFFENSES</category><descript>DRIVERS LICENSE, SUSPENDED OR REVOKED</descript><dayofweek>Saturday</dayofweek><date>2015-06-20T00:00:00</date><time>02:33</time><pddistrict>MISSION</pddistrict><resolution>ARREST, BOOKED</resolution><address>3100 Block of 21ST ST</address><x>-122.417260520587</x><y>37.7570790190504</y><location human_address="{&quot;address&quot;:&quot;&quot;,&quot;city&quot;:&quot;&quot;,&quot;state&quot;:&quot;&quot;,&quot;zip&quot;:&quot;&quot;}" latitude="37.7570790190504" longitude="-122.417260520587" needs_recoding="false"/></row>