<?xml version="1.0" encoding="UTF-8"?><row _id="12602043" _uuid="E1354233-5E19-4944-B0B4-1A18B30E441E" _position="12602043" _address="http://data.sfgov.org/resource/ritf-b9ki/12602043"><incidntnum>156155765</incidntnum><category>NON-CRIMINAL</category><descript>LOST PROPERTY</descript><dayofweek>Sunday</dayofweek><date>2015-06-28T00:00:00</date><time>11:00</time><pddistrict>PARK</pddistrict><resolution>NONE</resolution><address>JUDAH ST / 7TH AV</address><x>-122.464041427693</x><y>37.7622671733047</y><location human_address="{&quot;address&quot;:&quot;&quot;,&quot;city&quot;:&quot;&quot;,&quot;state&quot;:&quot;&quot;,&quot;zip&quot;:&quot;&quot;}" latitude="37.7622671733047" longitude="-122.464041427693" needs_recoding="false"/></row>