<?xml version="1.0" encoding="UTF-8"?><row _id="12599479" _uuid="C8D083CF-226C-4E5D-A757-612B9BF24BE8" _position="12599479" _address="http://data.sfgov.org/resource/ritf-b9ki/12599479"><incidntnum>150542819</incidntnum><category>WARRANTS</category><descript>ENROUTE TO PROBATION OFFICER</descript><dayofweek>Monday</dayofweek><date>2015-06-22T00:00:00</date><time>00:01</time><pddistrict>TARAVAL</pddistrict><resolution>ARREST, BOOKED</resolution><address>300 Block of ASHTON AV</address><x>-122.462344104124</x><y>37.7239537185635</y><location human_address="{&quot;address&quot;:&quot;&quot;,&quot;city&quot;:&quot;&quot;,&quot;state&quot;:&quot;&quot;,&quot;zip&quot;:&quot;&quot;}" latitude="37.7239537185635" longitude="-122.462344104124" needs_recoding="false"/></row>