<?xml version="1.0" encoding="UTF-8"?><row _id="12638111" _uuid="32DDAB8D-7C33-4AFE-800A-2B35E37988FE" _position="12638111" _address="http://data.sfgov.org/resource/ritf-b9ki/12638111"><incidntnum>150831866</incidntnum><category>OTHER OFFENSES</category><descript>FRAUDULENT GAME OR TRICK, OBTAINING MONEY OR PROPERTY</descript><dayofweek>Saturday</dayofweek><date>2015-06-20T00:00:00</date><time>12:00</time><pddistrict>SOUTHERN</pddistrict><resolution>NONE</resolution><address>1900 Block of MARKET ST</address><x>-122.425669041358</x><y>37.7702451976438</y><location human_address="{&quot;address&quot;:&quot;&quot;,&quot;city&quot;:&quot;&quot;,&quot;state&quot;:&quot;&quot;,&quot;zip&quot;:&quot;&quot;}" latitude="37.7702451976438" longitude="-122.425669041358" needs_recoding="false"/></row>