<?xml version="1.0" encoding="UTF-8"?><row _id="12604882" _uuid="AB9BE3A3-1D1B-4F6B-8F33-DF3FB1BCE5D7" _position="12604882" _address="http://data.sfgov.org/resource/ritf-b9ki/12604882"><incidntnum>150581754</incidntnum><category>NON-CRIMINAL</category><descript>LOST PROPERTY</descript><dayofweek>Friday</dayofweek><date>2015-07-03T00:00:00</date><time>16:00</time><pddistrict>TENDERLOIN</pddistrict><resolution>NONE</resolution><address>400 Block of TAYLOR ST</address><x>-122.411490839882</x><y>37.7864683433591</y><location human_address="{&quot;address&quot;:&quot;&quot;,&quot;city&quot;:&quot;&quot;,&quot;state&quot;:&quot;&quot;,&quot;zip&quot;:&quot;&quot;}" latitude="37.7864683433591" longitude="-122.411490839882" needs_recoding="false"/></row>