<?xml version="1.0" encoding="UTF-8"?><row _id="12600795" _uuid="D2D79EF5-4089-4E91-BCB3-473CAC91B971" _position="12600795" _address="http://data.sfgov.org/resource/ritf-b9ki/12600795"><incidntnum>156153979</incidntnum><category>LARCENY/THEFT</category><descript>GRAND THEFT FROM LOCKED AUTO</descript><dayofweek>Thursday</dayofweek><date>2015-06-25T00:00:00</date><time>17:58</time><pddistrict>RICHMOND</pddistrict><resolution>NONE</resolution><address>400 Block of 6TH AV</address><x>-122.464279879446</x><y>37.7800332991006</y><location human_address="{&quot;address&quot;:&quot;&quot;,&quot;city&quot;:&quot;&quot;,&quot;state&quot;:&quot;&quot;,&quot;zip&quot;:&quot;&quot;}" latitude="37.7800332991006" longitude="-122.464279879446" needs_recoding="false"/></row>