<?xml version="1.0" encoding="UTF-8"?><row _id="12599245" _uuid="D5C7FE99-449E-4E93-B917-9FF804F59848" _position="12599245" _address="http://data.sfgov.org/resource/ritf-b9ki/12599245"><incidntnum>156156008</incidntnum><category>LARCENY/THEFT</category><descript>PETTY THEFT OF PROPERTY</descript><dayofweek>Friday</dayofweek><date>2015-06-19T00:00:00</date><time>02:01</time><pddistrict>SOUTHERN</pddistrict><resolution>NONE</resolution><address>0 Block of MINNA ST</address><x>-122.398708168891</x><y>37.788089672437</y><location human_address="{&quot;address&quot;:&quot;&quot;,&quot;city&quot;:&quot;&quot;,&quot;state&quot;:&quot;&quot;,&quot;zip&quot;:&quot;&quot;}" latitude="37.788089672437" longitude="-122.398708168891" needs_recoding="false"/></row>