<?xml version="1.0" encoding="UTF-8"?><row _id="12600397" _uuid="D3865E41-AE82-46B1-B68C-5ADF8BDA26F2" _position="12600397" _address="http://data.sfgov.org/resource/ritf-b9ki/12600397"><incidntnum>150549780</incidntnum><category>WEAPON LAWS</category><descript>POSS OF FIREARM BY CONVICTED FELON/ADDICT/ALIEN</descript><dayofweek>Wednesday</dayofweek><date>2015-06-24T00:00:00</date><time>12:10</time><pddistrict>RICHMOND</pddistrict><resolution>ARREST, BOOKED</resolution><address>500 Block of 18TH AV</address><x>-122.477100152783</x><y>37.7775535642549</y><location human_address="{&quot;address&quot;:&quot;&quot;,&quot;city&quot;:&quot;&quot;,&quot;state&quot;:&quot;&quot;,&quot;zip&quot;:&quot;&quot;}" latitude="37.7775535642549" longitude="-122.477100152783" needs_recoding="false"/></row>