<?xml version="1.0" encoding="UTF-8"?><row _id="12599704" _uuid="1D45B2D1-C535-4B8E-96ED-F01A4BA6BAC2" _position="12599704" _address="http://data.sfgov.org/resource/ritf-b9ki/12599704"><incidntnum>156153446</incidntnum><category>LARCENY/THEFT</category><descript>GRAND THEFT FROM LOCKED AUTO</descript><dayofweek>Monday</dayofweek><date>2015-06-22T00:00:00</date><time>18:15</time><pddistrict>BAYVIEW</pddistrict><resolution>NONE</resolution><address>300 Block of GIRARD ST</address><x>-122.404771962757</x><y>37.7279799707892</y><location human_address="{&quot;address&quot;:&quot;&quot;,&quot;city&quot;:&quot;&quot;,&quot;state&quot;:&quot;&quot;,&quot;zip&quot;:&quot;&quot;}" latitude="37.7279799707892" longitude="-122.404771962757" needs_recoding="false"/></row>