<?xml version="1.0" encoding="UTF-8"?><row _id="12598013" _uuid="8E6CF5B1-1361-4438-B5A3-BE0F6E8CCF82" _position="12598013" _address="http://data.sfgov.org/resource/ritf-b9ki/12598013"><incidntnum>150535660</incidntnum><category>NON-CRIMINAL</category><descript>FOUND PROPERTY</descript><dayofweek>Friday</dayofweek><date>2015-06-19T00:00:00</date><time>18:11</time><pddistrict>BAYVIEW</pddistrict><resolution>NONE</resolution><address>BAY SHORE BL / SUNNYDALE AV</address><x>-122.405109485404</x><y>37.7088563076781</y><location human_address="{&quot;address&quot;:&quot;&quot;,&quot;city&quot;:&quot;&quot;,&quot;state&quot;:&quot;&quot;,&quot;zip&quot;:&quot;&quot;}" latitude="37.7088563076781" longitude="-122.405109485404" needs_recoding="false"/></row>