<?xml version="1.0" encoding="UTF-8"?><row _id="12600058" _uuid="5ADD9AD9-00BB-455C-8494-0140A3258C93" _position="12600058" _address="http://data.sfgov.org/resource/ritf-b9ki/12600058"><incidntnum>150546441</incidntnum><category>LARCENY/THEFT</category><descript>THEFT FROM MERCHANT OR LIBRARY</descript><dayofweek>Tuesday</dayofweek><date>2015-06-23T00:00:00</date><time>11:15</time><pddistrict>CENTRAL</pddistrict><resolution>NONE</resolution><address>100 Block of GEARY ST</address><x>-122.405841476462</x><y>37.7877190985177</y><location human_address="{&quot;address&quot;:&quot;&quot;,&quot;city&quot;:&quot;&quot;,&quot;state&quot;:&quot;&quot;,&quot;zip&quot;:&quot;&quot;}" latitude="37.7877190985177" longitude="-122.405841476462" needs_recoding="false"/></row>