<?xml version="1.0" encoding="UTF-8"?><row _id="12600186" _uuid="43FC830D-3075-43FD-885D-30A08EC413CF" _position="12600186" _address="http://data.sfgov.org/resource/ritf-b9ki/12600186"><incidntnum>156153349</incidntnum><category>LARCENY/THEFT</category><descript>GRAND THEFT FROM UNLOCKED AUTO</descript><dayofweek>Wednesday</dayofweek><date>2015-06-24T00:00:00</date><time>21:21</time><pddistrict>TARAVAL</pddistrict><resolution>NONE</resolution><address>24TH AV / VICENTE ST</address><x>-122.480786287126</x><y>37.739088253896</y><location human_address="{&quot;address&quot;:&quot;&quot;,&quot;city&quot;:&quot;&quot;,&quot;state&quot;:&quot;&quot;,&quot;zip&quot;:&quot;&quot;}" latitude="37.739088253896" longitude="-122.480786287126" needs_recoding="false"/></row>