<?xml version="1.0" encoding="UTF-8"?><row _id="12596942" _uuid="A3C177E9-87FE-4582-AF68-257FCF84E9B8" _position="12596942" _address="http://data.sfgov.org/resource/ritf-b9ki/12596942"><incidntnum>150526891</incidntnum><category>LARCENY/THEFT</category><descript>PETTY THEFT SHOPLIFTING</descript><dayofweek>Tuesday</dayofweek><date>2015-06-16T00:00:00</date><time>17:09</time><pddistrict>TARAVAL</pddistrict><resolution>ARREST, BOOKED</resolution><address>3200 Block of 20TH AV</address><x>-122.475647460786</x><y>37.7285280627465</y><location human_address="{&quot;address&quot;:&quot;&quot;,&quot;city&quot;:&quot;&quot;,&quot;state&quot;:&quot;&quot;,&quot;zip&quot;:&quot;&quot;}" latitude="37.7285280627465" longitude="-122.475647460786" needs_recoding="false"/></row>