<?xml version="1.0" encoding="UTF-8"?><row _id="12598827" _uuid="173EF78A-7D80-4164-9255-807AAB0D134F" _position="12598827" _address="http://data.sfgov.org/resource/ritf-b9ki/12598827"><incidntnum>150538830</incidntnum><category>SUSPICIOUS OCC</category><descript>INVESTIGATIVE DETENTION</descript><dayofweek>Saturday</dayofweek><date>2015-06-20T00:00:00</date><time>20:25</time><pddistrict>SOUTHERN</pddistrict><resolution>NONE</resolution><address>500 Block of 3RD ST</address><x>-122.394886569527</x><y>37.7804801938296</y><location human_address="{&quot;address&quot;:&quot;&quot;,&quot;city&quot;:&quot;&quot;,&quot;state&quot;:&quot;&quot;,&quot;zip&quot;:&quot;&quot;}" latitude="37.7804801938296" longitude="-122.394886569527" needs_recoding="false"/></row>