<?xml version="1.0" encoding="UTF-8"?><row _id="12615165" _uuid="595A216D-A444-46FE-8DE9-01E8AD6D13F6" _position="12615165" _address="http://data.sfgov.org/resource/ritf-b9ki/12615165"><incidntnum>150657220</incidntnum><category>LARCENY/THEFT</category><descript>GRAND THEFT FROM LOCKED AUTO</descript><dayofweek>Tuesday</dayofweek><date>2015-07-28T00:00:00</date><time>14:00</time><pddistrict>RICHMOND</pddistrict><resolution>NONE</resolution><address>500 Block of JOHNFKENNEDY DR</address><x>-122.466204667893</x><y>37.7725405391593</y><location human_address="{&quot;address&quot;:&quot;&quot;,&quot;city&quot;:&quot;&quot;,&quot;state&quot;:&quot;&quot;,&quot;zip&quot;:&quot;&quot;}" latitude="37.7725405391593" longitude="-122.466204667893" needs_recoding="false"/></row>