<?xml version="1.0" encoding="UTF-8"?><row _id="12599605" _uuid="C6CE6250-A848-4B49-B5C7-F16B4A89E389" _position="12599605" _address="http://data.sfgov.org/resource/ritf-b9ki/12599605"><incidntnum>150542267</incidntnum><category>KIDNAPPING</category><descript>FALSE IMPRISONMENT</descript><dayofweek>Monday</dayofweek><date>2015-06-22T00:00:00</date><time>01:45</time><pddistrict>BAYVIEW</pddistrict><resolution>NONE</resolution><address>200 Block of CASHMERE ST</address><x>-122.387098994172</x><y>37.7362421314476</y><location human_address="{&quot;address&quot;:&quot;&quot;,&quot;city&quot;:&quot;&quot;,&quot;state&quot;:&quot;&quot;,&quot;zip&quot;:&quot;&quot;}" latitude="37.7362421314476" longitude="-122.387098994172" needs_recoding="false"/></row>