<?xml version="1.0" encoding="UTF-8"?><row _id="12613029" _uuid="E802FECC-6AEB-4700-B5A0-D77C6D5AF63A" _position="12613029" _address="http://data.sfgov.org/resource/ritf-b9ki/12613029"><incidntnum>150642259</incidntnum><category>ASSAULT</category><descript>FALSE IMPRISONMENT</descript><dayofweek>Thursday</dayofweek><date>2015-07-23T00:00:00</date><time>23:25</time><pddistrict>CENTRAL</pddistrict><resolution>NONE</resolution><address>1800 Block of HYDE ST</address><x>-122.418699230301</x><y>37.7978168336941</y><location human_address="{&quot;address&quot;:&quot;&quot;,&quot;city&quot;:&quot;&quot;,&quot;state&quot;:&quot;&quot;,&quot;zip&quot;:&quot;&quot;}" latitude="37.7978168336941" longitude="-122.418699230301" needs_recoding="false"/></row>