<?xml version="1.0" encoding="UTF-8"?><row _id="12598443" _uuid="3DD488F0-4311-4F68-990E-AEC0478968F8" _position="12598443" _address="http://data.sfgov.org/resource/ritf-b9ki/12598443"><incidntnum>150541275</incidntnum><category>NON-CRIMINAL</category><descript>LOST PROPERTY</descript><dayofweek>Saturday</dayofweek><date>2015-06-20T00:00:00</date><time>18:30</time><pddistrict>CENTRAL</pddistrict><resolution>NONE</resolution><address>GEARY ST / POWELL ST</address><x>-122.408231026261</x><y>37.787359494956</y><location human_address="{&quot;address&quot;:&quot;&quot;,&quot;city&quot;:&quot;&quot;,&quot;state&quot;:&quot;&quot;,&quot;zip&quot;:&quot;&quot;}" latitude="37.787359494956" longitude="-122.408231026261" needs_recoding="false"/></row>