<?xml version="1.0" encoding="UTF-8"?><row _id="12598421" _uuid="9FDEB0F6-B0B2-44C2-BAF6-19C1C33D6716" _position="12598421" _address="http://data.sfgov.org/resource/ritf-b9ki/12598421"><incidntnum>150536737</incidntnum><category>ROBBERY</category><descript>ROBBERY ON THE STREET, STRONGARM</descript><dayofweek>Saturday</dayofweek><date>2015-06-20T00:00:00</date><time>01:45</time><pddistrict>SOUTHERN</pddistrict><resolution>NONE</resolution><address>3RD ST / HARRISON ST</address><x>-122.397388784826</x><y>37.7825543452426</y><location human_address="{&quot;address&quot;:&quot;&quot;,&quot;city&quot;:&quot;&quot;,&quot;state&quot;:&quot;&quot;,&quot;zip&quot;:&quot;&quot;}" latitude="37.7825543452426" longitude="-122.397388784826" needs_recoding="false"/></row>