<?xml version="1.0" encoding="UTF-8"?><row _id="12598262" _uuid="4BA80A04-AE86-4830-BBF8-BB8271FCFDDE" _position="12598262" _address="http://data.sfgov.org/resource/ritf-b9ki/12598262"><incidntnum>150542483</incidntnum><category>MISSING PERSON</category><descript>MISSING JUVENILE</descript><dayofweek>Friday</dayofweek><date>2015-06-19T00:00:00</date><time>15:00</time><pddistrict>CENTRAL</pddistrict><resolution>NONE</resolution><address>200 Block of CALIFORNIA ST</address><x>-122.399370508543</x><y>37.7932284304797</y><location human_address="{&quot;address&quot;:&quot;&quot;,&quot;city&quot;:&quot;&quot;,&quot;state&quot;:&quot;&quot;,&quot;zip&quot;:&quot;&quot;}" latitude="37.7932284304797" longitude="-122.399370508543" needs_recoding="false"/></row>