<?xml version="1.0" encoding="UTF-8"?><row _id="12603606" _uuid="867FFBDB-A8C3-421D-9B6A-66A70E16EAAE" _position="12603606" _address="http://data.sfgov.org/resource/ritf-b9ki/12603606"><incidntnum>150572537</incidntnum><category>OTHER OFFENSES</category><descript>PAROLE VIOLATION</descript><dayofweek>Wednesday</dayofweek><date>2015-07-01T00:00:00</date><time>10:25</time><pddistrict>MISSION</pddistrict><resolution>ARREST, BOOKED</resolution><address>2000 Block of BRYANT ST</address><x>-122.410125504345</x><y>37.7611059905007</y><location human_address="{&quot;address&quot;:&quot;&quot;,&quot;city&quot;:&quot;&quot;,&quot;state&quot;:&quot;&quot;,&quot;zip&quot;:&quot;&quot;}" latitude="37.7611059905007" longitude="-122.410125504345" needs_recoding="false"/></row>