<?xml version="1.0" encoding="UTF-8"?><row _id="12616955" _uuid="D6E5A54F-6299-4A92-90D2-FEBE95113F08" _position="12616955" _address="http://data.sfgov.org/resource/ritf-b9ki/12616955"><incidntnum>150532729</incidntnum><category>NON-CRIMINAL</category><descript>COURTESY REPORT</descript><dayofweek>Thursday</dayofweek><date>2015-06-18T00:00:00</date><time>12:45</time><pddistrict>RICHMOND</pddistrict><resolution>NONE</resolution><address>100 Block of 19TH AV</address><x>-122.478575817534</x><y>37.7850879697075</y><location human_address="{&quot;address&quot;:&quot;&quot;,&quot;city&quot;:&quot;&quot;,&quot;state&quot;:&quot;&quot;,&quot;zip&quot;:&quot;&quot;}" latitude="37.7850879697075" longitude="-122.478575817534" needs_recoding="false"/></row>