<?xml version="1.0" encoding="UTF-8"?><row _id="12603457" _uuid="0AB70B5A-0116-42BB-A073-8B38CA9B0826" _position="12603457" _address="http://data.sfgov.org/resource/ritf-b9ki/12603457"><incidntnum>150577509</incidntnum><category>TRESPASS</category><descript>TRESPASSING</descript><dayofweek>Wednesday</dayofweek><date>2015-07-01T00:00:00</date><time>08:30</time><pddistrict>TENDERLOIN</pddistrict><resolution>NONE</resolution><address>500 Block of ELLIS ST</address><x>-122.414615262229</x><y>37.784689282473</y><location human_address="{&quot;address&quot;:&quot;&quot;,&quot;city&quot;:&quot;&quot;,&quot;state&quot;:&quot;&quot;,&quot;zip&quot;:&quot;&quot;}" latitude="37.784689282473" longitude="-122.414615262229" needs_recoding="false"/></row>