<?xml version="1.0" encoding="UTF-8"?><row _id="12597497" _uuid="52443D32-5A45-41AF-8F0E-60F4A8D85BFC" _position="12597497" _address="http://data.sfgov.org/resource/ritf-b9ki/12597497"><incidntnum>150528869</incidntnum><category>OTHER OFFENSES</category><descript>FALSE PERSONATION TO RECEIVE MONEY OR PROPERTY</descript><dayofweek>Wednesday</dayofweek><date>2015-06-17T00:00:00</date><time>10:00</time><pddistrict>BAYVIEW</pddistrict><resolution>NONE</resolution><address>100 Block of KISKA RD</address><x>-122.378573984591</x><y>37.7303199602104</y><location human_address="{&quot;address&quot;:&quot;&quot;,&quot;city&quot;:&quot;&quot;,&quot;state&quot;:&quot;&quot;,&quot;zip&quot;:&quot;&quot;}" latitude="37.7303199602104" longitude="-122.378573984591" needs_recoding="false"/></row>