<?xml version="1.0" encoding="UTF-8"?><row _id="12598343" _uuid="8F764234-0391-4D02-902F-1A60D62ED4DA" _position="12598343" _address="http://data.sfgov.org/resource/ritf-b9ki/12598343"><incidntnum>150533993</incidntnum><category>NON-CRIMINAL</category><descript>STAY AWAY OR COURT ORDER, NON-DV RELATED</descript><dayofweek>Friday</dayofweek><date>2015-06-19T00:00:00</date><time>03:50</time><pddistrict>TENDERLOIN</pddistrict><resolution>NONE</resolution><address>100 Block of TURK ST</address><x>-122.411615075408</x><y>37.7831614109395</y><location human_address="{&quot;address&quot;:&quot;&quot;,&quot;city&quot;:&quot;&quot;,&quot;state&quot;:&quot;&quot;,&quot;zip&quot;:&quot;&quot;}" latitude="37.7831614109395" longitude="-122.411615075408" needs_recoding="false"/></row>