<?xml version="1.0" encoding="UTF-8"?><row _id="12603253" _uuid="92F32EA7-6480-496F-9BD9-ABB3CE3DD4DF" _position="12603253" _address="http://data.sfgov.org/resource/ritf-b9ki/12603253"><incidntnum>150565429</incidntnum><category>WARRANTS</category><descript>POST RELEASE COMMUNITY SUPERVISION</descript><dayofweek>Monday</dayofweek><date>2015-06-29T00:00:00</date><time>04:16</time><pddistrict>NORTHERN</pddistrict><resolution>ARREST, BOOKED</resolution><address>300 Block of LILY ST</address><x>-122.426649920758</x><y>37.7740791213941</y><location human_address="{&quot;address&quot;:&quot;&quot;,&quot;city&quot;:&quot;&quot;,&quot;state&quot;:&quot;&quot;,&quot;zip&quot;:&quot;&quot;}" latitude="37.7740791213941" longitude="-122.426649920758" needs_recoding="false"/></row>