<?xml version="1.0" encoding="UTF-8"?><row _id="12599258" _uuid="F4A7ED9B-5A9A-46DA-9304-086B03476AD6" _position="12599258" _address="http://data.sfgov.org/resource/ritf-b9ki/12599258"><incidntnum>150539957</incidntnum><category>SUSPICIOUS OCC</category><descript>SUSPICIOUS OCCURRENCE</descript><dayofweek>Sunday</dayofweek><date>2015-06-21T00:00:00</date><time>08:10</time><pddistrict>SOUTHERN</pddistrict><resolution>NONE</resolution><address>1100 Block of MISSION ST</address><x>-122.412834332129</x><y>37.7777903094246</y><location human_address="{&quot;address&quot;:&quot;&quot;,&quot;city&quot;:&quot;&quot;,&quot;state&quot;:&quot;&quot;,&quot;zip&quot;:&quot;&quot;}" latitude="37.7777903094246" longitude="-122.412834332129" needs_recoding="false"/></row>