<?xml version="1.0" encoding="UTF-8"?><row _id="12600161" _uuid="D4370C23-D605-481A-9651-5E5B20F4A804" _position="12600161" _address="http://data.sfgov.org/resource/ritf-b9ki/12600161"><incidntnum>150551826</incidntnum><category>OTHER OFFENSES</category><descript>DRIVERS LICENSE, SUSPENDED OR REVOKED</descript><dayofweek>Wednesday</dayofweek><date>2015-06-24T00:00:00</date><time>23:05</time><pddistrict>BAYVIEW</pddistrict><resolution>ARREST, BOOKED</resolution><address>3RD ST / THOMAS AV</address><x>-122.392074167872</x><y>37.7308550434271</y><location human_address="{&quot;address&quot;:&quot;&quot;,&quot;city&quot;:&quot;&quot;,&quot;state&quot;:&quot;&quot;,&quot;zip&quot;:&quot;&quot;}" latitude="37.7308550434271" longitude="-122.392074167872" needs_recoding="false"/></row>