<?xml version="1.0" encoding="UTF-8"?><row _id="12606500" _uuid="FABDDAF5-243F-4A4B-B31B-D3D9C0B14933" _position="12606500" _address="http://data.sfgov.org/resource/ritf-b9ki/12606500"><incidntnum>156165946</incidntnum><category>NON-CRIMINAL</category><descript>LOST PROPERTY</descript><dayofweek>Wednesday</dayofweek><date>2015-07-08T00:00:00</date><time>13:05</time><pddistrict>NORTHERN</pddistrict><resolution>NONE</resolution><address>700 Block of LARKIN ST</address><x>-122.417824560275</x><y>37.7844637837491</y><location human_address="{&quot;address&quot;:&quot;&quot;,&quot;city&quot;:&quot;&quot;,&quot;state&quot;:&quot;&quot;,&quot;zip&quot;:&quot;&quot;}" latitude="37.7844637837491" longitude="-122.417824560275" needs_recoding="false"/></row>