<?xml version="1.0" encoding="UTF-8"?><row _id="12613752" _uuid="7E8E31B1-8BD0-46D9-A8B8-8F176D361DA9" _position="12613752" _address="http://data.sfgov.org/resource/ritf-b9ki/12613752"><incidntnum>150649487</incidntnum><category>LARCENY/THEFT</category><descript>PETTY THEFT FROM A BUILDING</descript><dayofweek>Saturday</dayofweek><date>2015-07-25T00:00:00</date><time>18:30</time><pddistrict>NORTHERN</pddistrict><resolution>NONE</resolution><address>0 Block of FRANKLIN ST</address><x>-122.420745535138</x><y>37.774556162761</y><location human_address="{&quot;address&quot;:&quot;&quot;,&quot;city&quot;:&quot;&quot;,&quot;state&quot;:&quot;&quot;,&quot;zip&quot;:&quot;&quot;}" latitude="37.774556162761" longitude="-122.420745535138" needs_recoding="false"/></row>