<?xml version="1.0" encoding="UTF-8"?><row _id="12600430" _uuid="81264288-5C8A-40D6-9E18-45325F528272" _position="12600430" _address="http://data.sfgov.org/resource/ritf-b9ki/12600430"><incidntnum>150550715</incidntnum><category>WEAPON LAWS</category><descript>FIREARM, ARMED WHILE POSSESSING CONTROLLED SUBSTANCE</descript><dayofweek>Wednesday</dayofweek><date>2015-06-24T00:00:00</date><time>16:29</time><pddistrict>INGLESIDE</pddistrict><resolution>ARREST, BOOKED</resolution><address>BLYTHDALE AV / SANTOS ST</address><x>-122.418770479936</x><y>37.7107332124</y><location human_address="{&quot;address&quot;:&quot;&quot;,&quot;city&quot;:&quot;&quot;,&quot;state&quot;:&quot;&quot;,&quot;zip&quot;:&quot;&quot;}" latitude="37.7107332124" longitude="-122.418770479936" needs_recoding="false"/></row>