<?xml version="1.0" encoding="UTF-8"?><row _id="12597373" _uuid="5E0C637E-1FC6-4601-B741-DF96B2171AA4" _position="12597373" _address="http://data.sfgov.org/resource/ritf-b9ki/12597373"><incidntnum>150529710</incidntnum><category>LARCENY/THEFT</category><descript>GRAND THEFT FROM LOCKED AUTO</descript><dayofweek>Wednesday</dayofweek><date>2015-06-17T00:00:00</date><time>15:30</time><pddistrict>NORTHERN</pddistrict><resolution>NONE</resolution><address>3600 Block of LYON ST</address><x>-122.44827840533</x><y>37.804271887891</y><location human_address="{&quot;address&quot;:&quot;&quot;,&quot;city&quot;:&quot;&quot;,&quot;state&quot;:&quot;&quot;,&quot;zip&quot;:&quot;&quot;}" latitude="37.804271887891" longitude="-122.44827840533" needs_recoding="false"/></row>