<?xml version="1.0" encoding="UTF-8"?><row _id="12600581" _uuid="9A0E6304-497B-4EFF-9EEC-DC3E884EDBE1" _position="12600581" _address="http://data.sfgov.org/resource/ritf-b9ki/12600581"><incidntnum>150552197</incidntnum><category>ASSAULT</category><descript>THREATS AGAINST LIFE</descript><dayofweek>Thursday</dayofweek><date>2015-06-25T00:00:00</date><time>04:17</time><pddistrict>BAYVIEW</pddistrict><resolution>NONE</resolution><address>300 Block of BAY SHORE BL</address><x>-122.406825183678</x><y>37.741054981526</y><location human_address="{&quot;address&quot;:&quot;&quot;,&quot;city&quot;:&quot;&quot;,&quot;state&quot;:&quot;&quot;,&quot;zip&quot;:&quot;&quot;}" latitude="37.741054981526" longitude="-122.406825183678" needs_recoding="false"/></row>