<?xml version="1.0" encoding="UTF-8"?><row _id="12597255" _uuid="9AA0E48D-59B3-40C9-AEAD-9530798FFC05" _position="12597255" _address="http://data.sfgov.org/resource/ritf-b9ki/12597255"><incidntnum>150530212</incidntnum><category>OTHER OFFENSES</category><descript>TRAFFIC VIOLATION ARREST</descript><dayofweek>Wednesday</dayofweek><date>2015-06-17T00:00:00</date><time>15:00</time><pddistrict>TARAVAL</pddistrict><resolution>ARREST, BOOKED</resolution><address>LINCOLN WY / 18TH AV</address><x>-122.476185908309</x><y>37.7654978720389</y><location human_address="{&quot;address&quot;:&quot;&quot;,&quot;city&quot;:&quot;&quot;,&quot;state&quot;:&quot;&quot;,&quot;zip&quot;:&quot;&quot;}" latitude="37.7654978720389" longitude="-122.476185908309" needs_recoding="false"/></row>