<?xml version="1.0" encoding="UTF-8"?><row _id="12601601" _uuid="1E931E44-4BD8-436D-84DD-29FAE4F62F69" _position="12601601" _address="http://data.sfgov.org/resource/ritf-b9ki/12601601"><incidntnum>150560394</incidntnum><category>OTHER OFFENSES</category><descript>PROBATION VIOLATION</descript><dayofweek>Saturday</dayofweek><date>2015-06-27T00:00:00</date><time>16:11</time><pddistrict>TENDERLOIN</pddistrict><resolution>JUVENILE BOOKED</resolution><address>8TH ST / MARKET ST</address><x>-122.414743835382</x><y>37.778719262789</y><location human_address="{&quot;address&quot;:&quot;&quot;,&quot;city&quot;:&quot;&quot;,&quot;state&quot;:&quot;&quot;,&quot;zip&quot;:&quot;&quot;}" latitude="37.778719262789" longitude="-122.414743835382" needs_recoding="false"/></row>