<?xml version="1.0" encoding="UTF-8"?><row _id="12599168" _uuid="684F51B8-2A5E-4F9D-AF88-7116F812E255" _position="12599168" _address="http://data.sfgov.org/resource/ritf-b9ki/12599168"><incidntnum>156148500</incidntnum><category>LARCENY/THEFT</category><descript>PETTY THEFT OF PROPERTY</descript><dayofweek>Sunday</dayofweek><date>2015-06-21T00:00:00</date><time>01:00</time><pddistrict>CENTRAL</pddistrict><resolution>NONE</resolution><address>500 Block of JACKSON ST</address><x>-122.403980132448</x><y>37.7964121687875</y><location human_address="{&quot;address&quot;:&quot;&quot;,&quot;city&quot;:&quot;&quot;,&quot;state&quot;:&quot;&quot;,&quot;zip&quot;:&quot;&quot;}" latitude="37.7964121687875" longitude="-122.403980132448" needs_recoding="false"/></row>