<?xml version="1.0" encoding="UTF-8"?><row _id="12597396" _uuid="18187E2F-59A7-47B0-86D8-1ECC130DBCBA" _position="12597396" _address="http://data.sfgov.org/resource/ritf-b9ki/12597396"><incidntnum>156145227</incidntnum><category>LARCENY/THEFT</category><descript>PETTY THEFT OF PROPERTY</descript><dayofweek>Wednesday</dayofweek><date>2015-06-17T00:00:00</date><time>12:30</time><pddistrict>TARAVAL</pddistrict><resolution>NONE</resolution><address>3900 Block of ALEMANY BL</address><x>-122.468105304613</x><y>37.7109639146394</y><location human_address="{&quot;address&quot;:&quot;&quot;,&quot;city&quot;:&quot;&quot;,&quot;state&quot;:&quot;&quot;,&quot;zip&quot;:&quot;&quot;}" latitude="37.7109639146394" longitude="-122.468105304613" needs_recoding="false"/></row>