<?xml version="1.0" encoding="UTF-8"?><row _id="12598292" _uuid="31CF11E8-4E1A-48A7-AE0E-18D1EFF32A7A" _position="12598292" _address="http://data.sfgov.org/resource/ritf-b9ki/12598292"><incidntnum>156148403</incidntnum><category>LARCENY/THEFT</category><descript>GRAND THEFT OF PROPERTY</descript><dayofweek>Friday</dayofweek><date>2015-06-19T00:00:00</date><time>00:01</time><pddistrict>CENTRAL</pddistrict><resolution>NONE</resolution><address>2800 Block of LEAVENWORTH ST</address><x>-122.419067224379</x><y>37.8073339305952</y><location human_address="{&quot;address&quot;:&quot;&quot;,&quot;city&quot;:&quot;&quot;,&quot;state&quot;:&quot;&quot;,&quot;zip&quot;:&quot;&quot;}" latitude="37.8073339305952" longitude="-122.419067224379" needs_recoding="false"/></row>