<?xml version="1.0" encoding="UTF-8"?><row _id="12597993" _uuid="A4E7D289-E51F-4DBD-95BA-206285972097" _position="12597993" _address="http://data.sfgov.org/resource/ritf-b9ki/12597993"><incidntnum>150536339</incidntnum><category>VANDALISM</category><descript>MALICIOUS MISCHIEF, TIRE SLASHING</descript><dayofweek>Friday</dayofweek><date>2015-06-19T00:00:00</date><time>22:17</time><pddistrict>NORTHERN</pddistrict><resolution>NONE</resolution><address>BUSH ST / POLK ST</address><x>-122.420307355721</x><y>37.7886989511647</y><location human_address="{&quot;address&quot;:&quot;&quot;,&quot;city&quot;:&quot;&quot;,&quot;state&quot;:&quot;&quot;,&quot;zip&quot;:&quot;&quot;}" latitude="37.7886989511647" longitude="-122.420307355721" needs_recoding="false"/></row>