<?xml version="1.0" encoding="UTF-8"?><row _id="12597956" _uuid="E408F660-6C59-4EB1-A38E-2C0C88D38A35" _position="12597956" _address="http://data.sfgov.org/resource/ritf-b9ki/12597956"><incidntnum>150531878</incidntnum><category>NON-CRIMINAL</category><descript>AIDED CASE -PROPERTY FOR DESTRUCTION</descript><dayofweek>Thursday</dayofweek><date>2015-06-18T00:00:00</date><time>13:10</time><pddistrict>INGLESIDE</pddistrict><resolution>NONE</resolution><address>400 Block of VALLEY ST</address><x>-122.432303353549</x><y>37.744124427859</y><location human_address="{&quot;address&quot;:&quot;&quot;,&quot;city&quot;:&quot;&quot;,&quot;state&quot;:&quot;&quot;,&quot;zip&quot;:&quot;&quot;}" latitude="37.744124427859" longitude="-122.432303353549" needs_recoding="false"/></row>