<?xml version="1.0" encoding="UTF-8"?><row _id="12598629" _uuid="025A2189-91C3-48F5-9504-E953BEB3B11B" _position="12598629" _address="http://data.sfgov.org/resource/ritf-b9ki/12598629"><incidntnum>150537666</incidntnum><category>TRESPASS</category><descript>TRESPASSING</descript><dayofweek>Saturday</dayofweek><date>2015-06-20T00:00:00</date><time>11:30</time><pddistrict>CENTRAL</pddistrict><resolution>ARREST, BOOKED</resolution><address>1000 Block of HYDE ST</address><x>-122.417368206741</x><y>37.7905094151595</y><location human_address="{&quot;address&quot;:&quot;&quot;,&quot;city&quot;:&quot;&quot;,&quot;state&quot;:&quot;&quot;,&quot;zip&quot;:&quot;&quot;}" latitude="37.7905094151595" longitude="-122.417368206741" needs_recoding="false"/></row>