<?xml version="1.0" encoding="UTF-8"?><row _id="12598215" _uuid="528E2E77-2FBC-4F5D-A010-D32E98B3DF29" _position="12598215" _address="http://data.sfgov.org/resource/ritf-b9ki/12598215"><incidntnum>150534060</incidntnum><category>NON-CRIMINAL</category><descript>AIDED CASE, MENTAL DISTURBED</descript><dayofweek>Friday</dayofweek><date>2015-06-19T00:00:00</date><time>05:28</time><pddistrict>RICHMOND</pddistrict><resolution>NONE</resolution><address>1400 Block of CLEMENT ST</address><x>-122.474687906405</x><y>37.7825375138967</y><location human_address="{&quot;address&quot;:&quot;&quot;,&quot;city&quot;:&quot;&quot;,&quot;state&quot;:&quot;&quot;,&quot;zip&quot;:&quot;&quot;}" latitude="37.7825375138967" longitude="-122.474687906405" needs_recoding="false"/></row>