<?xml version="1.0" encoding="UTF-8"?><row _id="12601127" _uuid="C51322BD-40AD-4957-8BFD-74779776F715" _position="12601127" _address="http://data.sfgov.org/resource/ritf-b9ki/12601127"><incidntnum>150555555</incidntnum><category>SUSPICIOUS OCC</category><descript>SUSPICIOUS ACT TOWARDS FEMALE</descript><dayofweek>Friday</dayofweek><date>2015-06-26T00:00:00</date><time>02:00</time><pddistrict>SOUTHERN</pddistrict><resolution>NONE</resolution><address>100 Block of 3RD ST</address><x>-122.400916029025</x><y>37.7854574902997</y><location human_address="{&quot;address&quot;:&quot;&quot;,&quot;city&quot;:&quot;&quot;,&quot;state&quot;:&quot;&quot;,&quot;zip&quot;:&quot;&quot;}" latitude="37.7854574902997" longitude="-122.400916029025" needs_recoding="false"/></row>