<?xml version="1.0" encoding="UTF-8"?><row _id="12604032" _uuid="19509EC9-6C4F-479C-9A03-57A4300597CB" _position="12604032" _address="http://data.sfgov.org/resource/ritf-b9ki/12604032"><incidntnum>150596888</incidntnum><category>VANDALISM</category><descript>MALICIOUS MISCHIEF, GRAFFITI</descript><dayofweek>Wednesday</dayofweek><date>2015-06-17T00:00:00</date><time>23:59</time><pddistrict>MISSION</pddistrict><resolution>NONE</resolution><address>2200 Block of HARRISON ST</address><x>-122.412593383429</x><y>37.7604820180908</y><location human_address="{&quot;address&quot;:&quot;&quot;,&quot;city&quot;:&quot;&quot;,&quot;state&quot;:&quot;&quot;,&quot;zip&quot;:&quot;&quot;}" latitude="37.7604820180908" longitude="-122.412593383429" needs_recoding="false"/></row>