<?xml version="1.0" encoding="UTF-8"?><row _id="12601590" _uuid="884DBBF4-C4B1-4AF5-9045-574AE42DF93F" _position="12601590" _address="http://data.sfgov.org/resource/ritf-b9ki/12601590"><incidntnum>150558361</incidntnum><category>ASSAULT</category><descript>CHILD ABUSE (PHYSICAL)</descript><dayofweek>Saturday</dayofweek><date>2015-06-27T00:00:00</date><time>00:30</time><pddistrict>SOUTHERN</pddistrict><resolution>ARREST, BOOKED</resolution><address>10TH ST / BRYANT ST</address><x>-122.409738771906</x><y>37.7703482035454</y><location human_address="{&quot;address&quot;:&quot;&quot;,&quot;city&quot;:&quot;&quot;,&quot;state&quot;:&quot;&quot;,&quot;zip&quot;:&quot;&quot;}" latitude="37.7703482035454" longitude="-122.409738771906" needs_recoding="false"/></row>