<?xml version="1.0" encoding="UTF-8"?><row _id="12596801" _uuid="920E23B0-3068-4ECC-A1F1-67F3EBD6E87F" _position="12596801" _address="http://data.sfgov.org/resource/ritf-b9ki/12596801"><incidntnum>150526669</incidntnum><category>WARRANTS</category><descript>ENROUTE TO ADULT AUTHORITY</descript><dayofweek>Tuesday</dayofweek><date>2015-06-16T00:00:00</date><time>16:34</time><pddistrict>TENDERLOIN</pddistrict><resolution>ARREST, BOOKED</resolution><address>JONES ST / EDDY ST</address><x>-122.412597377187</x><y>37.7839320277273</y><location human_address="{&quot;address&quot;:&quot;&quot;,&quot;city&quot;:&quot;&quot;,&quot;state&quot;:&quot;&quot;,&quot;zip&quot;:&quot;&quot;}" latitude="37.7839320277273" longitude="-122.412597377187" needs_recoding="false"/></row>