<?xml version="1.0" encoding="UTF-8"?><row _id="12598866" _uuid="2A3B048E-99C7-454F-AD5E-6B19B3A825CF" _position="12598866" _address="http://data.sfgov.org/resource/ritf-b9ki/12598866"><incidntnum>150541106</incidntnum><category>FRAUD</category><descript>CREDIT CARD, THEFT OF</descript><dayofweek>Sunday</dayofweek><date>2015-06-21T00:00:00</date><time>15:45</time><pddistrict>RICHMOND</pddistrict><resolution>NONE</resolution><address>FUNSTON AV / LAKE ST</address><x>-122.472185324617</x><y>37.7863318009189</y><location human_address="{&quot;address&quot;:&quot;&quot;,&quot;city&quot;:&quot;&quot;,&quot;state&quot;:&quot;&quot;,&quot;zip&quot;:&quot;&quot;}" latitude="37.7863318009189" longitude="-122.472185324617" needs_recoding="false"/></row>