<?xml version="1.0" encoding="UTF-8"?><row _id="12599826" _uuid="BFCF3C19-FEBA-4963-9D5B-BD4B84645E6C" _position="12599826" _address="http://data.sfgov.org/resource/ritf-b9ki/12599826"><incidntnum>156156428</incidntnum><category>LARCENY/THEFT</category><descript>GRAND THEFT FROM LOCKED AUTO</descript><dayofweek>Tuesday</dayofweek><date>2015-06-23T00:00:00</date><time>07:50</time><pddistrict>SOUTHERN</pddistrict><resolution>NONE</resolution><address>5TH ST / BRYANT ST</address><x>-122.400302421513</x><y>37.7777992290419</y><location human_address="{&quot;address&quot;:&quot;&quot;,&quot;city&quot;:&quot;&quot;,&quot;state&quot;:&quot;&quot;,&quot;zip&quot;:&quot;&quot;}" latitude="37.7777992290419" longitude="-122.400302421513" needs_recoding="false"/></row>