<?xml version="1.0" encoding="UTF-8"?><row _id="12598774" _uuid="85078177-99E1-46D5-B0F4-FE2AC4D69F45" _position="12598774" _address="http://data.sfgov.org/resource/ritf-b9ki/12598774"><incidntnum>150536890</incidntnum><category>LARCENY/THEFT</category><descript>PETTY THEFT OF PROPERTY</descript><dayofweek>Saturday</dayofweek><date>2015-06-20T00:00:00</date><time>01:00</time><pddistrict>RICHMOND</pddistrict><resolution>NONE</resolution><address>0 Block of HEMWAY TR</address><x>-122.448302546909</x><y>37.775995082043</y><location human_address="{&quot;address&quot;:&quot;&quot;,&quot;city&quot;:&quot;&quot;,&quot;state&quot;:&quot;&quot;,&quot;zip&quot;:&quot;&quot;}" latitude="37.775995082043" longitude="-122.448302546909" needs_recoding="false"/></row>