<?xml version="1.0" encoding="UTF-8"?><row _id="12601838" _uuid="951D7F08-FF7C-4B38-98AD-A901B3C8BC5D" _position="12601838" _address="http://data.sfgov.org/resource/ritf-b9ki/12601838"><incidntnum>150575600</incidntnum><category>FRAUD</category><descript>FRAUDULENT CREDIT APPLICATION</descript><dayofweek>Saturday</dayofweek><date>2015-06-27T00:00:00</date><time>11:00</time><pddistrict>MISSION</pddistrict><resolution>NONE</resolution><address>700 Block of CHURCH ST</address><x>-122.428155898854</x><y>37.7584715433795</y><location human_address="{&quot;address&quot;:&quot;&quot;,&quot;city&quot;:&quot;&quot;,&quot;state&quot;:&quot;&quot;,&quot;zip&quot;:&quot;&quot;}" latitude="37.7584715433795" longitude="-122.428155898854" needs_recoding="false"/></row>