<?xml version="1.0" encoding="UTF-8"?><row _id="12604807" _uuid="20AED49F-4642-47E9-BF52-6776FB4BD75C" _position="12604807" _address="http://data.sfgov.org/resource/ritf-b9ki/12604807"><incidntnum>150582837</incidntnum><category>VANDALISM</category><descript>MALICIOUS MISCHIEF, GRAFFITI</descript><dayofweek>Saturday</dayofweek><date>2015-07-04T00:00:00</date><time>19:33</time><pddistrict>SOUTHERN</pddistrict><resolution>ARREST, BOOKED</resolution><address>800 Block of BRYANT ST</address><x>-122.403404791479</x><y>37.775420706711</y><location human_address="{&quot;address&quot;:&quot;&quot;,&quot;city&quot;:&quot;&quot;,&quot;state&quot;:&quot;&quot;,&quot;zip&quot;:&quot;&quot;}" latitude="37.775420706711" longitude="-122.403404791479" needs_recoding="false"/></row>