<?xml version="1.0" encoding="UTF-8"?><row _id="12599656" _uuid="5592E72E-1536-4980-9533-ECC5E98B8B36" _position="12599656" _address="http://data.sfgov.org/resource/ritf-b9ki/12599656"><incidntnum>150547966</incidntnum><category>VEHICLE THEFT</category><descript>STOLEN AUTOMOBILE</descript><dayofweek>Monday</dayofweek><date>2015-06-22T00:00:00</date><time>17:30</time><pddistrict>CENTRAL</pddistrict><resolution>NONE</resolution><address>600 Block of GREEN ST</address><x>-122.409854865142</x><y>37.7994489066226</y><location human_address="{&quot;address&quot;:&quot;&quot;,&quot;city&quot;:&quot;&quot;,&quot;state&quot;:&quot;&quot;,&quot;zip&quot;:&quot;&quot;}" latitude="37.7994489066226" longitude="-122.409854865142" needs_recoding="false"/></row>