<?xml version="1.0" encoding="UTF-8"?><row _id="12598025" _uuid="C921D837-387D-44BD-BD63-E26F65DFB84C" _position="12598025" _address="http://data.sfgov.org/resource/ritf-b9ki/12598025"><incidntnum>150538103</incidntnum><category>LARCENY/THEFT</category><descript>PETTY THEFT BICYCLE</descript><dayofweek>Friday</dayofweek><date>2015-06-19T00:00:00</date><time>13:00</time><pddistrict>BAYVIEW</pddistrict><resolution>NONE</resolution><address>BACON ST / SAN BRUNO AV</address><x>-122.403595293514</x><y>37.7276340992506</y><location human_address="{&quot;address&quot;:&quot;&quot;,&quot;city&quot;:&quot;&quot;,&quot;state&quot;:&quot;&quot;,&quot;zip&quot;:&quot;&quot;}" latitude="37.7276340992506" longitude="-122.403595293514" needs_recoding="false"/></row>