<?xml version="1.0" encoding="UTF-8"?><row _id="12598910" _uuid="8A5E5B21-D05F-4F9F-A1EA-87A499C52A2D" _position="12598910" _address="http://data.sfgov.org/resource/ritf-b9ki/12598910"><incidntnum>150541764</incidntnum><category>OTHER OFFENSES</category><descript>DRIVERS LICENSE, SUSPENDED OR REVOKED</descript><dayofweek>Sunday</dayofweek><date>2015-06-21T00:00:00</date><time>22:02</time><pddistrict>TARAVAL</pddistrict><resolution>ARREST, BOOKED</resolution><address>19TH AV / WAWONA ST</address><x>-122.475287886078</x><y>37.7374527164974</y><location human_address="{&quot;address&quot;:&quot;&quot;,&quot;city&quot;:&quot;&quot;,&quot;state&quot;:&quot;&quot;,&quot;zip&quot;:&quot;&quot;}" latitude="37.7374527164974" longitude="-122.475287886078" needs_recoding="false"/></row>