<?xml version="1.0" encoding="UTF-8"?><row _id="12598529" _uuid="41730E1B-0751-40D7-BC4E-26A4C43FD793" _position="12598529" _address="http://data.sfgov.org/resource/ritf-b9ki/12598529"><incidntnum>156155840</incidntnum><category>LARCENY/THEFT</category><descript>GRAND THEFT FROM LOCKED AUTO</descript><dayofweek>Saturday</dayofweek><date>2015-06-20T00:00:00</date><time>04:28</time><pddistrict>SOUTHERN</pddistrict><resolution>NONE</resolution><address>BRYANT ST / BEALE ST</address><x>-122.389639531543</x><y>37.7862250418081</y><location human_address="{&quot;address&quot;:&quot;&quot;,&quot;city&quot;:&quot;&quot;,&quot;state&quot;:&quot;&quot;,&quot;zip&quot;:&quot;&quot;}" latitude="37.7862250418081" longitude="-122.389639531543" needs_recoding="false"/></row>