<?xml version="1.0" encoding="UTF-8"?><row _id="12599925" _uuid="2C8EB828-8F0A-472F-AA52-7BF87510D643" _position="12599925" _address="http://data.sfgov.org/resource/ritf-b9ki/12599925"><incidntnum>150551456</incidntnum><category>ASSAULT</category><descript>AGGRAVATED ASSAULT WITH A KNIFE</descript><dayofweek>Tuesday</dayofweek><date>2015-06-23T00:00:00</date><time>03:20</time><pddistrict>NORTHERN</pddistrict><resolution>NONE</resolution><address>900 Block of POLK ST</address><x>-122.419620657238</x><y>37.785672286426</y><location human_address="{&quot;address&quot;:&quot;&quot;,&quot;city&quot;:&quot;&quot;,&quot;state&quot;:&quot;&quot;,&quot;zip&quot;:&quot;&quot;}" latitude="37.785672286426" longitude="-122.419620657238" needs_recoding="false"/></row>