<?xml version="1.0" encoding="UTF-8"?><row _id="12616270" _uuid="50ED6758-B1AD-4CD5-996A-BEC672497FB0" _position="12616270" _address="http://data.sfgov.org/resource/ritf-b9ki/12616270"><incidntnum>156162174</incidntnum><category>NON-CRIMINAL</category><descript>AIDED CASE</descript><dayofweek>Thursday</dayofweek><date>2015-06-25T00:00:00</date><time>18:30</time><pddistrict>SOUTHERN</pddistrict><resolution>NONE</resolution><address>7TH ST / NATOMA ST</address><x>-122.409939286664</x><y>37.7784153777349</y><location human_address="{&quot;address&quot;:&quot;&quot;,&quot;city&quot;:&quot;&quot;,&quot;state&quot;:&quot;&quot;,&quot;zip&quot;:&quot;&quot;}" latitude="37.7784153777349" longitude="-122.409939286664" needs_recoding="false"/></row>