<?xml version="1.0" encoding="UTF-8"?><row _id="12599329" _uuid="D3208A1B-058A-4B7B-AE23-FE8B8CD40401" _position="12599329" _address="http://data.sfgov.org/resource/ritf-b9ki/12599329"><incidntnum>150541974</incidntnum><category>SUSPICIOUS OCC</category><descript>INVESTIGATIVE DETENTION</descript><dayofweek>Sunday</dayofweek><date>2015-06-21T00:00:00</date><time>23:00</time><pddistrict>TARAVAL</pddistrict><resolution>NONE</resolution><address>1300 Block of 11TH AV</address><x>-122.468315731147</x><y>37.7629972336065</y><location human_address="{&quot;address&quot;:&quot;&quot;,&quot;city&quot;:&quot;&quot;,&quot;state&quot;:&quot;&quot;,&quot;zip&quot;:&quot;&quot;}" latitude="37.7629972336065" longitude="-122.468315731147" needs_recoding="false"/></row>