<?xml version="1.0" encoding="UTF-8"?><row _id="12597491" _uuid="19492EDA-E34B-4FD3-AFC9-CA7CA831BA0C" _position="12597491" _address="http://data.sfgov.org/resource/ritf-b9ki/12597491"><incidntnum>150529469</incidntnum><category>LARCENY/THEFT</category><descript>THEFT, BICYCLE, &lt;$50, NO SERIAL NUMBER</descript><dayofweek>Wednesday</dayofweek><date>2015-06-17T00:00:00</date><time>16:07</time><pddistrict>BAYVIEW</pddistrict><resolution>NONE</resolution><address>4700 Block of 3RD ST</address><x>-122.390689582557</x><y>37.7352172280077</y><location human_address="{&quot;address&quot;:&quot;&quot;,&quot;city&quot;:&quot;&quot;,&quot;state&quot;:&quot;&quot;,&quot;zip&quot;:&quot;&quot;}" latitude="37.7352172280077" longitude="-122.390689582557" needs_recoding="false"/></row>