<?xml version="1.0" encoding="UTF-8"?><row _id="12597921" _uuid="6043647B-F6EA-4BE9-AE27-F66B4C942DFE" _position="12597921" _address="http://data.sfgov.org/resource/ritf-b9ki/12597921"><incidntnum>150532462</incidntnum><category>NON-CRIMINAL</category><descript>STAY AWAY OR COURT ORDER, NON-DV RELATED</descript><dayofweek>Thursday</dayofweek><date>2015-06-18T00:00:00</date><time>16:16</time><pddistrict>PARK</pddistrict><resolution>ARREST, BOOKED</resolution><address>HAIGHT ST / ASHBURY ST</address><x>-122.446933310975</x><y>37.7700061988358</y><location human_address="{&quot;address&quot;:&quot;&quot;,&quot;city&quot;:&quot;&quot;,&quot;state&quot;:&quot;&quot;,&quot;zip&quot;:&quot;&quot;}" latitude="37.7700061988358" longitude="-122.446933310975" needs_recoding="false"/></row>