<?xml version="1.0" encoding="UTF-8"?><row _id="12601938" _uuid="8809BA99-3070-4128-B727-A16F5E39D805" _position="12601938" _address="http://data.sfgov.org/resource/ritf-b9ki/12601938"><incidntnum>150570989</incidntnum><category>FORGERY/COUNTERFEITING</category><descript>FORGERY &amp; COUNTERFEITING (GENERAL)</descript><dayofweek>Saturday</dayofweek><date>2015-06-20T00:00:00</date><time>12:00</time><pddistrict>PARK</pddistrict><resolution>ARREST, BOOKED</resolution><address>300 Block of CASTRO ST</address><x>-122.435290173378</x><y>37.7630499982644</y><location human_address="{&quot;address&quot;:&quot;&quot;,&quot;city&quot;:&quot;&quot;,&quot;state&quot;:&quot;&quot;,&quot;zip&quot;:&quot;&quot;}" latitude="37.7630499982644" longitude="-122.435290173378" needs_recoding="false"/></row>