<?xml version="1.0" encoding="UTF-8"?><row _id="12597297" _uuid="6D45914D-19B5-41B9-8209-8C608559B1E6" _position="12597297" _address="http://data.sfgov.org/resource/ritf-b9ki/12597297"><incidntnum>150529679</incidntnum><category>ROBBERY</category><descript>ROBBERY, BODILY FORCE</descript><dayofweek>Wednesday</dayofweek><date>2015-06-17T00:00:00</date><time>17:22</time><pddistrict>RICHMOND</pddistrict><resolution>ARREST, BOOKED</resolution><address>700 Block of GREAT HY</address><x>-122.511079116635</x><y>37.7739918429694</y><location human_address="{&quot;address&quot;:&quot;&quot;,&quot;city&quot;:&quot;&quot;,&quot;state&quot;:&quot;&quot;,&quot;zip&quot;:&quot;&quot;}" latitude="37.7739918429694" longitude="-122.511079116635" needs_recoding="false"/></row>