<?xml version="1.0" encoding="UTF-8"?><row _id="12597140" _uuid="7B96FADC-2792-4E96-9E87-628B6370BDA8" _position="12597140" _address="http://data.sfgov.org/resource/ritf-b9ki/12597140"><incidntnum>150527344</incidntnum><category>OTHER OFFENSES</category><descript>EVADING A POLICE OFFICER RECKLESSLY</descript><dayofweek>Tuesday</dayofweek><date>2015-06-16T00:00:00</date><time>22:56</time><pddistrict>INGLESIDE</pddistrict><resolution>NONE</resolution><address>EXCELSIOR AV / MISSION ST</address><x>-122.433623421746</x><y>37.7262358304722</y><location human_address="{&quot;address&quot;:&quot;&quot;,&quot;city&quot;:&quot;&quot;,&quot;state&quot;:&quot;&quot;,&quot;zip&quot;:&quot;&quot;}" latitude="37.7262358304722" longitude="-122.433623421746" needs_recoding="false"/></row>