<?xml version="1.0" encoding="UTF-8"?><row _id="12598784" _uuid="D3A230C3-AD75-46CB-9DBA-F6333E67BAF8" _position="12598784" _address="http://data.sfgov.org/resource/ritf-b9ki/12598784"><incidntnum>156147091</incidntnum><category>LARCENY/THEFT</category><descript>GRAND THEFT FROM LOCKED AUTO</descript><dayofweek>Saturday</dayofweek><date>2015-06-20T00:00:00</date><time>00:01</time><pddistrict>INGLESIDE</pddistrict><resolution>NONE</resolution><address>600 Block of SAWYER ST</address><x>-122.416044743184</x><y>37.7093308363683</y><location human_address="{&quot;address&quot;:&quot;&quot;,&quot;city&quot;:&quot;&quot;,&quot;state&quot;:&quot;&quot;,&quot;zip&quot;:&quot;&quot;}" latitude="37.7093308363683" longitude="-122.416044743184" needs_recoding="false"/></row>