<?xml version="1.0" encoding="UTF-8"?><row _id="12598173" _uuid="30FBA0C5-9995-41A9-8BCB-BE21B03FD499" _position="12598173" _address="http://data.sfgov.org/resource/ritf-b9ki/12598173"><incidntnum>150536204</incidntnum><category>MISSING PERSON</category><descript>MISSING ADULT</descript><dayofweek>Friday</dayofweek><date>2015-06-19T00:00:00</date><time>21:49</time><pddistrict>SOUTHERN</pddistrict><resolution>NONE</resolution><address>400 Block of BERRY ST</address><x>-122.3982226939</x><y>37.7720161231813</y><location human_address="{&quot;address&quot;:&quot;&quot;,&quot;city&quot;:&quot;&quot;,&quot;state&quot;:&quot;&quot;,&quot;zip&quot;:&quot;&quot;}" latitude="37.7720161231813" longitude="-122.3982226939" needs_recoding="false"/></row>