<?xml version="1.0" encoding="UTF-8"?><row _id="12598000" _uuid="7E0D779C-E5C1-4EEA-8230-07537E8845A4" _position="12598000" _address="http://data.sfgov.org/resource/ritf-b9ki/12598000"><incidntnum>150537406</incidntnum><category>VANDALISM</category><descript>MALICIOUS MISCHIEF, VANDALISM OF VEHICLES</descript><dayofweek>Friday</dayofweek><date>2015-06-19T00:00:00</date><time>17:00</time><pddistrict>TARAVAL</pddistrict><resolution>NONE</resolution><address>SANTIAGO ST / 24TH AV</address><x>-122.481180963255</x><y>37.7446799417931</y><location human_address="{&quot;address&quot;:&quot;&quot;,&quot;city&quot;:&quot;&quot;,&quot;state&quot;:&quot;&quot;,&quot;zip&quot;:&quot;&quot;}" latitude="37.7446799417931" longitude="-122.481180963255" needs_recoding="false"/></row>