<?xml version="1.0" encoding="UTF-8"?><row _id="12599688" _uuid="0DC64FB9-3D0C-40E7-ABD5-DEE688C8AA63" _position="12599688" _address="http://data.sfgov.org/resource/ritf-b9ki/12599688"><incidntnum>150543538</incidntnum><category>NON-CRIMINAL</category><descript>FOUND PROPERTY</descript><dayofweek>Monday</dayofweek><date>2015-06-22T00:00:00</date><time>13:43</time><pddistrict>PARK</pddistrict><resolution>NONE</resolution><address>800 Block of WALLER ST</address><x>-122.438163651417</x><y>37.7701139316558</y><location human_address="{&quot;address&quot;:&quot;&quot;,&quot;city&quot;:&quot;&quot;,&quot;state&quot;:&quot;&quot;,&quot;zip&quot;:&quot;&quot;}" latitude="37.7701139316558" longitude="-122.438163651417" needs_recoding="false"/></row>