<?xml version="1.0" encoding="UTF-8"?><row _id="12598310" _uuid="E69873B3-FE62-461F-B98E-8361B3A8D952" _position="12598310" _address="http://data.sfgov.org/resource/ritf-b9ki/12598310"><incidntnum>150544235</incidntnum><category>LARCENY/THEFT</category><descript>PETTY THEFT FROM A BUILDING</descript><dayofweek>Friday</dayofweek><date>2015-06-19T00:00:00</date><time>19:30</time><pddistrict>NORTHERN</pddistrict><resolution>NONE</resolution><address>200 Block of AUSTIN ST</address><x>-122.422920734487</x><y>37.7887880836228</y><location human_address="{&quot;address&quot;:&quot;&quot;,&quot;city&quot;:&quot;&quot;,&quot;state&quot;:&quot;&quot;,&quot;zip&quot;:&quot;&quot;}" latitude="37.7887880836228" longitude="-122.422920734487" needs_recoding="false"/></row>