<?xml version="1.0" encoding="UTF-8"?><row _id="12597281" _uuid="77BA15DA-5542-4F9D-8533-B82D054C0291" _position="12597281" _address="http://data.sfgov.org/resource/ritf-b9ki/12597281"><incidntnum>156148174</incidntnum><category>LARCENY/THEFT</category><descript>GRAND THEFT FROM LOCKED AUTO</descript><dayofweek>Wednesday</dayofweek><date>2015-06-17T00:00:00</date><time>19:40</time><pddistrict>CENTRAL</pddistrict><resolution>NONE</resolution><address>POLK ST / NORTHPOINT ST</address><x>-122.423658369809</x><y>37.8052850926566</y><location human_address="{&quot;address&quot;:&quot;&quot;,&quot;city&quot;:&quot;&quot;,&quot;state&quot;:&quot;&quot;,&quot;zip&quot;:&quot;&quot;}" latitude="37.8052850926566" longitude="-122.423658369809" needs_recoding="false"/></row>