<?xml version="1.0" encoding="UTF-8"?><row _id="12598112" _uuid="432C17F0-A5BB-45BB-AC73-FBD36500EE7C" _position="12598112" _address="http://data.sfgov.org/resource/ritf-b9ki/12598112"><incidntnum>150535303</incidntnum><category>SEX OFFENSES, FORCIBLE</category><descript>SEXUAL BATTERY</descript><dayofweek>Friday</dayofweek><date>2015-06-19T00:00:00</date><time>15:37</time><pddistrict>NORTHERN</pddistrict><resolution>ARREST, BOOKED</resolution><address>1000 Block of POST ST</address><x>-122.419126295342</x><y>37.7869849580362</y><location human_address="{&quot;address&quot;:&quot;&quot;,&quot;city&quot;:&quot;&quot;,&quot;state&quot;:&quot;&quot;,&quot;zip&quot;:&quot;&quot;}" latitude="37.7869849580362" longitude="-122.419126295342" needs_recoding="false"/></row>