<?xml version="1.0" encoding="UTF-8"?><row _id="12598727" _uuid="C9B3250F-2515-4151-A44C-824C9EA4E57E" _position="12598727" _address="http://data.sfgov.org/resource/ritf-b9ki/12598727"><incidntnum>150549473</incidntnum><category>LARCENY/THEFT</category><descript>GRAND THEFT BICYCLE</descript><dayofweek>Saturday</dayofweek><date>2015-06-20T00:00:00</date><time>09:00</time><pddistrict>RICHMOND</pddistrict><resolution>NONE</resolution><address>500 Block of JOHNFKENNEDY DR</address><x>-122.466204667893</x><y>37.7725405391593</y><location human_address="{&quot;address&quot;:&quot;&quot;,&quot;city&quot;:&quot;&quot;,&quot;state&quot;:&quot;&quot;,&quot;zip&quot;:&quot;&quot;}" latitude="37.7725405391593" longitude="-122.466204667893" needs_recoding="false"/></row>