<?xml version="1.0" encoding="UTF-8"?><row _id="12598001" _uuid="2B3D9E16-DD59-4739-ACB8-ACC3D45A9AA4" _position="12598001" _address="http://data.sfgov.org/resource/ritf-b9ki/12598001"><incidntnum>150537462</incidntnum><category>LARCENY/THEFT</category><descript>GRAND THEFT FROM LOCKED AUTO</descript><dayofweek>Friday</dayofweek><date>2015-06-19T00:00:00</date><time>11:30</time><pddistrict>SOUTHERN</pddistrict><resolution>NONE</resolution><address>9TH ST / FOLSOM ST</address><x>-122.411612378034</x><y>37.7737679567236</y><location human_address="{&quot;address&quot;:&quot;&quot;,&quot;city&quot;:&quot;&quot;,&quot;state&quot;:&quot;&quot;,&quot;zip&quot;:&quot;&quot;}" latitude="37.7737679567236" longitude="-122.411612378034" needs_recoding="false"/></row>