<?xml version="1.0" encoding="UTF-8"?><row _id="12600006" _uuid="0CBFDBC9-2461-4D48-9A9D-9A6F02A7B8D3" _position="12600006" _address="http://data.sfgov.org/resource/ritf-b9ki/12600006"><incidntnum>156155624</incidntnum><category>VANDALISM</category><descript>MALICIOUS MISCHIEF, VANDALISM OF VEHICLES</descript><dayofweek>Tuesday</dayofweek><date>2015-06-23T00:00:00</date><time>06:00</time><pddistrict>TARAVAL</pddistrict><resolution>NONE</resolution><address>0 Block of DARIEN WY</address><x>-122.470957144212</x><y>37.7318676967011</y><location human_address="{&quot;address&quot;:&quot;&quot;,&quot;city&quot;:&quot;&quot;,&quot;state&quot;:&quot;&quot;,&quot;zip&quot;:&quot;&quot;}" latitude="37.7318676967011" longitude="-122.470957144212" needs_recoding="false"/></row>