<?xml version="1.0" encoding="UTF-8"?><row _id="12599478" _uuid="F8AA6E81-491A-4658-9466-846F9A892901" _position="12599478" _address="http://data.sfgov.org/resource/ritf-b9ki/12599478"><incidntnum>150542734</incidntnum><category>NON-CRIMINAL</category><descript>FOUND PROPERTY</descript><dayofweek>Monday</dayofweek><date>2015-06-22T00:00:00</date><time>08:50</time><pddistrict>CENTRAL</pddistrict><resolution>NONE</resolution><address>400 Block of GRANT AV</address><x>-122.405716064431</x><y>37.7910323101921</y><location human_address="{&quot;address&quot;:&quot;&quot;,&quot;city&quot;:&quot;&quot;,&quot;state&quot;:&quot;&quot;,&quot;zip&quot;:&quot;&quot;}" latitude="37.7910323101921" longitude="-122.405716064431" needs_recoding="false"/></row>