<?xml version="1.0" encoding="UTF-8"?><row _id="12597734" _uuid="64EA104F-23D6-4D73-AD77-3D45E220666C" _position="12597734" _address="http://data.sfgov.org/resource/ritf-b9ki/12597734"><incidntnum>150532127</incidntnum><category>OTHER OFFENSES</category><descript>DRIVERS LICENSE, SUSPENDED OR REVOKED</descript><dayofweek>Thursday</dayofweek><date>2015-06-18T00:00:00</date><time>12:20</time><pddistrict>INGLESIDE</pddistrict><resolution>ARREST, BOOKED</resolution><address>600 Block of PORTOLA DR</address><x>-122.452761504469</x><y>37.7448131362383</y><location human_address="{&quot;address&quot;:&quot;&quot;,&quot;city&quot;:&quot;&quot;,&quot;state&quot;:&quot;&quot;,&quot;zip&quot;:&quot;&quot;}" latitude="37.7448131362383" longitude="-122.452761504469" needs_recoding="false"/></row>