<?xml version="1.0" encoding="UTF-8"?><row _id="12602793" _uuid="128DAACC-A565-4733-A723-8F4C09B7E241" _position="12602793" _address="http://data.sfgov.org/resource/ritf-b9ki/12602793"><incidntnum>150566972</incidntnum><category>WARRANTS</category><descript>ENROUTE TO OUTSIDE JURISDICTION</descript><dayofweek>Monday</dayofweek><date>2015-06-29T00:00:00</date><time>14:10</time><pddistrict>NORTHERN</pddistrict><resolution>ARREST, BOOKED</resolution><address>100 Block of LARKIN ST</address><x>-122.416607695115</x><y>37.7791387543353</y><location human_address="{&quot;address&quot;:&quot;&quot;,&quot;city&quot;:&quot;&quot;,&quot;state&quot;:&quot;&quot;,&quot;zip&quot;:&quot;&quot;}" latitude="37.7791387543353" longitude="-122.416607695115" needs_recoding="false"/></row>