<?xml version="1.0" encoding="UTF-8"?><row _id="12600041" _uuid="21723238-FB65-41CB-8917-0EE656F891D0" _position="12600041" _address="http://data.sfgov.org/resource/ritf-b9ki/12600041"><incidntnum>150566217</incidntnum><category>BURGLARY</category><descript>BURGLARY OF RESIDENCE, UNLAWFUL ENTRY</descript><dayofweek>Tuesday</dayofweek><date>2015-06-23T00:00:00</date><time>18:30</time><pddistrict>PARK</pddistrict><resolution>NONE</resolution><address>1300 Block of COLE ST</address><x>-122.449274747004</x><y>37.7620666703426</y><location human_address="{&quot;address&quot;:&quot;&quot;,&quot;city&quot;:&quot;&quot;,&quot;state&quot;:&quot;&quot;,&quot;zip&quot;:&quot;&quot;}" latitude="37.7620666703426" longitude="-122.449274747004" needs_recoding="false"/></row>