<?xml version="1.0" encoding="UTF-8"?><row _id="12597213" _uuid="84774147-6C18-4B22-811F-068CC3753848" _position="12597213" _address="http://data.sfgov.org/resource/ritf-b9ki/12597213"><incidntnum>150529180</incidntnum><category>NON-CRIMINAL</category><descript>FOUND PROPERTY</descript><dayofweek>Wednesday</dayofweek><date>2015-06-17T00:00:00</date><time>08:00</time><pddistrict>PARK</pddistrict><resolution>NONE</resolution><address>ELLIS ST / BEIDEMAN ST</address><x>-122.438273773467</x><y>37.7816200730279</y><location human_address="{&quot;address&quot;:&quot;&quot;,&quot;city&quot;:&quot;&quot;,&quot;state&quot;:&quot;&quot;,&quot;zip&quot;:&quot;&quot;}" latitude="37.7816200730279" longitude="-122.438273773467" needs_recoding="false"/></row>