<?xml version="1.0" encoding="UTF-8"?><row _id="12600680" _uuid="8E4414E7-DAD9-4480-8DE4-C6906BFB85BC" _position="12600680" _address="http://data.sfgov.org/resource/ritf-b9ki/12600680"><incidntnum>150555179</incidntnum><category>WARRANTS</category><descript>ENROUTE TO OUTSIDE JURISDICTION</descript><dayofweek>Thursday</dayofweek><date>2015-06-25T00:00:00</date><time>22:40</time><pddistrict>NORTHERN</pddistrict><resolution>ARREST, BOOKED</resolution><address>700 Block of LARKIN ST</address><x>-122.417824560275</x><y>37.7844637837491</y><location human_address="{&quot;address&quot;:&quot;&quot;,&quot;city&quot;:&quot;&quot;,&quot;state&quot;:&quot;&quot;,&quot;zip&quot;:&quot;&quot;}" latitude="37.7844637837491" longitude="-122.417824560275" needs_recoding="false"/></row>