<?xml version="1.0" encoding="UTF-8"?><row _id="12601285" _uuid="8029E9D9-C692-4699-BFE2-D8795F844243" _position="12601285" _address="http://data.sfgov.org/resource/ritf-b9ki/12601285"><incidntnum>150565764</incidntnum><category>VEHICLE THEFT</category><descript>STOLEN AUTOMOBILE</descript><dayofweek>Friday</dayofweek><date>2015-06-26T00:00:00</date><time>18:00</time><pddistrict>BAYVIEW</pddistrict><resolution>NONE</resolution><address>1600 Block of MARIPOSA ST</address><x>-122.399551270669</x><y>37.7636221197676</y><location human_address="{&quot;address&quot;:&quot;&quot;,&quot;city&quot;:&quot;&quot;,&quot;state&quot;:&quot;&quot;,&quot;zip&quot;:&quot;&quot;}" latitude="37.7636221197676" longitude="-122.399551270669" needs_recoding="false"/></row>