<?xml version="1.0" encoding="UTF-8"?><row _id="12599348" _uuid="B91983EA-D147-4F62-A7D0-10473C6A5269" _position="12599348" _address="http://data.sfgov.org/resource/ritf-b9ki/12599348"><incidntnum>150554256</incidntnum><category>EMBEZZLEMENT</category><descript>EMBEZZLEMENT (GENERAL)</descript><dayofweek>Sunday</dayofweek><date>2015-06-21T00:00:00</date><time>09:00</time><pddistrict>NORTHERN</pddistrict><resolution>NONE</resolution><address>1600 Block of FILLMORE ST</address><x>-122.433068689791</x><y>37.7847514954484</y><location human_address="{&quot;address&quot;:&quot;&quot;,&quot;city&quot;:&quot;&quot;,&quot;state&quot;:&quot;&quot;,&quot;zip&quot;:&quot;&quot;}" latitude="37.7847514954484" longitude="-122.433068689791" needs_recoding="false"/></row>