<?xml version="1.0" encoding="UTF-8"?><row _id="12598250" _uuid="61CCDA3A-1514-4DAD-89D0-8026CE555DD3" _position="12598250" _address="http://data.sfgov.org/resource/ritf-b9ki/12598250"><incidntnum>150536486</incidntnum><category>MISSING PERSON</category><descript>MISSING ADULT</descript><dayofweek>Friday</dayofweek><date>2015-06-19T00:00:00</date><time>21:40</time><pddistrict>INGLESIDE</pddistrict><resolution>NONE</resolution><address>300 Block of HOLLYPARK CR</address><x>-122.418945605478</x><y>37.7367466279264</y><location human_address="{&quot;address&quot;:&quot;&quot;,&quot;city&quot;:&quot;&quot;,&quot;state&quot;:&quot;&quot;,&quot;zip&quot;:&quot;&quot;}" latitude="37.7367466279264" longitude="-122.418945605478" needs_recoding="false"/></row>