<?xml version="1.0" encoding="UTF-8"?><row _id="12600259" _uuid="9C1B94AE-7AFC-48BF-B57E-9E0B64C76CE5" _position="12600259" _address="http://data.sfgov.org/resource/ritf-b9ki/12600259"><incidntnum>150549940</incidntnum><category>VANDALISM</category><descript>MALICIOUS MISCHIEF, VANDALISM</descript><dayofweek>Wednesday</dayofweek><date>2015-06-24T00:00:00</date><time>12:30</time><pddistrict>RICHMOND</pddistrict><resolution>ARREST, BOOKED</resolution><address>4400 Block of CALIFORNIA ST</address><x>-122.465100930961</x><y>37.7848677303793</y><location human_address="{&quot;address&quot;:&quot;&quot;,&quot;city&quot;:&quot;&quot;,&quot;state&quot;:&quot;&quot;,&quot;zip&quot;:&quot;&quot;}" latitude="37.7848677303793" longitude="-122.465100930961" needs_recoding="false"/></row>