<?xml version="1.0" encoding="UTF-8"?><row _id="12599540" _uuid="798C9AAB-F5F5-4F97-BC4D-D6E2F47F4F3A" _position="12599540" _address="http://data.sfgov.org/resource/ritf-b9ki/12599540"><incidntnum>150542897</incidntnum><category>BURGLARY</category><descript>BURGLARY, HOT PROWL, FORCIBLE ENTRY</descript><dayofweek>Monday</dayofweek><date>2015-06-22T00:00:00</date><time>04:00</time><pddistrict>PARK</pddistrict><resolution>NONE</resolution><address>0 Block of DOWNEY ST</address><x>-122.447444624339</x><y>37.7680138285105</y><location human_address="{&quot;address&quot;:&quot;&quot;,&quot;city&quot;:&quot;&quot;,&quot;state&quot;:&quot;&quot;,&quot;zip&quot;:&quot;&quot;}" latitude="37.7680138285105" longitude="-122.447444624339" needs_recoding="false"/></row>