<?xml version="1.0" encoding="UTF-8"?><row _id="12601560" _uuid="2EC4D90F-A0A8-4A18-90F4-9FF2B0AF48AE" _position="12601560" _address="http://data.sfgov.org/resource/ritf-b9ki/12601560"><incidntnum>156154610</incidntnum><category>LARCENY/THEFT</category><descript>GRAND THEFT FROM LOCKED AUTO</descript><dayofweek>Saturday</dayofweek><date>2015-06-27T00:00:00</date><time>17:00</time><pddistrict>NORTHERN</pddistrict><resolution>NONE</resolution><address>TURK ST / VANNESS AV</address><x>-122.420641893733</x><y>37.7819608221838</y><location human_address="{&quot;address&quot;:&quot;&quot;,&quot;city&quot;:&quot;&quot;,&quot;state&quot;:&quot;&quot;,&quot;zip&quot;:&quot;&quot;}" latitude="37.7819608221838" longitude="-122.420641893733" needs_recoding="false"/></row>