<?xml version="1.0" encoding="UTF-8"?><row _id="12620733" _uuid="FEFD488C-AA4E-4211-B2C6-38B679ECA101" _position="12620733" _address="http://data.sfgov.org/resource/ritf-b9ki/12620733"><incidntnum>156200382</incidntnum><category>NON-CRIMINAL</category><descript>LOST PROPERTY</descript><dayofweek>Tuesday</dayofweek><date>2015-06-30T00:00:00</date><time>20:00</time><pddistrict>SOUTHERN</pddistrict><resolution>NONE</resolution><address>MARKET ST / 2ND ST</address><x>-122.401378067544</x><y>37.7892639310458</y><location human_address="{&quot;address&quot;:&quot;&quot;,&quot;city&quot;:&quot;&quot;,&quot;state&quot;:&quot;&quot;,&quot;zip&quot;:&quot;&quot;}" latitude="37.7892639310458" longitude="-122.401378067544" needs_recoding="false"/></row>