<?xml version="1.0" encoding="UTF-8"?><row _id="12602455" _uuid="8C1F115F-11BC-482F-8C66-B633AD7BCAC8" _position="12602455" _address="http://data.sfgov.org/resource/ritf-b9ki/12602455"><incidntnum>150563445</incidntnum><category>ASSAULT</category><descript>BATTERY WITH SERIOUS INJURIES</descript><dayofweek>Sunday</dayofweek><date>2015-06-28T00:00:00</date><time>15:32</time><pddistrict>NORTHERN</pddistrict><resolution>ARREST, BOOKED</resolution><address>LARKIN ST / MCALLISTER ST</address><x>-122.416948565876</x><y>37.7804689268479</y><location human_address="{&quot;address&quot;:&quot;&quot;,&quot;city&quot;:&quot;&quot;,&quot;state&quot;:&quot;&quot;,&quot;zip&quot;:&quot;&quot;}" latitude="37.7804689268479" longitude="-122.416948565876" needs_recoding="false"/></row>