<?xml version="1.0" encoding="UTF-8"?><row _id="12599757" _uuid="B9360093-B6F1-4C8C-8AD0-D0D4D710058A" _position="12599757" _address="http://data.sfgov.org/resource/ritf-b9ki/12599757"><incidntnum>150546247</incidntnum><category>DRUG/NARCOTIC</category><descript>POSSESSION OF NARCOTICS PARAPHERNALIA</descript><dayofweek>Tuesday</dayofweek><date>2015-06-23T00:00:00</date><time>10:30</time><pddistrict>TENDERLOIN</pddistrict><resolution>ARREST, BOOKED</resolution><address>LEAVENWORTH ST / GOLDEN GATE AV</address><x>-122.413869632554</x><y>37.7818621883021</y><location human_address="{&quot;address&quot;:&quot;&quot;,&quot;city&quot;:&quot;&quot;,&quot;state&quot;:&quot;&quot;,&quot;zip&quot;:&quot;&quot;}" latitude="37.7818621883021" longitude="-122.413869632554" needs_recoding="false"/></row>