<?xml version="1.0" encoding="UTF-8"?><row _id="12600481" _uuid="65CF4034-98D0-4F2C-BC3C-02B30E4093AD" _position="12600481" _address="http://data.sfgov.org/resource/ritf-b9ki/12600481"><incidntnum>150554466</incidntnum><category>OTHER OFFENSES</category><descript>DRIVERS LICENSE, SUSPENDED OR REVOKED</descript><dayofweek>Thursday</dayofweek><date>2015-06-25T00:00:00</date><time>19:20</time><pddistrict>INGLESIDE</pddistrict><resolution>ARREST, BOOKED</resolution><address>GENEVA AV / CAYUGA AV</address><x>-122.443696904615</x><y>37.718927976006</y><location human_address="{&quot;address&quot;:&quot;&quot;,&quot;city&quot;:&quot;&quot;,&quot;state&quot;:&quot;&quot;,&quot;zip&quot;:&quot;&quot;}" latitude="37.718927976006" longitude="-122.443696904615" needs_recoding="false"/></row>