<?xml version="1.0" encoding="UTF-8"?><row _id="12600416" _uuid="835A2B34-4E39-4959-8D2E-1A1CAECF4BC5" _position="12600416" _address="http://data.sfgov.org/resource/ritf-b9ki/12600416"><incidntnum>150552909</incidntnum><category>VEHICLE THEFT</category><descript>STOLEN TRUCK</descript><dayofweek>Wednesday</dayofweek><date>2015-06-24T00:00:00</date><time>19:30</time><pddistrict>INGLESIDE</pddistrict><resolution>NONE</resolution><address>100 Block of CAYUGA AV</address><x>-122.431034010715</x><y>37.7311670263789</y><location human_address="{&quot;address&quot;:&quot;&quot;,&quot;city&quot;:&quot;&quot;,&quot;state&quot;:&quot;&quot;,&quot;zip&quot;:&quot;&quot;}" latitude="37.7311670263789" longitude="-122.431034010715" needs_recoding="false"/></row>