<?xml version="1.0" encoding="UTF-8"?><row _id="12603049" _uuid="E0ACB342-A6DE-4A0B-912F-374F6A7E5929" _position="12603049" _address="http://data.sfgov.org/resource/ritf-b9ki/12603049"><incidntnum>150571589</incidntnum><category>LARCENY/THEFT</category><descript>GRAND THEFT FROM LOCKED AUTO</descript><dayofweek>Tuesday</dayofweek><date>2015-06-30T00:00:00</date><time>19:15</time><pddistrict>TARAVAL</pddistrict><resolution>NONE</resolution><address>3200 Block of 20TH AV</address><x>-122.475647460786</x><y>37.7285280627465</y><location human_address="{&quot;address&quot;:&quot;&quot;,&quot;city&quot;:&quot;&quot;,&quot;state&quot;:&quot;&quot;,&quot;zip&quot;:&quot;&quot;}" latitude="37.7285280627465" longitude="-122.475647460786" needs_recoding="false"/></row>