<?xml version="1.0" encoding="UTF-8"?><row _id="12602143" _uuid="D7E14FAC-C0D2-44A9-BCFC-6A9B05490041" _position="12602143" _address="http://data.sfgov.org/resource/ritf-b9ki/12602143"><incidntnum>156163003</incidntnum><category>LARCENY/THEFT</category><descript>GRAND THEFT FROM LOCKED AUTO</descript><dayofweek>Friday</dayofweek><date>2015-06-26T00:00:00</date><time>18:15</time><pddistrict>SOUTHERN</pddistrict><resolution>NONE</resolution><address>BRYANT ST / MAIN ST</address><x>-122.388784430412</x><y>37.7868979973476</y><location human_address="{&quot;address&quot;:&quot;&quot;,&quot;city&quot;:&quot;&quot;,&quot;state&quot;:&quot;&quot;,&quot;zip&quot;:&quot;&quot;}" latitude="37.7868979973476" longitude="-122.388784430412" needs_recoding="false"/></row>