<?xml version="1.0" encoding="UTF-8"?><row _id="12597134" _uuid="D68FCC6D-311A-45B8-86DF-F876D71264EE" _position="12597134" _address="http://data.sfgov.org/resource/ritf-b9ki/12597134"><incidntnum>150527037</incidntnum><category>SUSPICIOUS OCC</category><descript>INVESTIGATIVE DETENTION</descript><dayofweek>Tuesday</dayofweek><date>2015-06-16T00:00:00</date><time>21:00</time><pddistrict>MISSION</pddistrict><resolution>NONE</resolution><address>19TH ST / MISSION ST</address><x>-122.419208249507</x><y>37.7602340753605</y><location human_address="{&quot;address&quot;:&quot;&quot;,&quot;city&quot;:&quot;&quot;,&quot;state&quot;:&quot;&quot;,&quot;zip&quot;:&quot;&quot;}" latitude="37.7602340753605" longitude="-122.419208249507" needs_recoding="false"/></row>