<?xml version="1.0" encoding="UTF-8"?><row _id="12597384" _uuid="FB6320FD-0CDA-4F2F-98B6-F1E388F2A1B5" _position="12597384" _address="http://data.sfgov.org/resource/ritf-b9ki/12597384"><incidntnum>150530507</incidntnum><category>FORGERY/COUNTERFEITING</category><descript>COUNTERFEITING, POSSESSION COINS OR NOTES</descript><dayofweek>Wednesday</dayofweek><date>2015-06-17T00:00:00</date><time>22:17</time><pddistrict>NORTHERN</pddistrict><resolution>NONE</resolution><address>2000 Block of VANNESS AV</address><x>-122.423310664521</x><y>37.7943634859292</y><location human_address="{&quot;address&quot;:&quot;&quot;,&quot;city&quot;:&quot;&quot;,&quot;state&quot;:&quot;&quot;,&quot;zip&quot;:&quot;&quot;}" latitude="37.7943634859292" longitude="-122.423310664521" needs_recoding="false"/></row>