<?xml version="1.0" encoding="UTF-8"?><row _id="12598491" _uuid="91D2419C-B1C5-494E-83E3-A78BE3484B0F" _position="12598491" _address="http://data.sfgov.org/resource/ritf-b9ki/12598491"><incidntnum>150542643</incidntnum><category>LARCENY/THEFT</category><descript>ATTEMPTED THEFT FROM LOCKED VEHICLE</descript><dayofweek>Saturday</dayofweek><date>2015-06-20T00:00:00</date><time>17:30</time><pddistrict>RICHMOND</pddistrict><resolution>NONE</resolution><address>29TH AV / CABRILLO ST</address><x>-122.488607030263</x><y>37.7742385643921</y><location human_address="{&quot;address&quot;:&quot;&quot;,&quot;city&quot;:&quot;&quot;,&quot;state&quot;:&quot;&quot;,&quot;zip&quot;:&quot;&quot;}" latitude="37.7742385643921" longitude="-122.488607030263" needs_recoding="false"/></row>