<?xml version="1.0" encoding="UTF-8"?><row _id="12598832" _uuid="CBECF6B8-3C2A-41A0-84E8-6D3D3921BD9E" _position="12598832" _address="http://data.sfgov.org/resource/ritf-b9ki/12598832"><incidntnum>150538711</incidntnum><category>LARCENY/THEFT</category><descript>THEFT FROM MERCHANT OR LIBRARY</descript><dayofweek>Saturday</dayofweek><date>2015-06-20T00:00:00</date><time>18:30</time><pddistrict>BAYVIEW</pddistrict><resolution>NONE</resolution><address>2400 Block of SAN BRUNO AV</address><x>-122.404715339655</x><y>37.7301607832628</y><location human_address="{&quot;address&quot;:&quot;&quot;,&quot;city&quot;:&quot;&quot;,&quot;state&quot;:&quot;&quot;,&quot;zip&quot;:&quot;&quot;}" latitude="37.7301607832628" longitude="-122.404715339655" needs_recoding="false"/></row>