<?xml version="1.0" encoding="UTF-8"?><row _id="12596501" _uuid="BB4489AC-3C8E-4181-BA33-C0E3EB7CE4B8" _position="12596501" _address="http://data.sfgov.org/resource/ritf-b9ki/12596501"><incidntnum>150524754</incidntnum><category>LARCENY/THEFT</category><descript>GRAND THEFT FROM LOCKED AUTO</descript><dayofweek>Monday</dayofweek><date>2015-06-15T00:00:00</date><time>17:00</time><pddistrict>PARK</pddistrict><resolution>NONE</resolution><address>1500 Block of FULTON ST</address><x>-122.44233710341</x><y>37.7763827691209</y><location human_address="{&quot;address&quot;:&quot;&quot;,&quot;city&quot;:&quot;&quot;,&quot;state&quot;:&quot;&quot;,&quot;zip&quot;:&quot;&quot;}" latitude="37.7763827691209" longitude="-122.44233710341" needs_recoding="false"/></row>