<?xml version="1.0" encoding="UTF-8"?><row _id="12602215" _uuid="58790D4F-5298-4A05-974C-289E08151637" _position="12602215" _address="http://data.sfgov.org/resource/ritf-b9ki/12602215"><incidntnum>150562403</incidntnum><category>NON-CRIMINAL</category><descript>AIDED CASE, MENTAL DISTURBED</descript><dayofweek>Sunday</dayofweek><date>2015-06-28T00:00:00</date><time>09:50</time><pddistrict>NORTHERN</pddistrict><resolution>NONE</resolution><address>600 Block of LAGUNA ST</address><x>-122.4263385052</x><y>37.7771737645216</y><location human_address="{&quot;address&quot;:&quot;&quot;,&quot;city&quot;:&quot;&quot;,&quot;state&quot;:&quot;&quot;,&quot;zip&quot;:&quot;&quot;}" latitude="37.7771737645216" longitude="-122.4263385052" needs_recoding="false"/></row>