<?xml version="1.0" encoding="UTF-8"?><row _id="12608402" _uuid="3582B33B-272A-44F1-9B6E-74FCE6365D97" _position="12608402" _address="http://data.sfgov.org/resource/ritf-b9ki/12608402"><incidntnum>150610870</incidntnum><category>OTHER OFFENSES</category><descript>DRIVERS LICENSE, SUSPENDED OR REVOKED</descript><dayofweek>Monday</dayofweek><date>2015-07-13T00:00:00</date><time>18:34</time><pddistrict>SOUTHERN</pddistrict><resolution>ARREST, BOOKED</resolution><address>7TH ST / MARKET ST</address><x>-122.412515341356</x><y>37.7804777480508</y><location human_address="{&quot;address&quot;:&quot;&quot;,&quot;city&quot;:&quot;&quot;,&quot;state&quot;:&quot;&quot;,&quot;zip&quot;:&quot;&quot;}" latitude="37.7804777480508" longitude="-122.412515341356" needs_recoding="false"/></row>