<?xml version="1.0" encoding="UTF-8"?><row _id="12597511" _uuid="479C6ED8-CA7A-485D-82A9-63C7C2264920" _position="12597511" _address="http://data.sfgov.org/resource/ritf-b9ki/12597511"><incidntnum>150530892</incidntnum><category>OTHER OFFENSES</category><descript>TRAFFIC VIOLATION ARREST</descript><dayofweek>Thursday</dayofweek><date>2015-06-18T00:00:00</date><time>01:46</time><pddistrict>MISSION</pddistrict><resolution>ARREST, BOOKED</resolution><address>18TH ST / MISSION ST</address><x>-122.419360352761</x><y>37.7618358012376</y><location human_address="{&quot;address&quot;:&quot;&quot;,&quot;city&quot;:&quot;&quot;,&quot;state&quot;:&quot;&quot;,&quot;zip&quot;:&quot;&quot;}" latitude="37.7618358012376" longitude="-122.419360352761" needs_recoding="false"/></row>