<?xml version="1.0" encoding="UTF-8"?><row _id="12634564" _uuid="83D946CB-0666-45F4-9FF9-694BF6BECB54" _position="12634564" _address="http://data.sfgov.org/resource/ritf-b9ki/12634564"><incidntnum>150546899</incidntnum><category>NON-CRIMINAL</category><descript>CASE CLOSURE</descript><dayofweek>Tuesday</dayofweek><date>2015-06-23T00:00:00</date><time>13:04</time><pddistrict>MISSION</pddistrict><resolution>EXCEPTIONAL CLEARANCE</resolution><address>1000 Block of POTRERO AV</address><x>-122.406539115148</x><y>37.7564864109309</y><location human_address="{&quot;address&quot;:&quot;&quot;,&quot;city&quot;:&quot;&quot;,&quot;state&quot;:&quot;&quot;,&quot;zip&quot;:&quot;&quot;}" latitude="37.7564864109309" longitude="-122.406539115148" needs_recoding="false"/></row>