<?xml version="1.0" encoding="UTF-8"?><row _id="12599578" _uuid="93A82B0F-7374-4534-B8A9-561EE12DA073" _position="12599578" _address="http://data.sfgov.org/resource/ritf-b9ki/12599578"><incidntnum>150543970</incidntnum><category>MISSING PERSON</category><descript>MISSING ADULT</descript><dayofweek>Monday</dayofweek><date>2015-06-22T00:00:00</date><time>15:24</time><pddistrict>BAYVIEW</pddistrict><resolution>NONE</resolution><address>0 Block of DOUBLEROCK ST</address><x>-122.387775002515</x><y>37.7204658651293</y><location human_address="{&quot;address&quot;:&quot;&quot;,&quot;city&quot;:&quot;&quot;,&quot;state&quot;:&quot;&quot;,&quot;zip&quot;:&quot;&quot;}" latitude="37.7204658651293" longitude="-122.387775002515" needs_recoding="false"/></row>