<?xml version="1.0" encoding="UTF-8"?><row _id="12596889" _uuid="21B3003F-4926-447D-BC10-262614D82091" _position="12596889" _address="http://data.sfgov.org/resource/ritf-b9ki/12596889"><incidntnum>156144730</incidntnum><category>LARCENY/THEFT</category><descript>GRAND THEFT FROM UNLOCKED AUTO</descript><dayofweek>Tuesday</dayofweek><date>2015-06-16T00:00:00</date><time>18:20</time><pddistrict>NORTHERN</pddistrict><resolution>NONE</resolution><address>OAK ST / WEBSTER ST</address><x>-122.429178876168</x><y>37.7741822530143</y><location human_address="{&quot;address&quot;:&quot;&quot;,&quot;city&quot;:&quot;&quot;,&quot;state&quot;:&quot;&quot;,&quot;zip&quot;:&quot;&quot;}" latitude="37.7741822530143" longitude="-122.429178876168" needs_recoding="false"/></row>