<?xml version="1.0" encoding="UTF-8"?><row _id="12597817" _uuid="AE8DE324-405B-42B6-8F73-D2AE045B6A3A" _position="12597817" _address="http://data.sfgov.org/resource/ritf-b9ki/12597817"><incidntnum>150534264</incidntnum><category>LARCENY/THEFT</category><descript>ATTEMPTED THEFT FROM LOCKED VEHICLE</descript><dayofweek>Thursday</dayofweek><date>2015-06-18T00:00:00</date><time>19:00</time><pddistrict>NORTHERN</pddistrict><resolution>NONE</resolution><address>1600 Block of POST ST</address><x>-122.428969462908</x><y>37.7856179045546</y><location human_address="{&quot;address&quot;:&quot;&quot;,&quot;city&quot;:&quot;&quot;,&quot;state&quot;:&quot;&quot;,&quot;zip&quot;:&quot;&quot;}" latitude="37.7856179045546" longitude="-122.428969462908" needs_recoding="false"/></row>