<?xml version="1.0" encoding="UTF-8"?><row _id="12597107" _uuid="E544F4FF-0384-4024-981A-2BD53ADD1799" _position="12597107" _address="http://data.sfgov.org/resource/ritf-b9ki/12597107"><incidntnum>150526932</incidntnum><category>SECONDARY CODES</category><descript>DOMESTIC VIOLENCE</descript><dayofweek>Tuesday</dayofweek><date>2015-06-16T00:00:00</date><time>18:30</time><pddistrict>TARAVAL</pddistrict><resolution>NONE</resolution><address>0 Block of HOMEWOOD CT</address><x>-122.460693704334</x><y>37.7278668563832</y><location human_address="{&quot;address&quot;:&quot;&quot;,&quot;city&quot;:&quot;&quot;,&quot;state&quot;:&quot;&quot;,&quot;zip&quot;:&quot;&quot;}" latitude="37.7278668563832" longitude="-122.460693704334" needs_recoding="false"/></row>