<?xml version="1.0" encoding="UTF-8"?><row _id="12610785" _uuid="7060E50A-11B7-4537-80BC-30497720CB5D" _position="12610785" _address="http://data.sfgov.org/resource/ritf-b9ki/12610785"><incidntnum>150565413</incidntnum><category>SECONDARY CODES</category><descript>JUVENILE INVOLVED</descript><dayofweek>Monday</dayofweek><date>2015-06-29T00:00:00</date><time>00:50</time><pddistrict>INGLESIDE</pddistrict><resolution>NONE</resolution><address>100 Block of PERSIA AV</address><x>-122.434764286692</x><y>37.7226161363136</y><location human_address="{&quot;address&quot;:&quot;&quot;,&quot;city&quot;:&quot;&quot;,&quot;state&quot;:&quot;&quot;,&quot;zip&quot;:&quot;&quot;}" latitude="37.7226161363136" longitude="-122.434764286692" needs_recoding="false"/></row>