<?xml version="1.0" encoding="UTF-8"?><row _id="12598395" _uuid="C5D28053-D625-48AF-89D4-A763C2100EA8" _position="12598395" _address="http://data.sfgov.org/resource/ritf-b9ki/12598395"><incidntnum>150538589</incidntnum><category>LARCENY/THEFT</category><descript>PETTY THEFT FROM LOCKED AUTO</descript><dayofweek>Saturday</dayofweek><date>2015-06-20T00:00:00</date><time>15:00</time><pddistrict>BAYVIEW</pddistrict><resolution>NONE</resolution><address>FAIRFAX AV / MENDELL ST</address><x>-122.385284373695</x><y>37.7402402179507</y><location human_address="{&quot;address&quot;:&quot;&quot;,&quot;city&quot;:&quot;&quot;,&quot;state&quot;:&quot;&quot;,&quot;zip&quot;:&quot;&quot;}" latitude="37.7402402179507" longitude="-122.385284373695" needs_recoding="false"/></row>