<?xml version="1.0" encoding="UTF-8"?><row _id="12600541" _uuid="34DB61C8-A864-46BE-9B6A-B1B45082B670" _position="12600541" _address="http://data.sfgov.org/resource/ritf-b9ki/12600541"><incidntnum>150564716</incidntnum><category>SECONDARY CODES</category><descript>DOMESTIC VIOLENCE</descript><dayofweek>Saturday</dayofweek><date>2015-06-20T00:00:00</date><time>19:00</time><pddistrict>PARK</pddistrict><resolution>NONE</resolution><address>BUENAVISTAEAST AV / HAIGHT ST</address><x>-122.440359655894</x><y>37.7708480203633</y><location human_address="{&quot;address&quot;:&quot;&quot;,&quot;city&quot;:&quot;&quot;,&quot;state&quot;:&quot;&quot;,&quot;zip&quot;:&quot;&quot;}" latitude="37.7708480203633" longitude="-122.440359655894" needs_recoding="false"/></row>