<?xml version="1.0" encoding="UTF-8"?><row _id="12596947" _uuid="1BD523DE-5604-4A31-BC28-99A361CE499F" _position="12596947" _address="http://data.sfgov.org/resource/ritf-b9ki/12596947"><incidntnum>150527112</incidntnum><category>NON-CRIMINAL</category><descript>AIDED CASE, MENTAL DISTURBED</descript><dayofweek>Tuesday</dayofweek><date>2015-06-16T00:00:00</date><time>21:50</time><pddistrict>TENDERLOIN</pddistrict><resolution>NONE</resolution><address>400 Block of ELLIS ST</address><x>-122.413631253258</x><y>37.7848053746211</y><location human_address="{&quot;address&quot;:&quot;&quot;,&quot;city&quot;:&quot;&quot;,&quot;state&quot;:&quot;&quot;,&quot;zip&quot;:&quot;&quot;}" latitude="37.7848053746211" longitude="-122.413631253258" needs_recoding="false"/></row>