<?xml version="1.0" encoding="UTF-8"?><row _id="12613836" _uuid="4E16084F-A75E-4AA3-BE6B-D57D624F52CF" _position="12613836" _address="http://data.sfgov.org/resource/ritf-b9ki/12613836"><incidntnum>150671214</incidntnum><category>EXTORTION</category><descript>EXTORTION</descript><dayofweek>Saturday</dayofweek><date>2015-06-20T00:00:00</date><time>11:00</time><pddistrict>CENTRAL</pddistrict><resolution>NONE</resolution><address>300 Block of THE EMBARCADERONORTH ST</address><x>-122.396374439116</x><y>37.7980532528058</y><location human_address="{&quot;address&quot;:&quot;&quot;,&quot;city&quot;:&quot;&quot;,&quot;state&quot;:&quot;&quot;,&quot;zip&quot;:&quot;&quot;}" latitude="37.7980532528058" longitude="-122.396374439116" needs_recoding="false"/></row>