<?xml version="1.0" encoding="UTF-8"?><row _id="12600664" _uuid="9D38F474-C65D-4C5F-8300-21657AAAAE81" _position="12600664" _address="http://data.sfgov.org/resource/ritf-b9ki/12600664"><incidntnum>150554143</incidntnum><category>NON-CRIMINAL</category><descript>AIDED CASE, MENTAL DISTURBED</descript><dayofweek>Thursday</dayofweek><date>2015-06-25T00:00:00</date><time>17:30</time><pddistrict>SOUTHERN</pddistrict><resolution>NONE</resolution><address>1500 Block of MISSION ST</address><x>-122.417975390351</x><y>37.7737509379648</y><location human_address="{&quot;address&quot;:&quot;&quot;,&quot;city&quot;:&quot;&quot;,&quot;state&quot;:&quot;&quot;,&quot;zip&quot;:&quot;&quot;}" latitude="37.7737509379648" longitude="-122.417975390351" needs_recoding="false"/></row>