<?xml version="1.0" encoding="UTF-8"?><row _id="12598158" _uuid="FE01EA37-5851-4904-9A11-16E980105AB1" _position="12598158" _address="http://data.sfgov.org/resource/ritf-b9ki/12598158"><incidntnum>150534123</incidntnum><category>WARRANTS</category><descript>WARRANT ARREST</descript><dayofweek>Friday</dayofweek><date>2015-06-19T00:00:00</date><time>06:00</time><pddistrict>TENDERLOIN</pddistrict><resolution>ARREST, BOOKED</resolution><address>300 Block of EDDY ST</address><x>-122.412930522059</x><y>37.7838344374141</y><location human_address="{&quot;address&quot;:&quot;&quot;,&quot;city&quot;:&quot;&quot;,&quot;state&quot;:&quot;&quot;,&quot;zip&quot;:&quot;&quot;}" latitude="37.7838344374141" longitude="-122.412930522059" needs_recoding="false"/></row>