<?xml version="1.0" encoding="UTF-8"?><row _id="12601485" _uuid="6CAA4C97-384B-4240-AE65-9474D7A19B76" _position="12601485" _address="http://data.sfgov.org/resource/ritf-b9ki/12601485"><incidntnum>150561132</incidntnum><category>WARRANTS</category><descript>WARRANT ARREST</descript><dayofweek>Saturday</dayofweek><date>2015-06-27T00:00:00</date><time>21:41</time><pddistrict>MISSION</pddistrict><resolution>ARREST, BOOKED</resolution><address>MARKET ST / SANCHEZ ST</address><x>-122.431028702713</x><y>37.7658672394532</y><location human_address="{&quot;address&quot;:&quot;&quot;,&quot;city&quot;:&quot;&quot;,&quot;state&quot;:&quot;&quot;,&quot;zip&quot;:&quot;&quot;}" latitude="37.7658672394532" longitude="-122.431028702713" needs_recoding="false"/></row>