<?xml version="1.0" encoding="UTF-8"?><row _id="12597885" _uuid="D33EC44B-E025-42BA-AC89-0263CD9C767B" _position="12597885" _address="http://data.sfgov.org/resource/ritf-b9ki/12597885"><incidntnum>150530955</incidntnum><category>NON-CRIMINAL</category><descript>LOST PROPERTY</descript><dayofweek>Thursday</dayofweek><date>2015-06-18T00:00:00</date><time>02:00</time><pddistrict>TARAVAL</pddistrict><resolution>NONE</resolution><address>500 Block of JOHNMUIR DR</address><x>-122.49206801734</x><y>37.7143615498756</y><location human_address="{&quot;address&quot;:&quot;&quot;,&quot;city&quot;:&quot;&quot;,&quot;state&quot;:&quot;&quot;,&quot;zip&quot;:&quot;&quot;}" latitude="37.7143615498756" longitude="-122.49206801734" needs_recoding="false"/></row>