<?xml version="1.0" encoding="UTF-8"?><row _id="12600539" _uuid="18032CE7-D4A1-4A89-8AD8-206B002E307C" _position="12600539" _address="http://data.sfgov.org/resource/ritf-b9ki/12600539"><incidntnum>150557802</incidntnum><category>ASSAULT</category><descript>BATTERY</descript><dayofweek>Thursday</dayofweek><date>2015-06-25T00:00:00</date><time>12:00</time><pddistrict>TENDERLOIN</pddistrict><resolution>NONE</resolution><address>JONES ST / GOLDEN GATE AV</address><x>-122.412224164736</x><y>37.7820729312029</y><location human_address="{&quot;address&quot;:&quot;&quot;,&quot;city&quot;:&quot;&quot;,&quot;state&quot;:&quot;&quot;,&quot;zip&quot;:&quot;&quot;}" latitude="37.7820729312029" longitude="-122.412224164736" needs_recoding="false"/></row>