<?xml version="1.0" encoding="UTF-8"?><row _id="12597594" _uuid="8493459B-E360-42E4-87C0-B15DB5C3FF21" _position="12597594" _address="http://data.sfgov.org/resource/ritf-b9ki/12597594"><incidntnum>150534333</incidntnum><category>VEHICLE THEFT</category><descript>STOLEN TRUCK</descript><dayofweek>Thursday</dayofweek><date>2015-06-18T00:00:00</date><time>20:30</time><pddistrict>BAYVIEW</pddistrict><resolution>NONE</resolution><address>INGALLS ST / SHAFTER AV</address><x>-122.385122491627</x><y>37.7278597168875</y><location human_address="{&quot;address&quot;:&quot;&quot;,&quot;city&quot;:&quot;&quot;,&quot;state&quot;:&quot;&quot;,&quot;zip&quot;:&quot;&quot;}" latitude="37.7278597168875" longitude="-122.385122491627" needs_recoding="false"/></row>