<?xml version="1.0" encoding="UTF-8"?><row _id="12597109" _uuid="CBD57F51-EE76-461A-9BD7-92E153333245" _position="12597109" _address="http://data.sfgov.org/resource/ritf-b9ki/12597109"><incidntnum>150529196</incidntnum><category>BURGLARY</category><descript>BURGLARY, HOT PROWL, FORCIBLE ENTRY</descript><dayofweek>Tuesday</dayofweek><date>2015-06-16T00:00:00</date><time>22:00</time><pddistrict>RICHMOND</pddistrict><resolution>NONE</resolution><address>100 Block of 20TH AV</address><x>-122.479647909386</x><y>37.7850393297948</y><location human_address="{&quot;address&quot;:&quot;&quot;,&quot;city&quot;:&quot;&quot;,&quot;state&quot;:&quot;&quot;,&quot;zip&quot;:&quot;&quot;}" latitude="37.7850393297948" longitude="-122.479647909386" needs_recoding="false"/></row>