<?xml version="1.0" encoding="UTF-8"?><row _id="12598152" _uuid="A786611B-7D7A-4293-8367-EC6C186C78B7" _position="12598152" _address="http://data.sfgov.org/resource/ritf-b9ki/12598152"><incidntnum>150538391</incidntnum><category>FRAUD</category><descript>FRAUDULENT USE OF AUTOMATED TELLER CARD</descript><dayofweek>Friday</dayofweek><date>2015-06-19T00:00:00</date><time>18:29</time><pddistrict>BAYVIEW</pddistrict><resolution>NONE</resolution><address>1200 Block of 3RD ST</address><x>-122.389517648036</x><y>37.7724682400061</y><location human_address="{&quot;address&quot;:&quot;&quot;,&quot;city&quot;:&quot;&quot;,&quot;state&quot;:&quot;&quot;,&quot;zip&quot;:&quot;&quot;}" latitude="37.7724682400061" longitude="-122.389517648036" needs_recoding="false"/></row>