<?xml version="1.0" encoding="UTF-8"?><row _id="12598365" _uuid="BA38CD45-9D5B-48C9-975F-7E9BDEE6FEDA" _position="12598365" _address="http://data.sfgov.org/resource/ritf-b9ki/12598365"><incidntnum>150536157</incidntnum><category>SUSPICIOUS OCC</category><descript>INVESTIGATIVE DETENTION</descript><dayofweek>Friday</dayofweek><date>2015-06-19T00:00:00</date><time>20:32</time><pddistrict>BAYVIEW</pddistrict><resolution>NONE</resolution><address>1400 Block of KANSAS ST</address><x>-122.402316839735</x><y>37.7512533511923</y><location human_address="{&quot;address&quot;:&quot;&quot;,&quot;city&quot;:&quot;&quot;,&quot;state&quot;:&quot;&quot;,&quot;zip&quot;:&quot;&quot;}" latitude="37.7512533511923" longitude="-122.402316839735" needs_recoding="false"/></row>