<?xml version="1.0" encoding="UTF-8"?><row _id="12597211" _uuid="2A176320-C08D-4320-8E50-2316E6B7AE16" _position="12597211" _address="http://data.sfgov.org/resource/ritf-b9ki/12597211"><incidntnum>150529146</incidntnum><category>NON-CRIMINAL</category><descript>AIDED CASE</descript><dayofweek>Wednesday</dayofweek><date>2015-06-17T00:00:00</date><time>14:29</time><pddistrict>PARK</pddistrict><resolution>NONE</resolution><address>DIVISADERO ST / EDDY ST</address><x>-122.438928631199</x><y>37.7805874490401</y><location human_address="{&quot;address&quot;:&quot;&quot;,&quot;city&quot;:&quot;&quot;,&quot;state&quot;:&quot;&quot;,&quot;zip&quot;:&quot;&quot;}" latitude="37.7805874490401" longitude="-122.438928631199" needs_recoding="false"/></row>