<?xml version="1.0" encoding="UTF-8"?><row _id="12601398" _uuid="2CF9AADA-A3C5-4A1E-80F6-F0B70157C330" _position="12601398" _address="http://data.sfgov.org/resource/ritf-b9ki/12601398"><incidntnum>150555583</incidntnum><category>SUSPICIOUS OCC</category><descript>INVESTIGATIVE DETENTION</descript><dayofweek>Friday</dayofweek><date>2015-06-26T00:00:00</date><time>07:48</time><pddistrict>BAYVIEW</pddistrict><resolution>NONE</resolution><address>19TH ST / 3RD ST</address><x>-122.388688712361</x><y>37.7617681628871</y><location human_address="{&quot;address&quot;:&quot;&quot;,&quot;city&quot;:&quot;&quot;,&quot;state&quot;:&quot;&quot;,&quot;zip&quot;:&quot;&quot;}" latitude="37.7617681628871" longitude="-122.388688712361" needs_recoding="false"/></row>