<?xml version="1.0" encoding="UTF-8"?><row _id="12602927" _uuid="948BCA80-0AE9-489E-AE89-F53C71EFB1D2" _position="12602927" _address="http://data.sfgov.org/resource/ritf-b9ki/12602927"><incidntnum>150571799</incidntnum><category>LARCENY/THEFT</category><descript>GRAND THEFT OF PROPERTY</descript><dayofweek>Tuesday</dayofweek><date>2015-06-30T00:00:00</date><time>17:20</time><pddistrict>SOUTHERN</pddistrict><resolution>NONE</resolution><address>0 Block of 3RD ST</address><x>-122.402835528142</x><y>37.7868009028384</y><location human_address="{&quot;address&quot;:&quot;&quot;,&quot;city&quot;:&quot;&quot;,&quot;state&quot;:&quot;&quot;,&quot;zip&quot;:&quot;&quot;}" latitude="37.7868009028384" longitude="-122.402835528142" needs_recoding="false"/></row>