<?xml version="1.0" encoding="UTF-8"?><row _id="12599143" _uuid="9570462F-E77A-40E7-9E2F-7DE42FE03AE2" _position="12599143" _address="http://data.sfgov.org/resource/ritf-b9ki/12599143"><incidntnum>150542148</incidntnum><category>MISSING PERSON</category><descript>FOUND PERSON</descript><dayofweek>Sunday</dayofweek><date>2015-06-21T00:00:00</date><time>23:30</time><pddistrict>TARAVAL</pddistrict><resolution>NONE</resolution><address>1800 Block of VICENTE ST</address><x>-122.48560378101</x><y>37.7388214326705</y><location human_address="{&quot;address&quot;:&quot;&quot;,&quot;city&quot;:&quot;&quot;,&quot;state&quot;:&quot;&quot;,&quot;zip&quot;:&quot;&quot;}" latitude="37.7388214326705" longitude="-122.48560378101" needs_recoding="false"/></row>