<?xml version="1.0" encoding="UTF-8"?><row _id="12597183" _uuid="9A630061-3EFC-4425-8965-769D32D8C47C" _position="12597183" _address="http://data.sfgov.org/resource/ritf-b9ki/12597183"><incidntnum>150529174</incidntnum><category>OTHER OFFENSES</category><descript>DRIVERS LICENSE, SUSPENDED OR REVOKED</descript><dayofweek>Wednesday</dayofweek><date>2015-06-17T00:00:00</date><time>15:11</time><pddistrict>TENDERLOIN</pddistrict><resolution>ARREST, BOOKED</resolution><address>ELLIS ST / MASON ST</address><x>-122.409499861107</x><y>37.7852842684318</y><location human_address="{&quot;address&quot;:&quot;&quot;,&quot;city&quot;:&quot;&quot;,&quot;state&quot;:&quot;&quot;,&quot;zip&quot;:&quot;&quot;}" latitude="37.7852842684318" longitude="-122.409499861107" needs_recoding="false"/></row>