<?xml version="1.0" encoding="UTF-8"?><row _id="12597402" _uuid="93AF3178-F8B2-4F53-93DE-BDBA31625909" _position="12597402" _address="http://data.sfgov.org/resource/ritf-b9ki/12597402"><incidntnum>150528273</incidntnum><category>MISSING PERSON</category><descript>MISSING ADULT</descript><dayofweek>Wednesday</dayofweek><date>2015-06-17T00:00:00</date><time>01:00</time><pddistrict>PARK</pddistrict><resolution>NONE</resolution><address>0 Block of SHRADER ST</address><x>-122.452839772389</x><y>37.7745145380854</y><location human_address="{&quot;address&quot;:&quot;&quot;,&quot;city&quot;:&quot;&quot;,&quot;state&quot;:&quot;&quot;,&quot;zip&quot;:&quot;&quot;}" latitude="37.7745145380854" longitude="-122.452839772389" needs_recoding="false"/></row>