<?xml version="1.0" encoding="UTF-8"?><row _id="12601005" _uuid="21FE8470-CCFF-4BC5-9794-EB522B3794E3" _position="12601005" _address="http://data.sfgov.org/resource/ritf-b9ki/12601005"><incidntnum>156154018</incidntnum><category>LARCENY/THEFT</category><descript>GRAND THEFT OF PROPERTY</descript><dayofweek>Friday</dayofweek><date>2015-06-26T00:00:00</date><time>17:35</time><pddistrict>NORTHERN</pddistrict><resolution>NONE</resolution><address>GEARY ST / VANNESS AV</address><x>-122.421395819115</x><y>37.7856843389472</y><location human_address="{&quot;address&quot;:&quot;&quot;,&quot;city&quot;:&quot;&quot;,&quot;state&quot;:&quot;&quot;,&quot;zip&quot;:&quot;&quot;}" latitude="37.7856843389472" longitude="-122.421395819115" needs_recoding="false"/></row>