<?xml version="1.0" encoding="UTF-8"?><row _id="12599792" _uuid="36544AAB-82FD-449B-B7AD-9D7571DF280E" _position="12599792" _address="http://data.sfgov.org/resource/ritf-b9ki/12599792"><incidntnum>156151810</incidntnum><category>LARCENY/THEFT</category><descript>GRAND THEFT FROM LOCKED AUTO</descript><dayofweek>Tuesday</dayofweek><date>2015-06-23T00:00:00</date><time>21:18</time><pddistrict>RICHMOND</pddistrict><resolution>NONE</resolution><address>LINCOLN WY / 9TH AV</address><x>-122.466442684206</x><y>37.7659245297691</y><location human_address="{&quot;address&quot;:&quot;&quot;,&quot;city&quot;:&quot;&quot;,&quot;state&quot;:&quot;&quot;,&quot;zip&quot;:&quot;&quot;}" latitude="37.7659245297691" longitude="-122.466442684206" needs_recoding="false"/></row>