<?xml version="1.0" encoding="UTF-8"?><row _id="12597159" _uuid="4A3ACF63-E717-45C0-98C0-C77CDFB89B5E" _position="12597159" _address="http://data.sfgov.org/resource/ritf-b9ki/12597159"><incidntnum>150526722</incidntnum><category>OTHER OFFENSES</category><descript>TOBACCO PRODUCTS, SELLING OR FURNISHING TO MINOR</descript><dayofweek>Tuesday</dayofweek><date>2015-06-16T00:00:00</date><time>18:50</time><pddistrict>MISSION</pddistrict><resolution>ARREST, BOOKED</resolution><address>400 Block of CAPP ST</address><x>-122.417970955091</x><y>37.7594884557036</y><location human_address="{&quot;address&quot;:&quot;&quot;,&quot;city&quot;:&quot;&quot;,&quot;state&quot;:&quot;&quot;,&quot;zip&quot;:&quot;&quot;}" latitude="37.7594884557036" longitude="-122.417970955091" needs_recoding="false"/></row>