<?xml version="1.0" encoding="UTF-8"?><row _id="12601404" _uuid="6130190E-9FBF-4596-A73E-44A4F02E1107" _position="12601404" _address="http://data.sfgov.org/resource/ritf-b9ki/12601404"><incidntnum>150557830</incidntnum><category>VANDALISM</category><descript>VANDALISM OR GRAFFITI TOOLS, POSSESSION</descript><dayofweek>Friday</dayofweek><date>2015-06-26T00:00:00</date><time>21:13</time><pddistrict>SOUTHERN</pddistrict><resolution>ARREST, BOOKED</resolution><address>2ND ST / HARRISON ST</address><x>-122.395163154488</x><y>37.7843096998676</y><location human_address="{&quot;address&quot;:&quot;&quot;,&quot;city&quot;:&quot;&quot;,&quot;state&quot;:&quot;&quot;,&quot;zip&quot;:&quot;&quot;}" latitude="37.7843096998676" longitude="-122.395163154488" needs_recoding="false"/></row>