<?xml version="1.0" encoding="UTF-8"?><row _id="12597174" _uuid="B6AAC3E9-06F5-48D3-BF98-7D172C5F2FBF" _position="12597174" _address="http://data.sfgov.org/resource/ritf-b9ki/12597174"><incidntnum>150529920</incidntnum><category>VANDALISM</category><descript>MALICIOUS MISCHIEF, VANDALISM OF VEHICLES</descript><dayofweek>Wednesday</dayofweek><date>2015-06-17T00:00:00</date><time>13:15</time><pddistrict>BAYVIEW</pddistrict><resolution>NONE</resolution><address>MENDELL ST / WILLIAMS AV</address><x>-122.394888208756</x><y>37.7295846900095</y><location human_address="{&quot;address&quot;:&quot;&quot;,&quot;city&quot;:&quot;&quot;,&quot;state&quot;:&quot;&quot;,&quot;zip&quot;:&quot;&quot;}" latitude="37.7295846900095" longitude="-122.394888208756" needs_recoding="false"/></row>