<?xml version="1.0" encoding="UTF-8"?><row _id="12596592" _uuid="C707F03B-9AA6-4AA3-8D27-E124DAE2DC74" _position="12596592" _address="http://data.sfgov.org/resource/ritf-b9ki/12596592"><incidntnum>150524516</incidntnum><category>FORGERY/COUNTERFEITING</category><descript>MONEY, CHANGING FACE AMOUNT</descript><dayofweek>Monday</dayofweek><date>2015-06-15T00:00:00</date><time>19:05</time><pddistrict>CENTRAL</pddistrict><resolution>UNFOUNDED</resolution><address>1600 Block of THE EMBARCADERONORTH ST</address><x>-122.410774214375</x><y>37.8084350175869</y><location human_address="{&quot;address&quot;:&quot;&quot;,&quot;city&quot;:&quot;&quot;,&quot;state&quot;:&quot;&quot;,&quot;zip&quot;:&quot;&quot;}" latitude="37.8084350175869" longitude="-122.410774214375" needs_recoding="false"/></row>