<?xml version="1.0" encoding="UTF-8"?><row _id="12599319" _uuid="E0946A60-BEFA-43AD-B9A0-F31D67A36F1C" _position="12599319" _address="http://data.sfgov.org/resource/ritf-b9ki/12599319"><incidntnum>150539747</incidntnum><category>WARRANTS</category><descript>POST RELEASE COMMUNITY SUPERVISION</descript><dayofweek>Sunday</dayofweek><date>2015-06-21T00:00:00</date><time>03:40</time><pddistrict>MISSION</pddistrict><resolution>ARREST, BOOKED</resolution><address>500 Block of ALABAMA ST</address><x>-122.412179604274</x><y>37.7622630616528</y><location human_address="{&quot;address&quot;:&quot;&quot;,&quot;city&quot;:&quot;&quot;,&quot;state&quot;:&quot;&quot;,&quot;zip&quot;:&quot;&quot;}" latitude="37.7622630616528" longitude="-122.412179604274" needs_recoding="false"/></row>