<?xml version="1.0" encoding="UTF-8"?><row _id="12596882" _uuid="2A567BB0-0242-423D-88C6-E31687820481" _position="12596882" _address="http://data.sfgov.org/resource/ritf-b9ki/12596882"><incidntnum>150528530</incidntnum><category>ASSAULT</category><descript>AGGRAVATED ASSAULT WITH BODILY FORCE</descript><dayofweek>Tuesday</dayofweek><date>2015-06-16T00:00:00</date><time>19:00</time><pddistrict>SOUTHERN</pddistrict><resolution>NONE</resolution><address>JONES ST / MARKET ST</address><x>-122.411979487494</x><y>37.7809039696758</y><location human_address="{&quot;address&quot;:&quot;&quot;,&quot;city&quot;:&quot;&quot;,&quot;state&quot;:&quot;&quot;,&quot;zip&quot;:&quot;&quot;}" latitude="37.7809039696758" longitude="-122.411979487494" needs_recoding="false"/></row>