<?xml version="1.0" encoding="UTF-8"?><row _id="12598859" _uuid="C61B277D-44DA-4631-8446-3EFBA1FC7A8D" _position="12598859" _address="http://data.sfgov.org/resource/ritf-b9ki/12598859"><incidntnum>150540192</incidntnum><category>LARCENY/THEFT</category><descript>GRAND THEFT FROM LOCKED AUTO</descript><dayofweek>Sunday</dayofweek><date>2015-06-21T00:00:00</date><time>10:30</time><pddistrict>CENTRAL</pddistrict><resolution>NONE</resolution><address>LOMBARD ST / HYDE ST</address><x>-122.419616109671</x><y>37.8019942438049</y><location human_address="{&quot;address&quot;:&quot;&quot;,&quot;city&quot;:&quot;&quot;,&quot;state&quot;:&quot;&quot;,&quot;zip&quot;:&quot;&quot;}" latitude="37.8019942438049" longitude="-122.419616109671" needs_recoding="false"/></row>