<?xml version="1.0" encoding="UTF-8"?><row _id="12600005" _uuid="B32B3B4A-AA00-436D-84B4-D9A68BAAA02A" _position="12600005" _address="http://data.sfgov.org/resource/ritf-b9ki/12600005"><incidntnum>156153640</incidntnum><category>LARCENY/THEFT</category><descript>PETTY THEFT OF PROPERTY</descript><dayofweek>Tuesday</dayofweek><date>2015-06-23T00:00:00</date><time>21:00</time><pddistrict>TENDERLOIN</pddistrict><resolution>NONE</resolution><address>500 Block of OFARRELL ST</address><x>-122.413798415869</x><y>37.7856297942374</y><location human_address="{&quot;address&quot;:&quot;&quot;,&quot;city&quot;:&quot;&quot;,&quot;state&quot;:&quot;&quot;,&quot;zip&quot;:&quot;&quot;}" latitude="37.7856297942374" longitude="-122.413798415869" needs_recoding="false"/></row>