<?xml version="1.0" encoding="UTF-8"?><row _id="12605080" _uuid="652610B4-FEC4-4D3C-AB33-BD3350BF118E" _position="12605080" _address="http://data.sfgov.org/resource/ritf-b9ki/12605080"><incidntnum>150585273</incidntnum><category>VEHICLE THEFT</category><descript>STOLEN AND RECOVERED VEHICLE</descript><dayofweek>Sunday</dayofweek><date>2015-07-05T00:00:00</date><time>17:31</time><pddistrict>CENTRAL</pddistrict><resolution>ARREST, BOOKED</resolution><address>SUTTER ST / MASON ST</address><x>-122.410246553741</x><y>37.7890162035598</y><location human_address="{&quot;address&quot;:&quot;&quot;,&quot;city&quot;:&quot;&quot;,&quot;state&quot;:&quot;&quot;,&quot;zip&quot;:&quot;&quot;}" latitude="37.7890162035598" longitude="-122.410246553741" needs_recoding="false"/></row>