<?xml version="1.0" encoding="UTF-8"?><row _id="12596997" _uuid="E7CAFBB2-A24E-4C3C-BCB1-A78502443CED" _position="12596997" _address="http://data.sfgov.org/resource/ritf-b9ki/12596997"><incidntnum>150527162</incidntnum><category>MISSING PERSON</category><descript>MISSING ADULT</descript><dayofweek>Tuesday</dayofweek><date>2015-06-16T00:00:00</date><time>19:00</time><pddistrict>CENTRAL</pddistrict><resolution>NONE</resolution><address>600 Block of MONTGOMERY ST</address><x>-122.403112031242</x><y>37.7948751336497</y><location human_address="{&quot;address&quot;:&quot;&quot;,&quot;city&quot;:&quot;&quot;,&quot;state&quot;:&quot;&quot;,&quot;zip&quot;:&quot;&quot;}" latitude="37.7948751336497" longitude="-122.403112031242" needs_recoding="false"/></row>