<?xml version="1.0" encoding="UTF-8"?><row _id="12599782" _uuid="58EB238E-E412-4C8B-A660-E1D1B3CC6DB2" _position="12599782" _address="http://data.sfgov.org/resource/ritf-b9ki/12599782"><incidntnum>150546673</incidntnum><category>NON-CRIMINAL</category><descript>AIDED CASE, MENTAL DISTURBED</descript><dayofweek>Tuesday</dayofweek><date>2015-06-23T00:00:00</date><time>12:42</time><pddistrict>NORTHERN</pddistrict><resolution>NONE</resolution><address>LARKIN ST / ELLIS ST</address><x>-122.417710344726</x><y>37.7842362877887</y><location human_address="{&quot;address&quot;:&quot;&quot;,&quot;city&quot;:&quot;&quot;,&quot;state&quot;:&quot;&quot;,&quot;zip&quot;:&quot;&quot;}" latitude="37.7842362877887" longitude="-122.417710344726" needs_recoding="false"/></row>