<?xml version="1.0" encoding="UTF-8"?><row _id="12598016" _uuid="1E5B58B3-6875-4C36-8D0A-56A1CE145658" _position="12598016" _address="http://data.sfgov.org/resource/ritf-b9ki/12598016"><incidntnum>150536141</incidntnum><category>WEAPON LAWS</category><descript>POSSESSION OF AIR GUN</descript><dayofweek>Friday</dayofweek><date>2015-06-19T00:00:00</date><time>21:24</time><pddistrict>BAYVIEW</pddistrict><resolution>ARREST, BOOKED</resolution><address>3RD ST / QUESADA AV</address><x>-122.391245623019</x><y>37.7332252032804</y><location human_address="{&quot;address&quot;:&quot;&quot;,&quot;city&quot;:&quot;&quot;,&quot;state&quot;:&quot;&quot;,&quot;zip&quot;:&quot;&quot;}" latitude="37.7332252032804" longitude="-122.391245623019" needs_recoding="false"/></row>