<?xml version="1.0" encoding="UTF-8"?><row _id="12605885" _uuid="660983A4-61ED-4CE9-997F-7879BCB4B0CF" _position="12605885" _address="http://data.sfgov.org/resource/ritf-b9ki/12605885"><incidntnum>150588885</incidntnum><category>ASSAULT</category><descript>BATTERY, FORMER SPOUSE OR DATING RELATIONSHIP</descript><dayofweek>Monday</dayofweek><date>2015-07-06T00:00:00</date><time>18:49</time><pddistrict>MISSION</pddistrict><resolution>ARREST, BOOKED</resolution><address>2900 Block of 24TH ST</address><x>-122.411436461904</x><y>37.752711512136</y><location human_address="{&quot;address&quot;:&quot;&quot;,&quot;city&quot;:&quot;&quot;,&quot;state&quot;:&quot;&quot;,&quot;zip&quot;:&quot;&quot;}" latitude="37.752711512136" longitude="-122.411436461904" needs_recoding="false"/></row>