<?xml version="1.0" encoding="UTF-8"?><row _id="12596793" _uuid="6B26AAF3-8595-4CD6-BFDC-48BA1CC906F6" _position="12596793" _address="http://data.sfgov.org/resource/ritf-b9ki/12596793"><incidntnum>150524544</incidntnum><category>OTHER OFFENSES</category><descript>RESISTING ARREST</descript><dayofweek>Tuesday</dayofweek><date>2015-06-16T00:00:00</date><time>00:50</time><pddistrict>RICHMOND</pddistrict><resolution>ARREST, BOOKED</resolution><address>PARKPRESIDIO BL / CROSSOVER DR</address><x>-122.479502311724</x><y>37.771265769233</y><location human_address="{&quot;address&quot;:&quot;&quot;,&quot;city&quot;:&quot;&quot;,&quot;state&quot;:&quot;&quot;,&quot;zip&quot;:&quot;&quot;}" latitude="37.771265769233" longitude="-122.479502311724" needs_recoding="false"/></row>