<?xml version="1.0" encoding="UTF-8"?><row _id="12600478" _uuid="F7FCF9ED-3F35-44AD-8E87-E7F83C51AADE" _position="12600478" _address="http://data.sfgov.org/resource/ritf-b9ki/12600478"><incidntnum>150553797</incidntnum><category>OTHER OFFENSES</category><descript>DRIVERS LICENSE, SUSPENDED OR REVOKED</descript><dayofweek>Thursday</dayofweek><date>2015-06-25T00:00:00</date><time>16:09</time><pddistrict>TARAVAL</pddistrict><resolution>ARREST, BOOKED</resolution><address>NORIEGA ST / 39TH AV</address><x>-122.465661428629</x><y>37.7547080249878</y><location human_address="{&quot;address&quot;:&quot;&quot;,&quot;city&quot;:&quot;&quot;,&quot;state&quot;:&quot;&quot;,&quot;zip&quot;:&quot;&quot;}" latitude="37.7547080249878" longitude="-122.465661428629" needs_recoding="false"/></row>