<?xml version="1.0" encoding="UTF-8"?><row _id="12600611" _uuid="E4C33648-34F2-4CF0-8732-FB966C17D654" _position="12600611" _address="http://data.sfgov.org/resource/ritf-b9ki/12600611"><incidntnum>150553963</incidntnum><category>LARCENY/THEFT</category><descript>PETTY THEFT FROM LOCKED AUTO</descript><dayofweek>Thursday</dayofweek><date>2015-06-25T00:00:00</date><time>15:45</time><pddistrict>CENTRAL</pddistrict><resolution>NONE</resolution><address>600 Block of CALIFORNIA ST</address><x>-122.40504699065</x><y>37.792616896353</y><location human_address="{&quot;address&quot;:&quot;&quot;,&quot;city&quot;:&quot;&quot;,&quot;state&quot;:&quot;&quot;,&quot;zip&quot;:&quot;&quot;}" latitude="37.792616896353" longitude="-122.40504699065" needs_recoding="false"/></row>