<?xml version="1.0" encoding="UTF-8"?><row _id="12597078" _uuid="4BE4E587-A1BB-464D-ADE3-9AA195EC54FF" _position="12597078" _address="http://data.sfgov.org/resource/ritf-b9ki/12597078"><incidntnum>156144724</incidntnum><category>LARCENY/THEFT</category><descript>GRAND THEFT FROM LOCKED AUTO</descript><dayofweek>Tuesday</dayofweek><date>2015-06-16T00:00:00</date><time>21:00</time><pddistrict>NORTHERN</pddistrict><resolution>NONE</resolution><address>900 Block of FRANKLIN ST</address><x>-122.422536931307</x><y>37.7833939650918</y><location human_address="{&quot;address&quot;:&quot;&quot;,&quot;city&quot;:&quot;&quot;,&quot;state&quot;:&quot;&quot;,&quot;zip&quot;:&quot;&quot;}" latitude="37.7833939650918" longitude="-122.422536931307" needs_recoding="false"/></row>