<?xml version="1.0" encoding="UTF-8"?><row _id="12607203" _uuid="E351E31A-04BC-48CF-9769-C436FFB06B38" _position="12607203" _address="http://data.sfgov.org/resource/ritf-b9ki/12607203"><incidntnum>150602344</incidntnum><category>ASSAULT</category><descript>BATTERY</descript><dayofweek>Friday</dayofweek><date>2015-07-10T00:00:00</date><time>23:00</time><pddistrict>MISSION</pddistrict><resolution>ARREST, BOOKED</resolution><address>3300 Block of CESAR CHAVEZ ST</address><x>-122.417067044038</x><y>37.748285429414</y><location human_address="{&quot;address&quot;:&quot;&quot;,&quot;city&quot;:&quot;&quot;,&quot;state&quot;:&quot;&quot;,&quot;zip&quot;:&quot;&quot;}" latitude="37.748285429414" longitude="-122.417067044038" needs_recoding="false"/></row>