<?xml version="1.0" encoding="UTF-8"?><row _id="12603092" _uuid="BBDA6ED8-939C-4B2F-B161-9ECCC08ACE44" _position="12603092" _address="http://data.sfgov.org/resource/ritf-b9ki/12603092"><incidntnum>150580267</incidntnum><category>BURGLARY</category><descript>BURGLARY OF APARTMENT HOUSE, UNLAWFUL ENTRY</descript><dayofweek>Monday</dayofweek><date>2015-06-29T00:00:00</date><time>10:00</time><pddistrict>MISSION</pddistrict><resolution>NONE</resolution><address>100 Block of COLLINGWOOD ST</address><x>-122.435964918002</x><y>37.7600122429873</y><location human_address="{&quot;address&quot;:&quot;&quot;,&quot;city&quot;:&quot;&quot;,&quot;state&quot;:&quot;&quot;,&quot;zip&quot;:&quot;&quot;}" latitude="37.7600122429873" longitude="-122.435964918002" needs_recoding="false"/></row>