<?xml version="1.0" encoding="UTF-8"?><row _id="12603361" _uuid="7719A5AA-EDD9-44D8-8DCE-38CFA9FDF77E" _position="12603361" _address="http://data.sfgov.org/resource/ritf-b9ki/12603361"><incidntnum>150574878</incidntnum><category>OTHER OFFENSES</category><descript>DRIVERS LICENSE, SUSPENDED OR REVOKED</descript><dayofweek>Wednesday</dayofweek><date>2015-07-01T00:00:00</date><time>22:40</time><pddistrict>PARK</pddistrict><resolution>ARREST, BOOKED</resolution><address>17TH ST / ROOSEVELT WY</address><x>-122.445308620802</x><y>37.7618801162721</y><location human_address="{&quot;address&quot;:&quot;&quot;,&quot;city&quot;:&quot;&quot;,&quot;state&quot;:&quot;&quot;,&quot;zip&quot;:&quot;&quot;}" latitude="37.7618801162721" longitude="-122.445308620802" needs_recoding="false"/></row>