<?xml version="1.0" encoding="UTF-8"?><row _id="12600741" _uuid="BA82B5B3-CBBA-4E2E-B46D-45C6D4223459" _position="12600741" _address="http://data.sfgov.org/resource/ritf-b9ki/12600741"><incidntnum>150553769</incidntnum><category>DRUG/NARCOTIC</category><descript>POSSESSION OF METH-AMPHETAMINE</descript><dayofweek>Thursday</dayofweek><date>2015-06-25T00:00:00</date><time>16:05</time><pddistrict>TENDERLOIN</pddistrict><resolution>ARREST, BOOKED</resolution><address>200 Block of LEAVENWORTH ST</address><x>-122.414217804322</x><y>37.7832593295025</y><location human_address="{&quot;address&quot;:&quot;&quot;,&quot;city&quot;:&quot;&quot;,&quot;state&quot;:&quot;&quot;,&quot;zip&quot;:&quot;&quot;}" latitude="37.7832593295025" longitude="-122.414217804322" needs_recoding="false"/></row>