<?xml version="1.0" encoding="UTF-8"?><row _id="12600336" _uuid="C06C0FA1-F380-4F2E-B795-87AB77FFBCD0" _position="12600336" _address="http://data.sfgov.org/resource/ritf-b9ki/12600336"><incidntnum>150551484</incidntnum><category>LARCENY/THEFT</category><descript>PETTY THEFT FROM LOCKED AUTO</descript><dayofweek>Wednesday</dayofweek><date>2015-06-24T00:00:00</date><time>19:20</time><pddistrict>NORTHERN</pddistrict><resolution>NONE</resolution><address>1200 Block of GEARY BL</address><x>-122.423864780988</x><y>37.7854370373296</y><location human_address="{&quot;address&quot;:&quot;&quot;,&quot;city&quot;:&quot;&quot;,&quot;state&quot;:&quot;&quot;,&quot;zip&quot;:&quot;&quot;}" latitude="37.7854370373296" longitude="-122.423864780988" needs_recoding="false"/></row>