<?xml version="1.0" encoding="UTF-8"?><row _id="12604710" _uuid="91D5F544-D26B-4C64-8105-8FD2F37C7C6D" _position="12604710" _address="http://data.sfgov.org/resource/ritf-b9ki/12604710"><incidntnum>150582768</incidntnum><category>DRUG/NARCOTIC</category><descript>POSSESSION OF COCAINE FOR SALES</descript><dayofweek>Saturday</dayofweek><date>2015-07-04T00:00:00</date><time>16:02</time><pddistrict>MISSION</pddistrict><resolution>ARREST, BOOKED</resolution><address>CAPP ST / ADAIR ST</address><x>-122.418636273971</x><y>37.7656850385551</y><location human_address="{&quot;address&quot;:&quot;&quot;,&quot;city&quot;:&quot;&quot;,&quot;state&quot;:&quot;&quot;,&quot;zip&quot;:&quot;&quot;}" latitude="37.7656850385551" longitude="-122.418636273971" needs_recoding="false"/></row>