<?xml version="1.0" encoding="UTF-8"?><row _id="12597070" _uuid="7AFD091C-53F4-42E5-8233-2C7E443A04A3" _position="12597070" _address="http://data.sfgov.org/resource/ritf-b9ki/12597070"><incidntnum>150535983</incidntnum><category>FRAUD</category><descript>DEFRAUDING AN INNKEEPER</descript><dayofweek>Tuesday</dayofweek><date>2015-06-16T00:00:00</date><time>14:45</time><pddistrict>RICHMOND</pddistrict><resolution>NONE</resolution><address>1800 Block of CLEMENT ST</address><x>-122.478985986075</x><y>37.7822292745003</y><location human_address="{&quot;address&quot;:&quot;&quot;,&quot;city&quot;:&quot;&quot;,&quot;state&quot;:&quot;&quot;,&quot;zip&quot;:&quot;&quot;}" latitude="37.7822292745003" longitude="-122.478985986075" needs_recoding="false"/></row>