<?xml version="1.0" encoding="UTF-8"?><row _id="12597414" _uuid="4F02876B-1F69-4C3B-AEAE-F0285B8A7EFA" _position="12597414" _address="http://data.sfgov.org/resource/ritf-b9ki/12597414"><incidntnum>150530789</incidntnum><category>MISSING PERSON</category><descript>FOUND PERSON</descript><dayofweek>Wednesday</dayofweek><date>2015-06-17T00:00:00</date><time>23:10</time><pddistrict>INGLESIDE</pddistrict><resolution>NONE</resolution><address>600 Block of 29TH ST</address><x>-122.433975828081</x><y>37.7433115636918</y><location human_address="{&quot;address&quot;:&quot;&quot;,&quot;city&quot;:&quot;&quot;,&quot;state&quot;:&quot;&quot;,&quot;zip&quot;:&quot;&quot;}" latitude="37.7433115636918" longitude="-122.433975828081" needs_recoding="false"/></row>