<?xml version="1.0" encoding="UTF-8"?><row _id="12597495" _uuid="30BBC7C7-A214-4CA8-A52B-0D3DE01C3DCF" _position="12597495" _address="http://data.sfgov.org/resource/ritf-b9ki/12597495"><incidntnum>150530773</incidntnum><category>OTHER OFFENSES</category><descript>VIOLATION OF RESTRAINING ORDER</descript><dayofweek>Wednesday</dayofweek><date>2015-06-17T00:00:00</date><time>23:30</time><pddistrict>MISSION</pddistrict><resolution>ARREST, BOOKED</resolution><address>1300 Block of SOUTH VAN NESS AV</address><x>-122.416116085651</x><y>37.7515608619924</y><location human_address="{&quot;address&quot;:&quot;&quot;,&quot;city&quot;:&quot;&quot;,&quot;state&quot;:&quot;&quot;,&quot;zip&quot;:&quot;&quot;}" latitude="37.7515608619924" longitude="-122.416116085651" needs_recoding="false"/></row>