<?xml version="1.0" encoding="UTF-8"?><row _id="12601813" _uuid="4CBD5354-F092-46B8-B0DE-9C6BC0FF4016" _position="12601813" _address="http://data.sfgov.org/resource/ritf-b9ki/12601813"><incidntnum>150560667</incidntnum><category>WEAPON LAWS</category><descript>POSS OF LOADED FIREARM</descript><dayofweek>Saturday</dayofweek><date>2015-06-27T00:00:00</date><time>18:11</time><pddistrict>TENDERLOIN</pddistrict><resolution>ARREST, BOOKED</resolution><address>0 Block of UNITEDNATIONS PZ</address><x>-122.414317857881</x><y>37.7799444052046</y><location human_address="{&quot;address&quot;:&quot;&quot;,&quot;city&quot;:&quot;&quot;,&quot;state&quot;:&quot;&quot;,&quot;zip&quot;:&quot;&quot;}" latitude="37.7799444052046" longitude="-122.414317857881" needs_recoding="false"/></row>