<?xml version="1.0" encoding="UTF-8"?><row _id="12597799" _uuid="A045EFE3-7B04-4B61-B22F-AD0903F9BAB6" _position="12597799" _address="http://data.sfgov.org/resource/ritf-b9ki/12597799"><incidntnum>150531486</incidntnum><category>VEHICLE THEFT</category><descript>STOLEN AUTOMOBILE</descript><dayofweek>Thursday</dayofweek><date>2015-06-18T00:00:00</date><time>01:00</time><pddistrict>BAYVIEW</pddistrict><resolution>NONE</resolution><address>700 Block of SAN BRUNO AV</address><x>-122.405102302871</x><y>37.760130593169</y><location human_address="{&quot;address&quot;:&quot;&quot;,&quot;city&quot;:&quot;&quot;,&quot;state&quot;:&quot;&quot;,&quot;zip&quot;:&quot;&quot;}" latitude="37.760130593169" longitude="-122.405102302871" needs_recoding="false"/></row>