<?xml version="1.0" encoding="UTF-8"?><row _id="12597973" _uuid="DB5B4BD3-3CCC-4F94-B0B1-86DD8F695A0D" _position="12597973" _address="http://data.sfgov.org/resource/ritf-b9ki/12597973"><incidntnum>150534452</incidntnum><category>ROBBERY</category><descript>ROBBERY, BODILY FORCE</descript><dayofweek>Friday</dayofweek><date>2015-06-19T00:00:00</date><time>09:35</time><pddistrict>MISSION</pddistrict><resolution>NONE</resolution><address>14TH ST / MISSION ST</address><x>-122.419983447697</x><y>37.7682726763619</y><location human_address="{&quot;address&quot;:&quot;&quot;,&quot;city&quot;:&quot;&quot;,&quot;state&quot;:&quot;&quot;,&quot;zip&quot;:&quot;&quot;}" latitude="37.7682726763619" longitude="-122.419983447697" needs_recoding="false"/></row>