<?xml version="1.0" encoding="UTF-8"?><row _id="12603061" _uuid="D6B1887F-74D6-4CD2-8756-A6767E584060" _position="12603061" _address="http://data.sfgov.org/resource/ritf-b9ki/12603061"><incidntnum>150572753</incidntnum><category>VANDALISM</category><descript>MALICIOUS MISCHIEF, VANDALISM OF VEHICLES</descript><dayofweek>Tuesday</dayofweek><date>2015-06-30T00:00:00</date><time>22:00</time><pddistrict>BAYVIEW</pddistrict><resolution>NONE</resolution><address>0 Block of FLORA ST</address><x>-122.394396938807</x><y>37.7318711159459</y><location human_address="{&quot;address&quot;:&quot;&quot;,&quot;city&quot;:&quot;&quot;,&quot;state&quot;:&quot;&quot;,&quot;zip&quot;:&quot;&quot;}" latitude="37.7318711159459" longitude="-122.394396938807" needs_recoding="false"/></row>