<?xml version="1.0" encoding="UTF-8"?><row _id="12598867" _uuid="B269EEC2-875B-446A-820F-21A0966268C8" _position="12598867" _address="http://data.sfgov.org/resource/ritf-b9ki/12598867"><incidntnum>150541269</incidntnum><category>LARCENY/THEFT</category><descript>PETTY THEFT OF PROPERTY</descript><dayofweek>Sunday</dayofweek><date>2015-06-21T00:00:00</date><time>14:00</time><pddistrict>SOUTHERN</pddistrict><resolution>NONE</resolution><address>MISSION ST / 9TH ST</address><x>-122.414714295579</x><y>37.7762310404758</y><location human_address="{&quot;address&quot;:&quot;&quot;,&quot;city&quot;:&quot;&quot;,&quot;state&quot;:&quot;&quot;,&quot;zip&quot;:&quot;&quot;}" latitude="37.7762310404758" longitude="-122.414714295579" needs_recoding="false"/></row>