<?xml version="1.0" encoding="UTF-8"?><row _id="12600062" _uuid="2DE6146A-E7CC-4CB9-9B3F-7D616FE32F99" _position="12600062" _address="http://data.sfgov.org/resource/ritf-b9ki/12600062"><incidntnum>150548259</incidntnum><category>NON-CRIMINAL</category><descript>CIVIL SIDEWALKS, CITATION</descript><dayofweek>Tuesday</dayofweek><date>2015-06-23T00:00:00</date><time>21:45</time><pddistrict>SOUTHERN</pddistrict><resolution>NONE</resolution><address>800 Block of BRYANT ST</address><x>-122.403404791479</x><y>37.775420706711</y><location human_address="{&quot;address&quot;:&quot;&quot;,&quot;city&quot;:&quot;&quot;,&quot;state&quot;:&quot;&quot;,&quot;zip&quot;:&quot;&quot;}" latitude="37.775420706711" longitude="-122.403404791479" needs_recoding="false"/></row>