<?xml version="1.0" encoding="UTF-8"?><row _id="12599431" _uuid="74545F9C-5EF8-4F5D-9BCD-9AB237C991C4" _position="12599431" _address="http://data.sfgov.org/resource/ritf-b9ki/12599431"><incidntnum>150538824</incidntnum><category>WARRANTS</category><descript>WARRANT ARREST</descript><dayofweek>Saturday</dayofweek><date>2015-06-20T00:00:00</date><time>18:00</time><pddistrict>NORTHERN</pddistrict><resolution>ARREST, BOOKED</resolution><address>GEARY BL / WEBSTER ST</address><x>-122.431206932079</x><y>37.7845681170336</y><location human_address="{&quot;address&quot;:&quot;&quot;,&quot;city&quot;:&quot;&quot;,&quot;state&quot;:&quot;&quot;,&quot;zip&quot;:&quot;&quot;}" latitude="37.7845681170336" longitude="-122.431206932079" needs_recoding="false"/></row>