<?xml version="1.0" encoding="UTF-8"?><row _id="12601117" _uuid="8D3251DF-4F95-4750-A142-084EC36FF1E8" _position="12601117" _address="http://data.sfgov.org/resource/ritf-b9ki/12601117"><incidntnum>150555715</incidntnum><category>SUSPICIOUS OCC</category><descript>SUSPICIOUS OCCURRENCE</descript><dayofweek>Friday</dayofweek><date>2015-06-26T00:00:00</date><time>08:30</time><pddistrict>CENTRAL</pddistrict><resolution>NONE</resolution><address>200 Block of BUSH ST</address><x>-122.401588379991</x><y>37.7910139283214</y><location human_address="{&quot;address&quot;:&quot;&quot;,&quot;city&quot;:&quot;&quot;,&quot;state&quot;:&quot;&quot;,&quot;zip&quot;:&quot;&quot;}" latitude="37.7910139283214" longitude="-122.401588379991" needs_recoding="false"/></row>