<?xml version="1.0" encoding="UTF-8"?><row _id="12599648" _uuid="88A672A2-7CE9-422C-A8BF-4D9CC4BEA177" _position="12599648" _address="http://data.sfgov.org/resource/ritf-b9ki/12599648"><incidntnum>150546463</incidntnum><category>OTHER OFFENSES</category><descript>LOST/STOLEN LICENSE PLATE</descript><dayofweek>Monday</dayofweek><date>2015-06-22T00:00:00</date><time>21:00</time><pddistrict>INGLESIDE</pddistrict><resolution>NONE</resolution><address>400 Block of RAYMOND AV</address><x>-122.412502628697</x><y>37.7146307722734</y><location human_address="{&quot;address&quot;:&quot;&quot;,&quot;city&quot;:&quot;&quot;,&quot;state&quot;:&quot;&quot;,&quot;zip&quot;:&quot;&quot;}" latitude="37.7146307722734" longitude="-122.412502628697" needs_recoding="false"/></row>