<?xml version="1.0" encoding="UTF-8"?><row _id="12603528" _uuid="FF330CF0-11CF-48A2-9E9B-4FC760075722" _position="12603528" _address="http://data.sfgov.org/resource/ritf-b9ki/12603528"><incidntnum>156158907</incidntnum><category>VANDALISM</category><descript>MALICIOUS MISCHIEF, VANDALISM</descript><dayofweek>Wednesday</dayofweek><date>2015-07-01T00:00:00</date><time>12:55</time><pddistrict>CENTRAL</pddistrict><resolution>NONE</resolution><address>2200 Block of STOCKTON ST</address><x>-122.410337613576</x><y>37.8065128768551</y><location human_address="{&quot;address&quot;:&quot;&quot;,&quot;city&quot;:&quot;&quot;,&quot;state&quot;:&quot;&quot;,&quot;zip&quot;:&quot;&quot;}" latitude="37.8065128768551" longitude="-122.410337613576" needs_recoding="false"/></row>