<?xml version="1.0" encoding="UTF-8"?><row _id="12598801" _uuid="7FEC6956-418C-4AFB-8C0D-5E2139B9AB65" _position="12598801" _address="http://data.sfgov.org/resource/ritf-b9ki/12598801"><incidntnum>156154820</incidntnum><category>LARCENY/THEFT</category><descript>PETTY THEFT OF PROPERTY</descript><dayofweek>Wednesday</dayofweek><date>2015-06-17T00:00:00</date><time>08:30</time><pddistrict>SOUTHERN</pddistrict><resolution>NONE</resolution><address>100 Block of SOUTHPARK AV</address><x>-122.394251231901</x><y>37.781198014159</y><location human_address="{&quot;address&quot;:&quot;&quot;,&quot;city&quot;:&quot;&quot;,&quot;state&quot;:&quot;&quot;,&quot;zip&quot;:&quot;&quot;}" latitude="37.781198014159" longitude="-122.394251231901" needs_recoding="false"/></row>