<?xml version="1.0" encoding="UTF-8"?><row _id="12597532" _uuid="430098D4-823E-4B0D-B7E1-021D4112C0A6" _position="12597532" _address="http://data.sfgov.org/resource/ritf-b9ki/12597532"><incidntnum>150532650</incidntnum><category>NON-CRIMINAL</category><descript>AIDED CASE, MENTAL DISTURBED</descript><dayofweek>Thursday</dayofweek><date>2015-06-18T00:00:00</date><time>16:16</time><pddistrict>TARAVAL</pddistrict><resolution>NONE</resolution><address>EVERGLADE DR / OCEAN AV</address><x>-122.488898053888</x><y>37.7321198760837</y><location human_address="{&quot;address&quot;:&quot;&quot;,&quot;city&quot;:&quot;&quot;,&quot;state&quot;:&quot;&quot;,&quot;zip&quot;:&quot;&quot;}" latitude="37.7321198760837" longitude="-122.488898053888" needs_recoding="false"/></row>