<?xml version="1.0" encoding="UTF-8"?><row _id="12609851" _uuid="C7B510E1-9DC8-49CA-B44D-8E43F44FB101" _position="12609851" _address="http://data.sfgov.org/resource/ritf-b9ki/12609851"><incidntnum>150638098</incidntnum><category>ASSAULT</category><descript>THREATS AGAINST LIFE</descript><dayofweek>Friday</dayofweek><date>2015-06-19T00:00:00</date><time>15:00</time><pddistrict>TENDERLOIN</pddistrict><resolution>NONE</resolution><address>200 Block of GOLDEN GATE AV</address><x>-122.414302052544</x><y>37.781863316866</y><location human_address="{&quot;address&quot;:&quot;&quot;,&quot;city&quot;:&quot;&quot;,&quot;state&quot;:&quot;&quot;,&quot;zip&quot;:&quot;&quot;}" latitude="37.781863316866" longitude="-122.414302052544" needs_recoding="false"/></row>