<?xml version="1.0" encoding="UTF-8"?><row _id="12600676" _uuid="C3036EF6-13B5-4F74-A653-E2B56437B91E" _position="12600676" _address="http://data.sfgov.org/resource/ritf-b9ki/12600676"><incidntnum>150555743</incidntnum><category>LARCENY/THEFT</category><descript>PETTY THEFT FROM A BUILDING</descript><dayofweek>Thursday</dayofweek><date>2015-06-25T00:00:00</date><time>14:06</time><pddistrict>TENDERLOIN</pddistrict><resolution>NONE</resolution><address>200 Block of GOLDEN GATE AV</address><x>-122.414302052544</x><y>37.781863316866</y><location human_address="{&quot;address&quot;:&quot;&quot;,&quot;city&quot;:&quot;&quot;,&quot;state&quot;:&quot;&quot;,&quot;zip&quot;:&quot;&quot;}" latitude="37.781863316866" longitude="-122.414302052544" needs_recoding="false"/></row>