<?xml version="1.0" encoding="UTF-8"?><row _id="12598864" _uuid="F47D2365-16CC-460C-A4E4-86DEB0A3C257" _position="12598864" _address="http://data.sfgov.org/resource/ritf-b9ki/12598864"><incidntnum>150541037</incidntnum><category>OTHER OFFENSES</category><descript>DRIVERS LICENSE, SUSPENDED OR REVOKED</descript><dayofweek>Sunday</dayofweek><date>2015-06-21T00:00:00</date><time>16:46</time><pddistrict>SOUTHERN</pddistrict><resolution>ARREST, CITED</resolution><address>3RD ST / MISSION ST</address><x>-122.402027706948</x><y>37.7862483456629</y><location human_address="{&quot;address&quot;:&quot;&quot;,&quot;city&quot;:&quot;&quot;,&quot;state&quot;:&quot;&quot;,&quot;zip&quot;:&quot;&quot;}" latitude="37.7862483456629" longitude="-122.402027706948" needs_recoding="false"/></row>