<?xml version="1.0" encoding="UTF-8"?><row _id="12596896" _uuid="5ADD2693-7C6D-48F3-B04F-68C39D5BC703" _position="12596896" _address="http://data.sfgov.org/resource/ritf-b9ki/12596896"><incidntnum>156146479</incidntnum><category>LARCENY/THEFT</category><descript>GRAND THEFT FROM LOCKED AUTO</descript><dayofweek>Tuesday</dayofweek><date>2015-06-16T00:00:00</date><time>16:00</time><pddistrict>INGLESIDE</pddistrict><resolution>NONE</resolution><address>PERSIA AV / VIENNA ST</address><x>-122.43041318762</x><y>37.7204786858528</y><location human_address="{&quot;address&quot;:&quot;&quot;,&quot;city&quot;:&quot;&quot;,&quot;state&quot;:&quot;&quot;,&quot;zip&quot;:&quot;&quot;}" latitude="37.7204786858528" longitude="-122.43041318762" needs_recoding="false"/></row>