<?xml version="1.0" encoding="UTF-8"?><row _id="12597553" _uuid="85B7BB9F-2172-42C5-874C-12CF3EBABAC1" _position="12597553" _address="http://data.sfgov.org/resource/ritf-b9ki/12597553"><incidntnum>150531414</incidntnum><category>DRUG/NARCOTIC</category><descript>POSSESSION OF MARIJUANA</descript><dayofweek>Thursday</dayofweek><date>2015-06-18T00:00:00</date><time>10:07</time><pddistrict>TENDERLOIN</pddistrict><resolution>ARREST, BOOKED</resolution><address>TAYLOR ST / EDDY ST</address><x>-122.410955248906</x><y>37.7841399509594</y><location human_address="{&quot;address&quot;:&quot;&quot;,&quot;city&quot;:&quot;&quot;,&quot;state&quot;:&quot;&quot;,&quot;zip&quot;:&quot;&quot;}" latitude="37.7841399509594" longitude="-122.410955248906" needs_recoding="false"/></row>