<?xml version="1.0" encoding="UTF-8"?><row _id="12600077" _uuid="952D1DCE-FC7E-45EF-8D74-67E71BE5D0D9" _position="12600077" _address="http://data.sfgov.org/resource/ritf-b9ki/12600077"><incidntnum>150545948</incidntnum><category>VEHICLE THEFT</category><descript>AUTO, GRAND THEFT OF</descript><dayofweek>Tuesday</dayofweek><date>2015-06-23T00:00:00</date><time>07:09</time><pddistrict>INGLESIDE</pddistrict><resolution>ARREST, BOOKED</resolution><address>100 Block of BEACON ST</address><x>-122.431432341656</x><y>37.7395198970845</y><location human_address="{&quot;address&quot;:&quot;&quot;,&quot;city&quot;:&quot;&quot;,&quot;state&quot;:&quot;&quot;,&quot;zip&quot;:&quot;&quot;}" latitude="37.7395198970845" longitude="-122.431432341656" needs_recoding="false"/></row>