<?xml version="1.0" encoding="UTF-8"?><row _id="12596901" _uuid="BA2E3CD3-9556-4520-9A2D-33BA027D3474" _position="12596901" _address="http://data.sfgov.org/resource/ritf-b9ki/12596901"><incidntnum>156151337</incidntnum><category>LARCENY/THEFT</category><descript>GRAND THEFT FROM UNLOCKED AUTO</descript><dayofweek>Tuesday</dayofweek><date>2015-06-16T00:00:00</date><time>01:00</time><pddistrict>SOUTHERN</pddistrict><resolution>NONE</resolution><address>10TH ST / MISSION ST</address><x>-122.41591119887</x><y>37.7752721501379</y><location human_address="{&quot;address&quot;:&quot;&quot;,&quot;city&quot;:&quot;&quot;,&quot;state&quot;:&quot;&quot;,&quot;zip&quot;:&quot;&quot;}" latitude="37.7752721501379" longitude="-122.41591119887" needs_recoding="false"/></row>