<?xml version="1.0" encoding="UTF-8"?><row _id="12603893" _uuid="25B26A3F-48D5-4388-8918-B49C4E366C72" _position="12603893" _address="http://data.sfgov.org/resource/ritf-b9ki/12603893"><incidntnum>150577844</incidntnum><category>OTHER OFFENSES</category><descript>INTOXICATED JUVENILE</descript><dayofweek>Thursday</dayofweek><date>2015-07-02T00:00:00</date><time>23:08</time><pddistrict>MISSION</pddistrict><resolution>NONE</resolution><address>2100 Block of MISSION ST</address><x>-122.419331147814</x><y>37.7622643357423</y><location human_address="{&quot;address&quot;:&quot;&quot;,&quot;city&quot;:&quot;&quot;,&quot;state&quot;:&quot;&quot;,&quot;zip&quot;:&quot;&quot;}" latitude="37.7622643357423" longitude="-122.419331147814" needs_recoding="false"/></row>