<?xml version="1.0" encoding="UTF-8"?><row _id="12597308" _uuid="8E499506-8802-4824-A273-DF7902229830" _position="12597308" _address="http://data.sfgov.org/resource/ritf-b9ki/12597308"><incidntnum>150528386</incidntnum><category>WARRANTS</category><descript>ENROUTE TO OUTSIDE JURISDICTION</descript><dayofweek>Wednesday</dayofweek><date>2015-06-17T00:00:00</date><time>09:55</time><pddistrict>SOUTHERN</pddistrict><resolution>ARREST, BOOKED</resolution><address>800 Block of HOWARD ST</address><x>-122.403890955445</x><y>37.7824014072132</y><location human_address="{&quot;address&quot;:&quot;&quot;,&quot;city&quot;:&quot;&quot;,&quot;state&quot;:&quot;&quot;,&quot;zip&quot;:&quot;&quot;}" latitude="37.7824014072132" longitude="-122.403890955445" needs_recoding="false"/></row>