<?xml version="1.0" encoding="UTF-8"?><row _id="12601064" _uuid="FFDB0455-4C5A-4CB7-B3AE-2586D379094F" _position="12601064" _address="http://data.sfgov.org/resource/ritf-b9ki/12601064"><incidntnum>156156848</incidntnum><category>LARCENY/THEFT</category><descript>GRAND THEFT FROM LOCKED AUTO</descript><dayofweek>Friday</dayofweek><date>2015-06-26T00:00:00</date><time>19:20</time><pddistrict>CENTRAL</pddistrict><resolution>NONE</resolution><address>BUSH ST / LEAVENWORTH ST</address><x>-122.415373701241</x><y>37.7893203404507</y><location human_address="{&quot;address&quot;:&quot;&quot;,&quot;city&quot;:&quot;&quot;,&quot;state&quot;:&quot;&quot;,&quot;zip&quot;:&quot;&quot;}" latitude="37.7893203404507" longitude="-122.415373701241" needs_recoding="false"/></row>