<?xml version="1.0" encoding="UTF-8"?><row _id="12603634" _uuid="1C2917E2-1FE1-4C7E-88D8-52C56418AD03" _position="12603634" _address="http://data.sfgov.org/resource/ritf-b9ki/12603634"><incidntnum>150572270</incidntnum><category>OTHER OFFENSES</category><descript>VIOLATION OF RESTRAINING ORDER</descript><dayofweek>Wednesday</dayofweek><date>2015-07-01T00:00:00</date><time>08:15</time><pddistrict>TENDERLOIN</pddistrict><resolution>ARREST, BOOKED</resolution><address>100 Block of EDDY ST</address><x>-122.410157073911</x><y>37.7842973843312</y><location human_address="{&quot;address&quot;:&quot;&quot;,&quot;city&quot;:&quot;&quot;,&quot;state&quot;:&quot;&quot;,&quot;zip&quot;:&quot;&quot;}" latitude="37.7842973843312" longitude="-122.410157073911" needs_recoding="false"/></row>