<?xml version="1.0" encoding="UTF-8"?><row _id="12598631" _uuid="CEDC0FD7-C2C1-4F27-947E-1934C93F95D1" _position="12598631" _address="http://data.sfgov.org/resource/ritf-b9ki/12598631"><incidntnum>150537826</incidntnum><category>LARCENY/THEFT</category><descript>GRAND THEFT PICKPOCKET</descript><dayofweek>Saturday</dayofweek><date>2015-06-20T00:00:00</date><time>01:00</time><pddistrict>MISSION</pddistrict><resolution>NONE</resolution><address>2300 Block of MARKET ST</address><x>-122.434229003953</x><y>37.7634850137846</y><location human_address="{&quot;address&quot;:&quot;&quot;,&quot;city&quot;:&quot;&quot;,&quot;state&quot;:&quot;&quot;,&quot;zip&quot;:&quot;&quot;}" latitude="37.7634850137846" longitude="-122.434229003953" needs_recoding="false"/></row>