<?xml version="1.0" encoding="UTF-8"?><row _id="12599840" _uuid="F5316A2E-715F-4560-807E-C7908239FDFB" _position="12599840" _address="http://data.sfgov.org/resource/ritf-b9ki/12599840"><incidntnum>150547029</incidntnum><category>FORGERY/COUNTERFEITING</category><descript>FORGERY, NOTES</descript><dayofweek>Tuesday</dayofweek><date>2015-06-23T00:00:00</date><time>01:50</time><pddistrict>INGLESIDE</pddistrict><resolution>ARREST, BOOKED</resolution><address>5100 Block of MISSION ST</address><x>-122.440659593804</x><y>37.7168235156302</y><location human_address="{&quot;address&quot;:&quot;&quot;,&quot;city&quot;:&quot;&quot;,&quot;state&quot;:&quot;&quot;,&quot;zip&quot;:&quot;&quot;}" latitude="37.7168235156302" longitude="-122.440659593804" needs_recoding="false"/></row>