<?xml version="1.0" encoding="UTF-8"?><row _id="12597642" _uuid="53A60651-F679-46D0-BC83-4F8A90189143" _position="12597642" _address="http://data.sfgov.org/resource/ritf-b9ki/12597642"><incidntnum>156150630</incidntnum><category>LARCENY/THEFT</category><descript>GRAND THEFT FROM LOCKED AUTO</descript><dayofweek>Thursday</dayofweek><date>2015-06-18T00:00:00</date><time>18:00</time><pddistrict>PARK</pddistrict><resolution>NONE</resolution><address>DOWNEY ST / WALLER ST</address><x>-122.447570507367</x><y>37.7689683188855</y><location human_address="{&quot;address&quot;:&quot;&quot;,&quot;city&quot;:&quot;&quot;,&quot;state&quot;:&quot;&quot;,&quot;zip&quot;:&quot;&quot;}" latitude="37.7689683188855" longitude="-122.447570507367" needs_recoding="false"/></row>