<?xml version="1.0" encoding="UTF-8"?><row _id="12599735" _uuid="09E91A8F-CC8B-4E31-8D95-8BD249765145" _position="12599735" _address="http://data.sfgov.org/resource/ritf-b9ki/12599735"><incidntnum>150549928</incidntnum><category>OTHER OFFENSES</category><descript>FALSE PERSONATION</descript><dayofweek>Monday</dayofweek><date>2015-06-22T00:00:00</date><time>09:00</time><pddistrict>PARK</pddistrict><resolution>NONE</resolution><address>1100 Block of STANYAN ST</address><x>-122.452233181923</x><y>37.7624959683458</y><location human_address="{&quot;address&quot;:&quot;&quot;,&quot;city&quot;:&quot;&quot;,&quot;state&quot;:&quot;&quot;,&quot;zip&quot;:&quot;&quot;}" latitude="37.7624959683458" longitude="-122.452233181923" needs_recoding="false"/></row>