<?xml version="1.0" encoding="UTF-8"?><row _id="12602617" _uuid="2D7D7225-8A0E-444C-829D-0157C1F4BD79" _position="12602617" _address="http://data.sfgov.org/resource/ritf-b9ki/12602617"><incidntnum>156156901</incidntnum><category>LARCENY/THEFT</category><descript>GRAND THEFT FROM UNLOCKED AUTO</descript><dayofweek>Tuesday</dayofweek><date>2015-06-30T00:00:00</date><time>17:00</time><pddistrict>NORTHERN</pddistrict><resolution>NONE</resolution><address>FRANKLIN ST / GOLDEN GATE AV</address><x>-122.422090267887</x><y>37.7808219708329</y><location human_address="{&quot;address&quot;:&quot;&quot;,&quot;city&quot;:&quot;&quot;,&quot;state&quot;:&quot;&quot;,&quot;zip&quot;:&quot;&quot;}" latitude="37.7808219708329" longitude="-122.422090267887" needs_recoding="false"/></row>