<?xml version="1.0" encoding="UTF-8"?><row _id="12600333" _uuid="51C4D2E6-85CB-4808-905B-867537B5695F" _position="12600333" _address="http://data.sfgov.org/resource/ritf-b9ki/12600333"><incidntnum>150551309</incidntnum><category>LARCENY/THEFT</category><descript>GRAND THEFT FROM LOCKED AUTO</descript><dayofweek>Wednesday</dayofweek><date>2015-06-24T00:00:00</date><time>15:00</time><pddistrict>PARK</pddistrict><resolution>NONE</resolution><address>500 Block of STANYAN ST</address><x>-122.454252426466</x><y>37.7724037893378</y><location human_address="{&quot;address&quot;:&quot;&quot;,&quot;city&quot;:&quot;&quot;,&quot;state&quot;:&quot;&quot;,&quot;zip&quot;:&quot;&quot;}" latitude="37.7724037893378" longitude="-122.454252426466" needs_recoding="false"/></row>