<?xml version="1.0" encoding="UTF-8"?><row _id="12603303" _uuid="AF23CC2D-9C9B-4364-9A0B-F92B57BA1C06" _position="12603303" _address="http://data.sfgov.org/resource/ritf-b9ki/12603303"><incidntnum>150557589</incidntnum><category>PROSTITUTION</category><descript>HUMAN TRAFFICKING</descript><dayofweek>Friday</dayofweek><date>2015-06-26T00:00:00</date><time>20:03</time><pddistrict>RICHMOND</pddistrict><resolution>EXCEPTIONAL CLEARANCE</resolution><address>3400 Block of BALBOA ST</address><x>-122.495731177017</x><y>37.7758429042134</y><location human_address="{&quot;address&quot;:&quot;&quot;,&quot;city&quot;:&quot;&quot;,&quot;state&quot;:&quot;&quot;,&quot;zip&quot;:&quot;&quot;}" latitude="37.7758429042134" longitude="-122.495731177017" needs_recoding="false"/></row>