<?xml version="1.0" encoding="UTF-8"?><row _id="12600709" _uuid="4930BB7C-AD05-4DF2-80CC-F8D2E2BE920D" _position="12600709" _address="http://data.sfgov.org/resource/ritf-b9ki/12600709"><incidntnum>150531787</incidntnum><category>WARRANTS</category><descript>WARRANT ARREST</descript><dayofweek>Wednesday</dayofweek><date>2015-06-17T00:00:00</date><time>23:59</time><pddistrict>CENTRAL</pddistrict><resolution>ARREST, BOOKED</resolution><address>600 Block of POST ST</address><x>-122.413072802026</x><y>37.7877544766568</y><location human_address="{&quot;address&quot;:&quot;&quot;,&quot;city&quot;:&quot;&quot;,&quot;state&quot;:&quot;&quot;,&quot;zip&quot;:&quot;&quot;}" latitude="37.7877544766568" longitude="-122.413072802026" needs_recoding="false"/></row>