<?xml version="1.0" encoding="UTF-8"?><row _id="12599784" _uuid="632C2F6F-3FD5-4747-A505-FE1D539933FF" _position="12599784" _address="http://data.sfgov.org/resource/ritf-b9ki/12599784"><incidntnum>150547637</incidntnum><category>DRUG/NARCOTIC</category><descript>POSSESSION OF MARIJUANA FOR SALES</descript><dayofweek>Tuesday</dayofweek><date>2015-06-23T00:00:00</date><time>17:34</time><pddistrict>TENDERLOIN</pddistrict><resolution>ARREST, BOOKED</resolution><address>MCALLISTER ST / LEAVENWORTH ST</address><x>-122.413679376888</x><y>37.7809258336852</y><location human_address="{&quot;address&quot;:&quot;&quot;,&quot;city&quot;:&quot;&quot;,&quot;state&quot;:&quot;&quot;,&quot;zip&quot;:&quot;&quot;}" latitude="37.7809258336852" longitude="-122.413679376888" needs_recoding="false"/></row>