<?xml version="1.0" encoding="UTF-8"?><row _id="12601654" _uuid="D0AE7103-D52E-4E1A-83F6-130E068652AE" _position="12601654" _address="http://data.sfgov.org/resource/ritf-b9ki/12601654"><incidntnum>150558662</incidntnum><category>LARCENY/THEFT</category><descript>GRAND THEFT FROM LOCKED AUTO</descript><dayofweek>Saturday</dayofweek><date>2015-06-27T00:00:00</date><time>02:40</time><pddistrict>PARK</pddistrict><resolution>ARREST, BOOKED</resolution><address>1900 Block of HAYES ST</address><x>-122.448511700788</x><y>37.7735725810079</y><location human_address="{&quot;address&quot;:&quot;&quot;,&quot;city&quot;:&quot;&quot;,&quot;state&quot;:&quot;&quot;,&quot;zip&quot;:&quot;&quot;}" latitude="37.7735725810079" longitude="-122.448511700788" needs_recoding="false"/></row>