<?xml version="1.0" encoding="UTF-8"?><row _id="12596936" _uuid="8A81A5C5-6277-449E-A1AC-F863CB949A17" _position="12596936" _address="http://data.sfgov.org/resource/ritf-b9ki/12596936"><incidntnum>150526625</incidntnum><category>LARCENY/THEFT</category><descript>GRAND THEFT PICKPOCKET</descript><dayofweek>Tuesday</dayofweek><date>2015-06-16T00:00:00</date><time>18:07</time><pddistrict>TENDERLOIN</pddistrict><resolution>ARREST, BOOKED</resolution><address>100 Block of MCALLISTER ST</address><x>-122.41452262258</x><y>37.7808752665663</y><location human_address="{&quot;address&quot;:&quot;&quot;,&quot;city&quot;:&quot;&quot;,&quot;state&quot;:&quot;&quot;,&quot;zip&quot;:&quot;&quot;}" latitude="37.7808752665663" longitude="-122.41452262258" needs_recoding="false"/></row>