<?xml version="1.0" encoding="UTF-8"?><row _id="12607910" _uuid="E1ED493B-ADFE-4F4C-8787-3FEBFFE0686A" _position="12607910" _address="http://data.sfgov.org/resource/ritf-b9ki/12607910"><incidntnum>150606346</incidntnum><category>BURGLARY</category><descript>BURGLARY OF FLAT, UNLAWFUL ENTRY</descript><dayofweek>Saturday</dayofweek><date>2015-07-11T00:00:00</date><time>22:30</time><pddistrict>PARK</pddistrict><resolution>NONE</resolution><address>100 Block of CARL ST</address><x>-122.452121969253</x><y>37.7655796709772</y><location human_address="{&quot;address&quot;:&quot;&quot;,&quot;city&quot;:&quot;&quot;,&quot;state&quot;:&quot;&quot;,&quot;zip&quot;:&quot;&quot;}" latitude="37.7655796709772" longitude="-122.452121969253" needs_recoding="false"/></row>