<?xml version="1.0" encoding="UTF-8"?><row _id="12599866" _uuid="6FBBF775-B40D-46F8-BB55-D89AAC7AB134" _position="12599866" _address="http://data.sfgov.org/resource/ritf-b9ki/12599866"><incidntnum>150548362</incidntnum><category>LARCENY/THEFT</category><descript>PETTY THEFT FROM LOCKED AUTO</descript><dayofweek>Tuesday</dayofweek><date>2015-06-23T00:00:00</date><time>19:30</time><pddistrict>BAYVIEW</pddistrict><resolution>NONE</resolution><address>800 Block of MINNESOTA ST</address><x>-122.390400000758</x><y>37.759108682594</y><location human_address="{&quot;address&quot;:&quot;&quot;,&quot;city&quot;:&quot;&quot;,&quot;state&quot;:&quot;&quot;,&quot;zip&quot;:&quot;&quot;}" latitude="37.759108682594" longitude="-122.390400000758" needs_recoding="false"/></row>