<?xml version="1.0" encoding="UTF-8"?><row _id="12606923" _uuid="D39178A0-BBA6-4C1E-99CE-B7BFCB5699AB" _position="12606923" _address="http://data.sfgov.org/resource/ritf-b9ki/12606923"><incidntnum>150599274</incidntnum><category>BURGLARY</category><descript>BURGLARY, HOT PROWL, UNLAWFUL ENTRY</descript><dayofweek>Thursday</dayofweek><date>2015-07-09T00:00:00</date><time>07:00</time><pddistrict>MISSION</pddistrict><resolution>NONE</resolution><address>5100 Block of DIAMONDHEIGHTS BL</address><x>-122.44007828523</x><y>37.7458165668766</y><location human_address="{&quot;address&quot;:&quot;&quot;,&quot;city&quot;:&quot;&quot;,&quot;state&quot;:&quot;&quot;,&quot;zip&quot;:&quot;&quot;}" latitude="37.7458165668766" longitude="-122.44007828523" needs_recoding="false"/></row>