<?xml version="1.0" encoding="UTF-8"?><row _id="12599801" _uuid="314B70DE-EB9F-4550-9129-513BDE0DEEDD" _position="12599801" _address="http://data.sfgov.org/resource/ritf-b9ki/12599801"><incidntnum>150545744</incidntnum><category>NON-CRIMINAL</category><descript>LOST PROPERTY</descript><dayofweek>Tuesday</dayofweek><date>2015-06-23T00:00:00</date><time>01:30</time><pddistrict>MISSION</pddistrict><resolution>NONE</resolution><address>18TH ST / CASTRO ST</address><x>-122.435002864298</x><y>37.7608878061194</y><location human_address="{&quot;address&quot;:&quot;&quot;,&quot;city&quot;:&quot;&quot;,&quot;state&quot;:&quot;&quot;,&quot;zip&quot;:&quot;&quot;}" latitude="37.7608878061194" longitude="-122.435002864298" needs_recoding="false"/></row>