<?xml version="1.0" encoding="UTF-8"?><row _id="12597766" _uuid="74A100A8-054D-4FA5-B04A-483640AAB25F" _position="12597766" _address="http://data.sfgov.org/resource/ritf-b9ki/12597766"><incidntnum>156145487</incidntnum><category>LARCENY/THEFT</category><descript>GRAND THEFT OF PROPERTY</descript><dayofweek>Thursday</dayofweek><date>2015-06-18T00:00:00</date><time>13:15</time><pddistrict>NORTHERN</pddistrict><resolution>NONE</resolution><address>1400 Block of GEARY BL</address><x>-122.426382820826</x><y>37.7853100311337</y><location human_address="{&quot;address&quot;:&quot;&quot;,&quot;city&quot;:&quot;&quot;,&quot;state&quot;:&quot;&quot;,&quot;zip&quot;:&quot;&quot;}" latitude="37.7853100311337" longitude="-122.426382820826" needs_recoding="false"/></row>