<?xml version="1.0" encoding="UTF-8"?><row _id="12598084" _uuid="9ED6B3C7-47EC-4439-AD55-89FDB1887DA9" _position="12598084" _address="http://data.sfgov.org/resource/ritf-b9ki/12598084"><incidntnum>150533937</incidntnum><category>ASSAULT</category><descript>BATTERY</descript><dayofweek>Friday</dayofweek><date>2015-06-19T00:00:00</date><time>01:46</time><pddistrict>NORTHERN</pddistrict><resolution>NONE</resolution><address>800 Block of LARKIN ST</address><x>-122.418110537872</x><y>37.7858627664608</y><location human_address="{&quot;address&quot;:&quot;&quot;,&quot;city&quot;:&quot;&quot;,&quot;state&quot;:&quot;&quot;,&quot;zip&quot;:&quot;&quot;}" latitude="37.7858627664608" longitude="-122.418110537872" needs_recoding="false"/></row>