<?xml version="1.0" encoding="UTF-8"?><row _id="12608442" _uuid="77DDD99E-DD26-452A-B188-D3EA2DC6045F" _position="12608442" _address="http://data.sfgov.org/resource/ritf-b9ki/12608442"><incidntnum>156164142</incidntnum><category>LARCENY/THEFT</category><descript>GRAND THEFT OF PROPERTY</descript><dayofweek>Saturday</dayofweek><date>2015-07-04T00:00:00</date><time>20:00</time><pddistrict>CENTRAL</pddistrict><resolution>NONE</resolution><address>BAY ST / KEARNY ST</address><x>-122.407149304657</x><y>37.806426731679</y><location human_address="{&quot;address&quot;:&quot;&quot;,&quot;city&quot;:&quot;&quot;,&quot;state&quot;:&quot;&quot;,&quot;zip&quot;:&quot;&quot;}" latitude="37.806426731679" longitude="-122.407149304657" needs_recoding="false"/></row>