<?xml version="1.0" encoding="UTF-8"?><row _id="12604120" _uuid="9279987C-4EF6-41EA-BE1C-A64BB8B3DA1A" _position="12604120" _address="http://data.sfgov.org/resource/ritf-b9ki/12604120"><incidntnum>150573353</incidntnum><category>NON-CRIMINAL</category><descript>STAY AWAY OR COURT ORDER, NON-DV RELATED</descript><dayofweek>Wednesday</dayofweek><date>2015-07-01T00:00:00</date><time>15:13</time><pddistrict>SOUTHERN</pddistrict><resolution>ARREST, BOOKED</resolution><address>800 Block of BRYANT ST</address><x>-122.403404791479</x><y>37.775420706711</y><location human_address="{&quot;address&quot;:&quot;&quot;,&quot;city&quot;:&quot;&quot;,&quot;state&quot;:&quot;&quot;,&quot;zip&quot;:&quot;&quot;}" latitude="37.775420706711" longitude="-122.403404791479" needs_recoding="false"/></row>