<?xml version="1.0" encoding="UTF-8"?><row _id="12601425" _uuid="7E2365DA-542A-415E-95C1-C3E66DCC845F" _position="12601425" _address="http://data.sfgov.org/resource/ritf-b9ki/12601425"><incidntnum>150556456</incidntnum><category>LARCENY/THEFT</category><descript>THEFT OF COMPUTERS OR CELL PHONES</descript><dayofweek>Friday</dayofweek><date>2015-06-26T00:00:00</date><time>11:50</time><pddistrict>TENDERLOIN</pddistrict><resolution>NONE</resolution><address>0 Block of MCALLISTER ST</address><x>-122.412596970637</x><y>37.7811192121542</y><location human_address="{&quot;address&quot;:&quot;&quot;,&quot;city&quot;:&quot;&quot;,&quot;state&quot;:&quot;&quot;,&quot;zip&quot;:&quot;&quot;}" latitude="37.7811192121542" longitude="-122.412596970637" needs_recoding="false"/></row>