<?xml version="1.0" encoding="UTF-8"?><row _id="12596647" _uuid="CD8E3FFE-E65F-484D-AAC2-C4B89F6B203E" _position="12596647" _address="http://data.sfgov.org/resource/ritf-b9ki/12596647"><incidntnum>156143362</incidntnum><category>LARCENY/THEFT</category><descript>GRAND THEFT FROM LOCKED AUTO</descript><dayofweek>Monday</dayofweek><date>2015-06-15T00:00:00</date><time>17:00</time><pddistrict>CENTRAL</pddistrict><resolution>NONE</resolution><address>1700 Block of MONTGOMERY ST</address><x>-122.405198753901</x><y>37.805247004354</y><location human_address="{&quot;address&quot;:&quot;&quot;,&quot;city&quot;:&quot;&quot;,&quot;state&quot;:&quot;&quot;,&quot;zip&quot;:&quot;&quot;}" latitude="37.805247004354" longitude="-122.405198753901" needs_recoding="false"/></row>