<?xml version="1.0" encoding="UTF-8"?><row _id="12598042" _uuid="1CE72EC0-698B-4732-9EED-18AFD0441EA8" _position="12598042" _address="http://data.sfgov.org/resource/ritf-b9ki/12598042"><incidntnum>150536276</incidntnum><category>ROBBERY</category><descript>ROBBERY, BODILY FORCE</descript><dayofweek>Friday</dayofweek><date>2015-06-19T00:00:00</date><time>22:14</time><pddistrict>SOUTHERN</pddistrict><resolution>ARREST, BOOKED</resolution><address>TOWNSEND ST / 4TH ST</address><x>-122.394985875925</x><y>37.7770909534023</y><location human_address="{&quot;address&quot;:&quot;&quot;,&quot;city&quot;:&quot;&quot;,&quot;state&quot;:&quot;&quot;,&quot;zip&quot;:&quot;&quot;}" latitude="37.7770909534023" longitude="-122.394985875925" needs_recoding="false"/></row>