<?xml version="1.0" encoding="UTF-8"?><row _id="12599658" _uuid="687FE60D-DBC4-4896-9E6A-474A37E1C61F" _position="12599658" _address="http://data.sfgov.org/resource/ritf-b9ki/12599658"><incidntnum>150549809</incidntnum><category>BURGLARY</category><descript>BURGLARY, UNLAWFUL ENTRY</descript><dayofweek>Monday</dayofweek><date>2015-06-22T00:00:00</date><time>13:00</time><pddistrict>INGLESIDE</pddistrict><resolution>NONE</resolution><address>900 Block of CAYUGA AV</address><x>-122.439504677586</x><y>37.7223619567805</y><location human_address="{&quot;address&quot;:&quot;&quot;,&quot;city&quot;:&quot;&quot;,&quot;state&quot;:&quot;&quot;,&quot;zip&quot;:&quot;&quot;}" latitude="37.7223619567805" longitude="-122.439504677586" needs_recoding="false"/></row>