<?xml version="1.0" encoding="UTF-8"?><row _id="12598003" _uuid="705AA2B5-DFA8-4B59-B9A2-A03ECC0272C9" _position="12598003" _address="http://data.sfgov.org/resource/ritf-b9ki/12598003"><incidntnum>150538658</incidntnum><category>LARCENY/THEFT</category><descript>GRAND THEFT PICKPOCKET</descript><dayofweek>Friday</dayofweek><date>2015-06-19T00:00:00</date><time>16:00</time><pddistrict>CENTRAL</pddistrict><resolution>NONE</resolution><address>GRANT AV / CLAY ST</address><x>-122.406307276386</x><y>37.794263358052</y><location human_address="{&quot;address&quot;:&quot;&quot;,&quot;city&quot;:&quot;&quot;,&quot;state&quot;:&quot;&quot;,&quot;zip&quot;:&quot;&quot;}" latitude="37.794263358052" longitude="-122.406307276386" needs_recoding="false"/></row>