<?xml version="1.0" encoding="UTF-8"?><row _id="12602449" _uuid="A5741515-7262-4E1E-B0F9-BC2449776C6D" _position="12602449" _address="http://data.sfgov.org/resource/ritf-b9ki/12602449"><incidntnum>156156092</incidntnum><category>LARCENY/THEFT</category><descript>GRAND THEFT FROM LOCKED AUTO</descript><dayofweek>Sunday</dayofweek><date>2015-06-28T00:00:00</date><time>21:00</time><pddistrict>BAYVIEW</pddistrict><resolution>NONE</resolution><address>1200 Block of DEHARO ST</address><x>-122.40049398931</x><y>37.7539736734278</y><location human_address="{&quot;address&quot;:&quot;&quot;,&quot;city&quot;:&quot;&quot;,&quot;state&quot;:&quot;&quot;,&quot;zip&quot;:&quot;&quot;}" latitude="37.7539736734278" longitude="-122.40049398931" needs_recoding="false"/></row>