<?xml version="1.0" encoding="UTF-8"?><row _id="12597038" _uuid="7B462453-A1B2-4292-B9FC-3676B00EF469" _position="12597038" _address="http://data.sfgov.org/resource/ritf-b9ki/12597038"><incidntnum>150526716</incidntnum><category>LARCENY/THEFT</category><descript>GRAND THEFT FROM LOCKED AUTO</descript><dayofweek>Tuesday</dayofweek><date>2015-06-16T00:00:00</date><time>10:46</time><pddistrict>SOUTHERN</pddistrict><resolution>NONE</resolution><address>800 Block of MISSION ST</address><x>-122.405395493939</x><y>37.7835100715421</y><location human_address="{&quot;address&quot;:&quot;&quot;,&quot;city&quot;:&quot;&quot;,&quot;state&quot;:&quot;&quot;,&quot;zip&quot;:&quot;&quot;}" latitude="37.7835100715421" longitude="-122.405395493939" needs_recoding="false"/></row>