<?xml version="1.0" encoding="UTF-8"?><row _id="12600143" _uuid="5C8E8163-7691-4912-A84B-04C36F8290A6" _position="12600143" _address="http://data.sfgov.org/resource/ritf-b9ki/12600143"><incidntnum>150550652</incidntnum><category>DRUG/NARCOTIC</category><descript>POSSESSION OF NARCOTICS PARAPHERNALIA</descript><dayofweek>Wednesday</dayofweek><date>2015-06-24T00:00:00</date><time>15:35</time><pddistrict>SOUTHERN</pddistrict><resolution>ARREST, BOOKED</resolution><address>MABINI ST / BONIFACIO ST</address><x>-122.399837367207</x><y>37.7822127546626</y><location human_address="{&quot;address&quot;:&quot;&quot;,&quot;city&quot;:&quot;&quot;,&quot;state&quot;:&quot;&quot;,&quot;zip&quot;:&quot;&quot;}" latitude="37.7822127546626" longitude="-122.399837367207" needs_recoding="false"/></row>