<?xml version="1.0" encoding="UTF-8"?><row _id="12641884" _uuid="F225F578-EE62-4580-A704-8C83ABCC0F91" _position="12641884" _address="http://data.sfgov.org/resource/ritf-b9ki/12641884"><incidntnum>150536470</incidntnum><category>MISSING PERSON</category><descript>FOUND PERSON</descript><dayofweek>Friday</dayofweek><date>2015-06-19T00:00:00</date><time>09:45</time><pddistrict>MISSION</pddistrict><resolution>ARREST, BOOKED</resolution><address>2400 Block of HARRISON ST</address><x>-122.412354033821</x><y>37.7582176613659</y><location human_address="{&quot;address&quot;:&quot;&quot;,&quot;city&quot;:&quot;&quot;,&quot;state&quot;:&quot;&quot;,&quot;zip&quot;:&quot;&quot;}" latitude="37.7582176613659" longitude="-122.412354033821" needs_recoding="false"/></row>