<?xml version="1.0" encoding="UTF-8"?><row _id="12604102" _uuid="591A892A-7E89-438E-B7E2-4D3C0DEE1430" _position="12604102" _address="http://data.sfgov.org/resource/ritf-b9ki/12604102"><incidntnum>150575757</incidntnum><category>VANDALISM</category><descript>VANDALISM OR GRAFFITI ON OR WITHIN 100 FT OF HIGHWAY</descript><dayofweek>Thursday</dayofweek><date>2015-07-02T00:00:00</date><time>01:00</time><pddistrict>SOUTHERN</pddistrict><resolution>NONE</resolution><address>KING ST / 5TH ST</address><x>-122.396356347158</x><y>37.7746516427371</y><location human_address="{&quot;address&quot;:&quot;&quot;,&quot;city&quot;:&quot;&quot;,&quot;state&quot;:&quot;&quot;,&quot;zip&quot;:&quot;&quot;}" latitude="37.7746516427371" longitude="-122.396356347158" needs_recoding="false"/></row>