<?xml version="1.0" encoding="UTF-8"?><row _id="12600025" _uuid="73364723-88F0-461D-B815-D263C4A7CAF4" _position="12600025" _address="http://data.sfgov.org/resource/ritf-b9ki/12600025"><incidntnum>150546021</incidntnum><category>VEHICLE THEFT</category><descript>STOLEN TRUCK</descript><dayofweek>Tuesday</dayofweek><date>2015-06-23T00:00:00</date><time>02:30</time><pddistrict>NORTHERN</pddistrict><resolution>NONE</resolution><address>1000 Block of GOLDEN GATE AV</address><x>-122.428651252158</x><y>37.7800402061663</y><location human_address="{&quot;address&quot;:&quot;&quot;,&quot;city&quot;:&quot;&quot;,&quot;state&quot;:&quot;&quot;,&quot;zip&quot;:&quot;&quot;}" latitude="37.7800402061663" longitude="-122.428651252158" needs_recoding="false"/></row>