<?xml version="1.0" encoding="UTF-8"?><row _id="12601610" _uuid="5359D3B6-999C-4C2F-9053-E7712E28C3BC" _position="12601610" _address="http://data.sfgov.org/resource/ritf-b9ki/12601610"><incidntnum>150562077</incidntnum><category>VEHICLE THEFT</category><descript>STOLEN AUTOMOBILE</descript><dayofweek>Saturday</dayofweek><date>2015-06-27T00:00:00</date><time>23:30</time><pddistrict>INGLESIDE</pddistrict><resolution>UNFOUNDED</resolution><address>MISSION ST / RUSSIA AV</address><x>-122.437150548382</x><y>37.7215739965112</y><location human_address="{&quot;address&quot;:&quot;&quot;,&quot;city&quot;:&quot;&quot;,&quot;state&quot;:&quot;&quot;,&quot;zip&quot;:&quot;&quot;}" latitude="37.7215739965112" longitude="-122.437150548382" needs_recoding="false"/></row>