<?xml version="1.0" encoding="UTF-8"?><row _id="12598039" _uuid="C2CBC8E9-BD3D-4B00-AF7E-EACA1C9C5BBA" _position="12598039" _address="http://data.sfgov.org/resource/ritf-b9ki/12598039"><incidntnum>150535701</incidntnum><category>VEHICLE THEFT</category><descript>STOLEN AUTOMOBILE</descript><dayofweek>Thursday</dayofweek><date>2015-06-18T00:00:00</date><time>22:00</time><pddistrict>INGLESIDE</pddistrict><resolution>NONE</resolution><address>ITALY AV / NAPLES ST</address><x>-122.434731478816</x><y>37.7161912705012</y><location human_address="{&quot;address&quot;:&quot;&quot;,&quot;city&quot;:&quot;&quot;,&quot;state&quot;:&quot;&quot;,&quot;zip&quot;:&quot;&quot;}" latitude="37.7161912705012" longitude="-122.434731478816" needs_recoding="false"/></row>