<?xml version="1.0" encoding="UTF-8"?><row _id="12596520" _uuid="11A8060E-8850-4E8E-9360-BE862108972C" _position="12596520" _address="http://data.sfgov.org/resource/ritf-b9ki/12596520"><incidntnum>150525235</incidntnum><category>VANDALISM</category><descript>MALICIOUS MISCHIEF, VANDALISM</descript><dayofweek>Monday</dayofweek><date>2015-06-15T00:00:00</date><time>21:00</time><pddistrict>NORTHERN</pddistrict><resolution>NONE</resolution><address>1400 Block of VANNESS AV</address><x>-122.421921286419</x><y>37.7892209019337</y><location human_address="{&quot;address&quot;:&quot;&quot;,&quot;city&quot;:&quot;&quot;,&quot;state&quot;:&quot;&quot;,&quot;zip&quot;:&quot;&quot;}" latitude="37.7892209019337" longitude="-122.421921286419" needs_recoding="false"/></row>