<?xml version="1.0" encoding="UTF-8"?><row _id="12599615" _uuid="A10D8182-868C-4030-9A25-801E8F21659D" _position="12599615" _address="http://data.sfgov.org/resource/ritf-b9ki/12599615"><incidntnum>150544263</incidntnum><category>ASSAULT</category><descript>BATTERY</descript><dayofweek>Monday</dayofweek><date>2015-06-22T00:00:00</date><time>17:31</time><pddistrict>INGLESIDE</pddistrict><resolution>NONE</resolution><address>0 Block of CURTIS ST</address><x>-122.439819026647</x><y>37.714105192098</y><location human_address="{&quot;address&quot;:&quot;&quot;,&quot;city&quot;:&quot;&quot;,&quot;state&quot;:&quot;&quot;,&quot;zip&quot;:&quot;&quot;}" latitude="37.714105192098" longitude="-122.439819026647" needs_recoding="false"/></row>