<?xml version="1.0" encoding="UTF-8"?><row _id="12597354" _uuid="F32A39E7-72DC-4363-B71F-4DF14E1C85AF" _position="12597354" _address="http://data.sfgov.org/resource/ritf-b9ki/12597354"><incidntnum>150528358</incidntnum><category>NON-CRIMINAL</category><descript>AIDED CASE, MENTAL DISTURBED</descript><dayofweek>Wednesday</dayofweek><date>2015-06-17T00:00:00</date><time>10:33</time><pddistrict>MISSION</pddistrict><resolution>NONE</resolution><address>1700 Block of MISSION ST</address><x>-122.419876917134</x><y>37.7695797471896</y><location human_address="{&quot;address&quot;:&quot;&quot;,&quot;city&quot;:&quot;&quot;,&quot;state&quot;:&quot;&quot;,&quot;zip&quot;:&quot;&quot;}" latitude="37.7695797471896" longitude="-122.419876917134" needs_recoding="false"/></row>