<?xml version="1.0" encoding="UTF-8"?><row _id="12600612" _uuid="C96B8304-8507-4C75-864E-0FFEFB8D5440" _position="12600612" _address="http://data.sfgov.org/resource/ritf-b9ki/12600612"><incidntnum>150554046</incidntnum><category>LARCENY/THEFT</category><descript>PETTY THEFT SHOPLIFTING</descript><dayofweek>Thursday</dayofweek><date>2015-06-25T00:00:00</date><time>14:30</time><pddistrict>SOUTHERN</pddistrict><resolution>ARREST, BOOKED</resolution><address>700 Block of MISSION ST</address><x>-122.403070000847</x><y>37.7852686309087</y><location human_address="{&quot;address&quot;:&quot;&quot;,&quot;city&quot;:&quot;&quot;,&quot;state&quot;:&quot;&quot;,&quot;zip&quot;:&quot;&quot;}" latitude="37.7852686309087" longitude="-122.403070000847" needs_recoding="false"/></row>