<?xml version="1.0" encoding="UTF-8"?><row _id="12597424" _uuid="DA9CA9F0-12FF-4E26-A977-9CE250EA85C4" _position="12597424" _address="http://data.sfgov.org/resource/ritf-b9ki/12597424"><incidntnum>150532882</incidntnum><category>ASSAULT</category><descript>THREATS AGAINST LIFE</descript><dayofweek>Wednesday</dayofweek><date>2015-06-17T00:00:00</date><time>18:00</time><pddistrict>TARAVAL</pddistrict><resolution>ARREST, BOOKED</resolution><address>2500 Block of 33RD AV</address><x>-122.490564833662</x><y>37.7395713692705</y><location human_address="{&quot;address&quot;:&quot;&quot;,&quot;city&quot;:&quot;&quot;,&quot;state&quot;:&quot;&quot;,&quot;zip&quot;:&quot;&quot;}" latitude="37.7395713692705" longitude="-122.490564833662" needs_recoding="false"/></row>