<?xml version="1.0" encoding="UTF-8"?><row _id="12597658" _uuid="4B5016E0-15A7-489F-9E9B-55132520642C" _position="12597658" _address="http://data.sfgov.org/resource/ritf-b9ki/12597658"><incidntnum>150531533</incidntnum><category>OTHER OFFENSES</category><descript>MISCELLANEOUS INVESTIGATION</descript><dayofweek>Thursday</dayofweek><date>2015-06-18T00:00:00</date><time>10:27</time><pddistrict>MISSION</pddistrict><resolution>NONE</resolution><address>2900 Block of 21ST ST</address><x>-122.412902672193</x><y>37.7574512656436</y><location human_address="{&quot;address&quot;:&quot;&quot;,&quot;city&quot;:&quot;&quot;,&quot;state&quot;:&quot;&quot;,&quot;zip&quot;:&quot;&quot;}" latitude="37.7574512656436" longitude="-122.412902672193" needs_recoding="false"/></row>