<?xml version="1.0" encoding="UTF-8"?><row _id="12598135" _uuid="A4F7A00B-6D79-4062-9E1F-E5D02038F266" _position="12598135" _address="http://data.sfgov.org/resource/ritf-b9ki/12598135"><incidntnum>150536072</incidntnum><category>LARCENY/THEFT</category><descript>GRAND THEFT FROM LOCKED AUTO</descript><dayofweek>Friday</dayofweek><date>2015-06-19T00:00:00</date><time>18:30</time><pddistrict>TARAVAL</pddistrict><resolution>NONE</resolution><address>300 Block of EUCALYPTUS DR</address><x>-122.476383904851</x><y>37.7310536423783</y><location human_address="{&quot;address&quot;:&quot;&quot;,&quot;city&quot;:&quot;&quot;,&quot;state&quot;:&quot;&quot;,&quot;zip&quot;:&quot;&quot;}" latitude="37.7310536423783" longitude="-122.476383904851" needs_recoding="false"/></row>