<?xml version="1.0" encoding="UTF-8"?><row _id="12602376" _uuid="6A378106-43D2-46F3-8133-D676A5ABBE91" _position="12602376" _address="http://data.sfgov.org/resource/ritf-b9ki/12602376"><incidntnum>150579486</incidntnum><category>VEHICLE THEFT</category><descript>STOLEN TRUCK</descript><dayofweek>Sunday</dayofweek><date>2015-06-28T00:00:00</date><time>18:00</time><pddistrict>NORTHERN</pddistrict><resolution>NONE</resolution><address>2200 Block of FILLMORE ST</address><x>-122.434185156356</x><y>37.7902737888877</y><location human_address="{&quot;address&quot;:&quot;&quot;,&quot;city&quot;:&quot;&quot;,&quot;state&quot;:&quot;&quot;,&quot;zip&quot;:&quot;&quot;}" latitude="37.7902737888877" longitude="-122.434185156356" needs_recoding="false"/></row>