<?xml version="1.0" encoding="UTF-8"?><row _id="12598119" _uuid="477BAB62-362C-432C-B0C4-32E40DE0A052" _position="12598119" _address="http://data.sfgov.org/resource/ritf-b9ki/12598119"><incidntnum>150535369</incidntnum><category>DRUG/NARCOTIC</category><descript>POSSESSION OF NARCOTICS PARAPHERNALIA</descript><dayofweek>Friday</dayofweek><date>2015-06-19T00:00:00</date><time>16:30</time><pddistrict>SOUTHERN</pddistrict><resolution>ARREST, BOOKED</resolution><address>1100 Block of MARKET ST</address><x>-122.413564091744</x><y>37.779514030063</y><location human_address="{&quot;address&quot;:&quot;&quot;,&quot;city&quot;:&quot;&quot;,&quot;state&quot;:&quot;&quot;,&quot;zip&quot;:&quot;&quot;}" latitude="37.779514030063" longitude="-122.413564091744" needs_recoding="false"/></row>