<?xml version="1.0" encoding="UTF-8"?><row _id="12598127" _uuid="84E7AFAD-3CBE-4001-A4E9-926B9C34E02A" _position="12598127" _address="http://data.sfgov.org/resource/ritf-b9ki/12598127"><incidntnum>150535717</incidntnum><category>NON-CRIMINAL</category><descript>FOUND PROPERTY</descript><dayofweek>Friday</dayofweek><date>2015-06-19T00:00:00</date><time>19:04</time><pddistrict>INGLESIDE</pddistrict><resolution>NONE</resolution><address>400 Block of GENEVA AV</address><x>-122.447125045686</x><y>37.7210305914202</y><location human_address="{&quot;address&quot;:&quot;&quot;,&quot;city&quot;:&quot;&quot;,&quot;state&quot;:&quot;&quot;,&quot;zip&quot;:&quot;&quot;}" latitude="37.7210305914202" longitude="-122.447125045686" needs_recoding="false"/></row>