<?xml version="1.0" encoding="UTF-8"?><row _id="12599425" _uuid="8935316F-F0DA-4B20-9067-47C5C27BD852" _position="12599425" _address="http://data.sfgov.org/resource/ritf-b9ki/12599425"><incidntnum>150545249</incidntnum><category>SUSPICIOUS OCC</category><descript>SUSPICIOUS AUTO, POSSIBLY SEX</descript><dayofweek>Monday</dayofweek><date>2015-06-22T00:00:00</date><time>22:13</time><pddistrict>INGLESIDE</pddistrict><resolution>NONE</resolution><address>MOUNT VERNON AV / CAYUGA AV</address><x>-122.445806379016</x><y>37.717080157109</y><location human_address="{&quot;address&quot;:&quot;&quot;,&quot;city&quot;:&quot;&quot;,&quot;state&quot;:&quot;&quot;,&quot;zip&quot;:&quot;&quot;}" latitude="37.717080157109" longitude="-122.445806379016" needs_recoding="false"/></row>