<?xml version="1.0" encoding="UTF-8"?><row _id="12597149" _uuid="3675CBBB-F926-44E3-A3F0-1DBBC99685B1" _position="12597149" _address="http://data.sfgov.org/resource/ritf-b9ki/12597149"><incidntnum>150525213</incidntnum><category>OTHER OFFENSES</category><descript>FRAUDULENT GAME OR TRICK, OBTAINING MONEY OR PROPERTY</descript><dayofweek>Tuesday</dayofweek><date>2015-06-16T00:00:00</date><time>09:00</time><pddistrict>BAYVIEW</pddistrict><resolution>NONE</resolution><address>2600 Block of SAN BRUNO AV</address><x>-122.403775864685</x><y>37.7282405026531</y><location human_address="{&quot;address&quot;:&quot;&quot;,&quot;city&quot;:&quot;&quot;,&quot;state&quot;:&quot;&quot;,&quot;zip&quot;:&quot;&quot;}" latitude="37.7282405026531" longitude="-122.403775864685" needs_recoding="false"/></row>