<?xml version="1.0" encoding="UTF-8"?><row _id="12600641" _uuid="40899D7E-84D6-4D21-85D0-4D1865393EAE" _position="12600641" _address="http://data.sfgov.org/resource/ritf-b9ki/12600641"><incidntnum>156153048</incidntnum><category>LARCENY/THEFT</category><descript>GRAND THEFT FROM UNLOCKED AUTO</descript><dayofweek>Thursday</dayofweek><date>2015-06-25T00:00:00</date><time>02:14</time><pddistrict>NORTHERN</pddistrict><resolution>NONE</resolution><address>400 Block of LAGUNA ST</address><x>-122.425867140734</x><y>37.7748401039512</y><location human_address="{&quot;address&quot;:&quot;&quot;,&quot;city&quot;:&quot;&quot;,&quot;state&quot;:&quot;&quot;,&quot;zip&quot;:&quot;&quot;}" latitude="37.7748401039512" longitude="-122.425867140734" needs_recoding="false"/></row>