<?xml version="1.0" encoding="UTF-8"?><row _id="12598397" _uuid="B647B103-5968-4FFB-BFD8-8E265739383F" _position="12598397" _address="http://data.sfgov.org/resource/ritf-b9ki/12598397"><incidntnum>150538614</incidntnum><category>LARCENY/THEFT</category><descript>PETTY THEFT FROM LOCKED AUTO</descript><dayofweek>Saturday</dayofweek><date>2015-06-20T00:00:00</date><time>14:30</time><pddistrict>CENTRAL</pddistrict><resolution>NONE</resolution><address>FILBERT ST / LEAVENWORTH ST</address><x>-122.417589710606</x><y>37.8003406138473</y><location human_address="{&quot;address&quot;:&quot;&quot;,&quot;city&quot;:&quot;&quot;,&quot;state&quot;:&quot;&quot;,&quot;zip&quot;:&quot;&quot;}" latitude="37.8003406138473" longitude="-122.417589710606" needs_recoding="false"/></row>