<?xml version="1.0" encoding="UTF-8"?><row _id="12598962" _uuid="F20548F1-9345-4233-9774-D7AE12E66BC5" _position="12598962" _address="http://data.sfgov.org/resource/ritf-b9ki/12598962"><incidntnum>150540164</incidntnum><category>OTHER OFFENSES</category><descript>LOST/STOLEN LICENSE PLATE</descript><dayofweek>Saturday</dayofweek><date>2015-06-20T00:00:00</date><time>19:00</time><pddistrict>RICHMOND</pddistrict><resolution>NONE</resolution><address>ANZA ST / 18TH AV</address><x>-122.477099544732</x><y>37.7785031056258</y><location human_address="{&quot;address&quot;:&quot;&quot;,&quot;city&quot;:&quot;&quot;,&quot;state&quot;:&quot;&quot;,&quot;zip&quot;:&quot;&quot;}" latitude="37.7785031056258" longitude="-122.477099544732" needs_recoding="false"/></row>