<?xml version="1.0" encoding="UTF-8"?><row _id="12597143" _uuid="7923099C-50F5-46E1-8B9E-4E71337D754F" _position="12597143" _address="http://data.sfgov.org/resource/ritf-b9ki/12597143"><incidntnum>150525928</incidntnum><category>BURGLARY</category><descript>BURGLARY, VEHICLE (ARREST MADE)</descript><dayofweek>Tuesday</dayofweek><date>2015-06-16T00:00:00</date><time>14:51</time><pddistrict>NORTHERN</pddistrict><resolution>JUVENILE BOOKED</resolution><address>1100 Block of VANNESS AV</address><x>-122.421254202268</x><y>37.7859235669023</y><location human_address="{&quot;address&quot;:&quot;&quot;,&quot;city&quot;:&quot;&quot;,&quot;state&quot;:&quot;&quot;,&quot;zip&quot;:&quot;&quot;}" latitude="37.7859235669023" longitude="-122.421254202268" needs_recoding="false"/></row>