<?xml version="1.0" encoding="UTF-8"?><row _id="12596856" _uuid="841CE210-3303-42F5-A353-A3E6FDFE5DEA" _position="12596856" _address="http://data.sfgov.org/resource/ritf-b9ki/12596856"><incidntnum>150525279</incidntnum><category>NON-CRIMINAL</category><descript>LOST PROPERTY</descript><dayofweek>Tuesday</dayofweek><date>2015-06-16T00:00:00</date><time>10:45</time><pddistrict>CENTRAL</pddistrict><resolution>NONE</resolution><address>PACIFIC AV / STOCKTON ST</address><x>-122.408433097286</x><y>37.7967039278443</y><location human_address="{&quot;address&quot;:&quot;&quot;,&quot;city&quot;:&quot;&quot;,&quot;state&quot;:&quot;&quot;,&quot;zip&quot;:&quot;&quot;}" latitude="37.7967039278443" longitude="-122.408433097286" needs_recoding="false"/></row>