<?xml version="1.0" encoding="UTF-8"?><row _id="12611922" _uuid="5F4FD05B-9F71-4F84-A2E1-A2FDDF9F46E9" _position="12611922" _address="http://data.sfgov.org/resource/ritf-b9ki/12611922"><incidntnum>150633866</incidntnum><category>VANDALISM</category><descript>MALICIOUS MISCHIEF, STREET CARS/BUSES</descript><dayofweek>Tuesday</dayofweek><date>2015-07-21T00:00:00</date><time>11:00</time><pddistrict>SOUTHERN</pddistrict><resolution>NONE</resolution><address>MARKET ST / 6TH ST</address><x>-122.41029351969</x><y>37.7822305870036</y><location human_address="{&quot;address&quot;:&quot;&quot;,&quot;city&quot;:&quot;&quot;,&quot;state&quot;:&quot;&quot;,&quot;zip&quot;:&quot;&quot;}" latitude="37.7822305870036" longitude="-122.41029351969" needs_recoding="false"/></row>