<?xml version="1.0" encoding="UTF-8"?><row _id="12602688" _uuid="46145A5C-6708-4576-AD86-2A6B859181AF" _position="12602688" _address="http://data.sfgov.org/resource/ritf-b9ki/12602688"><incidntnum>150577418</incidntnum><category>OTHER OFFENSES</category><descript>LOST/STOLEN LICENSE PLATE</descript><dayofweek>Tuesday</dayofweek><date>2015-06-30T00:00:00</date><time>15:00</time><pddistrict>NORTHERN</pddistrict><resolution>NONE</resolution><address>MARINA BL / WEBSTER ST</address><x>-122.435650446687</x><y>37.8061903877567</y><location human_address="{&quot;address&quot;:&quot;&quot;,&quot;city&quot;:&quot;&quot;,&quot;state&quot;:&quot;&quot;,&quot;zip&quot;:&quot;&quot;}" latitude="37.8061903877567" longitude="-122.435650446687" needs_recoding="false"/></row>