<?xml version="1.0" encoding="UTF-8"?><row _id="12599326" _uuid="65A7D24C-056A-49E3-921E-476081B521C9" _position="12599326" _address="http://data.sfgov.org/resource/ritf-b9ki/12599326"><incidntnum>150541203</incidntnum><category>SUSPICIOUS OCC</category><descript>INVESTIGATIVE DETENTION</descript><dayofweek>Sunday</dayofweek><date>2015-06-21T00:00:00</date><time>17:40</time><pddistrict>TENDERLOIN</pddistrict><resolution>NONE</resolution><address>0 Block of STOCKTON ST</address><x>-122.406351834294</x><y>37.7860311576362</y><location human_address="{&quot;address&quot;:&quot;&quot;,&quot;city&quot;:&quot;&quot;,&quot;state&quot;:&quot;&quot;,&quot;zip&quot;:&quot;&quot;}" latitude="37.7860311576362" longitude="-122.406351834294" needs_recoding="false"/></row>