<?xml version="1.0" encoding="UTF-8"?><row _id="12596822" _uuid="B041B3B5-8413-489D-A853-CA53CFE4D249" _position="12596822" _address="http://data.sfgov.org/resource/ritf-b9ki/12596822"><incidntnum>156143889</incidntnum><category>NON-CRIMINAL</category><descript>LOST PROPERTY</descript><dayofweek>Tuesday</dayofweek><date>2015-06-16T00:00:00</date><time>14:40</time><pddistrict>TARAVAL</pddistrict><resolution>NONE</resolution><address>OCEAN AV / ASHTON AV</address><x>-122.462212868171</x><y>37.7252659069258</y><location human_address="{&quot;address&quot;:&quot;&quot;,&quot;city&quot;:&quot;&quot;,&quot;state&quot;:&quot;&quot;,&quot;zip&quot;:&quot;&quot;}" latitude="37.7252659069258" longitude="-122.462212868171" needs_recoding="false"/></row>