<?xml version="1.0" encoding="UTF-8"?><row _id="12601710" _uuid="562BC1A5-907B-454E-9B73-3223480D3DA0" _position="12601710" _address="http://data.sfgov.org/resource/ritf-b9ki/12601710"><incidntnum>150558418</incidntnum><category>ROBBERY</category><descript>ATTEMPTED ROBBERY CHAIN STORE WITH BODILY FORCE</descript><dayofweek>Saturday</dayofweek><date>2015-06-27T00:00:00</date><time>00:50</time><pddistrict>TARAVAL</pddistrict><resolution>NONE</resolution><address>2300 Block of NORIEGA ST</address><x>-122.488807893358</x><y>37.7537519445835</y><location human_address="{&quot;address&quot;:&quot;&quot;,&quot;city&quot;:&quot;&quot;,&quot;state&quot;:&quot;&quot;,&quot;zip&quot;:&quot;&quot;}" latitude="37.7537519445835" longitude="-122.488807893358" needs_recoding="false"/></row>