<?xml version="1.0" encoding="UTF-8"?><row _id="12602001" _uuid="A445F1B8-9B5E-4CA0-9425-CC7A51605588" _position="12602001" _address="http://data.sfgov.org/resource/ritf-b9ki/12602001"><incidntnum>150561671</incidntnum><category>OTHER OFFENSES</category><descript>TRAFFIC VIOLATION ARREST</descript><dayofweek>Sunday</dayofweek><date>2015-06-28T00:00:00</date><time>00:13</time><pddistrict>SOUTHERN</pddistrict><resolution>ARREST, BOOKED</resolution><address>JONES ST / MCALLISTER ST</address><x>-122.411979487494</x><y>37.7809039696758</y><location human_address="{&quot;address&quot;:&quot;&quot;,&quot;city&quot;:&quot;&quot;,&quot;state&quot;:&quot;&quot;,&quot;zip&quot;:&quot;&quot;}" latitude="37.7809039696758" longitude="-122.411979487494" needs_recoding="false"/></row>