<?xml version="1.0" encoding="UTF-8"?><row _id="12597058" _uuid="9494488E-3DC5-47DB-A2AD-CA4125BCC881" _position="12597058" _address="http://data.sfgov.org/resource/ritf-b9ki/12597058"><incidntnum>150528461</incidntnum><category>LARCENY/THEFT</category><descript>PETTY THEFT FROM UNLOCKED AUTO</descript><dayofweek>Tuesday</dayofweek><date>2015-06-16T00:00:00</date><time>08:00</time><pddistrict>BAYVIEW</pddistrict><resolution>NONE</resolution><address>800 Block of TOLAND ST</address><x>-122.400771041657</x><y>37.741919303434</y><location human_address="{&quot;address&quot;:&quot;&quot;,&quot;city&quot;:&quot;&quot;,&quot;state&quot;:&quot;&quot;,&quot;zip&quot;:&quot;&quot;}" latitude="37.741919303434" longitude="-122.400771041657" needs_recoding="false"/></row>