<?xml version="1.0" encoding="UTF-8"?><row _id="12599494" _uuid="AF7A163F-A1F7-4765-B170-F6747711146D" _position="12599494" _address="http://data.sfgov.org/resource/ritf-b9ki/12599494"><incidntnum>150543550</incidntnum><category>NON-CRIMINAL</category><descript>FOUND PROPERTY</descript><dayofweek>Monday</dayofweek><date>2015-06-22T00:00:00</date><time>14:06</time><pddistrict>TARAVAL</pddistrict><resolution>NONE</resolution><address>2300 Block of IRVING ST</address><x>-122.483032150394</x><y>37.7633566102197</y><location human_address="{&quot;address&quot;:&quot;&quot;,&quot;city&quot;:&quot;&quot;,&quot;state&quot;:&quot;&quot;,&quot;zip&quot;:&quot;&quot;}" latitude="37.7633566102197" longitude="-122.483032150394" needs_recoding="false"/></row>