<?xml version="1.0" encoding="UTF-8"?><row _id="12602928" _uuid="57AB9267-0A06-49D8-B501-7AD1442CC488" _position="12602928" _address="http://data.sfgov.org/resource/ritf-b9ki/12602928"><incidntnum>156156622</incidntnum><category>LARCENY/THEFT</category><descript>GRAND THEFT FROM LOCKED AUTO</descript><dayofweek>Tuesday</dayofweek><date>2015-06-30T00:00:00</date><time>18:30</time><pddistrict>CENTRAL</pddistrict><resolution>NONE</resolution><address>500 Block of BUSH ST</address><x>-122.405941469147</x><y>37.7904631779771</y><location human_address="{&quot;address&quot;:&quot;&quot;,&quot;city&quot;:&quot;&quot;,&quot;state&quot;:&quot;&quot;,&quot;zip&quot;:&quot;&quot;}" latitude="37.7904631779771" longitude="-122.405941469147" needs_recoding="false"/></row>