<?xml version="1.0" encoding="UTF-8"?><row _id="12599087" _uuid="1373CC65-728C-4994-807A-A9F8AFB15C04" _position="12599087" _address="http://data.sfgov.org/resource/ritf-b9ki/12599087"><incidntnum>150540772</incidntnum><category>DRUG/NARCOTIC</category><descript>POSSESSION OF METH-AMPHETAMINE</descript><dayofweek>Sunday</dayofweek><date>2015-06-21T00:00:00</date><time>14:07</time><pddistrict>MISSION</pddistrict><resolution>ARREST, BOOKED</resolution><address>2000 Block of MISSION ST</address><x>-122.41965834371</x><y>37.7642205603745</y><location human_address="{&quot;address&quot;:&quot;&quot;,&quot;city&quot;:&quot;&quot;,&quot;state&quot;:&quot;&quot;,&quot;zip&quot;:&quot;&quot;}" latitude="37.7642205603745" longitude="-122.41965834371" needs_recoding="false"/></row>