<?xml version="1.0" encoding="UTF-8"?><row _id="12599098" _uuid="FFAB0253-689D-46A8-BE23-02A821030B2D" _position="12599098" _address="http://data.sfgov.org/resource/ritf-b9ki/12599098"><incidntnum>150541087</incidntnum><category>WARRANTS</category><descript>ENROUTE TO OUTSIDE JURISDICTION</descript><dayofweek>Sunday</dayofweek><date>2015-06-21T00:00:00</date><time>17:08</time><pddistrict>MISSION</pddistrict><resolution>ARREST, BOOKED</resolution><address>2300 Block of MARKET ST</address><x>-122.434229003953</x><y>37.7634850137846</y><location human_address="{&quot;address&quot;:&quot;&quot;,&quot;city&quot;:&quot;&quot;,&quot;state&quot;:&quot;&quot;,&quot;zip&quot;:&quot;&quot;}" latitude="37.7634850137846" longitude="-122.434229003953" needs_recoding="false"/></row>