<?xml version="1.0" encoding="UTF-8"?><row _id="12597674" _uuid="555A56CE-C57F-422C-8EE0-A5780F7CB3F4" _position="12597674" _address="http://data.sfgov.org/resource/ritf-b9ki/12597674"><incidntnum>150533501</incidntnum><category>LARCENY/THEFT</category><descript>GRAND THEFT FROM A BUILDING</descript><dayofweek>Thursday</dayofweek><date>2015-06-18T00:00:00</date><time>18:30</time><pddistrict>MISSION</pddistrict><resolution>NONE</resolution><address>1700 Block of MISSION ST</address><x>-122.419937703327</x><y>37.7686624037434</y><location human_address="{&quot;address&quot;:&quot;&quot;,&quot;city&quot;:&quot;&quot;,&quot;state&quot;:&quot;&quot;,&quot;zip&quot;:&quot;&quot;}" latitude="37.7686624037434" longitude="-122.419937703327" needs_recoding="false"/></row>