<?xml version="1.0" encoding="UTF-8"?><row _id="12607300" _uuid="6F09F9D5-D6FC-489F-877A-80C5639A17F2" _position="12607300" _address="http://data.sfgov.org/resource/ritf-b9ki/12607300"><incidntnum>150598050</incidntnum><category>NON-CRIMINAL</category><descript>LOST PROPERTY</descript><dayofweek>Wednesday</dayofweek><date>2015-07-01T00:00:00</date><time>18:30</time><pddistrict>TENDERLOIN</pddistrict><resolution>NONE</resolution><address>500 Block of JONES ST</address><x>-122.412999075009</x><y>37.786277459166</y><location human_address="{&quot;address&quot;:&quot;&quot;,&quot;city&quot;:&quot;&quot;,&quot;state&quot;:&quot;&quot;,&quot;zip&quot;:&quot;&quot;}" latitude="37.786277459166" longitude="-122.412999075009" needs_recoding="false"/></row>