<?xml version="1.0" encoding="UTF-8"?><row _id="12599021" _uuid="2516B6DB-FDBF-47DD-A048-FC95E2A008A1" _position="12599021" _address="http://data.sfgov.org/resource/ritf-b9ki/12599021"><incidntnum>150540346</incidntnum><category>LARCENY/THEFT</category><descript>GRAND THEFT FROM PERSON</descript><dayofweek>Sunday</dayofweek><date>2015-06-21T00:00:00</date><time>01:00</time><pddistrict>NORTHERN</pddistrict><resolution>NONE</resolution><address>3100 Block of FILLMORE ST</address><x>-122.43575101831</x><y>37.7987282178823</y><location human_address="{&quot;address&quot;:&quot;&quot;,&quot;city&quot;:&quot;&quot;,&quot;state&quot;:&quot;&quot;,&quot;zip&quot;:&quot;&quot;}" latitude="37.7987282178823" longitude="-122.43575101831" needs_recoding="false"/></row>