<?xml version="1.0" encoding="UTF-8"?><row _id="12600695" _uuid="53411018-17E8-4B1A-8614-1114037B4548" _position="12600695" _address="http://data.sfgov.org/resource/ritf-b9ki/12600695"><incidntnum>150559030</incidntnum><category>ASSAULT</category><descript>THREATS AGAINST LIFE</descript><dayofweek>Thursday</dayofweek><date>2015-06-25T00:00:00</date><time>18:00</time><pddistrict>CENTRAL</pddistrict><resolution>NONE</resolution><address>2600 Block of TAYLOR ST</address><x>-122.415594164774</x><y>37.8068100584216</y><location human_address="{&quot;address&quot;:&quot;&quot;,&quot;city&quot;:&quot;&quot;,&quot;state&quot;:&quot;&quot;,&quot;zip&quot;:&quot;&quot;}" latitude="37.8068100584216" longitude="-122.415594164774" needs_recoding="false"/></row>