<?xml version="1.0" encoding="UTF-8"?><row _id="12596954" _uuid="64DB903F-1499-4E42-8872-C6F938B578CD" _position="12596954" _address="http://data.sfgov.org/resource/ritf-b9ki/12596954"><incidntnum>150530171</incidntnum><category>FRAUD</category><descript>CREDIT CARD, THEFT BY USE OF</descript><dayofweek>Tuesday</dayofweek><date>2015-06-16T00:00:00</date><time>23:00</time><pddistrict>SOUTHERN</pddistrict><resolution>NONE</resolution><address>0 Block of HOWARD ST</address><x>-122.392134062208</x><y>37.7916972492914</y><location human_address="{&quot;address&quot;:&quot;&quot;,&quot;city&quot;:&quot;&quot;,&quot;state&quot;:&quot;&quot;,&quot;zip&quot;:&quot;&quot;}" latitude="37.7916972492914" longitude="-122.392134062208" needs_recoding="false"/></row>