<?xml version="1.0" encoding="UTF-8"?><row _id="12610733" _uuid="FFEA0F92-4135-40D4-B184-F7CDEC3D0E64" _position="12610733" _address="http://data.sfgov.org/resource/ritf-b9ki/12610733"><incidntnum>150626708</incidntnum><category>ASSAULT</category><descript>CHILD ABUSE (PHYSICAL)</descript><dayofweek>Saturday</dayofweek><date>2015-07-18T00:00:00</date><time>22:40</time><pddistrict>INGLESIDE</pddistrict><resolution>ARREST, BOOKED</resolution><address>5200 Block of MISSION ST</address><x>-122.442226397949</x><y>37.7150747131897</y><location human_address="{&quot;address&quot;:&quot;&quot;,&quot;city&quot;:&quot;&quot;,&quot;state&quot;:&quot;&quot;,&quot;zip&quot;:&quot;&quot;}" latitude="37.7150747131897" longitude="-122.442226397949" needs_recoding="false"/></row>