<?xml version="1.0" encoding="UTF-8"?><row _id="12604520" _uuid="FF3915AA-D6BF-45A0-B995-923C6F598F0A" _position="12604520" _address="http://data.sfgov.org/resource/ritf-b9ki/12604520"><incidntnum>156162340</incidntnum><category>VANDALISM</category><descript>MALICIOUS MISCHIEF, VANDALISM</descript><dayofweek>Friday</dayofweek><date>2015-06-26T00:00:00</date><time>16:30</time><pddistrict>SOUTHERN</pddistrict><resolution>NONE</resolution><address>800 Block of MISSION ST</address><x>-122.405395493939</x><y>37.7835100715421</y><location human_address="{&quot;address&quot;:&quot;&quot;,&quot;city&quot;:&quot;&quot;,&quot;state&quot;:&quot;&quot;,&quot;zip&quot;:&quot;&quot;}" latitude="37.7835100715421" longitude="-122.405395493939" needs_recoding="false"/></row>