<?xml version="1.0" encoding="UTF-8"?><row _id="12597206" _uuid="5722E7D5-5D21-4B17-81E9-3CF21DE18500" _position="12597206" _address="http://data.sfgov.org/resource/ritf-b9ki/12597206"><incidntnum>150527764</incidntnum><category>SECONDARY CODES</category><descript>JUVENILE INVOLVED</descript><dayofweek>Wednesday</dayofweek><date>2015-06-17T00:00:00</date><time>04:15</time><pddistrict>MISSION</pddistrict><resolution>JUVENILE BOOKED</resolution><address>24TH ST / MISSION ST</address><x>-122.418448186101</x><y>37.7522391652625</y><location human_address="{&quot;address&quot;:&quot;&quot;,&quot;city&quot;:&quot;&quot;,&quot;state&quot;:&quot;&quot;,&quot;zip&quot;:&quot;&quot;}" latitude="37.7522391652625" longitude="-122.418448186101" needs_recoding="false"/></row>