<?xml version="1.0" encoding="UTF-8"?><row _id="12603074" _uuid="0629CDC6-CD46-485F-9856-FBEC83D9A441" _position="12603074" _address="http://data.sfgov.org/resource/ritf-b9ki/12603074"><incidntnum>150573717</incidntnum><category>FRAUD</category><descript>CREDIT CARD, THEFT BY USE OF</descript><dayofweek>Tuesday</dayofweek><date>2015-06-30T00:00:00</date><time>09:36</time><pddistrict>CENTRAL</pddistrict><resolution>NONE</resolution><address>300 Block of POST ST</address><x>-122.407612885387</x><y>37.7884486019705</y><location human_address="{&quot;address&quot;:&quot;&quot;,&quot;city&quot;:&quot;&quot;,&quot;state&quot;:&quot;&quot;,&quot;zip&quot;:&quot;&quot;}" latitude="37.7884486019705" longitude="-122.407612885387" needs_recoding="false"/></row>