<?xml version="1.0" encoding="UTF-8"?><row _id="12596875" _uuid="01E82855-B518-45FB-AA84-FCC461FCC11D" _position="12596875" _address="http://data.sfgov.org/resource/ritf-b9ki/12596875"><incidntnum>150527457</incidntnum><category>LARCENY/THEFT</category><descript>GRAND THEFT FROM LOCKED AUTO</descript><dayofweek>Tuesday</dayofweek><date>2015-06-16T00:00:00</date><time>19:30</time><pddistrict>NORTHERN</pddistrict><resolution>NONE</resolution><address>GEARY BL / FILLMORE ST</address><x>-122.432914603494</x><y>37.7843533426568</y><location human_address="{&quot;address&quot;:&quot;&quot;,&quot;city&quot;:&quot;&quot;,&quot;state&quot;:&quot;&quot;,&quot;zip&quot;:&quot;&quot;}" latitude="37.7843533426568" longitude="-122.432914603494" needs_recoding="false"/></row>