<?xml version="1.0" encoding="UTF-8"?><row _id="12598656" _uuid="6399831E-DFD1-43FE-9E8C-E314C84DF7B8" _position="12598656" _address="http://data.sfgov.org/resource/ritf-b9ki/12598656"><incidntnum>150539117</incidntnum><category>WARRANTS</category><descript>ENROUTE TO ADULT AUTHORITY</descript><dayofweek>Saturday</dayofweek><date>2015-06-20T00:00:00</date><time>21:58</time><pddistrict>CENTRAL</pddistrict><resolution>ARREST, BOOKED</resolution><address>200 Block of GEARY ST</address><x>-122.407413025963</x><y>37.7874074125228</y><location human_address="{&quot;address&quot;:&quot;&quot;,&quot;city&quot;:&quot;&quot;,&quot;state&quot;:&quot;&quot;,&quot;zip&quot;:&quot;&quot;}" latitude="37.7874074125228" longitude="-122.407413025963" needs_recoding="false"/></row>