<?xml version="1.0" encoding="UTF-8"?><row _id="12656641" _uuid="19CF130C-6605-40D4-9777-40A0F1D9C989" _position="12656641" _address="http://data.sfgov.org/resource/ritf-b9ki/12656641"><incidntnum>150983360</incidntnum><category>OTHER OFFENSES</category><descript>FALSE PERSONATION TO RECEIVE MONEY OR PROPERTY</descript><dayofweek>Wednesday</dayofweek><date>2015-06-17T00:00:00</date><time>12:00</time><pddistrict>CENTRAL</pddistrict><resolution>NONE</resolution><address>100 Block of MAIDEN LN</address><x>-122.405911236484</x><y>37.7880756774805</y><location human_address="{&quot;address&quot;:&quot;&quot;,&quot;city&quot;:&quot;&quot;,&quot;state&quot;:&quot;&quot;,&quot;zip&quot;:&quot;&quot;}" latitude="37.7880756774805" longitude="-122.405911236484" needs_recoding="false"/></row>