<?xml version="1.0" encoding="UTF-8"?><row _id="12604581" _uuid="2AFD2B9A-434F-4872-A32D-622B2B80DA87" _position="12604581" _address="http://data.sfgov.org/resource/ritf-b9ki/12604581"><incidntnum>150579470</incidntnum><category>BURGLARY</category><descript>BURGLARY, VEHICLE (ARREST MADE)</descript><dayofweek>Friday</dayofweek><date>2015-07-03T00:00:00</date><time>14:31</time><pddistrict>NORTHERN</pddistrict><resolution>ARREST, BOOKED</resolution><address>1100 Block of FILLMORE ST</address><x>-122.432116233695</x><y>37.7800304351156</y><location human_address="{&quot;address&quot;:&quot;&quot;,&quot;city&quot;:&quot;&quot;,&quot;state&quot;:&quot;&quot;,&quot;zip&quot;:&quot;&quot;}" latitude="37.7800304351156" longitude="-122.432116233695" needs_recoding="false"/></row>