<?xml version="1.0" encoding="UTF-8"?><row _id="12597122" _uuid="628224CD-C5C5-4033-9BD3-7BD85790AF95" _position="12597122" _address="http://data.sfgov.org/resource/ritf-b9ki/12597122"><incidntnum>156144796</incidntnum><category>LARCENY/THEFT</category><descript>GRAND THEFT AUTO STRIP</descript><dayofweek>Tuesday</dayofweek><date>2015-06-16T00:00:00</date><time>22:49</time><pddistrict>TARAVAL</pddistrict><resolution>NONE</resolution><address>1500 Block of GREAT HY</address><x>-122.508936002109</x><y>37.7574698367316</y><location human_address="{&quot;address&quot;:&quot;&quot;,&quot;city&quot;:&quot;&quot;,&quot;state&quot;:&quot;&quot;,&quot;zip&quot;:&quot;&quot;}" latitude="37.7574698367316" longitude="-122.508936002109" needs_recoding="false"/></row>