<?xml version="1.0" encoding="UTF-8"?><row _id="12602071" _uuid="D7A60F46-74DF-4949-8F4D-8491CDB1BF5D" _position="12602071" _address="http://data.sfgov.org/resource/ritf-b9ki/12602071"><incidntnum>150570553</incidntnum><category>NON-CRIMINAL</category><descript>LOST PROPERTY</descript><dayofweek>Sunday</dayofweek><date>2015-06-28T00:00:00</date><time>16:00</time><pddistrict>RICHMOND</pddistrict><resolution>NONE</resolution><address>10TH AV / GEARY BL</address><x>-122.46856416247</x><y>37.780821519541</y><location human_address="{&quot;address&quot;:&quot;&quot;,&quot;city&quot;:&quot;&quot;,&quot;state&quot;:&quot;&quot;,&quot;zip&quot;:&quot;&quot;}" latitude="37.780821519541" longitude="-122.46856416247" needs_recoding="false"/></row>