<?xml version="1.0" encoding="UTF-8"?><row _id="12600658" _uuid="111B9CF4-F408-49E4-964D-ED24BA4DD942" _position="12600658" _address="http://data.sfgov.org/resource/ritf-b9ki/12600658"><incidntnum>150553907</incidntnum><category>OTHER OFFENSES</category><descript>PROBATION VIOLATION</descript><dayofweek>Thursday</dayofweek><date>2015-06-25T00:00:00</date><time>16:23</time><pddistrict>TENDERLOIN</pddistrict><resolution>ARREST, BOOKED</resolution><address>200 Block of EDDY ST</address><x>-122.411800134753</x><y>37.7840890366868</y><location human_address="{&quot;address&quot;:&quot;&quot;,&quot;city&quot;:&quot;&quot;,&quot;state&quot;:&quot;&quot;,&quot;zip&quot;:&quot;&quot;}" latitude="37.7840890366868" longitude="-122.411800134753" needs_recoding="false"/></row>