<?xml version="1.0" encoding="UTF-8"?><row _id="12599405" _uuid="E6348174-ED39-421F-9C47-12EEC5815A0B" _position="12599405" _address="http://data.sfgov.org/resource/ritf-b9ki/12599405"><incidntnum>156149934</incidntnum><category>LARCENY/THEFT</category><descript>GRAND THEFT FROM LOCKED AUTO</descript><dayofweek>Monday</dayofweek><date>2015-06-22T00:00:00</date><time>21:30</time><pddistrict>CENTRAL</pddistrict><resolution>NONE</resolution><address>STOCKTON ST / JACKSON ST</address><x>-122.408254664048</x><y>37.7958223141329</y><location human_address="{&quot;address&quot;:&quot;&quot;,&quot;city&quot;:&quot;&quot;,&quot;state&quot;:&quot;&quot;,&quot;zip&quot;:&quot;&quot;}" latitude="37.7958223141329" longitude="-122.408254664048" needs_recoding="false"/></row>