<?xml version="1.0" encoding="UTF-8"?><row _id="12602862" _uuid="6D524202-9B50-42D3-92C1-5CE628639E7F" _position="12602862" _address="http://data.sfgov.org/resource/ritf-b9ki/12602862"><incidntnum>150569095</incidntnum><category>DRUG/NARCOTIC</category><descript>POSSESSION OF MARIJUANA</descript><dayofweek>Tuesday</dayofweek><date>2015-06-30T00:00:00</date><time>06:25</time><pddistrict>PARK</pddistrict><resolution>ARREST, BOOKED</resolution><address>1500 Block of WALLER ST</address><x>-122.448932869845</x><y>37.7688509935378</y><location human_address="{&quot;address&quot;:&quot;&quot;,&quot;city&quot;:&quot;&quot;,&quot;state&quot;:&quot;&quot;,&quot;zip&quot;:&quot;&quot;}" latitude="37.7688509935378" longitude="-122.448932869845" needs_recoding="false"/></row>