<?xml version="1.0" encoding="UTF-8"?><row _id="12599267" _uuid="7D526F2B-5BCD-4A0C-BDB8-F27E02DFA36E" _position="12599267" _address="http://data.sfgov.org/resource/ritf-b9ki/12599267"><incidntnum>150541457</incidntnum><category>LARCENY/THEFT</category><descript>PETTY THEFT FROM LOCKED AUTO</descript><dayofweek>Sunday</dayofweek><date>2015-06-21T00:00:00</date><time>18:50</time><pddistrict>TARAVAL</pddistrict><resolution>NONE</resolution><address>1200 Block of LA PLAYA ST</address><x>-122.509403436665</x><y>37.7630666354225</y><location human_address="{&quot;address&quot;:&quot;&quot;,&quot;city&quot;:&quot;&quot;,&quot;state&quot;:&quot;&quot;,&quot;zip&quot;:&quot;&quot;}" latitude="37.7630666354225" longitude="-122.509403436665" needs_recoding="false"/></row>