<?xml version="1.0" encoding="UTF-8"?><row _id="12599280" _uuid="C681DFB0-D1B3-45ED-B37C-D695098BEBA1" _position="12599280" _address="http://data.sfgov.org/resource/ritf-b9ki/12599280"><incidntnum>150542546</incidntnum><category>VEHICLE THEFT</category><descript>STOLEN AUTOMOBILE</descript><dayofweek>Sunday</dayofweek><date>2015-06-21T00:00:00</date><time>20:30</time><pddistrict>SOUTHERN</pddistrict><resolution>NONE</resolution><address>200 Block of KANSAS ST</address><x>-122.403631162228</x><y>37.7666581536244</y><location human_address="{&quot;address&quot;:&quot;&quot;,&quot;city&quot;:&quot;&quot;,&quot;state&quot;:&quot;&quot;,&quot;zip&quot;:&quot;&quot;}" latitude="37.7666581536244" longitude="-122.403631162228" needs_recoding="false"/></row>