<?xml version="1.0" encoding="UTF-8"?><row _id="12605519" _uuid="FF8595E9-0E13-414E-975F-78F7BA5500FB" _position="12605519" _address="http://data.sfgov.org/resource/ritf-b9ki/12605519"><incidntnum>150587702</incidntnum><category>SECONDARY CODES</category><descript>DOMESTIC VIOLENCE</descript><dayofweek>Monday</dayofweek><date>2015-07-06T00:00:00</date><time>11:56</time><pddistrict>MISSION</pddistrict><resolution>NONE</resolution><address>16TH ST / POTRERO AV</address><x>-122.407538332319</x><y>37.7657827544276</y><location human_address="{&quot;address&quot;:&quot;&quot;,&quot;city&quot;:&quot;&quot;,&quot;state&quot;:&quot;&quot;,&quot;zip&quot;:&quot;&quot;}" latitude="37.7657827544276" longitude="-122.407538332319" needs_recoding="false"/></row>