<?xml version="1.0" encoding="UTF-8"?><row _id="12597813" _uuid="1A6816E2-84B9-4CD5-9A69-9F0DA8D4194F" _position="12597813" _address="http://data.sfgov.org/resource/ritf-b9ki/12597813"><incidntnum>150533103</incidntnum><category>LARCENY/THEFT</category><descript>PETTY THEFT FROM LOCKED AUTO</descript><dayofweek>Thursday</dayofweek><date>2015-06-18T00:00:00</date><time>19:49</time><pddistrict>SOUTHERN</pddistrict><resolution>NONE</resolution><address>0 Block of CLEMENTINA ST</address><x>-122.395351491841</x><y>37.7873695918922</y><location human_address="{&quot;address&quot;:&quot;&quot;,&quot;city&quot;:&quot;&quot;,&quot;state&quot;:&quot;&quot;,&quot;zip&quot;:&quot;&quot;}" latitude="37.7873695918922" longitude="-122.395351491841" needs_recoding="false"/></row>