<?xml version="1.0" encoding="UTF-8"?><row _id="12602350" _uuid="ACC239F8-78EF-434D-A887-A052F0D3C3AD" _position="12602350" _address="http://data.sfgov.org/resource/ritf-b9ki/12602350"><incidntnum>150564841</incidntnum><category>LARCENY/THEFT</category><descript>PETTY THEFT FROM LOCKED AUTO</descript><dayofweek>Sunday</dayofweek><date>2015-06-28T00:00:00</date><time>19:45</time><pddistrict>SOUTHERN</pddistrict><resolution>NONE</resolution><address>400 Block of CLEMENTINA ST</address><x>-122.405112001355</x><y>37.7798431570931</y><location human_address="{&quot;address&quot;:&quot;&quot;,&quot;city&quot;:&quot;&quot;,&quot;state&quot;:&quot;&quot;,&quot;zip&quot;:&quot;&quot;}" latitude="37.7798431570931" longitude="-122.405112001355" needs_recoding="false"/></row>