<?xml version="1.0" encoding="UTF-8"?><row _id="12604881" _uuid="FFF12CCE-BAEF-4298-9B1B-7B5543F5B7F9" _position="12604881" _address="http://data.sfgov.org/resource/ritf-b9ki/12604881"><incidntnum>150581657</incidntnum><category>NON-CRIMINAL</category><descript>TARASOFF REPORT</descript><dayofweek>Saturday</dayofweek><date>2015-07-04T00:00:00</date><time>09:01</time><pddistrict>MISSION</pddistrict><resolution>NONE</resolution><address>1000 Block of POTRERO AV</address><x>-122.406539115148</x><y>37.7564864109309</y><location human_address="{&quot;address&quot;:&quot;&quot;,&quot;city&quot;:&quot;&quot;,&quot;state&quot;:&quot;&quot;,&quot;zip&quot;:&quot;&quot;}" latitude="37.7564864109309" longitude="-122.406539115148" needs_recoding="false"/></row>