<?xml version="1.0" encoding="UTF-8"?><row _id="12597681" _uuid="13ADF55F-F92F-493C-AECD-18C496FAB043" _position="12597681" _address="http://data.sfgov.org/resource/ritf-b9ki/12597681"><incidntnum>150532064</incidntnum><category>LARCENY/THEFT</category><descript>GRAND THEFT FROM LOCKED AUTO</descript><dayofweek>Thursday</dayofweek><date>2015-06-18T00:00:00</date><time>11:42</time><pddistrict>CENTRAL</pddistrict><resolution>NONE</resolution><address>2200 Block of HYDE ST</address><x>-122.419453149497</x><y>37.8015461838233</y><location human_address="{&quot;address&quot;:&quot;&quot;,&quot;city&quot;:&quot;&quot;,&quot;state&quot;:&quot;&quot;,&quot;zip&quot;:&quot;&quot;}" latitude="37.8015461838233" longitude="-122.419453149497" needs_recoding="false"/></row>