<?xml version="1.0" encoding="UTF-8"?><row _id="12600283" _uuid="598DA302-23A4-4B88-98A0-2A15A721847D" _position="12600283" _address="http://data.sfgov.org/resource/ritf-b9ki/12600283"><incidntnum>150551741</incidntnum><category>WEAPON LAWS</category><descript>POSS OF PROHIBITED WEAPON</descript><dayofweek>Wednesday</dayofweek><date>2015-06-24T00:00:00</date><time>22:30</time><pddistrict>INGLESIDE</pddistrict><resolution>ARREST, BOOKED</resolution><address>4200 Block of MISSION ST</address><x>-122.431136917344</x><y>37.729032987232</y><location human_address="{&quot;address&quot;:&quot;&quot;,&quot;city&quot;:&quot;&quot;,&quot;state&quot;:&quot;&quot;,&quot;zip&quot;:&quot;&quot;}" latitude="37.729032987232" longitude="-122.431136917344" needs_recoding="false"/></row>