<?xml version="1.0" encoding="UTF-8"?><row _id="12597798" _uuid="8AF7B19C-2EEB-4028-9E1F-D876A97603E8" _position="12597798" _address="http://data.sfgov.org/resource/ritf-b9ki/12597798"><incidntnum>150531260</incidntnum><category>LARCENY/THEFT</category><descript>PETTY THEFT FROM LOCKED AUTO</descript><dayofweek>Wednesday</dayofweek><date>2015-06-17T00:00:00</date><time>20:00</time><pddistrict>NORTHERN</pddistrict><resolution>NONE</resolution><address>1700 Block of POST ST</address><x>-122.430579280128</x><y>37.7854121125668</y><location human_address="{&quot;address&quot;:&quot;&quot;,&quot;city&quot;:&quot;&quot;,&quot;state&quot;:&quot;&quot;,&quot;zip&quot;:&quot;&quot;}" latitude="37.7854121125668" longitude="-122.430579280128" needs_recoding="false"/></row>