<?xml version="1.0" encoding="UTF-8"?><row _id="12601423" _uuid="2BCCBCC5-1741-44EA-A629-A8CBA39F0CFD" _position="12601423" _address="http://data.sfgov.org/resource/ritf-b9ki/12601423"><incidntnum>150557987</incidntnum><category>SUSPICIOUS OCC</category><descript>INVESTIGATIVE DETENTION</descript><dayofweek>Friday</dayofweek><date>2015-06-26T00:00:00</date><time>21:56</time><pddistrict>RICHMOND</pddistrict><resolution>NONE</resolution><address>800 Block of 38TH AV</address><x>-122.498249539173</x><y>37.7728459768605</y><location human_address="{&quot;address&quot;:&quot;&quot;,&quot;city&quot;:&quot;&quot;,&quot;state&quot;:&quot;&quot;,&quot;zip&quot;:&quot;&quot;}" latitude="37.7728459768605" longitude="-122.498249539173" needs_recoding="false"/></row>