<?xml version="1.0" encoding="UTF-8"?><row _id="12601999" _uuid="ED3A2974-1C96-414A-88DC-37B69BC112AF" _position="12601999" _address="http://data.sfgov.org/resource/ritf-b9ki/12601999"><incidntnum>150561671</incidntnum><category>FRAUD</category><descript>FALSE ID TO PEACE OFFICER</descript><dayofweek>Sunday</dayofweek><date>2015-06-28T00:00:00</date><time>00:13</time><pddistrict>SOUTHERN</pddistrict><resolution>ARREST, BOOKED</resolution><address>JONES ST / MCALLISTER ST</address><x>-122.411979487494</x><y>37.7809039696758</y><location human_address="{&quot;address&quot;:&quot;&quot;,&quot;city&quot;:&quot;&quot;,&quot;state&quot;:&quot;&quot;,&quot;zip&quot;:&quot;&quot;}" latitude="37.7809039696758" longitude="-122.411979487494" needs_recoding="false"/></row>