<?xml version="1.0" encoding="UTF-8"?><row _id="12598775" _uuid="36A7F254-AB93-4850-9337-6D2BCF2925C2" _position="12598775" _address="http://data.sfgov.org/resource/ritf-b9ki/12598775"><incidntnum>150537519</incidntnum><category>OTHER OFFENSES</category><descript>TRAFFIC VIOLATION ARREST</descript><dayofweek>Saturday</dayofweek><date>2015-06-20T00:00:00</date><time>11:57</time><pddistrict>CENTRAL</pddistrict><resolution>ARREST, BOOKED</resolution><address>900 Block of STOCKTON ST</address><x>-122.407924523261</x><y>37.7945175317794</y><location human_address="{&quot;address&quot;:&quot;&quot;,&quot;city&quot;:&quot;&quot;,&quot;state&quot;:&quot;&quot;,&quot;zip&quot;:&quot;&quot;}" latitude="37.7945175317794" longitude="-122.407924523261" needs_recoding="false"/></row>