<?xml version="1.0" encoding="UTF-8"?><row _id="12607102" _uuid="369A864F-6248-411B-AD38-2DBF21ADD6CF" _position="12607102" _address="http://data.sfgov.org/resource/ritf-b9ki/12607102"><incidntnum>150593561</incidntnum><category>NON-CRIMINAL</category><descript>LOST PROPERTY</descript><dayofweek>Sunday</dayofweek><date>2015-06-21T00:00:00</date><time>12:30</time><pddistrict>MISSION</pddistrict><resolution>NONE</resolution><address>22ND ST / MISSION ST</address><x>-122.418748733523</x><y>37.7554371875097</y><location human_address="{&quot;address&quot;:&quot;&quot;,&quot;city&quot;:&quot;&quot;,&quot;state&quot;:&quot;&quot;,&quot;zip&quot;:&quot;&quot;}" latitude="37.7554371875097" longitude="-122.418748733523" needs_recoding="false"/></row>