<?xml version="1.0" encoding="UTF-8"?><row _id="12598648" _uuid="613F39C6-5F0C-4930-B051-D4BA757B0988" _position="12598648" _address="http://data.sfgov.org/resource/ritf-b9ki/12598648"><incidntnum>150538777</incidntnum><category>LARCENY/THEFT</category><descript>PETTY THEFT SHOPLIFTING</descript><dayofweek>Saturday</dayofweek><date>2015-06-20T00:00:00</date><time>19:52</time><pddistrict>SOUTHERN</pddistrict><resolution>ARREST, BOOKED</resolution><address>900 Block of MARKET ST</address><x>-122.408421116922</x><y>37.7835699386918</y><location human_address="{&quot;address&quot;:&quot;&quot;,&quot;city&quot;:&quot;&quot;,&quot;state&quot;:&quot;&quot;,&quot;zip&quot;:&quot;&quot;}" latitude="37.7835699386918" longitude="-122.408421116922" needs_recoding="false"/></row>