<?xml version="1.0" encoding="UTF-8"?><row _id="12603797" _uuid="44DE5BD4-463E-4C97-936D-49AA2D98B610" _position="12603797" _address="http://data.sfgov.org/resource/ritf-b9ki/12603797"><incidntnum>156163360</incidntnum><category>LARCENY/THEFT</category><descript>GRAND THEFT FROM LOCKED AUTO</descript><dayofweek>Sunday</dayofweek><date>2015-06-28T00:00:00</date><time>01:35</time><pddistrict>SOUTHERN</pddistrict><resolution>NONE</resolution><address>MERLIN ST / HARRISON ST</address><x>-122.4023891145</x><y>37.7786033804946</y><location human_address="{&quot;address&quot;:&quot;&quot;,&quot;city&quot;:&quot;&quot;,&quot;state&quot;:&quot;&quot;,&quot;zip&quot;:&quot;&quot;}" latitude="37.7786033804946" longitude="-122.4023891145" needs_recoding="false"/></row>