<?xml version="1.0" encoding="UTF-8"?><row _id="12598551" _uuid="B46D151E-AF64-42FD-B6E9-7F4224950DF6" _position="12598551" _address="http://data.sfgov.org/resource/ritf-b9ki/12598551"><incidntnum>150539167</incidntnum><category>VANDALISM</category><descript>MALICIOUS MISCHIEF, VANDALISM</descript><dayofweek>Saturday</dayofweek><date>2015-06-20T00:00:00</date><time>22:30</time><pddistrict>MISSION</pddistrict><resolution>NONE</resolution><address>4000 Block of 18TH ST</address><x>-122.434457353955</x><y>37.7609766090845</y><location human_address="{&quot;address&quot;:&quot;&quot;,&quot;city&quot;:&quot;&quot;,&quot;state&quot;:&quot;&quot;,&quot;zip&quot;:&quot;&quot;}" latitude="37.7609766090845" longitude="-122.434457353955" needs_recoding="false"/></row>