<?xml version="1.0" encoding="UTF-8"?><row _id="12599634" _uuid="B0929C61-1D65-4A59-AC48-6BEE04890D59" _position="12599634" _address="http://data.sfgov.org/resource/ritf-b9ki/12599634"><incidntnum>150545700</incidntnum><category>VANDALISM</category><descript>MALICIOUS MISCHIEF, BREAKING WINDOWS</descript><dayofweek>Monday</dayofweek><date>2015-06-22T00:00:00</date><time>21:30</time><pddistrict>SOUTHERN</pddistrict><resolution>NONE</resolution><address>800 Block of BRANNAN ST</address><x>-122.404385042303</x><y>37.7721958190345</y><location human_address="{&quot;address&quot;:&quot;&quot;,&quot;city&quot;:&quot;&quot;,&quot;state&quot;:&quot;&quot;,&quot;zip&quot;:&quot;&quot;}" latitude="37.7721958190345" longitude="-122.404385042303" needs_recoding="false"/></row>