<?xml version="1.0" encoding="UTF-8"?><row _id="12601696" _uuid="54B56632-B316-4B05-8944-4657BA1CB026" _position="12601696" _address="http://data.sfgov.org/resource/ritf-b9ki/12601696"><incidntnum>150561552</incidntnum><category>LARCENY/THEFT</category><descript>PETTY THEFT OF PROPERTY</descript><dayofweek>Saturday</dayofweek><date>2015-06-27T00:00:00</date><time>23:15</time><pddistrict>NORTHERN</pddistrict><resolution>NONE</resolution><address>100 Block of GOUGH ST</address><x>-122.42261964305</x><y>37.7747829983765</y><location human_address="{&quot;address&quot;:&quot;&quot;,&quot;city&quot;:&quot;&quot;,&quot;state&quot;:&quot;&quot;,&quot;zip&quot;:&quot;&quot;}" latitude="37.7747829983765" longitude="-122.42261964305" needs_recoding="false"/></row>