<?xml version="1.0" encoding="UTF-8"?><row _id="12599026" _uuid="6536697E-BFA4-4055-93E4-181681F51812" _position="12599026" _address="http://data.sfgov.org/resource/ritf-b9ki/12599026"><incidntnum>150540722</incidntnum><category>ROBBERY</category><descript>ROBBERY, BODILY FORCE</descript><dayofweek>Sunday</dayofweek><date>2015-06-21T00:00:00</date><time>14:28</time><pddistrict>RICHMOND</pddistrict><resolution>NONE</resolution><address>2100 Block of SUTTER ST</address><x>-122.43574226156</x><y>37.7857157633495</y><location human_address="{&quot;address&quot;:&quot;&quot;,&quot;city&quot;:&quot;&quot;,&quot;state&quot;:&quot;&quot;,&quot;zip&quot;:&quot;&quot;}" latitude="37.7857157633495" longitude="-122.43574226156" needs_recoding="false"/></row>