<?xml version="1.0" encoding="UTF-8"?><row _id="12596790" _uuid="8E8EFD51-CA07-46E2-AB32-CA57E1DAB4F7" _position="12596790" _address="http://data.sfgov.org/resource/ritf-b9ki/12596790"><incidntnum>150524544</incidntnum><category>DRUG/NARCOTIC</category><descript>POSSESSION OF BASE/ROCK COCAINE FOR SALE</descript><dayofweek>Tuesday</dayofweek><date>2015-06-16T00:00:00</date><time>00:50</time><pddistrict>RICHMOND</pddistrict><resolution>ARREST, BOOKED</resolution><address>PARKPRESIDIO BL / CROSSOVER DR</address><x>-122.479502311724</x><y>37.771265769233</y><location human_address="{&quot;address&quot;:&quot;&quot;,&quot;city&quot;:&quot;&quot;,&quot;state&quot;:&quot;&quot;,&quot;zip&quot;:&quot;&quot;}" latitude="37.771265769233" longitude="-122.479502311724" needs_recoding="false"/></row>