<?xml version="1.0" encoding="UTF-8"?><row _id="12602824" _uuid="0E7E3A14-701B-4B8F-8F19-7878DC8EDD30" _position="12602824" _address="http://data.sfgov.org/resource/ritf-b9ki/12602824"><incidntnum>150567588</incidntnum><category>NON-CRIMINAL</category><descript>LOST PROPERTY</descript><dayofweek>Monday</dayofweek><date>2015-06-29T00:00:00</date><time>16:00</time><pddistrict>SOUTHERN</pddistrict><resolution>NONE</resolution><address>800 Block of BRYANT ST</address><x>-122.402849079555</x><y>37.7758599616408</y><location human_address="{&quot;address&quot;:&quot;&quot;,&quot;city&quot;:&quot;&quot;,&quot;state&quot;:&quot;&quot;,&quot;zip&quot;:&quot;&quot;}" latitude="37.7758599616408" longitude="-122.402849079555" needs_recoding="false"/></row>