<?xml version="1.0" encoding="UTF-8"?><row _id="12649682" _uuid="1ED90D8D-32EE-4AD9-A7CE-79D44FF2120C" _position="12649682" _address="http://data.sfgov.org/resource/ritf-b9ki/12649682"><incidntnum>150931977</incidntnum><category>LARCENY/THEFT</category><descript>GRAND THEFT OF PROPERTY</descript><dayofweek>Wednesday</dayofweek><date>2015-07-01T00:00:00</date><time>09:00</time><pddistrict>CENTRAL</pddistrict><resolution>NONE</resolution><address>500 Block of BROADWAY ST</address><x>-122.406460643507</x><y>37.7979466732983</y><location human_address="{&quot;address&quot;:&quot;&quot;,&quot;city&quot;:&quot;&quot;,&quot;state&quot;:&quot;&quot;,&quot;zip&quot;:&quot;&quot;}" latitude="37.7979466732983" longitude="-122.406460643507" needs_recoding="false"/></row>