<?xml version="1.0" encoding="UTF-8"?><row _id="12599321" _uuid="6EE63763-152F-4513-988D-B94C499F6A35" _position="12599321" _address="http://data.sfgov.org/resource/ritf-b9ki/12599321"><incidntnum>150540647</incidntnum><category>BURGLARY</category><descript>BURGLARY, VEHICLE (ARREST MADE)</descript><dayofweek>Sunday</dayofweek><date>2015-06-21T00:00:00</date><time>14:00</time><pddistrict>NORTHERN</pddistrict><resolution>ARREST, BOOKED</resolution><address>3600 Block of LYON ST</address><x>-122.44827840533</x><y>37.804271887891</y><location human_address="{&quot;address&quot;:&quot;&quot;,&quot;city&quot;:&quot;&quot;,&quot;state&quot;:&quot;&quot;,&quot;zip&quot;:&quot;&quot;}" latitude="37.804271887891" longitude="-122.44827840533" needs_recoding="false"/></row>