<?xml version="1.0" encoding="UTF-8"?><row _id="12597957" _uuid="C5CAF66B-7769-4118-915C-E22319304042" _position="12597957" _address="http://data.sfgov.org/resource/ritf-b9ki/12597957"><incidntnum>150532729</incidntnum><category>OTHER OFFENSES</category><descript>FRAUDULENT GAME OR TRICK, OBTAINING MONEY OR PROPERTY</descript><dayofweek>Thursday</dayofweek><date>2015-06-18T00:00:00</date><time>12:45</time><pddistrict>RICHMOND</pddistrict><resolution>NONE</resolution><address>100 Block of 19TH AV</address><x>-122.478575817534</x><y>37.7850879697075</y><location human_address="{&quot;address&quot;:&quot;&quot;,&quot;city&quot;:&quot;&quot;,&quot;state&quot;:&quot;&quot;,&quot;zip&quot;:&quot;&quot;}" latitude="37.7850879697075" longitude="-122.478575817534" needs_recoding="false"/></row>