<?xml version="1.0" encoding="UTF-8"?><row _id="12610318" _uuid="DC30E662-6A56-4605-AEB7-7F0CFA67F27B" _position="12610318" _address="http://data.sfgov.org/resource/ritf-b9ki/12610318"><incidntnum>150628168</incidntnum><category>MISSING PERSON</category><descript>MISSING JUVENILE</descript><dayofweek>Friday</dayofweek><date>2015-07-17T00:00:00</date><time>13:30</time><pddistrict>MISSION</pddistrict><resolution>NONE</resolution><address>100 Block of COLLINGWOOD ST</address><x>-122.435964918002</x><y>37.7600122429873</y><location human_address="{&quot;address&quot;:&quot;&quot;,&quot;city&quot;:&quot;&quot;,&quot;state&quot;:&quot;&quot;,&quot;zip&quot;:&quot;&quot;}" latitude="37.7600122429873" longitude="-122.435964918002" needs_recoding="false"/></row>