<?xml version="1.0" encoding="UTF-8"?><row _id="12596898" _uuid="FA609AED-5923-468A-8FD0-8AABF3D8AF4C" _position="12596898" _address="http://data.sfgov.org/resource/ritf-b9ki/12596898"><incidntnum>156146372</incidntnum><category>LARCENY/THEFT</category><descript>GRAND THEFT FROM LOCKED AUTO</descript><dayofweek>Tuesday</dayofweek><date>2015-06-16T00:00:00</date><time>22:00</time><pddistrict>BAYVIEW</pddistrict><resolution>NONE</resolution><address>SWEENY ST / BOYLSTON ST</address><x>-122.41094381049</x><y>37.7320448220909</y><location human_address="{&quot;address&quot;:&quot;&quot;,&quot;city&quot;:&quot;&quot;,&quot;state&quot;:&quot;&quot;,&quot;zip&quot;:&quot;&quot;}" latitude="37.7320448220909" longitude="-122.41094381049" needs_recoding="false"/></row>