<?xml version="1.0" encoding="UTF-8"?><row _id="12604823" _uuid="793B9F0B-4ACC-4372-84F4-ABB135C0950C" _position="12604823" _address="http://data.sfgov.org/resource/ritf-b9ki/12604823"><incidntnum>150584639</incidntnum><category>OTHER OFFENSES</category><descript>OBSCENE PHONE CALLS(S)</descript><dayofweek>Saturday</dayofweek><date>2015-07-04T00:00:00</date><time>17:00</time><pddistrict>NORTHERN</pddistrict><resolution>NONE</resolution><address>300 Block of LARKIN ST</address><x>-122.4169801816</x><y>37.7809770123705</y><location human_address="{&quot;address&quot;:&quot;&quot;,&quot;city&quot;:&quot;&quot;,&quot;state&quot;:&quot;&quot;,&quot;zip&quot;:&quot;&quot;}" latitude="37.7809770123705" longitude="-122.4169801816" needs_recoding="false"/></row>