<?xml version="1.0" encoding="UTF-8"?><row _id="12599886" _uuid="0E0B5946-E7EA-47BC-88EB-73D5D6DD0491" _position="12599886" _address="http://data.sfgov.org/resource/ritf-b9ki/12599886"><incidntnum>150546485</incidntnum><category>NON-CRIMINAL</category><descript>LOST PROPERTY</descript><dayofweek>Tuesday</dayofweek><date>2015-06-23T00:00:00</date><time>10:30</time><pddistrict>CENTRAL</pddistrict><resolution>NONE</resolution><address>400 Block of MASON ST</address><x>-122.410063526465</x><y>37.7877545532701</y><location human_address="{&quot;address&quot;:&quot;&quot;,&quot;city&quot;:&quot;&quot;,&quot;state&quot;:&quot;&quot;,&quot;zip&quot;:&quot;&quot;}" latitude="37.7877545532701" longitude="-122.410063526465" needs_recoding="false"/></row>