<?xml version="1.0" encoding="UTF-8"?><row _id="12604138" _uuid="A69D71CB-771E-468D-A139-E11EB12F2736" _position="12604138" _address="http://data.sfgov.org/resource/ritf-b9ki/12604138"><incidntnum>150578030</incidntnum><category>OTHER OFFENSES</category><descript>DRIVERS LICENSE, SUSPENDED OR REVOKED</descript><dayofweek>Friday</dayofweek><date>2015-07-03T00:00:00</date><time>00:50</time><pddistrict>BAYVIEW</pddistrict><resolution>ARREST, BOOKED</resolution><address>BAY SHORE BL / PAUL AV</address><x>-122.400784574257</x><y>37.723616775737</y><location human_address="{&quot;address&quot;:&quot;&quot;,&quot;city&quot;:&quot;&quot;,&quot;state&quot;:&quot;&quot;,&quot;zip&quot;:&quot;&quot;}" latitude="37.723616775737" longitude="-122.400784574257" needs_recoding="false"/></row>