<?xml version="1.0" encoding="UTF-8"?><row _id="12600878" _uuid="42D37DB5-D2D2-4516-A55D-EE0109010263" _position="12600878" _address="http://data.sfgov.org/resource/ritf-b9ki/12600878"><incidntnum>150553587</incidntnum><category>LARCENY/THEFT</category><descript>THEFT FROM MERCHANT OR LIBRARY</descript><dayofweek>Thursday</dayofweek><date>2015-06-25T00:00:00</date><time>13:45</time><pddistrict>INGLESIDE</pddistrict><resolution>NONE</resolution><address>3100 Block of MISSION ST</address><x>-122.418609719102</x><y>37.7474453071495</y><location human_address="{&quot;address&quot;:&quot;&quot;,&quot;city&quot;:&quot;&quot;,&quot;state&quot;:&quot;&quot;,&quot;zip&quot;:&quot;&quot;}" latitude="37.7474453071495" longitude="-122.418609719102" needs_recoding="false"/></row>