<?xml version="1.0" encoding="UTF-8"?><row _id="12602484" _uuid="34FF3C78-3B92-4600-B177-C914238146C8" _position="12602484" _address="http://data.sfgov.org/resource/ritf-b9ki/12602484"><incidntnum>150565849</incidntnum><category>OTHER OFFENSES</category><descript>FALSE PERSONATION TO RECEIVE MONEY OR PROPERTY</descript><dayofweek>Sunday</dayofweek><date>2015-06-28T00:00:00</date><time>16:30</time><pddistrict>BAYVIEW</pddistrict><resolution>NONE</resolution><address>900 Block of VERMONT ST</address><x>-122.403442888647</x><y>37.7577060629957</y><location human_address="{&quot;address&quot;:&quot;&quot;,&quot;city&quot;:&quot;&quot;,&quot;state&quot;:&quot;&quot;,&quot;zip&quot;:&quot;&quot;}" latitude="37.7577060629957" longitude="-122.403442888647" needs_recoding="false"/></row>