<?xml version="1.0" encoding="UTF-8"?><row _id="12611034" _uuid="40585C51-77FB-4275-9DA4-57EB647BB6B4" _position="12611034" _address="http://data.sfgov.org/resource/ritf-b9ki/12611034"><incidntnum>150627994</incidntnum><category>LARCENY/THEFT</category><descript>PETTY THEFT FROM LOCKED AUTO</descript><dayofweek>Sunday</dayofweek><date>2015-07-19T00:00:00</date><time>08:00</time><pddistrict>PARK</pddistrict><resolution>NONE</resolution><address>KEZAR DR / MARTIN LUTHER KING JR DR</address><x>-122.458638758608</x><y>37.7671999403456</y><location human_address="{&quot;address&quot;:&quot;&quot;,&quot;city&quot;:&quot;&quot;,&quot;state&quot;:&quot;&quot;,&quot;zip&quot;:&quot;&quot;}" latitude="37.7671999403456" longitude="-122.458638758608" needs_recoding="false"/></row>