<?xml version="1.0" encoding="UTF-8"?><row _id="12597231" _uuid="6739C91C-5B0C-4C62-AE64-0198D7187068" _position="12597231" _address="http://data.sfgov.org/resource/ritf-b9ki/12597231"><incidntnum>150530745</incidntnum><category>OTHER OFFENSES</category><descript>TRAFFIC VIOLATION ARREST</descript><dayofweek>Wednesday</dayofweek><date>2015-06-17T00:00:00</date><time>23:45</time><pddistrict>NORTHERN</pddistrict><resolution>ARREST, BOOKED</resolution><address>VANNESS AV / MARKET ST</address><x>-122.419257894814</x><y>37.7751462916539</y><location human_address="{&quot;address&quot;:&quot;&quot;,&quot;city&quot;:&quot;&quot;,&quot;state&quot;:&quot;&quot;,&quot;zip&quot;:&quot;&quot;}" latitude="37.7751462916539" longitude="-122.419257894814" needs_recoding="false"/></row>