<?xml version="1.0" encoding="UTF-8"?><row _id="12598358" _uuid="FD014535-FF61-4139-95A6-7002A3BC80FE" _position="12598358" _address="http://data.sfgov.org/resource/ritf-b9ki/12598358"><incidntnum>150537531</incidntnum><category>LARCENY/THEFT</category><descript>THEFT OF COMPUTERS OR CELL PHONES</descript><dayofweek>Friday</dayofweek><date>2015-06-19T00:00:00</date><time>18:20</time><pddistrict>NORTHERN</pddistrict><resolution>NONE</resolution><address>1100 Block of FILLMORE ST</address><x>-122.431979576386</x><y>37.7800478529923</y><location human_address="{&quot;address&quot;:&quot;&quot;,&quot;city&quot;:&quot;&quot;,&quot;state&quot;:&quot;&quot;,&quot;zip&quot;:&quot;&quot;}" latitude="37.7800478529923" longitude="-122.431979576386" needs_recoding="false"/></row>