<?xml version="1.0" encoding="UTF-8"?><row _id="12598628" _uuid="C62DDE29-352D-49F4-B26A-EB22E47B967F" _position="12598628" _address="http://data.sfgov.org/resource/ritf-b9ki/12598628"><incidntnum>150537575</incidntnum><category>NON-CRIMINAL</category><descript>AIDED CASE, MENTAL DISTURBED</descript><dayofweek>Saturday</dayofweek><date>2015-06-20T00:00:00</date><time>12:03</time><pddistrict>TENDERLOIN</pddistrict><resolution>NONE</resolution><address>200 Block of ELLIS ST</address><x>-122.410323495232</x><y>37.7851225223607</y><location human_address="{&quot;address&quot;:&quot;&quot;,&quot;city&quot;:&quot;&quot;,&quot;state&quot;:&quot;&quot;,&quot;zip&quot;:&quot;&quot;}" latitude="37.7851225223607" longitude="-122.410323495232" needs_recoding="false"/></row>