<?xml version="1.0" encoding="UTF-8"?><row _id="12601534" _uuid="95676527-8494-4384-9E21-19094D985A99" _position="12601534" _address="http://data.sfgov.org/resource/ritf-b9ki/12601534"><incidntnum>150560792</incidntnum><category>DISORDERLY CONDUCT</category><descript>DISTURBING THE PEACE, FIGHTING</descript><dayofweek>Saturday</dayofweek><date>2015-06-27T00:00:00</date><time>19:07</time><pddistrict>SOUTHERN</pddistrict><resolution>JUVENILE BOOKED</resolution><address>MARKET ST / TURK ST</address><x>-122.408953598279</x><y>37.783287873572</y><location human_address="{&quot;address&quot;:&quot;&quot;,&quot;city&quot;:&quot;&quot;,&quot;state&quot;:&quot;&quot;,&quot;zip&quot;:&quot;&quot;}" latitude="37.783287873572" longitude="-122.408953598279" needs_recoding="false"/></row>