<?xml version="1.0" encoding="UTF-8"?><row _id="12607090" _uuid="2C476BA5-BB4F-47B9-B753-465ADF2291C2" _position="12607090" _address="http://data.sfgov.org/resource/ritf-b9ki/12607090"><incidntnum>156169186</incidntnum><category>LARCENY/THEFT</category><descript>GRAND THEFT FROM LOCKED AUTO</descript><dayofweek>Friday</dayofweek><date>2015-07-10T00:00:00</date><time>18:40</time><pddistrict>SOUTHERN</pddistrict><resolution>NONE</resolution><address>2ND ST / BRANNAN ST</address><x>-122.392082305321</x><y>37.7818457722573</y><location human_address="{&quot;address&quot;:&quot;&quot;,&quot;city&quot;:&quot;&quot;,&quot;state&quot;:&quot;&quot;,&quot;zip&quot;:&quot;&quot;}" latitude="37.7818457722573" longitude="-122.392082305321" needs_recoding="false"/></row>