<?xml version="1.0" encoding="UTF-8"?><row _id="12605806" _uuid="A9685200-9DD1-42AD-9336-7F72664238D5" _position="12605806" _address="http://data.sfgov.org/resource/ritf-b9ki/12605806"><incidntnum>156171711</incidntnum><category>LARCENY/THEFT</category><descript>GRAND THEFT FROM LOCKED AUTO</descript><dayofweek>Friday</dayofweek><date>2015-06-26T00:00:00</date><time>23:00</time><pddistrict>INGLESIDE</pddistrict><resolution>NONE</resolution><address>1500 Block of NOE ST</address><x>-122.431287051909</x><y>37.7446343399714</y><location human_address="{&quot;address&quot;:&quot;&quot;,&quot;city&quot;:&quot;&quot;,&quot;state&quot;:&quot;&quot;,&quot;zip&quot;:&quot;&quot;}" latitude="37.7446343399714" longitude="-122.431287051909" needs_recoding="false"/></row>