<?xml version="1.0" encoding="UTF-8"?><row _id="12599301" _uuid="6F112E21-E431-4B0C-B0FD-43EFE8782B23" _position="12599301" _address="http://data.sfgov.org/resource/ritf-b9ki/12599301"><incidntnum>150539844</incidntnum><category>SUSPICIOUS OCC</category><descript>INVESTIGATIVE DETENTION</descript><dayofweek>Sunday</dayofweek><date>2015-06-21T00:00:00</date><time>07:10</time><pddistrict>MISSION</pddistrict><resolution>NONE</resolution><address>25TH ST / BARTLETT ST</address><x>-122.41940150486</x><y>37.7505727393139</y><location human_address="{&quot;address&quot;:&quot;&quot;,&quot;city&quot;:&quot;&quot;,&quot;state&quot;:&quot;&quot;,&quot;zip&quot;:&quot;&quot;}" latitude="37.7505727393139" longitude="-122.41940150486" needs_recoding="false"/></row>