<?xml version="1.0" encoding="UTF-8"?><row _id="12597361" _uuid="B49AE6A2-9E6D-448D-813C-C547BD1FBC9B" _position="12597361" _address="http://data.sfgov.org/resource/ritf-b9ki/12597361"><incidntnum>150527924</incidntnum><category>OTHER OFFENSES</category><descript>RESISTING ARREST</descript><dayofweek>Wednesday</dayofweek><date>2015-06-17T00:00:00</date><time>07:30</time><pddistrict>CENTRAL</pddistrict><resolution>ARREST, BOOKED</resolution><address>100 Block of JEFFERSON ST</address><x>-122.414988252591</x><y>37.8082613305439</y><location human_address="{&quot;address&quot;:&quot;&quot;,&quot;city&quot;:&quot;&quot;,&quot;state&quot;:&quot;&quot;,&quot;zip&quot;:&quot;&quot;}" latitude="37.8082613305439" longitude="-122.414988252591" needs_recoding="false"/></row>