<?xml version="1.0" encoding="UTF-8"?><row _id="12600046" _uuid="EBDBA877-5DFB-48F3-8C28-EC3B6D408503" _position="12600046" _address="http://data.sfgov.org/resource/ritf-b9ki/12600046"><incidntnum>150548118</incidntnum><category>OTHER OFFENSES</category><descript>STAY AWAY ORDER VIOLATION, DV RELATED</descript><dayofweek>Tuesday</dayofweek><date>2015-06-23T00:00:00</date><time>20:32</time><pddistrict>MISSION</pddistrict><resolution>NONE</resolution><address>14TH ST / GUERRERO ST</address><x>-122.424412715064</x><y>37.7680054163824</y><location human_address="{&quot;address&quot;:&quot;&quot;,&quot;city&quot;:&quot;&quot;,&quot;state&quot;:&quot;&quot;,&quot;zip&quot;:&quot;&quot;}" latitude="37.7680054163824" longitude="-122.424412715064" needs_recoding="false"/></row>