<?xml version="1.0" encoding="UTF-8"?><row _id="12601244" _uuid="0590ACDB-059A-4C55-8252-0BF0CCAB74F0" _position="12601244" _address="http://data.sfgov.org/resource/ritf-b9ki/12601244"><incidntnum>156154228</incidntnum><category>LARCENY/THEFT</category><descript>PETTY THEFT OF PROPERTY</descript><dayofweek>Friday</dayofweek><date>2015-06-26T00:00:00</date><time>22:00</time><pddistrict>NORTHERN</pddistrict><resolution>NONE</resolution><address>3100 Block of FILLMORE ST</address><x>-122.43575101831</x><y>37.7987282178823</y><location human_address="{&quot;address&quot;:&quot;&quot;,&quot;city&quot;:&quot;&quot;,&quot;state&quot;:&quot;&quot;,&quot;zip&quot;:&quot;&quot;}" latitude="37.7987282178823" longitude="-122.43575101831" needs_recoding="false"/></row>