<?xml version="1.0" encoding="UTF-8"?><row _id="12597323" _uuid="90C8029C-9BAA-426F-A54F-0B336A6CCDC8" _position="12597323" _address="http://data.sfgov.org/resource/ritf-b9ki/12597323"><incidntnum>150529083</incidntnum><category>ASSAULT</category><descript>BATTERY</descript><dayofweek>Wednesday</dayofweek><date>2015-06-17T00:00:00</date><time>13:55</time><pddistrict>MISSION</pddistrict><resolution>NONE</resolution><address>900 Block of POTRERO AV</address><x>-122.406870402082</x><y>37.7572895904578</y><location human_address="{&quot;address&quot;:&quot;&quot;,&quot;city&quot;:&quot;&quot;,&quot;state&quot;:&quot;&quot;,&quot;zip&quot;:&quot;&quot;}" latitude="37.7572895904578" longitude="-122.406870402082" needs_recoding="false"/></row>