<?xml version="1.0" encoding="UTF-8"?><row _id="12602505" _uuid="78A9E7D7-FE7A-4163-9B2E-BBBE379E63EB" _position="12602505" _address="http://data.sfgov.org/resource/ritf-b9ki/12602505"><incidntnum>150579345</incidntnum><category>OTHER OFFENSES</category><descript>FRAUDULENT GAME OR TRICK, OBTAINING MONEY OR PROPERTY</descript><dayofweek>Wednesday</dayofweek><date>2015-06-24T00:00:00</date><time>13:00</time><pddistrict>SOUTHERN</pddistrict><resolution>NONE</resolution><address>100 Block of KING ST</address><x>-122.39055271413</x><y>37.7787993793973</y><location human_address="{&quot;address&quot;:&quot;&quot;,&quot;city&quot;:&quot;&quot;,&quot;state&quot;:&quot;&quot;,&quot;zip&quot;:&quot;&quot;}" latitude="37.7787993793973" longitude="-122.39055271413" needs_recoding="false"/></row>