<?xml version="1.0" encoding="UTF-8"?><row _id="12608564" _uuid="DFFCA0C9-4672-4D6E-8156-2B03A827B5C8" _position="12608564" _address="http://data.sfgov.org/resource/ritf-b9ki/12608564"><incidntnum>150612149</incidntnum><category>NON-CRIMINAL</category><descript>LOST PROPERTY</descript><dayofweek>Monday</dayofweek><date>2015-07-13T00:00:00</date><time>15:00</time><pddistrict>CENTRAL</pddistrict><resolution>NONE</resolution><address>700 Block of VALLEJO ST</address><x>-122.409791662293</x><y>37.7985083480435</y><location human_address="{&quot;address&quot;:&quot;&quot;,&quot;city&quot;:&quot;&quot;,&quot;state&quot;:&quot;&quot;,&quot;zip&quot;:&quot;&quot;}" latitude="37.7985083480435" longitude="-122.409791662293" needs_recoding="false"/></row>