<?xml version="1.0" encoding="UTF-8"?><row _id="12601445" _uuid="891BE748-3EC6-49CC-8FBE-676E742DE423" _position="12601445" _address="http://data.sfgov.org/resource/ritf-b9ki/12601445"><incidntnum>150555549</incidntnum><category>TRESPASS</category><descript>LODGING WITHOUT PERMISSION</descript><dayofweek>Friday</dayofweek><date>2015-06-26T00:00:00</date><time>07:00</time><pddistrict>NORTHERN</pddistrict><resolution>NONE</resolution><address>400 Block of FELL ST</address><x>-122.425202930764</x><y>37.7755828668377</y><location human_address="{&quot;address&quot;:&quot;&quot;,&quot;city&quot;:&quot;&quot;,&quot;state&quot;:&quot;&quot;,&quot;zip&quot;:&quot;&quot;}" latitude="37.7755828668377" longitude="-122.425202930764" needs_recoding="false"/></row>