<?xml version="1.0" encoding="UTF-8"?><row _id="12601881" _uuid="803598C5-FC99-4E01-8A7E-2C158E4FBFB7" _position="12601881" _address="http://data.sfgov.org/resource/ritf-b9ki/12601881"><incidntnum>156154905</incidntnum><category>LARCENY/THEFT</category><descript>GRAND THEFT FROM LOCKED AUTO</descript><dayofweek>Saturday</dayofweek><date>2015-06-27T00:00:00</date><time>00:02</time><pddistrict>NORTHERN</pddistrict><resolution>NONE</resolution><address>0 Block of PIXLEY ST</address><x>-122.433319480669</x><y>37.7988548537278</y><location human_address="{&quot;address&quot;:&quot;&quot;,&quot;city&quot;:&quot;&quot;,&quot;state&quot;:&quot;&quot;,&quot;zip&quot;:&quot;&quot;}" latitude="37.7988548537278" longitude="-122.433319480669" needs_recoding="false"/></row>