<?xml version="1.0" encoding="UTF-8"?><row _id="12602291" _uuid="AFCAE09D-EEDB-41E6-8DFD-CFFC193BB6BD" _position="12602291" _address="http://data.sfgov.org/resource/ritf-b9ki/12602291"><incidntnum>150564653</incidntnum><category>ASSAULT</category><descript>BATTERY</descript><dayofweek>Sunday</dayofweek><date>2015-06-28T00:00:00</date><time>20:51</time><pddistrict>MISSION</pddistrict><resolution>NONE</resolution><address>2300 Block of MARKET ST</address><x>-122.43403618214</x><y>37.7632941952462</y><location human_address="{&quot;address&quot;:&quot;&quot;,&quot;city&quot;:&quot;&quot;,&quot;state&quot;:&quot;&quot;,&quot;zip&quot;:&quot;&quot;}" latitude="37.7632941952462" longitude="-122.43403618214" needs_recoding="false"/></row>