<?xml version="1.0" encoding="UTF-8"?><row _id="12602934" _uuid="37618A9A-66E5-4FB5-A540-C9187CD58EA6" _position="12602934" _address="http://data.sfgov.org/resource/ritf-b9ki/12602934"><incidntnum>150567033</incidntnum><category>ASSAULT</category><descript>BATTERY</descript><dayofweek>Monday</dayofweek><date>2015-06-29T00:00:00</date><time>13:00</time><pddistrict>TARAVAL</pddistrict><resolution>NONE</resolution><address>2000 Block of 37TH AV</address><x>-122.495502769291</x><y>37.7487068486863</y><location human_address="{&quot;address&quot;:&quot;&quot;,&quot;city&quot;:&quot;&quot;,&quot;state&quot;:&quot;&quot;,&quot;zip&quot;:&quot;&quot;}" latitude="37.7487068486863" longitude="-122.495502769291" needs_recoding="false"/></row>