<?xml version="1.0" encoding="UTF-8"?><row _id="12599882" _uuid="4E4FF0B1-A8C4-4AF2-91A7-C6A40B50A0E3" _position="12599882" _address="http://data.sfgov.org/resource/ritf-b9ki/12599882"><incidntnum>150546344</incidntnum><category>LARCENY/THEFT</category><descript>PETTY THEFT WITH PRIOR</descript><dayofweek>Tuesday</dayofweek><date>2015-06-23T00:00:00</date><time>11:10</time><pddistrict>INGLESIDE</pddistrict><resolution>ARREST, BOOKED</resolution><address>3300 Block of MISSION ST</address><x>-122.421128029505</x><y>37.7435550542265</y><location human_address="{&quot;address&quot;:&quot;&quot;,&quot;city&quot;:&quot;&quot;,&quot;state&quot;:&quot;&quot;,&quot;zip&quot;:&quot;&quot;}" latitude="37.7435550542265" longitude="-122.421128029505" needs_recoding="false"/></row>