<?xml version="1.0" encoding="UTF-8"?><row _id="12597517" _uuid="157EA7EF-786F-4A8D-8F19-A4C9E319842F" _position="12597517" _address="http://data.sfgov.org/resource/ritf-b9ki/12597517"><incidntnum>150531044</incidntnum><category>DISORDERLY CONDUCT</category><descript>COMMITTING PUBLIC NUISANCE</descript><dayofweek>Thursday</dayofweek><date>2015-06-18T00:00:00</date><time>06:48</time><pddistrict>TENDERLOIN</pddistrict><resolution>NONE</resolution><address>MARKET ST / 8TH ST</address><x>-122.414743835382</x><y>37.778719262789</y><location human_address="{&quot;address&quot;:&quot;&quot;,&quot;city&quot;:&quot;&quot;,&quot;state&quot;:&quot;&quot;,&quot;zip&quot;:&quot;&quot;}" latitude="37.778719262789" longitude="-122.414743835382" needs_recoding="false"/></row>