<?xml version="1.0" encoding="UTF-8"?><row _id="12611522" _uuid="1383D87F-98F1-4DD0-A262-23133AA33CA1" _position="12611522" _address="http://data.sfgov.org/resource/ritf-b9ki/12611522"><incidntnum>156183255</incidntnum><category>LARCENY/THEFT</category><descript>GRAND THEFT FROM UNLOCKED AUTO</descript><dayofweek>Friday</dayofweek><date>2015-06-26T00:00:00</date><time>00:53</time><pddistrict>INGLESIDE</pddistrict><resolution>NONE</resolution><address>MONTECITO AV / HAZELWOOD AV</address><x>-122.454284913803</x><y>37.7304768185746</y><location human_address="{&quot;address&quot;:&quot;&quot;,&quot;city&quot;:&quot;&quot;,&quot;state&quot;:&quot;&quot;,&quot;zip&quot;:&quot;&quot;}" latitude="37.7304768185746" longitude="-122.454284913803" needs_recoding="false"/></row>