<?xml version="1.0" encoding="UTF-8"?><row _id="12607815" _uuid="E934E3AA-EE6F-48AB-B98A-FDCA8E3301EA" _position="12607815" _address="http://data.sfgov.org/resource/ritf-b9ki/12607815"><incidntnum>150598771</incidntnum><category>LARCENY/THEFT</category><descript>PETTY THEFT FROM A BUILDING</descript><dayofweek>Saturday</dayofweek><date>2015-06-20T00:00:00</date><time>00:01</time><pddistrict>RICHMOND</pddistrict><resolution>NONE</resolution><address>2800 Block of CALIFORNIA ST</address><x>-122.441301747588</x><y>37.7880135813236</y><location human_address="{&quot;address&quot;:&quot;&quot;,&quot;city&quot;:&quot;&quot;,&quot;state&quot;:&quot;&quot;,&quot;zip&quot;:&quot;&quot;}" latitude="37.7880135813236" longitude="-122.441301747588" needs_recoding="false"/></row>