<?xml version="1.0" encoding="UTF-8"?><row _id="12596832" _uuid="5D9EC99B-F3BD-4173-AFB3-A7F7009B4FE0" _position="12596832" _address="http://data.sfgov.org/resource/ritf-b9ki/12596832"><incidntnum>150525376</incidntnum><category>ASSAULT</category><descript>AGGRAVATED ASSAULT WITH A DEADLY WEAPON</descript><dayofweek>Tuesday</dayofweek><date>2015-06-16T00:00:00</date><time>09:00</time><pddistrict>TENDERLOIN</pddistrict><resolution>NONE</resolution><address>LEAVENWORTH ST / ELLIS ST</address><x>-122.414433155063</x><y>37.7846576329256</y><location human_address="{&quot;address&quot;:&quot;&quot;,&quot;city&quot;:&quot;&quot;,&quot;state&quot;:&quot;&quot;,&quot;zip&quot;:&quot;&quot;}" latitude="37.7846576329256" longitude="-122.414433155063" needs_recoding="false"/></row>