<?xml version="1.0" encoding="UTF-8"?><row _id="12602328" _uuid="9CB92573-75B7-4ED8-B5E1-CE7C7E14C87D" _position="12602328" _address="http://data.sfgov.org/resource/ritf-b9ki/12602328"><incidntnum>150566386</incidntnum><category>VEHICLE THEFT</category><descript>STOLEN AUTOMOBILE</descript><dayofweek>Sunday</dayofweek><date>2015-06-28T00:00:00</date><time>03:00</time><pddistrict>RICHMOND</pddistrict><resolution>NONE</resolution><address>3400 Block of GEARY BL</address><x>-122.455895726372</x><y>37.781280554263</y><location human_address="{&quot;address&quot;:&quot;&quot;,&quot;city&quot;:&quot;&quot;,&quot;state&quot;:&quot;&quot;,&quot;zip&quot;:&quot;&quot;}" latitude="37.781280554263" longitude="-122.455895726372" needs_recoding="false"/></row>