<?xml version="1.0" encoding="UTF-8"?><row _id="12600267" _uuid="A924FD9A-F314-4B43-A04D-9609AAD8CEA0" _position="12600267" _address="http://data.sfgov.org/resource/ritf-b9ki/12600267"><incidntnum>150550339</incidntnum><category>LARCENY/THEFT</category><descript>PETTY THEFT SHOPLIFTING</descript><dayofweek>Wednesday</dayofweek><date>2015-06-24T00:00:00</date><time>14:36</time><pddistrict>SOUTHERN</pddistrict><resolution>ARREST, BOOKED</resolution><address>1300 Block of MARKET ST</address><x>-122.416818891994</x><y>37.7769362014881</y><location human_address="{&quot;address&quot;:&quot;&quot;,&quot;city&quot;:&quot;&quot;,&quot;state&quot;:&quot;&quot;,&quot;zip&quot;:&quot;&quot;}" latitude="37.7769362014881" longitude="-122.416818891994" needs_recoding="false"/></row>