<?xml version="1.0" encoding="UTF-8"?><row _id="12628432" _uuid="3D64B4AF-9494-4C16-AFB7-B1468A3DB82D" _position="12628432" _address="http://data.sfgov.org/resource/ritf-b9ki/12628432"><incidntnum>150752927</incidntnum><category>OTHER OFFENSES</category><descript>DRIVERS LICENSE, SUSPENDED OR REVOKED</descript><dayofweek>Friday</dayofweek><date>2015-08-28T00:00:00</date><time>03:10</time><pddistrict>BAYVIEW</pddistrict><resolution>ARREST, BOOKED</resolution><address>CESAR CHAVEZ ST / KANSAS ST</address><x>-122.402063377785</x><y>37.7493979879214</y><location human_address="{&quot;address&quot;:&quot;&quot;,&quot;city&quot;:&quot;&quot;,&quot;state&quot;:&quot;&quot;,&quot;zip&quot;:&quot;&quot;}" latitude="37.7493979879214" longitude="-122.402063377785" needs_recoding="false"/></row>