<?xml version="1.0" encoding="UTF-8"?><row _id="12596257" _uuid="2CE76A80-735D-4186-BC17-BD783327ECB9" _position="12596257" _address="http://data.sfgov.org/resource/ritf-b9ki/12596257"><incidntnum>150523972</incidntnum><category>WARRANTS</category><descript>WARRANT ARREST</descript><dayofweek>Monday</dayofweek><date>2015-06-15T00:00:00</date><time>19:39</time><pddistrict>TENDERLOIN</pddistrict><resolution>ARREST, BOOKED</resolution><address>TURK ST / LEAVENWORTH ST</address><x>-122.414056291891</x><y>37.7827931071006</y><location human_address="{&quot;address&quot;:&quot;&quot;,&quot;city&quot;:&quot;&quot;,&quot;state&quot;:&quot;&quot;,&quot;zip&quot;:&quot;&quot;}" latitude="37.7827931071006" longitude="-122.414056291891" needs_recoding="false"/></row>