<?xml version="1.0" encoding="UTF-8"?><row _id="12598498" _uuid="43D9D401-49D4-4F58-A5BE-B9499324E8C7" _position="12598498" _address="http://data.sfgov.org/resource/ritf-b9ki/12598498"><incidntnum>150561831</incidntnum><category>ASSAULT</category><descript>AGGRAVATED ASSAULT WITH BODILY FORCE</descript><dayofweek>Saturday</dayofweek><date>2015-06-20T00:00:00</date><time>01:18</time><pddistrict>NORTHERN</pddistrict><resolution>ARREST, BOOKED</resolution><address>POLK ST / CLAY ST</address><x>-122.421056878203</x><y>37.7923840813812</y><location human_address="{&quot;address&quot;:&quot;&quot;,&quot;city&quot;:&quot;&quot;,&quot;state&quot;:&quot;&quot;,&quot;zip&quot;:&quot;&quot;}" latitude="37.7923840813812" longitude="-122.421056878203" needs_recoding="false"/></row>