<?xml version="1.0" encoding="UTF-8"?><row _id="12601036" _uuid="D531DAB7-286C-4976-B1CD-F3106AED6E6A" _position="12601036" _address="http://data.sfgov.org/resource/ritf-b9ki/12601036"><incidntnum>150558214</incidntnum><category>OTHER OFFENSES</category><descript>DRIVERS LICENSE, SUSPENDED OR REVOKED</descript><dayofweek>Friday</dayofweek><date>2015-06-26T00:00:00</date><time>23:40</time><pddistrict>SOUTHERN</pddistrict><resolution>ARREST, BOOKED</resolution><address>10TH ST / HARRISON ST</address><x>-122.411279189969</x><y>37.7715785765043</y><location human_address="{&quot;address&quot;:&quot;&quot;,&quot;city&quot;:&quot;&quot;,&quot;state&quot;:&quot;&quot;,&quot;zip&quot;:&quot;&quot;}" latitude="37.7715785765043" longitude="-122.411279189969" needs_recoding="false"/></row>