<?xml version="1.0" encoding="UTF-8"?><row _id="12600347" _uuid="C624A2DF-AF97-49D4-A56A-8FB97315000F" _position="12600347" _address="http://data.sfgov.org/resource/ritf-b9ki/12600347"><incidntnum>150552125</incidntnum><category>MISSING PERSON</category><descript>MISSING JUVENILE</descript><dayofweek>Wednesday</dayofweek><date>2015-06-24T00:00:00</date><time>11:00</time><pddistrict>BAYVIEW</pddistrict><resolution>CLEARED-CONTACT JUVENILE FOR MORE INFO</resolution><address>1700 Block of REVERE AV</address><x>-122.392775772337</x><y>37.7330781710011</y><location human_address="{&quot;address&quot;:&quot;&quot;,&quot;city&quot;:&quot;&quot;,&quot;state&quot;:&quot;&quot;,&quot;zip&quot;:&quot;&quot;}" latitude="37.7330781710011" longitude="-122.392775772337" needs_recoding="false"/></row>