<?xml version="1.0" encoding="UTF-8"?><row _id="12603178" _uuid="2E1B52CA-1FAA-45FE-827C-72E007D0DF07" _position="12603178" _address="http://data.sfgov.org/resource/ritf-b9ki/12603178"><incidntnum>156163605</incidntnum><category>LARCENY/THEFT</category><descript>PETTY THEFT OF PROPERTY</descript><dayofweek>Monday</dayofweek><date>2015-06-29T00:00:00</date><time>13:40</time><pddistrict>SOUTHERN</pddistrict><resolution>NONE</resolution><address>1000 Block of HARRISON ST</address><x>-122.405955118452</x><y>37.7758609689912</y><location human_address="{&quot;address&quot;:&quot;&quot;,&quot;city&quot;:&quot;&quot;,&quot;state&quot;:&quot;&quot;,&quot;zip&quot;:&quot;&quot;}" latitude="37.7758609689912" longitude="-122.405955118452" needs_recoding="false"/></row>