<?xml version="1.0" encoding="UTF-8"?><row _id="12599779" _uuid="7CA718DA-7D79-4AD7-8766-16D43A51D174" _position="12599779" _address="http://data.sfgov.org/resource/ritf-b9ki/12599779"><incidntnum>150545829</incidntnum><category>OTHER OFFENSES</category><descript>TRAFFIC VIOLATION ARREST</descript><dayofweek>Tuesday</dayofweek><date>2015-06-23T00:00:00</date><time>08:31</time><pddistrict>SOUTHERN</pddistrict><resolution>ARREST, BOOKED</resolution><address>11TH ST / FOLSOM ST</address><x>-122.41402726269</x><y>37.7718636177154</y><location human_address="{&quot;address&quot;:&quot;&quot;,&quot;city&quot;:&quot;&quot;,&quot;state&quot;:&quot;&quot;,&quot;zip&quot;:&quot;&quot;}" latitude="37.7718636177154" longitude="-122.41402726269" needs_recoding="false"/></row>