<?xml version="1.0" encoding="UTF-8"?><row _id="12608808" _uuid="2DC274EA-90BB-4367-9100-82B2E003AD1A" _position="12608808" _address="http://data.sfgov.org/resource/ritf-b9ki/12608808"><incidntnum>150611367</incidntnum><category>VANDALISM</category><descript>MALICIOUS MISCHIEF, ADULT SUSPECT</descript><dayofweek>Monday</dayofweek><date>2015-07-13T00:00:00</date><time>21:45</time><pddistrict>INGLESIDE</pddistrict><resolution>NONE</resolution><address>4600 Block of MISSION ST</address><x>-122.435041282959</x><y>37.7242560470421</y><location human_address="{&quot;address&quot;:&quot;&quot;,&quot;city&quot;:&quot;&quot;,&quot;state&quot;:&quot;&quot;,&quot;zip&quot;:&quot;&quot;}" latitude="37.7242560470421" longitude="-122.435041282959" needs_recoding="false"/></row>