<?xml version="1.0" encoding="UTF-8"?><row _id="12597970" _uuid="B7FE4EA8-4046-44F1-9384-72B6E29914F8" _position="12597970" _address="http://data.sfgov.org/resource/ritf-b9ki/12597970"><incidntnum>150533971</incidntnum><category>WARRANTS</category><descript>ENROUTE TO ADULT AUTHORITY</descript><dayofweek>Friday</dayofweek><date>2015-06-19T00:00:00</date><time>03:03</time><pddistrict>INGLESIDE</pddistrict><resolution>ARREST, BOOKED</resolution><address>ONONDAGA AV / ALEMANY BL</address><x>-122.438642401146</x><y>37.7216263690423</y><location human_address="{&quot;address&quot;:&quot;&quot;,&quot;city&quot;:&quot;&quot;,&quot;state&quot;:&quot;&quot;,&quot;zip&quot;:&quot;&quot;}" latitude="37.7216263690423" longitude="-122.438642401146" needs_recoding="false"/></row>