<?xml version="1.0" encoding="UTF-8"?><row _id="12600778" _uuid="733BC61E-8275-4BD2-BACA-D3C7347BFF46" _position="12600778" _address="http://data.sfgov.org/resource/ritf-b9ki/12600778"><incidntnum>150569722</incidntnum><category>LARCENY/THEFT</category><descript>GRAND THEFT FROM A BUILDING</descript><dayofweek>Monday</dayofweek><date>2015-06-22T00:00:00</date><time>13:00</time><pddistrict>SOUTHERN</pddistrict><resolution>NONE</resolution><address>100 Block of NEWMONTGOMERY ST</address><x>-122.399689492621</x><y>37.7868609000277</y><location human_address="{&quot;address&quot;:&quot;&quot;,&quot;city&quot;:&quot;&quot;,&quot;state&quot;:&quot;&quot;,&quot;zip&quot;:&quot;&quot;}" latitude="37.7868609000277" longitude="-122.399689492621" needs_recoding="false"/></row>