<?xml version="1.0" encoding="UTF-8"?><row _id="12597336" _uuid="5B034DE4-BD26-4F13-87F8-086562ED281C" _position="12597336" _address="http://data.sfgov.org/resource/ritf-b9ki/12597336"><incidntnum>150529613</incidntnum><category>ASSAULT</category><descript>INFLICT INJURY ON COHABITEE</descript><dayofweek>Wednesday</dayofweek><date>2015-06-17T00:00:00</date><time>16:19</time><pddistrict>MISSION</pddistrict><resolution>ARREST, BOOKED</resolution><address>1700 Block of 15TH ST</address><x>-122.422667886722</x><y>37.7665569549171</y><location human_address="{&quot;address&quot;:&quot;&quot;,&quot;city&quot;:&quot;&quot;,&quot;state&quot;:&quot;&quot;,&quot;zip&quot;:&quot;&quot;}" latitude="37.7665569549171" longitude="-122.422667886722" needs_recoding="false"/></row>