<?xml version="1.0" encoding="UTF-8"?><row _id="12598122" _uuid="5F123E2F-7C14-467E-869D-3B0DA086E338" _position="12598122" _address="http://data.sfgov.org/resource/ritf-b9ki/12598122"><incidntnum>150535438</incidntnum><category>OTHER OFFENSES</category><descript>VIOLATION OF MUNICIPAL CODE</descript><dayofweek>Friday</dayofweek><date>2015-06-19T00:00:00</date><time>17:14</time><pddistrict>SOUTHERN</pddistrict><resolution>ARREST, BOOKED</resolution><address>900 Block of MARKET ST</address><x>-122.409708423721</x><y>37.7828276498838</y><location human_address="{&quot;address&quot;:&quot;&quot;,&quot;city&quot;:&quot;&quot;,&quot;state&quot;:&quot;&quot;,&quot;zip&quot;:&quot;&quot;}" latitude="37.7828276498838" longitude="-122.409708423721" needs_recoding="false"/></row>