<?xml version="1.0" encoding="UTF-8"?><row _id="12600332" _uuid="313AF422-5A7D-4A6A-96DF-6C82E3C513E1" _position="12600332" _address="http://data.sfgov.org/resource/ritf-b9ki/12600332"><incidntnum>150551252</incidntnum><category>ASSAULT</category><descript>BATTERY</descript><dayofweek>Wednesday</dayofweek><date>2015-06-24T00:00:00</date><time>19:36</time><pddistrict>BAYVIEW</pddistrict><resolution>NONE</resolution><address>100 Block of KIRKWOOD AV</address><x>-122.372788031758</x><y>37.7285976052941</y><location human_address="{&quot;address&quot;:&quot;&quot;,&quot;city&quot;:&quot;&quot;,&quot;state&quot;:&quot;&quot;,&quot;zip&quot;:&quot;&quot;}" latitude="37.7285976052941" longitude="-122.372788031758" needs_recoding="false"/></row>