<?xml version="1.0" encoding="UTF-8"?><row _id="12604437" _uuid="BBADC017-9F4C-49AB-8C51-7C118D3F5737" _position="12604437" _address="http://data.sfgov.org/resource/ritf-b9ki/12604437"><incidntnum>150575995</incidntnum><category>MISSING PERSON</category><descript>MISSING ADULT</descript><dayofweek>Wednesday</dayofweek><date>2015-07-01T00:00:00</date><time>11:15</time><pddistrict>MISSION</pddistrict><resolution>NONE</resolution><address>800 Block of POTRERO AV</address><x>-122.406725329529</x><y>37.7585641691709</y><location human_address="{&quot;address&quot;:&quot;&quot;,&quot;city&quot;:&quot;&quot;,&quot;state&quot;:&quot;&quot;,&quot;zip&quot;:&quot;&quot;}" latitude="37.7585641691709" longitude="-122.406725329529" needs_recoding="false"/></row>