<?xml version="1.0" encoding="UTF-8"?><row _id="12600961" _uuid="242D100B-8BFE-44AE-B25A-9B0F5473B06E" _position="12600961" _address="http://data.sfgov.org/resource/ritf-b9ki/12600961"><incidntnum>150557313</incidntnum><category>ASSAULT</category><descript>AGGRAVATED ASSAULT WITH A KNIFE</descript><dayofweek>Friday</dayofweek><date>2015-06-26T00:00:00</date><time>17:30</time><pddistrict>INGLESIDE</pddistrict><resolution>NONE</resolution><address>MISSION ST / HIGHLAND AV</address><x>-122.424042254192</x><y>37.7374051783442</y><location human_address="{&quot;address&quot;:&quot;&quot;,&quot;city&quot;:&quot;&quot;,&quot;state&quot;:&quot;&quot;,&quot;zip&quot;:&quot;&quot;}" latitude="37.7374051783442" longitude="-122.424042254192" needs_recoding="false"/></row>