<?xml version="1.0" encoding="UTF-8"?><row _id="12664849" _uuid="A32A8FD3-46BA-46B3-86DC-E56296DA7214" _position="12664849" _address="http://data.sfgov.org/resource/ritf-b9ki/12664849"><incidntnum>151009769</incidntnum><category>ASSAULT</category><descript>THREATS AGAINST LIFE</descript><dayofweek>Saturday</dayofweek><date>2015-08-01T00:00:00</date><time>00:01</time><pddistrict>INGLESIDE</pddistrict><resolution>ARREST, BOOKED</resolution><address>700 Block of BRAZIL AV</address><x>-122.42879724776</x><y>37.7218736245569</y><location human_address="{&quot;address&quot;:&quot;&quot;,&quot;city&quot;:&quot;&quot;,&quot;state&quot;:&quot;&quot;,&quot;zip&quot;:&quot;&quot;}" latitude="37.7218736245569" longitude="-122.42879724776" needs_recoding="false"/></row>