<?xml version="1.0" encoding="UTF-8"?><row _id="12611137" _uuid="2F59E560-CCD7-4EA4-B0C3-FF421D6C2712" _position="12611137" _address="http://data.sfgov.org/resource/ritf-b9ki/12611137"><incidntnum>150627671</incidntnum><category>ASSAULT</category><descript>BATTERY</descript><dayofweek>Sunday</dayofweek><date>2015-07-19T00:00:00</date><time>00:01</time><pddistrict>CENTRAL</pddistrict><resolution>NONE</resolution><address>600 Block of SUTTER ST</address><x>-122.411068869703</x><y>37.7888557042697</y><location human_address="{&quot;address&quot;:&quot;&quot;,&quot;city&quot;:&quot;&quot;,&quot;state&quot;:&quot;&quot;,&quot;zip&quot;:&quot;&quot;}" latitude="37.7888557042697" longitude="-122.411068869703" needs_recoding="false"/></row>