<?xml version="1.0" encoding="UTF-8"?><row _id="12607175" _uuid="724DC223-C174-417A-9D47-91D1DD8F65E8" _position="12607175" _address="http://data.sfgov.org/resource/ritf-b9ki/12607175"><incidntnum>150601211</incidntnum><category>NON-CRIMINAL</category><descript>AIDED CASE, MENTAL DISTURBED</descript><dayofweek>Friday</dayofweek><date>2015-07-10T00:00:00</date><time>16:00</time><pddistrict>NORTHERN</pddistrict><resolution>NONE</resolution><address>300 Block of BUCHANAN ST</address><x>-122.4272776443</x><y>37.7727541133707</y><location human_address="{&quot;address&quot;:&quot;&quot;,&quot;city&quot;:&quot;&quot;,&quot;state&quot;:&quot;&quot;,&quot;zip&quot;:&quot;&quot;}" latitude="37.7727541133707" longitude="-122.4272776443" needs_recoding="false"/></row>