<?xml version="1.0" encoding="UTF-8"?><row _id="12608162" _uuid="5D74C812-6F20-42DD-A199-CD1E01EBE6A9" _position="12608162" _address="http://data.sfgov.org/resource/ritf-b9ki/12608162"><incidntnum>150606186</incidntnum><category>NON-CRIMINAL</category><descript>DEATH REPORT, CAUSE UNKNOWN</descript><dayofweek>Sunday</dayofweek><date>2015-07-12T00:00:00</date><time>06:30</time><pddistrict>SOUTHERN</pddistrict><resolution>NONE</resolution><address>100 Block of SHIPLEY ST</address><x>-122.401699411207</x><y>37.7806522894696</y><location human_address="{&quot;address&quot;:&quot;&quot;,&quot;city&quot;:&quot;&quot;,&quot;state&quot;:&quot;&quot;,&quot;zip&quot;:&quot;&quot;}" latitude="37.7806522894696" longitude="-122.401699411207" needs_recoding="false"/></row>