<?xml version="1.0" encoding="UTF-8"?><row _id="12609127" _uuid="957C1058-A872-4CDD-A70E-2BBAAD8E68CA" _position="12609127" _address="http://data.sfgov.org/resource/ritf-b9ki/12609127"><incidntnum>150621902</incidntnum><category>LARCENY/THEFT</category><descript>PETTY THEFT FROM A BUILDING</descript><dayofweek>Tuesday</dayofweek><date>2015-07-14T00:00:00</date><time>20:45</time><pddistrict>CENTRAL</pddistrict><resolution>NONE</resolution><address>100 Block of JEFFERSON ST</address><x>-122.414988252591</x><y>37.8082613305439</y><location human_address="{&quot;address&quot;:&quot;&quot;,&quot;city&quot;:&quot;&quot;,&quot;state&quot;:&quot;&quot;,&quot;zip&quot;:&quot;&quot;}" latitude="37.8082613305439" longitude="-122.414988252591" needs_recoding="false"/></row>