<?xml version="1.0" encoding="UTF-8"?><row _id="12607195" _uuid="29EA674C-A305-4303-BBC5-E8DD0106A106" _position="12607195" _address="http://data.sfgov.org/resource/ritf-b9ki/12607195"><incidntnum>150602059</incidntnum><category>LARCENY/THEFT</category><descript>PETTY THEFT BICYCLE</descript><dayofweek>Friday</dayofweek><date>2015-07-10T00:00:00</date><time>19:15</time><pddistrict>TARAVAL</pddistrict><resolution>NONE</resolution><address>3200 Block of 20TH AV</address><x>-122.475647460786</x><y>37.7285280627465</y><location human_address="{&quot;address&quot;:&quot;&quot;,&quot;city&quot;:&quot;&quot;,&quot;state&quot;:&quot;&quot;,&quot;zip&quot;:&quot;&quot;}" latitude="37.7285280627465" longitude="-122.475647460786" needs_recoding="false"/></row>