<?xml version="1.0" encoding="UTF-8"?><row _id="12607040" _uuid="4F8869CA-DDB6-464D-B9B7-271439D33F0B" _position="12607040" _address="http://data.sfgov.org/resource/ritf-b9ki/12607040"><incidntnum>150601471</incidntnum><category>OTHER OFFENSES</category><descript>RESISTING ARREST</descript><dayofweek>Friday</dayofweek><date>2015-07-10T00:00:00</date><time>17:44</time><pddistrict>MISSION</pddistrict><resolution>ARREST, BOOKED</resolution><address>21ST ST / MISSION ST</address><x>-122.418904204517</x><y>37.7570361132269</y><location human_address="{&quot;address&quot;:&quot;&quot;,&quot;city&quot;:&quot;&quot;,&quot;state&quot;:&quot;&quot;,&quot;zip&quot;:&quot;&quot;}" latitude="37.7570361132269" longitude="-122.418904204517" needs_recoding="false"/></row>