<?xml version="1.0" encoding="UTF-8"?><row _id="12610310" _uuid="D9459CF0-6E1A-44A0-91A1-286E4DD2FB02" _position="12610310" _address="http://data.sfgov.org/resource/ritf-b9ki/12610310"><incidntnum>150624144</incidntnum><category>MISSING PERSON</category><descript>FOUND PERSON</descript><dayofweek>Friday</dayofweek><date>2015-07-17T00:00:00</date><time>22:49</time><pddistrict>SOUTHERN</pddistrict><resolution>NONE</resolution><address>600 Block of NATOMA ST</address><x>-122.411118243435</x><y>37.7775607137405</y><location human_address="{&quot;address&quot;:&quot;&quot;,&quot;city&quot;:&quot;&quot;,&quot;state&quot;:&quot;&quot;,&quot;zip&quot;:&quot;&quot;}" latitude="37.7775607137405" longitude="-122.411118243435" needs_recoding="false"/></row>