<?xml version="1.0" encoding="UTF-8"?><row _id="12615776" _uuid="5B2E61D0-8D56-40A6-B219-E93C5CA15F82" _position="12615776" _address="http://data.sfgov.org/resource/ritf-b9ki/12615776"><incidntnum>150643229</incidntnum><category>NON-CRIMINAL</category><descript>TRAFFIC ACCIDENT</descript><dayofweek>Thursday</dayofweek><date>2015-07-30T00:00:00</date><time>14:00</time><pddistrict>TARAVAL</pddistrict><resolution>NONE</resolution><address>SLOAT BL / 39TH AV</address><x>-122.475102006298</x><y>37.734623708357</y><location human_address="{&quot;address&quot;:&quot;&quot;,&quot;city&quot;:&quot;&quot;,&quot;state&quot;:&quot;&quot;,&quot;zip&quot;:&quot;&quot;}" latitude="37.734623708357" longitude="-122.475102006298" needs_recoding="false"/></row>