<?xml version="1.0" encoding="UTF-8"?><row _id="12607751" _uuid="456A2A96-3F81-482A-A214-84AF05299CB2" _position="12607751" _address="http://data.sfgov.org/resource/ritf-b9ki/12607751"><incidntnum>156170757</incidntnum><category>LARCENY/THEFT</category><descript>GRAND THEFT FROM LOCKED AUTO</descript><dayofweek>Saturday</dayofweek><date>2015-07-11T00:00:00</date><time>13:00</time><pddistrict>RICHMOND</pddistrict><resolution>NONE</resolution><address>500 Block of JOHNFKENNEDY DR</address><x>-122.466204667893</x><y>37.7725405391593</y><location human_address="{&quot;address&quot;:&quot;&quot;,&quot;city&quot;:&quot;&quot;,&quot;state&quot;:&quot;&quot;,&quot;zip&quot;:&quot;&quot;}" latitude="37.7725405391593" longitude="-122.466204667893" needs_recoding="false"/></row>