<?xml version="1.0" encoding="UTF-8"?><row _id="12614844" _uuid="255BC68C-62EF-4976-BE4D-5030B4E53A9E" _position="12614844" _address="http://data.sfgov.org/resource/ritf-b9ki/12614844"><incidntnum>150630828</incidntnum><category>FRAUD</category><descript>CREDIT CARD, THEFT BY USE OF</descript><dayofweek>Wednesday</dayofweek><date>2015-07-15T00:00:00</date><time>00:01</time><pddistrict>CENTRAL</pddistrict><resolution>NONE</resolution><address>200 Block of POST ST</address><x>-122.406021838484</x><y>37.7886491245294</y><location human_address="{&quot;address&quot;:&quot;&quot;,&quot;city&quot;:&quot;&quot;,&quot;state&quot;:&quot;&quot;,&quot;zip&quot;:&quot;&quot;}" latitude="37.7886491245294" longitude="-122.406021838484" needs_recoding="false"/></row>