<?xml version="1.0" encoding="UTF-8"?><row _id="12608150" _uuid="9D973C9A-FE72-49FB-8446-732B513DD698" _position="12608150" _address="http://data.sfgov.org/resource/ritf-b9ki/12608150"><incidntnum>150608524</incidntnum><category>NON-CRIMINAL</category><descript>AIDED CASE, MENTAL DISTURBED</descript><dayofweek>Sunday</dayofweek><date>2015-07-12T00:00:00</date><time>23:25</time><pddistrict>MISSION</pddistrict><resolution>NONE</resolution><address>600 Block of VALENCIA ST</address><x>-122.421687545021</x><y>37.7621160582473</y><location human_address="{&quot;address&quot;:&quot;&quot;,&quot;city&quot;:&quot;&quot;,&quot;state&quot;:&quot;&quot;,&quot;zip&quot;:&quot;&quot;}" latitude="37.7621160582473" longitude="-122.421687545021" needs_recoding="false"/></row>