<?xml version="1.0" encoding="UTF-8"?><row _id="12613153" _uuid="22B18F98-2D1E-4B08-BC12-E2D5560BB9A0" _position="12613153" _address="http://data.sfgov.org/resource/ritf-b9ki/12613153"><incidntnum>150642594</incidntnum><category>OTHER OFFENSES</category><descript>DRIVERS LICENSE, SUSPENDED OR REVOKED</descript><dayofweek>Friday</dayofweek><date>2015-07-24T00:00:00</date><time>03:24</time><pddistrict>NORTHERN</pddistrict><resolution>ARREST, BOOKED</resolution><address>1800 Block of JACKSON ST</address><x>-122.425519483325</x><y>37.7935653736254</y><location human_address="{&quot;address&quot;:&quot;&quot;,&quot;city&quot;:&quot;&quot;,&quot;state&quot;:&quot;&quot;,&quot;zip&quot;:&quot;&quot;}" latitude="37.7935653736254" longitude="-122.425519483325" needs_recoding="false"/></row>