<?xml version="1.0" encoding="UTF-8"?><row _id="12610213" _uuid="EFAD3440-782A-4718-9FB1-22FAFBF580B1" _position="12610213" _address="http://data.sfgov.org/resource/ritf-b9ki/12610213"><incidntnum>150622267</incidntnum><category>OTHER OFFENSES</category><descript>RECKLESS DRIVING</descript><dayofweek>Friday</dayofweek><date>2015-07-17T00:00:00</date><time>14:18</time><pddistrict>SOUTHERN</pddistrict><resolution>NONE</resolution><address>800 Block of MARKET ST</address><x>-122.407633520742</x><y>37.7841893501425</y><location human_address="{&quot;address&quot;:&quot;&quot;,&quot;city&quot;:&quot;&quot;,&quot;state&quot;:&quot;&quot;,&quot;zip&quot;:&quot;&quot;}" latitude="37.7841893501425" longitude="-122.407633520742" needs_recoding="false"/></row>