<?xml version="1.0" encoding="UTF-8"?><row _id="12607217" _uuid="A53B7633-B64B-49C4-B167-6625FECE0D1B" _position="12607217" _address="http://data.sfgov.org/resource/ritf-b9ki/12607217"><incidntnum>150605213</incidntnum><category>BURGLARY</category><descript>BURGLARY OF HOTEL ROOM, UNLAWFUL ENTRY</descript><dayofweek>Friday</dayofweek><date>2015-07-10T00:00:00</date><time>08:00</time><pddistrict>NORTHERN</pddistrict><resolution>NONE</resolution><address>1400 Block of SUTTER ST</address><x>-122.424230101144</x><y>37.7871785622736</y><location human_address="{&quot;address&quot;:&quot;&quot;,&quot;city&quot;:&quot;&quot;,&quot;state&quot;:&quot;&quot;,&quot;zip&quot;:&quot;&quot;}" latitude="37.7871785622736" longitude="-122.424230101144" needs_recoding="false"/></row>