<?xml version="1.0" encoding="UTF-8"?><row _id="12609804" _uuid="958A9E52-4A20-49A0-81D2-2D963FDFC8F0" _position="12609804" _address="http://data.sfgov.org/resource/ritf-b9ki/12609804"><incidntnum>150614612</incidntnum><category>ASSAULT</category><descript>AGGRAVATED ASSAULT WITH BODILY FORCE</descript><dayofweek>Tuesday</dayofweek><date>2015-07-14T00:00:00</date><time>23:08</time><pddistrict>SOUTHERN</pddistrict><resolution>ARREST, BOOKED</resolution><address>0 Block of VALENCIA ST</address><x>-122.422586141904</x><y>37.7720472598025</y><location human_address="{&quot;address&quot;:&quot;&quot;,&quot;city&quot;:&quot;&quot;,&quot;state&quot;:&quot;&quot;,&quot;zip&quot;:&quot;&quot;}" latitude="37.7720472598025" longitude="-122.422586141904" needs_recoding="false"/></row>