<?xml version="1.0" encoding="UTF-8"?><row _id="12609948" _uuid="5A0B1685-9C5A-4239-8463-92ECBEB927C8" _position="12609948" _address="http://data.sfgov.org/resource/ritf-b9ki/12609948"><incidntnum>150619139</incidntnum><category>WEAPON LAWS</category><descript>FIREARM WITH ALTERED IDENTIFICATION</descript><dayofweek>Thursday</dayofweek><date>2015-07-16T00:00:00</date><time>11:35</time><pddistrict>BAYVIEW</pddistrict><resolution>ARREST, BOOKED</resolution><address>100 Block of KISKA RD</address><x>-122.375989158092</x><y>37.7301576924252</y><location human_address="{&quot;address&quot;:&quot;&quot;,&quot;city&quot;:&quot;&quot;,&quot;state&quot;:&quot;&quot;,&quot;zip&quot;:&quot;&quot;}" latitude="37.7301576924252" longitude="-122.375989158092" needs_recoding="false"/></row>