<?xml version="1.0" encoding="UTF-8"?><row _id="12626769" _uuid="EF27A016-6960-41B3-93DC-DF64B59AE780" _position="12626769" _address="http://data.sfgov.org/resource/ritf-b9ki/12626769"><incidntnum>150616470</incidntnum><category>NON-CRIMINAL</category><descript>CASE CLOSURE</descript><dayofweek>Sunday</dayofweek><date>2015-07-12T00:00:00</date><time>02:00</time><pddistrict>MISSION</pddistrict><resolution>EXCEPTIONAL CLEARANCE</resolution><address>1000 Block of POTRERO AV</address><x>-122.406539115148</x><y>37.7564864109309</y><location human_address="{&quot;address&quot;:&quot;&quot;,&quot;city&quot;:&quot;&quot;,&quot;state&quot;:&quot;&quot;,&quot;zip&quot;:&quot;&quot;}" latitude="37.7564864109309" longitude="-122.406539115148" needs_recoding="false"/></row>