<?xml version="1.0" encoding="UTF-8"?><row _id="11070027" _uuid="BE0EC0C9-33B9-4D3C-8986-DFC3B8C0E952" _position="11070027" _address="http://data.sfgov.org/resource/ritf-b9ki/11070027"><incidntnum>140198751</incidntnum><category>BURGLARY</category><descript>BURGLARY OF STORE, UNLAWFUL ENTRY</descript><dayofweek>Sunday</dayofweek><date>2015-07-12T00:00:00</date><time>00:10</time><pddistrict>MISSION</pddistrict><resolution>ARREST, BOOKED</resolution><address>19TH ST / DIAMOND ST</address><x>-122.437040666891</x><y>37.7591567280326</y><location human_address="{&quot;address&quot;:&quot;&quot;,&quot;city&quot;:&quot;&quot;,&quot;state&quot;:&quot;&quot;,&quot;zip&quot;:&quot;&quot;}" latitude="37.7591567280326" longitude="-122.437040666891" needs_recoding="false"/></row>