<?xml version="1.0" encoding="UTF-8"?><row _id="12607309" _uuid="EEB1C161-A84C-4F03-B826-005B6A28BBBA" _position="12607309" _address="http://data.sfgov.org/resource/ritf-b9ki/12607309"><incidntnum>150603091</incidntnum><category>VANDALISM</category><descript>MALICIOUS MISCHIEF, VANDALISM OF VEHICLES</descript><dayofweek>Friday</dayofweek><date>2015-07-10T00:00:00</date><time>21:00</time><pddistrict>NORTHERN</pddistrict><resolution>NONE</resolution><address>900 Block of FRANKLIN ST</address><x>-122.422442530821</x><y>37.7829271006902</y><location human_address="{&quot;address&quot;:&quot;&quot;,&quot;city&quot;:&quot;&quot;,&quot;state&quot;:&quot;&quot;,&quot;zip&quot;:&quot;&quot;}" latitude="37.7829271006902" longitude="-122.422442530821" needs_recoding="false"/></row>