<?xml version="1.0" encoding="UTF-8"?><row _id="12606798" _uuid="81C01E81-F126-4EF5-B8FF-C8D685DE3CDC" _position="12606798" _address="http://data.sfgov.org/resource/ritf-b9ki/12606798"><incidntnum>150599161</incidntnum><category>BURGLARY</category><descript>BURGLARY OF RESIDENCE, FORCIBLE ENTRY</descript><dayofweek>Thursday</dayofweek><date>2015-07-09T00:00:00</date><time>21:45</time><pddistrict>PARK</pddistrict><resolution>NONE</resolution><address>200 Block of DIVISADERO ST</address><x>-122.436835270374</x><y>37.7708213653549</y><location human_address="{&quot;address&quot;:&quot;&quot;,&quot;city&quot;:&quot;&quot;,&quot;state&quot;:&quot;&quot;,&quot;zip&quot;:&quot;&quot;}" latitude="37.7708213653549" longitude="-122.436835270374" needs_recoding="false"/></row>