<?xml version="1.0" encoding="UTF-8"?><row _id="12614455" _uuid="1EE4A3B4-DCED-4A43-AE52-D1788841541B" _position="12614455" _address="http://data.sfgov.org/resource/ritf-b9ki/12614455"><incidntnum>156188374</incidntnum><category>LARCENY/THEFT</category><descript>PETTY THEFT OF PROPERTY</descript><dayofweek>Friday</dayofweek><date>2015-07-24T00:00:00</date><time>19:20</time><pddistrict>TENDERLOIN</pddistrict><resolution>NONE</resolution><address>0 Block of STOCKTON ST</address><x>-122.406212878217</x><y>37.7860371623519</y><location human_address="{&quot;address&quot;:&quot;&quot;,&quot;city&quot;:&quot;&quot;,&quot;state&quot;:&quot;&quot;,&quot;zip&quot;:&quot;&quot;}" latitude="37.7860371623519" longitude="-122.406212878217" needs_recoding="false"/></row>