<?xml version="1.0" encoding="UTF-8"?><row _id="12609511" _uuid="F38F2948-5BBD-47BD-B2C1-6CA08513A2A2" _position="12609511" _address="http://data.sfgov.org/resource/ritf-b9ki/12609511"><incidntnum>150616549</incidntnum><category>STOLEN PROPERTY</category><descript>STOLEN PROPERTY, POSSESSION WITH KNOWLEDGE, RECEIVING</descript><dayofweek>Wednesday</dayofweek><date>2015-07-15T00:00:00</date><time>17:36</time><pddistrict>SOUTHERN</pddistrict><resolution>ARREST, BOOKED</resolution><address>800 Block of BRYANT ST</address><x>-122.403404791479</x><y>37.775420706711</y><location human_address="{&quot;address&quot;:&quot;&quot;,&quot;city&quot;:&quot;&quot;,&quot;state&quot;:&quot;&quot;,&quot;zip&quot;:&quot;&quot;}" latitude="37.775420706711" longitude="-122.403404791479" needs_recoding="false"/></row>