<?xml version="1.0" encoding="UTF-8"?><row _id="12610119" _uuid="24B844B8-15B9-4B96-B87B-C051F7B07DA9" _position="12610119" _address="http://data.sfgov.org/resource/ritf-b9ki/12610119"><incidntnum>156175989</incidntnum><category>LARCENY/THEFT</category><descript>GRAND THEFT FROM LOCKED AUTO</descript><dayofweek>Friday</dayofweek><date>2015-07-17T00:00:00</date><time>22:00</time><pddistrict>SOUTHERN</pddistrict><resolution>NONE</resolution><address>HARRISON ST / 2ND ST</address><x>-122.395163154488</x><y>37.7843096998676</y><location human_address="{&quot;address&quot;:&quot;&quot;,&quot;city&quot;:&quot;&quot;,&quot;state&quot;:&quot;&quot;,&quot;zip&quot;:&quot;&quot;}" latitude="37.7843096998676" longitude="-122.395163154488" needs_recoding="false"/></row>