<?xml version="1.0" encoding="UTF-8"?><row _id="12610971" _uuid="72C82BAA-9982-4265-B147-A5007509A00D" _position="12610971" _address="http://data.sfgov.org/resource/ritf-b9ki/12610971"><incidntnum>150628221</incidntnum><category>LARCENY/THEFT</category><descript>GRAND THEFT FROM UNLOCKED AUTO</descript><dayofweek>Sunday</dayofweek><date>2015-07-19T00:00:00</date><time>15:15</time><pddistrict>PARK</pddistrict><resolution>NONE</resolution><address>CENTRAL AV / WALLER ST</address><x>-122.44346292603</x><y>37.7694948515727</y><location human_address="{&quot;address&quot;:&quot;&quot;,&quot;city&quot;:&quot;&quot;,&quot;state&quot;:&quot;&quot;,&quot;zip&quot;:&quot;&quot;}" latitude="37.7694948515727" longitude="-122.44346292603" needs_recoding="false"/></row>