<?xml version="1.0" encoding="UTF-8"?><row _id="12607526" _uuid="83F7DEE1-98F5-4B3B-BE79-5E96D4171936" _position="12607526" _address="http://data.sfgov.org/resource/ritf-b9ki/12607526"><incidntnum>150604425</incidntnum><category>LARCENY/THEFT</category><descript>PETTY THEFT FROM LOCKED AUTO</descript><dayofweek>Saturday</dayofweek><date>2015-07-11T00:00:00</date><time>15:00</time><pddistrict>MISSION</pddistrict><resolution>NONE</resolution><address>16TH ST / POTRERO AV</address><x>-122.407538332319</x><y>37.7657827544276</y><location human_address="{&quot;address&quot;:&quot;&quot;,&quot;city&quot;:&quot;&quot;,&quot;state&quot;:&quot;&quot;,&quot;zip&quot;:&quot;&quot;}" latitude="37.7657827544276" longitude="-122.407538332319" needs_recoding="false"/></row>