<?xml version="1.0" encoding="UTF-8"?><row _id="12629411" _uuid="6756BB80-B932-4283-BBF0-AC932742EEA8" _position="12629411" _address="http://data.sfgov.org/resource/ritf-b9ki/12629411"><incidntnum>150774921</incidntnum><category>FORGERY/COUNTERFEITING</category><descript>CHECKS OR LEGAL INSTRUMENTS, UTTERING FORGED</descript><dayofweek>Wednesday</dayofweek><date>2015-07-15T00:00:00</date><time>00:01</time><pddistrict>SOUTHERN</pddistrict><resolution>NONE</resolution><address>0 Block of HAWTHORNE ST</address><x>-122.398526760915</x><y>37.7853099928246</y><location human_address="{&quot;address&quot;:&quot;&quot;,&quot;city&quot;:&quot;&quot;,&quot;state&quot;:&quot;&quot;,&quot;zip&quot;:&quot;&quot;}" latitude="37.7853099928246" longitude="-122.398526760915" needs_recoding="false"/></row>