<?xml version="1.0" encoding="UTF-8"?><row _id="12607678" _uuid="D507A9FC-2CED-44CC-9E5A-A864D0CBEEAE" _position="12607678" _address="http://data.sfgov.org/resource/ritf-b9ki/12607678"><incidntnum>150604453</incidntnum><category>NON-CRIMINAL</category><descript>AIDED CASE, MENTAL DISTURBED</descript><dayofweek>Saturday</dayofweek><date>2015-07-11T00:00:00</date><time>16:29</time><pddistrict>SOUTHERN</pddistrict><resolution>NONE</resolution><address>800 Block of MARKET ST</address><x>-122.407633520742</x><y>37.7841893501425</y><location human_address="{&quot;address&quot;:&quot;&quot;,&quot;city&quot;:&quot;&quot;,&quot;state&quot;:&quot;&quot;,&quot;zip&quot;:&quot;&quot;}" latitude="37.7841893501425" longitude="-122.407633520742" needs_recoding="false"/></row>