<?xml version="1.0" encoding="UTF-8"?><row _id="12609312" _uuid="490E95BF-8F63-4767-A3DF-3B79961EB674" _position="12609312" _address="http://data.sfgov.org/resource/ritf-b9ki/12609312"><incidntnum>156172418</incidntnum><category>VANDALISM</category><descript>MALICIOUS MISCHIEF, VANDALISM</descript><dayofweek>Wednesday</dayofweek><date>2015-07-15T00:00:00</date><time>03:00</time><pddistrict>PARK</pddistrict><resolution>NONE</resolution><address>0 Block of TERRAVISTA AV</address><x>-122.443351038023</x><y>37.781488119441</y><location human_address="{&quot;address&quot;:&quot;&quot;,&quot;city&quot;:&quot;&quot;,&quot;state&quot;:&quot;&quot;,&quot;zip&quot;:&quot;&quot;}" latitude="37.781488119441" longitude="-122.443351038023" needs_recoding="false"/></row>