<?xml version="1.0" encoding="UTF-8"?><row _id="12607092" _uuid="923ECD52-B1BA-4D11-A524-1053EC7B9DF2" _position="12607092" _address="http://data.sfgov.org/resource/ritf-b9ki/12607092"><incidntnum>156169211</incidntnum><category>NON-CRIMINAL</category><descript>LOST PROPERTY</descript><dayofweek>Friday</dayofweek><date>2015-07-10T00:00:00</date><time>19:00</time><pddistrict>SOUTHERN</pddistrict><resolution>NONE</resolution><address>SOUTH VAN NESS AV / MARKET ST</address><x>-122.419257894814</x><y>37.7751462916539</y><location human_address="{&quot;address&quot;:&quot;&quot;,&quot;city&quot;:&quot;&quot;,&quot;state&quot;:&quot;&quot;,&quot;zip&quot;:&quot;&quot;}" latitude="37.7751462916539" longitude="-122.419257894814" needs_recoding="false"/></row>