<?xml version="1.0" encoding="UTF-8"?><row _id="12623194" _uuid="34F63AFF-2A75-4706-821D-27838403BB84" _position="12623194" _address="http://data.sfgov.org/resource/ritf-b9ki/12623194"><incidntnum>156189883</incidntnum><category>LARCENY/THEFT</category><descript>PETTY THEFT OF PROPERTY</descript><dayofweek>Sunday</dayofweek><date>2015-07-12T00:00:00</date><time>15:00</time><pddistrict>NORTHERN</pddistrict><resolution>NONE</resolution><address>2300 Block of FILBERT ST</address><x>-122.438151842824</x><y>37.7976507711152</y><location human_address="{&quot;address&quot;:&quot;&quot;,&quot;city&quot;:&quot;&quot;,&quot;state&quot;:&quot;&quot;,&quot;zip&quot;:&quot;&quot;}" latitude="37.7976507711152" longitude="-122.438151842824" needs_recoding="false"/></row>