<?xml version="1.0" encoding="UTF-8"?><row _id="12607784" _uuid="254E49CA-D8BD-4544-A136-68C181E6328B" _position="12607784" _address="http://data.sfgov.org/resource/ritf-b9ki/12607784"><incidntnum>150604817</incidntnum><category>NON-CRIMINAL</category><descript>FOUND PROPERTY</descript><dayofweek>Saturday</dayofweek><date>2015-07-11T00:00:00</date><time>18:14</time><pddistrict>CENTRAL</pddistrict><resolution>NONE</resolution><address>700 Block of VALLEJO ST</address><x>-122.409791662293</x><y>37.7985083480435</y><location human_address="{&quot;address&quot;:&quot;&quot;,&quot;city&quot;:&quot;&quot;,&quot;state&quot;:&quot;&quot;,&quot;zip&quot;:&quot;&quot;}" latitude="37.7985083480435" longitude="-122.409791662293" needs_recoding="false"/></row>