<?xml version="1.0" encoding="UTF-8"?><row _id="12607499" _uuid="C128DAA9-A86C-47AD-B7C1-284EDB8DF9EF" _position="12607499" _address="http://data.sfgov.org/resource/ritf-b9ki/12607499"><incidntnum>150603364</incidntnum><category>NON-CRIMINAL</category><descript>AIDED CASE, MENTAL DISTURBED</descript><dayofweek>Saturday</dayofweek><date>2015-07-11T00:00:00</date><time>10:19</time><pddistrict>SOUTHERN</pddistrict><resolution>NONE</resolution><address>MISSION ST / 9TH ST</address><x>-122.414714295579</x><y>37.7762310404758</y><location human_address="{&quot;address&quot;:&quot;&quot;,&quot;city&quot;:&quot;&quot;,&quot;state&quot;:&quot;&quot;,&quot;zip&quot;:&quot;&quot;}" latitude="37.7762310404758" longitude="-122.414714295579" needs_recoding="false"/></row>