<?xml version="1.0" encoding="UTF-8"?><row _id="12607556" _uuid="873998FE-3307-4C85-A5F1-94C007B96B5F" _position="12607556" _address="http://data.sfgov.org/resource/ritf-b9ki/12607556"><incidntnum>156170741</incidntnum><category>LARCENY/THEFT</category><descript>GRAND THEFT FROM LOCKED AUTO</descript><dayofweek>Saturday</dayofweek><date>2015-07-11T00:00:00</date><time>15:00</time><pddistrict>RICHMOND</pddistrict><resolution>NONE</resolution><address>ARGUELLO BL / GEARY BL</address><x>-122.45886061567</x><y>37.7812550935484</y><location human_address="{&quot;address&quot;:&quot;&quot;,&quot;city&quot;:&quot;&quot;,&quot;state&quot;:&quot;&quot;,&quot;zip&quot;:&quot;&quot;}" latitude="37.7812550935484" longitude="-122.45886061567" needs_recoding="false"/></row>