<?xml version="1.0" encoding="UTF-8"?><row _id="12623219" _uuid="D1E28151-1D84-4D52-AC0F-B4B0A4334746" _position="12623219" _address="http://data.sfgov.org/resource/ritf-b9ki/12623219"><incidntnum>156199246</incidntnum><category>LARCENY/THEFT</category><descript>GRAND THEFT FROM LOCKED AUTO</descript><dayofweek>Sunday</dayofweek><date>2015-07-12T00:00:00</date><time>09:00</time><pddistrict>RICHMOND</pddistrict><resolution>NONE</resolution><address>800 Block of LA PLAYA ST</address><x>-122.5100335576</x><y>37.7723065559956</y><location human_address="{&quot;address&quot;:&quot;&quot;,&quot;city&quot;:&quot;&quot;,&quot;state&quot;:&quot;&quot;,&quot;zip&quot;:&quot;&quot;}" latitude="37.7723065559956" longitude="-122.5100335576" needs_recoding="false"/></row>