<?xml version="1.0" encoding="UTF-8"?><row _id="12612622" _uuid="BC72C126-FAA0-4477-84FB-B49EB199186C" _position="12612622" _address="http://data.sfgov.org/resource/ritf-b9ki/12612622"><incidntnum>150638399</incidntnum><category>WEAPON LAWS</category><descript>FIREARM, ARMED WHILE POSSESSING CONTROLLED SUBSTANCE</descript><dayofweek>Wednesday</dayofweek><date>2015-07-22T00:00:00</date><time>18:24</time><pddistrict>MISSION</pddistrict><resolution>ARREST, BOOKED</resolution><address>1000 Block of HAMPSHIRE ST</address><x>-122.407592726102</x><y>37.7552880312075</y><location human_address="{&quot;address&quot;:&quot;&quot;,&quot;city&quot;:&quot;&quot;,&quot;state&quot;:&quot;&quot;,&quot;zip&quot;:&quot;&quot;}" latitude="37.7552880312075" longitude="-122.407592726102" needs_recoding="false"/></row>