<?xml version="1.0" encoding="UTF-8"?><row _id="12607447" _uuid="149B2A8A-76CA-4253-A2E0-46A6FBE1B994" _position="12607447" _address="http://data.sfgov.org/resource/ritf-b9ki/12607447"><incidntnum>150601954</incidntnum><category>STOLEN PROPERTY</category><descript>STOLEN PROPERTY, POSSESSION WITH KNOWLEDGE, RECEIVING</descript><dayofweek>Friday</dayofweek><date>2015-07-10T00:00:00</date><time>19:00</time><pddistrict>RICHMOND</pddistrict><resolution>ARREST, BOOKED</resolution><address>POST ST / BRODERICK ST</address><x>-122.44134980013</x><y>37.7841048734205</y><location human_address="{&quot;address&quot;:&quot;&quot;,&quot;city&quot;:&quot;&quot;,&quot;state&quot;:&quot;&quot;,&quot;zip&quot;:&quot;&quot;}" latitude="37.7841048734205" longitude="-122.44134980013" needs_recoding="false"/></row>