<?xml version="1.0" encoding="UTF-8"?><row _id="12608260" _uuid="0AE19C4E-38B2-4E32-B043-EBACE1A6275E" _position="12608260" _address="http://data.sfgov.org/resource/ritf-b9ki/12608260"><incidntnum>150608245</incidntnum><category>MISSING PERSON</category><descript>MISSING JUVENILE</descript><dayofweek>Sunday</dayofweek><date>2015-07-12T00:00:00</date><time>18:00</time><pddistrict>INGLESIDE</pddistrict><resolution>NONE</resolution><address>1000 Block of CORTLAND AV</address><x>-122.413007810963</x><y>37.7391717545004</y><location human_address="{&quot;address&quot;:&quot;&quot;,&quot;city&quot;:&quot;&quot;,&quot;state&quot;:&quot;&quot;,&quot;zip&quot;:&quot;&quot;}" latitude="37.7391717545004" longitude="-122.413007810963" needs_recoding="false"/></row>