<?xml version="1.0" encoding="UTF-8"?><row _id="12608245" _uuid="17C610B7-4918-41E1-9216-B60BC9124DED" _position="12608245" _address="http://data.sfgov.org/resource/ritf-b9ki/12608245"><incidntnum>150604431</incidntnum><category>NON-CRIMINAL</category><descript>FOUND PROPERTY</descript><dayofweek>Saturday</dayofweek><date>2015-07-11T00:00:00</date><time>16:43</time><pddistrict>INGLESIDE</pddistrict><resolution>UNFOUNDED</resolution><address>100 Block of BLYTHDALE AV</address><x>-122.420529801066</x><y>37.7110023300609</y><location human_address="{&quot;address&quot;:&quot;&quot;,&quot;city&quot;:&quot;&quot;,&quot;state&quot;:&quot;&quot;,&quot;zip&quot;:&quot;&quot;}" latitude="37.7110023300609" longitude="-122.420529801066" needs_recoding="false"/></row>