<?xml version="1.0" encoding="UTF-8"?><row _id="12616866" _uuid="84D4B369-7797-4550-85E2-D84C5D9B9119" _position="12616866" _address="http://data.sfgov.org/resource/ritf-b9ki/12616866"><incidntnum>156188885</incidntnum><category>LARCENY/THEFT</category><descript>GRAND THEFT FROM LOCKED AUTO</descript><dayofweek>Saturday</dayofweek><date>2015-08-01T00:00:00</date><time>17:15</time><pddistrict>RICHMOND</pddistrict><resolution>NONE</resolution><address>500 Block of JOHNFKENNEDY DR</address><x>-122.466204667893</x><y>37.7725405391593</y><location human_address="{&quot;address&quot;:&quot;&quot;,&quot;city&quot;:&quot;&quot;,&quot;state&quot;:&quot;&quot;,&quot;zip&quot;:&quot;&quot;}" latitude="37.7725405391593" longitude="-122.466204667893" needs_recoding="false"/></row>