<?xml version="1.0" encoding="UTF-8"?><row _id="12608405" _uuid="3A851D90-9879-421E-90D5-3E9B9089BAC2" _position="12608405" _address="http://data.sfgov.org/resource/ritf-b9ki/12608405"><incidntnum>150611204</incidntnum><category>WEAPON LAWS</category><descript>CARRYING A CONCEALED WEAPON</descript><dayofweek>Monday</dayofweek><date>2015-07-13T00:00:00</date><time>20:51</time><pddistrict>NORTHERN</pddistrict><resolution>ARREST, BOOKED</resolution><address>LARKIN ST / MCALLISTER ST</address><x>-122.416948565876</x><y>37.7804689268479</y><location human_address="{&quot;address&quot;:&quot;&quot;,&quot;city&quot;:&quot;&quot;,&quot;state&quot;:&quot;&quot;,&quot;zip&quot;:&quot;&quot;}" latitude="37.7804689268479" longitude="-122.416948565876" needs_recoding="false"/></row>