<?xml version="1.0" encoding="UTF-8"?><row _id="12609760" _uuid="F4CB91A8-81E0-49F4-99F1-311EF2861BE7" _position="12609760" _address="http://data.sfgov.org/resource/ritf-b9ki/12609760"><incidntnum>150619913</incidntnum><category>LARCENY/THEFT</category><descript>PETTY THEFT FROM A BUILDING</descript><dayofweek>Thursday</dayofweek><date>2015-07-16T00:00:00</date><time>18:00</time><pddistrict>CENTRAL</pddistrict><resolution>NONE</resolution><address>1000 Block of POWELL ST</address><x>-122.409701372201</x><y>37.7942940860888</y><location human_address="{&quot;address&quot;:&quot;&quot;,&quot;city&quot;:&quot;&quot;,&quot;state&quot;:&quot;&quot;,&quot;zip&quot;:&quot;&quot;}" latitude="37.7942940860888" longitude="-122.409701372201" needs_recoding="false"/></row>