<?xml version="1.0" encoding="UTF-8"?><row _id="12606639" _uuid="52027570-0307-49A5-8983-68E361341DE1" _position="12606639" _address="http://data.sfgov.org/resource/ritf-b9ki/12606639"><incidntnum>150598511</incidntnum><category>OTHER OFFENSES</category><descript>DRIVERS LICENSE, SUSPENDED OR REVOKED</descript><dayofweek>Thursday</dayofweek><date>2015-07-09T00:00:00</date><time>18:30</time><pddistrict>NORTHERN</pddistrict><resolution>ARREST, BOOKED</resolution><address>OAK ST / LAGUNA ST</address><x>-122.425891675136</x><y>37.7745985956747</y><location human_address="{&quot;address&quot;:&quot;&quot;,&quot;city&quot;:&quot;&quot;,&quot;state&quot;:&quot;&quot;,&quot;zip&quot;:&quot;&quot;}" latitude="37.7745985956747" longitude="-122.425891675136" needs_recoding="false"/></row>