<?xml version="1.0" encoding="UTF-8"?><row _id="12610361" _uuid="113F353D-7B0F-47EB-A217-FC8207EBD692" _position="12610361" _address="http://data.sfgov.org/resource/ritf-b9ki/12610361"><incidntnum>156175525</incidntnum><category>LARCENY/THEFT</category><descript>GRAND THEFT OF PROPERTY</descript><dayofweek>Friday</dayofweek><date>2015-07-17T00:00:00</date><time>11:30</time><pddistrict>RICHMOND</pddistrict><resolution>NONE</resolution><address>500 Block of JOHNFKENNEDY DR</address><x>-122.466204667893</x><y>37.7725405391593</y><location human_address="{&quot;address&quot;:&quot;&quot;,&quot;city&quot;:&quot;&quot;,&quot;state&quot;:&quot;&quot;,&quot;zip&quot;:&quot;&quot;}" latitude="37.7725405391593" longitude="-122.466204667893" needs_recoding="false"/></row>