<?xml version="1.0" encoding="UTF-8"?><row _id="12607837" _uuid="981DBD83-F83E-45AA-90F5-5A9B763EBC99" _position="12607837" _address="http://data.sfgov.org/resource/ritf-b9ki/12607837"><incidntnum>150604594</incidntnum><category>WARRANTS</category><descript>WARRANT ARREST</descript><dayofweek>Saturday</dayofweek><date>2015-07-11T00:00:00</date><time>16:50</time><pddistrict>TARAVAL</pddistrict><resolution>JUVENILE BOOKED</resolution><address>1800 Block of VICENTE ST</address><x>-122.48560378101</x><y>37.7388214326705</y><location human_address="{&quot;address&quot;:&quot;&quot;,&quot;city&quot;:&quot;&quot;,&quot;state&quot;:&quot;&quot;,&quot;zip&quot;:&quot;&quot;}" latitude="37.7388214326705" longitude="-122.48560378101" needs_recoding="false"/></row>