<?xml version="1.0" encoding="UTF-8"?><row _id="12633368" _uuid="0EEAB1EA-9016-4133-9D43-852A5B6460BA" _position="12633368" _address="http://data.sfgov.org/resource/ritf-b9ki/12633368"><incidntnum>150661221</incidntnum><category>NON-CRIMINAL</category><descript>CASE CLOSURE</descript><dayofweek>Wednesday</dayofweek><date>2015-07-29T00:00:00</date><time>09:00</time><pddistrict>SOUTHERN</pddistrict><resolution>NONE</resolution><address>0 Block of DORE ST</address><x>-122.413045971966</x><y>37.7738617771611</y><location human_address="{&quot;address&quot;:&quot;&quot;,&quot;city&quot;:&quot;&quot;,&quot;state&quot;:&quot;&quot;,&quot;zip&quot;:&quot;&quot;}" latitude="37.7738617771611" longitude="-122.413045971966" needs_recoding="false"/></row>