<?xml version="1.0" encoding="UTF-8"?><row _id="12608690" _uuid="0090F27C-458B-45A8-AEAA-3D14C429527D" _position="12608690" _address="http://data.sfgov.org/resource/ritf-b9ki/12608690"><incidntnum>150619004</incidntnum><category>VEHICLE THEFT</category><descript>STOLEN AUTOMOBILE</descript><dayofweek>Monday</dayofweek><date>2015-07-13T00:00:00</date><time>13:29</time><pddistrict>INGLESIDE</pddistrict><resolution>NONE</resolution><address>2800 Block of DIAMOND ST</address><x>-122.4340297072</x><y>37.7337081729444</y><location human_address="{&quot;address&quot;:&quot;&quot;,&quot;city&quot;:&quot;&quot;,&quot;state&quot;:&quot;&quot;,&quot;zip&quot;:&quot;&quot;}" latitude="37.7337081729444" longitude="-122.4340297072" needs_recoding="false"/></row>