<?xml version="1.0" encoding="UTF-8"?><row _id="12607552" _uuid="D0380A0B-8897-4938-AA5A-167098362751" _position="12607552" _address="http://data.sfgov.org/resource/ritf-b9ki/12607552"><incidntnum>156170183</incidntnum><category>LARCENY/THEFT</category><descript>GRAND THEFT FROM LOCKED AUTO</descript><dayofweek>Saturday</dayofweek><date>2015-07-11T00:00:00</date><time>18:30</time><pddistrict>SOUTHERN</pddistrict><resolution>NONE</resolution><address>BRANNAN ST / 4TH ST</address><x>-122.396533248456</x><y>37.7783268978785</y><location human_address="{&quot;address&quot;:&quot;&quot;,&quot;city&quot;:&quot;&quot;,&quot;state&quot;:&quot;&quot;,&quot;zip&quot;:&quot;&quot;}" latitude="37.7783268978785" longitude="-122.396533248456" needs_recoding="false"/></row>