<?xml version="1.0" encoding="UTF-8"?><row _id="12664834" _uuid="B1170F5F-A9F6-4D27-ACEE-51215379E0D9" _position="12664834" _address="http://data.sfgov.org/resource/ritf-b9ki/12664834"><incidntnum>151005331</incidntnum><category>ROBBERY</category><descript>ROBBERY ON THE STREET WITH A GUN</descript><dayofweek>Wednesday</dayofweek><date>2015-07-15T00:00:00</date><time>03:30</time><pddistrict>SOUTHERN</pddistrict><resolution>NONE</resolution><address>800 Block of BRYANT ST</address><x>-122.403404791479</x><y>37.775420706711</y><location human_address="{&quot;address&quot;:&quot;&quot;,&quot;city&quot;:&quot;&quot;,&quot;state&quot;:&quot;&quot;,&quot;zip&quot;:&quot;&quot;}" latitude="37.775420706711" longitude="-122.403404791479" needs_recoding="false"/></row>