<?xml version="1.0" encoding="UTF-8"?><row _id="12607346" _uuid="72B40E11-CF22-4ADC-82A0-AB4C6F4BF15B" _position="12607346" _address="http://data.sfgov.org/resource/ritf-b9ki/12607346"><incidntnum>150602485</incidntnum><category>DISORDERLY CONDUCT</category><descript>DISTURBING THE PEACE, FIGHTING</descript><dayofweek>Friday</dayofweek><date>2015-07-10T00:00:00</date><time>00:04</time><pddistrict>NORTHERN</pddistrict><resolution>NONE</resolution><address>1500 Block of VANNESS AV</address><x>-122.422062730264</x><y>37.7899200014841</y><location human_address="{&quot;address&quot;:&quot;&quot;,&quot;city&quot;:&quot;&quot;,&quot;state&quot;:&quot;&quot;,&quot;zip&quot;:&quot;&quot;}" latitude="37.7899200014841" longitude="-122.422062730264" needs_recoding="false"/></row>