<?xml version="1.0" encoding="UTF-8"?><row _id="12607012" _uuid="FD7C9531-FC45-4C0D-AB7B-D7E6A3CFEA18" _position="12607012" _address="http://data.sfgov.org/resource/ritf-b9ki/12607012"><incidntnum>015059428</incidntnum><category>OTHER OFFENSES</category><descript>DRIVERS LICENSE, SUSPENDED OR REVOKED</descript><dayofweek>Friday</dayofweek><date>2015-07-10T00:00:00</date><time>01:08</time><pddistrict>INGLESIDE</pddistrict><resolution>ARREST, BOOKED</resolution><address>SAN JOSE AV / OCEAN AV</address><x>-122.444746663003</x><y>37.7229679041125</y><location human_address="{&quot;address&quot;:&quot;&quot;,&quot;city&quot;:&quot;&quot;,&quot;state&quot;:&quot;&quot;,&quot;zip&quot;:&quot;&quot;}" latitude="37.7229679041125" longitude="-122.444746663003" needs_recoding="false"/></row>