<?xml version="1.0" encoding="UTF-8"?><row _id="12610604" _uuid="54AB91DA-CC37-4A19-BC13-F43A7C5FA6E8" _position="12610604" _address="http://data.sfgov.org/resource/ritf-b9ki/12610604"><incidntnum>156172537</incidntnum><category>LARCENY/THEFT</category><descript>GRAND THEFT FROM LOCKED AUTO</descript><dayofweek>Sunday</dayofweek><date>2015-07-12T00:00:00</date><time>07:30</time><pddistrict>CENTRAL</pddistrict><resolution>NONE</resolution><address>JEFFERSON ST / MASON ST</address><x>-122.414166515093</x><y>37.808419917271</y><location human_address="{&quot;address&quot;:&quot;&quot;,&quot;city&quot;:&quot;&quot;,&quot;state&quot;:&quot;&quot;,&quot;zip&quot;:&quot;&quot;}" latitude="37.808419917271" longitude="-122.414166515093" needs_recoding="false"/></row>