<?xml version="1.0" encoding="UTF-8"?><row _id="12612756" _uuid="63A9778B-BF3F-4E13-A853-5236709E1525" _position="12612756" _address="http://data.sfgov.org/resource/ritf-b9ki/12612756"><incidntnum>150639121</incidntnum><category>ASSAULT</category><descript>AGGRAVATED ASSAULT WITH A KNIFE</descript><dayofweek>Thursday</dayofweek><date>2015-07-23T00:00:00</date><time>00:12</time><pddistrict>INGLESIDE</pddistrict><resolution>NONE</resolution><address>1900 Block of SUNNYDALE AV</address><x>-122.417107986993</x><y>37.7122561827524</y><location human_address="{&quot;address&quot;:&quot;&quot;,&quot;city&quot;:&quot;&quot;,&quot;state&quot;:&quot;&quot;,&quot;zip&quot;:&quot;&quot;}" latitude="37.7122561827524" longitude="-122.417107986993" needs_recoding="false"/></row>