<?xml version="1.0" encoding="UTF-8"?><row _id="12615016" _uuid="153293A9-4A80-44E0-A1B2-B7E0FB777FEC" _position="12615016" _address="http://data.sfgov.org/resource/ritf-b9ki/12615016"><incidntnum>150655939</incidntnum><category>WARRANTS</category><descript>WARRANT ARREST</descript><dayofweek>Tuesday</dayofweek><date>2015-07-28T00:00:00</date><time>10:25</time><pddistrict>SOUTHERN</pddistrict><resolution>ARREST, BOOKED</resolution><address>MARKET ST / GOLDEN GATE AV</address><x>-122.41029351969</x><y>37.7822305870036</y><location human_address="{&quot;address&quot;:&quot;&quot;,&quot;city&quot;:&quot;&quot;,&quot;state&quot;:&quot;&quot;,&quot;zip&quot;:&quot;&quot;}" latitude="37.7822305870036" longitude="-122.41029351969" needs_recoding="false"/></row>