<?xml version="1.0" encoding="UTF-8"?><row _id="12606809" _uuid="EC8B4DE2-6C9C-441D-8DDB-7C1228CF6D30" _position="12606809" _address="http://data.sfgov.org/resource/ritf-b9ki/12606809"><incidntnum>150602190</incidntnum><category>ASSAULT</category><descript>THREATS AGAINST LIFE</descript><dayofweek>Thursday</dayofweek><date>2015-07-09T00:00:00</date><time>20:55</time><pddistrict>NORTHERN</pddistrict><resolution>NONE</resolution><address>1200 Block of BAY ST</address><x>-122.427582724584</x><y>37.8037755345033</y><location human_address="{&quot;address&quot;:&quot;&quot;,&quot;city&quot;:&quot;&quot;,&quot;state&quot;:&quot;&quot;,&quot;zip&quot;:&quot;&quot;}" latitude="37.8037755345033" longitude="-122.427582724584" needs_recoding="false"/></row>