<?xml version="1.0" encoding="UTF-8"?><row _id="12608423" _uuid="B6EFBAA7-3B4A-4385-BF27-E079FF43A724" _position="12608423" _address="http://data.sfgov.org/resource/ritf-b9ki/12608423"><incidntnum>150606556</incidntnum><category>LARCENY/THEFT</category><descript>GRAND THEFT FROM LOCKED AUTO</descript><dayofweek>Saturday</dayofweek><date>2015-07-11T00:00:00</date><time>22:15</time><pddistrict>TENDERLOIN</pddistrict><resolution>NONE</resolution><address>GOLDEN GATE AV / JONES ST</address><x>-122.412224164736</x><y>37.7820729312029</y><location human_address="{&quot;address&quot;:&quot;&quot;,&quot;city&quot;:&quot;&quot;,&quot;state&quot;:&quot;&quot;,&quot;zip&quot;:&quot;&quot;}" latitude="37.7820729312029" longitude="-122.412224164736" needs_recoding="false"/></row>