<?xml version="1.0" encoding="UTF-8"?><row _id="12610779" _uuid="B97527E2-1F47-4046-B748-A3B2F519B1F5" _position="12610779" _address="http://data.sfgov.org/resource/ritf-b9ki/12610779"><incidntnum>150631058</incidntnum><category>NON-CRIMINAL</category><descript>FOUND PROPERTY</descript><dayofweek>Saturday</dayofweek><date>2015-07-18T00:00:00</date><time>11:15</time><pddistrict>NORTHERN</pddistrict><resolution>NONE</resolution><address>1300 Block of WEBSTER ST</address><x>-122.431046366089</x><y>37.7830295716044</y><location human_address="{&quot;address&quot;:&quot;&quot;,&quot;city&quot;:&quot;&quot;,&quot;state&quot;:&quot;&quot;,&quot;zip&quot;:&quot;&quot;}" latitude="37.7830295716044" longitude="-122.431046366089" needs_recoding="false"/></row>