<?xml version="1.0" encoding="UTF-8"?><row _id="12610308" _uuid="66F9C068-88B4-48C5-B5D6-CBE9A1630B59" _position="12610308" _address="http://data.sfgov.org/resource/ritf-b9ki/12610308"><incidntnum>150623914</incidntnum><category>LARCENY/THEFT</category><descript>PETTY THEFT FROM LOCKED AUTO</descript><dayofweek>Friday</dayofweek><date>2015-07-17T00:00:00</date><time>22:15</time><pddistrict>SOUTHERN</pddistrict><resolution>NONE</resolution><address>800 Block of HOWARD ST</address><x>-122.403793259489</x><y>37.7823235897616</y><location human_address="{&quot;address&quot;:&quot;&quot;,&quot;city&quot;:&quot;&quot;,&quot;state&quot;:&quot;&quot;,&quot;zip&quot;:&quot;&quot;}" latitude="37.7823235897616" longitude="-122.403793259489" needs_recoding="false"/></row>