<?xml version="1.0" encoding="UTF-8"?><row _id="12608948" _uuid="ED83790C-E9B8-43F1-9152-A8B3470723B6" _position="12608948" _address="http://data.sfgov.org/resource/ritf-b9ki/12608948"><incidntnum>150618426</incidntnum><category>LARCENY/THEFT</category><descript>ATTEMPTED THEFT FROM LOCKED VEHICLE</descript><dayofweek>Tuesday</dayofweek><date>2015-07-14T00:00:00</date><time>18:10</time><pddistrict>BAYVIEW</pddistrict><resolution>NONE</resolution><address>20TH ST / MISSISSIPPI ST</address><x>-122.394356304945</x><y>37.7601416867826</y><location human_address="{&quot;address&quot;:&quot;&quot;,&quot;city&quot;:&quot;&quot;,&quot;state&quot;:&quot;&quot;,&quot;zip&quot;:&quot;&quot;}" latitude="37.7601416867826" longitude="-122.394356304945" needs_recoding="false"/></row>