<?xml version="1.0" encoding="UTF-8"?><row _id="12610794" _uuid="5C676C42-67BA-42A3-AACD-071B739D67F7" _position="12610794" _address="http://data.sfgov.org/resource/ritf-b9ki/12610794"><incidntnum>150621714</incidntnum><category>SECONDARY CODES</category><descript>DOMESTIC VIOLENCE</descript><dayofweek>Wednesday</dayofweek><date>2015-07-15T00:00:00</date><time>20:30</time><pddistrict>TENDERLOIN</pddistrict><resolution>NONE</resolution><address>200 Block of TURK ST</address><x>-122.413237516676</x><y>37.7828430233213</y><location human_address="{&quot;address&quot;:&quot;&quot;,&quot;city&quot;:&quot;&quot;,&quot;state&quot;:&quot;&quot;,&quot;zip&quot;:&quot;&quot;}" latitude="37.7828430233213" longitude="-122.413237516676" needs_recoding="false"/></row>