<?xml version="1.0" encoding="UTF-8"?><row _id="12607482" _uuid="791BB1CF-96DF-4E8E-B1D5-EBE753FC8FF7" _position="12607482" _address="http://data.sfgov.org/resource/ritf-b9ki/12607482"><incidntnum>150605865</incidntnum><category>LARCENY/THEFT</category><descript>PETTY THEFT FROM LOCKED AUTO</descript><dayofweek>Saturday</dayofweek><date>2015-07-11T00:00:00</date><time>22:00</time><pddistrict>SOUTHERN</pddistrict><resolution>NONE</resolution><address>HARRISON ST / 3RD ST</address><x>-122.397388784826</x><y>37.7825543452426</y><location human_address="{&quot;address&quot;:&quot;&quot;,&quot;city&quot;:&quot;&quot;,&quot;state&quot;:&quot;&quot;,&quot;zip&quot;:&quot;&quot;}" latitude="37.7825543452426" longitude="-122.397388784826" needs_recoding="false"/></row>