<?xml version="1.0" encoding="UTF-8"?><row _id="12610328" _uuid="BD2A7A9F-F89B-4447-BC3C-F21CC174C26B" _position="12610328" _address="http://data.sfgov.org/resource/ritf-b9ki/12610328"><incidntnum>150635555</incidntnum><category>MISSING PERSON</category><descript>MISSING JUVENILE</descript><dayofweek>Friday</dayofweek><date>2015-07-17T00:00:00</date><time>07:45</time><pddistrict>PARK</pddistrict><resolution>LOCATED</resolution><address>500 Block of CENTRAL AV</address><x>-122.444432207954</x><y>37.7746354223627</y><location human_address="{&quot;address&quot;:&quot;&quot;,&quot;city&quot;:&quot;&quot;,&quot;state&quot;:&quot;&quot;,&quot;zip&quot;:&quot;&quot;}" latitude="37.7746354223627" longitude="-122.444432207954" needs_recoding="false"/></row>