<?xml version="1.0" encoding="UTF-8"?><row _id="12607760" _uuid="0C987F65-E03D-431A-88FD-3278277960EB" _position="12607760" _address="http://data.sfgov.org/resource/ritf-b9ki/12607760"><incidntnum>150603358</incidntnum><category>ASSAULT</category><descript>BATTERY</descript><dayofweek>Saturday</dayofweek><date>2015-07-11T00:00:00</date><time>10:40</time><pddistrict>CENTRAL</pddistrict><resolution>ARREST, BOOKED</resolution><address>1000 Block of SUTTER ST</address><x>-122.417672923626</x><y>37.7881242734432</y><location human_address="{&quot;address&quot;:&quot;&quot;,&quot;city&quot;:&quot;&quot;,&quot;state&quot;:&quot;&quot;,&quot;zip&quot;:&quot;&quot;}" latitude="37.7881242734432" longitude="-122.417672923626" needs_recoding="false"/></row>