<?xml version="1.0" encoding="UTF-8"?><row _id="12619105" _uuid="67CBEC64-C0FD-4657-82B1-1161564D0837" _position="12619105" _address="http://data.sfgov.org/resource/ritf-b9ki/12619105"><incidntnum>156198511</incidntnum><category>LARCENY/THEFT</category><descript>PETTY THEFT OF PROPERTY</descript><dayofweek>Tuesday</dayofweek><date>2015-07-14T00:00:00</date><time>12:04</time><pddistrict>NORTHERN</pddistrict><resolution>NONE</resolution><address>2400 Block of SACRAMENTO ST</address><x>-122.433800051784</x><y>37.7898100005704</y><location human_address="{&quot;address&quot;:&quot;&quot;,&quot;city&quot;:&quot;&quot;,&quot;state&quot;:&quot;&quot;,&quot;zip&quot;:&quot;&quot;}" latitude="37.7898100005704" longitude="-122.433800051784" needs_recoding="false"/></row>