<?xml version="1.0" encoding="UTF-8"?><row _id="12607800" _uuid="961899DB-005A-434C-AB2F-CD5C7874E353" _position="12607800" _address="http://data.sfgov.org/resource/ritf-b9ki/12607800"><incidntnum>156169625</incidntnum><category>LARCENY/THEFT</category><descript>GRAND THEFT FROM LOCKED AUTO</descript><dayofweek>Saturday</dayofweek><date>2015-07-11T00:00:00</date><time>15:30</time><pddistrict>CENTRAL</pddistrict><resolution>NONE</resolution><address>900 Block of CHESTNUT ST</address><x>-122.418611626628</x><y>37.8031326741336</y><location human_address="{&quot;address&quot;:&quot;&quot;,&quot;city&quot;:&quot;&quot;,&quot;state&quot;:&quot;&quot;,&quot;zip&quot;:&quot;&quot;}" latitude="37.8031326741336" longitude="-122.418611626628" needs_recoding="false"/></row>