<?xml version="1.0" encoding="UTF-8"?><row _id="12607716" _uuid="CDA4E4E8-137A-4B61-84F3-3D93E92DCF24" _position="12607716" _address="http://data.sfgov.org/resource/ritf-b9ki/12607716"><incidntnum>150602849</incidntnum><category>BURGLARY</category><descript>BURGLARY, HOT PROWL, UNLAWFUL ENTRY</descript><dayofweek>Saturday</dayofweek><date>2015-07-11T00:00:00</date><time>03:01</time><pddistrict>MISSION</pddistrict><resolution>ARREST, BOOKED</resolution><address>500 Block of POTRERO AV</address><x>-122.40710239862</x><y>37.7625579386698</y><location human_address="{&quot;address&quot;:&quot;&quot;,&quot;city&quot;:&quot;&quot;,&quot;state&quot;:&quot;&quot;,&quot;zip&quot;:&quot;&quot;}" latitude="37.7625579386698" longitude="-122.40710239862" needs_recoding="false"/></row>