<?xml version="1.0" encoding="UTF-8"?><row _id="12606976" _uuid="C0EB1C65-2569-43FA-A67A-46CDF5A6E917" _position="12606976" _address="http://data.sfgov.org/resource/ritf-b9ki/12606976"><incidntnum>150599183</incidntnum><category>OTHER OFFENSES</category><descript>VIOLATION OF RESTRAINING ORDER</descript><dayofweek>Thursday</dayofweek><date>2015-07-09T00:00:00</date><time>22:50</time><pddistrict>BAYVIEW</pddistrict><resolution>NONE</resolution><address>900 Block of JAMESTOWN AV</address><x>-122.39206487071</x><y>37.71780154499</y><location human_address="{&quot;address&quot;:&quot;&quot;,&quot;city&quot;:&quot;&quot;,&quot;state&quot;:&quot;&quot;,&quot;zip&quot;:&quot;&quot;}" latitude="37.71780154499" longitude="-122.39206487071" needs_recoding="false"/></row>