<?xml version="1.0" encoding="UTF-8"?><row _id="12608652" _uuid="19032838-3312-42AC-820F-EA358DED7956" _position="12608652" _address="http://data.sfgov.org/resource/ritf-b9ki/12608652"><incidntnum>150611135</incidntnum><category>DRUG/NARCOTIC</category><descript>POSSESSION OF CONTROLLED SUBSTANCE FOR SALE</descript><dayofweek>Monday</dayofweek><date>2015-07-13T00:00:00</date><time>18:45</time><pddistrict>TENDERLOIN</pddistrict><resolution>ARREST, BOOKED</resolution><address>100 Block of LEAVENWORTH ST</address><x>-122.414029821727</x><y>37.7823291237659</y><location human_address="{&quot;address&quot;:&quot;&quot;,&quot;city&quot;:&quot;&quot;,&quot;state&quot;:&quot;&quot;,&quot;zip&quot;:&quot;&quot;}" latitude="37.7823291237659" longitude="-122.414029821727" needs_recoding="false"/></row>