<?xml version="1.0" encoding="UTF-8"?><row _id="12610606" _uuid="43FFD84A-4666-482F-B9CC-0F6F1E34A2B8" _position="12610606" _address="http://data.sfgov.org/resource/ritf-b9ki/12610606"><incidntnum>156175951</incidntnum><category>LARCENY/THEFT</category><descript>GRAND THEFT FROM LOCKED AUTO</descript><dayofweek>Saturday</dayofweek><date>2015-07-18T00:00:00</date><time>14:00</time><pddistrict>NORTHERN</pddistrict><resolution>NONE</resolution><address>FILLMORE ST / GOLDEN GATE AV</address><x>-122.431952436364</x><y>37.7795647498663</y><location human_address="{&quot;address&quot;:&quot;&quot;,&quot;city&quot;:&quot;&quot;,&quot;state&quot;:&quot;&quot;,&quot;zip&quot;:&quot;&quot;}" latitude="37.7795647498663" longitude="-122.431952436364" needs_recoding="false"/></row>