<?xml version="1.0" encoding="UTF-8"?><row _id="12607515" _uuid="9A173BD4-B6F3-48FF-AE7C-604AE29B058A" _position="12607515" _address="http://data.sfgov.org/resource/ritf-b9ki/12607515"><incidntnum>150605348</incidntnum><category>LARCENY/THEFT</category><descript>PETTY THEFT FROM LOCKED AUTO</descript><dayofweek>Saturday</dayofweek><date>2015-07-11T00:00:00</date><time>16:00</time><pddistrict>PARK</pddistrict><resolution>NONE</resolution><address>KEZAR DR / LINCOLN WY</address><x>-122.460021651243</x><y>37.7662347513146</y><location human_address="{&quot;address&quot;:&quot;&quot;,&quot;city&quot;:&quot;&quot;,&quot;state&quot;:&quot;&quot;,&quot;zip&quot;:&quot;&quot;}" latitude="37.7662347513146" longitude="-122.460021651243" needs_recoding="false"/></row>