<?xml version="1.0" encoding="UTF-8"?><row _id="12608766" _uuid="F940949C-6256-48CB-BF58-CDE81240449C" _position="12608766" _address="http://data.sfgov.org/resource/ritf-b9ki/12608766"><incidntnum>150611511</incidntnum><category>BURGLARY</category><descript>BURGLARY OF APARTMENT HOUSE, UNLAWFUL ENTRY</descript><dayofweek>Monday</dayofweek><date>2015-07-13T00:00:00</date><time>18:20</time><pddistrict>MISSION</pddistrict><resolution>NONE</resolution><address>3400 Block of 25TH ST</address><x>-122.418579871188</x><y>37.7506771297941</y><location human_address="{&quot;address&quot;:&quot;&quot;,&quot;city&quot;:&quot;&quot;,&quot;state&quot;:&quot;&quot;,&quot;zip&quot;:&quot;&quot;}" latitude="37.7506771297941" longitude="-122.418579871188" needs_recoding="false"/></row>