<?xml version="1.0" encoding="UTF-8"?><row _id="12613860" _uuid="8ED08F10-D517-4DA0-9BFB-210BA49BF3AD" _position="12613860" _address="http://data.sfgov.org/resource/ritf-b9ki/12613860"><incidntnum>156170898</incidntnum><category>LARCENY/THEFT</category><descript>GRAND THEFT FROM LOCKED AUTO</descript><dayofweek>Sunday</dayofweek><date>2015-07-12T00:00:00</date><time>19:30</time><pddistrict>NORTHERN</pddistrict><resolution>NONE</resolution><address>0 Block of CHURCH ST</address><x>-122.429110027872</x><y>37.7698988323411</y><location human_address="{&quot;address&quot;:&quot;&quot;,&quot;city&quot;:&quot;&quot;,&quot;state&quot;:&quot;&quot;,&quot;zip&quot;:&quot;&quot;}" latitude="37.7698988323411" longitude="-122.429110027872" needs_recoding="false"/></row>