<?xml version="1.0" encoding="UTF-8"?><row _id="12607835" _uuid="5D6123BD-9E4E-4F6A-A202-B583D4BE81F9" _position="12607835" _address="http://data.sfgov.org/resource/ritf-b9ki/12607835"><incidntnum>150604152</incidntnum><category>MISSING PERSON</category><descript>FOUND PERSON</descript><dayofweek>Saturday</dayofweek><date>2015-07-11T00:00:00</date><time>14:05</time><pddistrict>RICHMOND</pddistrict><resolution>CLEARED-CONTACT JUVENILE FOR MORE INFO</resolution><address>700 Block of 33RD AV</address><x>-122.492903087989</x><y>37.7749629647565</y><location human_address="{&quot;address&quot;:&quot;&quot;,&quot;city&quot;:&quot;&quot;,&quot;state&quot;:&quot;&quot;,&quot;zip&quot;:&quot;&quot;}" latitude="37.7749629647565" longitude="-122.492903087989" needs_recoding="false"/></row>