<?xml version="1.0" encoding="UTF-8"?><row _id="12610684" _uuid="7F3B814D-0A2E-4474-8F7F-ED252CDD70AF" _position="12610684" _address="http://data.sfgov.org/resource/ritf-b9ki/12610684"><incidntnum>150626463</incidntnum><category>MISSING PERSON</category><descript>MISSING JUVENILE</descript><dayofweek>Saturday</dayofweek><date>2015-07-18T00:00:00</date><time>19:30</time><pddistrict>BAYVIEW</pddistrict><resolution>NONE</resolution><address>600 Block of JAMESTOWN AV</address><x>-122.387833652325</x><y>37.7131072321423</y><location human_address="{&quot;address&quot;:&quot;&quot;,&quot;city&quot;:&quot;&quot;,&quot;state&quot;:&quot;&quot;,&quot;zip&quot;:&quot;&quot;}" latitude="37.7131072321423" longitude="-122.387833652325" needs_recoding="false"/></row>