<?xml version="1.0" encoding="UTF-8"?><row _id="12613802" _uuid="24423F5F-0D2E-4F0F-967E-42ABB2998692" _position="12613802" _address="http://data.sfgov.org/resource/ritf-b9ki/12613802"><incidntnum>150630442</incidntnum><category>ASSAULT</category><descript>BATTERY</descript><dayofweek>Monday</dayofweek><date>2015-07-20T00:00:00</date><time>12:05</time><pddistrict>TARAVAL</pddistrict><resolution>ARREST, BOOKED</resolution><address>200 Block of BRIGHT ST</address><x>-122.463441431261</x><y>37.7152360301002</y><location human_address="{&quot;address&quot;:&quot;&quot;,&quot;city&quot;:&quot;&quot;,&quot;state&quot;:&quot;&quot;,&quot;zip&quot;:&quot;&quot;}" latitude="37.7152360301002" longitude="-122.463441431261" needs_recoding="false"/></row>