<?xml version="1.0" encoding="UTF-8"?><row _id="12608211" _uuid="FA411A8E-BBE4-4542-A83E-58CF2A38C4AA" _position="12608211" _address="http://data.sfgov.org/resource/ritf-b9ki/12608211"><incidntnum>150608223</incidntnum><category>VANDALISM</category><descript>MALICIOUS MISCHIEF, VANDALISM</descript><dayofweek>Sunday</dayofweek><date>2015-07-12T00:00:00</date><time>20:59</time><pddistrict>SOUTHERN</pddistrict><resolution>ARREST, BOOKED</resolution><address>800 Block of BRYANT ST</address><x>-122.403404791479</x><y>37.775420706711</y><location human_address="{&quot;address&quot;:&quot;&quot;,&quot;city&quot;:&quot;&quot;,&quot;state&quot;:&quot;&quot;,&quot;zip&quot;:&quot;&quot;}" latitude="37.775420706711" longitude="-122.403404791479" needs_recoding="false"/></row>