<?xml version="1.0" encoding="UTF-8"?><row _id="12609502" _uuid="A0543EF6-3F48-4640-A459-FFEB84F4EEF5" _position="12609502" _address="http://data.sfgov.org/resource/ritf-b9ki/12609502"><incidntnum>150614850</incidntnum><category>ASSAULT</category><descript>DISCHARGING IN GROSSLY NEGLIGENT MANNER</descript><dayofweek>Wednesday</dayofweek><date>2015-07-15T00:00:00</date><time>03:21</time><pddistrict>MISSION</pddistrict><resolution>NONE</resolution><address>HAMPSHIRE ST / 26TH ST</address><x>-122.406897563446</x><y>37.7497181665598</y><location human_address="{&quot;address&quot;:&quot;&quot;,&quot;city&quot;:&quot;&quot;,&quot;state&quot;:&quot;&quot;,&quot;zip&quot;:&quot;&quot;}" latitude="37.7497181665598" longitude="-122.406897563446" needs_recoding="false"/></row>