<?xml version="1.0" encoding="UTF-8"?><row _id="12606988" _uuid="F636F870-3FCA-4480-A881-28AE969C2CB3" _position="12606988" _address="http://data.sfgov.org/resource/ritf-b9ki/12606988"><incidntnum>150599086</incidntnum><category>LARCENY/THEFT</category><descript>THEFT OF COMPUTERS OR CELL PHONES</descript><dayofweek>Thursday</dayofweek><date>2015-07-09T00:00:00</date><time>21:50</time><pddistrict>CENTRAL</pddistrict><resolution>NONE</resolution><address>500 Block of BROADWAY ST</address><x>-122.406460643507</x><y>37.7979466732983</y><location human_address="{&quot;address&quot;:&quot;&quot;,&quot;city&quot;:&quot;&quot;,&quot;state&quot;:&quot;&quot;,&quot;zip&quot;:&quot;&quot;}" latitude="37.7979466732983" longitude="-122.406460643507" needs_recoding="false"/></row>