<?xml version="1.0" encoding="UTF-8"?><row _id="12613025" _uuid="847829F1-CDEB-471E-B1B7-DB70C5BAEE0E" _position="12613025" _address="http://data.sfgov.org/resource/ritf-b9ki/12613025"><incidntnum>150661914</incidntnum><category>OTHER OFFENSES</category><descript>FALSE PERSONATION TO RECEIVE MONEY OR PROPERTY</descript><dayofweek>Monday</dayofweek><date>2015-07-13T00:00:00</date><time>18:30</time><pddistrict>CENTRAL</pddistrict><resolution>NONE</resolution><address>1300 Block of SACRAMENTO ST</address><x>-122.415310401908</x><y>37.7921571768233</y><location human_address="{&quot;address&quot;:&quot;&quot;,&quot;city&quot;:&quot;&quot;,&quot;state&quot;:&quot;&quot;,&quot;zip&quot;:&quot;&quot;}" latitude="37.7921571768233" longitude="-122.415310401908" needs_recoding="false"/></row>