<?xml version="1.0" encoding="UTF-8"?><row _id="12614618" _uuid="5B9A3E80-0DFC-4F42-A910-F6F68E0F6EC7" _position="12614618" _address="http://data.sfgov.org/resource/ritf-b9ki/12614618"><incidntnum>150657189</incidntnum><category>ROBBERY</category><descript>ROBBERY, BODILY FORCE</descript><dayofweek>Monday</dayofweek><date>2015-07-27T00:00:00</date><time>02:15</time><pddistrict>BAYVIEW</pddistrict><resolution>NONE</resolution><address>SOMERSET ST / FELTON ST</address><x>-122.408548416473</x><y>37.7290043412764</y><location human_address="{&quot;address&quot;:&quot;&quot;,&quot;city&quot;:&quot;&quot;,&quot;state&quot;:&quot;&quot;,&quot;zip&quot;:&quot;&quot;}" latitude="37.7290043412764" longitude="-122.408548416473" needs_recoding="false"/></row>