<?xml version="1.0" encoding="UTF-8"?><row _id="12606771" _uuid="E46DF7CC-61FF-4006-B8B4-6DC81461B2E5" _position="12606771" _address="http://data.sfgov.org/resource/ritf-b9ki/12606771"><incidntnum>150598298</incidntnum><category>FRAUD</category><descript>CREDIT CARD, THEFT BY USE OF</descript><dayofweek>Thursday</dayofweek><date>2015-07-09T00:00:00</date><time>17:00</time><pddistrict>CENTRAL</pddistrict><resolution>NONE</resolution><address>200 Block of POST ST</address><x>-122.406021838484</x><y>37.7886491245294</y><location human_address="{&quot;address&quot;:&quot;&quot;,&quot;city&quot;:&quot;&quot;,&quot;state&quot;:&quot;&quot;,&quot;zip&quot;:&quot;&quot;}" latitude="37.7886491245294" longitude="-122.406021838484" needs_recoding="false"/></row>