<?xml version="1.0" encoding="UTF-8"?><row _id="12613600" _uuid="6B46F7E1-0CC1-430A-80F5-F4009C098B89" _position="12613600" _address="http://data.sfgov.org/resource/ritf-b9ki/12613600"><incidntnum>156174204</incidntnum><category>LARCENY/THEFT</category><descript>GRAND THEFT FROM LOCKED AUTO</descript><dayofweek>Thursday</dayofweek><date>2015-07-16T00:00:00</date><time>18:00</time><pddistrict>NORTHERN</pddistrict><resolution>NONE</resolution><address>POST ST / BUCHANAN ST</address><x>-122.429792899837</x><y>37.7855609320034</y><location human_address="{&quot;address&quot;:&quot;&quot;,&quot;city&quot;:&quot;&quot;,&quot;state&quot;:&quot;&quot;,&quot;zip&quot;:&quot;&quot;}" latitude="37.7855609320034" longitude="-122.429792899837" needs_recoding="false"/></row>