<?xml version="1.0" encoding="UTF-8"?><row _id="12606622" _uuid="13F1C3C2-7B2B-42A2-8014-E7FE99700ED0" _position="12606622" _address="http://data.sfgov.org/resource/ritf-b9ki/12606622"><incidntnum>150599321</incidntnum><category>OTHER OFFENSES</category><descript>POSSESSION OF BURGLARY TOOLS</descript><dayofweek>Thursday</dayofweek><date>2015-07-09T00:00:00</date><time>23:45</time><pddistrict>CENTRAL</pddistrict><resolution>ARREST, BOOKED</resolution><address>JACKSON ST / POWELL ST</address><x>-122.409900589034</x><y>37.795617118662</y><location human_address="{&quot;address&quot;:&quot;&quot;,&quot;city&quot;:&quot;&quot;,&quot;state&quot;:&quot;&quot;,&quot;zip&quot;:&quot;&quot;}" latitude="37.795617118662" longitude="-122.409900589034" needs_recoding="false"/></row>