<?xml version="1.0" encoding="UTF-8"?><row _id="12610777" _uuid="48D3DD2A-DC92-4328-BB53-029294CE4E88" _position="12610777" _address="http://data.sfgov.org/resource/ritf-b9ki/12610777"><incidntnum>150630981</incidntnum><category>VANDALISM</category><descript>MALICIOUS MISCHIEF, GRAFFITI</descript><dayofweek>Saturday</dayofweek><date>2015-07-18T00:00:00</date><time>18:00</time><pddistrict>INGLESIDE</pddistrict><resolution>NONE</resolution><address>0 Block of MIRABEL AV</address><x>-122.416490513829</x><y>37.7465284344966</y><location human_address="{&quot;address&quot;:&quot;&quot;,&quot;city&quot;:&quot;&quot;,&quot;state&quot;:&quot;&quot;,&quot;zip&quot;:&quot;&quot;}" latitude="37.7465284344966" longitude="-122.416490513829" needs_recoding="false"/></row>