<?xml version="1.0" encoding="UTF-8"?><row _id="12611009" _uuid="52FDDBD5-4038-4B99-9352-341E623B5E8A" _position="12611009" _address="http://data.sfgov.org/resource/ritf-b9ki/12611009"><incidntnum>150628522</incidntnum><category>OTHER OFFENSES</category><descript>RESISTING ARREST</descript><dayofweek>Sunday</dayofweek><date>2015-07-19T00:00:00</date><time>17:24</time><pddistrict>NORTHERN</pddistrict><resolution>ARREST, BOOKED</resolution><address>MCALLISTER ST / GOUGH ST</address><x>-122.423545232042</x><y>37.779672005548</y><location human_address="{&quot;address&quot;:&quot;&quot;,&quot;city&quot;:&quot;&quot;,&quot;state&quot;:&quot;&quot;,&quot;zip&quot;:&quot;&quot;}" latitude="37.779672005548" longitude="-122.423545232042" needs_recoding="false"/></row>