<?xml version="1.0" encoding="UTF-8"?><row _id="12607170" _uuid="1E9FC81E-DB17-45B9-BDBB-45E01CC786B2" _position="12607170" _address="http://data.sfgov.org/resource/ritf-b9ki/12607170"><incidntnum>150600865</incidntnum><category>OTHER OFFENSES</category><descript>DRIVERS LICENSE, SUSPENDED OR REVOKED</descript><dayofweek>Friday</dayofweek><date>2015-07-10T00:00:00</date><time>15:10</time><pddistrict>SOUTHERN</pddistrict><resolution>ARREST, BOOKED</resolution><address>800 Block of BRYANT ST</address><x>-122.403404791479</x><y>37.775420706711</y><location human_address="{&quot;address&quot;:&quot;&quot;,&quot;city&quot;:&quot;&quot;,&quot;state&quot;:&quot;&quot;,&quot;zip&quot;:&quot;&quot;}" latitude="37.775420706711" longitude="-122.403404791479" needs_recoding="false"/></row>