<?xml version="1.0" encoding="UTF-8"?><row _id="12606792" _uuid="998484CB-C1C6-42A2-84DD-F34AE0281085" _position="12606792" _address="http://data.sfgov.org/resource/ritf-b9ki/12606792"><incidntnum>150598806</incidntnum><category>NON-CRIMINAL</category><descript>FOUND PROPERTY</descript><dayofweek>Thursday</dayofweek><date>2015-07-09T00:00:00</date><time>21:00</time><pddistrict>CENTRAL</pddistrict><resolution>NONE</resolution><address>700 Block of SUTTER ST</address><x>-122.41274032268</x><y>37.788755110963</y><location human_address="{&quot;address&quot;:&quot;&quot;,&quot;city&quot;:&quot;&quot;,&quot;state&quot;:&quot;&quot;,&quot;zip&quot;:&quot;&quot;}" latitude="37.788755110963" longitude="-122.41274032268" needs_recoding="false"/></row>