<?xml version="1.0" encoding="UTF-8"?><row _id="12609151" _uuid="0A0492FD-9C70-4D4B-B1ED-B652DF616DEA" _position="12609151" _address="http://data.sfgov.org/resource/ritf-b9ki/12609151"><incidntnum>150614258</incidntnum><category>LARCENY/THEFT</category><descript>GRAND THEFT FROM LOCKED AUTO</descript><dayofweek>Tuesday</dayofweek><date>2015-07-14T00:00:00</date><time>19:30</time><pddistrict>MISSION</pddistrict><resolution>NONE</resolution><address>900 Block of CHURCH ST</address><x>-122.427841935218</x><y>37.7552754114733</y><location human_address="{&quot;address&quot;:&quot;&quot;,&quot;city&quot;:&quot;&quot;,&quot;state&quot;:&quot;&quot;,&quot;zip&quot;:&quot;&quot;}" latitude="37.7552754114733" longitude="-122.427841935218" needs_recoding="false"/></row>