<?xml version="1.0" encoding="UTF-8"?><row _id="12607893" _uuid="0659A2F3-0005-458D-A122-0F1325739ABF" _position="12607893" _address="http://data.sfgov.org/resource/ritf-b9ki/12607893"><incidntnum>150605003</incidntnum><category>VANDALISM</category><descript>MALICIOUS MISCHIEF, VANDALISM</descript><dayofweek>Saturday</dayofweek><date>2015-07-11T00:00:00</date><time>18:21</time><pddistrict>RICHMOND</pddistrict><resolution>NONE</resolution><address>1700 Block of LYON ST</address><x>-122.445375537244</x><y>37.786960006038</y><location human_address="{&quot;address&quot;:&quot;&quot;,&quot;city&quot;:&quot;&quot;,&quot;state&quot;:&quot;&quot;,&quot;zip&quot;:&quot;&quot;}" latitude="37.786960006038" longitude="-122.445375537244" needs_recoding="false"/></row>