<?xml version="1.0" encoding="UTF-8"?><row _id="12609482" _uuid="B5EFF241-A98B-4744-B433-00FE581A75EA" _position="12609482" _address="http://data.sfgov.org/resource/ritf-b9ki/12609482"><incidntnum>156176783</incidntnum><category>LARCENY/THEFT</category><descript>GRAND THEFT FROM UNLOCKED AUTO</descript><dayofweek>Wednesday</dayofweek><date>2015-07-15T00:00:00</date><time>14:00</time><pddistrict>PARK</pddistrict><resolution>NONE</resolution><address>1000 Block of FULTON ST</address><x>-122.434068008938</x><y>37.7774377381731</y><location human_address="{&quot;address&quot;:&quot;&quot;,&quot;city&quot;:&quot;&quot;,&quot;state&quot;:&quot;&quot;,&quot;zip&quot;:&quot;&quot;}" latitude="37.7774377381731" longitude="-122.434068008938" needs_recoding="false"/></row>