<?xml version="1.0" encoding="UTF-8"?><row _id="12608522" _uuid="A437B303-E8C4-453A-BEFA-390A2D3E9D93" _position="12608522" _address="http://data.sfgov.org/resource/ritf-b9ki/12608522"><incidntnum>150610256</incidntnum><category>ASSAULT</category><descript>AGGRAVATED ASSAULT WITH A DEADLY WEAPON</descript><dayofweek>Monday</dayofweek><date>2015-07-13T00:00:00</date><time>15:07</time><pddistrict>MISSION</pddistrict><resolution>ARREST, BOOKED</resolution><address>500 Block of VALENCIA ST</address><x>-122.421738508476</x><y>37.7640972229024</y><location human_address="{&quot;address&quot;:&quot;&quot;,&quot;city&quot;:&quot;&quot;,&quot;state&quot;:&quot;&quot;,&quot;zip&quot;:&quot;&quot;}" latitude="37.7640972229024" longitude="-122.421738508476" needs_recoding="false"/></row>