<?xml version="1.0" encoding="UTF-8"?><row _id="12610846" _uuid="6673A247-2D5C-4C23-A4FF-752484443510" _position="12610846" _address="http://data.sfgov.org/resource/ritf-b9ki/12610846"><incidntnum>150645792</incidntnum><category>SEX OFFENSES, FORCIBLE</category><descript>CHILD ABUSE SEXUAL</descript><dayofweek>Sunday</dayofweek><date>2015-07-12T00:00:00</date><time>12:00</time><pddistrict>INGLESIDE</pddistrict><resolution>UNFOUNDED</resolution><address>200 Block of CAMBRIDGE ST</address><x>-122.419204616531</x><y>37.7281878099119</y><location human_address="{&quot;address&quot;:&quot;&quot;,&quot;city&quot;:&quot;&quot;,&quot;state&quot;:&quot;&quot;,&quot;zip&quot;:&quot;&quot;}" latitude="37.7281878099119" longitude="-122.419204616531" needs_recoding="false"/></row>