<?xml version="1.0" encoding="UTF-8"?><row _id="12608644" _uuid="9ACD96DC-E226-4162-8F83-06B8B3AB69C8" _position="12608644" _address="http://data.sfgov.org/resource/ritf-b9ki/12608644"><incidntnum>150609265</incidntnum><category>MISSING PERSON</category><descript>FOUND PERSON</descript><dayofweek>Monday</dayofweek><date>2015-07-13T00:00:00</date><time>09:30</time><pddistrict>INGLESIDE</pddistrict><resolution>NONE</resolution><address>600 Block of HEARST AV</address><x>-122.452296089335</x><y>37.7306215653725</y><location human_address="{&quot;address&quot;:&quot;&quot;,&quot;city&quot;:&quot;&quot;,&quot;state&quot;:&quot;&quot;,&quot;zip&quot;:&quot;&quot;}" latitude="37.7306215653725" longitude="-122.452296089335" needs_recoding="false"/></row>