<?xml version="1.0" encoding="UTF-8"?><row _id="12607299" _uuid="AA683AC5-C52F-4225-B67F-29B302FFBE12" _position="12607299" _address="http://data.sfgov.org/resource/ritf-b9ki/12607299"><incidntnum>150597842</incidntnum><category>DRUG/NARCOTIC</category><descript>POSSESSION OF NARCOTICS PARAPHERNALIA</descript><dayofweek>Thursday</dayofweek><date>2015-07-09T00:00:00</date><time>15:15</time><pddistrict>MISSION</pddistrict><resolution>NONE</resolution><address>1000 Block of POTRERO AV</address><x>-122.406539115148</x><y>37.7564864109309</y><location human_address="{&quot;address&quot;:&quot;&quot;,&quot;city&quot;:&quot;&quot;,&quot;state&quot;:&quot;&quot;,&quot;zip&quot;:&quot;&quot;}" latitude="37.7564864109309" longitude="-122.406539115148" needs_recoding="false"/></row>