<?xml version="1.0" encoding="UTF-8"?><row _id="12608654" _uuid="65259567-29C3-4BAB-B76F-E459F852E5C6" _position="12608654" _address="http://data.sfgov.org/resource/ritf-b9ki/12608654"><incidntnum>150611345</incidntnum><category>DRUNKENNESS</category><descript>UNDER INFLUENCE OF ALCOHOL IN A PUBLIC PLACE</descript><dayofweek>Monday</dayofweek><date>2015-07-13T00:00:00</date><time>21:30</time><pddistrict>SOUTHERN</pddistrict><resolution>ARREST, BOOKED</resolution><address>0 Block of VALENCIA ST</address><x>-122.422586141904</x><y>37.7720472598025</y><location human_address="{&quot;address&quot;:&quot;&quot;,&quot;city&quot;:&quot;&quot;,&quot;state&quot;:&quot;&quot;,&quot;zip&quot;:&quot;&quot;}" latitude="37.7720472598025" longitude="-122.422586141904" needs_recoding="false"/></row>