<?xml version="1.0" encoding="UTF-8"?><row _id="12607830" _uuid="EF29988F-6AA3-4ED6-8468-1F8CD782ABC8" _position="12607830" _address="http://data.sfgov.org/resource/ritf-b9ki/12607830"><incidntnum>150603320</incidntnum><category>OTHER OFFENSES</category><descript>DRIVERS LICENSE, SUSPENDED OR REVOKED</descript><dayofweek>Saturday</dayofweek><date>2015-07-11T00:00:00</date><time>10:55</time><pddistrict>BAYVIEW</pddistrict><resolution>ARREST, CITED</resolution><address>0 Block of GARLINGTON CT</address><x>-122.384396871119</x><y>37.7325070966122</y><location human_address="{&quot;address&quot;:&quot;&quot;,&quot;city&quot;:&quot;&quot;,&quot;state&quot;:&quot;&quot;,&quot;zip&quot;:&quot;&quot;}" latitude="37.7325070966122" longitude="-122.384396871119" needs_recoding="false"/></row>