<?xml version="1.0" encoding="UTF-8"?><row _id="12614247" _uuid="282E426C-5B96-436C-89F1-9D18D5F99088" _position="12614247" _address="http://data.sfgov.org/resource/ritf-b9ki/12614247"><incidntnum>150651272</incidntnum><category>DRUG/NARCOTIC</category><descript>POSSESSION OF METH-AMPHETAMINE</descript><dayofweek>Sunday</dayofweek><date>2015-07-26T00:00:00</date><time>19:15</time><pddistrict>TARAVAL</pddistrict><resolution>ARREST, BOOKED</resolution><address>0 Block of HARDING RD</address><x>-122.49770432371</x><y>37.7247384376425</y><location human_address="{&quot;address&quot;:&quot;&quot;,&quot;city&quot;:&quot;&quot;,&quot;state&quot;:&quot;&quot;,&quot;zip&quot;:&quot;&quot;}" latitude="37.7247384376425" longitude="-122.49770432371" needs_recoding="false"/></row>