<?xml version="1.0" encoding="UTF-8"?><row _id="12612292" _uuid="D7DE3779-9A35-4E46-ABB7-AC8B203CA721" _position="12612292" _address="http://data.sfgov.org/resource/ritf-b9ki/12612292"><incidntnum>150637880</incidntnum><category>LARCENY/THEFT</category><descript>GRAND THEFT FROM PERSON</descript><dayofweek>Wednesday</dayofweek><date>2015-07-22T00:00:00</date><time>13:40</time><pddistrict>NORTHERN</pddistrict><resolution>NONE</resolution><address>MCALLISTER ST / WEBSTER ST</address><x>-122.430047639392</x><y>37.7788487867396</y><location human_address="{&quot;address&quot;:&quot;&quot;,&quot;city&quot;:&quot;&quot;,&quot;state&quot;:&quot;&quot;,&quot;zip&quot;:&quot;&quot;}" latitude="37.7788487867396" longitude="-122.430047639392" needs_recoding="false"/></row>