<?xml version="1.0" encoding="UTF-8"?><row _id="12607605" _uuid="1A2B6CB2-97EB-4B51-B757-227F8E86D9FF" _position="12607605" _address="http://data.sfgov.org/resource/ritf-b9ki/12607605"><incidntnum>150604986</incidntnum><category>ASSAULT</category><descript>BATTERY</descript><dayofweek>Saturday</dayofweek><date>2015-07-11T00:00:00</date><time>18:47</time><pddistrict>TENDERLOIN</pddistrict><resolution>NONE</resolution><address>HYDE ST / TURK ST</address><x>-122.415694922134</x><y>37.7825851968467</y><location human_address="{&quot;address&quot;:&quot;&quot;,&quot;city&quot;:&quot;&quot;,&quot;state&quot;:&quot;&quot;,&quot;zip&quot;:&quot;&quot;}" latitude="37.7825851968467" longitude="-122.415694922134" needs_recoding="false"/></row>