<?xml version="1.0" encoding="UTF-8"?><row _id="12606714" _uuid="32F3EAD4-B213-4B67-916F-E368B7A8C127" _position="12606714" _address="http://data.sfgov.org/resource/ritf-b9ki/12606714"><incidntnum>150598044</incidntnum><category>LARCENY/THEFT</category><descript>GRAND THEFT FROM LOCKED AUTO</descript><dayofweek>Thursday</dayofweek><date>2015-07-09T00:00:00</date><time>16:10</time><pddistrict>SOUTHERN</pddistrict><resolution>NONE</resolution><address>800 Block of BRYANT ST</address><x>-122.403404791479</x><y>37.775420706711</y><location human_address="{&quot;address&quot;:&quot;&quot;,&quot;city&quot;:&quot;&quot;,&quot;state&quot;:&quot;&quot;,&quot;zip&quot;:&quot;&quot;}" latitude="37.775420706711" longitude="-122.403404791479" needs_recoding="false"/></row>