<?xml version="1.0" encoding="UTF-8"?><row _id="12609190" _uuid="57FFEC24-A8DC-44D3-84CA-E35783F0F783" _position="12609190" _address="http://data.sfgov.org/resource/ritf-b9ki/12609190"><incidntnum>150615319</incidntnum><category>WARRANTS</category><descript>WARRANT ARREST</descript><dayofweek>Wednesday</dayofweek><date>2015-07-15T00:00:00</date><time>09:54</time><pddistrict>MISSION</pddistrict><resolution>ARREST, BOOKED</resolution><address>24TH ST / MISSION ST</address><x>-122.418448186101</x><y>37.7522391652625</y><location human_address="{&quot;address&quot;:&quot;&quot;,&quot;city&quot;:&quot;&quot;,&quot;state&quot;:&quot;&quot;,&quot;zip&quot;:&quot;&quot;}" latitude="37.7522391652625" longitude="-122.418448186101" needs_recoding="false"/></row>