<?xml version="1.0" encoding="UTF-8"?><row _id="12607933" _uuid="69D6D2A9-289F-4A78-925D-1D6E42CA0623" _position="12607933" _address="http://data.sfgov.org/resource/ritf-b9ki/12607933"><incidntnum>150602457</incidntnum><category>ASSAULT</category><descript>BATTERY, FORMER SPOUSE OR DATING RELATIONSHIP</descript><dayofweek>Saturday</dayofweek><date>2015-07-11T00:00:00</date><time>00:15</time><pddistrict>MISSION</pddistrict><resolution>ARREST, BOOKED</resolution><address>100 Block of UTAH ST</address><x>-122.406667637408</x><y>37.7677704791539</y><location human_address="{&quot;address&quot;:&quot;&quot;,&quot;city&quot;:&quot;&quot;,&quot;state&quot;:&quot;&quot;,&quot;zip&quot;:&quot;&quot;}" latitude="37.7677704791539" longitude="-122.406667637408" needs_recoding="false"/></row>