<?xml version="1.0" encoding="UTF-8"?><row _id="12608663" _uuid="E84EE529-67BB-4D37-9EAD-23CED39D206E" _position="12608663" _address="http://data.sfgov.org/resource/ritf-b9ki/12608663"><incidntnum>150609845</incidntnum><category>NON-CRIMINAL</category><descript>AIDED CASE, MENTAL DISTURBED</descript><dayofweek>Monday</dayofweek><date>2015-07-13T00:00:00</date><time>13:15</time><pddistrict>MISSION</pddistrict><resolution>NONE</resolution><address>1500 Block of BRYANT ST</address><x>-122.410738097315</x><y>37.767524308783</y><location human_address="{&quot;address&quot;:&quot;&quot;,&quot;city&quot;:&quot;&quot;,&quot;state&quot;:&quot;&quot;,&quot;zip&quot;:&quot;&quot;}" latitude="37.767524308783" longitude="-122.410738097315" needs_recoding="false"/></row>