<?xml version="1.0" encoding="UTF-8"?><row _id="12610442" _uuid="E7F84E39-0722-41B3-8D39-808824CEA05A" _position="12610442" _address="http://data.sfgov.org/resource/ritf-b9ki/12610442"><incidntnum>150639137</incidntnum><category>LARCENY/THEFT</category><descript>THEFT OF ANIMALS (GENERAL)</descript><dayofweek>Thursday</dayofweek><date>2015-07-16T00:00:00</date><time>15:00</time><pddistrict>NORTHERN</pddistrict><resolution>NONE</resolution><address>LOMBARD ST / VANNESS AV</address><x>-122.424541870484</x><y>37.8013041477981</y><location human_address="{&quot;address&quot;:&quot;&quot;,&quot;city&quot;:&quot;&quot;,&quot;state&quot;:&quot;&quot;,&quot;zip&quot;:&quot;&quot;}" latitude="37.8013041477981" longitude="-122.424541870484" needs_recoding="false"/></row>