<?xml version="1.0" encoding="UTF-8"?><row _id="12609363" _uuid="23D98060-A7F3-41E8-A87F-18C23910153B" _position="12609363" _address="http://data.sfgov.org/resource/ritf-b9ki/12609363"><incidntnum>150616878</incidntnum><category>BURGLARY</category><descript>BURGLARY OF APARTMENT HOUSE, FORCIBLE ENTRY</descript><dayofweek>Wednesday</dayofweek><date>2015-07-15T00:00:00</date><time>09:00</time><pddistrict>NORTHERN</pddistrict><resolution>NONE</resolution><address>2300 Block of VANNESS AV</address><x>-122.423871800526</x><y>37.7971395544377</y><location human_address="{&quot;address&quot;:&quot;&quot;,&quot;city&quot;:&quot;&quot;,&quot;state&quot;:&quot;&quot;,&quot;zip&quot;:&quot;&quot;}" latitude="37.7971395544377" longitude="-122.423871800526" needs_recoding="false"/></row>