<?xml version="1.0" encoding="UTF-8"?><row _id="12612607" _uuid="AF12E98D-1071-493B-889D-0B0845AF1D8A" _position="12612607" _address="http://data.sfgov.org/resource/ritf-b9ki/12612607"><incidntnum>150637755</incidntnum><category>STOLEN PROPERTY</category><descript>STOLEN PROPERTY, POSSESSION WITH KNOWLEDGE, RECEIVING</descript><dayofweek>Wednesday</dayofweek><date>2015-07-22T00:00:00</date><time>14:40</time><pddistrict>MISSION</pddistrict><resolution>ARREST, BOOKED</resolution><address>1400 Block of STEVENSON ST</address><x>-122.421347327314</x><y>37.7687574366703</y><location human_address="{&quot;address&quot;:&quot;&quot;,&quot;city&quot;:&quot;&quot;,&quot;state&quot;:&quot;&quot;,&quot;zip&quot;:&quot;&quot;}" latitude="37.7687574366703" longitude="-122.421347327314" needs_recoding="false"/></row>