<?xml version="1.0" encoding="UTF-8"?><row _id="12618341" _uuid="53946B9E-83EA-4373-860F-F038C0A601E6" _position="12618341" _address="http://data.sfgov.org/resource/ritf-b9ki/12618341"><incidntnum>150681508</incidntnum><category>LARCENY/THEFT</category><descript>GRAND THEFT FROM LOCKED AUTO</descript><dayofweek>Wednesday</dayofweek><date>2015-08-05T00:00:00</date><time>15:15</time><pddistrict>PARK</pddistrict><resolution>NONE</resolution><address>MARTIN LUTHER KING JR DR / KEZAR DR</address><x>-122.458638758608</x><y>37.7671999403456</y><location human_address="{&quot;address&quot;:&quot;&quot;,&quot;city&quot;:&quot;&quot;,&quot;state&quot;:&quot;&quot;,&quot;zip&quot;:&quot;&quot;}" latitude="37.7671999403456" longitude="-122.458638758608" needs_recoding="false"/></row>