<?xml version="1.0" encoding="UTF-8"?><row _id="12608352" _uuid="69880614-90FA-471E-BBC9-8748FCFA7CF1" _position="12608352" _address="http://data.sfgov.org/resource/ritf-b9ki/12608352"><incidntnum>150605940</incidntnum><category>ASSAULT</category><descript>BATTERY, FORMER SPOUSE OR DATING RELATIONSHIP</descript><dayofweek>Sunday</dayofweek><date>2015-07-12T00:00:00</date><time>02:25</time><pddistrict>MISSION</pddistrict><resolution>ARREST, BOOKED</resolution><address>2500 Block of MISSION ST</address><x>-122.418753848152</x><y>37.7562250119744</y><location human_address="{&quot;address&quot;:&quot;&quot;,&quot;city&quot;:&quot;&quot;,&quot;state&quot;:&quot;&quot;,&quot;zip&quot;:&quot;&quot;}" latitude="37.7562250119744" longitude="-122.418753848152" needs_recoding="false"/></row>