<?xml version="1.0" encoding="UTF-8"?><row _id="12612812" _uuid="E8997BA5-51D3-4975-B682-437C932D5E9B" _position="12612812" _address="http://data.sfgov.org/resource/ritf-b9ki/12612812"><incidntnum>150640805</incidntnum><category>NON-CRIMINAL</category><descript>AIDED CASE, MENTAL DISTURBED</descript><dayofweek>Thursday</dayofweek><date>2015-07-23T00:00:00</date><time>14:29</time><pddistrict>NORTHERN</pddistrict><resolution>NONE</resolution><address>1000 Block of POLK ST</address><x>-122.419858277339</x><y>37.786137125238</y><location human_address="{&quot;address&quot;:&quot;&quot;,&quot;city&quot;:&quot;&quot;,&quot;state&quot;:&quot;&quot;,&quot;zip&quot;:&quot;&quot;}" latitude="37.786137125238" longitude="-122.419858277339" needs_recoding="false"/></row>