<?xml version="1.0" encoding="UTF-8"?><row _id="12607687" _uuid="26D94FA3-D487-40DF-8586-98B5A005C7F3" _position="12607687" _address="http://data.sfgov.org/resource/ritf-b9ki/12607687"><incidntnum>150605194</incidntnum><category>LARCENY/THEFT</category><descript>GRAND THEFT FROM LOCKED AUTO</descript><dayofweek>Saturday</dayofweek><date>2015-07-11T00:00:00</date><time>17:30</time><pddistrict>NORTHERN</pddistrict><resolution>NONE</resolution><address>3600 Block of LYON ST</address><x>-122.44827840533</x><y>37.804271887891</y><location human_address="{&quot;address&quot;:&quot;&quot;,&quot;city&quot;:&quot;&quot;,&quot;state&quot;:&quot;&quot;,&quot;zip&quot;:&quot;&quot;}" latitude="37.804271887891" longitude="-122.44827840533" needs_recoding="false"/></row>