<?xml version="1.0" encoding="UTF-8"?><row _id="12608562" _uuid="491E0DF6-69C4-4145-B418-9470CB624134" _position="12608562" _address="http://data.sfgov.org/resource/ritf-b9ki/12608562"><incidntnum>150611771</incidntnum><category>OTHER OFFENSES</category><descript>MISCELLANEOUS INVESTIGATION</descript><dayofweek>Monday</dayofweek><date>2015-07-13T00:00:00</date><time>23:55</time><pddistrict>CENTRAL</pddistrict><resolution>NONE</resolution><address>700 Block of POST ST</address><x>-122.41417943719</x><y>37.787502483207</y><location human_address="{&quot;address&quot;:&quot;&quot;,&quot;city&quot;:&quot;&quot;,&quot;state&quot;:&quot;&quot;,&quot;zip&quot;:&quot;&quot;}" latitude="37.787502483207" longitude="-122.41417943719" needs_recoding="false"/></row>