<?xml version="1.0" encoding="UTF-8"?><row _id="12613428" _uuid="0423891F-37CD-4A88-9E3D-5B921AC4418E" _position="12613428" _address="http://data.sfgov.org/resource/ritf-b9ki/12613428"><incidntnum>150644788</incidntnum><category>ASSAULT</category><descript>FALSE IMPRISONMENT</descript><dayofweek>Friday</dayofweek><date>2015-07-24T00:00:00</date><time>18:20</time><pddistrict>MISSION</pddistrict><resolution>ARREST, BOOKED</resolution><address>20TH ST / CAPP ST</address><x>-122.41796448376</x><y>37.7586968166489</y><location human_address="{&quot;address&quot;:&quot;&quot;,&quot;city&quot;:&quot;&quot;,&quot;state&quot;:&quot;&quot;,&quot;zip&quot;:&quot;&quot;}" latitude="37.7586968166489" longitude="-122.41796448376" needs_recoding="false"/></row>