<?xml version="1.0" encoding="UTF-8"?><row _id="12608169" _uuid="2137784D-AF06-4473-8629-4DF700FB0534" _position="12608169" _address="http://data.sfgov.org/resource/ritf-b9ki/12608169"><incidntnum>150607485</incidntnum><category>DRUG/NARCOTIC</category><descript>POSSESSION OF METH-AMPHETAMINE FOR SALE</descript><dayofweek>Sunday</dayofweek><date>2015-07-12T00:00:00</date><time>16:58</time><pddistrict>BAYVIEW</pddistrict><resolution>ARREST, BOOKED</resolution><address>1500 Block of OAKDALE AV</address><x>-122.389390729131</x><y>37.7341211312767</y><location human_address="{&quot;address&quot;:&quot;&quot;,&quot;city&quot;:&quot;&quot;,&quot;state&quot;:&quot;&quot;,&quot;zip&quot;:&quot;&quot;}" latitude="37.7341211312767" longitude="-122.389390729131" needs_recoding="false"/></row>