<?xml version="1.0" encoding="UTF-8"?><row _id="12618794" _uuid="AC6457EB-863C-40C0-86A7-AB4DD251B4BD" _position="12618794" _address="http://data.sfgov.org/resource/ritf-b9ki/12618794"><incidntnum>150684201</incidntnum><category>LARCENY/THEFT</category><descript>LOST PROPERTY, GRAND THEFT</descript><dayofweek>Thursday</dayofweek><date>2015-08-06T00:00:00</date><time>11:30</time><pddistrict>RICHMOND</pddistrict><resolution>NONE</resolution><address>25TH AV / GEARY BL</address><x>-122.484731728932</x><y>37.780091707804</y><location human_address="{&quot;address&quot;:&quot;&quot;,&quot;city&quot;:&quot;&quot;,&quot;state&quot;:&quot;&quot;,&quot;zip&quot;:&quot;&quot;}" latitude="37.780091707804" longitude="-122.484731728932" needs_recoding="false"/></row>