<?xml version="1.0" encoding="UTF-8"?><row _id="12607403" _uuid="9EBB8A82-1B8D-4C44-A758-34A6DAC6489E" _position="12607403" _address="http://data.sfgov.org/resource/ritf-b9ki/12607403"><incidntnum>150599832</incidntnum><category>VANDALISM</category><descript>MALICIOUS MISCHIEF, VANDALISM OF VEHICLES</descript><dayofweek>Friday</dayofweek><date>2015-07-10T00:00:00</date><time>08:13</time><pddistrict>MISSION</pddistrict><resolution>NONE</resolution><address>1900 Block of FOLSOM ST</address><x>-122.415314786574</x><y>37.7661144061981</y><location human_address="{&quot;address&quot;:&quot;&quot;,&quot;city&quot;:&quot;&quot;,&quot;state&quot;:&quot;&quot;,&quot;zip&quot;:&quot;&quot;}" latitude="37.7661144061981" longitude="-122.415314786574" needs_recoding="false"/></row>