<?xml version="1.0" encoding="UTF-8"?><row _id="12608376" _uuid="8BF8D30F-945D-446D-8753-D0EA5C9C62ED" _position="12608376" _address="http://data.sfgov.org/resource/ritf-b9ki/12608376"><incidntnum>150609152</incidntnum><category>LIQUOR LAWS</category><descript>CONSUMING ALCOHOL IN PUBLIC VIEW</descript><dayofweek>Monday</dayofweek><date>2015-07-13T00:00:00</date><time>09:55</time><pddistrict>BAYVIEW</pddistrict><resolution>ARREST, BOOKED</resolution><address>3RD ST / LASALLE AV</address><x>-122.389865610332</x><y>37.7371699446203</y><location human_address="{&quot;address&quot;:&quot;&quot;,&quot;city&quot;:&quot;&quot;,&quot;state&quot;:&quot;&quot;,&quot;zip&quot;:&quot;&quot;}" latitude="37.7371699446203" longitude="-122.389865610332" needs_recoding="false"/></row>