<?xml version="1.0" encoding="UTF-8"?><row _id="12606666" _uuid="D90AFBA7-16C1-43AE-AA09-02C7CD5A35FC" _position="12606666" _address="http://data.sfgov.org/resource/ritf-b9ki/12606666"><incidntnum>156168730</incidntnum><category>VANDALISM</category><descript>MALICIOUS MISCHIEF, VANDALISM</descript><dayofweek>Thursday</dayofweek><date>2015-07-09T00:00:00</date><time>18:00</time><pddistrict>TARAVAL</pddistrict><resolution>NONE</resolution><address>LINCOLN WY / 22ND AV</address><x>-122.480468058614</x><y>37.7653051340782</y><location human_address="{&quot;address&quot;:&quot;&quot;,&quot;city&quot;:&quot;&quot;,&quot;state&quot;:&quot;&quot;,&quot;zip&quot;:&quot;&quot;}" latitude="37.7653051340782" longitude="-122.480468058614" needs_recoding="false"/></row>