<?xml version="1.0" encoding="UTF-8"?><row _id="12609284" _uuid="D437F3B7-3A6C-48FF-9937-0C94A8DB4061" _position="12609284" _address="http://data.sfgov.org/resource/ritf-b9ki/12609284"><incidntnum>156173159</incidntnum><category>VANDALISM</category><descript>MALICIOUS MISCHIEF, VANDALISM</descript><dayofweek>Wednesday</dayofweek><date>2015-07-15T00:00:00</date><time>20:00</time><pddistrict>CENTRAL</pddistrict><resolution>NONE</resolution><address>BAY ST / TAYLOR ST</address><x>-122.415245418291</x><y>37.8054165242789</y><location human_address="{&quot;address&quot;:&quot;&quot;,&quot;city&quot;:&quot;&quot;,&quot;state&quot;:&quot;&quot;,&quot;zip&quot;:&quot;&quot;}" latitude="37.8054165242789" longitude="-122.415245418291" needs_recoding="false"/></row>