<?xml version="1.0" encoding="UTF-8"?><row _id="12623628" _uuid="7E9FFD7F-519F-432C-B0AD-C199A3925BBE" _position="12623628" _address="http://data.sfgov.org/resource/ritf-b9ki/12623628"><incidntnum>150670181</incidntnum><category>OTHER OFFENSES</category><descript>TRAFFIC VIOLATION ARREST</descript><dayofweek>Sunday</dayofweek><date>2015-08-02T00:00:00</date><time>00:23</time><pddistrict>SOUTHERN</pddistrict><resolution>NONE</resolution><address>800 Block of BRYANT ST</address><x>-122.403404791479</x><y>37.775420706711</y><location human_address="{&quot;address&quot;:&quot;&quot;,&quot;city&quot;:&quot;&quot;,&quot;state&quot;:&quot;&quot;,&quot;zip&quot;:&quot;&quot;}" latitude="37.775420706711" longitude="-122.403404791479" needs_recoding="false"/></row>