<?xml version="1.0" encoding="UTF-8"?><row _id="12609399" _uuid="80FF166E-4F8C-4506-A3AC-168D1EAA4626" _position="12609399" _address="http://data.sfgov.org/resource/ritf-b9ki/12609399"><incidntnum>156173864</incidntnum><category>LARCENY/THEFT</category><descript>GRAND THEFT FROM LOCKED AUTO</descript><dayofweek>Wednesday</dayofweek><date>2015-07-15T00:00:00</date><time>21:00</time><pddistrict>NORTHERN</pddistrict><resolution>NONE</resolution><address>1300 Block of FRANKLIN ST</address><x>-122.423329395229</x><y>37.7866266269211</y><location human_address="{&quot;address&quot;:&quot;&quot;,&quot;city&quot;:&quot;&quot;,&quot;state&quot;:&quot;&quot;,&quot;zip&quot;:&quot;&quot;}" latitude="37.7866266269211" longitude="-122.423329395229" needs_recoding="false"/></row>