<?xml version="1.0" encoding="UTF-8"?><row _id="12608427" _uuid="4ABE7763-61B0-4F07-8751-8B2DAC5CB1AB" _position="12608427" _address="http://data.sfgov.org/resource/ritf-b9ki/12608427"><incidntnum>150609362</incidntnum><category>NON-CRIMINAL</category><descript>LOST PROPERTY</descript><dayofweek>Monday</dayofweek><date>2015-07-13T00:00:00</date><time>08:50</time><pddistrict>PARK</pddistrict><resolution>NONE</resolution><address>LAGUNAHONDA BL / DEWEY BL</address><x>-122.459172404971</x><y>37.7472866827895</y><location human_address="{&quot;address&quot;:&quot;&quot;,&quot;city&quot;:&quot;&quot;,&quot;state&quot;:&quot;&quot;,&quot;zip&quot;:&quot;&quot;}" latitude="37.7472866827895" longitude="-122.459172404971" needs_recoding="false"/></row>