<?xml version="1.0" encoding="UTF-8"?><row _id="12612379" _uuid="89630FD1-13A1-4451-A029-79467ED68A73" _position="12612379" _address="http://data.sfgov.org/resource/ritf-b9ki/12612379"><incidntnum>150636127</incidntnum><category>NON-CRIMINAL</category><descript>AIDED CASE, MENTAL DISTURBED</descript><dayofweek>Wednesday</dayofweek><date>2015-07-22T00:00:00</date><time>03:12</time><pddistrict>RICHMOND</pddistrict><resolution>UNFOUNDED</resolution><address>700 Block of 18TH AV</address><x>-122.476691497828</x><y>37.7738311003572</y><location human_address="{&quot;address&quot;:&quot;&quot;,&quot;city&quot;:&quot;&quot;,&quot;state&quot;:&quot;&quot;,&quot;zip&quot;:&quot;&quot;}" latitude="37.7738311003572" longitude="-122.476691497828" needs_recoding="false"/></row>