<?xml version="1.0" encoding="UTF-8"?><row _id="12607149" _uuid="596AAE8E-E864-4A87-97EC-3CAD293540EF" _position="12607149" _address="http://data.sfgov.org/resource/ritf-b9ki/12607149"><incidntnum>150599365</incidntnum><category>OTHER OFFENSES</category><descript>RESISTING ARREST</descript><dayofweek>Friday</dayofweek><date>2015-07-10T00:00:00</date><time>00:33</time><pddistrict>TENDERLOIN</pddistrict><resolution>ARREST, BOOKED</resolution><address>300 Block of HYDE ST</address><x>-122.41604728066</x><y>37.7839824654149</y><location human_address="{&quot;address&quot;:&quot;&quot;,&quot;city&quot;:&quot;&quot;,&quot;state&quot;:&quot;&quot;,&quot;zip&quot;:&quot;&quot;}" latitude="37.7839824654149" longitude="-122.41604728066" needs_recoding="false"/></row>