<?xml version="1.0" encoding="UTF-8"?><row _id="12613895" _uuid="B95AC03B-8440-4841-A056-FEE3703279B4" _position="12613895" _address="http://data.sfgov.org/resource/ritf-b9ki/12613895"><incidntnum>156185740</incidntnum><category>VANDALISM</category><descript>MALICIOUS MISCHIEF, VANDALISM</descript><dayofweek>Saturday</dayofweek><date>2015-07-25T00:00:00</date><time>10:15</time><pddistrict>SOUTHERN</pddistrict><resolution>NONE</resolution><address>800 Block of BRYANT ST</address><x>-122.403404791479</x><y>37.775420706711</y><location human_address="{&quot;address&quot;:&quot;&quot;,&quot;city&quot;:&quot;&quot;,&quot;state&quot;:&quot;&quot;,&quot;zip&quot;:&quot;&quot;}" latitude="37.775420706711" longitude="-122.403404791479" needs_recoding="false"/></row>