<?xml version="1.0" encoding="UTF-8"?><row _id="12612818" _uuid="7D4F9FC2-C8BA-4E47-A3AC-1AA8C19BF731" _position="12612818" _address="http://data.sfgov.org/resource/ritf-b9ki/12612818"><incidntnum>150640946</incidntnum><category>VANDALISM</category><descript>MALICIOUS MISCHIEF, VANDALISM OF VEHICLES</descript><dayofweek>Thursday</dayofweek><date>2015-07-23T00:00:00</date><time>14:50</time><pddistrict>NORTHERN</pddistrict><resolution>NONE</resolution><address>1800 Block of LOMBARD ST</address><x>-122.431977680518</x><y>37.8004790843579</y><location human_address="{&quot;address&quot;:&quot;&quot;,&quot;city&quot;:&quot;&quot;,&quot;state&quot;:&quot;&quot;,&quot;zip&quot;:&quot;&quot;}" latitude="37.8004790843579" longitude="-122.431977680518" needs_recoding="false"/></row>