<?xml version="1.0" encoding="UTF-8"?><row _id="12611775" _uuid="F85F9361-8231-461A-80F1-2024E91A36E5" _position="12611775" _address="http://data.sfgov.org/resource/ritf-b9ki/12611775"><incidntnum>156186572</incidntnum><category>LARCENY/THEFT</category><descript>PETTY THEFT OF PROPERTY</descript><dayofweek>Friday</dayofweek><date>2015-07-17T00:00:00</date><time>17:00</time><pddistrict>NORTHERN</pddistrict><resolution>NONE</resolution><address>1200 Block of VANNESS AV</address><x>-122.421441956086</x><y>37.7868516471087</y><location human_address="{&quot;address&quot;:&quot;&quot;,&quot;city&quot;:&quot;&quot;,&quot;state&quot;:&quot;&quot;,&quot;zip&quot;:&quot;&quot;}" latitude="37.7868516471087" longitude="-122.421441956086" needs_recoding="false"/></row>