<?xml version="1.0" encoding="UTF-8"?><row _id="12608163" _uuid="8CFB2984-60C8-48BE-AADE-7DE065344C3D" _position="12608163" _address="http://data.sfgov.org/resource/ritf-b9ki/12608163"><incidntnum>150606192</incidntnum><category>ASSAULT</category><descript>BATTERY</descript><dayofweek>Sunday</dayofweek><date>2015-07-12T00:00:00</date><time>06:56</time><pddistrict>BAYVIEW</pddistrict><resolution>ARREST, BOOKED</resolution><address>1100 Block of PALOU AV</address><x>-122.382475491131</x><y>37.7292626391341</y><location human_address="{&quot;address&quot;:&quot;&quot;,&quot;city&quot;:&quot;&quot;,&quot;state&quot;:&quot;&quot;,&quot;zip&quot;:&quot;&quot;}" latitude="37.7292626391341" longitude="-122.382475491131" needs_recoding="false"/></row>