<?xml version="1.0" encoding="UTF-8"?><row _id="12609377" _uuid="C11F52AB-63C4-4DD8-A479-1422D673F100" _position="12609377" _address="http://data.sfgov.org/resource/ritf-b9ki/12609377"><incidntnum>150617246</incidntnum><category>OTHER OFFENSES</category><descript>INJURY TO TELEGRAPH/TELEPHONE LINES</descript><dayofweek>Wednesday</dayofweek><date>2015-07-15T00:00:00</date><time>14:00</time><pddistrict>TENDERLOIN</pddistrict><resolution>ARREST, BOOKED</resolution><address>0 Block of MCALLISTER ST</address><x>-122.412596970637</x><y>37.7811192121542</y><location human_address="{&quot;address&quot;:&quot;&quot;,&quot;city&quot;:&quot;&quot;,&quot;state&quot;:&quot;&quot;,&quot;zip&quot;:&quot;&quot;}" latitude="37.7811192121542" longitude="-122.412596970637" needs_recoding="false"/></row>