<?xml version="1.0" encoding="UTF-8"?><row _id="12620691" _uuid="49F028D8-81EF-4E45-B518-F77BA88B46A6" _position="12620691" _address="http://data.sfgov.org/resource/ritf-b9ki/12620691"><incidntnum>156199315</incidntnum><category>LARCENY/THEFT</category><descript>GRAND THEFT FROM UNLOCKED AUTO</descript><dayofweek>Wednesday</dayofweek><date>2015-08-12T00:00:00</date><time>09:30</time><pddistrict>RICHMOND</pddistrict><resolution>NONE</resolution><address>SACRAMENTO ST / PRESIDIO AV</address><x>-122.446977250623</x><y>37.7881846593354</y><location human_address="{&quot;address&quot;:&quot;&quot;,&quot;city&quot;:&quot;&quot;,&quot;state&quot;:&quot;&quot;,&quot;zip&quot;:&quot;&quot;}" latitude="37.7881846593354" longitude="-122.446977250623" needs_recoding="false"/></row>