<?xml version="1.0" encoding="UTF-8"?><row _id="12611803" _uuid="EBFBB967-89A4-483F-A61A-BEA4A8437CEF" _position="12611803" _address="http://data.sfgov.org/resource/ritf-b9ki/12611803"><incidntnum>150633991</incidntnum><category>OTHER OFFENSES</category><descript>LOST/STOLEN LICENSE PLATE</descript><dayofweek>Monday</dayofweek><date>2015-07-20T00:00:00</date><time>21:30</time><pddistrict>BAYVIEW</pddistrict><resolution>NONE</resolution><address>1500 Block of YOSEMITE AV</address><x>-122.39079338652</x><y>37.7262864299867</y><location human_address="{&quot;address&quot;:&quot;&quot;,&quot;city&quot;:&quot;&quot;,&quot;state&quot;:&quot;&quot;,&quot;zip&quot;:&quot;&quot;}" latitude="37.7262864299867" longitude="-122.39079338652" needs_recoding="false"/></row>