<?xml version="1.0" encoding="UTF-8"?><row _id="12613038" _uuid="80A9B3B1-D893-445C-B25B-A5D5457AC537" _position="12613038" _address="http://data.sfgov.org/resource/ritf-b9ki/12613038"><incidntnum>150642378</incidntnum><category>OTHER OFFENSES</category><descript>DRIVERS LICENSE, SUSPENDED OR REVOKED</descript><dayofweek>Friday</dayofweek><date>2015-07-24T00:00:00</date><time>01:28</time><pddistrict>PARK</pddistrict><resolution>ARREST, BOOKED</resolution><address>OAK ST / SHRADER ST</address><x>-122.45224265737</x><y>37.7712286761869</y><location human_address="{&quot;address&quot;:&quot;&quot;,&quot;city&quot;:&quot;&quot;,&quot;state&quot;:&quot;&quot;,&quot;zip&quot;:&quot;&quot;}" latitude="37.7712286761869" longitude="-122.45224265737" needs_recoding="false"/></row>