<?xml version="1.0" encoding="UTF-8"?><row _id="12607692" _uuid="9F19708E-A02A-4F41-AE1B-950225E361D6" _position="12607692" _address="http://data.sfgov.org/resource/ritf-b9ki/12607692"><incidntnum>150605354</incidntnum><category>LARCENY/THEFT</category><descript>GRAND THEFT BICYCLE</descript><dayofweek>Saturday</dayofweek><date>2015-07-11T00:00:00</date><time>20:40</time><pddistrict>SOUTHERN</pddistrict><resolution>NONE</resolution><address>700 Block of MARKET ST</address><x>-122.405294845215</x><y>37.7863072236365</y><location human_address="{&quot;address&quot;:&quot;&quot;,&quot;city&quot;:&quot;&quot;,&quot;state&quot;:&quot;&quot;,&quot;zip&quot;:&quot;&quot;}" latitude="37.7863072236365" longitude="-122.405294845215" needs_recoding="false"/></row>