<?xml version="1.0" encoding="UTF-8"?><row _id="12624377" _uuid="51639718-53B0-41F0-BE27-6DF4C562A8D5" _position="12624377" _address="http://data.sfgov.org/resource/ritf-b9ki/12624377"><incidntnum>156208687</incidntnum><category>LARCENY/THEFT</category><descript>GRAND THEFT FROM UNLOCKED AUTO</descript><dayofweek>Monday</dayofweek><date>2015-07-27T00:00:00</date><time>19:30</time><pddistrict>BAYVIEW</pddistrict><resolution>NONE</resolution><address>400 Block of ILLINOIS ST</address><x>-122.387970307057</x><y>37.7656605700533</y><location human_address="{&quot;address&quot;:&quot;&quot;,&quot;city&quot;:&quot;&quot;,&quot;state&quot;:&quot;&quot;,&quot;zip&quot;:&quot;&quot;}" latitude="37.7656605700533" longitude="-122.387970307057" needs_recoding="false"/></row>