<?xml version="1.0" encoding="UTF-8"?><row _id="12607410" _uuid="5E215391-F038-4B3E-9F04-8EDBF4B42626" _position="12607410" _address="http://data.sfgov.org/resource/ritf-b9ki/12607410"><incidntnum>150602695</incidntnum><category>VEHICLE THEFT</category><descript>STOLEN AUTOMOBILE</descript><dayofweek>Friday</dayofweek><date>2015-07-10T00:00:00</date><time>20:00</time><pddistrict>TARAVAL</pddistrict><resolution>NONE</resolution><address>1000 Block of KIRKHAM ST</address><x>-122.471923482818</x><y>37.7599975524506</y><location human_address="{&quot;address&quot;:&quot;&quot;,&quot;city&quot;:&quot;&quot;,&quot;state&quot;:&quot;&quot;,&quot;zip&quot;:&quot;&quot;}" latitude="37.7599975524506" longitude="-122.471923482818" needs_recoding="false"/></row>