<?xml version="1.0" encoding="UTF-8"?><row _id="12608462" _uuid="3B41A974-E5A3-4C8A-A61E-17409573F4DE" _position="12608462" _address="http://data.sfgov.org/resource/ritf-b9ki/12608462"><incidntnum>156172690</incidntnum><category>LARCENY/THEFT</category><descript>GRAND THEFT FROM LOCKED AUTO</descript><dayofweek>Sunday</dayofweek><date>2015-07-12T00:00:00</date><time>19:00</time><pddistrict>CENTRAL</pddistrict><resolution>NONE</resolution><address>BROADWAY ST / POWELL ST</address><x>-122.410265407362</x><y>37.7974186692171</y><location human_address="{&quot;address&quot;:&quot;&quot;,&quot;city&quot;:&quot;&quot;,&quot;state&quot;:&quot;&quot;,&quot;zip&quot;:&quot;&quot;}" latitude="37.7974186692171" longitude="-122.410265407362" needs_recoding="false"/></row>