<?xml version="1.0" encoding="UTF-8"?><row _id="12609721" _uuid="1DA128C0-B472-455D-A959-44CA9A6DE2B5" _position="12609721" _address="http://data.sfgov.org/resource/ritf-b9ki/12609721"><incidntnum>150618062</incidntnum><category>FRAUD</category><descript>CREDIT CARD, THEFT OF</descript><dayofweek>Thursday</dayofweek><date>2015-07-16T00:00:00</date><time>08:00</time><pddistrict>CENTRAL</pddistrict><resolution>ARREST, BOOKED</resolution><address>300 Block of GRANT AV</address><x>-122.405480762269</x><y>37.7903312930658</y><location human_address="{&quot;address&quot;:&quot;&quot;,&quot;city&quot;:&quot;&quot;,&quot;state&quot;:&quot;&quot;,&quot;zip&quot;:&quot;&quot;}" latitude="37.7903312930658" longitude="-122.405480762269" needs_recoding="false"/></row>