<?xml version="1.0" encoding="UTF-8"?><row _id="12609616" _uuid="28D2066C-15B0-4D94-B5A5-92C2597871A7" _position="12609616" _address="http://data.sfgov.org/resource/ritf-b9ki/12609616"><incidntnum>150619054</incidntnum><category>LARCENY/THEFT</category><descript>GRAND THEFT PICKPOCKET</descript><dayofweek>Thursday</dayofweek><date>2015-07-16T00:00:00</date><time>12:00</time><pddistrict>CENTRAL</pddistrict><resolution>NONE</resolution><address>STOCKTON ST / SACRAMENTO ST</address><x>-122.407729769991</x><y>37.7931773025837</y><location human_address="{&quot;address&quot;:&quot;&quot;,&quot;city&quot;:&quot;&quot;,&quot;state&quot;:&quot;&quot;,&quot;zip&quot;:&quot;&quot;}" latitude="37.7931773025837" longitude="-122.407729769991" needs_recoding="false"/></row>