<?xml version="1.0" encoding="UTF-8"?><row _id="12612246" _uuid="E3BD3225-C5A3-43FA-A9D9-3794CF56ECF4" _position="12612246" _address="http://data.sfgov.org/resource/ritf-b9ki/12612246"><incidntnum>150636428</incidntnum><category>ASSAULT</category><descript>BATTERY, FORMER SPOUSE OR DATING RELATIONSHIP</descript><dayofweek>Tuesday</dayofweek><date>2015-07-21T00:00:00</date><time>22:40</time><pddistrict>INGLESIDE</pddistrict><resolution>NONE</resolution><address>0 Block of ALPHA ST</address><x>-122.403272564177</x><y>37.7148175604718</y><location human_address="{&quot;address&quot;:&quot;&quot;,&quot;city&quot;:&quot;&quot;,&quot;state&quot;:&quot;&quot;,&quot;zip&quot;:&quot;&quot;}" latitude="37.7148175604718" longitude="-122.403272564177" needs_recoding="false"/></row>