<?xml version="1.0" encoding="UTF-8"?><row _id="12610037" _uuid="57BE1CB0-4446-49C7-B858-D8A733D7E804" _position="12610037" _address="http://data.sfgov.org/resource/ritf-b9ki/12610037"><incidntnum>150623710</incidntnum><category>DRIVING UNDER THE INFLUENCE</category><descript>DRIVING WHILE UNDER THE INFLUENCE OF ALCOHOL</descript><dayofweek>Friday</dayofweek><date>2015-07-17T00:00:00</date><time>22:34</time><pddistrict>TARAVAL</pddistrict><resolution>ARREST, BOOKED</resolution><address>TARAVAL ST / 22ND AV</address><x>-122.478902513336</x><y>37.7429079761232</y><location human_address="{&quot;address&quot;:&quot;&quot;,&quot;city&quot;:&quot;&quot;,&quot;state&quot;:&quot;&quot;,&quot;zip&quot;:&quot;&quot;}" latitude="37.7429079761232" longitude="-122.478902513336" needs_recoding="false"/></row>