<?xml version="1.0" encoding="UTF-8"?><row _id="12608044" _uuid="9C2B0385-2FAC-4DB1-93CE-306DE733D11F" _position="12608044" _address="http://data.sfgov.org/resource/ritf-b9ki/12608044"><incidntnum>150609005</incidntnum><category>VANDALISM</category><descript>MALICIOUS MISCHIEF, VANDALISM OF VEHICLES</descript><dayofweek>Sunday</dayofweek><date>2015-07-12T00:00:00</date><time>22:00</time><pddistrict>TARAVAL</pddistrict><resolution>NONE</resolution><address>WAWONA ST / 20TH AV</address><x>-122.476365874619</x><y>37.7374071697733</y><location human_address="{&quot;address&quot;:&quot;&quot;,&quot;city&quot;:&quot;&quot;,&quot;state&quot;:&quot;&quot;,&quot;zip&quot;:&quot;&quot;}" latitude="37.7374071697733" longitude="-122.476365874619" needs_recoding="false"/></row>