<?xml version="1.0" encoding="UTF-8"?><row _id="12606587" _uuid="FF2BEA1C-DD82-4A9A-9251-213EC3F48328" _position="12606587" _address="http://data.sfgov.org/resource/ritf-b9ki/12606587"><incidntnum>150598919</incidntnum><category>KIDNAPPING</category><descript>FALSE IMPRISONMENT</descript><dayofweek>Thursday</dayofweek><date>2015-07-09T00:00:00</date><time>21:16</time><pddistrict>MISSION</pddistrict><resolution>ARREST, BOOKED</resolution><address>CAPP ST / ADAIR ST</address><x>-122.418636273971</x><y>37.7656850385551</y><location human_address="{&quot;address&quot;:&quot;&quot;,&quot;city&quot;:&quot;&quot;,&quot;state&quot;:&quot;&quot;,&quot;zip&quot;:&quot;&quot;}" latitude="37.7656850385551" longitude="-122.418636273971" needs_recoding="false"/></row>