<?xml version="1.0" encoding="UTF-8"?><row _id="12607919" _uuid="022E4924-E718-4F09-AE05-BD66EF3B02EC" _position="12607919" _address="http://data.sfgov.org/resource/ritf-b9ki/12607919"><incidntnum>150602554</incidntnum><category>ASSAULT</category><descript>BATTERY, FORMER SPOUSE OR DATING RELATIONSHIP</descript><dayofweek>Saturday</dayofweek><date>2015-07-11T00:00:00</date><time>00:45</time><pddistrict>NORTHERN</pddistrict><resolution>ARREST, BOOKED</resolution><address>GEARY BL / FRANKLIN ST</address><x>-122.423031175088</x><y>37.7854818747419</y><location human_address="{&quot;address&quot;:&quot;&quot;,&quot;city&quot;:&quot;&quot;,&quot;state&quot;:&quot;&quot;,&quot;zip&quot;:&quot;&quot;}" latitude="37.7854818747419" longitude="-122.423031175088" needs_recoding="false"/></row>