<?xml version="1.0" encoding="UTF-8"?><row _id="12610636" _uuid="F44EEE47-13E9-49BA-8284-109CF21C6034" _position="12610636" _address="http://data.sfgov.org/resource/ritf-b9ki/12610636"><incidntnum>156180148</incidntnum><category>LARCENY/THEFT</category><descript>GRAND THEFT FROM UNLOCKED AUTO</descript><dayofweek>Wednesday</dayofweek><date>2015-07-15T00:00:00</date><time>10:04</time><pddistrict>TARAVAL</pddistrict><resolution>NONE</resolution><address>LAWTON ST / 31ST AV</address><x>-122.489592142825</x><y>37.7573995390481</y><location human_address="{&quot;address&quot;:&quot;&quot;,&quot;city&quot;:&quot;&quot;,&quot;state&quot;:&quot;&quot;,&quot;zip&quot;:&quot;&quot;}" latitude="37.7573995390481" longitude="-122.489592142825" needs_recoding="false"/></row>