<?xml version="1.0" encoding="UTF-8"?><row _id="12638069" _uuid="77738B1F-A3FC-42C0-B662-4B0DA0A659FD" _position="12638069" _address="http://data.sfgov.org/resource/ritf-b9ki/12638069"><incidntnum>150844085</incidntnum><category>BURGLARY</category><descript>BURGLARY OF RESIDENCE, UNLAWFUL ENTRY</descript><dayofweek>Sunday</dayofweek><date>2015-07-26T00:00:00</date><time>09:00</time><pddistrict>MISSION</pddistrict><resolution>NONE</resolution><address>800 Block of DOLORES ST</address><x>-122.425679128421</x><y>37.7558060377845</y><location human_address="{&quot;address&quot;:&quot;&quot;,&quot;city&quot;:&quot;&quot;,&quot;state&quot;:&quot;&quot;,&quot;zip&quot;:&quot;&quot;}" latitude="37.7558060377845" longitude="-122.425679128421" needs_recoding="false"/></row>