<?xml version="1.0" encoding="UTF-8"?><row _id="12620852" _uuid="E6E70770-4FA7-421D-AB3D-A3218F36FFEF" _position="12620852" _address="http://data.sfgov.org/resource/ritf-b9ki/12620852"><incidntnum>150724346</incidntnum><category>MISSING PERSON</category><descript>MISSING ADULT</descript><dayofweek>Friday</dayofweek><date>2015-07-24T00:00:00</date><time>00:01</time><pddistrict>TARAVAL</pddistrict><resolution>NONE</resolution><address>LINCOLN WY / GREAT HY</address><x>-122.510339992198</x><y>37.7640000597982</y><location human_address="{&quot;address&quot;:&quot;&quot;,&quot;city&quot;:&quot;&quot;,&quot;state&quot;:&quot;&quot;,&quot;zip&quot;:&quot;&quot;}" latitude="37.7640000597982" longitude="-122.510339992198" needs_recoding="false"/></row>