<?xml version="1.0" encoding="UTF-8"?><row _id="12614417" _uuid="84A537AC-C816-4C98-B7BE-0CF6D74C05E2" _position="12614417" _address="http://data.sfgov.org/resource/ritf-b9ki/12614417"><incidntnum>150654141</incidntnum><category>SECONDARY CODES</category><descript>DOMESTIC VIOLENCE</descript><dayofweek>Tuesday</dayofweek><date>2015-07-21T00:00:00</date><time>00:01</time><pddistrict>SOUTHERN</pddistrict><resolution>EXCEPTIONAL CLEARANCE</resolution><address>800 Block of BRYANT ST</address><x>-122.403404791479</x><y>37.775420706711</y><location human_address="{&quot;address&quot;:&quot;&quot;,&quot;city&quot;:&quot;&quot;,&quot;state&quot;:&quot;&quot;,&quot;zip&quot;:&quot;&quot;}" latitude="37.775420706711" longitude="-122.403404791479" needs_recoding="false"/></row>