<?xml version="1.0" encoding="UTF-8"?><row _id="12607719" _uuid="E65AE072-8048-4535-90FE-7BF1BBD1F8F8" _position="12607719" _address="http://data.sfgov.org/resource/ritf-b9ki/12607719"><incidntnum>150603029</incidntnum><category>ASSAULT</category><descript>INFLICT INJURY ON COHABITEE</descript><dayofweek>Saturday</dayofweek><date>2015-07-11T00:00:00</date><time>08:25</time><pddistrict>MISSION</pddistrict><resolution>ARREST, BOOKED</resolution><address>600 Block of NOE ST</address><x>-122.432530438319</x><y>37.7590270002305</y><location human_address="{&quot;address&quot;:&quot;&quot;,&quot;city&quot;:&quot;&quot;,&quot;state&quot;:&quot;&quot;,&quot;zip&quot;:&quot;&quot;}" latitude="37.7590270002305" longitude="-122.432530438319" needs_recoding="false"/></row>