<?xml version="1.0" encoding="UTF-8"?><row _id="12608035" _uuid="7BFC9604-9058-4828-A36B-2F337A349544" _position="12608035" _address="http://data.sfgov.org/resource/ritf-b9ki/12608035"><incidntnum>150607219</incidntnum><category>DRUG/NARCOTIC</category><descript>SALE OF CONTROLLED SUBSTANCE</descript><dayofweek>Sunday</dayofweek><date>2015-07-12T00:00:00</date><time>15:28</time><pddistrict>TENDERLOIN</pddistrict><resolution>ARREST, BOOKED</resolution><address>LEAVENWORTH ST / MCALLISTER ST</address><x>-122.413679376888</x><y>37.7809258336852</y><location human_address="{&quot;address&quot;:&quot;&quot;,&quot;city&quot;:&quot;&quot;,&quot;state&quot;:&quot;&quot;,&quot;zip&quot;:&quot;&quot;}" latitude="37.7809258336852" longitude="-122.413679376888" needs_recoding="false"/></row>