<?xml version="1.0" encoding="UTF-8"?><row _id="12609533" _uuid="198412A1-F465-45CD-8D4D-BA7A72A3D7F6" _position="12609533" _address="http://data.sfgov.org/resource/ritf-b9ki/12609533"><incidntnum>150617202</incidntnum><category>ARSON</category><descript>FIRE, UNLAWFULLY CAUSING</descript><dayofweek>Wednesday</dayofweek><date>2015-07-15T00:00:00</date><time>07:05</time><pddistrict>CENTRAL</pddistrict><resolution>NONE</resolution><address>600 Block of JONES ST</address><x>-122.413162802096</x><y>37.7870801005292</y><location human_address="{&quot;address&quot;:&quot;&quot;,&quot;city&quot;:&quot;&quot;,&quot;state&quot;:&quot;&quot;,&quot;zip&quot;:&quot;&quot;}" latitude="37.7870801005292" longitude="-122.413162802096" needs_recoding="false"/></row>