<?xml version="1.0" encoding="UTF-8"?><row _id="12613235" _uuid="2BDA105D-A758-4F69-92D6-75C97CACDBAD" _position="12613235" _address="http://data.sfgov.org/resource/ritf-b9ki/12613235"><incidntnum>150646972</incidntnum><category>LARCENY/THEFT</category><descript>PETTY THEFT SHOPLIFTING</descript><dayofweek>Friday</dayofweek><date>2015-07-24T00:00:00</date><time>18:45</time><pddistrict>SOUTHERN</pddistrict><resolution>NONE</resolution><address>800 Block of MARKET ST</address><x>-122.406690592261</x><y>37.7852071918419</y><location human_address="{&quot;address&quot;:&quot;&quot;,&quot;city&quot;:&quot;&quot;,&quot;state&quot;:&quot;&quot;,&quot;zip&quot;:&quot;&quot;}" latitude="37.7852071918419" longitude="-122.406690592261" needs_recoding="false"/></row>