<?xml version="1.0" encoding="UTF-8"?><row _id="12607655" _uuid="55D5C5CF-81AC-48EF-896C-B0CBED88DBD7" _position="12607655" _address="http://data.sfgov.org/resource/ritf-b9ki/12607655"><incidntnum>150602968</incidntnum><category>VANDALISM</category><descript>MALICIOUS MISCHIEF, VANDALISM OF VEHICLES</descript><dayofweek>Saturday</dayofweek><date>2015-07-11T00:00:00</date><time>00:01</time><pddistrict>SOUTHERN</pddistrict><resolution>NONE</resolution><address>300 Block of 5TH ST</address><x>-122.402142725311</x><y>37.7791933366389</y><location human_address="{&quot;address&quot;:&quot;&quot;,&quot;city&quot;:&quot;&quot;,&quot;state&quot;:&quot;&quot;,&quot;zip&quot;:&quot;&quot;}" latitude="37.7791933366389" longitude="-122.402142725311" needs_recoding="false"/></row>