<?xml version="1.0" encoding="UTF-8"?><row _id="12614970" _uuid="C8103848-D6B8-4700-934E-8BC6DBC22E8A" _position="12614970" _address="http://data.sfgov.org/resource/ritf-b9ki/12614970"><incidntnum>150653626</incidntnum><category>NON-CRIMINAL</category><descript>LICENSE PLATE, FOUND</descript><dayofweek>Monday</dayofweek><date>2015-07-27T00:00:00</date><time>15:24</time><pddistrict>INGLESIDE</pddistrict><resolution>NONE</resolution><address>0 Block of TEDDY AV</address><x>-122.403335801093</x><y>37.7133408583918</y><location human_address="{&quot;address&quot;:&quot;&quot;,&quot;city&quot;:&quot;&quot;,&quot;state&quot;:&quot;&quot;,&quot;zip&quot;:&quot;&quot;}" latitude="37.7133408583918" longitude="-122.403335801093" needs_recoding="false"/></row>