<?xml version="1.0" encoding="UTF-8"?><row _id="12636356" _uuid="15D53FEC-034D-48D8-97C4-EE46F1ACC7F5" _position="12636356" _address="http://data.sfgov.org/resource/ritf-b9ki/12636356"><incidntnum>150835244</incidntnum><category>FRAUD</category><descript>CREDIT CARD, THEFT BY USE OF</descript><dayofweek>Friday</dayofweek><date>2015-07-10T00:00:00</date><time>14:00</time><pddistrict>INGLESIDE</pddistrict><resolution>NONE</resolution><address>1600 Block of DOLORES ST</address><x>-122.424196143179</x><y>37.743445036681</y><location human_address="{&quot;address&quot;:&quot;&quot;,&quot;city&quot;:&quot;&quot;,&quot;state&quot;:&quot;&quot;,&quot;zip&quot;:&quot;&quot;}" latitude="37.743445036681" longitude="-122.424196143179" needs_recoding="false"/></row>