<?xml version="1.0" encoding="UTF-8"?><row _id="12608062" _uuid="D9D6A841-99AC-4112-9C3B-6E7DDEB984C2" _position="12608062" _address="http://data.sfgov.org/resource/ritf-b9ki/12608062"><incidntnum>150607087</incidntnum><category>OTHER OFFENSES</category><descript>DRIVERS LICENSE, SUSPENDED OR REVOKED</descript><dayofweek>Sunday</dayofweek><date>2015-07-12T00:00:00</date><time>14:20</time><pddistrict>BAYVIEW</pddistrict><resolution>ARREST, BOOKED</resolution><address>HAWES ST / HOLLISTER AV</address><x>-122.390564527749</x><y>37.7186884382294</y><location human_address="{&quot;address&quot;:&quot;&quot;,&quot;city&quot;:&quot;&quot;,&quot;state&quot;:&quot;&quot;,&quot;zip&quot;:&quot;&quot;}" latitude="37.7186884382294" longitude="-122.390564527749" needs_recoding="false"/></row>