<?xml version="1.0" encoding="UTF-8"?><row _id="12610233" _uuid="A7E4F3FE-B8DC-4787-B2C7-70315531D852" _position="12610233" _address="http://data.sfgov.org/resource/ritf-b9ki/12610233"><incidntnum>150624097</incidntnum><category>VANDALISM</category><descript>MALICIOUS MISCHIEF, VANDALISM OF VEHICLES</descript><dayofweek>Friday</dayofweek><date>2015-07-17T00:00:00</date><time>23:00</time><pddistrict>BAYVIEW</pddistrict><resolution>NONE</resolution><address>500 Block of BARNEVELD AV</address><x>-122.404296869791</x><y>37.74044593571</y><location human_address="{&quot;address&quot;:&quot;&quot;,&quot;city&quot;:&quot;&quot;,&quot;state&quot;:&quot;&quot;,&quot;zip&quot;:&quot;&quot;}" latitude="37.74044593571" longitude="-122.404296869791" needs_recoding="false"/></row>