<?xml version="1.0" encoding="UTF-8"?><row _id="12607038" _uuid="0A96E61E-E94C-4FA0-80F5-96DC556EA232" _position="12607038" _address="http://data.sfgov.org/resource/ritf-b9ki/12607038"><incidntnum>150601249</incidntnum><category>ASSAULT</category><descript>BATTERY</descript><dayofweek>Friday</dayofweek><date>2015-07-10T00:00:00</date><time>16:10</time><pddistrict>NORTHERN</pddistrict><resolution>NONE</resolution><address>FRANKLIN ST / CALIFORNIA ST</address><x>-122.423976158276</x><y>37.7901609310159</y><location human_address="{&quot;address&quot;:&quot;&quot;,&quot;city&quot;:&quot;&quot;,&quot;state&quot;:&quot;&quot;,&quot;zip&quot;:&quot;&quot;}" latitude="37.7901609310159" longitude="-122.423976158276" needs_recoding="false"/></row>