<?xml version="1.0" encoding="UTF-8"?><row _id="12606779" _uuid="F4891EBC-6207-4C65-8CFE-A7C4A72414A2" _position="12606779" _address="http://data.sfgov.org/resource/ritf-b9ki/12606779"><incidntnum>150598395</incidntnum><category>NON-CRIMINAL</category><descript>AIDED CASE, MENTAL DISTURBED</descript><dayofweek>Thursday</dayofweek><date>2015-07-09T00:00:00</date><time>18:18</time><pddistrict>SOUTHERN</pddistrict><resolution>NONE</resolution><address>300 Block of 5TH ST</address><x>-122.402046531292</x><y>37.7792723524232</y><location human_address="{&quot;address&quot;:&quot;&quot;,&quot;city&quot;:&quot;&quot;,&quot;state&quot;:&quot;&quot;,&quot;zip&quot;:&quot;&quot;}" latitude="37.7792723524232" longitude="-122.402046531292" needs_recoding="false"/></row>