<?xml version="1.0" encoding="UTF-8"?><row _id="12607822" _uuid="84801C86-6195-4966-997C-6E077E4B5A44" _position="12607822" _address="http://data.sfgov.org/resource/ritf-b9ki/12607822"><incidntnum>150601772</incidntnum><category>DRUG/NARCOTIC</category><descript>POSSESSION OF METH-AMPHETAMINE FOR SALE</descript><dayofweek>Friday</dayofweek><date>2015-07-10T00:00:00</date><time>18:39</time><pddistrict>MISSION</pddistrict><resolution>ARREST, BOOKED</resolution><address>0 Block of SYCAMORE ST</address><x>-122.419858465007</x><y>37.7627429027065</y><location human_address="{&quot;address&quot;:&quot;&quot;,&quot;city&quot;:&quot;&quot;,&quot;state&quot;:&quot;&quot;,&quot;zip&quot;:&quot;&quot;}" latitude="37.7627429027065" longitude="-122.419858465007" needs_recoding="false"/></row>