<?xml version="1.0" encoding="UTF-8"?><row _id="12609068" _uuid="A668E571-0BA1-4CD7-9795-E0CB281E1916" _position="12609068" _address="http://data.sfgov.org/resource/ritf-b9ki/12609068"><incidntnum>150614139</incidntnum><category>ASSAULT</category><descript>CHILD ABUSE (PHYSICAL)</descript><dayofweek>Tuesday</dayofweek><date>2015-07-14T00:00:00</date><time>20:00</time><pddistrict>INGLESIDE</pddistrict><resolution>NONE</resolution><address>100 Block of ADDISON ST</address><x>-122.432398313711</x><y>37.7378218134824</y><location human_address="{&quot;address&quot;:&quot;&quot;,&quot;city&quot;:&quot;&quot;,&quot;state&quot;:&quot;&quot;,&quot;zip&quot;:&quot;&quot;}" latitude="37.7378218134824" longitude="-122.432398313711" needs_recoding="false"/></row>