<?xml version="1.0" encoding="UTF-8"?><row _id="12609402" _uuid="F3E0B485-000C-4C92-8106-B757FB1581E0" _position="12609402" _address="http://data.sfgov.org/resource/ritf-b9ki/12609402"><incidntnum>156174317</incidntnum><category>LARCENY/THEFT</category><descript>GRAND THEFT FROM UNLOCKED AUTO</descript><dayofweek>Wednesday</dayofweek><date>2015-07-15T00:00:00</date><time>21:00</time><pddistrict>PARK</pddistrict><resolution>NONE</resolution><address>600 Block of CORBETT AV</address><x>-122.443323233805</x><y>37.7566240679538</y><location human_address="{&quot;address&quot;:&quot;&quot;,&quot;city&quot;:&quot;&quot;,&quot;state&quot;:&quot;&quot;,&quot;zip&quot;:&quot;&quot;}" latitude="37.7566240679538" longitude="-122.443323233805" needs_recoding="false"/></row>