<?xml version="1.0" encoding="UTF-8"?><row _id="12608076" _uuid="C4A23496-35E8-4FEA-8755-4A2573AC8558" _position="12608076" _address="http://data.sfgov.org/resource/ritf-b9ki/12608076"><incidntnum>150616680</incidntnum><category>ROBBERY</category><descript>ROBBERY, BODILY FORCE</descript><dayofweek>Sunday</dayofweek><date>2015-07-12T00:00:00</date><time>23:00</time><pddistrict>INGLESIDE</pddistrict><resolution>NONE</resolution><address>MISSION ST / BRAZIL AV</address><x>-122.434870543645</x><y>37.724589160901</y><location human_address="{&quot;address&quot;:&quot;&quot;,&quot;city&quot;:&quot;&quot;,&quot;state&quot;:&quot;&quot;,&quot;zip&quot;:&quot;&quot;}" latitude="37.724589160901" longitude="-122.434870543645" needs_recoding="false"/></row>