<?xml version="1.0" encoding="UTF-8"?><row _id="12609347" _uuid="78BB4484-3038-4F45-ACA1-9C57B47C468B" _position="12609347" _address="http://data.sfgov.org/resource/ritf-b9ki/12609347"><incidntnum>150616254</incidntnum><category>WARRANTS</category><descript>WARRANT ARREST</descript><dayofweek>Wednesday</dayofweek><date>2015-07-15T00:00:00</date><time>15:27</time><pddistrict>SOUTHERN</pddistrict><resolution>ARREST, BOOKED</resolution><address>1300 Block of MARKET ST</address><x>-122.416818891994</x><y>37.7769362014881</y><location human_address="{&quot;address&quot;:&quot;&quot;,&quot;city&quot;:&quot;&quot;,&quot;state&quot;:&quot;&quot;,&quot;zip&quot;:&quot;&quot;}" latitude="37.7769362014881" longitude="-122.416818891994" needs_recoding="false"/></row>