<?xml version="1.0" encoding="UTF-8"?><row _id="12606707" _uuid="29BC630D-4EF6-4B97-8686-3D14AEEB1B4A" _position="12606707" _address="http://data.sfgov.org/resource/ritf-b9ki/12606707"><incidntnum>150597591</incidntnum><category>ROBBERY</category><descript>ROBBERY OF A CHAIN STORE WITH BODILY FORCE</descript><dayofweek>Thursday</dayofweek><date>2015-07-09T00:00:00</date><time>14:00</time><pddistrict>TENDERLOIN</pddistrict><resolution>ARREST, BOOKED</resolution><address>0 Block of POWELL ST</address><x>-122.407845374111</x><y>37.7850943210103</y><location human_address="{&quot;address&quot;:&quot;&quot;,&quot;city&quot;:&quot;&quot;,&quot;state&quot;:&quot;&quot;,&quot;zip&quot;:&quot;&quot;}" latitude="37.7850943210103" longitude="-122.407845374111" needs_recoding="false"/></row>