<?xml version="1.0" encoding="UTF-8"?><row _id="12612315" _uuid="9A0EB2CF-3081-4273-979E-9541B89D7F16" _position="12612315" _address="http://data.sfgov.org/resource/ritf-b9ki/12612315"><incidntnum>156179759</incidntnum><category>LARCENY/THEFT</category><descript>GRAND THEFT FROM UNLOCKED AUTO</descript><dayofweek>Wednesday</dayofweek><date>2015-07-22T00:00:00</date><time>20:00</time><pddistrict>SOUTHERN</pddistrict><resolution>NONE</resolution><address>MAIN ST / BRYANT ST</address><x>-122.388784430412</x><y>37.7868979973476</y><location human_address="{&quot;address&quot;:&quot;&quot;,&quot;city&quot;:&quot;&quot;,&quot;state&quot;:&quot;&quot;,&quot;zip&quot;:&quot;&quot;}" latitude="37.7868979973476" longitude="-122.388784430412" needs_recoding="false"/></row>