<?xml version="1.0" encoding="UTF-8"?><row _id="12608252" _uuid="CC53C1DD-F879-4590-AA02-B97FD7620781" _position="12608252" _address="http://data.sfgov.org/resource/ritf-b9ki/12608252"><incidntnum>150607253</incidntnum><category>OTHER OFFENSES</category><descript>DRIVERS LICENSE, SUSPENDED OR REVOKED</descript><dayofweek>Sunday</dayofweek><date>2015-07-12T00:00:00</date><time>15:23</time><pddistrict>PARK</pddistrict><resolution>ARREST, BOOKED</resolution><address>500 Block of PARNASSUS AV</address><x>-122.458267329165</x><y>37.7634158564883</y><location human_address="{&quot;address&quot;:&quot;&quot;,&quot;city&quot;:&quot;&quot;,&quot;state&quot;:&quot;&quot;,&quot;zip&quot;:&quot;&quot;}" latitude="37.7634158564883" longitude="-122.458267329165" needs_recoding="false"/></row>