<?xml version="1.0" encoding="UTF-8"?><row _id="12609124" _uuid="995AEF6D-D95F-4632-A39D-2589F7F7EC05" _position="12609124" _address="http://data.sfgov.org/resource/ritf-b9ki/12609124"><incidntnum>150620738</incidntnum><category>LARCENY/THEFT</category><descript>PETTY THEFT FROM A BUILDING</descript><dayofweek>Tuesday</dayofweek><date>2015-07-14T00:00:00</date><time>23:30</time><pddistrict>NORTHERN</pddistrict><resolution>NONE</resolution><address>3200 Block of BRODERICK ST</address><x>-122.444680280476</x><y>37.800230817588</y><location human_address="{&quot;address&quot;:&quot;&quot;,&quot;city&quot;:&quot;&quot;,&quot;state&quot;:&quot;&quot;,&quot;zip&quot;:&quot;&quot;}" latitude="37.800230817588" longitude="-122.444680280476" needs_recoding="false"/></row>