<?xml version="1.0" encoding="UTF-8"?><row _id="12611879" _uuid="1DD55928-D075-4124-87F9-EEB58DE51BB3" _position="12611879" _address="http://data.sfgov.org/resource/ritf-b9ki/12611879"><incidntnum>150633060</incidntnum><category>OTHER OFFENSES</category><descript>DOG, STRAY OR VICIOUS</descript><dayofweek>Monday</dayofweek><date>2015-07-20T00:00:00</date><time>05:56</time><pddistrict>NORTHERN</pddistrict><resolution>NONE</resolution><address>200 Block of HERMANN ST</address><x>-122.428836305503</x><y>37.7704554295672</y><location human_address="{&quot;address&quot;:&quot;&quot;,&quot;city&quot;:&quot;&quot;,&quot;state&quot;:&quot;&quot;,&quot;zip&quot;:&quot;&quot;}" latitude="37.7704554295672" longitude="-122.428836305503" needs_recoding="false"/></row>