<?xml version="1.0" encoding="UTF-8"?><row _id="12607041" _uuid="78340BE5-DA49-4812-8A5E-247FB103462F" _position="12607041" _address="http://data.sfgov.org/resource/ritf-b9ki/12607041"><incidntnum>150601471</incidntnum><category>WARRANTS</category><descript>WARRANT ARREST</descript><dayofweek>Friday</dayofweek><date>2015-07-10T00:00:00</date><time>17:44</time><pddistrict>MISSION</pddistrict><resolution>ARREST, BOOKED</resolution><address>21ST ST / MISSION ST</address><x>-122.418904204517</x><y>37.7570361132269</y><location human_address="{&quot;address&quot;:&quot;&quot;,&quot;city&quot;:&quot;&quot;,&quot;state&quot;:&quot;&quot;,&quot;zip&quot;:&quot;&quot;}" latitude="37.7570361132269" longitude="-122.418904204517" needs_recoding="false"/></row>