<?xml version="1.0" encoding="UTF-8"?><row _id="12608642" _uuid="0D3DC61F-8076-432C-B75F-F669B9632C09" _position="12608642" _address="http://data.sfgov.org/resource/ritf-b9ki/12608642"><incidntnum>150609124</incidntnum><category>LARCENY/THEFT</category><descript>PETTY THEFT SHOPLIFTING</descript><dayofweek>Monday</dayofweek><date>2015-07-13T00:00:00</date><time>08:15</time><pddistrict>CENTRAL</pddistrict><resolution>NONE</resolution><address>0 Block of JEFFERSON ST</address><x>-122.413349164272</x><y>37.8084667368908</y><location human_address="{&quot;address&quot;:&quot;&quot;,&quot;city&quot;:&quot;&quot;,&quot;state&quot;:&quot;&quot;,&quot;zip&quot;:&quot;&quot;}" latitude="37.8084667368908" longitude="-122.413349164272" needs_recoding="false"/></row>