<?xml version="1.0" encoding="UTF-8"?><row _id="12638689" _uuid="CE61C5F0-4AAD-4BE6-AED9-602417981D0E" _position="12638689" _address="http://data.sfgov.org/resource/ritf-b9ki/12638689"><incidntnum>150614010</incidntnum><category>WARRANTS</category><descript>WARRANT ARREST</descript><dayofweek>Tuesday</dayofweek><date>2015-07-14T00:00:00</date><time>17:45</time><pddistrict>CENTRAL</pddistrict><resolution>ARREST, BOOKED</resolution><address>POLK ST / BEACH ST</address><x>-122.42384881373</x><y>37.8062214269911</y><location human_address="{&quot;address&quot;:&quot;&quot;,&quot;city&quot;:&quot;&quot;,&quot;state&quot;:&quot;&quot;,&quot;zip&quot;:&quot;&quot;}" latitude="37.8062214269911" longitude="-122.42384881373" needs_recoding="false"/></row>