<?xml version="1.0" encoding="UTF-8"?><row _id="12617621" _uuid="86B7E7E6-1BB8-4DB9-9670-FEC785BD4913" _position="12617621" _address="http://data.sfgov.org/resource/ritf-b9ki/12617621"><incidntnum>156174953</incidntnum><category>LARCENY/THEFT</category><descript>GRAND THEFT FROM LOCKED AUTO</descript><dayofweek>Thursday</dayofweek><date>2015-07-16T00:00:00</date><time>19:45</time><pddistrict>MISSION</pddistrict><resolution>NONE</resolution><address>MISSION ST / CLARION AL</address><x>-122.419478247917</x><y>37.763050767731</y><location human_address="{&quot;address&quot;:&quot;&quot;,&quot;city&quot;:&quot;&quot;,&quot;state&quot;:&quot;&quot;,&quot;zip&quot;:&quot;&quot;}" latitude="37.763050767731" longitude="-122.419478247917" needs_recoding="false"/></row>