<?xml version="1.0" encoding="UTF-8"?><row _id="12610607" _uuid="358905D6-38AD-4872-B5B6-C5900EDDB210" _position="12610607" _address="http://data.sfgov.org/resource/ritf-b9ki/12610607"><incidntnum>156175967</incidntnum><category>LARCENY/THEFT</category><descript>GRAND THEFT FROM LOCKED AUTO</descript><dayofweek>Saturday</dayofweek><date>2015-07-18T00:00:00</date><time>15:40</time><pddistrict>NORTHERN</pddistrict><resolution>NONE</resolution><address>VANNESS AV / FRANCISCO ST</address><x>-122.42492347688</x><y>37.8032042720725</y><location human_address="{&quot;address&quot;:&quot;&quot;,&quot;city&quot;:&quot;&quot;,&quot;state&quot;:&quot;&quot;,&quot;zip&quot;:&quot;&quot;}" latitude="37.8032042720725" longitude="-122.42492347688" needs_recoding="false"/></row>