<?xml version="1.0" encoding="UTF-8"?><row _id="12607127" _uuid="098282F2-3358-45C0-9C06-D73043BE7538" _position="12607127" _address="http://data.sfgov.org/resource/ritf-b9ki/12607127"><incidntnum>150609049</incidntnum><category>VEHICLE THEFT</category><descript>STOLEN AUTOMOBILE</descript><dayofweek>Friday</dayofweek><date>2015-07-10T00:00:00</date><time>01:00</time><pddistrict>BAYVIEW</pddistrict><resolution>NONE</resolution><address>SILVER AV / ELMIRA ST</address><x>-122.403511122553</x><y>37.7336649642014</y><location human_address="{&quot;address&quot;:&quot;&quot;,&quot;city&quot;:&quot;&quot;,&quot;state&quot;:&quot;&quot;,&quot;zip&quot;:&quot;&quot;}" latitude="37.7336649642014" longitude="-122.403511122553" needs_recoding="false"/></row>