<?xml version="1.0" encoding="UTF-8"?><row _id="12621373" _uuid="DFC7A485-5D42-49AC-ADD9-67D337697D8C" _position="12621373" _address="http://data.sfgov.org/resource/ritf-b9ki/12621373"><incidntnum>156207849</incidntnum><category>NON-CRIMINAL</category><descript>LOST PROPERTY</descript><dayofweek>Tuesday</dayofweek><date>2015-07-14T00:00:00</date><time>13:20</time><pddistrict>BAYVIEW</pddistrict><resolution>NONE</resolution><address>LANE ST / SHAFTER AV</address><x>-122.390729985082</x><y>37.7310386910994</y><location human_address="{&quot;address&quot;:&quot;&quot;,&quot;city&quot;:&quot;&quot;,&quot;state&quot;:&quot;&quot;,&quot;zip&quot;:&quot;&quot;}" latitude="37.7310386910994" longitude="-122.390729985082" needs_recoding="false"/></row>