<?xml version="1.0" encoding="UTF-8"?><row _id="12610470" _uuid="071CF581-DC72-4843-B879-6050E114F566" _position="12610470" _address="http://data.sfgov.org/resource/ritf-b9ki/12610470"><incidntnum>150622831</incidntnum><category>WEAPON LAWS</category><descript>FIREARM, LOADED, IN VEHICLE, POSSESSION OR USE</descript><dayofweek>Friday</dayofweek><date>2015-07-17T00:00:00</date><time>17:11</time><pddistrict>BAYVIEW</pddistrict><resolution>ARREST, BOOKED</resolution><address>0 Block of HUDSON CT</address><x>-122.379213826356</x><y>37.732368620468</y><location human_address="{&quot;address&quot;:&quot;&quot;,&quot;city&quot;:&quot;&quot;,&quot;state&quot;:&quot;&quot;,&quot;zip&quot;:&quot;&quot;}" latitude="37.732368620468" longitude="-122.379213826356" needs_recoding="false"/></row>