<?xml version="1.0" encoding="UTF-8"?><row _id="12611101" _uuid="2B156AD9-B38D-4D43-8DEA-C6991FED1D41" _position="12611101" _address="http://data.sfgov.org/resource/ritf-b9ki/12611101"><incidntnum>150627988</incidntnum><category>OTHER OFFENSES</category><descript>INDECENT EXPOSURE WITH PRIOR CONVICTION</descript><dayofweek>Sunday</dayofweek><date>2015-07-19T00:00:00</date><time>13:52</time><pddistrict>NORTHERN</pddistrict><resolution>ARREST, BOOKED</resolution><address>400 Block of VANNESS AV</address><x>-122.420217273345</x><y>37.7791510160099</y><location human_address="{&quot;address&quot;:&quot;&quot;,&quot;city&quot;:&quot;&quot;,&quot;state&quot;:&quot;&quot;,&quot;zip&quot;:&quot;&quot;}" latitude="37.7791510160099" longitude="-122.420217273345" needs_recoding="false"/></row>