<?xml version="1.0" encoding="UTF-8"?><row _id="12609303" _uuid="C98C892D-4F1D-44F3-B08F-2AAA41FDBC12" _position="12609303" _address="http://data.sfgov.org/resource/ritf-b9ki/12609303"><incidntnum>150615911</incidntnum><category>LARCENY/THEFT</category><descript>GRAND THEFT FROM PERSON</descript><dayofweek>Wednesday</dayofweek><date>2015-07-15T00:00:00</date><time>12:10</time><pddistrict>SOUTHERN</pddistrict><resolution>ARREST, BOOKED</resolution><address>0 Block of ESSEX ST</address><x>-122.395062469002</x><y>37.7859930647181</y><location human_address="{&quot;address&quot;:&quot;&quot;,&quot;city&quot;:&quot;&quot;,&quot;state&quot;:&quot;&quot;,&quot;zip&quot;:&quot;&quot;}" latitude="37.7859930647181" longitude="-122.395062469002" needs_recoding="false"/></row>