<?xml version="1.0" encoding="UTF-8"?><row _id="12612418" _uuid="D0A76A64-5E46-413D-A352-F945EBBD6097" _position="12612418" _address="http://data.sfgov.org/resource/ritf-b9ki/12612418"><incidntnum>150637379</incidntnum><category>LARCENY/THEFT</category><descript>PETTY THEFT SHOPLIFTING</descript><dayofweek>Wednesday</dayofweek><date>2015-07-22T00:00:00</date><time>10:45</time><pddistrict>TENDERLOIN</pddistrict><resolution>ARREST, BOOKED</resolution><address>100 Block of OFARRELL ST</address><x>-122.407244087032</x><y>37.7865647607685</y><location human_address="{&quot;address&quot;:&quot;&quot;,&quot;city&quot;:&quot;&quot;,&quot;state&quot;:&quot;&quot;,&quot;zip&quot;:&quot;&quot;}" latitude="37.7865647607685" longitude="-122.407244087032" needs_recoding="false"/></row>