<?xml version="1.0" encoding="UTF-8"?><row _id="12609836" _uuid="ADBCE6A8-2C31-47C7-91A2-4726E16CC91F" _position="12609836" _address="http://data.sfgov.org/resource/ritf-b9ki/12609836"><incidntnum>150624241</incidntnum><category>MISSING PERSON</category><descript>MISSING ADULT</descript><dayofweek>Thursday</dayofweek><date>2015-07-16T00:00:00</date><time>22:00</time><pddistrict>TENDERLOIN</pddistrict><resolution>NONE</resolution><address>400 Block of ELLIS ST</address><x>-122.413609328985</x><y>37.784696907904</y><location human_address="{&quot;address&quot;:&quot;&quot;,&quot;city&quot;:&quot;&quot;,&quot;state&quot;:&quot;&quot;,&quot;zip&quot;:&quot;&quot;}" latitude="37.784696907904" longitude="-122.413609328985" needs_recoding="false"/></row>