<?xml version="1.0" encoding="UTF-8"?><row _id="12607841" _uuid="E05F4D4B-60B4-40BC-B7DD-D07B6827CEE8" _position="12607841" _address="http://data.sfgov.org/resource/ritf-b9ki/12607841"><incidntnum>150604691</incidntnum><category>NON-CRIMINAL</category><descript>FOUND PROPERTY</descript><dayofweek>Saturday</dayofweek><date>2015-07-11T00:00:00</date><time>13:00</time><pddistrict>TENDERLOIN</pddistrict><resolution>NONE</resolution><address>400 Block of OFARRELL ST</address><x>-122.411742515582</x><y>37.7858882195106</y><location human_address="{&quot;address&quot;:&quot;&quot;,&quot;city&quot;:&quot;&quot;,&quot;state&quot;:&quot;&quot;,&quot;zip&quot;:&quot;&quot;}" latitude="37.7858882195106" longitude="-122.411742515582" needs_recoding="false"/></row>