<?xml version="1.0" encoding="UTF-8"?><row _id="12612779" _uuid="62456D69-B5EE-40EE-BD8A-6B4154D84155" _position="12612779" _address="http://data.sfgov.org/resource/ritf-b9ki/12612779"><incidntnum>150640952</incidntnum><category>NON-CRIMINAL</category><descript>AIDED CASE, MENTAL DISTURBED</descript><dayofweek>Thursday</dayofweek><date>2015-07-23T00:00:00</date><time>15:22</time><pddistrict>PARK</pddistrict><resolution>NONE</resolution><address>500 Block of COLE ST</address><x>-122.450378709035</x><y>37.7700363945073</y><location human_address="{&quot;address&quot;:&quot;&quot;,&quot;city&quot;:&quot;&quot;,&quot;state&quot;:&quot;&quot;,&quot;zip&quot;:&quot;&quot;}" latitude="37.7700363945073" longitude="-122.450378709035" needs_recoding="false"/></row>