<?xml version="1.0" encoding="UTF-8"?><row _id="12611377" _uuid="38BB940B-8CE6-4DAA-AC03-AB2D28D4ED69" _position="12611377" _address="http://data.sfgov.org/resource/ritf-b9ki/12611377"><incidntnum>150644976</incidntnum><category>OTHER OFFENSES</category><descript>FALSE PERSONATION TO RECEIVE MONEY OR PROPERTY</descript><dayofweek>Tuesday</dayofweek><date>2015-07-14T00:00:00</date><time>00:01</time><pddistrict>BAYVIEW</pddistrict><resolution>NONE</resolution><address>1300 Block of SHAFTER AV</address><x>-122.386029207283</x><y>37.7284441751214</y><location human_address="{&quot;address&quot;:&quot;&quot;,&quot;city&quot;:&quot;&quot;,&quot;state&quot;:&quot;&quot;,&quot;zip&quot;:&quot;&quot;}" latitude="37.7284441751214" longitude="-122.386029207283" needs_recoding="false"/></row>