<?xml version="1.0" encoding="UTF-8"?><row _id="12613593" _uuid="42618715-70C8-4C20-BA83-11894CE17C5C" _position="12613593" _address="http://data.sfgov.org/resource/ritf-b9ki/12613593"><incidntnum>156170882</incidntnum><category>LARCENY/THEFT</category><descript>GRAND THEFT OF PROPERTY</descript><dayofweek>Sunday</dayofweek><date>2015-07-12T00:00:00</date><time>14:25</time><pddistrict>NORTHERN</pddistrict><resolution>NONE</resolution><address>GOUGH ST / HAYES ST</address><x>-122.422981546625</x><y>37.7768820935019</y><location human_address="{&quot;address&quot;:&quot;&quot;,&quot;city&quot;:&quot;&quot;,&quot;state&quot;:&quot;&quot;,&quot;zip&quot;:&quot;&quot;}" latitude="37.7768820935019" longitude="-122.422981546625" needs_recoding="false"/></row>