<?xml version="1.0" encoding="UTF-8"?><row _id="12612902" _uuid="594E99F8-6B38-4EEA-B512-79DE28E3418C" _position="12612902" _address="http://data.sfgov.org/resource/ritf-b9ki/12612902"><incidntnum>150643724</incidntnum><category>BURGLARY</category><descript>BURGLARY,STORE UNDER CONSTRUCTION, UNLAWFUL ENTRY</descript><dayofweek>Thursday</dayofweek><date>2015-07-23T00:00:00</date><time>17:15</time><pddistrict>BAYVIEW</pddistrict><resolution>NONE</resolution><address>0 Block of BOUTWELL ST</address><x>-122.405740307882</x><y>37.7374170602909</y><location human_address="{&quot;address&quot;:&quot;&quot;,&quot;city&quot;:&quot;&quot;,&quot;state&quot;:&quot;&quot;,&quot;zip&quot;:&quot;&quot;}" latitude="37.7374170602909" longitude="-122.405740307882" needs_recoding="false"/></row>