<?xml version="1.0" encoding="UTF-8"?><row _id="12611912" _uuid="9636D803-C90F-4E08-8A7A-02D5220D6173" _position="12611912" _address="http://data.sfgov.org/resource/ritf-b9ki/12611912"><incidntnum>150634563</incidntnum><category>OTHER OFFENSES</category><descript>DRIVERS LICENSE, SUSPENDED OR REVOKED</descript><dayofweek>Tuesday</dayofweek><date>2015-07-21T00:00:00</date><time>15:03</time><pddistrict>NORTHERN</pddistrict><resolution>ARREST, BOOKED</resolution><address>EDDY ST / POLK ST</address><x>-122.419183096362</x><y>37.7830998244592</y><location human_address="{&quot;address&quot;:&quot;&quot;,&quot;city&quot;:&quot;&quot;,&quot;state&quot;:&quot;&quot;,&quot;zip&quot;:&quot;&quot;}" latitude="37.7830998244592" longitude="-122.419183096362" needs_recoding="false"/></row>