<?xml version="1.0" encoding="UTF-8"?><row _id="12607977" _uuid="2914510D-BB03-4466-8CF5-8083DDEE6EBF" _position="12607977" _address="http://data.sfgov.org/resource/ritf-b9ki/12607977"><incidntnum>150605887</incidntnum><category>KIDNAPPING</category><descript>KIDNAPPING, ADULT VICTIM</descript><dayofweek>Sunday</dayofweek><date>2015-07-12T00:00:00</date><time>01:40</time><pddistrict>TENDERLOIN</pddistrict><resolution>NONE</resolution><address>LEAVENWORTH ST / EDDY ST</address><x>-122.414242955907</x><y>37.7837240254478</y><location human_address="{&quot;address&quot;:&quot;&quot;,&quot;city&quot;:&quot;&quot;,&quot;state&quot;:&quot;&quot;,&quot;zip&quot;:&quot;&quot;}" latitude="37.7837240254478" longitude="-122.414242955907" needs_recoding="false"/></row>