<?xml version="1.0" encoding="UTF-8"?><row _id="12607158" _uuid="6AFEBE7F-44C2-47DC-9BA1-8AFA8262B980" _position="12607158" _address="http://data.sfgov.org/resource/ritf-b9ki/12607158"><incidntnum>150599826</incidntnum><category>DRUG/NARCOTIC</category><descript>POSSESSION OF NARCOTICS PARAPHERNALIA</descript><dayofweek>Friday</dayofweek><date>2015-07-10T00:00:00</date><time>08:33</time><pddistrict>TENDERLOIN</pddistrict><resolution>ARREST, BOOKED</resolution><address>0 Block of UNITEDNATIONS PZ</address><x>-122.414317857881</x><y>37.7799444052046</y><location human_address="{&quot;address&quot;:&quot;&quot;,&quot;city&quot;:&quot;&quot;,&quot;state&quot;:&quot;&quot;,&quot;zip&quot;:&quot;&quot;}" latitude="37.7799444052046" longitude="-122.414317857881" needs_recoding="false"/></row>