<?xml version="1.0" encoding="UTF-8"?><row _id="12607442" _uuid="50D3CB33-AEC6-433B-AD54-02130FD88D24" _position="12607442" _address="http://data.sfgov.org/resource/ritf-b9ki/12607442"><incidntnum>150599462</incidntnum><category>ASSAULT</category><descript>FALSE IMPRISONMENT</descript><dayofweek>Friday</dayofweek><date>2015-07-10T00:00:00</date><time>01:10</time><pddistrict>CENTRAL</pddistrict><resolution>ARREST, BOOKED</resolution><address>VARENNES ST / FILBERT ST</address><x>-122.406992612437</x><y>37.8016743920613</y><location human_address="{&quot;address&quot;:&quot;&quot;,&quot;city&quot;:&quot;&quot;,&quot;state&quot;:&quot;&quot;,&quot;zip&quot;:&quot;&quot;}" latitude="37.8016743920613" longitude="-122.406992612437" needs_recoding="false"/></row>