<?xml version="1.0" encoding="UTF-8"?><row _id="12609309" _uuid="7C542728-4E81-4472-A7CA-DB90A641AAC3" _position="12609309" _address="http://data.sfgov.org/resource/ritf-b9ki/12609309"><incidntnum>156172496</incidntnum><category>LARCENY/THEFT</category><descript>PETTY THEFT OF PROPERTY</descript><dayofweek>Wednesday</dayofweek><date>2015-07-15T00:00:00</date><time>15:00</time><pddistrict>NORTHERN</pddistrict><resolution>NONE</resolution><address>0 Block of OAK ST</address><x>-122.420188747323</x><y>37.7753796573025</y><location human_address="{&quot;address&quot;:&quot;&quot;,&quot;city&quot;:&quot;&quot;,&quot;state&quot;:&quot;&quot;,&quot;zip&quot;:&quot;&quot;}" latitude="37.7753796573025" longitude="-122.420188747323" needs_recoding="false"/></row>