<?xml version="1.0" encoding="UTF-8"?><row _id="12614965" _uuid="0F195010-576C-4E55-BF60-913B7920CEA2" _position="12614965" _address="http://data.sfgov.org/resource/ritf-b9ki/12614965"><incidntnum>150652537</incidntnum><category>FORGERY/COUNTERFEITING</category><descript>FORGERY &amp; COUNTERFEITING (GENERAL)</descript><dayofweek>Monday</dayofweek><date>2015-07-27T00:00:00</date><time>09:25</time><pddistrict>PARK</pddistrict><resolution>ARREST, BOOKED</resolution><address>1700 Block of HAIGHT ST</address><x>-122.450492384367</x><y>37.7696094511519</y><location human_address="{&quot;address&quot;:&quot;&quot;,&quot;city&quot;:&quot;&quot;,&quot;state&quot;:&quot;&quot;,&quot;zip&quot;:&quot;&quot;}" latitude="37.7696094511519" longitude="-122.450492384367" needs_recoding="false"/></row>