<?xml version="1.0" encoding="UTF-8"?><row _id="12611636" _uuid="15705C71-7777-4260-8157-495F7D4159F2" _position="12611636" _address="http://data.sfgov.org/resource/ritf-b9ki/12611636"><incidntnum>150632103</incidntnum><category>OTHER OFFENSES</category><descript>TRAFFIC VIOLATION</descript><dayofweek>Monday</dayofweek><date>2015-07-20T00:00:00</date><time>19:30</time><pddistrict>MISSION</pddistrict><resolution>ARREST, BOOKED</resolution><address>2200 Block of MISSION ST</address><x>-122.419350173229</x><y>37.7610160912056</y><location human_address="{&quot;address&quot;:&quot;&quot;,&quot;city&quot;:&quot;&quot;,&quot;state&quot;:&quot;&quot;,&quot;zip&quot;:&quot;&quot;}" latitude="37.7610160912056" longitude="-122.419350173229" needs_recoding="false"/></row>