<?xml version="1.0" encoding="UTF-8"?><row _id="12608065" _uuid="549AC2D0-38E5-4C18-B6E0-0E09F4DE4D8D" _position="12608065" _address="http://data.sfgov.org/resource/ritf-b9ki/12608065"><incidntnum>150607695</incidntnum><category>OTHER OFFENSES</category><descript>DRIVERS LICENSE, SUSPENDED OR REVOKED</descript><dayofweek>Sunday</dayofweek><date>2015-07-12T00:00:00</date><time>18:00</time><pddistrict>BAYVIEW</pddistrict><resolution>ARREST, BOOKED</resolution><address>INGALLS ST / ARMSTRONG AV</address><x>-122.388499251587</x><y>37.7241000405512</y><location human_address="{&quot;address&quot;:&quot;&quot;,&quot;city&quot;:&quot;&quot;,&quot;state&quot;:&quot;&quot;,&quot;zip&quot;:&quot;&quot;}" latitude="37.7241000405512" longitude="-122.388499251587" needs_recoding="false"/></row>