<?xml version="1.0" encoding="UTF-8"?><row _id="12606905" _uuid="13BA258F-33E9-4C25-A25D-FEA0D3DF8C6D" _position="12606905" _address="http://data.sfgov.org/resource/ritf-b9ki/12606905"><incidntnum>156170321</incidntnum><category>LARCENY/THEFT</category><descript>GRAND THEFT FROM LOCKED AUTO</descript><dayofweek>Thursday</dayofweek><date>2015-07-09T00:00:00</date><time>20:32</time><pddistrict>BAYVIEW</pddistrict><resolution>NONE</resolution><address>400 Block of ILLINOIS ST</address><x>-122.387970307057</x><y>37.7656605700533</y><location human_address="{&quot;address&quot;:&quot;&quot;,&quot;city&quot;:&quot;&quot;,&quot;state&quot;:&quot;&quot;,&quot;zip&quot;:&quot;&quot;}" latitude="37.7656605700533" longitude="-122.387970307057" needs_recoding="false"/></row>