<?xml version="1.0" encoding="UTF-8"?><row _id="12606732" _uuid="CEC3FBAF-B46C-4715-8289-96FCB4FE7F8D" _position="12606732" _address="http://data.sfgov.org/resource/ritf-b9ki/12606732"><incidntnum>156168398</incidntnum><category>NON-CRIMINAL</category><descript>LOST PROPERTY</descript><dayofweek>Thursday</dayofweek><date>2015-07-09T00:00:00</date><time>19:15</time><pddistrict>CENTRAL</pddistrict><resolution>NONE</resolution><address>0 Block of BEACH ST</address><x>-122.409877282931</x><y>37.8080500969059</y><location human_address="{&quot;address&quot;:&quot;&quot;,&quot;city&quot;:&quot;&quot;,&quot;state&quot;:&quot;&quot;,&quot;zip&quot;:&quot;&quot;}" latitude="37.8080500969059" longitude="-122.409877282931" needs_recoding="false"/></row>