<?xml version="1.0" encoding="UTF-8"?><row _id="12607106" _uuid="EA5F1CB7-C77F-4BE7-80D8-7CF913B4CA47" _position="12607106" _address="http://data.sfgov.org/resource/ritf-b9ki/12607106"><incidntnum>150599280</incidntnum><category>OTHER OFFENSES</category><descript>TRAFFIC VIOLATION ARREST</descript><dayofweek>Friday</dayofweek><date>2015-07-10T00:00:00</date><time>00:25</time><pddistrict>BAYVIEW</pddistrict><resolution>ARREST, BOOKED</resolution><address>FITZGERALD AV / JENNINGS ST</address><x>-122.393174162423</x><y>37.722036232083</y><location human_address="{&quot;address&quot;:&quot;&quot;,&quot;city&quot;:&quot;&quot;,&quot;state&quot;:&quot;&quot;,&quot;zip&quot;:&quot;&quot;}" latitude="37.722036232083" longitude="-122.393174162423" needs_recoding="false"/></row>