<?xml version="1.0" encoding="UTF-8"?><row _id="12639425" _uuid="BF2A9C07-2AD7-4014-8256-C708167207B0" _position="12639425" _address="http://data.sfgov.org/resource/ritf-b9ki/12639425"><incidntnum>150620982</incidntnum><category>MISSING PERSON</category><descript>FOUND PERSON</descript><dayofweek>Thursday</dayofweek><date>2015-07-16T00:00:00</date><time>12:00</time><pddistrict>CENTRAL</pddistrict><resolution>NONE</resolution><address>200 Block of CALIFORNIA ST</address><x>-122.399370508543</x><y>37.7932284304797</y><location human_address="{&quot;address&quot;:&quot;&quot;,&quot;city&quot;:&quot;&quot;,&quot;state&quot;:&quot;&quot;,&quot;zip&quot;:&quot;&quot;}" latitude="37.7932284304797" longitude="-122.399370508543" needs_recoding="false"/></row>