<?xml version="1.0" encoding="UTF-8"?><row _id="12609419" _uuid="3DFB8734-C7A8-49EE-9A88-36B392768D9B" _position="12609419" _address="http://data.sfgov.org/resource/ritf-b9ki/12609419"><incidntnum>150616185</incidntnum><category>FORGERY/COUNTERFEITING</category><descript>COUNTERFEITING, COINS OR NOTES</descript><dayofweek>Wednesday</dayofweek><date>2015-07-15T00:00:00</date><time>14:54</time><pddistrict>CENTRAL</pddistrict><resolution>UNFOUNDED</resolution><address>2500 Block of TAYLOR ST</address><x>-122.415270023651</x><y>37.8058980113661</y><location human_address="{&quot;address&quot;:&quot;&quot;,&quot;city&quot;:&quot;&quot;,&quot;state&quot;:&quot;&quot;,&quot;zip&quot;:&quot;&quot;}" latitude="37.8058980113661" longitude="-122.415270023651" needs_recoding="false"/></row>