<?xml version="1.0" encoding="UTF-8"?><row _id="12610631" _uuid="C3B2628A-2F40-4B9C-A7DD-504C2E1CED52" _position="12610631" _address="http://data.sfgov.org/resource/ritf-b9ki/12610631"><incidntnum>156178262</incidntnum><category>LARCENY/THEFT</category><descript>GRAND THEFT FROM LOCKED AUTO</descript><dayofweek>Saturday</dayofweek><date>2015-07-18T00:00:00</date><time>23:00</time><pddistrict>NORTHERN</pddistrict><resolution>NONE</resolution><address>VANNESS AV / OLIVE ST</address><x>-122.421096796936</x><y>37.7842937802977</y><location human_address="{&quot;address&quot;:&quot;&quot;,&quot;city&quot;:&quot;&quot;,&quot;state&quot;:&quot;&quot;,&quot;zip&quot;:&quot;&quot;}" latitude="37.7842937802977" longitude="-122.421096796936" needs_recoding="false"/></row>