<?xml version="1.0" encoding="UTF-8"?><row _id="12610346" _uuid="8C2F5B70-0A6F-4F9F-B0FD-EAB407C265E8" _position="12610346" _address="http://data.sfgov.org/resource/ritf-b9ki/12610346"><incidntnum>156174549</incidntnum><category>LARCENY/THEFT</category><descript>GRAND THEFT FROM LOCKED AUTO</descript><dayofweek>Wednesday</dayofweek><date>2015-07-15T00:00:00</date><time>21:00</time><pddistrict>CENTRAL</pddistrict><resolution>NONE</resolution><address>500 Block of BAY ST</address><x>-122.416069622787</x><y>37.8052582935955</y><location human_address="{&quot;address&quot;:&quot;&quot;,&quot;city&quot;:&quot;&quot;,&quot;state&quot;:&quot;&quot;,&quot;zip&quot;:&quot;&quot;}" latitude="37.8052582935955" longitude="-122.416069622787" needs_recoding="false"/></row>