<?xml version="1.0" encoding="UTF-8"?><row _id="12612363" _uuid="8D1F6B42-FE04-4D0D-900B-A7C901854039" _position="12612363" _address="http://data.sfgov.org/resource/ritf-b9ki/12612363"><incidntnum>150636008</incidntnum><category>OTHER OFFENSES</category><descript>DRIVERS LICENSE, SUSPENDED OR REVOKED</descript><dayofweek>Wednesday</dayofweek><date>2015-07-22T00:00:00</date><time>00:49</time><pddistrict>CENTRAL</pddistrict><resolution>ARREST, BOOKED</resolution><address>1000 Block of CALIFORNIA ST</address><x>-122.412075501697</x><y>37.7916201314541</y><location human_address="{&quot;address&quot;:&quot;&quot;,&quot;city&quot;:&quot;&quot;,&quot;state&quot;:&quot;&quot;,&quot;zip&quot;:&quot;&quot;}" latitude="37.7916201314541" longitude="-122.412075501697" needs_recoding="false"/></row>