<?xml version="1.0" encoding="UTF-8"?><row _id="12610932" _uuid="9096EFAF-852C-49A6-98C2-5B033CAB0473" _position="12610932" _address="http://data.sfgov.org/resource/ritf-b9ki/12610932"><incidntnum>150624075</incidntnum><category>OTHER OFFENSES</category><descript>TRAFFIC COLLISION, HIT &amp; RUN, PROPERTY DAMAGE</descript><dayofweek>Saturday</dayofweek><date>2015-07-18T00:00:00</date><time>02:27</time><pddistrict>SOUTHERN</pddistrict><resolution>NONE</resolution><address>5TH ST / BLUXOME ST</address><x>-122.397970821343</x><y>37.7759414270577</y><location human_address="{&quot;address&quot;:&quot;&quot;,&quot;city&quot;:&quot;&quot;,&quot;state&quot;:&quot;&quot;,&quot;zip&quot;:&quot;&quot;}" latitude="37.7759414270577" longitude="-122.397970821343" needs_recoding="false"/></row>