<?xml version="1.0" encoding="UTF-8"?><row _id="12609906" _uuid="FE7E1B6E-B805-471B-AE3B-B629034D7A18" _position="12609906" _address="http://data.sfgov.org/resource/ritf-b9ki/12609906"><incidntnum>156178911</incidntnum><category>LARCENY/THEFT</category><descript>GRAND THEFT FROM UNLOCKED AUTO</descript><dayofweek>Wednesday</dayofweek><date>2015-07-15T00:00:00</date><time>01:00</time><pddistrict>INGLESIDE</pddistrict><resolution>NONE</resolution><address>0 Block of AMETHYST WY</address><x>-122.44603482603</x><y>37.7461760421605</y><location human_address="{&quot;address&quot;:&quot;&quot;,&quot;city&quot;:&quot;&quot;,&quot;state&quot;:&quot;&quot;,&quot;zip&quot;:&quot;&quot;}" latitude="37.7461760421605" longitude="-122.44603482603" needs_recoding="false"/></row>