<?xml version="1.0" encoding="UTF-8"?><row _id="12608023" _uuid="2F932171-F349-4472-9D00-F93F9E701349" _position="12608023" _address="http://data.sfgov.org/resource/ritf-b9ki/12608023"><incidntnum>150608079</incidntnum><category>VANDALISM</category><descript>MALICIOUS MISCHIEF, VANDALISM OF VEHICLES</descript><dayofweek>Sunday</dayofweek><date>2015-07-12T00:00:00</date><time>19:10</time><pddistrict>NORTHERN</pddistrict><resolution>NONE</resolution><address>GEARY BL / LAGUNA ST</address><x>-122.427991151911</x><y>37.7849531241612</y><location human_address="{&quot;address&quot;:&quot;&quot;,&quot;city&quot;:&quot;&quot;,&quot;state&quot;:&quot;&quot;,&quot;zip&quot;:&quot;&quot;}" latitude="37.7849531241612" longitude="-122.427991151911" needs_recoding="false"/></row>