<?xml version="1.0" encoding="UTF-8"?><row _id="12609473" _uuid="931EDB30-7B76-4F78-B1F7-E7741BBCA4EE" _position="12609473" _address="http://data.sfgov.org/resource/ritf-b9ki/12609473"><incidntnum>156175315</incidntnum><category>LARCENY/THEFT</category><descript>PETTY THEFT OF PROPERTY</descript><dayofweek>Wednesday</dayofweek><date>2015-07-15T00:00:00</date><time>12:30</time><pddistrict>CENTRAL</pddistrict><resolution>NONE</resolution><address>700 Block of THE EMBARCADERONORTH ST</address><x>-122.40038746482</x><y>37.8025735991651</y><location human_address="{&quot;address&quot;:&quot;&quot;,&quot;city&quot;:&quot;&quot;,&quot;state&quot;:&quot;&quot;,&quot;zip&quot;:&quot;&quot;}" latitude="37.8025735991651" longitude="-122.40038746482" needs_recoding="false"/></row>