<?xml version="1.0" encoding="UTF-8"?><row _id="12614035" _uuid="D3FB7713-4C64-42FC-AB59-4B504D69A3CD" _position="12614035" _address="http://data.sfgov.org/resource/ritf-b9ki/12614035"><incidntnum>150651636</incidntnum><category>OTHER OFFENSES</category><descript>DRIVERS LICENSE, SUSPENDED OR REVOKED</descript><dayofweek>Sunday</dayofweek><date>2015-07-26T00:00:00</date><time>22:34</time><pddistrict>BAYVIEW</pddistrict><resolution>ARREST, BOOKED</resolution><address>KEITH ST / VANDYKE AV</address><x>-122.390548002865</x><y>37.7280996602876</y><location human_address="{&quot;address&quot;:&quot;&quot;,&quot;city&quot;:&quot;&quot;,&quot;state&quot;:&quot;&quot;,&quot;zip&quot;:&quot;&quot;}" latitude="37.7280996602876" longitude="-122.390548002865" needs_recoding="false"/></row>