<?xml version="1.0" encoding="UTF-8"?><row _id="12608982" _uuid="9ABEC871-1094-4998-875A-9B2FA8FE504C" _position="12608982" _address="http://data.sfgov.org/resource/ritf-b9ki/12608982"><incidntnum>150613799</incidntnum><category>ASSAULT</category><descript>BATTERY</descript><dayofweek>Tuesday</dayofweek><date>2015-07-14T00:00:00</date><time>15:20</time><pddistrict>NORTHERN</pddistrict><resolution>ARREST, BOOKED</resolution><address>1300 Block of GOUGH ST</address><x>-122.424842738845</x><y>37.785765227641</y><location human_address="{&quot;address&quot;:&quot;&quot;,&quot;city&quot;:&quot;&quot;,&quot;state&quot;:&quot;&quot;,&quot;zip&quot;:&quot;&quot;}" latitude="37.785765227641" longitude="-122.424842738845" needs_recoding="false"/></row>