<?xml version="1.0" encoding="UTF-8"?><row _id="12609414" _uuid="F96A1E1D-6B71-4A1B-B2AE-12777B92B294" _position="12609414" _address="http://data.sfgov.org/resource/ritf-b9ki/12609414"><incidntnum>150615751</incidntnum><category>LARCENY/THEFT</category><descript>GRAND THEFT FROM LOCKED AUTO</descript><dayofweek>Wednesday</dayofweek><date>2015-07-15T00:00:00</date><time>11:00</time><pddistrict>RICHMOND</pddistrict><resolution>NONE</resolution><address>600 Block of JOHNFKENNEDY DR</address><x>-122.47081973244</x><y>37.7712510033809</y><location human_address="{&quot;address&quot;:&quot;&quot;,&quot;city&quot;:&quot;&quot;,&quot;state&quot;:&quot;&quot;,&quot;zip&quot;:&quot;&quot;}" latitude="37.7712510033809" longitude="-122.47081973244" needs_recoding="false"/></row>