<?xml version="1.0" encoding="UTF-8"?><row _id="12612242" _uuid="E085D5DA-EA88-475D-BC53-FA5C66585232" _position="12612242" _address="http://data.sfgov.org/resource/ritf-b9ki/12612242"><incidntnum>150634961</incidntnum><category>OTHER OFFENSES</category><descript>VIOLATION OF RESTRAINING ORDER</descript><dayofweek>Tuesday</dayofweek><date>2015-07-21T00:00:00</date><time>18:00</time><pddistrict>MISSION</pddistrict><resolution>NONE</resolution><address>100 Block of EUREKA ST</address><x>-122.438256384623</x><y>37.7598729839802</y><location human_address="{&quot;address&quot;:&quot;&quot;,&quot;city&quot;:&quot;&quot;,&quot;state&quot;:&quot;&quot;,&quot;zip&quot;:&quot;&quot;}" latitude="37.7598729839802" longitude="-122.438256384623" needs_recoding="false"/></row>