<?xml version="1.0" encoding="UTF-8"?><row _id="12612355" _uuid="68816E99-B084-4E08-A3B2-56CD186F62F2" _position="12612355" _address="http://data.sfgov.org/resource/ritf-b9ki/12612355"><incidntnum>156181287</incidntnum><category>LARCENY/THEFT</category><descript>GRAND THEFT FROM LOCKED AUTO</descript><dayofweek>Wednesday</dayofweek><date>2015-07-22T00:00:00</date><time>16:45</time><pddistrict>PARK</pddistrict><resolution>NONE</resolution><address>HAIGHT ST / PIERCE ST</address><x>-122.433737353557</x><y>37.7716875238845</y><location human_address="{&quot;address&quot;:&quot;&quot;,&quot;city&quot;:&quot;&quot;,&quot;state&quot;:&quot;&quot;,&quot;zip&quot;:&quot;&quot;}" latitude="37.7716875238845" longitude="-122.433737353557" needs_recoding="false"/></row>