<?xml version="1.0" encoding="UTF-8"?><row _id="12609075" _uuid="C1C58000-9719-418C-B7CC-7DB37E02C6B0" _position="12609075" _address="http://data.sfgov.org/resource/ritf-b9ki/12609075"><incidntnum>150614220</incidntnum><category>NON-CRIMINAL</category><descript>AIDED CASE, MENTAL DISTURBED</descript><dayofweek>Tuesday</dayofweek><date>2015-07-14T00:00:00</date><time>20:06</time><pddistrict>SOUTHERN</pddistrict><resolution>NONE</resolution><address>1000 Block of MISSION ST</address><x>-122.40989282029</x><y>37.7801134973164</y><location human_address="{&quot;address&quot;:&quot;&quot;,&quot;city&quot;:&quot;&quot;,&quot;state&quot;:&quot;&quot;,&quot;zip&quot;:&quot;&quot;}" latitude="37.7801134973164" longitude="-122.40989282029" needs_recoding="false"/></row>