<?xml version="1.0" encoding="UTF-8"?><row _id="12608960" _uuid="0BCCCDF9-0878-4D1E-81FA-8AB5EA110D18" _position="12608960" _address="http://data.sfgov.org/resource/ritf-b9ki/12608960"><incidntnum>156174442</incidntnum><category>LARCENY/THEFT</category><descript>GRAND THEFT FROM LOCKED AUTO</descript><dayofweek>Tuesday</dayofweek><date>2015-07-14T00:00:00</date><time>15:30</time><pddistrict>SOUTHERN</pddistrict><resolution>NONE</resolution><address>FOLSOM ST / 12TH ST</address><x>-122.41499891318</x><y>37.7708946575771</y><location human_address="{&quot;address&quot;:&quot;&quot;,&quot;city&quot;:&quot;&quot;,&quot;state&quot;:&quot;&quot;,&quot;zip&quot;:&quot;&quot;}" latitude="37.7708946575771" longitude="-122.41499891318" needs_recoding="false"/></row>