<?xml version="1.0" encoding="UTF-8"?><row _id="12624389" _uuid="E71436DD-C9FC-47FD-A0DB-DAC29A934E8A" _position="12624389" _address="http://data.sfgov.org/resource/ritf-b9ki/12624389"><incidntnum>156208916</incidntnum><category>LARCENY/THEFT</category><descript>GRAND THEFT FROM LOCKED AUTO</descript><dayofweek>Wednesday</dayofweek><date>2015-07-29T00:00:00</date><time>19:21</time><pddistrict>BAYVIEW</pddistrict><resolution>NONE</resolution><address>1400 Block of KANSAS ST</address><x>-122.402316839735</x><y>37.7512533511923</y><location human_address="{&quot;address&quot;:&quot;&quot;,&quot;city&quot;:&quot;&quot;,&quot;state&quot;:&quot;&quot;,&quot;zip&quot;:&quot;&quot;}" latitude="37.7512533511923" longitude="-122.402316839735" needs_recoding="false"/></row>