<?xml version="1.0" encoding="UTF-8"?><row _id="12609188" _uuid="944153E2-B4B5-4D91-A24A-F4930B15C404" _position="12609188" _address="http://data.sfgov.org/resource/ritf-b9ki/12609188"><incidntnum>150616298</incidntnum><category>LARCENY/THEFT</category><descript>PETTY THEFT FROM LOCKED AUTO</descript><dayofweek>Wednesday</dayofweek><date>2015-07-15T00:00:00</date><time>15:30</time><pddistrict>CENTRAL</pddistrict><resolution>NONE</resolution><address>LEAVENWORTH ST / GREENWICH ST</address><x>-122.417800615246</x><y>37.801268383944</y><location human_address="{&quot;address&quot;:&quot;&quot;,&quot;city&quot;:&quot;&quot;,&quot;state&quot;:&quot;&quot;,&quot;zip&quot;:&quot;&quot;}" latitude="37.801268383944" longitude="-122.417800615246" needs_recoding="false"/></row>