<?xml version="1.0" encoding="UTF-8"?><row _id="12607400" _uuid="CAF9A5A8-3864-4801-893E-E58F21DB187D" _position="12607400" _address="http://data.sfgov.org/resource/ritf-b9ki/12607400"><incidntnum>150599440</incidntnum><category>ASSAULT</category><descript>AGGRAVATED ASSAULT WITH A DEADLY WEAPON</descript><dayofweek>Friday</dayofweek><date>2015-07-10T00:00:00</date><time>01:23</time><pddistrict>CENTRAL</pddistrict><resolution>NONE</resolution><address>2500 Block of TAYLOR ST</address><x>-122.415406680437</x><y>37.805880357839</y><location human_address="{&quot;address&quot;:&quot;&quot;,&quot;city&quot;:&quot;&quot;,&quot;state&quot;:&quot;&quot;,&quot;zip&quot;:&quot;&quot;}" latitude="37.805880357839" longitude="-122.415406680437" needs_recoding="false"/></row>