<?xml version="1.0" encoding="UTF-8"?><row _id="12607242" _uuid="B88FC101-EA5E-4071-BF3D-3F967D4BE031" _position="12607242" _address="http://data.sfgov.org/resource/ritf-b9ki/12607242"><incidntnum>150607275</incidntnum><category>ASSAULT</category><descript>BATTERY</descript><dayofweek>Friday</dayofweek><date>2015-07-10T00:00:00</date><time>22:30</time><pddistrict>CENTRAL</pddistrict><resolution>NONE</resolution><address>100 Block of LOMBARD ST</address><x>-122.404193586978</x><y>37.8039838091919</y><location human_address="{&quot;address&quot;:&quot;&quot;,&quot;city&quot;:&quot;&quot;,&quot;state&quot;:&quot;&quot;,&quot;zip&quot;:&quot;&quot;}" latitude="37.8039838091919" longitude="-122.404193586978" needs_recoding="false"/></row>