<?xml version="1.0" encoding="UTF-8"?><row _id="12625125" _uuid="3E80522C-798C-4C0E-A84C-EE2351E90267" _position="12625125" _address="http://data.sfgov.org/resource/ritf-b9ki/12625125"><incidntnum>150628033</incidntnum><category>NON-CRIMINAL</category><descript>LICENSE PLATE, RECOVERED</descript><dayofweek>Saturday</dayofweek><date>2015-07-18T00:00:00</date><time>23:30</time><pddistrict>TARAVAL</pddistrict><resolution>NONE</resolution><address>1800 Block of KIRKHAM ST</address><x>-122.48061804334</x><y>37.7596113632155</y><location human_address="{&quot;address&quot;:&quot;&quot;,&quot;city&quot;:&quot;&quot;,&quot;state&quot;:&quot;&quot;,&quot;zip&quot;:&quot;&quot;}" latitude="37.7596113632155" longitude="-122.48061804334" needs_recoding="false"/></row>