<?xml version="1.0" encoding="UTF-8"?><row _id="12609385" _uuid="3BD10516-A52C-44E4-8390-1863D88723FE" _position="12609385" _address="http://data.sfgov.org/resource/ritf-b9ki/12609385"><incidntnum>150618056</incidntnum><category>LARCENY/THEFT</category><descript>PETTY THEFT FROM LOCKED AUTO</descript><dayofweek>Wednesday</dayofweek><date>2015-07-15T00:00:00</date><time>08:00</time><pddistrict>CENTRAL</pddistrict><resolution>NONE</resolution><address>1300 Block of POWELL ST</address><x>-122.4101460054</x><y>37.7971857276284</y><location human_address="{&quot;address&quot;:&quot;&quot;,&quot;city&quot;:&quot;&quot;,&quot;state&quot;:&quot;&quot;,&quot;zip&quot;:&quot;&quot;}" latitude="37.7971857276284" longitude="-122.4101460054" needs_recoding="false"/></row>