<?xml version="1.0" encoding="UTF-8"?><row _id="12619306" _uuid="6A099A14-1444-4A5C-B4BE-006C8B943B78" _position="12619306" _address="http://data.sfgov.org/resource/ritf-b9ki/12619306"><incidntnum>150687045</incidntnum><category>LARCENY/THEFT</category><descript>PETTY THEFT BICYCLE</descript><dayofweek>Friday</dayofweek><date>2015-08-07T00:00:00</date><time>11:00</time><pddistrict>MISSION</pddistrict><resolution>NONE</resolution><address>MARKET ST / CHURCH ST</address><x>-122.428950032727</x><y>37.7675027326801</y><location human_address="{&quot;address&quot;:&quot;&quot;,&quot;city&quot;:&quot;&quot;,&quot;state&quot;:&quot;&quot;,&quot;zip&quot;:&quot;&quot;}" latitude="37.7675027326801" longitude="-122.428950032727" needs_recoding="false"/></row>