<?xml version="1.0" encoding="UTF-8"?><row _id="12607443" _uuid="E42E008A-E3A6-4DE6-BBAF-54FD69A17D48" _position="12607443" _address="http://data.sfgov.org/resource/ritf-b9ki/12607443"><incidntnum>150600837</incidntnum><category>STOLEN PROPERTY</category><descript>STOLEN PROPERTY, POSSESSION WITH KNOWLEDGE, RECEIVING</descript><dayofweek>Friday</dayofweek><date>2015-07-10T00:00:00</date><time>14:29</time><pddistrict>TARAVAL</pddistrict><resolution>ARREST, BOOKED</resolution><address>WINSTON DR / STONECREST DR</address><x>-122.474232354486</x><y>37.7268863343008</y><location human_address="{&quot;address&quot;:&quot;&quot;,&quot;city&quot;:&quot;&quot;,&quot;state&quot;:&quot;&quot;,&quot;zip&quot;:&quot;&quot;}" latitude="37.7268863343008" longitude="-122.474232354486" needs_recoding="false"/></row>