<?xml version="1.0" encoding="UTF-8"?><row _id="12620534" _uuid="55B84568-FA53-4957-9C78-ABC3284E91F3" _position="12620534" _address="http://data.sfgov.org/resource/ritf-b9ki/12620534"><incidntnum>150703851</incidntnum><category>SUSPICIOUS OCC</category><descript>SUSPICIOUS AUTO, POSSIBLY SEX</descript><dayofweek>Wednesday</dayofweek><date>2015-08-12T00:00:00</date><time>16:55</time><pddistrict>NORTHERN</pddistrict><resolution>NONE</resolution><address>BUCHANAN ST / OAK ST</address><x>-122.427547316161</x><y>37.7743874920837</y><location human_address="{&quot;address&quot;:&quot;&quot;,&quot;city&quot;:&quot;&quot;,&quot;state&quot;:&quot;&quot;,&quot;zip&quot;:&quot;&quot;}" latitude="37.7743874920837" longitude="-122.427547316161" needs_recoding="false"/></row>