<?xml version="1.0" encoding="UTF-8"?><row _id="12607077" _uuid="C87BF811-5FFF-4470-94E9-2A88D7D7EFF9" _position="12607077" _address="http://data.sfgov.org/resource/ritf-b9ki/12607077"><incidntnum>150602350</incidntnum><category>ROBBERY</category><descript>ROBBERY, ARMED WITH A GUN</descript><dayofweek>Friday</dayofweek><date>2015-07-10T00:00:00</date><time>23:00</time><pddistrict>INGLESIDE</pddistrict><resolution>NONE</resolution><address>SCHWERIN ST / VISITACION AV</address><x>-122.410641280689</x><y>37.7122058691973</y><location human_address="{&quot;address&quot;:&quot;&quot;,&quot;city&quot;:&quot;&quot;,&quot;state&quot;:&quot;&quot;,&quot;zip&quot;:&quot;&quot;}" latitude="37.7122058691973" longitude="-122.410641280689" needs_recoding="false"/></row>