<?xml version="1.0" encoding="UTF-8"?><row _id="12610065" _uuid="0E77D22F-9214-4D98-8C2B-5BBF9BAE8EE7" _position="12610065" _address="http://data.sfgov.org/resource/ritf-b9ki/12610065"><incidntnum>150620556</incidntnum><category>FRAUD</category><descript>CREDIT CARD, THEFT BY USE OF</descript><dayofweek>Thursday</dayofweek><date>2015-07-16T00:00:00</date><time>19:00</time><pddistrict>CENTRAL</pddistrict><resolution>NONE</resolution><address>BEACH ST / STOCKTON ST</address><x>-122.410690675854</x><y>37.8078911906226</y><location human_address="{&quot;address&quot;:&quot;&quot;,&quot;city&quot;:&quot;&quot;,&quot;state&quot;:&quot;&quot;,&quot;zip&quot;:&quot;&quot;}" latitude="37.8078911906226" longitude="-122.410690675854" needs_recoding="false"/></row>