<?xml version="1.0" encoding="UTF-8"?><row _id="12611319" _uuid="E6D0AE56-F5FB-4ACC-9900-1AFB634E1A38" _position="12611319" _address="http://data.sfgov.org/resource/ritf-b9ki/12611319"><incidntnum>150627483</incidntnum><category>WARRANTS</category><descript>WARRANT ARREST</descript><dayofweek>Sunday</dayofweek><date>2015-07-19T00:00:00</date><time>11:00</time><pddistrict>TARAVAL</pddistrict><resolution>ARREST, BOOKED</resolution><address>100 Block of GARCIA AV</address><x>-122.460446686264</x><y>37.7437534419174</y><location human_address="{&quot;address&quot;:&quot;&quot;,&quot;city&quot;:&quot;&quot;,&quot;state&quot;:&quot;&quot;,&quot;zip&quot;:&quot;&quot;}" latitude="37.7437534419174" longitude="-122.460446686264" needs_recoding="false"/></row>