<?xml version="1.0" encoding="UTF-8"?><row _id="12610698" _uuid="AA031692-5E2E-4955-931F-315F4B40CD47" _position="12610698" _address="http://data.sfgov.org/resource/ritf-b9ki/12610698"><incidntnum>150624138</incidntnum><category>VEHICLE THEFT</category><descript>STOLEN AUTOMOBILE</descript><dayofweek>Saturday</dayofweek><date>2015-07-18T00:00:00</date><time>03:10</time><pddistrict>PARK</pddistrict><resolution>NONE</resolution><address>1100 Block of SCOTT ST</address><x>-122.437236101904</x><y>37.7803348745141</y><location human_address="{&quot;address&quot;:&quot;&quot;,&quot;city&quot;:&quot;&quot;,&quot;state&quot;:&quot;&quot;,&quot;zip&quot;:&quot;&quot;}" latitude="37.7803348745141" longitude="-122.437236101904" needs_recoding="false"/></row>