<?xml version="1.0" encoding="UTF-8"?><row _id="12608342" _uuid="DCEA5A3C-0DF4-43F0-ABF1-0BC66A7F72FC" _position="12608342" _address="http://data.sfgov.org/resource/ritf-b9ki/12608342"><incidntnum>150606023</incidntnum><category>ASSAULT</category><descript>ASSAULT, AGGRAVATED, W/ GUN</descript><dayofweek>Sunday</dayofweek><date>2015-07-12T00:00:00</date><time>03:20</time><pddistrict>MISSION</pddistrict><resolution>NONE</resolution><address>800 Block of ALABAMA ST</address><x>-122.411431635883</x><y>37.758273367561</y><location human_address="{&quot;address&quot;:&quot;&quot;,&quot;city&quot;:&quot;&quot;,&quot;state&quot;:&quot;&quot;,&quot;zip&quot;:&quot;&quot;}" latitude="37.758273367561" longitude="-122.411431635883" needs_recoding="false"/></row>