<?xml version="1.0" encoding="UTF-8"?><row _id="12611462" _uuid="788E1ABB-BB4E-49CC-A11F-0B1E3593E982" _position="12611462" _address="http://data.sfgov.org/resource/ritf-b9ki/12611462"><incidntnum>150631713</incidntnum><category>OTHER OFFENSES</category><descript>TRAFFIC VIOLATION ARREST</descript><dayofweek>Monday</dayofweek><date>2015-07-20T00:00:00</date><time>18:05</time><pddistrict>CENTRAL</pddistrict><resolution>ARREST, BOOKED</resolution><address>THE EMBARCADERONORTH ST / WASHINGTON ST</address><x>-122.395329662983</x><y>37.7966652983014</y><location human_address="{&quot;address&quot;:&quot;&quot;,&quot;city&quot;:&quot;&quot;,&quot;state&quot;:&quot;&quot;,&quot;zip&quot;:&quot;&quot;}" latitude="37.7966652983014" longitude="-122.395329662983" needs_recoding="false"/></row>