<?xml version="1.0" encoding="UTF-8"?><row _id="12609728" _uuid="C56A8FC6-7956-4334-BB02-81F677CBE65C" _position="12609728" _address="http://data.sfgov.org/resource/ritf-b9ki/12609728"><incidntnum>150618119</incidntnum><category>DRUG/NARCOTIC</category><descript>POSSESSION OF CONTROLLED SUBSTANCE FOR SALE</descript><dayofweek>Thursday</dayofweek><date>2015-07-16T00:00:00</date><time>09:09</time><pddistrict>TENDERLOIN</pddistrict><resolution>ARREST, BOOKED</resolution><address>200 Block of TURK ST</address><x>-122.413237516676</x><y>37.7828430233213</y><location human_address="{&quot;address&quot;:&quot;&quot;,&quot;city&quot;:&quot;&quot;,&quot;state&quot;:&quot;&quot;,&quot;zip&quot;:&quot;&quot;}" latitude="37.7828430233213" longitude="-122.413237516676" needs_recoding="false"/></row>