<?xml version="1.0" encoding="UTF-8"?><row _id="12614050" _uuid="465E66C0-8E71-434B-A5EB-C553B0AD2565" _position="12614050" _address="http://data.sfgov.org/resource/ritf-b9ki/12614050"><incidntnum>150651062</incidntnum><category>SUSPICIOUS OCC</category><descript>SUSPICIOUS OCCURRENCE</descript><dayofweek>Sunday</dayofweek><date>2015-07-26T00:00:00</date><time>18:42</time><pddistrict>BAYVIEW</pddistrict><resolution>NONE</resolution><address>25TH ST / CONNECTICUT ST</address><x>-122.396516098253</x><y>37.7523112196847</y><location human_address="{&quot;address&quot;:&quot;&quot;,&quot;city&quot;:&quot;&quot;,&quot;state&quot;:&quot;&quot;,&quot;zip&quot;:&quot;&quot;}" latitude="37.7523112196847" longitude="-122.396516098253" needs_recoding="false"/></row>