<?xml version="1.0" encoding="UTF-8"?><row _id="12616182" _uuid="7112B480-7C8A-4C24-87B3-B4E2AA2ACE24" _position="12616182" _address="http://data.sfgov.org/resource/ritf-b9ki/12616182"><incidntnum>150655763</incidntnum><category>NON-CRIMINAL</category><descript>CASE CLOSURE</descript><dayofweek>Thursday</dayofweek><date>2015-07-16T00:00:00</date><time>00:01</time><pddistrict>RICHMOND</pddistrict><resolution>UNFOUNDED</resolution><address>0 Block of 17TH AV</address><x>-122.476530939203</x><y>37.7864655220504</y><location human_address="{&quot;address&quot;:&quot;&quot;,&quot;city&quot;:&quot;&quot;,&quot;state&quot;:&quot;&quot;,&quot;zip&quot;:&quot;&quot;}" latitude="37.7864655220504" longitude="-122.476530939203" needs_recoding="false"/></row>