<?xml version="1.0" encoding="UTF-8"?><row _id="12609967" _uuid="D61E6B0B-E402-4356-AF6F-27D7BFA57532" _position="12609967" _address="http://data.sfgov.org/resource/ritf-b9ki/12609967"><incidntnum>150627245</incidntnum><category>VEHICLE THEFT</category><descript>STOLEN TRUCK</descript><dayofweek>Friday</dayofweek><date>2015-07-17T00:00:00</date><time>13:00</time><pddistrict>NORTHERN</pddistrict><resolution>NONE</resolution><address>14TH ST / CHURCH ST</address><x>-122.428950032727</x><y>37.7675027326801</y><location human_address="{&quot;address&quot;:&quot;&quot;,&quot;city&quot;:&quot;&quot;,&quot;state&quot;:&quot;&quot;,&quot;zip&quot;:&quot;&quot;}" latitude="37.7675027326801" longitude="-122.428950032727" needs_recoding="false"/></row>