<?xml version="1.0" encoding="UTF-8"?><row _id="12608322" _uuid="24EEB763-56DC-4FF7-BD6F-811F6CE5E65E" _position="12608322" _address="http://data.sfgov.org/resource/ritf-b9ki/12608322"><incidntnum>150609099</incidntnum><category>BURGLARY</category><descript>BURGLARY OF APARTMENT HOUSE, UNLAWFUL ENTRY</descript><dayofweek>Sunday</dayofweek><date>2015-07-12T00:00:00</date><time>22:30</time><pddistrict>PARK</pddistrict><resolution>NONE</resolution><address>1300 Block of HAYES ST</address><x>-122.438659507606</x><y>37.7749372694695</y><location human_address="{&quot;address&quot;:&quot;&quot;,&quot;city&quot;:&quot;&quot;,&quot;state&quot;:&quot;&quot;,&quot;zip&quot;:&quot;&quot;}" latitude="37.7749372694695" longitude="-122.438659507606" needs_recoding="false"/></row>