<?xml version="1.0" encoding="UTF-8"?><row _id="12607729" _uuid="855317EB-11B0-43B6-B55E-4609496604E7" _position="12607729" _address="http://data.sfgov.org/resource/ritf-b9ki/12607729"><incidntnum>150605047</incidntnum><category>LARCENY/THEFT</category><descript>PETTY THEFT SHOPLIFTING</descript><dayofweek>Saturday</dayofweek><date>2015-07-11T00:00:00</date><time>15:36</time><pddistrict>SOUTHERN</pddistrict><resolution>ARREST, BOOKED</resolution><address>900 Block of MARKET ST</address><x>-122.408421116922</x><y>37.7835699386918</y><location human_address="{&quot;address&quot;:&quot;&quot;,&quot;city&quot;:&quot;&quot;,&quot;state&quot;:&quot;&quot;,&quot;zip&quot;:&quot;&quot;}" latitude="37.7835699386918" longitude="-122.408421116922" needs_recoding="false"/></row>