<?xml version="1.0" encoding="UTF-8"?><row _id="12612025" _uuid="4951F88E-F7E6-4AA1-866C-6A489ECC6D5D" _position="12612025" _address="http://data.sfgov.org/resource/ritf-b9ki/12612025"><incidntnum>150633292</incidntnum><category>BURGLARY</category><descript>BURGLARY OF APARTMENT HOUSE, UNLAWFUL ENTRY</descript><dayofweek>Tuesday</dayofweek><date>2015-07-21T00:00:00</date><time>02:30</time><pddistrict>SOUTHERN</pddistrict><resolution>NONE</resolution><address>0 Block of VERONA PL</address><x>-122.448307079193</x><y>37.7356506398948</y><location human_address="{&quot;address&quot;:&quot;&quot;,&quot;city&quot;:&quot;&quot;,&quot;state&quot;:&quot;&quot;,&quot;zip&quot;:&quot;&quot;}" latitude="37.7356506398948" longitude="-122.448307079193" needs_recoding="false"/></row>