<?xml version="1.0" encoding="UTF-8"?><row _id="12664835" _uuid="83AC9FDD-9AB0-42DF-99DC-666BD82C698C" _position="12664835" _address="http://data.sfgov.org/resource/ritf-b9ki/12664835"><incidntnum>151005331</incidntnum><category>ASSAULT</category><descript>AGGRAVATED ASSAULT WITH A GUN</descript><dayofweek>Wednesday</dayofweek><date>2015-07-15T00:00:00</date><time>03:30</time><pddistrict>SOUTHERN</pddistrict><resolution>NONE</resolution><address>800 Block of BRYANT ST</address><x>-122.403404791479</x><y>37.775420706711</y><location human_address="{&quot;address&quot;:&quot;&quot;,&quot;city&quot;:&quot;&quot;,&quot;state&quot;:&quot;&quot;,&quot;zip&quot;:&quot;&quot;}" latitude="37.775420706711" longitude="-122.403404791479" needs_recoding="false"/></row>