<?xml version="1.0" encoding="UTF-8"?><row _id="12610077" _uuid="0B7396D1-5049-4316-958D-E5ED5EFF26DF" _position="12610077" _address="http://data.sfgov.org/resource/ritf-b9ki/12610077"><incidntnum>150623419</incidntnum><category>OTHER OFFENSES</category><descript>TRAFFIC VIOLATION</descript><dayofweek>Friday</dayofweek><date>2015-07-17T00:00:00</date><time>20:27</time><pddistrict>BAYVIEW</pddistrict><resolution>ARREST, BOOKED</resolution><address>VANDYKE AV / INGALLS ST</address><x>-122.386800717671</x><y>37.7259869217106</y><location human_address="{&quot;address&quot;:&quot;&quot;,&quot;city&quot;:&quot;&quot;,&quot;state&quot;:&quot;&quot;,&quot;zip&quot;:&quot;&quot;}" latitude="37.7259869217106" longitude="-122.386800717671" needs_recoding="false"/></row>