<?xml version="1.0" encoding="UTF-8"?><row _id="12607490" _uuid="0A6E8C14-0AAA-464A-BB6C-49D5C560F9B4" _position="12607490" _address="http://data.sfgov.org/resource/ritf-b9ki/12607490"><incidntnum>150602548</incidntnum><category>OTHER OFFENSES</category><descript>TRAFFIC VIOLATION ARREST</descript><dayofweek>Saturday</dayofweek><date>2015-07-11T00:00:00</date><time>01:27</time><pddistrict>MISSION</pddistrict><resolution>ARREST, BOOKED</resolution><address>GUERRERO ST / 14TH ST</address><x>-122.424412715064</x><y>37.7680054163824</y><location human_address="{&quot;address&quot;:&quot;&quot;,&quot;city&quot;:&quot;&quot;,&quot;state&quot;:&quot;&quot;,&quot;zip&quot;:&quot;&quot;}" latitude="37.7680054163824" longitude="-122.424412715064" needs_recoding="false"/></row>