<?xml version="1.0" encoding="UTF-8"?><row _id="12607904" _uuid="E05B1DB5-0E16-454F-8030-532C654358C2" _position="12607904" _address="http://data.sfgov.org/resource/ritf-b9ki/12607904"><incidntnum>156170713</incidntnum><category>LARCENY/THEFT</category><descript>GRAND THEFT FROM LOCKED AUTO</descript><dayofweek>Saturday</dayofweek><date>2015-07-11T00:00:00</date><time>15:00</time><pddistrict>RICHMOND</pddistrict><resolution>NONE</resolution><address>700 Block of 35TH AV</address><x>-122.495174735838</x><y>37.7748589909304</y><location human_address="{&quot;address&quot;:&quot;&quot;,&quot;city&quot;:&quot;&quot;,&quot;state&quot;:&quot;&quot;,&quot;zip&quot;:&quot;&quot;}" latitude="37.7748589909304" longitude="-122.495174735838" needs_recoding="false"/></row>