<?xml version="1.0" encoding="UTF-8"?><row _id="12611466" _uuid="B869AC2F-7A2C-4F8D-9F89-CAF8CBF12751" _position="12611466" _address="http://data.sfgov.org/resource/ritf-b9ki/12611466"><incidntnum>150632620</incidntnum><category>LARCENY/THEFT</category><descript>PETTY THEFT FROM LOCKED AUTO</descript><dayofweek>Monday</dayofweek><date>2015-07-20T00:00:00</date><time>16:00</time><pddistrict>CENTRAL</pddistrict><resolution>NONE</resolution><address>LARKIN ST / PINE ST</address><x>-122.418844748098</x><y>37.7898297669592</y><location human_address="{&quot;address&quot;:&quot;&quot;,&quot;city&quot;:&quot;&quot;,&quot;state&quot;:&quot;&quot;,&quot;zip&quot;:&quot;&quot;}" latitude="37.7898297669592" longitude="-122.418844748098" needs_recoding="false"/></row>