<?xml version="1.0" encoding="UTF-8"?><row _id="12608407" _uuid="E46EA081-D3B5-4DC6-968D-480E561D27F4" _position="12608407" _address="http://data.sfgov.org/resource/ritf-b9ki/12608407"><incidntnum>150612064</incidntnum><category>LARCENY/THEFT</category><descript>PETTY THEFT FROM LOCKED AUTO</descript><dayofweek>Monday</dayofweek><date>2015-07-13T00:00:00</date><time>17:00</time><pddistrict>TARAVAL</pddistrict><resolution>NONE</resolution><address>35TH AV / KIRKHAM ST</address><x>-122.494010438138</x><y>37.7590746882949</y><location human_address="{&quot;address&quot;:&quot;&quot;,&quot;city&quot;:&quot;&quot;,&quot;state&quot;:&quot;&quot;,&quot;zip&quot;:&quot;&quot;}" latitude="37.7590746882949" longitude="-122.494010438138" needs_recoding="false"/></row>