<?xml version="1.0" encoding="UTF-8"?><row _id="12610938" _uuid="2DC798B4-8E3D-4C2A-8157-4224BDB0580C" _position="12610938" _address="http://data.sfgov.org/resource/ritf-b9ki/12610938"><incidntnum>150624683</incidntnum><category>ASSAULT</category><descript>ELDER ADULT OR DEPENDENT ABUSE (NOT EMBEZZLEMENT OR THEFT)</descript><dayofweek>Saturday</dayofweek><date>2015-07-18T00:00:00</date><time>06:00</time><pddistrict>TENDERLOIN</pddistrict><resolution>ARREST, BOOKED</resolution><address>400 Block of OFARRELL ST</address><x>-122.411742515582</x><y>37.7858882195106</y><location human_address="{&quot;address&quot;:&quot;&quot;,&quot;city&quot;:&quot;&quot;,&quot;state&quot;:&quot;&quot;,&quot;zip&quot;:&quot;&quot;}" latitude="37.7858882195106" longitude="-122.411742515582" needs_recoding="false"/></row>