<?xml version="1.0" encoding="UTF-8"?><row _id="12611318" _uuid="8730982F-CAB9-49E2-8582-EF2CB907FA71" _position="12611318" _address="http://data.sfgov.org/resource/ritf-b9ki/12611318"><incidntnum>150627483</incidntnum><category>OTHER OFFENSES</category><descript>POSSESSION OF BURGLARY TOOLS</descript><dayofweek>Sunday</dayofweek><date>2015-07-19T00:00:00</date><time>11:00</time><pddistrict>TARAVAL</pddistrict><resolution>ARREST, BOOKED</resolution><address>100 Block of GARCIA AV</address><x>-122.460446686264</x><y>37.7437534419174</y><location human_address="{&quot;address&quot;:&quot;&quot;,&quot;city&quot;:&quot;&quot;,&quot;state&quot;:&quot;&quot;,&quot;zip&quot;:&quot;&quot;}" latitude="37.7437534419174" longitude="-122.460446686264" needs_recoding="false"/></row>