<?xml version="1.0" encoding="UTF-8"?><row _id="12610446" _uuid="9A8E2E75-F204-43FC-A0D2-917B11901286" _position="12610446" _address="http://data.sfgov.org/resource/ritf-b9ki/12610446"><incidntnum>150621140</incidntnum><category>ASSAULT</category><descript>BATTERY, FORMER SPOUSE OR DATING RELATIONSHIP</descript><dayofweek>Friday</dayofweek><date>2015-07-17T00:00:00</date><time>05:35</time><pddistrict>TENDERLOIN</pddistrict><resolution>ARREST, BOOKED</resolution><address>300 Block of HYDE ST</address><x>-122.415910622743</x><y>37.7839999167561</y><location human_address="{&quot;address&quot;:&quot;&quot;,&quot;city&quot;:&quot;&quot;,&quot;state&quot;:&quot;&quot;,&quot;zip&quot;:&quot;&quot;}" latitude="37.7839999167561" longitude="-122.415910622743" needs_recoding="false"/></row>