<?xml version="1.0" encoding="UTF-8"?><row _id="12608455" _uuid="0E770F90-4ADA-4A26-9A03-24BA7B93DE63" _position="12608455" _address="http://data.sfgov.org/resource/ritf-b9ki/12608455"><incidntnum>156172593</incidntnum><category>VANDALISM</category><descript>MALICIOUS MISCHIEF, VANDALISM OF VEHICLES</descript><dayofweek>Sunday</dayofweek><date>2015-07-12T00:00:00</date><time>10:00</time><pddistrict>CENTRAL</pddistrict><resolution>NONE</resolution><address>NORTHPOINT ST / POWELL ST</address><x>-122.412143310586</x><y>37.8067579023106</y><location human_address="{&quot;address&quot;:&quot;&quot;,&quot;city&quot;:&quot;&quot;,&quot;state&quot;:&quot;&quot;,&quot;zip&quot;:&quot;&quot;}" latitude="37.8067579023106" longitude="-122.412143310586" needs_recoding="false"/></row>