<?xml version="1.0" encoding="UTF-8"?><row _id="12609789" _uuid="F95532C5-4EDE-436D-B15B-A71C3BD5CF80" _position="12609789" _address="http://data.sfgov.org/resource/ritf-b9ki/12609789"><incidntnum>150610080</incidntnum><category>SUSPICIOUS OCC</category><descript>SUSPICIOUS ACT TOWARDS FEMALE</descript><dayofweek>Sunday</dayofweek><date>2015-07-12T00:00:00</date><time>20:00</time><pddistrict>INGLESIDE</pddistrict><resolution>NONE</resolution><address>600 Block of CAMBRIDGE ST</address><x>-122.417224139302</x><y>37.72339209003</y><location human_address="{&quot;address&quot;:&quot;&quot;,&quot;city&quot;:&quot;&quot;,&quot;state&quot;:&quot;&quot;,&quot;zip&quot;:&quot;&quot;}" latitude="37.72339209003" longitude="-122.417224139302" needs_recoding="false"/></row>