<?xml version="1.0" encoding="UTF-8"?><row _id="12614752" _uuid="64F2FD84-1B2D-4CC9-BE9D-4B79E112CD59" _position="12614752" _address="http://data.sfgov.org/resource/ritf-b9ki/12614752"><incidntnum>150653836</incidntnum><category>ROBBERY</category><descript>ROBBERY, ARMED WITH A DANGEROUS WEAPON</descript><dayofweek>Monday</dayofweek><date>2015-07-27T00:00:00</date><time>16:40</time><pddistrict>TENDERLOIN</pddistrict><resolution>ARREST, BOOKED</resolution><address>100 Block of ELLIS ST</address><x>-122.408269031453</x><y>37.7853831105797</y><location human_address="{&quot;address&quot;:&quot;&quot;,&quot;city&quot;:&quot;&quot;,&quot;state&quot;:&quot;&quot;,&quot;zip&quot;:&quot;&quot;}" latitude="37.7853831105797" longitude="-122.408269031453" needs_recoding="false"/></row>