<?xml version="1.0" encoding="UTF-8"?><row _id="12611808" _uuid="8CAEFF40-B183-42C3-B7B6-88BE2C8520BF" _position="12611808" _address="http://data.sfgov.org/resource/ritf-b9ki/12611808"><incidntnum>150632642</incidntnum><category>EMBEZZLEMENT</category><descript>EMBEZZLEMENT, GRAND THEFT BY EMPLOYEE</descript><dayofweek>Monday</dayofweek><date>2015-07-20T00:00:00</date><time>08:30</time><pddistrict>BAYVIEW</pddistrict><resolution>NONE</resolution><address>100 Block of ARKANSAS ST</address><x>-122.398571724133</x><y>37.7643667568873</y><location human_address="{&quot;address&quot;:&quot;&quot;,&quot;city&quot;:&quot;&quot;,&quot;state&quot;:&quot;&quot;,&quot;zip&quot;:&quot;&quot;}" latitude="37.7643667568873" longitude="-122.398571724133" needs_recoding="false"/></row>