<?xml version="1.0" encoding="UTF-8"?><row _id="12607896" _uuid="5E0F2DCD-6A66-46DF-AEFC-FE525BFFD389" _position="12607896" _address="http://data.sfgov.org/resource/ritf-b9ki/12607896"><incidntnum>150604005</incidntnum><category>ASSAULT</category><descript>BATTERY</descript><dayofweek>Saturday</dayofweek><date>2015-07-11T00:00:00</date><time>14:06</time><pddistrict>INGLESIDE</pddistrict><resolution>ARREST, BOOKED</resolution><address>100 Block of SCHWERIN ST</address><x>-122.410936464535</x><y>37.7113718063794</y><location human_address="{&quot;address&quot;:&quot;&quot;,&quot;city&quot;:&quot;&quot;,&quot;state&quot;:&quot;&quot;,&quot;zip&quot;:&quot;&quot;}" latitude="37.7113718063794" longitude="-122.410936464535" needs_recoding="false"/></row>