<?xml version="1.0" encoding="UTF-8"?><row _id="12613722" _uuid="AF485762-31DA-4192-B67B-7FE326C6C0AC" _position="12613722" _address="http://data.sfgov.org/resource/ritf-b9ki/12613722"><incidntnum>150647124</incidntnum><category>OTHER OFFENSES</category><descript>POSSESSION OF FIRECRACKERS</descript><dayofweek>Saturday</dayofweek><date>2015-07-25T00:00:00</date><time>13:00</time><pddistrict>CENTRAL</pddistrict><resolution>NONE</resolution><address>700 Block of VALLEJO ST</address><x>-122.409791662293</x><y>37.7985083480435</y><location human_address="{&quot;address&quot;:&quot;&quot;,&quot;city&quot;:&quot;&quot;,&quot;state&quot;:&quot;&quot;,&quot;zip&quot;:&quot;&quot;}" latitude="37.7985083480435" longitude="-122.409791662293" needs_recoding="false"/></row>