<?xml version="1.0" encoding="UTF-8"?><row _id="12609603" _uuid="0AA023E8-49A2-41CC-90A8-B3C993660A85" _position="12609603" _address="http://data.sfgov.org/resource/ritf-b9ki/12609603"><incidntnum>150609221</incidntnum><category>WARRANTS</category><descript>ENROUTE TO OUTSIDE JURISDICTION</descript><dayofweek>Friday</dayofweek><date>2015-07-10T00:00:00</date><time>08:30</time><pddistrict>PARK</pddistrict><resolution>ARREST, BOOKED</resolution><address>LYON ST / MCALLISTER ST</address><x>-122.443324444777</x><y>37.7771638194542</y><location human_address="{&quot;address&quot;:&quot;&quot;,&quot;city&quot;:&quot;&quot;,&quot;state&quot;:&quot;&quot;,&quot;zip&quot;:&quot;&quot;}" latitude="37.7771638194542" longitude="-122.443324444777" needs_recoding="false"/></row>