<?xml version="1.0" encoding="UTF-8"?><row _id="12607534" _uuid="3727F3D0-BA6E-4FD9-B297-BAB762253811" _position="12607534" _address="http://data.sfgov.org/resource/ritf-b9ki/12607534"><incidntnum>150607582</incidntnum><category>VEHICLE THEFT</category><descript>STOLEN TRUCK</descript><dayofweek>Saturday</dayofweek><date>2015-07-11T00:00:00</date><time>23:00</time><pddistrict>INGLESIDE</pddistrict><resolution>NONE</resolution><address>PHELAN AV / FLOOD AV</address><x>-122.452442743599</x><y>37.7298673209026</y><location human_address="{&quot;address&quot;:&quot;&quot;,&quot;city&quot;:&quot;&quot;,&quot;state&quot;:&quot;&quot;,&quot;zip&quot;:&quot;&quot;}" latitude="37.7298673209026" longitude="-122.452442743599" needs_recoding="false"/></row>