<?xml version="1.0" encoding="UTF-8"?><row _id="12616101" _uuid="3C2FF53F-D463-406D-9516-7CD626EABF8A" _position="12616101" _address="http://data.sfgov.org/resource/ritf-b9ki/12616101"><incidntnum>156186748</incidntnum><category>LARCENY/THEFT</category><descript>GRAND THEFT FROM UNLOCKED AUTO</descript><dayofweek>Thursday</dayofweek><date>2015-07-30T00:00:00</date><time>19:30</time><pddistrict>NORTHERN</pddistrict><resolution>NONE</resolution><address>3600 Block of LYON ST</address><x>-122.44827840533</x><y>37.804271887891</y><location human_address="{&quot;address&quot;:&quot;&quot;,&quot;city&quot;:&quot;&quot;,&quot;state&quot;:&quot;&quot;,&quot;zip&quot;:&quot;&quot;}" latitude="37.804271887891" longitude="-122.44827840533" needs_recoding="false"/></row>