<?xml version="1.0" encoding="UTF-8"?><row _id="12607708" _uuid="29C4ED44-C2ED-415D-ACB5-1FF8DEC6240C" _position="12607708" _address="http://data.sfgov.org/resource/ritf-b9ki/12607708"><incidntnum>150604033</incidntnum><category>NON-CRIMINAL</category><descript>AIDED CASE, MENTAL DISTURBED</descript><dayofweek>Saturday</dayofweek><date>2015-07-11T00:00:00</date><time>14:19</time><pddistrict>INGLESIDE</pddistrict><resolution>NONE</resolution><address>3300 Block of MISSION ST</address><x>-122.421264331104</x><y>37.743584765874</y><location human_address="{&quot;address&quot;:&quot;&quot;,&quot;city&quot;:&quot;&quot;,&quot;state&quot;:&quot;&quot;,&quot;zip&quot;:&quot;&quot;}" latitude="37.743584765874" longitude="-122.421264331104" needs_recoding="false"/></row>