<?xml version="1.0" encoding="UTF-8"?><row _id="12632429" _uuid="47B46C87-0538-495F-9605-D24C057DD480" _position="12632429" _address="http://data.sfgov.org/resource/ritf-b9ki/12632429"><incidntnum>150637012</incidntnum><category>NON-CRIMINAL</category><descript>LICENSE PLATE, RECOVERED</descript><dayofweek>Monday</dayofweek><date>2015-07-20T00:00:00</date><time>19:00</time><pddistrict>CENTRAL</pddistrict><resolution>ARREST, BOOKED</resolution><address>1300 Block of SACRAMENTO ST</address><x>-122.414993593644</x><y>37.7921976067413</y><location human_address="{&quot;address&quot;:&quot;&quot;,&quot;city&quot;:&quot;&quot;,&quot;state&quot;:&quot;&quot;,&quot;zip&quot;:&quot;&quot;}" latitude="37.7921976067413" longitude="-122.414993593644" needs_recoding="false"/></row>