<?xml version="1.0" encoding="UTF-8"?><row _id="12618287" _uuid="E3183215-EC0A-4E37-BF57-C34B113B5436" _position="12618287" _address="http://data.sfgov.org/resource/ritf-b9ki/12618287"><incidntnum>150677438</incidntnum><category>STOLEN PROPERTY</category><descript>STOLEN PROPERTY, POSSESSION WITH KNOWLEDGE, RECEIVING</descript><dayofweek>Tuesday</dayofweek><date>2015-08-04T00:00:00</date><time>13:00</time><pddistrict>CENTRAL</pddistrict><resolution>ARREST, BOOKED</resolution><address>3000 Block of POLK ST</address><x>-122.42349402989</x><y>37.8048386200904</y><location human_address="{&quot;address&quot;:&quot;&quot;,&quot;city&quot;:&quot;&quot;,&quot;state&quot;:&quot;&quot;,&quot;zip&quot;:&quot;&quot;}" latitude="37.8048386200904" longitude="-122.42349402989" needs_recoding="false"/></row>