<?xml version="1.0" encoding="UTF-8"?><row _id="12610243" _uuid="62EF0637-4692-4DF9-9B46-805A7DB67269" _position="12610243" _address="http://data.sfgov.org/resource/ritf-b9ki/12610243"><incidntnum>150626338</incidntnum><category>LARCENY/THEFT</category><descript>PETTY THEFT FROM A BUILDING</descript><dayofweek>Friday</dayofweek><date>2015-07-17T00:00:00</date><time>19:00</time><pddistrict>SOUTHERN</pddistrict><resolution>NONE</resolution><address>0 Block of VERONA PL</address><x>-122.448307079193</x><y>37.7356506398948</y><location human_address="{&quot;address&quot;:&quot;&quot;,&quot;city&quot;:&quot;&quot;,&quot;state&quot;:&quot;&quot;,&quot;zip&quot;:&quot;&quot;}" latitude="37.7356506398948" longitude="-122.448307079193" needs_recoding="false"/></row>