<?xml version="1.0" encoding="UTF-8"?><row _id="12608039" _uuid="6CBF3BC8-BFD6-45B9-B164-EBA96C393974" _position="12608039" _address="http://data.sfgov.org/resource/ritf-b9ki/12608039"><incidntnum>150607861</incidntnum><category>NON-CRIMINAL</category><descript>AIDED CASE, MENTAL DISTURBED</descript><dayofweek>Sunday</dayofweek><date>2015-07-12T00:00:00</date><time>18:45</time><pddistrict>NORTHERN</pddistrict><resolution>NONE</resolution><address>FILLMORE ST / GEARY BL</address><x>-122.432914603494</x><y>37.7843533426568</y><location human_address="{&quot;address&quot;:&quot;&quot;,&quot;city&quot;:&quot;&quot;,&quot;state&quot;:&quot;&quot;,&quot;zip&quot;:&quot;&quot;}" latitude="37.7843533426568" longitude="-122.432914603494" needs_recoding="false"/></row>