<?xml version="1.0" encoding="UTF-8"?><row _id="12607737" _uuid="A0A6E53F-ED71-4FD8-8631-AC6A6230FBA5" _position="12607737" _address="http://data.sfgov.org/resource/ritf-b9ki/12607737"><incidntnum>150606302</incidntnum><category>LARCENY/THEFT</category><descript>GRAND THEFT FROM LOCKED AUTO</descript><dayofweek>Saturday</dayofweek><date>2015-07-11T00:00:00</date><time>23:00</time><pddistrict>NORTHERN</pddistrict><resolution>NONE</resolution><address>800 Block of POLK ST</address><x>-122.419480276468</x><y>37.7842697641002</y><location human_address="{&quot;address&quot;:&quot;&quot;,&quot;city&quot;:&quot;&quot;,&quot;state&quot;:&quot;&quot;,&quot;zip&quot;:&quot;&quot;}" latitude="37.7842697641002" longitude="-122.419480276468" needs_recoding="false"/></row>