<?xml version="1.0" encoding="UTF-8"?><row _id="12612142" _uuid="07D8CB1F-008C-4466-8D90-FB8700901641" _position="12612142" _address="http://data.sfgov.org/resource/ritf-b9ki/12612142"><incidntnum>150635583</incidntnum><category>MISSING PERSON</category><descript>MISSING JUVENILE</descript><dayofweek>Tuesday</dayofweek><date>2015-07-21T00:00:00</date><time>18:30</time><pddistrict>SOUTHERN</pddistrict><resolution>NONE</resolution><address>0 Block of MOSS ST</address><x>-122.407999186749</x><y>37.7778241673064</y><location human_address="{&quot;address&quot;:&quot;&quot;,&quot;city&quot;:&quot;&quot;,&quot;state&quot;:&quot;&quot;,&quot;zip&quot;:&quot;&quot;}" latitude="37.7778241673064" longitude="-122.407999186749" needs_recoding="false"/></row>