<?xml version="1.0" encoding="UTF-8"?><row _id="12607628" _uuid="4F96443C-C197-4A3D-B09D-1EBAFCB76579" _position="12607628" _address="http://data.sfgov.org/resource/ritf-b9ki/12607628"><incidntnum>156171329</incidntnum><category>LARCENY/THEFT</category><descript>PETTY THEFT OF PROPERTY</descript><dayofweek>Saturday</dayofweek><date>2015-07-11T00:00:00</date><time>23:55</time><pddistrict>NORTHERN</pddistrict><resolution>NONE</resolution><address>VANNESS AV / BUSH ST</address><x>-122.421949487547</x><y>37.7884881521135</y><location human_address="{&quot;address&quot;:&quot;&quot;,&quot;city&quot;:&quot;&quot;,&quot;state&quot;:&quot;&quot;,&quot;zip&quot;:&quot;&quot;}" latitude="37.7884881521135" longitude="-122.421949487547" needs_recoding="false"/></row>