<?xml version="1.0" encoding="UTF-8"?><row _id="12610265" _uuid="9765F667-DC38-4ACD-B19B-4784DF5B6AAA" _position="12610265" _address="http://data.sfgov.org/resource/ritf-b9ki/12610265"><incidntnum>150614816</incidntnum><category>MISSING PERSON</category><descript>FOUND PERSON</descript><dayofweek>Tuesday</dayofweek><date>2015-07-14T00:00:00</date><time>17:30</time><pddistrict>SOUTHERN</pddistrict><resolution>NONE</resolution><address>300 Block of MARKET ST</address><x>-122.397742235773</x><y>37.7919805766981</y><location human_address="{&quot;address&quot;:&quot;&quot;,&quot;city&quot;:&quot;&quot;,&quot;state&quot;:&quot;&quot;,&quot;zip&quot;:&quot;&quot;}" latitude="37.7919805766981" longitude="-122.397742235773" needs_recoding="false"/></row>