<?xml version="1.0" encoding="UTF-8"?><row _id="12613249" _uuid="B1B336A8-C886-4D5E-861C-5AE25E6713D3" _position="12613249" _address="http://data.sfgov.org/resource/ritf-b9ki/12613249"><incidntnum>150643683</incidntnum><category>NON-CRIMINAL</category><descript>TARASOFF REPORT</descript><dayofweek>Friday</dayofweek><date>2015-07-24T00:00:00</date><time>12:41</time><pddistrict>NORTHERN</pddistrict><resolution>NONE</resolution><address>2300 Block of SACRAMENTO ST</address><x>-122.431565622284</x><y>37.7900918964407</y><location human_address="{&quot;address&quot;:&quot;&quot;,&quot;city&quot;:&quot;&quot;,&quot;state&quot;:&quot;&quot;,&quot;zip&quot;:&quot;&quot;}" latitude="37.7900918964407" longitude="-122.431565622284" needs_recoding="false"/></row>