<?xml version="1.0" encoding="UTF-8"?><row _id="12607118" _uuid="7AD29B2A-9B7F-47C0-BE07-4542E829DE22" _position="12607118" _address="http://data.sfgov.org/resource/ritf-b9ki/12607118"><incidntnum>150601192</incidntnum><category>OTHER OFFENSES</category><descript>DRIVERS LICENSE, SUSPENDED OR REVOKED</descript><dayofweek>Friday</dayofweek><date>2015-07-10T00:00:00</date><time>16:40</time><pddistrict>MISSION</pddistrict><resolution>ARREST, CITED</resolution><address>17TH ST / FLORIDA ST</address><x>-122.411332885127</x><y>37.7642516851931</y><location human_address="{&quot;address&quot;:&quot;&quot;,&quot;city&quot;:&quot;&quot;,&quot;state&quot;:&quot;&quot;,&quot;zip&quot;:&quot;&quot;}" latitude="37.7642516851931" longitude="-122.411332885127" needs_recoding="false"/></row>