<?xml version="1.0" encoding="UTF-8"?><row _id="12615388" _uuid="B9D17A91-1D1F-46E4-88EB-CEA433E10797" _position="12615388" _address="http://data.sfgov.org/resource/ritf-b9ki/12615388"><incidntnum>150658450</incidntnum><category>OTHER OFFENSES</category><descript>DRIVERS LICENSE, SUSPENDED OR REVOKED</descript><dayofweek>Wednesday</dayofweek><date>2015-07-29T00:00:00</date><time>03:18</time><pddistrict>MISSION</pddistrict><resolution>ARREST, BOOKED</resolution><address>19TH ST / CAPP ST</address><x>-122.41812008649</x><y>37.7603012340397</y><location human_address="{&quot;address&quot;:&quot;&quot;,&quot;city&quot;:&quot;&quot;,&quot;state&quot;:&quot;&quot;,&quot;zip&quot;:&quot;&quot;}" latitude="37.7603012340397" longitude="-122.41812008649" needs_recoding="false"/></row>