<?xml version="1.0" encoding="UTF-8"?><row _id="12612066" _uuid="64677CFA-A613-4F9A-8CF1-3ADD02BB5E29" _position="12612066" _address="http://data.sfgov.org/resource/ritf-b9ki/12612066"><incidntnum>150633537</incidntnum><category>BURGLARY</category><descript>BURGLARY, HOT PROWL, FORCIBLE ENTRY</descript><dayofweek>Tuesday</dayofweek><date>2015-07-21T00:00:00</date><time>10:13</time><pddistrict>INGLESIDE</pddistrict><resolution>NONE</resolution><address>200 Block of ATHENS ST</address><x>-122.426726019084</x><y>37.7239973136765</y><location human_address="{&quot;address&quot;:&quot;&quot;,&quot;city&quot;:&quot;&quot;,&quot;state&quot;:&quot;&quot;,&quot;zip&quot;:&quot;&quot;}" latitude="37.7239973136765" longitude="-122.426726019084" needs_recoding="false"/></row>