<?xml version="1.0" encoding="UTF-8"?><row _id="12610739" _uuid="221AD0EE-F1B6-4958-B362-477063B98388" _position="12610739" _address="http://data.sfgov.org/resource/ritf-b9ki/12610739"><incidntnum>150626899</incidntnum><category>LARCENY/THEFT</category><descript>GRAND THEFT FROM LOCKED AUTO</descript><dayofweek>Saturday</dayofweek><date>2015-07-18T00:00:00</date><time>21:30</time><pddistrict>SOUTHERN</pddistrict><resolution>NONE</resolution><address>0 Block of 5TH ST</address><x>-122.407382686506</x><y>37.7833716368249</y><location human_address="{&quot;address&quot;:&quot;&quot;,&quot;city&quot;:&quot;&quot;,&quot;state&quot;:&quot;&quot;,&quot;zip&quot;:&quot;&quot;}" latitude="37.7833716368249" longitude="-122.407382686506" needs_recoding="false"/></row>