<?xml version="1.0" encoding="UTF-8"?><row _id="12640606" _uuid="686F0483-E99B-49D8-A271-88A4FECD5B53" _position="12640606" _address="http://data.sfgov.org/resource/ritf-b9ki/12640606"><incidntnum>150856864</incidntnum><category>FRAUD</category><descript>CREDIT CARD, THEFT BY USE OF</descript><dayofweek>Saturday</dayofweek><date>2015-07-18T00:00:00</date><time>13:00</time><pddistrict>RICHMOND</pddistrict><resolution>NONE</resolution><address>400 Block of 6TH AV</address><x>-122.464279879446</x><y>37.7800332991006</y><location human_address="{&quot;address&quot;:&quot;&quot;,&quot;city&quot;:&quot;&quot;,&quot;state&quot;:&quot;&quot;,&quot;zip&quot;:&quot;&quot;}" latitude="37.7800332991006" longitude="-122.464279879446" needs_recoding="false"/></row>