<?xml version="1.0" encoding="UTF-8"?><row _id="12608677" _uuid="74D4D494-AF8B-40A1-826D-961EA57AE0BF" _position="12608677" _address="http://data.sfgov.org/resource/ritf-b9ki/12608677"><incidntnum>150612729</incidntnum><category>VEHICLE THEFT</category><descript>STOLEN AUTOMOBILE</descript><dayofweek>Monday</dayofweek><date>2015-07-13T00:00:00</date><time>18:30</time><pddistrict>NORTHERN</pddistrict><resolution>UNFOUNDED</resolution><address>1600 Block of JACKSON ST</address><x>-122.422253299565</x><y>37.7940917260344</y><location human_address="{&quot;address&quot;:&quot;&quot;,&quot;city&quot;:&quot;&quot;,&quot;state&quot;:&quot;&quot;,&quot;zip&quot;:&quot;&quot;}" latitude="37.7940917260344" longitude="-122.422253299565" needs_recoding="false"/></row>