<?xml version="1.0" encoding="UTF-8"?><row _id="12608594" _uuid="7BC80545-7299-46D9-95BF-0E1BE0DE5567" _position="12608594" _address="http://data.sfgov.org/resource/ritf-b9ki/12608594"><incidntnum>150613608</incidntnum><category>NON-CRIMINAL</category><descript>AIDED CASE, DOG BITE</descript><dayofweek>Monday</dayofweek><date>2015-07-13T00:00:00</date><time>10:40</time><pddistrict>RICHMOND</pddistrict><resolution>NONE</resolution><address>2900 Block of PACIFIC AV</address><x>-122.443835267233</x><y>37.7921365604231</y><location human_address="{&quot;address&quot;:&quot;&quot;,&quot;city&quot;:&quot;&quot;,&quot;state&quot;:&quot;&quot;,&quot;zip&quot;:&quot;&quot;}" latitude="37.7921365604231" longitude="-122.443835267233" needs_recoding="false"/></row>