<?xml version="1.0" encoding="UTF-8"?><row _id="12608246" _uuid="291115DE-2256-452A-A575-48EC92EFAA6B" _position="12608246" _address="http://data.sfgov.org/resource/ritf-b9ki/12608246"><incidntnum>150604657</incidntnum><category>MISSING PERSON</category><descript>FOUND PERSON</descript><dayofweek>Saturday</dayofweek><date>2015-07-11T00:00:00</date><time>16:07</time><pddistrict>SOUTHERN</pddistrict><resolution>NONE</resolution><address>800 Block of HOWARD ST</address><x>-122.403793259489</x><y>37.7823235897616</y><location human_address="{&quot;address&quot;:&quot;&quot;,&quot;city&quot;:&quot;&quot;,&quot;state&quot;:&quot;&quot;,&quot;zip&quot;:&quot;&quot;}" latitude="37.7823235897616" longitude="-122.403793259489" needs_recoding="false"/></row>