<?xml version="1.0" encoding="UTF-8"?><row _id="12608954" _uuid="5EE8E855-3CF0-4F66-9464-F8949036314E" _position="12608954" _address="http://data.sfgov.org/resource/ritf-b9ki/12608954"><incidntnum>156172913</incidntnum><category>LARCENY/THEFT</category><descript>GRAND THEFT FROM LOCKED AUTO</descript><dayofweek>Tuesday</dayofweek><date>2015-07-14T00:00:00</date><time>09:00</time><pddistrict>CENTRAL</pddistrict><resolution>NONE</resolution><address>HYDE ST / VALLEJO ST</address><x>-122.418675207551</x><y>37.797334326684</y><location human_address="{&quot;address&quot;:&quot;&quot;,&quot;city&quot;:&quot;&quot;,&quot;state&quot;:&quot;&quot;,&quot;zip&quot;:&quot;&quot;}" latitude="37.797334326684" longitude="-122.418675207551" needs_recoding="false"/></row>