<?xml version="1.0" encoding="UTF-8"?><row _id="12609296" _uuid="DC65128C-B528-4464-8770-9EA0A0095DA7" _position="12609296" _address="http://data.sfgov.org/resource/ritf-b9ki/12609296"><incidntnum>150616715</incidntnum><category>SUSPICIOUS OCC</category><descript>SUSPICIOUS OCCURRENCE</descript><dayofweek>Wednesday</dayofweek><date>2015-07-15T00:00:00</date><time>15:10</time><pddistrict>CENTRAL</pddistrict><resolution>NONE</resolution><address>0 Block of EMERY LN</address><x>-122.409618331107</x><y>37.7987139952195</y><location human_address="{&quot;address&quot;:&quot;&quot;,&quot;city&quot;:&quot;&quot;,&quot;state&quot;:&quot;&quot;,&quot;zip&quot;:&quot;&quot;}" latitude="37.7987139952195" longitude="-122.409618331107" needs_recoding="false"/></row>