<?xml version="1.0" encoding="UTF-8"?><row _id="12608930" _uuid="2532A505-B9D7-4744-8DAB-5B489B23BB8E" _position="12608930" _address="http://data.sfgov.org/resource/ritf-b9ki/12608930"><incidntnum>150614167</incidntnum><category>NON-CRIMINAL</category><descript>AIDED CASE</descript><dayofweek>Tuesday</dayofweek><date>2015-07-14T00:00:00</date><time>19:38</time><pddistrict>TARAVAL</pddistrict><resolution>NONE</resolution><address>19TH AV / HOLLOWAY AV</address><x>-122.475222189932</x><y>37.7210571460375</y><location human_address="{&quot;address&quot;:&quot;&quot;,&quot;city&quot;:&quot;&quot;,&quot;state&quot;:&quot;&quot;,&quot;zip&quot;:&quot;&quot;}" latitude="37.7210571460375" longitude="-122.475222189932" needs_recoding="false"/></row>