<?xml version="1.0" encoding="UTF-8"?><row _id="12608643" _uuid="8DD7CF73-FE26-4F61-B25B-5C4C6C190064" _position="12608643" _address="http://data.sfgov.org/resource/ritf-b9ki/12608643"><incidntnum>150609265</incidntnum><category>MISSING PERSON</category><descript>MISSING ADULT</descript><dayofweek>Monday</dayofweek><date>2015-07-13T00:00:00</date><time>09:30</time><pddistrict>INGLESIDE</pddistrict><resolution>NONE</resolution><address>600 Block of HEARST AV</address><x>-122.452296089335</x><y>37.7306215653725</y><location human_address="{&quot;address&quot;:&quot;&quot;,&quot;city&quot;:&quot;&quot;,&quot;state&quot;:&quot;&quot;,&quot;zip&quot;:&quot;&quot;}" latitude="37.7306215653725" longitude="-122.452296089335" needs_recoding="false"/></row>