<?xml version="1.0" encoding="UTF-8"?><row _id="12363720" _uuid="10824573-486D-4A21-8C27-36E6C22C5A61" _position="12363720" _address="http://data.sfgov.org/resource/ritf-b9ki/12363720"><incidntnum>140240283</incidntnum><category>WEAPON LAWS</category><descript>POSS OF FIREARM BY CONVICTED FELON/ADDICT/ALIEN</descript><dayofweek>Saturday</dayofweek><date>2015-08-01T00:00:00</date><time>23:16</time><pddistrict>BAYVIEW</pddistrict><resolution>ARREST, BOOKED</resolution><address>1700 Block of REVERE AV</address><x>-122.392775772337</x><y>37.7330781710011</y><location human_address="{&quot;address&quot;:&quot;&quot;,&quot;city&quot;:&quot;&quot;,&quot;state&quot;:&quot;&quot;,&quot;zip&quot;:&quot;&quot;}" latitude="37.7330781710011" longitude="-122.392775772337" needs_recoding="false"/></row>