<?xml version="1.0" encoding="UTF-8"?><row _id="12613077" _uuid="7B5B475B-76A0-49A1-99BC-5687F9624946" _position="12613077" _address="http://data.sfgov.org/resource/ritf-b9ki/12613077"><incidntnum>150645617</incidntnum><category>OTHER OFFENSES</category><descript>TRAFFIC VIOLATION</descript><dayofweek>Friday</dayofweek><date>2015-07-24T00:00:00</date><time>23:25</time><pddistrict>MISSION</pddistrict><resolution>ARREST, BOOKED</resolution><address>GUERRERO ST / 19TH ST</address><x>-122.423643957485</x><y>37.7599667312465</y><location human_address="{&quot;address&quot;:&quot;&quot;,&quot;city&quot;:&quot;&quot;,&quot;state&quot;:&quot;&quot;,&quot;zip&quot;:&quot;&quot;}" latitude="37.7599667312465" longitude="-122.423643957485" needs_recoding="false"/></row>