<?xml version="1.0" encoding="UTF-8"?><row _id="12612056" _uuid="A24DD729-3124-471A-9D99-428F33366CD4" _position="12612056" _address="http://data.sfgov.org/resource/ritf-b9ki/12612056"><incidntnum>150632965</incidntnum><category>ROBBERY</category><descript>ROBBERY, BODILY FORCE</descript><dayofweek>Tuesday</dayofweek><date>2015-07-21T00:00:00</date><time>04:05</time><pddistrict>TENDERLOIN</pddistrict><resolution>NONE</resolution><address>200 Block of LEAVENWORTH ST</address><x>-122.414217804322</x><y>37.7832593295025</y><location human_address="{&quot;address&quot;:&quot;&quot;,&quot;city&quot;:&quot;&quot;,&quot;state&quot;:&quot;&quot;,&quot;zip&quot;:&quot;&quot;}" latitude="37.7832593295025" longitude="-122.414217804322" needs_recoding="false"/></row>