<?xml version="1.0" encoding="UTF-8"?><row _id="12608067" _uuid="133A5AA9-8844-4178-9653-19D9D2B5C3EB" _position="12608067" _address="http://data.sfgov.org/resource/ritf-b9ki/12608067"><incidntnum>150607883</incidntnum><category>ASSAULT</category><descript>BATTERY</descript><dayofweek>Sunday</dayofweek><date>2015-07-12T00:00:00</date><time>18:45</time><pddistrict>TENDERLOIN</pddistrict><resolution>NONE</resolution><address>POWELL ST / OFARRELL ST</address><x>-122.408040474858</x><y>37.7864094033618</y><location human_address="{&quot;address&quot;:&quot;&quot;,&quot;city&quot;:&quot;&quot;,&quot;state&quot;:&quot;&quot;,&quot;zip&quot;:&quot;&quot;}" latitude="37.7864094033618" longitude="-122.408040474858" needs_recoding="false"/></row>