<?xml version="1.0" encoding="UTF-8"?><row _id="12610946" _uuid="448A6814-0F4F-4F4A-B854-324A2D8F115D" _position="12610946" _address="http://data.sfgov.org/resource/ritf-b9ki/12610946"><incidntnum>150626510</incidntnum><category>SUSPICIOUS OCC</category><descript>INVESTIGATIVE DETENTION</descript><dayofweek>Saturday</dayofweek><date>2015-07-18T00:00:00</date><time>21:00</time><pddistrict>MISSION</pddistrict><resolution>NONE</resolution><address>1300 Block of UTAH ST</address><x>-122.405199243832</x><y>37.7524173454443</y><location human_address="{&quot;address&quot;:&quot;&quot;,&quot;city&quot;:&quot;&quot;,&quot;state&quot;:&quot;&quot;,&quot;zip&quot;:&quot;&quot;}" latitude="37.7524173454443" longitude="-122.405199243832" needs_recoding="false"/></row>