<?xml version="1.0" encoding="UTF-8"?><row _id="12608398" _uuid="BDC1BCEC-BB2E-4B61-B300-811733A4E0D7" _position="12608398" _address="http://data.sfgov.org/resource/ritf-b9ki/12608398"><incidntnum>150608803</incidntnum><category>OTHER OFFENSES</category><descript>DRIVERS LICENSE, SUSPENDED OR REVOKED</descript><dayofweek>Monday</dayofweek><date>2015-07-13T00:00:00</date><time>05:20</time><pddistrict>PARK</pddistrict><resolution>ARREST, BOOKED</resolution><address>FELL ST / MASONIC AV</address><x>-122.445904271169</x><y>37.7729953727174</y><location human_address="{&quot;address&quot;:&quot;&quot;,&quot;city&quot;:&quot;&quot;,&quot;state&quot;:&quot;&quot;,&quot;zip&quot;:&quot;&quot;}" latitude="37.7729953727174" longitude="-122.445904271169" needs_recoding="false"/></row>