<?xml version="1.0" encoding="UTF-8"?><row _id="12635482" _uuid="10EE0EFA-4B5A-43C5-B40F-7D9E6E2D997E" _position="12635482" _address="http://data.sfgov.org/resource/ritf-b9ki/12635482"><incidntnum>156233957</incidntnum><category>NON-CRIMINAL</category><descript>LOST PROPERTY</descript><dayofweek>Saturday</dayofweek><date>2015-07-11T00:00:00</date><time>22:00</time><pddistrict>SOUTHERN</pddistrict><resolution>NONE</resolution><address>700 Block of HARRISON ST</address><x>-122.397814506334</x><y>37.7821372491619</y><location human_address="{&quot;address&quot;:&quot;&quot;,&quot;city&quot;:&quot;&quot;,&quot;state&quot;:&quot;&quot;,&quot;zip&quot;:&quot;&quot;}" latitude="37.7821372491619" longitude="-122.397814506334" needs_recoding="false"/></row>