<?xml version="1.0" encoding="UTF-8"?><row _id="12607781" _uuid="0F275EF5-5D66-4735-88EF-BC6A15FEF0C1" _position="12607781" _address="http://data.sfgov.org/resource/ritf-b9ki/12607781"><incidntnum>150604726</incidntnum><category>ASSAULT</category><descript>THREATS AGAINST LIFE</descript><dayofweek>Saturday</dayofweek><date>2015-07-11T00:00:00</date><time>17:35</time><pddistrict>BAYVIEW</pddistrict><resolution>NONE</resolution><address>2400 Block of SAN BRUNO AV</address><x>-122.405412091734</x><y>37.7318198889718</y><location human_address="{&quot;address&quot;:&quot;&quot;,&quot;city&quot;:&quot;&quot;,&quot;state&quot;:&quot;&quot;,&quot;zip&quot;:&quot;&quot;}" latitude="37.7318198889718" longitude="-122.405412091734" needs_recoding="false"/></row>