<?xml version="1.0" encoding="UTF-8"?><row _id="12607907" _uuid="B620BF93-1B3F-4A1F-B1FB-68DCF399EF4F" _position="12607907" _address="http://data.sfgov.org/resource/ritf-b9ki/12607907"><incidntnum>150603762</incidntnum><category>NON-CRIMINAL</category><descript>FOUND PROPERTY</descript><dayofweek>Saturday</dayofweek><date>2015-07-11T00:00:00</date><time>12:15</time><pddistrict>INGLESIDE</pddistrict><resolution>NONE</resolution><address>100 Block of MURRAY ST</address><x>-122.424347315404</x><y>37.7334881810731</y><location human_address="{&quot;address&quot;:&quot;&quot;,&quot;city&quot;:&quot;&quot;,&quot;state&quot;:&quot;&quot;,&quot;zip&quot;:&quot;&quot;}" latitude="37.7334881810731" longitude="-122.424347315404" needs_recoding="false"/></row>