<?xml version="1.0" encoding="UTF-8"?><row _id="12612982" _uuid="D42492CC-FF7B-4FBA-BA33-76D48E05A1A6" _position="12612982" _address="http://data.sfgov.org/resource/ritf-b9ki/12612982"><incidntnum>156181691</incidntnum><category>VANDALISM</category><descript>MALICIOUS MISCHIEF, VANDALISM</descript><dayofweek>Thursday</dayofweek><date>2015-07-23T00:00:00</date><time>16:00</time><pddistrict>TARAVAL</pddistrict><resolution>NONE</resolution><address>1700 Block of 39TH AV</address><x>-122.497896290625</x><y>37.7542091772086</y><location human_address="{&quot;address&quot;:&quot;&quot;,&quot;city&quot;:&quot;&quot;,&quot;state&quot;:&quot;&quot;,&quot;zip&quot;:&quot;&quot;}" latitude="37.7542091772086" longitude="-122.497896290625" needs_recoding="false"/></row>