<?xml version="1.0" encoding="UTF-8"?><row _id="12658897" _uuid="D9452766-ED8F-4776-9BC1-8C47294A13C2" _position="12658897" _address="http://data.sfgov.org/resource/ritf-b9ki/12658897"><incidntnum>150604209</incidntnum><category>NON-CRIMINAL</category><descript>LICENSE PLATE, RECOVERED</descript><dayofweek>Friday</dayofweek><date>2015-07-10T00:00:00</date><time>17:25</time><pddistrict>CENTRAL</pddistrict><resolution>NONE</resolution><address>1400 Block of SACRAMENTO ST</address><x>-122.41693893613</x><y>37.7919493361815</y><location human_address="{&quot;address&quot;:&quot;&quot;,&quot;city&quot;:&quot;&quot;,&quot;state&quot;:&quot;&quot;,&quot;zip&quot;:&quot;&quot;}" latitude="37.7919493361815" longitude="-122.41693893613" needs_recoding="false"/></row>