<?xml version="1.0" encoding="UTF-8"?><row _id="12613313" _uuid="ED5A470E-5A0F-4B44-BD9B-73A5C425DC60" _position="12613313" _address="http://data.sfgov.org/resource/ritf-b9ki/12613313"><incidntnum>150621407</incidntnum><category>ASSAULT</category><descript>BATTERY</descript><dayofweek>Friday</dayofweek><date>2015-07-17T00:00:00</date><time>07:38</time><pddistrict>BAYVIEW</pddistrict><resolution>ARREST, BOOKED</resolution><address>700 Block of 20TH ST</address><x>-122.389035232226</x><y>37.7605173811087</y><location human_address="{&quot;address&quot;:&quot;&quot;,&quot;city&quot;:&quot;&quot;,&quot;state&quot;:&quot;&quot;,&quot;zip&quot;:&quot;&quot;}" latitude="37.7605173811087" longitude="-122.389035232226" needs_recoding="false"/></row>