<?xml version="1.0" encoding="UTF-8"?><row _id="12606836" _uuid="AB308FEC-05EA-4477-87FE-B66D652D8FF3" _position="12606836" _address="http://data.sfgov.org/resource/ritf-b9ki/12606836"><incidntnum>150598470</incidntnum><category>WARRANTS</category><descript>ENROUTE TO OUTSIDE JURISDICTION</descript><dayofweek>Thursday</dayofweek><date>2015-07-09T00:00:00</date><time>17:40</time><pddistrict>MISSION</pddistrict><resolution>ARREST, BOOKED</resolution><address>1000 Block of POTRERO AV</address><x>-122.406539115148</x><y>37.7564864109309</y><location human_address="{&quot;address&quot;:&quot;&quot;,&quot;city&quot;:&quot;&quot;,&quot;state&quot;:&quot;&quot;,&quot;zip&quot;:&quot;&quot;}" latitude="37.7564864109309" longitude="-122.406539115148" needs_recoding="false"/></row>