<?xml version="1.0" encoding="UTF-8"?><row _id="12613872" _uuid="7ACEB38C-5780-4055-9354-277F1FB31F12" _position="12613872" _address="http://data.sfgov.org/resource/ritf-b9ki/12613872"><incidntnum>156174185</incidntnum><category>LARCENY/THEFT</category><descript>GRAND THEFT FROM LOCKED AUTO</descript><dayofweek>Thursday</dayofweek><date>2015-07-16T00:00:00</date><time>17:30</time><pddistrict>NORTHERN</pddistrict><resolution>NONE</resolution><address>1600 Block of UNION ST</address><x>-122.426452054349</x><y>37.7981828223951</y><location human_address="{&quot;address&quot;:&quot;&quot;,&quot;city&quot;:&quot;&quot;,&quot;state&quot;:&quot;&quot;,&quot;zip&quot;:&quot;&quot;}" latitude="37.7981828223951" longitude="-122.426452054349" needs_recoding="false"/></row>