<?xml version="1.0" encoding="UTF-8"?><row _id="12608425" _uuid="A5B6CDD0-0195-435D-997C-591E19F8C72F" _position="12608425" _address="http://data.sfgov.org/resource/ritf-b9ki/12608425"><incidntnum>150607617</incidntnum><category>OTHER OFFENSES</category><descript>TRAFFIC VIOLATION</descript><dayofweek>Sunday</dayofweek><date>2015-07-12T00:00:00</date><time>17:00</time><pddistrict>TARAVAL</pddistrict><resolution>ARREST, BOOKED</resolution><address>ASHTON AV / OCEAN AV</address><x>-122.462212868171</x><y>37.7252659069258</y><location human_address="{&quot;address&quot;:&quot;&quot;,&quot;city&quot;:&quot;&quot;,&quot;state&quot;:&quot;&quot;,&quot;zip&quot;:&quot;&quot;}" latitude="37.7252659069258" longitude="-122.462212868171" needs_recoding="false"/></row>