<?xml version="1.0" encoding="UTF-8"?><row _id="12619678" _uuid="F13C24A8-DB3B-4DC0-92F2-FDB6AF8C752F" _position="12619678" _address="http://data.sfgov.org/resource/ritf-b9ki/12619678"><incidntnum>150688877</incidntnum><category>SUSPICIOUS OCC</category><descript>INVESTIGATIVE DETENTION</descript><dayofweek>Friday</dayofweek><date>2015-08-07T00:00:00</date><time>16:26</time><pddistrict>SOUTHERN</pddistrict><resolution>NONE</resolution><address>10TH ST / MARKET ST</address><x>-122.417504703145</x><y>37.7765400380328</y><location human_address="{&quot;address&quot;:&quot;&quot;,&quot;city&quot;:&quot;&quot;,&quot;state&quot;:&quot;&quot;,&quot;zip&quot;:&quot;&quot;}" latitude="37.7765400380328" longitude="-122.417504703145" needs_recoding="false"/></row>