<?xml version="1.0" encoding="UTF-8"?><row _id="12611545" _uuid="A0A1C4D3-0FEC-42EB-9BD4-57672BBDF606" _position="12611545" _address="http://data.sfgov.org/resource/ritf-b9ki/12611545"><incidntnum>150631901</incidntnum><category>WARRANTS</category><descript>ENROUTE TO PAROLE OFFICER</descript><dayofweek>Monday</dayofweek><date>2015-07-20T00:00:00</date><time>18:02</time><pddistrict>BAYVIEW</pddistrict><resolution>ARREST, BOOKED</resolution><address>100 Block of DAKOTA ST</address><x>-122.395635436168</x><y>37.7535645746594</y><location human_address="{&quot;address&quot;:&quot;&quot;,&quot;city&quot;:&quot;&quot;,&quot;state&quot;:&quot;&quot;,&quot;zip&quot;:&quot;&quot;}" latitude="37.7535645746594" longitude="-122.395635436168" needs_recoding="false"/></row>