<?xml version="1.0" encoding="UTF-8"?><row _id="12610230" _uuid="34E020D0-00B9-4A49-A84B-75F2F449C22A" _position="12610230" _address="http://data.sfgov.org/resource/ritf-b9ki/12610230"><incidntnum>150623748</incidntnum><category>ASSAULT</category><descript>THREATS AGAINST LIFE</descript><dayofweek>Friday</dayofweek><date>2015-07-17T00:00:00</date><time>22:44</time><pddistrict>SOUTHERN</pddistrict><resolution>NONE</resolution><address>900 Block of FOLSOM ST</address><x>-122.40397938421</x><y>37.7798747354156</y><location human_address="{&quot;address&quot;:&quot;&quot;,&quot;city&quot;:&quot;&quot;,&quot;state&quot;:&quot;&quot;,&quot;zip&quot;:&quot;&quot;}" latitude="37.7798747354156" longitude="-122.40397938421" needs_recoding="false"/></row>