<?xml version="1.0" encoding="UTF-8"?><row _id="12608990" _uuid="A2602449-AF47-453C-A521-2C4DF9336E4C" _position="12608990" _address="http://data.sfgov.org/resource/ritf-b9ki/12608990"><incidntnum>150612393</incidntnum><category>DISORDERLY CONDUCT</category><descript>COMMITTING PUBLIC NUISANCE</descript><dayofweek>Tuesday</dayofweek><date>2015-07-14T00:00:00</date><time>09:55</time><pddistrict>TENDERLOIN</pddistrict><resolution>ARREST, BOOKED</resolution><address>0 Block of GOLDEN GATE AV</address><x>-122.411268613368</x><y>37.7822500873167</y><location human_address="{&quot;address&quot;:&quot;&quot;,&quot;city&quot;:&quot;&quot;,&quot;state&quot;:&quot;&quot;,&quot;zip&quot;:&quot;&quot;}" latitude="37.7822500873167" longitude="-122.411268613368" needs_recoding="false"/></row>