<?xml version="1.0" encoding="UTF-8"?><row _id="12609964" _uuid="5F7D0EF9-5B93-49B3-BE33-741723E5B526" _position="12609964" _address="http://data.sfgov.org/resource/ritf-b9ki/12609964"><incidntnum>150622728</incidntnum><category>OTHER OFFENSES</category><descript>DRIVERS LICENSE, SUSPENDED OR REVOKED</descript><dayofweek>Friday</dayofweek><date>2015-07-17T00:00:00</date><time>17:07</time><pddistrict>BAYVIEW</pddistrict><resolution>ARREST, CITED</resolution><address>JENNINGS ST / THOMAS AV</address><x>-122.387554493492</x><y>37.7282959935654</y><location human_address="{&quot;address&quot;:&quot;&quot;,&quot;city&quot;:&quot;&quot;,&quot;state&quot;:&quot;&quot;,&quot;zip&quot;:&quot;&quot;}" latitude="37.7282959935654" longitude="-122.387554493492" needs_recoding="false"/></row>