<?xml version="1.0" encoding="UTF-8"?><row _id="12609966" _uuid="C75160D3-5FF9-400B-AEB8-51253CF7B9B0" _position="12609966" _address="http://data.sfgov.org/resource/ritf-b9ki/12609966"><incidntnum>150625114</incidntnum><category>NON-CRIMINAL</category><descript>LOST PROPERTY</descript><dayofweek>Friday</dayofweek><date>2015-07-17T00:00:00</date><time>19:00</time><pddistrict>NORTHERN</pddistrict><resolution>NONE</resolution><address>ELLIS ST / LARKIN ST</address><x>-122.417710344726</x><y>37.7842362877887</y><location human_address="{&quot;address&quot;:&quot;&quot;,&quot;city&quot;:&quot;&quot;,&quot;state&quot;:&quot;&quot;,&quot;zip&quot;:&quot;&quot;}" latitude="37.7842362877887" longitude="-122.417710344726" needs_recoding="false"/></row>