<?xml version="1.0" encoding="UTF-8"?><row _id="12609230" _uuid="3C919C8A-0084-4F75-AB60-F45E50565A05" _position="12609230" _address="http://data.sfgov.org/resource/ritf-b9ki/12609230"><incidntnum>156173278</incidntnum><category>LARCENY/THEFT</category><descript>GRAND THEFT FROM LOCKED AUTO</descript><dayofweek>Wednesday</dayofweek><date>2015-07-15T00:00:00</date><time>16:00</time><pddistrict>NORTHERN</pddistrict><resolution>NONE</resolution><address>SUTTER ST / STEINER ST</address><x>-122.434920174913</x><y>37.785875202228</y><location human_address="{&quot;address&quot;:&quot;&quot;,&quot;city&quot;:&quot;&quot;,&quot;state&quot;:&quot;&quot;,&quot;zip&quot;:&quot;&quot;}" latitude="37.785875202228" longitude="-122.434920174913" needs_recoding="false"/></row>