<?xml version="1.0" encoding="UTF-8"?><row _id="12610821" _uuid="4952D26D-6AD4-4341-80D8-EC5B607791E1" _position="12610821" _address="http://data.sfgov.org/resource/ritf-b9ki/12610821"><incidntnum>150628168</incidntnum><category>SECONDARY CODES</category><descript>JUVENILE INVOLVED</descript><dayofweek>Friday</dayofweek><date>2015-07-17T00:00:00</date><time>13:30</time><pddistrict>MISSION</pddistrict><resolution>NONE</resolution><address>100 Block of COLLINGWOOD ST</address><x>-122.435964918002</x><y>37.7600122429873</y><location human_address="{&quot;address&quot;:&quot;&quot;,&quot;city&quot;:&quot;&quot;,&quot;state&quot;:&quot;&quot;,&quot;zip&quot;:&quot;&quot;}" latitude="37.7600122429873" longitude="-122.435964918002" needs_recoding="false"/></row>