<?xml version="1.0" encoding="UTF-8"?><row _id="12608133" _uuid="58771559-CDEF-43A0-90B8-6AF8CB434997" _position="12608133" _address="http://data.sfgov.org/resource/ritf-b9ki/12608133"><incidntnum>150607372</incidntnum><category>LARCENY/THEFT</category><descript>PETTY THEFT FROM LOCKED AUTO</descript><dayofweek>Sunday</dayofweek><date>2015-07-12T00:00:00</date><time>15:31</time><pddistrict>CENTRAL</pddistrict><resolution>NONE</resolution><address>800 Block of PINE ST</address><x>-122.409804474418</x><y>37.7909286115977</y><location human_address="{&quot;address&quot;:&quot;&quot;,&quot;city&quot;:&quot;&quot;,&quot;state&quot;:&quot;&quot;,&quot;zip&quot;:&quot;&quot;}" latitude="37.7909286115977" longitude="-122.409804474418" needs_recoding="false"/></row>