<?xml version="1.0" encoding="UTF-8"?><row _id="12609040" _uuid="12E39597-9091-470B-9301-82E1BB2D2F07" _position="12609040" _address="http://data.sfgov.org/resource/ritf-b9ki/12609040"><incidntnum>150612484</incidntnum><category>VANDALISM</category><descript>MALICIOUS MISCHIEF, BREAKING WINDOWS</descript><dayofweek>Tuesday</dayofweek><date>2015-07-14T00:00:00</date><time>10:20</time><pddistrict>CENTRAL</pddistrict><resolution>ARREST, BOOKED</resolution><address>1100 Block of COLUMBUS AV</address><x>-122.4170677959</x><y>37.8049870264944</y><location human_address="{&quot;address&quot;:&quot;&quot;,&quot;city&quot;:&quot;&quot;,&quot;state&quot;:&quot;&quot;,&quot;zip&quot;:&quot;&quot;}" latitude="37.8049870264944" longitude="-122.4170677959" needs_recoding="false"/></row>