<?xml version="1.0" encoding="UTF-8"?><row _id="12609046" _uuid="F3AC1902-5542-4CCF-B40F-62976FDCB73B" _position="12609046" _address="http://data.sfgov.org/resource/ritf-b9ki/12609046"><incidntnum>150612688</incidntnum><category>BURGLARY</category><descript>BURGLARY,STORE UNDER CONSTRUCTION, UNLAWFUL ENTRY</descript><dayofweek>Tuesday</dayofweek><date>2015-07-14T00:00:00</date><time>10:27</time><pddistrict>PARK</pddistrict><resolution>NONE</resolution><address>1600 Block of HAIGHT ST</address><x>-122.449101011701</x><y>37.7696756290578</y><location human_address="{&quot;address&quot;:&quot;&quot;,&quot;city&quot;:&quot;&quot;,&quot;state&quot;:&quot;&quot;,&quot;zip&quot;:&quot;&quot;}" latitude="37.7696756290578" longitude="-122.449101011701" needs_recoding="false"/></row>