<?xml version="1.0" encoding="UTF-8"?><row _id="12609167" _uuid="A2DD31DD-CF89-4774-A520-79C55E963D0B" _position="12609167" _address="http://data.sfgov.org/resource/ritf-b9ki/12609167"><incidntnum>150613222</incidntnum><category>ASSAULT</category><descript>BATTERY WITH SERIOUS INJURIES</descript><dayofweek>Tuesday</dayofweek><date>2015-07-14T00:00:00</date><time>13:01</time><pddistrict>NORTHERN</pddistrict><resolution>ARREST, BOOKED</resolution><address>1500 Block of FILLMORE ST</address><x>-122.432743822617</x><y>37.7838424505847</y><location human_address="{&quot;address&quot;:&quot;&quot;,&quot;city&quot;:&quot;&quot;,&quot;state&quot;:&quot;&quot;,&quot;zip&quot;:&quot;&quot;}" latitude="37.7838424505847" longitude="-122.432743822617" needs_recoding="false"/></row>