<?xml version="1.0" encoding="UTF-8"?><row _id="12611702" _uuid="F5CBC026-89E3-4DA5-B130-17DB730EC99B" _position="12611702" _address="http://data.sfgov.org/resource/ritf-b9ki/12611702"><incidntnum>150632216</incidntnum><category>ASSAULT</category><descript>BATTERY</descript><dayofweek>Monday</dayofweek><date>2015-07-20T00:00:00</date><time>20:19</time><pddistrict>RICHMOND</pddistrict><resolution>ARREST, BOOKED</resolution><address>300 Block of 21ST AV</address><x>-122.480449892084</x><y>37.7812308827649</y><location human_address="{&quot;address&quot;:&quot;&quot;,&quot;city&quot;:&quot;&quot;,&quot;state&quot;:&quot;&quot;,&quot;zip&quot;:&quot;&quot;}" latitude="37.7812308827649" longitude="-122.480449892084" needs_recoding="false"/></row>