<?xml version="1.0" encoding="UTF-8"?><row _id="12609497" _uuid="E9803ED4-4AF8-43F9-AE2F-EE152AB0497D" _position="12609497" _address="http://data.sfgov.org/resource/ritf-b9ki/12609497"><incidntnum>150617086</incidntnum><category>NON-CRIMINAL</category><descript>FOUND PROPERTY</descript><dayofweek>Wednesday</dayofweek><date>2015-07-15T00:00:00</date><time>13:00</time><pddistrict>BAYVIEW</pddistrict><resolution>NONE</resolution><address>100 Block of BRIDGEVIEW DR</address><x>-122.396732910008</x><y>37.7353451321776</y><location human_address="{&quot;address&quot;:&quot;&quot;,&quot;city&quot;:&quot;&quot;,&quot;state&quot;:&quot;&quot;,&quot;zip&quot;:&quot;&quot;}" latitude="37.7353451321776" longitude="-122.396732910008" needs_recoding="false"/></row>