<?xml version="1.0" encoding="UTF-8"?><row _id="12609314" _uuid="4A485B30-233F-40A9-B650-EA6FA9014ACA" _position="12609314" _address="http://data.sfgov.org/resource/ritf-b9ki/12609314"><incidntnum>150614731</incidntnum><category>MISSING PERSON</category><descript>MISSING ADULT</descript><dayofweek>Wednesday</dayofweek><date>2015-07-15T00:00:00</date><time>12:00</time><pddistrict>SOUTHERN</pddistrict><resolution>NONE</resolution><address>0 Block of DORE ST</address><x>-122.413045971966</x><y>37.7738617771611</y><location human_address="{&quot;address&quot;:&quot;&quot;,&quot;city&quot;:&quot;&quot;,&quot;state&quot;:&quot;&quot;,&quot;zip&quot;:&quot;&quot;}" latitude="37.7738617771611" longitude="-122.413045971966" needs_recoding="false"/></row>