<?xml version="1.0" encoding="UTF-8"?><row _id="12608872" _uuid="B784223C-E7B7-4006-B008-5773D69559CD" _position="12608872" _address="http://data.sfgov.org/resource/ritf-b9ki/12608872"><incidntnum>150611759</incidntnum><category>DRUG/NARCOTIC</category><descript>POSSESSION OF BASE/ROCK COCAINE</descript><dayofweek>Tuesday</dayofweek><date>2015-07-14T00:00:00</date><time>01:30</time><pddistrict>TENDERLOIN</pddistrict><resolution>ARREST, BOOKED</resolution><address>GOLDEN GATE AV / HYDE ST</address><x>-122.415508242782</x><y>37.7816542806076</y><location human_address="{&quot;address&quot;:&quot;&quot;,&quot;city&quot;:&quot;&quot;,&quot;state&quot;:&quot;&quot;,&quot;zip&quot;:&quot;&quot;}" latitude="37.7816542806076" longitude="-122.415508242782" needs_recoding="false"/></row>