<?xml version="1.0" encoding="UTF-8"?><row _id="12625245" _uuid="D67A0918-3509-4B36-9080-1E6ABDE2C895" _position="12625245" _address="http://data.sfgov.org/resource/ritf-b9ki/12625245"><incidntnum>150721320</incidntnum><category>FORGERY/COUNTERFEITING</category><descript>FORGERY &amp; COUNTERFEITING (GENERAL)</descript><dayofweek>Tuesday</dayofweek><date>2015-08-18T00:00:00</date><time>16:31</time><pddistrict>CENTRAL</pddistrict><resolution>ARREST, BOOKED</resolution><address>2500 Block of TAYLOR ST</address><x>-122.415270023651</x><y>37.8058980113661</y><location human_address="{&quot;address&quot;:&quot;&quot;,&quot;city&quot;:&quot;&quot;,&quot;state&quot;:&quot;&quot;,&quot;zip&quot;:&quot;&quot;}" latitude="37.8058980113661" longitude="-122.415270023651" needs_recoding="false"/></row>