<?xml version="1.0" encoding="UTF-8"?><row _id="12607123" _uuid="0A5E2E69-91CB-45BB-AC81-C6DDF70B91CE" _position="12607123" _address="http://data.sfgov.org/resource/ritf-b9ki/12607123"><incidntnum>150601904</incidntnum><category>LARCENY/THEFT</category><descript>GRAND THEFT FROM PERSON</descript><dayofweek>Friday</dayofweek><date>2015-07-10T00:00:00</date><time>19:30</time><pddistrict>SOUTHERN</pddistrict><resolution>NONE</resolution><address>FOLSOM ST / 5TH ST</address><x>-122.403390364796</x><y>37.7802655777189</y><location human_address="{&quot;address&quot;:&quot;&quot;,&quot;city&quot;:&quot;&quot;,&quot;state&quot;:&quot;&quot;,&quot;zip&quot;:&quot;&quot;}" latitude="37.7802655777189" longitude="-122.403390364796" needs_recoding="false"/></row>