<?xml version="1.0" encoding="UTF-8"?><row _id="12608556" _uuid="8AD3CAAC-CB3C-4ACB-A099-FB1A65651A65" _position="12608556" _address="http://data.sfgov.org/resource/ritf-b9ki/12608556"><incidntnum>150611442</incidntnum><category>SUSPICIOUS OCC</category><descript>SUSPICIOUS OCCURRENCE</descript><dayofweek>Monday</dayofweek><date>2015-07-13T00:00:00</date><time>15:00</time><pddistrict>CENTRAL</pddistrict><resolution>NONE</resolution><address>2100 Block of TAYLOR ST</address><x>-122.414520235774</x><y>37.8021725258528</y><location human_address="{&quot;address&quot;:&quot;&quot;,&quot;city&quot;:&quot;&quot;,&quot;state&quot;:&quot;&quot;,&quot;zip&quot;:&quot;&quot;}" latitude="37.8021725258528" longitude="-122.414520235774" needs_recoding="false"/></row>