<?xml version="1.0" encoding="UTF-8"?><row _id="12608771" _uuid="5F32461B-13D9-464E-BB89-1A46168C5E87" _position="12608771" _address="http://data.sfgov.org/resource/ritf-b9ki/12608771"><incidntnum>150606493</incidntnum><category>DISORDERLY CONDUCT</category><descript>COMMITTING PUBLIC NUISANCE</descript><dayofweek>Sunday</dayofweek><date>2015-07-12T00:00:00</date><time>10:31</time><pddistrict>SOUTHERN</pddistrict><resolution>NONE</resolution><address>0 Block of SOUTH VAN NESS AV</address><x>-122.418636069858</x><y>37.7726021051144</y><location human_address="{&quot;address&quot;:&quot;&quot;,&quot;city&quot;:&quot;&quot;,&quot;state&quot;:&quot;&quot;,&quot;zip&quot;:&quot;&quot;}" latitude="37.7726021051144" longitude="-122.418636069858" needs_recoding="false"/></row>