<?xml version="1.0" encoding="UTF-8"?><row _id="12607549" _uuid="B306B00F-FA28-480D-B01D-2E2A2298E191" _position="12607549" _address="http://data.sfgov.org/resource/ritf-b9ki/12607549"><incidntnum>156169976</incidntnum><category>LARCENY/THEFT</category><descript>GRAND THEFT FROM LOCKED AUTO</descript><dayofweek>Saturday</dayofweek><date>2015-07-11T00:00:00</date><time>16:30</time><pddistrict>TARAVAL</pddistrict><resolution>NONE</resolution><address>JOHNMUIR DR / SKYLINEBLVD HY</address><x>-122.50022040363</x><y>37.718954166945</y><location human_address="{&quot;address&quot;:&quot;&quot;,&quot;city&quot;:&quot;&quot;,&quot;state&quot;:&quot;&quot;,&quot;zip&quot;:&quot;&quot;}" latitude="37.718954166945" longitude="-122.50022040363" needs_recoding="false"/></row>