<?xml version="1.0" encoding="UTF-8"?><row _id="12609023" _uuid="21F2C189-6D45-4B2A-8D5C-2590F187260D" _position="12609023" _address="http://data.sfgov.org/resource/ritf-b9ki/12609023"><incidntnum>156171523</incidntnum><category>LARCENY/THEFT</category><descript>GRAND THEFT FROM LOCKED AUTO</descript><dayofweek>Tuesday</dayofweek><date>2015-07-14T00:00:00</date><time>01:00</time><pddistrict>PARK</pddistrict><resolution>NONE</resolution><address>0 Block of TERRAVISTA AV</address><x>-122.441695636568</x><y>37.7814248717141</y><location human_address="{&quot;address&quot;:&quot;&quot;,&quot;city&quot;:&quot;&quot;,&quot;state&quot;:&quot;&quot;,&quot;zip&quot;:&quot;&quot;}" latitude="37.7814248717141" longitude="-122.441695636568" needs_recoding="false"/></row>