<?xml version="1.0" encoding="UTF-8"?><row _id="12612870" _uuid="6F9688CC-4DD8-4C93-8C31-982E9F4BF627" _position="12612870" _address="http://data.sfgov.org/resource/ritf-b9ki/12612870"><incidntnum>150605520</incidntnum><category>LARCENY/THEFT</category><descript>GRAND THEFT FROM PERSON</descript><dayofweek>Saturday</dayofweek><date>2015-07-11T00:00:00</date><time>22:00</time><pddistrict>INGLESIDE</pddistrict><resolution>NONE</resolution><address>500 Block of AMAZON AV</address><x>-122.435733096114</x><y>37.7155828962218</y><location human_address="{&quot;address&quot;:&quot;&quot;,&quot;city&quot;:&quot;&quot;,&quot;state&quot;:&quot;&quot;,&quot;zip&quot;:&quot;&quot;}" latitude="37.7155828962218" longitude="-122.435733096114" needs_recoding="false"/></row>