<?xml version="1.0" encoding="UTF-8"?><row _id="12607522" _uuid="CFAE0F68-EE46-4D0A-8B8B-EEFA99ED47E4" _position="12607522" _address="http://data.sfgov.org/resource/ritf-b9ki/12607522"><incidntnum>150603201</incidntnum><category>OTHER OFFENSES</category><descript>FALSE EVIDENCE OF VEHICLE REGISTRATION</descript><dayofweek>Saturday</dayofweek><date>2015-07-11T00:00:00</date><time>09:30</time><pddistrict>TARAVAL</pddistrict><resolution>ARREST, BOOKED</resolution><address>SANTIAGO ST / 46TH AV</address><x>-122.504752445534</x><y>37.7436412273289</y><location human_address="{&quot;address&quot;:&quot;&quot;,&quot;city&quot;:&quot;&quot;,&quot;state&quot;:&quot;&quot;,&quot;zip&quot;:&quot;&quot;}" latitude="37.7436412273289" longitude="-122.504752445534" needs_recoding="false"/></row>