<?xml version="1.0" encoding="UTF-8"?><row _id="12607085" _uuid="271522A1-9942-4089-89D1-590A7B375664" _position="12607085" _address="http://data.sfgov.org/resource/ritf-b9ki/12607085"><incidntnum>156168912</incidntnum><category>LARCENY/THEFT</category><descript>PETTY THEFT OF PROPERTY</descript><dayofweek>Friday</dayofweek><date>2015-07-10T00:00:00</date><time>11:30</time><pddistrict>CENTRAL</pddistrict><resolution>NONE</resolution><address>SUTTER ST / MONTGOMERY ST</address><x>-122.402194030894</x><y>37.7900391299667</y><location human_address="{&quot;address&quot;:&quot;&quot;,&quot;city&quot;:&quot;&quot;,&quot;state&quot;:&quot;&quot;,&quot;zip&quot;:&quot;&quot;}" latitude="37.7900391299667" longitude="-122.402194030894" needs_recoding="false"/></row>