<?xml version="1.0" encoding="UTF-8"?><row _id="12615627" _uuid="7A85FBD2-1D7F-434A-8277-4777444915CE" _position="12615627" _address="http://data.sfgov.org/resource/ritf-b9ki/12615627"><incidntnum>150665063</incidntnum><category>NON-CRIMINAL</category><descript>LOST PROPERTY</descript><dayofweek>Wednesday</dayofweek><date>2015-07-29T00:00:00</date><time>00:01</time><pddistrict>BAYVIEW</pddistrict><resolution>NONE</resolution><address>2000 Block of 3RD ST</address><x>-122.388918212006</x><y>37.7636669731603</y><location human_address="{&quot;address&quot;:&quot;&quot;,&quot;city&quot;:&quot;&quot;,&quot;state&quot;:&quot;&quot;,&quot;zip&quot;:&quot;&quot;}" latitude="37.7636669731603" longitude="-122.388918212006" needs_recoding="false"/></row>