<?xml version="1.0" encoding="UTF-8"?><row _id="12610212" _uuid="D7A55E5B-703C-4120-8C4F-CE81E9ED0744" _position="12610212" _address="http://data.sfgov.org/resource/ritf-b9ki/12610212"><incidntnum>150622245</incidntnum><category>LARCENY/THEFT</category><descript>PETTY THEFT FROM A BUILDING</descript><dayofweek>Friday</dayofweek><date>2015-07-17T00:00:00</date><time>14:03</time><pddistrict>SOUTHERN</pddistrict><resolution>NONE</resolution><address>700 Block of MARKET ST</address><x>-122.405359371753</x><y>37.7859774761625</y><location human_address="{&quot;address&quot;:&quot;&quot;,&quot;city&quot;:&quot;&quot;,&quot;state&quot;:&quot;&quot;,&quot;zip&quot;:&quot;&quot;}" latitude="37.7859774761625" longitude="-122.405359371753" needs_recoding="false"/></row>