<?xml version="1.0" encoding="UTF-8"?><row _id="12611304" _uuid="ADBFB1F7-6F9E-4725-A6B1-A7BD383F4CEA" _position="12611304" _address="http://data.sfgov.org/resource/ritf-b9ki/12611304"><incidntnum>156181754</incidntnum><category>LARCENY/THEFT</category><descript>GRAND THEFT OF PROPERTY</descript><dayofweek>Sunday</dayofweek><date>2015-07-19T00:00:00</date><time>11:45</time><pddistrict>SOUTHERN</pddistrict><resolution>NONE</resolution><address>800 Block of MARKET ST</address><x>-122.406520987144</x><y>37.7850629421661</y><location human_address="{&quot;address&quot;:&quot;&quot;,&quot;city&quot;:&quot;&quot;,&quot;state&quot;:&quot;&quot;,&quot;zip&quot;:&quot;&quot;}" latitude="37.7850629421661" longitude="-122.406520987144" needs_recoding="false"/></row>