<?xml version="1.0" encoding="UTF-8"?><row _id="12606618" _uuid="DC3BB3AE-C695-4FE9-A15F-07F45F82F536" _position="12606618" _address="http://data.sfgov.org/resource/ritf-b9ki/12606618"><incidntnum>150599246</incidntnum><category>WARRANTS</category><descript>ENROUTE TO OUTSIDE JURISDICTION</descript><dayofweek>Thursday</dayofweek><date>2015-07-09T00:00:00</date><time>22:49</time><pddistrict>INGLESIDE</pddistrict><resolution>ARREST, BOOKED</resolution><address>DELTA ST / RAYMOND AV</address><x>-122.409195334935</x><y>37.7137978173502</y><location human_address="{&quot;address&quot;:&quot;&quot;,&quot;city&quot;:&quot;&quot;,&quot;state&quot;:&quot;&quot;,&quot;zip&quot;:&quot;&quot;}" latitude="37.7137978173502" longitude="-122.409195334935" needs_recoding="false"/></row>