<?xml version="1.0" encoding="UTF-8"?><row _id="12611842" _uuid="A831EF00-F46C-4BAF-9D14-1B8749879AE5" _position="12611842" _address="http://data.sfgov.org/resource/ritf-b9ki/12611842"><incidntnum>150630743</incidntnum><category>ASSAULT</category><descript>BATTERY, FORMER SPOUSE OR DATING RELATIONSHIP</descript><dayofweek>Monday</dayofweek><date>2015-07-20T00:00:00</date><time>13:55</time><pddistrict>SOUTHERN</pddistrict><resolution>ARREST, BOOKED</resolution><address>7TH ST / MISSION ST</address><x>-122.410939205552</x><y>37.7792122590085</y><location human_address="{&quot;address&quot;:&quot;&quot;,&quot;city&quot;:&quot;&quot;,&quot;state&quot;:&quot;&quot;,&quot;zip&quot;:&quot;&quot;}" latitude="37.7792122590085" longitude="-122.410939205552" needs_recoding="false"/></row>