<?xml version="1.0" encoding="UTF-8"?><row _id="12610879" _uuid="5C7BCDC4-16D7-4D74-9450-E5FB48D8E08E" _position="12610879" _address="http://data.sfgov.org/resource/ritf-b9ki/12610879"><incidntnum>156179511</incidntnum><category>NON-CRIMINAL</category><descript>LOST PROPERTY</descript><dayofweek>Saturday</dayofweek><date>2015-07-18T00:00:00</date><time>14:00</time><pddistrict>RICHMOND</pddistrict><resolution>NONE</resolution><address>1100 Block of 9TH AV</address><x>-122.466504397113</x><y>37.7662014296859</y><location human_address="{&quot;address&quot;:&quot;&quot;,&quot;city&quot;:&quot;&quot;,&quot;state&quot;:&quot;&quot;,&quot;zip&quot;:&quot;&quot;}" latitude="37.7662014296859" longitude="-122.466504397113" needs_recoding="false"/></row>