<?xml version="1.0" encoding="UTF-8"?><row _id="12609103" _uuid="5EC5D2A8-813C-43F2-9360-95E584E39E1C" _position="12609103" _address="http://data.sfgov.org/resource/ritf-b9ki/12609103"><incidntnum>150615052</incidntnum><category>LARCENY/THEFT</category><descript>GRAND THEFT FROM LOCKED AUTO</descript><dayofweek>Tuesday</dayofweek><date>2015-07-14T00:00:00</date><time>20:00</time><pddistrict>NORTHERN</pddistrict><resolution>NONE</resolution><address>600 Block of VANNESS AV</address><x>-122.420691386664</x><y>37.7814832523537</y><location human_address="{&quot;address&quot;:&quot;&quot;,&quot;city&quot;:&quot;&quot;,&quot;state&quot;:&quot;&quot;,&quot;zip&quot;:&quot;&quot;}" latitude="37.7814832523537" longitude="-122.420691386664" needs_recoding="false"/></row>