<?xml version="1.0" encoding="UTF-8"?><row _id="12612943" _uuid="4B0F4264-FB9E-4434-A57C-69066096B7F3" _position="12612943" _address="http://data.sfgov.org/resource/ritf-b9ki/12612943"><incidntnum>156181453</incidntnum><category>LARCENY/THEFT</category><descript>GRAND THEFT FROM LOCKED AUTO</descript><dayofweek>Thursday</dayofweek><date>2015-07-23T00:00:00</date><time>11:40</time><pddistrict>PARK</pddistrict><resolution>NONE</resolution><address>800 Block of PIERCE ST</address><x>-122.43502821575</x><y>37.7777469477364</y><location human_address="{&quot;address&quot;:&quot;&quot;,&quot;city&quot;:&quot;&quot;,&quot;state&quot;:&quot;&quot;,&quot;zip&quot;:&quot;&quot;}" latitude="37.7777469477364" longitude="-122.43502821575" needs_recoding="false"/></row>