<?xml version="1.0" encoding="UTF-8"?><row _id="12611998" _uuid="A94A9148-ABC8-4EBB-B2D0-841D7F43173E" _position="12611998" _address="http://data.sfgov.org/resource/ritf-b9ki/12611998"><incidntnum>156179492</incidntnum><category>LARCENY/THEFT</category><descript>PETTY THEFT OF PROPERTY</descript><dayofweek>Tuesday</dayofweek><date>2015-07-21T00:00:00</date><time>19:30</time><pddistrict>RICHMOND</pddistrict><resolution>NONE</resolution><address>21ST AV / BALBOA ST</address><x>-122.480174664156</x><y>37.7764956640759</y><location human_address="{&quot;address&quot;:&quot;&quot;,&quot;city&quot;:&quot;&quot;,&quot;state&quot;:&quot;&quot;,&quot;zip&quot;:&quot;&quot;}" latitude="37.7764956640759" longitude="-122.480174664156" needs_recoding="false"/></row>