<?xml version="1.0" encoding="UTF-8"?><row _id="12612754" _uuid="D377B663-2C56-4CF5-81F9-50362D20D0C6" _position="12612754" _address="http://data.sfgov.org/resource/ritf-b9ki/12612754"><incidntnum>156186196</incidntnum><category>LARCENY/THEFT</category><descript>GRAND THEFT FROM LOCKED AUTO</descript><dayofweek>Saturday</dayofweek><date>2015-07-18T00:00:00</date><time>13:52</time><pddistrict>NORTHERN</pddistrict><resolution>NONE</resolution><address>POST ST / LAGUNA ST</address><x>-122.428151140162</x><y>37.7857828233879</y><location human_address="{&quot;address&quot;:&quot;&quot;,&quot;city&quot;:&quot;&quot;,&quot;state&quot;:&quot;&quot;,&quot;zip&quot;:&quot;&quot;}" latitude="37.7857828233879" longitude="-122.428151140162" needs_recoding="false"/></row>