<?xml version="1.0" encoding="UTF-8"?><row _id="12607777" _uuid="6D656B81-1081-44E7-B13C-13D7DCB3589E" _position="12607777" _address="http://data.sfgov.org/resource/ritf-b9ki/12607777"><incidntnum>150604635</incidntnum><category>LARCENY/THEFT</category><descript>PETTY THEFT FROM A BUILDING</descript><dayofweek>Saturday</dayofweek><date>2015-07-11T00:00:00</date><time>14:50</time><pddistrict>CENTRAL</pddistrict><resolution>NONE</resolution><address>400 Block of THE EMBARCADERONORTH ST</address><x>-122.396374439116</x><y>37.7980532528058</y><location human_address="{&quot;address&quot;:&quot;&quot;,&quot;city&quot;:&quot;&quot;,&quot;state&quot;:&quot;&quot;,&quot;zip&quot;:&quot;&quot;}" latitude="37.7980532528058" longitude="-122.396374439116" needs_recoding="false"/></row>