<?xml version="1.0" encoding="UTF-8"?><row _id="12615956" _uuid="06B4F26A-E65C-41D1-9A50-071CDC9D12F5" _position="12615956" _address="http://data.sfgov.org/resource/ritf-b9ki/12615956"><incidntnum>150616185</incidntnum><category>NON-CRIMINAL</category><descript>COURTESY REPORT</descript><dayofweek>Wednesday</dayofweek><date>2015-07-15T00:00:00</date><time>14:54</time><pddistrict>CENTRAL</pddistrict><resolution>UNFOUNDED</resolution><address>2500 Block of TAYLOR ST</address><x>-122.415270023651</x><y>37.8058980113661</y><location human_address="{&quot;address&quot;:&quot;&quot;,&quot;city&quot;:&quot;&quot;,&quot;state&quot;:&quot;&quot;,&quot;zip&quot;:&quot;&quot;}" latitude="37.8058980113661" longitude="-122.415270023651" needs_recoding="false"/></row>