<?xml version="1.0" encoding="UTF-8"?><row _id="12609501" _uuid="A2CB6A6E-95DD-4BE1-AE15-4BE34900593F" _position="12609501" _address="http://data.sfgov.org/resource/ritf-b9ki/12609501"><incidntnum>156176749</incidntnum><category>LARCENY/THEFT</category><descript>GRAND THEFT FROM LOCKED AUTO</descript><dayofweek>Wednesday</dayofweek><date>2015-07-15T00:00:00</date><time>21:00</time><pddistrict>PARK</pddistrict><resolution>NONE</resolution><address>100 Block of SATURN ST</address><x>-122.443827145954</x><y>37.7626009840851</y><location human_address="{&quot;address&quot;:&quot;&quot;,&quot;city&quot;:&quot;&quot;,&quot;state&quot;:&quot;&quot;,&quot;zip&quot;:&quot;&quot;}" latitude="37.7626009840851" longitude="-122.443827145954" needs_recoding="false"/></row>