<?xml version="1.0" encoding="UTF-8"?><row _id="12607882" _uuid="1128C386-19AA-4556-ADEA-D1D102327B6B" _position="12607882" _address="http://data.sfgov.org/resource/ritf-b9ki/12607882"><incidntnum>156171222</incidntnum><category>LARCENY/THEFT</category><descript>PETTY THEFT OF PROPERTY</descript><dayofweek>Saturday</dayofweek><date>2015-07-11T00:00:00</date><time>14:00</time><pddistrict>TARAVAL</pddistrict><resolution>NONE</resolution><address>600 Block of JOHNMUIR DR</address><x>-122.49206801734</x><y>37.7143615498756</y><location human_address="{&quot;address&quot;:&quot;&quot;,&quot;city&quot;:&quot;&quot;,&quot;state&quot;:&quot;&quot;,&quot;zip&quot;:&quot;&quot;}" latitude="37.7143615498756" longitude="-122.49206801734" needs_recoding="false"/></row>