<?xml version="1.0" encoding="UTF-8"?><row _id="12614737" _uuid="5E92D2A7-EBFC-49E3-984B-AE7DC6F156CF" _position="12614737" _address="http://data.sfgov.org/resource/ritf-b9ki/12614737"><incidntnum>150653262</incidntnum><category>ROBBERY</category><descript>ROBBERY, ARMED WITH A GUN</descript><dayofweek>Monday</dayofweek><date>2015-07-27T00:00:00</date><time>13:50</time><pddistrict>SOUTHERN</pddistrict><resolution>NONE</resolution><address>600 Block of 8TH ST</address><x>-122.404587336887</x><y>37.7707065329437</y><location human_address="{&quot;address&quot;:&quot;&quot;,&quot;city&quot;:&quot;&quot;,&quot;state&quot;:&quot;&quot;,&quot;zip&quot;:&quot;&quot;}" latitude="37.7707065329437" longitude="-122.404587336887" needs_recoding="false"/></row>