<?xml version="1.0" encoding="UTF-8"?><row _id="12607986" _uuid="00D90E51-409B-47B8-8D32-439AB044F9B4" _position="12607986" _address="http://data.sfgov.org/resource/ritf-b9ki/12607986"><incidntnum>150606330</incidntnum><category>WARRANTS</category><descript>WARRANT ARREST</descript><dayofweek>Sunday</dayofweek><date>2015-07-12T00:00:00</date><time>08:36</time><pddistrict>MISSION</pddistrict><resolution>ARREST, BOOKED</resolution><address>24TH ST / FLORIDA ST</address><x>-122.410067981387</x><y>37.752737880572</y><location human_address="{&quot;address&quot;:&quot;&quot;,&quot;city&quot;:&quot;&quot;,&quot;state&quot;:&quot;&quot;,&quot;zip&quot;:&quot;&quot;}" latitude="37.752737880572" longitude="-122.410067981387" needs_recoding="false"/></row>