<?xml version="1.0" encoding="UTF-8"?><row _id="12616667" _uuid="1466A79C-E5E4-42AD-9302-BBA1B8EB62A8" _position="12616667" _address="http://data.sfgov.org/resource/ritf-b9ki/12616667"><incidntnum>156190131</incidntnum><category>VANDALISM</category><descript>MALICIOUS MISCHIEF, VANDALISM OF VEHICLES</descript><dayofweek>Saturday</dayofweek><date>2015-08-01T00:00:00</date><time>21:15</time><pddistrict>CENTRAL</pddistrict><resolution>NONE</resolution><address>THE EMBARCADERONORTH ST / WASHINGTON ST</address><x>-122.395329662983</x><y>37.7966652983014</y><location human_address="{&quot;address&quot;:&quot;&quot;,&quot;city&quot;:&quot;&quot;,&quot;state&quot;:&quot;&quot;,&quot;zip&quot;:&quot;&quot;}" latitude="37.7966652983014" longitude="-122.395329662983" needs_recoding="false"/></row>