<?xml version="1.0" encoding="UTF-8"?><row _id="12608429" _uuid="7156C869-6963-404C-B25F-195DCDDAA348" _position="12608429" _address="http://data.sfgov.org/resource/ritf-b9ki/12608429"><incidntnum>150609635</incidntnum><category>ROBBERY</category><descript>ROBBERY ON THE STREET, STRONGARM</descript><dayofweek>Monday</dayofweek><date>2015-07-13T00:00:00</date><time>12:20</time><pddistrict>INGLESIDE</pddistrict><resolution>NONE</resolution><address>MISSION ST / GENEVA AV</address><x>-122.441018108888</x><y>37.7164586830811</y><location human_address="{&quot;address&quot;:&quot;&quot;,&quot;city&quot;:&quot;&quot;,&quot;state&quot;:&quot;&quot;,&quot;zip&quot;:&quot;&quot;}" latitude="37.7164586830811" longitude="-122.441018108888" needs_recoding="false"/></row>