<?xml version="1.0" encoding="UTF-8"?><row _id="12609030" _uuid="7BDA8D9A-F53D-448C-882F-25F9793654D1" _position="12609030" _address="http://data.sfgov.org/resource/ritf-b9ki/12609030"><incidntnum>150613573</incidntnum><category>WARRANTS</category><descript>WARRANT ARREST</descript><dayofweek>Tuesday</dayofweek><date>2015-07-14T00:00:00</date><time>15:00</time><pddistrict>TENDERLOIN</pddistrict><resolution>ARREST, BOOKED</resolution><address>100 Block of POWELL ST</address><x>-122.40801449292</x><y>37.7859507767613</y><location human_address="{&quot;address&quot;:&quot;&quot;,&quot;city&quot;:&quot;&quot;,&quot;state&quot;:&quot;&quot;,&quot;zip&quot;:&quot;&quot;}" latitude="37.7859507767613" longitude="-122.40801449292" needs_recoding="false"/></row>