<?xml version="1.0" encoding="UTF-8"?><row _id="12607849" _uuid="A97548D4-8E8A-44AD-9191-AF956167858B" _position="12607849" _address="http://data.sfgov.org/resource/ritf-b9ki/12607849"><incidntnum>150606158</incidntnum><category>VEHICLE THEFT</category><descript>STOLEN TRUCK</descript><dayofweek>Saturday</dayofweek><date>2015-07-11T00:00:00</date><time>21:00</time><pddistrict>INGLESIDE</pddistrict><resolution>NONE</resolution><address>5000 Block of MISSION ST</address><x>-122.440388229194</x><y>37.7174580136719</y><location human_address="{&quot;address&quot;:&quot;&quot;,&quot;city&quot;:&quot;&quot;,&quot;state&quot;:&quot;&quot;,&quot;zip&quot;:&quot;&quot;}" latitude="37.7174580136719" longitude="-122.440388229194" needs_recoding="false"/></row>