<?xml version="1.0" encoding="UTF-8"?><row _id="12609756" _uuid="549AD33A-D5B4-4EE4-8FD8-AB9B2C490A41" _position="12609756" _address="http://data.sfgov.org/resource/ritf-b9ki/12609756"><incidntnum>150619800</incidntnum><category>LARCENY/THEFT</category><descript>GRAND THEFT FROM PERSON</descript><dayofweek>Thursday</dayofweek><date>2015-07-16T00:00:00</date><time>18:05</time><pddistrict>SOUTHERN</pddistrict><resolution>JUVENILE BOOKED</resolution><address>800 Block of MISSION ST</address><x>-122.406226587357</x><y>37.7828537935674</y><location human_address="{&quot;address&quot;:&quot;&quot;,&quot;city&quot;:&quot;&quot;,&quot;state&quot;:&quot;&quot;,&quot;zip&quot;:&quot;&quot;}" latitude="37.7828537935674" longitude="-122.406226587357" needs_recoding="false"/></row>