<?xml version="1.0" encoding="UTF-8"?><row _id="12607359" _uuid="D25755CA-F1B8-43CA-A289-E33EC8484D8F" _position="12607359" _address="http://data.sfgov.org/resource/ritf-b9ki/12607359"><incidntnum>150607576</incidntnum><category>BURGLARY</category><descript>BURGLARY, UNLAWFUL ENTRY</descript><dayofweek>Friday</dayofweek><date>2015-07-10T00:00:00</date><time>16:00</time><pddistrict>NORTHERN</pddistrict><resolution>NONE</resolution><address>2200 Block of VALLEJO ST</address><x>-122.434295982513</x><y>37.7952742679667</y><location human_address="{&quot;address&quot;:&quot;&quot;,&quot;city&quot;:&quot;&quot;,&quot;state&quot;:&quot;&quot;,&quot;zip&quot;:&quot;&quot;}" latitude="37.7952742679667" longitude="-122.434295982513" needs_recoding="false"/></row>