<?xml version="1.0" encoding="UTF-8"?><row _id="12607075" _uuid="5F2C48E9-0AB8-4E9B-B1B3-054C87CDEB61" _position="12607075" _address="http://data.sfgov.org/resource/ritf-b9ki/12607075"><incidntnum>150601954</incidntnum><category>OTHER OFFENSES</category><descript>DRIVERS LICENSE, SUSPENDED OR REVOKED</descript><dayofweek>Friday</dayofweek><date>2015-07-10T00:00:00</date><time>19:00</time><pddistrict>RICHMOND</pddistrict><resolution>ARREST, BOOKED</resolution><address>POST ST / BRODERICK ST</address><x>-122.44134980013</x><y>37.7841048734205</y><location human_address="{&quot;address&quot;:&quot;&quot;,&quot;city&quot;:&quot;&quot;,&quot;state&quot;:&quot;&quot;,&quot;zip&quot;:&quot;&quot;}" latitude="37.7841048734205" longitude="-122.44134980013" needs_recoding="false"/></row>