<?xml version="1.0" encoding="UTF-8"?><row _id="12616876" _uuid="C392F4E2-5A89-4AE8-AFD9-98FAEFEA68FF" _position="12616876" _address="http://data.sfgov.org/resource/ritf-b9ki/12616876"><incidntnum>150617854</incidntnum><category>LARCENY/THEFT</category><descript>GRAND THEFT FROM LOCKED AUTO</descript><dayofweek>Wednesday</dayofweek><date>2015-07-15T00:00:00</date><time>20:30</time><pddistrict>TARAVAL</pddistrict><resolution>NONE</resolution><address>100 Block of TARAVAL ST</address><x>-122.466479369259</x><y>37.7434657101099</y><location human_address="{&quot;address&quot;:&quot;&quot;,&quot;city&quot;:&quot;&quot;,&quot;state&quot;:&quot;&quot;,&quot;zip&quot;:&quot;&quot;}" latitude="37.7434657101099" longitude="-122.466479369259" needs_recoding="false"/></row>