<?xml version="1.0" encoding="UTF-8"?><row _id="12623851" _uuid="DB8943B1-AA1C-4481-B6FF-073C7E60F76A" _position="12623851" _address="http://data.sfgov.org/resource/ritf-b9ki/12623851"><incidntnum>150730547</incidntnum><category>SUSPICIOUS OCC</category><descript>SUSPICIOUS OCCURRENCE</descript><dayofweek>Friday</dayofweek><date>2015-07-17T00:00:00</date><time>00:01</time><pddistrict>BAYVIEW</pddistrict><resolution>NONE</resolution><address>300 Block of MISSOURI ST</address><x>-122.396395822907</x><y>37.7619318873115</y><location human_address="{&quot;address&quot;:&quot;&quot;,&quot;city&quot;:&quot;&quot;,&quot;state&quot;:&quot;&quot;,&quot;zip&quot;:&quot;&quot;}" latitude="37.7619318873115" longitude="-122.396395822907" needs_recoding="false"/></row>