<?xml version="1.0" encoding="UTF-8"?><row _id="12612122" _uuid="CF56F997-28C1-48F9-A8CB-1980509326CF" _position="12612122" _address="http://data.sfgov.org/resource/ritf-b9ki/12612122"><incidntnum>150636810</incidntnum><category>VEHICLE THEFT</category><descript>STOLEN TRUCK</descript><dayofweek>Tuesday</dayofweek><date>2015-07-21T00:00:00</date><time>07:30</time><pddistrict>BAYVIEW</pddistrict><resolution>NONE</resolution><address>1800 Block of OAKDALE AV</address><x>-122.39549175468</x><y>37.7375934716513</y><location human_address="{&quot;address&quot;:&quot;&quot;,&quot;city&quot;:&quot;&quot;,&quot;state&quot;:&quot;&quot;,&quot;zip&quot;:&quot;&quot;}" latitude="37.7375934716513" longitude="-122.39549175468" needs_recoding="false"/></row>