<?xml version="1.0" encoding="UTF-8"?><row _id="12612651" _uuid="63807950-1AAC-4839-A43B-B13B5D916738" _position="12612651" _address="http://data.sfgov.org/resource/ritf-b9ki/12612651"><incidntnum>150642033</incidntnum><category>WARRANTS</category><descript>ENROUTE TO OUTSIDE JURISDICTION</descript><dayofweek>Thursday</dayofweek><date>2015-07-23T00:00:00</date><time>21:59</time><pddistrict>MISSION</pddistrict><resolution>NONE</resolution><address>SHOTWELL ST / 18TH ST</address><x>-122.416078423909</x><y>37.7620347866519</y><location human_address="{&quot;address&quot;:&quot;&quot;,&quot;city&quot;:&quot;&quot;,&quot;state&quot;:&quot;&quot;,&quot;zip&quot;:&quot;&quot;}" latitude="37.7620347866519" longitude="-122.416078423909" needs_recoding="false"/></row>