<?xml version="1.0" encoding="UTF-8"?><row _id="12607763" _uuid="8A06555F-7433-44E2-8623-C912E2A886E6" _position="12607763" _address="http://data.sfgov.org/resource/ritf-b9ki/12607763"><incidntnum>150603386</incidntnum><category>NON-CRIMINAL</category><descript>AIDED CASE, MENTAL DISTURBED</descript><dayofweek>Saturday</dayofweek><date>2015-07-11T00:00:00</date><time>08:00</time><pddistrict>TENDERLOIN</pddistrict><resolution>NONE</resolution><address>500 Block of EDDY ST</address><x>-122.416710733848</x><y>37.7833570390935</y><location human_address="{&quot;address&quot;:&quot;&quot;,&quot;city&quot;:&quot;&quot;,&quot;state&quot;:&quot;&quot;,&quot;zip&quot;:&quot;&quot;}" latitude="37.7833570390935" longitude="-122.416710733848" needs_recoding="false"/></row>