<?xml version="1.0" encoding="UTF-8"?><row _id="12606794" _uuid="C31C5413-4CBB-4CEB-8088-8D19F12EA401" _position="12606794" _address="http://data.sfgov.org/resource/ritf-b9ki/12606794"><incidntnum>150599036</incidntnum><category>WARRANTS</category><descript>WARRANT ARREST</descript><dayofweek>Thursday</dayofweek><date>2015-07-09T00:00:00</date><time>22:15</time><pddistrict>TENDERLOIN</pddistrict><resolution>ARREST, BOOKED</resolution><address>100 Block of HYDE ST</address><x>-122.415669661443</x><y>37.7821198488931</y><location human_address="{&quot;address&quot;:&quot;&quot;,&quot;city&quot;:&quot;&quot;,&quot;state&quot;:&quot;&quot;,&quot;zip&quot;:&quot;&quot;}" latitude="37.7821198488931" longitude="-122.415669661443" needs_recoding="false"/></row>