<?xml version="1.0" encoding="UTF-8"?><row _id="12614727" _uuid="BBF5A143-818C-4EE7-BD30-157850ECC4B8" _position="12614727" _address="http://data.sfgov.org/resource/ritf-b9ki/12614727"><incidntnum>150655111</incidntnum><category>NON-CRIMINAL</category><descript>LOST PROPERTY</descript><dayofweek>Monday</dayofweek><date>2015-07-27T00:00:00</date><time>08:00</time><pddistrict>MISSION</pddistrict><resolution>NONE</resolution><address>0 Block of DOLORES ST</address><x>-122.426904863087</x><y>37.7684403182059</y><location human_address="{&quot;address&quot;:&quot;&quot;,&quot;city&quot;:&quot;&quot;,&quot;state&quot;:&quot;&quot;,&quot;zip&quot;:&quot;&quot;}" latitude="37.7684403182059" longitude="-122.426904863087" needs_recoding="false"/></row>