<?xml version="1.0" encoding="UTF-8"?><row _id="12624274" _uuid="B3AC18A1-6306-4549-9FB1-2DF70165A2D4" _position="12624274" _address="http://data.sfgov.org/resource/ritf-b9ki/12624274"><incidntnum>156173165</incidntnum><category>LARCENY/THEFT</category><descript>GRAND THEFT FROM LOCKED AUTO</descript><dayofweek>Friday</dayofweek><date>2015-07-10T00:00:00</date><time>14:45</time><pddistrict>BAYVIEW</pddistrict><resolution>NONE</resolution><address>800 Block of ILLINOIS ST</address><x>-122.387697223638</x><y>37.7611719792041</y><location human_address="{&quot;address&quot;:&quot;&quot;,&quot;city&quot;:&quot;&quot;,&quot;state&quot;:&quot;&quot;,&quot;zip&quot;:&quot;&quot;}" latitude="37.7611719792041" longitude="-122.387697223638" needs_recoding="false"/></row>