<?xml version="1.0" encoding="UTF-8"?><row _id="12611231" _uuid="9C1E98C5-1DC6-416B-AFCE-3EDE44FF310B" _position="12611231" _address="http://data.sfgov.org/resource/ritf-b9ki/12611231"><incidntnum>156176454</incidntnum><category>LARCENY/THEFT</category><descript>PETTY THEFT OF PROPERTY</descript><dayofweek>Sunday</dayofweek><date>2015-07-19T00:00:00</date><time>00:01</time><pddistrict>SOUTHERN</pddistrict><resolution>NONE</resolution><address>300 Block of 11TH ST</address><x>-122.413189430011</x><y>37.7712736913576</y><location human_address="{&quot;address&quot;:&quot;&quot;,&quot;city&quot;:&quot;&quot;,&quot;state&quot;:&quot;&quot;,&quot;zip&quot;:&quot;&quot;}" latitude="37.7712736913576" longitude="-122.413189430011" needs_recoding="false"/></row>