<?xml version="1.0" encoding="UTF-8"?><row _id="12608862" _uuid="23045A31-3D38-4650-BEAA-6D98691DF74F" _position="12608862" _address="http://data.sfgov.org/resource/ritf-b9ki/12608862"><incidntnum>150608831</incidntnum><category>STOLEN PROPERTY</category><descript>STOLEN PROPERTY, POSSESSION WITH KNOWLEDGE, RECEIVING</descript><dayofweek>Monday</dayofweek><date>2015-07-13T00:00:00</date><time>04:45</time><pddistrict>NORTHERN</pddistrict><resolution>ARREST, BOOKED</resolution><address>200 Block of MALLORCA WY</address><x>-122.438348268541</x><y>37.8026786429115</y><location human_address="{&quot;address&quot;:&quot;&quot;,&quot;city&quot;:&quot;&quot;,&quot;state&quot;:&quot;&quot;,&quot;zip&quot;:&quot;&quot;}" latitude="37.8026786429115" longitude="-122.438348268541" needs_recoding="false"/></row>