<?xml version="1.0" encoding="UTF-8"?><row _id="12608140" _uuid="4A9F23C9-3C64-42DE-9405-34E5F4DB79B5" _position="12608140" _address="http://data.sfgov.org/resource/ritf-b9ki/12608140"><incidntnum>150607714</incidntnum><category>LARCENY/THEFT</category><descript>PETTY THEFT FROM LOCKED AUTO</descript><dayofweek>Sunday</dayofweek><date>2015-07-12T00:00:00</date><time>09:15</time><pddistrict>CENTRAL</pddistrict><resolution>NONE</resolution><address>2200 Block of STOCKTON ST</address><x>-122.410337613576</x><y>37.8065128768551</y><location human_address="{&quot;address&quot;:&quot;&quot;,&quot;city&quot;:&quot;&quot;,&quot;state&quot;:&quot;&quot;,&quot;zip&quot;:&quot;&quot;}" latitude="37.8065128768551" longitude="-122.410337613576" needs_recoding="false"/></row>