<?xml version="1.0" encoding="UTF-8"?><row _id="12607504" _uuid="5E718608-D063-491D-B6C9-9E44CFA4D73E" _position="12607504" _address="http://data.sfgov.org/resource/ritf-b9ki/12607504"><incidntnum>150604118</incidntnum><category>OTHER OFFENSES</category><descript>DRIVERS LICENSE, SUSPENDED OR REVOKED</descript><dayofweek>Saturday</dayofweek><date>2015-07-11T00:00:00</date><time>14:51</time><pddistrict>CENTRAL</pddistrict><resolution>ARREST, BOOKED</resolution><address>JONES ST / CHESTNUT ST</address><x>-122.416514507406</x><y>37.8033467206612</y><location human_address="{&quot;address&quot;:&quot;&quot;,&quot;city&quot;:&quot;&quot;,&quot;state&quot;:&quot;&quot;,&quot;zip&quot;:&quot;&quot;}" latitude="37.8033467206612" longitude="-122.416514507406" needs_recoding="false"/></row>