<?xml version="1.0" encoding="UTF-8"?><row _id="12610197" _uuid="65B0FECC-E3B2-43CB-B55F-CF83D4D596D7" _position="12610197" _address="http://data.sfgov.org/resource/ritf-b9ki/12610197"><incidntnum>150626043</incidntnum><category>NON-CRIMINAL</category><descript>LOST PROPERTY</descript><dayofweek>Friday</dayofweek><date>2015-07-17T00:00:00</date><time>20:00</time><pddistrict>NORTHERN</pddistrict><resolution>NONE</resolution><address>2100 Block of FILLMORE ST</address><x>-122.4338668246</x><y>37.7893892227178</y><location human_address="{&quot;address&quot;:&quot;&quot;,&quot;city&quot;:&quot;&quot;,&quot;state&quot;:&quot;&quot;,&quot;zip&quot;:&quot;&quot;}" latitude="37.7893892227178" longitude="-122.4338668246" needs_recoding="false"/></row>