<?xml version="1.0" encoding="UTF-8"?><row _id="12607696" _uuid="B3E03F6E-F3B8-4653-A45F-1DE8F8F7198A" _position="12607696" _address="http://data.sfgov.org/resource/ritf-b9ki/12607696"><incidntnum>150605586</incidntnum><category>ROBBERY</category><descript>ROBBERY ON THE STREET, STRONGARM</descript><dayofweek>Saturday</dayofweek><date>2015-07-11T00:00:00</date><time>23:25</time><pddistrict>SOUTHERN</pddistrict><resolution>NONE</resolution><address>900 Block of MARKET ST</address><x>-122.408595110869</x><y>37.7837069301545</y><location human_address="{&quot;address&quot;:&quot;&quot;,&quot;city&quot;:&quot;&quot;,&quot;state&quot;:&quot;&quot;,&quot;zip&quot;:&quot;&quot;}" latitude="37.7837069301545" longitude="-122.408595110869" needs_recoding="false"/></row>