<?xml version="1.0" encoding="UTF-8"?><row _id="12609353" _uuid="7EDC692A-AB96-4DD7-B286-E232177CA73A" _position="12609353" _address="http://data.sfgov.org/resource/ritf-b9ki/12609353"><incidntnum>150616436</incidntnum><category>WARRANTS</category><descript>ENROUTE TO OUTSIDE JURISDICTION</descript><dayofweek>Wednesday</dayofweek><date>2015-07-15T00:00:00</date><time>16:30</time><pddistrict>TARAVAL</pddistrict><resolution>ARREST, BOOKED</resolution><address>1200 Block of IRVING ST</address><x>-122.47114555295</x><y>37.7638796121694</y><location human_address="{&quot;address&quot;:&quot;&quot;,&quot;city&quot;:&quot;&quot;,&quot;state&quot;:&quot;&quot;,&quot;zip&quot;:&quot;&quot;}" latitude="37.7638796121694" longitude="-122.47114555295" needs_recoding="false"/></row>