<?xml version="1.0" encoding="UTF-8"?><row _id="12610281" _uuid="0ADB6A6A-0451-4B8F-860A-79CD8EF1E0B7" _position="12610281" _address="http://data.sfgov.org/resource/ritf-b9ki/12610281"><incidntnum>150621112</incidntnum><category>BURGLARY</category><descript>BURGLARY OF RESIDENCE, ATTEMPTED FORCIBLE ENTRY</descript><dayofweek>Friday</dayofweek><date>2015-07-17T00:00:00</date><time>05:17</time><pddistrict>INGLESIDE</pddistrict><resolution>NONE</resolution><address>100 Block of DAY ST</address><x>-122.425478904997</x><y>37.7430195055146</y><location human_address="{&quot;address&quot;:&quot;&quot;,&quot;city&quot;:&quot;&quot;,&quot;state&quot;:&quot;&quot;,&quot;zip&quot;:&quot;&quot;}" latitude="37.7430195055146" longitude="-122.425478904997" needs_recoding="false"/></row>