<?xml version="1.0" encoding="UTF-8"?><row _id="12618279" _uuid="A03BDD37-45C0-4D17-96BC-AC5F08F7E5C5" _position="12618279" _address="http://data.sfgov.org/resource/ritf-b9ki/12618279"><incidntnum>150677171</incidntnum><category>NON-CRIMINAL</category><descript>CIVIL SIDEWALKS, CITATION</descript><dayofweek>Tuesday</dayofweek><date>2015-08-04T00:00:00</date><time>12:00</time><pddistrict>MISSION</pddistrict><resolution>NONE</resolution><address>NOE ST / 18TH ST</address><x>-122.432795347224</x><y>37.7610201697083</y><location human_address="{&quot;address&quot;:&quot;&quot;,&quot;city&quot;:&quot;&quot;,&quot;state&quot;:&quot;&quot;,&quot;zip&quot;:&quot;&quot;}" latitude="37.7610201697083" longitude="-122.432795347224" needs_recoding="false"/></row>