<?xml version="1.0" encoding="UTF-8"?><row _id="12611327" _uuid="55FD5C00-89FD-490F-AA46-5FA0B4AA2E49" _position="12611327" _address="http://data.sfgov.org/resource/ritf-b9ki/12611327"><incidntnum>150634949</incidntnum><category>LARCENY/THEFT</category><descript>GRAND THEFT FROM A BUILDING</descript><dayofweek>Sunday</dayofweek><date>2015-07-19T00:00:00</date><time>20:00</time><pddistrict>RICHMOND</pddistrict><resolution>NONE</resolution><address>700 Block of LA PLAYA ST</address><x>-122.510170706093</x><y>37.7741725064496</y><location human_address="{&quot;address&quot;:&quot;&quot;,&quot;city&quot;:&quot;&quot;,&quot;state&quot;:&quot;&quot;,&quot;zip&quot;:&quot;&quot;}" latitude="37.7741725064496" longitude="-122.510170706093" needs_recoding="false"/></row>