<?xml version="1.0" encoding="UTF-8"?><row _id="12607598" _uuid="8EE9DD79-AB7E-4CE7-BF82-322D7EFD715C" _position="12607598" _address="http://data.sfgov.org/resource/ritf-b9ki/12607598"><incidntnum>150601960</incidntnum><category>LARCENY/THEFT</category><descript>GRAND THEFT FROM PERSON</descript><dayofweek>Friday</dayofweek><date>2015-07-10T00:00:00</date><time>16:00</time><pddistrict>BAYVIEW</pddistrict><resolution>NONE</resolution><address>FAIRFAX AV / KEITH ST</address><x>-122.381560759234</x><y>37.7381241839028</y><location human_address="{&quot;address&quot;:&quot;&quot;,&quot;city&quot;:&quot;&quot;,&quot;state&quot;:&quot;&quot;,&quot;zip&quot;:&quot;&quot;}" latitude="37.7381241839028" longitude="-122.381560759234" needs_recoding="false"/></row>