<?xml version="1.0" encoding="UTF-8"?><row _id="12608646" _uuid="87EC8B8C-CB89-45BC-80A1-6A6224BD6A28" _position="12608646" _address="http://data.sfgov.org/resource/ritf-b9ki/12608646"><incidntnum>150609403</incidntnum><category>SUSPICIOUS OCC</category><descript>SUSPICIOUS OCCURRENCE</descript><dayofweek>Monday</dayofweek><date>2015-07-13T00:00:00</date><time>11:11</time><pddistrict>SOUTHERN</pddistrict><resolution>NONE</resolution><address>800 Block of MISSION ST</address><x>-122.404636264759</x><y>37.7842645474624</y><location human_address="{&quot;address&quot;:&quot;&quot;,&quot;city&quot;:&quot;&quot;,&quot;state&quot;:&quot;&quot;,&quot;zip&quot;:&quot;&quot;}" latitude="37.7842645474624" longitude="-122.404636264759" needs_recoding="false"/></row>