<?xml version="1.0" encoding="UTF-8"?><row _id="12614518" _uuid="45707359-847D-4D43-860B-C8C083AB8A51" _position="12614518" _address="http://data.sfgov.org/resource/ritf-b9ki/12614518"><incidntnum>150649415</incidntnum><category>STOLEN PROPERTY</category><descript>STOLEN PROPERTY, POSSESSION WITH KNOWLEDGE, RECEIVING</descript><dayofweek>Sunday</dayofweek><date>2015-07-26T00:00:00</date><time>06:43</time><pddistrict>NORTHERN</pddistrict><resolution>ARREST, BOOKED</resolution><address>800 Block of EDDY ST</address><x>-122.421667086071</x><y>37.7828419848131</y><location human_address="{&quot;address&quot;:&quot;&quot;,&quot;city&quot;:&quot;&quot;,&quot;state&quot;:&quot;&quot;,&quot;zip&quot;:&quot;&quot;}" latitude="37.7828419848131" longitude="-122.421667086071" needs_recoding="false"/></row>