<?xml version="1.0" encoding="UTF-8"?><row _id="12609486" _uuid="E78592A0-6B55-44CE-A2CC-C2C4BC1B6EB0" _position="12609486" _address="http://data.sfgov.org/resource/ritf-b9ki/12609486"><incidntnum>156178698</incidntnum><category>LARCENY/THEFT</category><descript>PETTY THEFT OF PROPERTY</descript><dayofweek>Wednesday</dayofweek><date>2015-07-15T00:00:00</date><time>19:00</time><pddistrict>TARAVAL</pddistrict><resolution>NONE</resolution><address>2900 Block of SLOAT BL</address><x>-122.505680330733</x><y>37.7356251943619</y><location human_address="{&quot;address&quot;:&quot;&quot;,&quot;city&quot;:&quot;&quot;,&quot;state&quot;:&quot;&quot;,&quot;zip&quot;:&quot;&quot;}" latitude="37.7356251943619" longitude="-122.505680330733" needs_recoding="false"/></row>