<?xml version="1.0" encoding="UTF-8"?><row _id="12617006" _uuid="288E931C-E732-49DE-A94B-56C751448F04" _position="12617006" _address="http://data.sfgov.org/resource/ritf-b9ki/12617006"><incidntnum>150695214</incidntnum><category>OTHER OFFENSES</category><descript>FALSE PERSONATION TO RECEIVE MONEY OR PROPERTY</descript><dayofweek>Sunday</dayofweek><date>2015-07-26T00:00:00</date><time>12:00</time><pddistrict>NORTHERN</pddistrict><resolution>NONE</resolution><address>1500 Block of UNION ST</address><x>-122.424830541279</x><y>37.7985002276043</y><location human_address="{&quot;address&quot;:&quot;&quot;,&quot;city&quot;:&quot;&quot;,&quot;state&quot;:&quot;&quot;,&quot;zip&quot;:&quot;&quot;}" latitude="37.7985002276043" longitude="-122.424830541279" needs_recoding="false"/></row>