<?xml version="1.0" encoding="UTF-8"?><row _id="12607703" _uuid="AA6087C2-6050-42BD-A12B-96B19E32D46D" _position="12607703" _address="http://data.sfgov.org/resource/ritf-b9ki/12607703"><incidntnum>150602645</incidntnum><category>ASSAULT</category><descript>BATTERY</descript><dayofweek>Saturday</dayofweek><date>2015-07-11T00:00:00</date><time>01:40</time><pddistrict>INGLESIDE</pddistrict><resolution>NONE</resolution><address>200 Block of FOOTE AV</address><x>-122.447734125329</x><y>37.7149438536609</y><location human_address="{&quot;address&quot;:&quot;&quot;,&quot;city&quot;:&quot;&quot;,&quot;state&quot;:&quot;&quot;,&quot;zip&quot;:&quot;&quot;}" latitude="37.7149438536609" longitude="-122.447734125329" needs_recoding="false"/></row>