<?xml version="1.0" encoding="UTF-8"?><row _id="12608450" _uuid="490C1A0D-E1EB-47F8-9F3C-C63FBEF35FFA" _position="12608450" _address="http://data.sfgov.org/resource/ritf-b9ki/12608450"><incidntnum>156172098</incidntnum><category>LARCENY/THEFT</category><descript>GRAND THEFT FROM LOCKED AUTO</descript><dayofweek>Monday</dayofweek><date>2015-07-13T00:00:00</date><time>18:17</time><pddistrict>SOUTHERN</pddistrict><resolution>NONE</resolution><address>5TH ST / SHIPLEY ST</address><x>-122.402842748428</x><y>37.7798294192767</y><location human_address="{&quot;address&quot;:&quot;&quot;,&quot;city&quot;:&quot;&quot;,&quot;state&quot;:&quot;&quot;,&quot;zip&quot;:&quot;&quot;}" latitude="37.7798294192767" longitude="-122.402842748428" needs_recoding="false"/></row>