<?xml version="1.0" encoding="UTF-8"?><row _id="12609003" _uuid="9542A663-DF7F-4CEA-A175-F3730F6367D7" _position="12609003" _address="http://data.sfgov.org/resource/ritf-b9ki/12609003"><incidntnum>150613103</incidntnum><category>LARCENY/THEFT</category><descript>GRAND THEFT FROM LOCKED AUTO</descript><dayofweek>Tuesday</dayofweek><date>2015-07-14T00:00:00</date><time>09:30</time><pddistrict>CENTRAL</pddistrict><resolution>NONE</resolution><address>2200 Block of STOCKTON ST</address><x>-122.410337613576</x><y>37.8065128768551</y><location human_address="{&quot;address&quot;:&quot;&quot;,&quot;city&quot;:&quot;&quot;,&quot;state&quot;:&quot;&quot;,&quot;zip&quot;:&quot;&quot;}" latitude="37.8065128768551" longitude="-122.410337613576" needs_recoding="false"/></row>