<?xml version="1.0" encoding="UTF-8"?><row _id="12610904" _uuid="AC484CE4-9F48-4FA2-BA7A-4E1746B4877D" _position="12610904" _address="http://data.sfgov.org/resource/ritf-b9ki/12610904"><incidntnum>150627643</incidntnum><category>VANDALISM</category><descript>MALICIOUS MISCHIEF, VANDALISM OF VEHICLES</descript><dayofweek>Saturday</dayofweek><date>2015-07-18T00:00:00</date><time>20:20</time><pddistrict>INGLESIDE</pddistrict><resolution>NONE</resolution><address>0 Block of SANTAROSA AV</address><x>-122.434951059598</x><y>37.7262876072469</y><location human_address="{&quot;address&quot;:&quot;&quot;,&quot;city&quot;:&quot;&quot;,&quot;state&quot;:&quot;&quot;,&quot;zip&quot;:&quot;&quot;}" latitude="37.7262876072469" longitude="-122.434951059598" needs_recoding="false"/></row>