<?xml version="1.0" encoding="UTF-8"?><row _id="12613848" _uuid="C7FDF62A-82B4-4D8B-AB04-E4859BEA563F" _position="12613848" _address="http://data.sfgov.org/resource/ritf-b9ki/12613848"><incidntnum>150675426</incidntnum><category>FRAUD</category><descript>CREDIT CARD, THEFT BY USE OF</descript><dayofweek>Wednesday</dayofweek><date>2015-07-15T00:00:00</date><time>01:00</time><pddistrict>TARAVAL</pddistrict><resolution>NONE</resolution><address>0 Block of VICTORIA ST</address><x>-122.465333607547</x><y>37.7112630560551</y><location human_address="{&quot;address&quot;:&quot;&quot;,&quot;city&quot;:&quot;&quot;,&quot;state&quot;:&quot;&quot;,&quot;zip&quot;:&quot;&quot;}" latitude="37.7112630560551" longitude="-122.465333607547" needs_recoding="false"/></row>