<?xml version="1.0" encoding="UTF-8"?><row _id="12609664" _uuid="7957CDDE-76AE-4E95-A07D-2992C44E41F7" _position="12609664" _address="http://data.sfgov.org/resource/ritf-b9ki/12609664"><incidntnum>156179420</incidntnum><category>LARCENY/THEFT</category><descript>GRAND THEFT FROM LOCKED AUTO</descript><dayofweek>Thursday</dayofweek><date>2015-07-16T00:00:00</date><time>08:00</time><pddistrict>NORTHERN</pddistrict><resolution>NONE</resolution><address>FULTON ST / STEINER ST</address><x>-122.433220475299</x><y>37.7774892652621</y><location human_address="{&quot;address&quot;:&quot;&quot;,&quot;city&quot;:&quot;&quot;,&quot;state&quot;:&quot;&quot;,&quot;zip&quot;:&quot;&quot;}" latitude="37.7774892652621" longitude="-122.433220475299" needs_recoding="false"/></row>