<?xml version="1.0" encoding="UTF-8"?><row _id="12608390" _uuid="FF2BE2C6-A83E-4FD0-BA52-235AB20040AB" _position="12608390" _address="http://data.sfgov.org/resource/ritf-b9ki/12608390"><incidntnum>150611317</incidntnum><category>LARCENY/THEFT</category><descript>GRAND THEFT FROM LOCKED AUTO</descript><dayofweek>Monday</dayofweek><date>2015-07-13T00:00:00</date><time>20:10</time><pddistrict>CENTRAL</pddistrict><resolution>NONE</resolution><address>CHESTNUT ST / MONTGOMERY ST</address><x>-122.405178220847</x><y>37.80476375718</y><location human_address="{&quot;address&quot;:&quot;&quot;,&quot;city&quot;:&quot;&quot;,&quot;state&quot;:&quot;&quot;,&quot;zip&quot;:&quot;&quot;}" latitude="37.80476375718" longitude="-122.405178220847" needs_recoding="false"/></row>