<?xml version="1.0" encoding="UTF-8"?><row _id="12615120" _uuid="0D5BB1E6-6D69-41ED-AA6D-0DA6CC65E8EB" _position="12615120" _address="http://data.sfgov.org/resource/ritf-b9ki/12615120"><incidntnum>156189974</incidntnum><category>VANDALISM</category><descript>MALICIOUS MISCHIEF, VANDALISM</descript><dayofweek>Tuesday</dayofweek><date>2015-07-28T00:00:00</date><time>20:00</time><pddistrict>SOUTHERN</pddistrict><resolution>NONE</resolution><address>5TH ST / BLUXOME ST</address><x>-122.397970821343</x><y>37.7759414270577</y><location human_address="{&quot;address&quot;:&quot;&quot;,&quot;city&quot;:&quot;&quot;,&quot;state&quot;:&quot;&quot;,&quot;zip&quot;:&quot;&quot;}" latitude="37.7759414270577" longitude="-122.397970821343" needs_recoding="false"/></row>