<?xml version="1.0" encoding="UTF-8"?><row _id="12609608" _uuid="7758E375-7792-4C5B-904F-192D9198093C" _position="12609608" _address="http://data.sfgov.org/resource/ritf-b9ki/12609608"><incidntnum>150611624</incidntnum><category>NON-CRIMINAL</category><descript>AIDED CASE, MENTAL DISTURBED</descript><dayofweek>Monday</dayofweek><date>2015-07-13T00:00:00</date><time>23:58</time><pddistrict>SOUTHERN</pddistrict><resolution>NONE</resolution><address>11TH ST / MISSION ST</address><x>-122.417104895556</x><y>37.7743242867908</y><location human_address="{&quot;address&quot;:&quot;&quot;,&quot;city&quot;:&quot;&quot;,&quot;state&quot;:&quot;&quot;,&quot;zip&quot;:&quot;&quot;}" latitude="37.7743242867908" longitude="-122.417104895556" needs_recoding="false"/></row>