<?xml version="1.0" encoding="UTF-8"?><row _id="12608686" _uuid="07D5D8A1-687B-4AC5-9E02-10D2CA7C3211" _position="12608686" _address="http://data.sfgov.org/resource/ritf-b9ki/12608686"><incidntnum>150616351</incidntnum><category>BURGLARY</category><descript>BURGLARY,STORE UNDER CONSTRUCTION, UNLAWFUL ENTRY</descript><dayofweek>Monday</dayofweek><date>2015-07-13T00:00:00</date><time>22:30</time><pddistrict>NORTHERN</pddistrict><resolution>NONE</resolution><address>2000 Block of BROADWAY ST</address><x>-122.430838378403</x><y>37.7948418077407</y><location human_address="{&quot;address&quot;:&quot;&quot;,&quot;city&quot;:&quot;&quot;,&quot;state&quot;:&quot;&quot;,&quot;zip&quot;:&quot;&quot;}" latitude="37.7948418077407" longitude="-122.430838378403" needs_recoding="false"/></row>