<?xml version="1.0" encoding="UTF-8"?><row _id="12617476" _uuid="A760387F-0CC3-4967-855A-27C85BAAD863" _position="12617476" _address="http://data.sfgov.org/resource/ritf-b9ki/12617476"><incidntnum>150671634</incidntnum><category>ASSAULT</category><descript>FALSE IMPRISONMENT</descript><dayofweek>Sunday</dayofweek><date>2015-08-02T00:00:00</date><time>16:00</time><pddistrict>INGLESIDE</pddistrict><resolution>ARREST, BOOKED</resolution><address>0 Block of POPE ST</address><x>-122.441689238003</x><y>37.715003097392</y><location human_address="{&quot;address&quot;:&quot;&quot;,&quot;city&quot;:&quot;&quot;,&quot;state&quot;:&quot;&quot;,&quot;zip&quot;:&quot;&quot;}" latitude="37.715003097392" longitude="-122.441689238003" needs_recoding="false"/></row>