<?xml version="1.0" encoding="UTF-8"?><row _id="12606915" _uuid="F43A895B-0B32-4063-B9F9-7D2EB7BC4635" _position="12606915" _address="http://data.sfgov.org/resource/ritf-b9ki/12606915"><incidntnum>159003159</incidntnum><category>OTHER OFFENSES</category><descript>RESISTING ARREST</descript><dayofweek>Thursday</dayofweek><date>2015-07-09T00:00:00</date><time>09:31</time><pddistrict>TARAVAL</pddistrict><resolution>ARREST, BOOKED</resolution><address>3200 Block of 20TH AV</address><x>-122.475509213337</x><y>37.72852470686</y><location human_address="{&quot;address&quot;:&quot;&quot;,&quot;city&quot;:&quot;&quot;,&quot;state&quot;:&quot;&quot;,&quot;zip&quot;:&quot;&quot;}" latitude="37.72852470686" longitude="-122.475509213337" needs_recoding="false"/></row>