<?xml version="1.0" encoding="UTF-8"?><row _id="12608379" _uuid="2ED4D8CA-30C1-4B00-8243-C57E4954A432" _position="12608379" _address="http://data.sfgov.org/resource/ritf-b9ki/12608379"><incidntnum>150609760</incidntnum><category>WARRANTS</category><descript>WARRANT ARREST</descript><dayofweek>Monday</dayofweek><date>2015-07-13T00:00:00</date><time>07:30</time><pddistrict>BAYVIEW</pddistrict><resolution>ARREST, BOOKED</resolution><address>3RD ST / EVANS AV</address><x>-122.387927387609</x><y>37.7427030847405</y><location human_address="{&quot;address&quot;:&quot;&quot;,&quot;city&quot;:&quot;&quot;,&quot;state&quot;:&quot;&quot;,&quot;zip&quot;:&quot;&quot;}" latitude="37.7427030847405" longitude="-122.387927387609" needs_recoding="false"/></row>