<?xml version="1.0" encoding="UTF-8"?><row _id="12610155" _uuid="12BF43A8-5548-4EA3-83B6-5DB17BD7699D" _position="12610155" _address="http://data.sfgov.org/resource/ritf-b9ki/12610155"><incidntnum>150622706</incidntnum><category>DRUG/NARCOTIC</category><descript>POSSESSION OF MARIJUANA</descript><dayofweek>Friday</dayofweek><date>2015-07-17T00:00:00</date><time>16:01</time><pddistrict>TENDERLOIN</pddistrict><resolution>NONE</resolution><address>400 Block of ELLIS ST</address><x>-122.413609328985</x><y>37.784696907904</y><location human_address="{&quot;address&quot;:&quot;&quot;,&quot;city&quot;:&quot;&quot;,&quot;state&quot;:&quot;&quot;,&quot;zip&quot;:&quot;&quot;}" latitude="37.784696907904" longitude="-122.413609328985" needs_recoding="false"/></row>