<?xml version="1.0" encoding="UTF-8"?><row _id="12606710" _uuid="2F67BC72-0945-4201-975D-FCF4B1F7C372" _position="12606710" _address="http://data.sfgov.org/resource/ritf-b9ki/12606710"><incidntnum>150597610</incidntnum><category>DRUG/NARCOTIC</category><descript>POSSESSION OF METH-AMPHETAMINE</descript><dayofweek>Thursday</dayofweek><date>2015-07-09T00:00:00</date><time>14:42</time><pddistrict>RICHMOND</pddistrict><resolution>NONE</resolution><address>200 Block of MARTIN LUTHER KING JR DR</address><x>-122.462489351639</x><y>37.7669591731812</y><location human_address="{&quot;address&quot;:&quot;&quot;,&quot;city&quot;:&quot;&quot;,&quot;state&quot;:&quot;&quot;,&quot;zip&quot;:&quot;&quot;}" latitude="37.7669591731812" longitude="-122.462489351639" needs_recoding="false"/></row>