<?xml version="1.0" encoding="UTF-8"?><row _id="12624958" _uuid="6699C6CB-234F-4BB0-8C72-22C46C70BA2E" _position="12624958" _address="http://data.sfgov.org/resource/ritf-b9ki/12624958"><incidntnum>150694501</incidntnum><category>ASSAULT</category><descript>BATTERY, FORMER SPOUSE OR DATING RELATIONSHIP</descript><dayofweek>Sunday</dayofweek><date>2015-08-09T00:00:00</date><time>20:00</time><pddistrict>MISSION</pddistrict><resolution>ARREST, BOOKED</resolution><address>600 Block of ELIZABETH ST</address><x>-122.435296235018</x><y>37.7520797386707</y><location human_address="{&quot;address&quot;:&quot;&quot;,&quot;city&quot;:&quot;&quot;,&quot;state&quot;:&quot;&quot;,&quot;zip&quot;:&quot;&quot;}" latitude="37.7520797386707" longitude="-122.435296235018" needs_recoding="false"/></row>