<?xml version="1.0" encoding="UTF-8"?><row _id="12614712" _uuid="ADF9F526-C59A-4642-BB7E-5E9BD424744E" _position="12614712" _address="http://data.sfgov.org/resource/ritf-b9ki/12614712"><incidntnum>150654925</incidntnum><category>WARRANTS</category><descript>ENROUTE TO OUTSIDE JURISDICTION</descript><dayofweek>Monday</dayofweek><date>2015-07-27T00:00:00</date><time>22:50</time><pddistrict>MISSION</pddistrict><resolution>ARREST, BOOKED</resolution><address>2800 Block of MISSION ST</address><x>-122.418296094437</x><y>37.7514284856786</y><location human_address="{&quot;address&quot;:&quot;&quot;,&quot;city&quot;:&quot;&quot;,&quot;state&quot;:&quot;&quot;,&quot;zip&quot;:&quot;&quot;}" latitude="37.7514284856786" longitude="-122.418296094437" needs_recoding="false"/></row>