<?xml version="1.0" encoding="UTF-8"?><row _id="12608096" _uuid="88EE8DBC-5817-40C2-837C-F772B2CB7D7E" _position="12608096" _address="http://data.sfgov.org/resource/ritf-b9ki/12608096"><incidntnum>150606073</incidntnum><category>VANDALISM</category><descript>MALICIOUS MISCHIEF, VANDALISM</descript><dayofweek>Sunday</dayofweek><date>2015-07-12T00:00:00</date><time>03:35</time><pddistrict>CENTRAL</pddistrict><resolution>NONE</resolution><address>200 Block of STOCKTON ST</address><x>-122.406658711008</x><y>37.7882745285785</y><location human_address="{&quot;address&quot;:&quot;&quot;,&quot;city&quot;:&quot;&quot;,&quot;state&quot;:&quot;&quot;,&quot;zip&quot;:&quot;&quot;}" latitude="37.7882745285785" longitude="-122.406658711008" needs_recoding="false"/></row>