<?xml version="1.0" encoding="UTF-8"?><row _id="12612259" _uuid="8115AFA0-7FAF-4CEC-8E3E-92D19AEA062C" _position="12612259" _address="http://data.sfgov.org/resource/ritf-b9ki/12612259"><incidntnum>150637545</incidntnum><category>ASSAULT</category><descript>BATTERY OF A POLICE OFFICER</descript><dayofweek>Wednesday</dayofweek><date>2015-07-22T00:00:00</date><time>14:01</time><pddistrict>TENDERLOIN</pddistrict><resolution>ARREST, BOOKED</resolution><address>LEAVENWORTH ST / TURK ST</address><x>-122.414056291891</x><y>37.7827931071006</y><location human_address="{&quot;address&quot;:&quot;&quot;,&quot;city&quot;:&quot;&quot;,&quot;state&quot;:&quot;&quot;,&quot;zip&quot;:&quot;&quot;}" latitude="37.7827931071006" longitude="-122.414056291891" needs_recoding="false"/></row>