<?xml version="1.0" encoding="UTF-8"?><row _id="12612205" _uuid="B34DCC5D-AA46-4A20-84A2-D610AFF1AA1A" _position="12612205" _address="http://data.sfgov.org/resource/ritf-b9ki/12612205"><incidntnum>150633509</incidntnum><category>WARRANTS</category><descript>WARRANT ARREST</descript><dayofweek>Tuesday</dayofweek><date>2015-07-21T00:00:00</date><time>10:00</time><pddistrict>NORTHERN</pddistrict><resolution>ARREST, BOOKED</resolution><address>0 Block of WALLER ST</address><x>-122.424528764577</x><y>37.7718407330567</y><location human_address="{&quot;address&quot;:&quot;&quot;,&quot;city&quot;:&quot;&quot;,&quot;state&quot;:&quot;&quot;,&quot;zip&quot;:&quot;&quot;}" latitude="37.7718407330567" longitude="-122.424528764577" needs_recoding="false"/></row>