<?xml version="1.0" encoding="UTF-8"?><row _id="12608088" _uuid="0C656B8C-56C1-4E8E-B822-A63560E04303" _position="12608088" _address="http://data.sfgov.org/resource/ritf-b9ki/12608088"><incidntnum>150605912</incidntnum><category>SUSPICIOUS OCC</category><descript>SUSPICIOUS OCCURRENCE</descript><dayofweek>Sunday</dayofweek><date>2015-07-12T00:00:00</date><time>02:20</time><pddistrict>TENDERLOIN</pddistrict><resolution>NONE</resolution><address>0 Block of OFARRELL ST</address><x>-122.405861657246</x><y>37.786627232545</y><location human_address="{&quot;address&quot;:&quot;&quot;,&quot;city&quot;:&quot;&quot;,&quot;state&quot;:&quot;&quot;,&quot;zip&quot;:&quot;&quot;}" latitude="37.786627232545" longitude="-122.405861657246" needs_recoding="false"/></row>