<?xml version="1.0" encoding="UTF-8"?><row _id="12614735" _uuid="6A6F19F2-E04C-48B5-9B25-355239E50D3F" _position="12614735" _address="http://data.sfgov.org/resource/ritf-b9ki/12614735"><incidntnum>150656012</incidntnum><category>OTHER OFFENSES</category><descript>OBSCENE PHONE CALLS(S)</descript><dayofweek>Monday</dayofweek><date>2015-07-27T00:00:00</date><time>17:40</time><pddistrict>SOUTHERN</pddistrict><resolution>NONE</resolution><address>800 Block of BRYANT ST</address><x>-122.403404791479</x><y>37.775420706711</y><location human_address="{&quot;address&quot;:&quot;&quot;,&quot;city&quot;:&quot;&quot;,&quot;state&quot;:&quot;&quot;,&quot;zip&quot;:&quot;&quot;}" latitude="37.775420706711" longitude="-122.403404791479" needs_recoding="false"/></row>