<?xml version="1.0" encoding="UTF-8"?><row _id="12613660" _uuid="CACF5888-C14F-4338-98EE-A096B31F8C2E" _position="12613660" _address="http://data.sfgov.org/resource/ritf-b9ki/12613660"><incidntnum>150647209</incidntnum><category>LARCENY/THEFT</category><descript>PETTY THEFT SHOPLIFTING</descript><dayofweek>Saturday</dayofweek><date>2015-07-25T00:00:00</date><time>12:33</time><pddistrict>TENDERLOIN</pddistrict><resolution>ARREST, BOOKED</resolution><address>100 Block of POWELL ST</address><x>-122.40801449292</x><y>37.7859507767613</y><location human_address="{&quot;address&quot;:&quot;&quot;,&quot;city&quot;:&quot;&quot;,&quot;state&quot;:&quot;&quot;,&quot;zip&quot;:&quot;&quot;}" latitude="37.7859507767613" longitude="-122.40801449292" needs_recoding="false"/></row>