<?xml version="1.0" encoding="UTF-8"?><row _id="12612597" _uuid="33FE7400-09AE-45EB-811B-3E6CAECFC7BD" _position="12612597" _address="http://data.sfgov.org/resource/ritf-b9ki/12612597"><incidntnum>150313165</incidntnum><category>OTHER OFFENSES</category><descript>FALSE PERSONATION</descript><dayofweek>Wednesday</dayofweek><date>2015-07-22T00:00:00</date><time>00:01</time><pddistrict>NORTHERN</pddistrict><resolution>NONE</resolution><address>2300 Block of PACIFIC AV</address><x>-122.433915817274</x><y>37.7933961776201</y><location human_address="{&quot;address&quot;:&quot;&quot;,&quot;city&quot;:&quot;&quot;,&quot;state&quot;:&quot;&quot;,&quot;zip&quot;:&quot;&quot;}" latitude="37.7933961776201" longitude="-122.433915817274" needs_recoding="false"/></row>