<?xml version="1.0" encoding="UTF-8"?><row _id="12611344" _uuid="A58EB081-EAC2-4D4B-A8A1-2B37F7266952" _position="12611344" _address="http://data.sfgov.org/resource/ritf-b9ki/12611344"><incidntnum>150628839</incidntnum><category>ASSAULT</category><descript>BATTERY, FORMER SPOUSE OR DATING RELATIONSHIP</descript><dayofweek>Sunday</dayofweek><date>2015-07-19T00:00:00</date><time>19:43</time><pddistrict>MISSION</pddistrict><resolution>NONE</resolution><address>VALENCIA ST / 25TH ST</address><x>-122.420506814667</x><y>37.7505052869191</y><location human_address="{&quot;address&quot;:&quot;&quot;,&quot;city&quot;:&quot;&quot;,&quot;state&quot;:&quot;&quot;,&quot;zip&quot;:&quot;&quot;}" latitude="37.7505052869191" longitude="-122.420506814667" needs_recoding="false"/></row>