<?xml version="1.0" encoding="UTF-8"?><row _id="12613892" _uuid="D90A6F71-D463-462D-AAA7-91FC5734F1F9" _position="12613892" _address="http://data.sfgov.org/resource/ritf-b9ki/12613892"><incidntnum>156184645</incidntnum><category>LARCENY/THEFT</category><descript>PETTY THEFT OF PROPERTY</descript><dayofweek>Saturday</dayofweek><date>2015-07-25T00:00:00</date><time>18:50</time><pddistrict>SOUTHERN</pddistrict><resolution>NONE</resolution><address>1500 Block of MARKET ST</address><x>-122.419666717917</x><y>37.7746823329875</y><location human_address="{&quot;address&quot;:&quot;&quot;,&quot;city&quot;:&quot;&quot;,&quot;state&quot;:&quot;&quot;,&quot;zip&quot;:&quot;&quot;}" latitude="37.7746823329875" longitude="-122.419666717917" needs_recoding="false"/></row>