<?xml version="1.0" encoding="UTF-8"?><row _id="12609830" _uuid="FDFC23F2-3F28-4F71-8F73-E2FBEAF87566" _position="12609830" _address="http://data.sfgov.org/resource/ritf-b9ki/12609830"><incidntnum>150621479</incidntnum><category>MISSING PERSON</category><descript>FOUND PERSON</descript><dayofweek>Thursday</dayofweek><date>2015-07-16T00:00:00</date><time>22:30</time><pddistrict>NORTHERN</pddistrict><resolution>NONE</resolution><address>1500 Block of STEINER ST</address><x>-122.434389909779</x><y>37.7836362220072</y><location human_address="{&quot;address&quot;:&quot;&quot;,&quot;city&quot;:&quot;&quot;,&quot;state&quot;:&quot;&quot;,&quot;zip&quot;:&quot;&quot;}" latitude="37.7836362220072" longitude="-122.434389909779" needs_recoding="false"/></row>