<?xml version="1.0" encoding="UTF-8"?><row _id="12613592" _uuid="EF737E3D-2B0F-4B05-92D2-1A9FF149F0CD" _position="12613592" _address="http://data.sfgov.org/resource/ritf-b9ki/12613592"><incidntnum>156170876</incidntnum><category>LARCENY/THEFT</category><descript>GRAND THEFT FROM LOCKED AUTO</descript><dayofweek>Sunday</dayofweek><date>2015-07-12T00:00:00</date><time>16:15</time><pddistrict>NORTHERN</pddistrict><resolution>NONE</resolution><address>BUSH ST / OCTAVIA ST</address><x>-122.42686559013</x><y>37.7878612788339</y><location human_address="{&quot;address&quot;:&quot;&quot;,&quot;city&quot;:&quot;&quot;,&quot;state&quot;:&quot;&quot;,&quot;zip&quot;:&quot;&quot;}" latitude="37.7878612788339" longitude="-122.42686559013" needs_recoding="false"/></row>