<?xml version="1.0" encoding="UTF-8"?><row _id="12609758" _uuid="670452BF-47CA-426C-8B12-504BD099D378" _position="12609758" _address="http://data.sfgov.org/resource/ritf-b9ki/12609758"><incidntnum>150619838</incidntnum><category>LARCENY/THEFT</category><descript>GRAND THEFT SHOPLIFTING</descript><dayofweek>Thursday</dayofweek><date>2015-07-16T00:00:00</date><time>02:55</time><pddistrict>CENTRAL</pddistrict><resolution>NONE</resolution><address>200 Block of STOCKTON ST</address><x>-122.406658711008</x><y>37.7882745285785</y><location human_address="{&quot;address&quot;:&quot;&quot;,&quot;city&quot;:&quot;&quot;,&quot;state&quot;:&quot;&quot;,&quot;zip&quot;:&quot;&quot;}" latitude="37.7882745285785" longitude="-122.406658711008" needs_recoding="false"/></row>