<?xml version="1.0" encoding="UTF-8"?><row _id="12608995" _uuid="B49B8A61-3588-42E1-AD55-7B0B36DA5D00" _position="12608995" _address="http://data.sfgov.org/resource/ritf-b9ki/12608995"><incidntnum>150612804</incidntnum><category>NON-CRIMINAL</category><descript>DEATH REPORT, CAUSE UNKNOWN</descript><dayofweek>Tuesday</dayofweek><date>2015-07-14T00:00:00</date><time>11:08</time><pddistrict>RICHMOND</pddistrict><resolution>NONE</resolution><address>3300 Block of SACRAMENTO ST</address><x>-122.447820608146</x><y>37.7880255442875</y><location human_address="{&quot;address&quot;:&quot;&quot;,&quot;city&quot;:&quot;&quot;,&quot;state&quot;:&quot;&quot;,&quot;zip&quot;:&quot;&quot;}" latitude="37.7880255442875" longitude="-122.447820608146" needs_recoding="false"/></row>