<?xml version="1.0" encoding="UTF-8"?><row _id="12607609" _uuid="DACF0E14-63EE-483A-ACE1-812349E62D46" _position="12607609" _address="http://data.sfgov.org/resource/ritf-b9ki/12607609"><incidntnum>150605376</incidntnum><category>OTHER OFFENSES</category><descript>DRIVERS LICENSE, SUSPENDED OR REVOKED</descript><dayofweek>Saturday</dayofweek><date>2015-07-11T00:00:00</date><time>21:55</time><pddistrict>TENDERLOIN</pddistrict><resolution>ARREST, BOOKED</resolution><address>TAYLOR ST / TURK ST</address><x>-122.410768766343</x><y>37.7832145190013</y><location human_address="{&quot;address&quot;:&quot;&quot;,&quot;city&quot;:&quot;&quot;,&quot;state&quot;:&quot;&quot;,&quot;zip&quot;:&quot;&quot;}" latitude="37.7832145190013" longitude="-122.410768766343" needs_recoding="false"/></row>