<?xml version="1.0" encoding="UTF-8"?><row _id="12608200" _uuid="FE6C0BE4-5DAF-41FE-9185-2D063BB6240C" _position="12608200" _address="http://data.sfgov.org/resource/ritf-b9ki/12608200"><incidntnum>150607043</incidntnum><category>DRUG/NARCOTIC</category><descript>POSSESSION OF MARIJUANA</descript><dayofweek>Sunday</dayofweek><date>2015-07-12T00:00:00</date><time>14:07</time><pddistrict>TENDERLOIN</pddistrict><resolution>ARREST, BOOKED</resolution><address>0 Block of MASON ST</address><x>-122.409268441444</x><y>37.7837998723601</y><location human_address="{&quot;address&quot;:&quot;&quot;,&quot;city&quot;:&quot;&quot;,&quot;state&quot;:&quot;&quot;,&quot;zip&quot;:&quot;&quot;}" latitude="37.7837998723601" longitude="-122.409268441444" needs_recoding="false"/></row>