<?xml version="1.0" encoding="UTF-8"?><row _id="12608973" _uuid="F6D20F98-91A0-40B4-869A-5A536BDC62FC" _position="12608973" _address="http://data.sfgov.org/resource/ritf-b9ki/12608973"><incidntnum>150611903</incidntnum><category>NON-CRIMINAL</category><descript>FOUND PROPERTY</descript><dayofweek>Tuesday</dayofweek><date>2015-07-14T00:00:00</date><time>01:30</time><pddistrict>CENTRAL</pddistrict><resolution>NONE</resolution><address>700 Block of FRANCISCO ST</address><x>-122.417901792274</x><y>37.804069667949</y><location human_address="{&quot;address&quot;:&quot;&quot;,&quot;city&quot;:&quot;&quot;,&quot;state&quot;:&quot;&quot;,&quot;zip&quot;:&quot;&quot;}" latitude="37.804069667949" longitude="-122.417901792274" needs_recoding="false"/></row>