<?xml version="1.0" encoding="UTF-8"?><row _id="12608667" _uuid="05FB341D-94B1-463A-9F00-0F79C9339741" _position="12608667" _address="http://data.sfgov.org/resource/ritf-b9ki/12608667"><incidntnum>150609936</incidntnum><category>VEHICLE THEFT</category><descript>STOLEN AUTOMOBILE</descript><dayofweek>Monday</dayofweek><date>2015-07-13T00:00:00</date><time>00:45</time><pddistrict>CENTRAL</pddistrict><resolution>NONE</resolution><address>500 Block of GEARY ST</address><x>-122.41277729699</x><y>37.7868343892701</y><location human_address="{&quot;address&quot;:&quot;&quot;,&quot;city&quot;:&quot;&quot;,&quot;state&quot;:&quot;&quot;,&quot;zip&quot;:&quot;&quot;}" latitude="37.7868343892701" longitude="-122.41277729699" needs_recoding="false"/></row>