<?xml version="1.0" encoding="UTF-8"?><row _id="12608198" _uuid="66F529AA-AB2E-4C9F-A261-50B555607B90" _position="12608198" _address="http://data.sfgov.org/resource/ritf-b9ki/12608198"><incidntnum>150611254</incidntnum><category>NON-CRIMINAL</category><descript>LOST PROPERTY</descript><dayofweek>Sunday</dayofweek><date>2015-07-12T00:00:00</date><time>01:00</time><pddistrict>CENTRAL</pddistrict><resolution>NONE</resolution><address>600 Block of SUTTER ST</address><x>-122.411068869703</x><y>37.7888557042697</y><location human_address="{&quot;address&quot;:&quot;&quot;,&quot;city&quot;:&quot;&quot;,&quot;state&quot;:&quot;&quot;,&quot;zip&quot;:&quot;&quot;}" latitude="37.7888557042697" longitude="-122.411068869703" needs_recoding="false"/></row>