<?xml version="1.0" encoding="UTF-8"?><row _id="12608945" _uuid="6B145CB5-B2A0-4337-AC69-E43BC13AF94C" _position="12608945" _address="http://data.sfgov.org/resource/ritf-b9ki/12608945"><incidntnum>150615676</incidntnum><category>LARCENY/THEFT</category><descript>GRAND THEFT BICYCLE</descript><dayofweek>Tuesday</dayofweek><date>2015-07-14T00:00:00</date><time>18:00</time><pddistrict>SOUTHERN</pddistrict><resolution>NONE</resolution><address>5TH ST / MARKET ST</address><x>-122.408068345148</x><y>37.7839916768161</y><location human_address="{&quot;address&quot;:&quot;&quot;,&quot;city&quot;:&quot;&quot;,&quot;state&quot;:&quot;&quot;,&quot;zip&quot;:&quot;&quot;}" latitude="37.7839916768161" longitude="-122.408068345148" needs_recoding="false"/></row>