<?xml version="1.0" encoding="UTF-8"?><row _id="12608543" _uuid="7DAAB240-BECD-4306-836F-08387600BEC3" _position="12608543" _address="http://data.sfgov.org/resource/ritf-b9ki/12608543"><incidntnum>150611016</incidntnum><category>MISSING PERSON</category><descript>MISSING JUVENILE</descript><dayofweek>Monday</dayofweek><date>2015-07-13T00:00:00</date><time>18:45</time><pddistrict>RICHMOND</pddistrict><resolution>NONE</resolution><address>700 Block of 33RD AV</address><x>-122.492903087989</x><y>37.7749629647565</y><location human_address="{&quot;address&quot;:&quot;&quot;,&quot;city&quot;:&quot;&quot;,&quot;state&quot;:&quot;&quot;,&quot;zip&quot;:&quot;&quot;}" latitude="37.7749629647565" longitude="-122.492903087989" needs_recoding="false"/></row>