<?xml version="1.0" encoding="UTF-8"?><row _id="12611609" _uuid="B57BF045-778B-4CE0-9F4A-0CBBF6222252" _position="12611609" _address="http://data.sfgov.org/resource/ritf-b9ki/12611609"><incidntnum>150632197</incidntnum><category>BURGLARY</category><descript>BURGLARY OF FLAT, UNLAWFUL ENTRY</descript><dayofweek>Monday</dayofweek><date>2015-07-20T00:00:00</date><time>07:45</time><pddistrict>MISSION</pddistrict><resolution>NONE</resolution><address>3300 Block of 16TH ST</address><x>-122.426976333318</x><y>37.7646648228018</y><location human_address="{&quot;address&quot;:&quot;&quot;,&quot;city&quot;:&quot;&quot;,&quot;state&quot;:&quot;&quot;,&quot;zip&quot;:&quot;&quot;}" latitude="37.7646648228018" longitude="-122.426976333318" needs_recoding="false"/></row>