<?xml version="1.0" encoding="UTF-8"?><row _id="12611001" _uuid="A61FAEFC-7554-49DD-9FED-E45F45119078" _position="12611001" _address="http://data.sfgov.org/resource/ritf-b9ki/12611001"><incidntnum>150628061</incidntnum><category>VANDALISM</category><descript>MALICIOUS MISCHIEF, VANDALISM OF VEHICLES</descript><dayofweek>Sunday</dayofweek><date>2015-07-19T00:00:00</date><time>13:00</time><pddistrict>SOUTHERN</pddistrict><resolution>NONE</resolution><address>HARRISON ST / 5TH ST</address><x>-122.401846367522</x><y>37.7790324136251</y><location human_address="{&quot;address&quot;:&quot;&quot;,&quot;city&quot;:&quot;&quot;,&quot;state&quot;:&quot;&quot;,&quot;zip&quot;:&quot;&quot;}" latitude="37.7790324136251" longitude="-122.401846367522" needs_recoding="false"/></row>