<?xml version="1.0" encoding="UTF-8"?><row _id="12608528" _uuid="E714CA46-54CC-4874-BD13-C43747D50FD9" _position="12608528" _address="http://data.sfgov.org/resource/ritf-b9ki/12608528"><incidntnum>150610400</incidntnum><category>OTHER OFFENSES</category><descript>RESISTING ARREST</descript><dayofweek>Monday</dayofweek><date>2015-07-13T00:00:00</date><time>15:15</time><pddistrict>TARAVAL</pddistrict><resolution>ARREST, BOOKED</resolution><address>300 Block of RANDOLPH ST</address><x>-122.465757150563</x><y>37.7142285364699</y><location human_address="{&quot;address&quot;:&quot;&quot;,&quot;city&quot;:&quot;&quot;,&quot;state&quot;:&quot;&quot;,&quot;zip&quot;:&quot;&quot;}" latitude="37.7142285364699" longitude="-122.465757150563" needs_recoding="false"/></row>