<?xml version="1.0" encoding="UTF-8"?><row _id="12609644" _uuid="6F91FF6B-5725-4853-A96D-A5C3BB92E8E0" _position="12609644" _address="http://data.sfgov.org/resource/ritf-b9ki/12609644"><incidntnum>156175155</incidntnum><category>VANDALISM</category><descript>MALICIOUS MISCHIEF, VANDALISM</descript><dayofweek>Thursday</dayofweek><date>2015-07-16T00:00:00</date><time>23:00</time><pddistrict>SOUTHERN</pddistrict><resolution>NONE</resolution><address>HOWARD ST / 4TH ST</address><x>-122.402712593282</x><y>37.7832596543979</y><location human_address="{&quot;address&quot;:&quot;&quot;,&quot;city&quot;:&quot;&quot;,&quot;state&quot;:&quot;&quot;,&quot;zip&quot;:&quot;&quot;}" latitude="37.7832596543979" longitude="-122.402712593282" needs_recoding="false"/></row>