<?xml version="1.0" encoding="UTF-8"?><row _id="12612366" _uuid="3204820D-995F-4A44-AF7E-38AAB1E9B87F" _position="12612366" _address="http://data.sfgov.org/resource/ritf-b9ki/12612366"><incidntnum>150637222</incidntnum><category>BURGLARY</category><descript>BURGLARY OF STORE, UNLAWFUL ENTRY</descript><dayofweek>Wednesday</dayofweek><date>2015-07-22T00:00:00</date><time>11:52</time><pddistrict>SOUTHERN</pddistrict><resolution>ARREST, BOOKED</resolution><address>900 Block of MARKET ST</address><x>-122.408421116922</x><y>37.7835699386918</y><location human_address="{&quot;address&quot;:&quot;&quot;,&quot;city&quot;:&quot;&quot;,&quot;state&quot;:&quot;&quot;,&quot;zip&quot;:&quot;&quot;}" latitude="37.7835699386918" longitude="-122.408421116922" needs_recoding="false"/></row>