<?xml version="1.0" encoding="UTF-8"?><row _id="12609198" _uuid="A6ECCCAE-6D62-42ED-8132-0978EEDC2EB7" _position="12609198" _address="http://data.sfgov.org/resource/ritf-b9ki/12609198"><incidntnum>150614822</incidntnum><category>OTHER OFFENSES</category><descript>TRAFFIC VIOLATION ARREST</descript><dayofweek>Wednesday</dayofweek><date>2015-07-15T00:00:00</date><time>02:00</time><pddistrict>INGLESIDE</pddistrict><resolution>ARREST, BOOKED</resolution><address>MISSION ST / RANDALL ST</address><x>-122.42358068715</x><y>37.7398849565957</y><location human_address="{&quot;address&quot;:&quot;&quot;,&quot;city&quot;:&quot;&quot;,&quot;state&quot;:&quot;&quot;,&quot;zip&quot;:&quot;&quot;}" latitude="37.7398849565957" longitude="-122.42358068715" needs_recoding="false"/></row>