<?xml version="1.0" encoding="UTF-8"?><row _id="12610812" _uuid="E824D2A1-AAAA-4C00-9947-9834929E1DC9" _position="12610812" _address="http://data.sfgov.org/resource/ritf-b9ki/12610812"><incidntnum>150626491</incidntnum><category>BURGLARY</category><descript>BURGLARY,STORE UNDER CONSTRUCTION, UNLAWFUL ENTRY</descript><dayofweek>Saturday</dayofweek><date>2015-07-18T00:00:00</date><time>21:40</time><pddistrict>INGLESIDE</pddistrict><resolution>ARREST, BOOKED</resolution><address>2600 Block of BAY SHORE BL</address><x>-122.405385735969</x><y>37.7086473552327</y><location human_address="{&quot;address&quot;:&quot;&quot;,&quot;city&quot;:&quot;&quot;,&quot;state&quot;:&quot;&quot;,&quot;zip&quot;:&quot;&quot;}" latitude="37.7086473552327" longitude="-122.405385735969" needs_recoding="false"/></row>