<?xml version="1.0" encoding="UTF-8"?><row _id="12613021" _uuid="29EB4607-E9A9-4F55-B1D4-FB3215C76793" _position="12613021" _address="http://data.sfgov.org/resource/ritf-b9ki/12613021"><incidntnum>150654436</incidntnum><category>SEX OFFENSES, NON FORCIBLE</category><descript>SEXUAL CONTACT WITH PATIENT, FORMER PATIENT</descript><dayofweek>Thursday</dayofweek><date>2015-07-23T00:00:00</date><time>23:00</time><pddistrict>MISSION</pddistrict><resolution>UNFOUNDED</resolution><address>1000 Block of POTRERO AV</address><x>-122.406539115148</x><y>37.7564864109309</y><location human_address="{&quot;address&quot;:&quot;&quot;,&quot;city&quot;:&quot;&quot;,&quot;state&quot;:&quot;&quot;,&quot;zip&quot;:&quot;&quot;}" latitude="37.7564864109309" longitude="-122.406539115148" needs_recoding="false"/></row>