<?xml version="1.0" encoding="UTF-8"?><row _id="12606970" _uuid="F507D85F-7437-44D6-9C05-C81D1C2A0F75" _position="12606970" _address="http://data.sfgov.org/resource/ritf-b9ki/12606970"><incidntnum>150597983</incidntnum><category>SUSPICIOUS OCC</category><descript>INVESTIGATIVE DETENTION</descript><dayofweek>Thursday</dayofweek><date>2015-07-09T00:00:00</date><time>15:30</time><pddistrict>MISSION</pddistrict><resolution>NONE</resolution><address>2300 Block of 16TH ST</address><x>-122.409529913278</x><y>37.7657184395282</y><location human_address="{&quot;address&quot;:&quot;&quot;,&quot;city&quot;:&quot;&quot;,&quot;state&quot;:&quot;&quot;,&quot;zip&quot;:&quot;&quot;}" latitude="37.7657184395282" longitude="-122.409529913278" needs_recoding="false"/></row>