<?xml version="1.0" encoding="UTF-8"?><row _id="12607258" _uuid="BFC22B05-8621-40CC-B161-E2B51272AED7" _position="12607258" _address="http://data.sfgov.org/resource/ritf-b9ki/12607258"><incidntnum>156170070</incidntnum><category>LARCENY/THEFT</category><descript>GRAND THEFT FROM LOCKED AUTO</descript><dayofweek>Friday</dayofweek><date>2015-07-10T00:00:00</date><time>23:00</time><pddistrict>NORTHERN</pddistrict><resolution>NONE</resolution><address>1200 Block of CHESTNUT ST</address><x>-122.423936240681</x><y>37.8024375963072</y><location human_address="{&quot;address&quot;:&quot;&quot;,&quot;city&quot;:&quot;&quot;,&quot;state&quot;:&quot;&quot;,&quot;zip&quot;:&quot;&quot;}" latitude="37.8024375963072" longitude="-122.423936240681" needs_recoding="false"/></row>