<?xml version="1.0" encoding="UTF-8"?><row _id="12609988" _uuid="EE352DE7-2B8C-4A7B-9BE4-7D35B76B8F2E" _position="12609988" _address="http://data.sfgov.org/resource/ritf-b9ki/12609988"><incidntnum>150622994</incidntnum><category>WARRANTS</category><descript>ENROUTE TO OUTSIDE JURISDICTION</descript><dayofweek>Friday</dayofweek><date>2015-07-17T00:00:00</date><time>17:36</time><pddistrict>MISSION</pddistrict><resolution>ARREST, BOOKED</resolution><address>24TH ST / NOE ST</address><x>-122.431878354341</x><y>37.7514374219577</y><location human_address="{&quot;address&quot;:&quot;&quot;,&quot;city&quot;:&quot;&quot;,&quot;state&quot;:&quot;&quot;,&quot;zip&quot;:&quot;&quot;}" latitude="37.7514374219577" longitude="-122.431878354341" needs_recoding="false"/></row>