<?xml version="1.0" encoding="UTF-8"?><row _id="12612667" _uuid="41B5F539-C49A-44B1-A470-94F7144290F1" _position="12612667" _address="http://data.sfgov.org/resource/ritf-b9ki/12612667"><incidntnum>150640786</incidntnum><category>ROBBERY</category><descript>ROBBERY, BODILY FORCE</descript><dayofweek>Thursday</dayofweek><date>2015-07-23T00:00:00</date><time>13:30</time><pddistrict>INGLESIDE</pddistrict><resolution>ARREST, BOOKED</resolution><address>PERSIA AV / MISSION ST</address><x>-122.43597721703</x><y>37.7231288306727</y><location human_address="{&quot;address&quot;:&quot;&quot;,&quot;city&quot;:&quot;&quot;,&quot;state&quot;:&quot;&quot;,&quot;zip&quot;:&quot;&quot;}" latitude="37.7231288306727" longitude="-122.43597721703" needs_recoding="false"/></row>