<?xml version="1.0" encoding="UTF-8"?><row _id="12607028" _uuid="09D4BF3A-70DD-44C1-9B15-9BD0C657A849" _position="12607028" _address="http://data.sfgov.org/resource/ritf-b9ki/12607028"><incidntnum>150600417</incidntnum><category>OTHER OFFENSES</category><descript>DRIVERS LICENSE, SUSPENDED OR REVOKED</descript><dayofweek>Friday</dayofweek><date>2015-07-10T00:00:00</date><time>12:40</time><pddistrict>MISSION</pddistrict><resolution>ARREST, BOOKED</resolution><address>FLORIDA ST / 18TH ST</address><x>-122.411090794581</x><y>37.7617009781734</y><location human_address="{&quot;address&quot;:&quot;&quot;,&quot;city&quot;:&quot;&quot;,&quot;state&quot;:&quot;&quot;,&quot;zip&quot;:&quot;&quot;}" latitude="37.7617009781734" longitude="-122.411090794581" needs_recoding="false"/></row>