<?xml version="1.0" encoding="UTF-8"?><row _id="12607253" _uuid="1F217247-499F-42E7-BD48-7ACEAD1A5E5D" _position="12607253" _address="http://data.sfgov.org/resource/ritf-b9ki/12607253"><incidntnum>156169562</incidntnum><category>NON-CRIMINAL</category><descript>LOST PROPERTY</descript><dayofweek>Friday</dayofweek><date>2015-07-10T00:00:00</date><time>09:30</time><pddistrict>CENTRAL</pddistrict><resolution>NONE</resolution><address>200 Block of BEACH ST</address><x>-122.413178958845</x><y>37.8076387530515</y><location human_address="{&quot;address&quot;:&quot;&quot;,&quot;city&quot;:&quot;&quot;,&quot;state&quot;:&quot;&quot;,&quot;zip&quot;:&quot;&quot;}" latitude="37.8076387530515" longitude="-122.413178958845" needs_recoding="false"/></row>