<?xml version="1.0" encoding="UTF-8"?><row _id="12610080" _uuid="7F3C24BA-9F32-4F6C-9590-0DD3E1F5A099" _position="12610080" _address="http://data.sfgov.org/resource/ritf-b9ki/12610080"><incidntnum>150627580</incidntnum><category>VEHICLE THEFT</category><descript>STOLEN AUTOMOBILE</descript><dayofweek>Friday</dayofweek><date>2015-07-17T00:00:00</date><time>20:30</time><pddistrict>TARAVAL</pddistrict><resolution>NONE</resolution><address>16TH AV / LINCOLN WY</address><x>-122.474046481178</x><y>37.7655914079932</y><location human_address="{&quot;address&quot;:&quot;&quot;,&quot;city&quot;:&quot;&quot;,&quot;state&quot;:&quot;&quot;,&quot;zip&quot;:&quot;&quot;}" latitude="37.7655914079932" longitude="-122.474046481178" needs_recoding="false"/></row>