<?xml version="1.0" encoding="UTF-8"?><row _id="12606838" _uuid="3E13FDE7-5981-479F-BB49-E61D0CCF5490" _position="12606838" _address="http://data.sfgov.org/resource/ritf-b9ki/12606838"><incidntnum>150598828</incidntnum><category>LARCENY/THEFT</category><descript>GRAND THEFT FROM LOCKED AUTO</descript><dayofweek>Thursday</dayofweek><date>2015-07-09T00:00:00</date><time>18:20</time><pddistrict>SOUTHERN</pddistrict><resolution>NONE</resolution><address>800 Block of BRYANT ST</address><x>-122.403404791479</x><y>37.775420706711</y><location human_address="{&quot;address&quot;:&quot;&quot;,&quot;city&quot;:&quot;&quot;,&quot;state&quot;:&quot;&quot;,&quot;zip&quot;:&quot;&quot;}" latitude="37.775420706711" longitude="-122.403404791479" needs_recoding="false"/></row>