<?xml version="1.0" encoding="UTF-8"?><row _id="12607553" _uuid="6A56732C-7DAD-4B61-A84F-E9EF61F06B0D" _position="12607553" _address="http://data.sfgov.org/resource/ritf-b9ki/12607553"><incidntnum>156170462</incidntnum><category>LARCENY/THEFT</category><descript>GRAND THEFT FROM LOCKED AUTO</descript><dayofweek>Saturday</dayofweek><date>2015-07-11T00:00:00</date><time>16:50</time><pddistrict>NORTHERN</pddistrict><resolution>NONE</resolution><address>SUTTER ST / VANNESS AV</address><x>-122.421762501792</x><y>37.7875490095115</y><location human_address="{&quot;address&quot;:&quot;&quot;,&quot;city&quot;:&quot;&quot;,&quot;state&quot;:&quot;&quot;,&quot;zip&quot;:&quot;&quot;}" latitude="37.7875490095115" longitude="-122.421762501792" needs_recoding="false"/></row>