<?xml version="1.0" encoding="UTF-8"?><row _id="12609361" _uuid="FDFC8998-E4BD-4809-A30D-2BA519B26B23" _position="12609361" _address="http://data.sfgov.org/resource/ritf-b9ki/12609361"><incidntnum>150616828</incidntnum><category>OTHER OFFENSES</category><descript>DRIVERS LICENSE, SUSPENDED OR REVOKED</descript><dayofweek>Wednesday</dayofweek><date>2015-07-15T00:00:00</date><time>19:30</time><pddistrict>SOUTHERN</pddistrict><resolution>ARREST, CITED</resolution><address>800 Block of BRYANT ST</address><x>-122.403404791479</x><y>37.775420706711</y><location human_address="{&quot;address&quot;:&quot;&quot;,&quot;city&quot;:&quot;&quot;,&quot;state&quot;:&quot;&quot;,&quot;zip&quot;:&quot;&quot;}" latitude="37.775420706711" longitude="-122.403404791479" needs_recoding="false"/></row>