<?xml version="1.0" encoding="UTF-8"?><row _id="12617222" _uuid="335C9222-8F2D-426C-99E6-A3DDFA809D77" _position="12617222" _address="http://data.sfgov.org/resource/ritf-b9ki/12617222"><incidntnum>150670909</incidntnum><category>ASSAULT</category><descript>AGGRAVATED ASSAULT WITH A DEADLY WEAPON</descript><dayofweek>Sunday</dayofweek><date>2015-08-02T00:00:00</date><time>01:30</time><pddistrict>INGLESIDE</pddistrict><resolution>NONE</resolution><address>2100 Block of GENEVA AV</address><x>-122.420451998844</x><y>37.7085327739224</y><location human_address="{&quot;address&quot;:&quot;&quot;,&quot;city&quot;:&quot;&quot;,&quot;state&quot;:&quot;&quot;,&quot;zip&quot;:&quot;&quot;}" latitude="37.7085327739224" longitude="-122.420451998844" needs_recoding="false"/></row>