<?xml version="1.0" encoding="UTF-8"?><row _id="12616528" _uuid="ED5B7FF5-0DD7-457C-92EA-D9AC73E0D66C" _position="12616528" _address="http://data.sfgov.org/resource/ritf-b9ki/12616528"><incidntnum>156191026</incidntnum><category>LARCENY/THEFT</category><descript>PETTY THEFT OF PROPERTY</descript><dayofweek>Friday</dayofweek><date>2015-07-31T00:00:00</date><time>15:00</time><pddistrict>NORTHERN</pddistrict><resolution>NONE</resolution><address>2700 Block of FILBERT ST</address><x>-122.444800788699</x><y>37.7969159330228</y><location human_address="{&quot;address&quot;:&quot;&quot;,&quot;city&quot;:&quot;&quot;,&quot;state&quot;:&quot;&quot;,&quot;zip&quot;:&quot;&quot;}" latitude="37.7969159330228" longitude="-122.444800788699" needs_recoding="false"/></row>