<?xml version="1.0" encoding="UTF-8"?><row _id="12609400" _uuid="01C2386A-ABA1-4607-85F2-3D02C9BA35E5" _position="12609400" _address="http://data.sfgov.org/resource/ritf-b9ki/12609400"><incidntnum>156174248</incidntnum><category>LARCENY/THEFT</category><descript>GRAND THEFT FROM LOCKED AUTO</descript><dayofweek>Wednesday</dayofweek><date>2015-07-15T00:00:00</date><time>19:00</time><pddistrict>PARK</pddistrict><resolution>NONE</resolution><address>600 Block of WALLER ST</address><x>-122.43396487661</x><y>37.7706464060959</y><location human_address="{&quot;address&quot;:&quot;&quot;,&quot;city&quot;:&quot;&quot;,&quot;state&quot;:&quot;&quot;,&quot;zip&quot;:&quot;&quot;}" latitude="37.7706464060959" longitude="-122.43396487661" needs_recoding="false"/></row>