<?xml version="1.0" encoding="UTF-8"?><row _id="12610204" _uuid="45A7AF4E-C840-4D50-B0AE-9CD2E4BF4BA5" _position="12610204" _address="http://data.sfgov.org/resource/ritf-b9ki/12610204"><incidntnum>150621190</incidntnum><category>NON-CRIMINAL</category><descript>AIDED CASE</descript><dayofweek>Friday</dayofweek><date>2015-07-17T00:00:00</date><time>06:08</time><pddistrict>INGLESIDE</pddistrict><resolution>NONE</resolution><address>3200 Block of SAN BRUNO AV</address><x>-122.400938602905</x><y>37.7209570165319</y><location human_address="{&quot;address&quot;:&quot;&quot;,&quot;city&quot;:&quot;&quot;,&quot;state&quot;:&quot;&quot;,&quot;zip&quot;:&quot;&quot;}" latitude="37.7209570165319" longitude="-122.400938602905" needs_recoding="false"/></row>