<?xml version="1.0" encoding="UTF-8"?><row _id="12609748" _uuid="4C5C5C51-E2EE-4DE4-BA52-85E6A3D0B217" _position="12609748" _address="http://data.sfgov.org/resource/ritf-b9ki/12609748"><incidntnum>150619468</incidntnum><category>SUSPICIOUS OCC</category><descript>SUSPICIOUS OCCURRENCE</descript><dayofweek>Thursday</dayofweek><date>2015-07-16T00:00:00</date><time>16:30</time><pddistrict>PARK</pddistrict><resolution>NONE</resolution><address>500 Block of IRVING ST</address><x>-122.463651090431</x><y>37.7642087441882</y><location human_address="{&quot;address&quot;:&quot;&quot;,&quot;city&quot;:&quot;&quot;,&quot;state&quot;:&quot;&quot;,&quot;zip&quot;:&quot;&quot;}" latitude="37.7642087441882" longitude="-122.463651090431" needs_recoding="false"/></row>