<?xml version="1.0" encoding="UTF-8"?><row _id="12614131" _uuid="6A5AC742-5DB5-46A6-93B0-A5E2C05F0BC4" _position="12614131" _address="http://data.sfgov.org/resource/ritf-b9ki/12614131"><incidntnum>156179618</incidntnum><category>LARCENY/THEFT</category><descript>GRAND THEFT OF PROPERTY</descript><dayofweek>Monday</dayofweek><date>2015-07-20T00:00:00</date><time>17:30</time><pddistrict>NORTHERN</pddistrict><resolution>NONE</resolution><address>VANNESS AV / TURK ST</address><x>-122.420641893733</x><y>37.7819608221838</y><location human_address="{&quot;address&quot;:&quot;&quot;,&quot;city&quot;:&quot;&quot;,&quot;state&quot;:&quot;&quot;,&quot;zip&quot;:&quot;&quot;}" latitude="37.7819608221838" longitude="-122.420641893733" needs_recoding="false"/></row>