<?xml version="1.0" encoding="UTF-8"?><row _id="12610639" _uuid="0280BA2E-7F40-44E3-BDF9-F483606185E7" _position="12610639" _address="http://data.sfgov.org/resource/ritf-b9ki/12610639"><incidntnum>156180944</incidntnum><category>LARCENY/THEFT</category><descript>GRAND THEFT FROM LOCKED AUTO</descript><dayofweek>Monday</dayofweek><date>2015-07-13T00:00:00</date><time>19:15</time><pddistrict>SOUTHERN</pddistrict><resolution>NONE</resolution><address>HARRISON ST / 4TH ST</address><x>-122.399617558782</x><y>37.7807906550067</y><location human_address="{&quot;address&quot;:&quot;&quot;,&quot;city&quot;:&quot;&quot;,&quot;state&quot;:&quot;&quot;,&quot;zip&quot;:&quot;&quot;}" latitude="37.7807906550067" longitude="-122.399617558782" needs_recoding="false"/></row>