<?xml version="1.0" encoding="UTF-8"?><row _id="12611909" _uuid="1179D5DC-C7D5-4BD3-A91E-B93763B95BF5" _position="12611909" _address="http://data.sfgov.org/resource/ritf-b9ki/12611909"><incidntnum>150634422</incidntnum><category>DRUG/NARCOTIC</category><descript>SALE OF BASE/ROCK COCAINE</descript><dayofweek>Tuesday</dayofweek><date>2015-07-21T00:00:00</date><time>15:24</time><pddistrict>TENDERLOIN</pddistrict><resolution>ARREST, BOOKED</resolution><address>HYDE ST / GOLDEN GATE AV</address><x>-122.415508242782</x><y>37.7816542806076</y><location human_address="{&quot;address&quot;:&quot;&quot;,&quot;city&quot;:&quot;&quot;,&quot;state&quot;:&quot;&quot;,&quot;zip&quot;:&quot;&quot;}" latitude="37.7816542806076" longitude="-122.415508242782" needs_recoding="false"/></row>