<?xml version="1.0" encoding="UTF-8"?><row _id="12607374" _uuid="4254FD57-11F5-4168-B6AC-646299D943FB" _position="12607374" _address="http://data.sfgov.org/resource/ritf-b9ki/12607374"><incidntnum>150616793</incidntnum><category>BURGLARY</category><descript>BURGLARY, FORCIBLE ENTRY</descript><dayofweek>Thursday</dayofweek><date>2015-07-09T00:00:00</date><time>21:00</time><pddistrict>SOUTHERN</pddistrict><resolution>NONE</resolution><address>600 Block of HOWARD ST</address><x>-122.398685827821</x><y>37.7865173879477</y><location human_address="{&quot;address&quot;:&quot;&quot;,&quot;city&quot;:&quot;&quot;,&quot;state&quot;:&quot;&quot;,&quot;zip&quot;:&quot;&quot;}" latitude="37.7865173879477" longitude="-122.398685827821" needs_recoding="false"/></row>