<?xml version="1.0" encoding="UTF-8"?><row _id="12610984" _uuid="52F5DA05-15E6-4B2E-ABD1-DE978D290C31" _position="12610984" _address="http://data.sfgov.org/resource/ritf-b9ki/12610984"><incidntnum>150626877</incidntnum><category>KIDNAPPING</category><descript>KIDNAPPING, ADULT VICTIM</descript><dayofweek>Sunday</dayofweek><date>2015-07-19T00:00:00</date><time>01:00</time><pddistrict>INGLESIDE</pddistrict><resolution>ARREST, BOOKED</resolution><address>MISSION ST / RANDALL ST</address><x>-122.42358068715</x><y>37.7398849565957</y><location human_address="{&quot;address&quot;:&quot;&quot;,&quot;city&quot;:&quot;&quot;,&quot;state&quot;:&quot;&quot;,&quot;zip&quot;:&quot;&quot;}" latitude="37.7398849565957" longitude="-122.42358068715" needs_recoding="false"/></row>