<?xml version="1.0" encoding="UTF-8"?><row _id="12607219" _uuid="B204A90F-390C-4B5E-B017-B1941D94CF44" _position="12607219" _address="http://data.sfgov.org/resource/ritf-b9ki/12607219"><incidntnum>150599575</incidntnum><category>WEAPON LAWS</category><descript>EXHIBITING DEADLY WEAPON IN A THREATING MANNER</descript><dayofweek>Friday</dayofweek><date>2015-07-10T00:00:00</date><time>02:00</time><pddistrict>NORTHERN</pddistrict><resolution>NONE</resolution><address>600 Block of EDDY ST</address><x>-122.418382008607</x><y>37.7832583770949</y><location human_address="{&quot;address&quot;:&quot;&quot;,&quot;city&quot;:&quot;&quot;,&quot;state&quot;:&quot;&quot;,&quot;zip&quot;:&quot;&quot;}" latitude="37.7832583770949" longitude="-122.418382008607" needs_recoding="false"/></row>