<?xml version="1.0" encoding="UTF-8"?><row _id="12608279" _uuid="6DF96A2E-DAEF-4145-AC75-86D091B37367" _position="12608279" _address="http://data.sfgov.org/resource/ritf-b9ki/12608279"><incidntnum>150629837</incidntnum><category>FRAUD</category><descript>FALSE PRETENSES, GRAND THEFT</descript><dayofweek>Friday</dayofweek><date>2015-07-10T00:00:00</date><time>14:00</time><pddistrict>SOUTHERN</pddistrict><resolution>NONE</resolution><address>1500 Block of MARKET ST</address><x>-122.419666717917</x><y>37.7746823329875</y><location human_address="{&quot;address&quot;:&quot;&quot;,&quot;city&quot;:&quot;&quot;,&quot;state&quot;:&quot;&quot;,&quot;zip&quot;:&quot;&quot;}" latitude="37.7746823329875" longitude="-122.419666717917" needs_recoding="false"/></row>