<?xml version="1.0" encoding="UTF-8"?><row _id="12610211" _uuid="941CD3FE-6596-46DF-B37F-1D3AD382C951" _position="12610211" _address="http://data.sfgov.org/resource/ritf-b9ki/12610211"><incidntnum>150622217</incidntnum><category>ASSAULT</category><descript>BATTERY</descript><dayofweek>Friday</dayofweek><date>2015-07-17T00:00:00</date><time>13:10</time><pddistrict>PARK</pddistrict><resolution>ARREST, BOOKED</resolution><address>300 Block of LAGUNAHONDA BL</address><x>-122.458680189782</x><y>37.7481554692332</y><location human_address="{&quot;address&quot;:&quot;&quot;,&quot;city&quot;:&quot;&quot;,&quot;state&quot;:&quot;&quot;,&quot;zip&quot;:&quot;&quot;}" latitude="37.7481554692332" longitude="-122.458680189782" needs_recoding="false"/></row>