<?xml version="1.0" encoding="UTF-8"?><row _id="12667452" _uuid="DC8CF6DA-6A01-4F90-8DC3-677435CDBEF4" _position="12667452" _address="http://data.sfgov.org/resource/ritf-b9ki/12667452"><incidntnum>151039471</incidntnum><category>OTHER OFFENSES</category><descript>VIOLATION OF RESTRAINING ORDER</descript><dayofweek>Tuesday</dayofweek><date>2015-07-14T00:00:00</date><time>12:00</time><pddistrict>NORTHERN</pddistrict><resolution>NONE</resolution><address>1300 Block of VANNESS AV</address><x>-122.421734189838</x><y>37.7882961275539</y><location human_address="{&quot;address&quot;:&quot;&quot;,&quot;city&quot;:&quot;&quot;,&quot;state&quot;:&quot;&quot;,&quot;zip&quot;:&quot;&quot;}" latitude="37.7882961275539" longitude="-122.421734189838" needs_recoding="false"/></row>