<?xml version="1.0" encoding="UTF-8"?><row _id="12607369" _uuid="D2379E6E-61C9-4DF7-A145-8C8BD4FF68C0" _position="12607369" _address="http://data.sfgov.org/resource/ritf-b9ki/12607369"><incidntnum>150615228</incidntnum><category>BURGLARY</category><descript>BURGLARY,BLDG. UNDER CONSTRUCTION, FORCIBLE ENTRY</descript><dayofweek>Friday</dayofweek><date>2015-07-10T00:00:00</date><time>15:00</time><pddistrict>SOUTHERN</pddistrict><resolution>NONE</resolution><address>1500 Block of MISSION ST</address><x>-122.418236975025</x><y>37.7731900601284</y><location human_address="{&quot;address&quot;:&quot;&quot;,&quot;city&quot;:&quot;&quot;,&quot;state&quot;:&quot;&quot;,&quot;zip&quot;:&quot;&quot;}" latitude="37.7731900601284" longitude="-122.418236975025" needs_recoding="false"/></row>