<?xml version="1.0" encoding="UTF-8"?><row _id="12639456" _uuid="9871E472-A3B0-48EB-BD90-6391248D7825" _position="12639456" _address="http://data.sfgov.org/resource/ritf-b9ki/12639456"><incidntnum>150642237</incidntnum><category>NON-CRIMINAL</category><descript>CASE CLOSURE</descript><dayofweek>Thursday</dayofweek><date>2015-07-23T00:00:00</date><time>14:00</time><pddistrict>MISSION</pddistrict><resolution>NONE</resolution><address>0 Block of HOFF ST</address><x>-122.420575720933</x><y>37.7641819463712</y><location human_address="{&quot;address&quot;:&quot;&quot;,&quot;city&quot;:&quot;&quot;,&quot;state&quot;:&quot;&quot;,&quot;zip&quot;:&quot;&quot;}" latitude="37.7641819463712" longitude="-122.420575720933" needs_recoding="false"/></row>