<?xml version="1.0" encoding="UTF-8"?><row _id="12609044" _uuid="11F60932-AFB6-4D47-BA3A-B42F7285CF41" _position="12609044" _address="http://data.sfgov.org/resource/ritf-b9ki/12609044"><incidntnum>150612600</incidntnum><category>ROBBERY</category><descript>ROBBERY, BODILY FORCE</descript><dayofweek>Tuesday</dayofweek><date>2015-07-14T00:00:00</date><time>11:06</time><pddistrict>SOUTHERN</pddistrict><resolution>ARREST, BOOKED</resolution><address>1000 Block of MARKET ST</address><x>-122.411339562557</x><y>37.7812707434494</y><location human_address="{&quot;address&quot;:&quot;&quot;,&quot;city&quot;:&quot;&quot;,&quot;state&quot;:&quot;&quot;,&quot;zip&quot;:&quot;&quot;}" latitude="37.7812707434494" longitude="-122.411339562557" needs_recoding="false"/></row>