<?xml version="1.0" encoding="UTF-8"?><row _id="12608868" _uuid="F3FDA68F-9BEA-4CAD-92AD-197D0AFFC938" _position="12608868" _address="http://data.sfgov.org/resource/ritf-b9ki/12608868"><incidntnum>150611555</incidntnum><category>ASSAULT</category><descript>BATTERY OF A POLICE OFFICER</descript><dayofweek>Tuesday</dayofweek><date>2015-07-14T00:00:00</date><time>00:04</time><pddistrict>MISSION</pddistrict><resolution>ARREST, BOOKED</resolution><address>SYCAMORE ST / VALENCIA ST</address><x>-122.421663206721</x><y>37.7625784042703</y><location human_address="{&quot;address&quot;:&quot;&quot;,&quot;city&quot;:&quot;&quot;,&quot;state&quot;:&quot;&quot;,&quot;zip&quot;:&quot;&quot;}" latitude="37.7625784042703" longitude="-122.421663206721" needs_recoding="false"/></row>