<?xml version="1.0" encoding="UTF-8"?><row _id="12609547" _uuid="45C921C4-63B6-41A3-9EE7-A0E4A50518B9" _position="12609547" _address="http://data.sfgov.org/resource/ritf-b9ki/12609547"><incidntnum>150619286</incidntnum><category>NON-CRIMINAL</category><descript>FOUND PROPERTY</descript><dayofweek>Thursday</dayofweek><date>2015-07-16T00:00:00</date><time>15:53</time><pddistrict>SOUTHERN</pddistrict><resolution>NONE</resolution><address>MISSION ST / 3RD ST</address><x>-122.402027706948</x><y>37.7862483456629</y><location human_address="{&quot;address&quot;:&quot;&quot;,&quot;city&quot;:&quot;&quot;,&quot;state&quot;:&quot;&quot;,&quot;zip&quot;:&quot;&quot;}" latitude="37.7862483456629" longitude="-122.402027706948" needs_recoding="false"/></row>