<?xml version="1.0" encoding="UTF-8"?><row _id="12609182" _uuid="207363C8-D957-4929-B9C0-7BAA933A5D39" _position="12609182" _address="http://data.sfgov.org/resource/ritf-b9ki/12609182"><incidntnum>150616420</incidntnum><category>OTHER OFFENSES</category><descript>RESTRAINING ORDER NOTIFICATION/SERVICE OF RESTRAINING ORDER</descript><dayofweek>Tuesday</dayofweek><date>2015-07-14T00:00:00</date><time>14:30</time><pddistrict>PARK</pddistrict><resolution>NONE</resolution><address>400 Block of STANYAN ST</address><x>-122.454403066889</x><y>37.7738178294781</y><location human_address="{&quot;address&quot;:&quot;&quot;,&quot;city&quot;:&quot;&quot;,&quot;state&quot;:&quot;&quot;,&quot;zip&quot;:&quot;&quot;}" latitude="37.7738178294781" longitude="-122.454403066889" needs_recoding="false"/></row>