<?xml version="1.0" encoding="UTF-8"?><row _id="12607487" _uuid="9DC9764A-ECBA-4285-844E-1C5547F3902D" _position="12607487" _address="http://data.sfgov.org/resource/ritf-b9ki/12607487"><incidntnum>150602651</incidntnum><category>OTHER OFFENSES</category><descript>CONSPIRACY</descript><dayofweek>Saturday</dayofweek><date>2015-07-11T00:00:00</date><time>02:00</time><pddistrict>MISSION</pddistrict><resolution>ARREST, BOOKED</resolution><address>MISSION ST / CAPP ST</address><x>-122.418221946229</x><y>37.7481664083985</y><location human_address="{&quot;address&quot;:&quot;&quot;,&quot;city&quot;:&quot;&quot;,&quot;state&quot;:&quot;&quot;,&quot;zip&quot;:&quot;&quot;}" latitude="37.7481664083985" longitude="-122.418221946229" needs_recoding="false"/></row>