<?xml version="1.0" encoding="UTF-8"?><row _id="12611430" _uuid="CA87A502-732B-4F07-83DF-5E47A7FA8545" _position="12611430" _address="http://data.sfgov.org/resource/ritf-b9ki/12611430"><incidntnum>150631638</incidntnum><category>OTHER OFFENSES</category><descript>DRIVERS LICENSE, SUSPENDED OR REVOKED</descript><dayofweek>Monday</dayofweek><date>2015-07-20T00:00:00</date><time>17:35</time><pddistrict>SOUTHERN</pddistrict><resolution>ARREST, BOOKED</resolution><address>MARKET ST / NEWMONTGOMERY ST</address><x>-122.402070243227</x><y>37.7887198688133</y><location human_address="{&quot;address&quot;:&quot;&quot;,&quot;city&quot;:&quot;&quot;,&quot;state&quot;:&quot;&quot;,&quot;zip&quot;:&quot;&quot;}" latitude="37.7887198688133" longitude="-122.402070243227" needs_recoding="false"/></row>