<?xml version="1.0" encoding="UTF-8"?><row _id="12611067" _uuid="21E2A46C-2501-4201-ABB6-307D4B05C634" _position="12611067" _address="http://data.sfgov.org/resource/ritf-b9ki/12611067"><incidntnum>156178648</incidntnum><category>VANDALISM</category><descript>MALICIOUS MISCHIEF, VANDALISM</descript><dayofweek>Sunday</dayofweek><date>2015-07-19T00:00:00</date><time>21:00</time><pddistrict>RICHMOND</pddistrict><resolution>NONE</resolution><address>39TH AV / BALBOA ST</address><x>-122.499455324322</x><y>37.775615338221</y><location human_address="{&quot;address&quot;:&quot;&quot;,&quot;city&quot;:&quot;&quot;,&quot;state&quot;:&quot;&quot;,&quot;zip&quot;:&quot;&quot;}" latitude="37.775615338221" longitude="-122.499455324322" needs_recoding="false"/></row>