<?xml version="1.0" encoding="UTF-8"?><row _id="12607186" _uuid="261DE739-60E0-4C9D-A3D7-73F11848967C" _position="12607186" _address="http://data.sfgov.org/resource/ritf-b9ki/12607186"><incidntnum>150601716</incidntnum><category>DISORDERLY CONDUCT</category><descript>COMMITTING PUBLIC NUISANCE</descript><dayofweek>Friday</dayofweek><date>2015-07-10T00:00:00</date><time>18:27</time><pddistrict>CENTRAL</pddistrict><resolution>ARREST, BOOKED</resolution><address>100 Block of JEFFERSON ST</address><x>-122.414988252591</x><y>37.8082613305439</y><location human_address="{&quot;address&quot;:&quot;&quot;,&quot;city&quot;:&quot;&quot;,&quot;state&quot;:&quot;&quot;,&quot;zip&quot;:&quot;&quot;}" latitude="37.8082613305439" longitude="-122.414988252591" needs_recoding="false"/></row>