<?xml version="1.0" encoding="UTF-8"?><row _id="12608112" _uuid="732B7084-6106-4E21-A36F-D3A34F5F51BF" _position="12608112" _address="http://data.sfgov.org/resource/ritf-b9ki/12608112"><incidntnum>150608568</incidntnum><category>ASSAULT</category><descript>ATTEMPTED HOMICIDE WITH BODILY FORCE</descript><dayofweek>Sunday</dayofweek><date>2015-07-12T00:00:00</date><time>23:30</time><pddistrict>SOUTHERN</pddistrict><resolution>ARREST, BOOKED</resolution><address>300 Block of KING ST</address><x>-122.395021745914</x><y>37.7753128522284</y><location human_address="{&quot;address&quot;:&quot;&quot;,&quot;city&quot;:&quot;&quot;,&quot;state&quot;:&quot;&quot;,&quot;zip&quot;:&quot;&quot;}" latitude="37.7753128522284" longitude="-122.395021745914" needs_recoding="false"/></row>