<?xml version="1.0" encoding="UTF-8"?><row _id="12610473" _uuid="F23FFDE2-DFE9-4429-A37B-1F33D19569E9" _position="12610473" _address="http://data.sfgov.org/resource/ritf-b9ki/12610473"><incidntnum>150630254</incidntnum><category>OTHER OFFENSES</category><descript>VIOLATION OF RESTRAINING ORDER</descript><dayofweek>Friday</dayofweek><date>2015-07-17T00:00:00</date><time>08:00</time><pddistrict>CENTRAL</pddistrict><resolution>NONE</resolution><address>900 Block of JACKSON ST</address><x>-122.41050106502</x><y>37.7955961513636</y><location human_address="{&quot;address&quot;:&quot;&quot;,&quot;city&quot;:&quot;&quot;,&quot;state&quot;:&quot;&quot;,&quot;zip&quot;:&quot;&quot;}" latitude="37.7955961513636" longitude="-122.41050106502" needs_recoding="false"/></row>