<?xml version="1.0" encoding="UTF-8"?><row _id="12608670" _uuid="517BCBC6-5778-4823-BDAC-918438E23802" _position="12608670" _address="http://data.sfgov.org/resource/ritf-b9ki/12608670"><incidntnum>150610698</incidntnum><category>NON-CRIMINAL</category><descript>FOUND PROPERTY</descript><dayofweek>Monday</dayofweek><date>2015-07-13T00:00:00</date><time>16:45</time><pddistrict>SOUTHERN</pddistrict><resolution>NONE</resolution><address>800 Block of BRYANT ST</address><x>-122.403404791479</x><y>37.775420706711</y><location human_address="{&quot;address&quot;:&quot;&quot;,&quot;city&quot;:&quot;&quot;,&quot;state&quot;:&quot;&quot;,&quot;zip&quot;:&quot;&quot;}" latitude="37.775420706711" longitude="-122.403404791479" needs_recoding="false"/></row>