<?xml version="1.0" encoding="UTF-8"?><row _id="12608687" _uuid="F2320AC7-D097-4164-BD42-863DBA3D1A9C" _position="12608687" _address="http://data.sfgov.org/resource/ritf-b9ki/12608687"><incidntnum>150616351</incidntnum><category>LARCENY/THEFT</category><descript>PETTY THEFT FROM LOCKED AUTO</descript><dayofweek>Monday</dayofweek><date>2015-07-13T00:00:00</date><time>22:30</time><pddistrict>NORTHERN</pddistrict><resolution>NONE</resolution><address>2000 Block of BROADWAY ST</address><x>-122.430838378403</x><y>37.7948418077407</y><location human_address="{&quot;address&quot;:&quot;&quot;,&quot;city&quot;:&quot;&quot;,&quot;state&quot;:&quot;&quot;,&quot;zip&quot;:&quot;&quot;}" latitude="37.7948418077407" longitude="-122.430838378403" needs_recoding="false"/></row>