<?xml version="1.0" encoding="UTF-8"?><row _id="12611620" _uuid="EDB49E87-44C0-4263-A7AE-1BD244EB963A" _position="12611620" _address="http://data.sfgov.org/resource/ritf-b9ki/12611620"><incidntnum>150632658</incidntnum><category>NON-CRIMINAL</category><descript>FOUND PROPERTY</descript><dayofweek>Monday</dayofweek><date>2015-07-20T00:00:00</date><time>17:45</time><pddistrict>RICHMOND</pddistrict><resolution>NONE</resolution><address>600 Block of 32ND AV</address><x>-122.492094951213</x><y>37.7768703435765</y><location human_address="{&quot;address&quot;:&quot;&quot;,&quot;city&quot;:&quot;&quot;,&quot;state&quot;:&quot;&quot;,&quot;zip&quot;:&quot;&quot;}" latitude="37.7768703435765" longitude="-122.492094951213" needs_recoding="false"/></row>