<?xml version="1.0" encoding="UTF-8"?><row _id="12609714" _uuid="0FCBC7EB-1B9E-472B-BFED-3100B9BFA19A" _position="12609714" _address="http://data.sfgov.org/resource/ritf-b9ki/12609714"><incidntnum>150617616</incidntnum><category>FORGERY/COUNTERFEITING</category><descript>FORGERY, DRIVERS LICENSE OR ID-CARD</descript><dayofweek>Thursday</dayofweek><date>2015-07-16T00:00:00</date><time>03:15</time><pddistrict>CENTRAL</pddistrict><resolution>NONE</resolution><address>400 Block of POWELL ST</address><x>-122.408568445228</x><y>37.7887594214703</y><location human_address="{&quot;address&quot;:&quot;&quot;,&quot;city&quot;:&quot;&quot;,&quot;state&quot;:&quot;&quot;,&quot;zip&quot;:&quot;&quot;}" latitude="37.7887594214703" longitude="-122.408568445228" needs_recoding="false"/></row>