<?xml version="1.0" encoding="UTF-8"?><row _id="12610895" _uuid="3BAE185D-CAC6-4FEA-BD5E-F6C57AF00E2C" _position="12610895" _address="http://data.sfgov.org/resource/ritf-b9ki/12610895"><incidntnum>150627875</incidntnum><category>VEHICLE THEFT</category><descript>STOLEN AUTOMOBILE</descript><dayofweek>Saturday</dayofweek><date>2015-07-18T00:00:00</date><time>22:00</time><pddistrict>TARAVAL</pddistrict><resolution>NONE</resolution><address>3100 Block of KIRKHAM ST</address><x>-122.494826002088</x><y>37.7590944725853</y><location human_address="{&quot;address&quot;:&quot;&quot;,&quot;city&quot;:&quot;&quot;,&quot;state&quot;:&quot;&quot;,&quot;zip&quot;:&quot;&quot;}" latitude="37.7590944725853" longitude="-122.494826002088" needs_recoding="false"/></row>