<?xml version="1.0" encoding="UTF-8"?><row _id="12611035" _uuid="AC6471DA-A2CF-4315-8E66-3EC01EB3B758" _position="12611035" _address="http://data.sfgov.org/resource/ritf-b9ki/12611035"><incidntnum>150628196</incidntnum><category>NON-CRIMINAL</category><descript>LOST PROPERTY</descript><dayofweek>Sunday</dayofweek><date>2015-07-19T00:00:00</date><time>12:30</time><pddistrict>BAYVIEW</pddistrict><resolution>NONE</resolution><address>CESAR CHAVEZ ST / EVANS AV</address><x>-122.397289683816</x><y>37.7496837059316</y><location human_address="{&quot;address&quot;:&quot;&quot;,&quot;city&quot;:&quot;&quot;,&quot;state&quot;:&quot;&quot;,&quot;zip&quot;:&quot;&quot;}" latitude="37.7496837059316" longitude="-122.397289683816" needs_recoding="false"/></row>