<?xml version="1.0" encoding="UTF-8"?><row _id="12608588" _uuid="525DB08E-852A-48E5-863F-CFA7ECAF6268" _position="12608588" _address="http://data.sfgov.org/resource/ritf-b9ki/12608588"><incidntnum>150611969</incidntnum><category>BURGLARY</category><descript>BURGLARY, UNLAWFUL ENTRY</descript><dayofweek>Monday</dayofweek><date>2015-07-13T00:00:00</date><time>18:00</time><pddistrict>SOUTHERN</pddistrict><resolution>NONE</resolution><address>600 Block of FOLSOM ST</address><x>-122.398442602427</x><y>37.7842467187499</y><location human_address="{&quot;address&quot;:&quot;&quot;,&quot;city&quot;:&quot;&quot;,&quot;state&quot;:&quot;&quot;,&quot;zip&quot;:&quot;&quot;}" latitude="37.7842467187499" longitude="-122.398442602427" needs_recoding="false"/></row>