<?xml version="1.0" encoding="UTF-8"?><row _id="12609636" _uuid="E2AB5DC9-722C-401C-8A53-C58FA77821C6" _position="12609636" _address="http://data.sfgov.org/resource/ritf-b9ki/12609636"><incidntnum>150621297</incidntnum><category>LARCENY/THEFT</category><descript>GRAND THEFT FROM PERSON</descript><dayofweek>Thursday</dayofweek><date>2015-07-16T00:00:00</date><time>21:00</time><pddistrict>SOUTHERN</pddistrict><resolution>NONE</resolution><address>FOLSOM ST / SPEAR ST</address><x>-122.390976572154</x><y>37.7900712300699</y><location human_address="{&quot;address&quot;:&quot;&quot;,&quot;city&quot;:&quot;&quot;,&quot;state&quot;:&quot;&quot;,&quot;zip&quot;:&quot;&quot;}" latitude="37.7900712300699" longitude="-122.390976572154" needs_recoding="false"/></row>