<?xml version="1.0" encoding="UTF-8"?><row _id="12607541" _uuid="629859D5-88B6-4D46-A612-5A2C4A04BEEE" _position="12607541" _address="http://data.sfgov.org/resource/ritf-b9ki/12607541"><incidntnum>156169653</incidntnum><category>LARCENY/THEFT</category><descript>GRAND THEFT FROM LOCKED AUTO</descript><dayofweek>Saturday</dayofweek><date>2015-07-11T00:00:00</date><time>12:00</time><pddistrict>PARK</pddistrict><resolution>NONE</resolution><address>HAYES ST / SCOTT ST</address><x>-122.436130312825</x><y>37.7752055149785</y><location human_address="{&quot;address&quot;:&quot;&quot;,&quot;city&quot;:&quot;&quot;,&quot;state&quot;:&quot;&quot;,&quot;zip&quot;:&quot;&quot;}" latitude="37.7752055149785" longitude="-122.436130312825" needs_recoding="false"/></row>