<?xml version="1.0" encoding="UTF-8"?><row _id="12609919" _uuid="3EC6B02C-69D9-4F60-9DB8-55C8A6E89668" _position="12609919" _address="http://data.sfgov.org/resource/ritf-b9ki/12609919"><incidntnum>150619327</incidntnum><category>SUSPICIOUS OCC</category><descript>INVESTIGATIVE DETENTION</descript><dayofweek>Thursday</dayofweek><date>2015-07-16T00:00:00</date><time>16:04</time><pddistrict>NORTHERN</pddistrict><resolution>NONE</resolution><address>600 Block of EDDY ST</address><x>-122.418382008607</x><y>37.7832583770949</y><location human_address="{&quot;address&quot;:&quot;&quot;,&quot;city&quot;:&quot;&quot;,&quot;state&quot;:&quot;&quot;,&quot;zip&quot;:&quot;&quot;}" latitude="37.7832583770949" longitude="-122.418382008607" needs_recoding="false"/></row>