<?xml version="1.0" encoding="UTF-8"?><row _id="12609528" _uuid="C678EB91-B24F-4AD1-BE6B-DBF7198BA10E" _position="12609528" _address="http://data.sfgov.org/resource/ritf-b9ki/12609528"><incidntnum>150617008</incidntnum><category>FORGERY/COUNTERFEITING</category><descript>FORGERY &amp; COUNTERFEITING (GENERAL)</descript><dayofweek>Wednesday</dayofweek><date>2015-07-15T00:00:00</date><time>19:30</time><pddistrict>MISSION</pddistrict><resolution>ARREST, BOOKED</resolution><address>1700 Block of HARRISON ST</address><x>-122.413354187018</x><y>37.7690748003847</y><location human_address="{&quot;address&quot;:&quot;&quot;,&quot;city&quot;:&quot;&quot;,&quot;state&quot;:&quot;&quot;,&quot;zip&quot;:&quot;&quot;}" latitude="37.7690748003847" longitude="-122.413354187018" needs_recoding="false"/></row>