<?xml version="1.0" encoding="UTF-8"?><row _id="12612827" _uuid="DF404888-62C9-43E8-8B86-F2A5FF652B41" _position="12612827" _address="http://data.sfgov.org/resource/ritf-b9ki/12612827"><incidntnum>150641223</incidntnum><category>WARRANTS</category><descript>WARRANT ARREST</descript><dayofweek>Thursday</dayofweek><date>2015-07-23T00:00:00</date><time>16:16</time><pddistrict>BAYVIEW</pddistrict><resolution>ARREST, BOOKED</resolution><address>700 Block of AMADOR ST</address><x>-122.383002734582</x><y>37.7458841244774</y><location human_address="{&quot;address&quot;:&quot;&quot;,&quot;city&quot;:&quot;&quot;,&quot;state&quot;:&quot;&quot;,&quot;zip&quot;:&quot;&quot;}" latitude="37.7458841244774" longitude="-122.383002734582" needs_recoding="false"/></row>