<?xml version="1.0" encoding="UTF-8"?><row _id="12608581" _uuid="FD2B2596-7827-45DF-956B-BF032CF3622D" _position="12608581" _address="http://data.sfgov.org/resource/ritf-b9ki/12608581"><incidntnum>150610472</incidntnum><category>SUSPICIOUS OCC</category><descript>SUSPICIOUS OCCURRENCE</descript><dayofweek>Monday</dayofweek><date>2015-07-13T00:00:00</date><time>07:30</time><pddistrict>TARAVAL</pddistrict><resolution>NONE</resolution><address>2100 Block of 24TH AV</address><x>-122.481305019184</x><y>37.7474613181905</y><location human_address="{&quot;address&quot;:&quot;&quot;,&quot;city&quot;:&quot;&quot;,&quot;state&quot;:&quot;&quot;,&quot;zip&quot;:&quot;&quot;}" latitude="37.7474613181905" longitude="-122.481305019184" needs_recoding="false"/></row>