<?xml version="1.0" encoding="UTF-8"?><row _id="12609339" _uuid="BC0AC0AC-4C39-4E58-B480-CB156F43B010" _position="12609339" _address="http://data.sfgov.org/resource/ritf-b9ki/12609339"><incidntnum>150615886</incidntnum><category>DRUG/NARCOTIC</category><descript>POSSESSION OF HEROIN</descript><dayofweek>Wednesday</dayofweek><date>2015-07-15T00:00:00</date><time>13:58</time><pddistrict>TENDERLOIN</pddistrict><resolution>ARREST, BOOKED</resolution><address>400 Block of LEAVENWORTH ST</address><x>-122.414593831954</x><y>37.7851199839553</y><location human_address="{&quot;address&quot;:&quot;&quot;,&quot;city&quot;:&quot;&quot;,&quot;state&quot;:&quot;&quot;,&quot;zip&quot;:&quot;&quot;}" latitude="37.7851199839553" longitude="-122.414593831954" needs_recoding="false"/></row>