<?xml version="1.0" encoding="UTF-8"?><row _id="12608928" _uuid="4E442EC1-5A5A-4C7B-84F9-DE0F4C834509" _position="12608928" _address="http://data.sfgov.org/resource/ritf-b9ki/12608928"><incidntnum>150614054</incidntnum><category>WARRANTS</category><descript>WARRANT ARREST</descript><dayofweek>Tuesday</dayofweek><date>2015-07-14T00:00:00</date><time>18:37</time><pddistrict>NORTHERN</pddistrict><resolution>NONE</resolution><address>OAK ST / GOUGH ST</address><x>-122.42260112019</x><y>37.7750203945871</y><location human_address="{&quot;address&quot;:&quot;&quot;,&quot;city&quot;:&quot;&quot;,&quot;state&quot;:&quot;&quot;,&quot;zip&quot;:&quot;&quot;}" latitude="37.7750203945871" longitude="-122.42260112019" needs_recoding="false"/></row>