<?xml version="1.0" encoding="UTF-8"?><row _id="12607690" _uuid="F0C27E22-6734-403B-B29E-864F37070A3B" _position="12607690" _address="http://data.sfgov.org/resource/ritf-b9ki/12607690"><incidntnum>150605291</incidntnum><category>OTHER OFFENSES</category><descript>MISCELLANEOUS INVESTIGATION</descript><dayofweek>Saturday</dayofweek><date>2015-07-11T00:00:00</date><time>18:00</time><pddistrict>PARK</pddistrict><resolution>NONE</resolution><address>1500 Block of 7TH AV</address><x>-122.463914535976</x><y>37.7594508146982</y><location human_address="{&quot;address&quot;:&quot;&quot;,&quot;city&quot;:&quot;&quot;,&quot;state&quot;:&quot;&quot;,&quot;zip&quot;:&quot;&quot;}" latitude="37.7594508146982" longitude="-122.463914535976" needs_recoding="false"/></row>