<?xml version="1.0" encoding="UTF-8"?><row _id="12617862" _uuid="B4E5FAEE-882C-457A-BC75-1896BDC855D0" _position="12617862" _address="http://data.sfgov.org/resource/ritf-b9ki/12617862"><incidntnum>156197814</incidntnum><category>LARCENY/THEFT</category><descript>PETTY THEFT OF PROPERTY</descript><dayofweek>Tuesday</dayofweek><date>2015-07-14T00:00:00</date><time>06:46</time><pddistrict>NORTHERN</pddistrict><resolution>NONE</resolution><address>1100 Block of FILLMORE ST</address><x>-122.432116233695</x><y>37.7800304351156</y><location human_address="{&quot;address&quot;:&quot;&quot;,&quot;city&quot;:&quot;&quot;,&quot;state&quot;:&quot;&quot;,&quot;zip&quot;:&quot;&quot;}" latitude="37.7800304351156" longitude="-122.432116233695" needs_recoding="false"/></row>