<?xml version="1.0" encoding="UTF-8"?><row _id="12607404" _uuid="7F82D798-2B79-482C-97A9-FC9BFA2B034C" _position="12607404" _address="http://data.sfgov.org/resource/ritf-b9ki/12607404"><incidntnum>150602087</incidntnum><category>VANDALISM</category><descript>MALICIOUS MISCHIEF, VANDALISM OF VEHICLES</descript><dayofweek>Friday</dayofweek><date>2015-07-10T00:00:00</date><time>19:50</time><pddistrict>SOUTHERN</pddistrict><resolution>NONE</resolution><address>1700 Block of ALAMEDA ST</address><x>-122.402459067068</x><y>37.7687313824579</y><location human_address="{&quot;address&quot;:&quot;&quot;,&quot;city&quot;:&quot;&quot;,&quot;state&quot;:&quot;&quot;,&quot;zip&quot;:&quot;&quot;}" latitude="37.7687313824579" longitude="-122.402459067068" needs_recoding="false"/></row>