<?xml version="1.0" encoding="UTF-8"?><row _id="12678741" _uuid="D4A1EED4-A468-4BD8-980A-44AB49AE5C32" _position="12678741" _address="http://data.sfgov.org/resource/ritf-b9ki/12678741"><incidntnum>166004550</incidntnum><category>LARCENY/THEFT</category><descript>GRAND THEFT FROM LOCKED AUTO</descript><dayofweek>Wednesday</dayofweek><date>2015-07-22T00:00:00</date><time>22:00</time><pddistrict>CENTRAL</pddistrict><resolution>NONE</resolution><address>GRANT AV / GREEN ST</address><x>-122.4073989596</x><y>37.7997037900191</y><location human_address="{&quot;address&quot;:&quot;&quot;,&quot;city&quot;:&quot;&quot;,&quot;state&quot;:&quot;&quot;,&quot;zip&quot;:&quot;&quot;}" latitude="37.7997037900191" longitude="-122.4073989596" needs_recoding="false"/></row>