<?xml version="1.0" encoding="UTF-8"?><row _id="12608749" _uuid="56D21BF5-78BD-479E-8472-6C59999E0845" _position="12608749" _address="http://data.sfgov.org/resource/ritf-b9ki/12608749"><incidntnum>156178143</incidntnum><category>VANDALISM</category><descript>MALICIOUS MISCHIEF, VANDALISM</descript><dayofweek>Saturday</dayofweek><date>2015-07-11T00:00:00</date><time>17:30</time><pddistrict>INGLESIDE</pddistrict><resolution>NONE</resolution><address>1000 Block of BRAZIL AV</address><x>-122.426453826646</x><y>37.7206298442701</y><location human_address="{&quot;address&quot;:&quot;&quot;,&quot;city&quot;:&quot;&quot;,&quot;state&quot;:&quot;&quot;,&quot;zip&quot;:&quot;&quot;}" latitude="37.7206298442701" longitude="-122.426453826646" needs_recoding="false"/></row>