<?xml version="1.0" encoding="UTF-8"?><row _id="12608330" _uuid="D53BCA87-D89A-49C6-97A3-7AD5AEA1A083" _position="12608330" _address="http://data.sfgov.org/resource/ritf-b9ki/12608330"><incidntnum>150607457</incidntnum><category>NON-CRIMINAL</category><descript>STAY AWAY OR COURT ORDER, NON-DV RELATED</descript><dayofweek>Sunday</dayofweek><date>2015-07-12T00:00:00</date><time>00:01</time><pddistrict>TENDERLOIN</pddistrict><resolution>ARREST, BOOKED</resolution><address>JONES ST / GOLDEN GATE AV</address><x>-122.412224164736</x><y>37.7820729312029</y><location human_address="{&quot;address&quot;:&quot;&quot;,&quot;city&quot;:&quot;&quot;,&quot;state&quot;:&quot;&quot;,&quot;zip&quot;:&quot;&quot;}" latitude="37.7820729312029" longitude="-122.412224164736" needs_recoding="false"/></row>