<?xml version="1.0" encoding="UTF-8"?><row _id="12607425" _uuid="A0C4C46F-85FA-4BCB-A16A-40E27BC7EAA2" _position="12607425" _address="http://data.sfgov.org/resource/ritf-b9ki/12607425"><incidntnum>150601562</incidntnum><category>NON-CRIMINAL</category><descript>DEATH REPORT, CAUSE UNKNOWN</descript><dayofweek>Friday</dayofweek><date>2015-07-10T00:00:00</date><time>13:00</time><pddistrict>RICHMOND</pddistrict><resolution>NONE</resolution><address>700 Block of 40TH AV</address><x>-122.500380427915</x><y>37.7746206491065</y><location human_address="{&quot;address&quot;:&quot;&quot;,&quot;city&quot;:&quot;&quot;,&quot;state&quot;:&quot;&quot;,&quot;zip&quot;:&quot;&quot;}" latitude="37.7746206491065" longitude="-122.500380427915" needs_recoding="false"/></row>