<?xml version="1.0" encoding="UTF-8"?><row _id="12611521" _uuid="2E749704-83A2-45AA-B9B5-A30C90654D8D" _position="12611521" _address="http://data.sfgov.org/resource/ritf-b9ki/12611521"><incidntnum>156183067</incidntnum><category>LARCENY/THEFT</category><descript>GRAND THEFT FROM LOCKED AUTO</descript><dayofweek>Thursday</dayofweek><date>2015-07-09T00:00:00</date><time>22:00</time><pddistrict>TARAVAL</pddistrict><resolution>NONE</resolution><address>ULLOA ST / 20TH AV</address><x>-122.47662762957</x><y>37.7411359079064</y><location human_address="{&quot;address&quot;:&quot;&quot;,&quot;city&quot;:&quot;&quot;,&quot;state&quot;:&quot;&quot;,&quot;zip&quot;:&quot;&quot;}" latitude="37.7411359079064" longitude="-122.47662762957" needs_recoding="false"/></row>