<?xml version="1.0" encoding="UTF-8"?><row _id="12610891" _uuid="03E0B202-9C4B-4CBB-B089-C48EB94BB12B" _position="12610891" _address="http://data.sfgov.org/resource/ritf-b9ki/12610891"><incidntnum>150624586</incidntnum><category>WARRANTS</category><descript>WARRANT ARREST</descript><dayofweek>Saturday</dayofweek><date>2015-07-18T00:00:00</date><time>09:53</time><pddistrict>PARK</pddistrict><resolution>ARREST, BOOKED</resolution><address>0 Block of PIEDMONT ST</address><x>-122.445403376135</x><y>37.7652329194448</y><location human_address="{&quot;address&quot;:&quot;&quot;,&quot;city&quot;:&quot;&quot;,&quot;state&quot;:&quot;&quot;,&quot;zip&quot;:&quot;&quot;}" latitude="37.7652329194448" longitude="-122.445403376135" needs_recoding="false"/></row>