<?xml version="1.0" encoding="UTF-8"?><row _id="12610782" _uuid="DB516690-F96A-4A18-B13D-ED315336BAD5" _position="12610782" _address="http://data.sfgov.org/resource/ritf-b9ki/12610782"><incidntnum>150631939</incidntnum><category>BURGLARY</category><descript>BURGLARY OF APARTMENT HOUSE, UNLAWFUL ENTRY</descript><dayofweek>Saturday</dayofweek><date>2015-07-18T00:00:00</date><time>22:00</time><pddistrict>TENDERLOIN</pddistrict><resolution>EXCEPTIONAL CLEARANCE</resolution><address>300 Block of HYDE ST</address><x>-122.415910622743</x><y>37.7839999167561</y><location human_address="{&quot;address&quot;:&quot;&quot;,&quot;city&quot;:&quot;&quot;,&quot;state&quot;:&quot;&quot;,&quot;zip&quot;:&quot;&quot;}" latitude="37.7839999167561" longitude="-122.415910622743" needs_recoding="false"/></row>