<?xml version="1.0" encoding="UTF-8"?><row _id="12607322" _uuid="E9B1F597-6864-4F45-A6D5-F449EE62EA0B" _position="12607322" _address="http://data.sfgov.org/resource/ritf-b9ki/12607322"><incidntnum>150600768</incidntnum><category>LARCENY/THEFT</category><descript>GRAND THEFT FROM LOCKED AUTO</descript><dayofweek>Friday</dayofweek><date>2015-07-10T00:00:00</date><time>13:30</time><pddistrict>RICHMOND</pddistrict><resolution>NONE</resolution><address>500 Block of JOHNFKENNEDY DR</address><x>-122.466204667893</x><y>37.7725405391593</y><location human_address="{&quot;address&quot;:&quot;&quot;,&quot;city&quot;:&quot;&quot;,&quot;state&quot;:&quot;&quot;,&quot;zip&quot;:&quot;&quot;}" latitude="37.7725405391593" longitude="-122.466204667893" needs_recoding="false"/></row>