<?xml version="1.0" encoding="UTF-8"?><row _id="12608571" _uuid="0F9D998F-C7C4-4ACC-8C9F-CBF660294A33" _position="12608571" _address="http://data.sfgov.org/resource/ritf-b9ki/12608571"><incidntnum>150608574</incidntnum><category>BURGLARY</category><descript>BURGLARY OF STORE, UNLAWFUL ENTRY</descript><dayofweek>Monday</dayofweek><date>2015-07-13T00:00:00</date><time>00:15</time><pddistrict>BAYVIEW</pddistrict><resolution>ARREST, BOOKED</resolution><address>2400 Block of SAN BRUNO AV</address><x>-122.405412091734</x><y>37.7318198889718</y><location human_address="{&quot;address&quot;:&quot;&quot;,&quot;city&quot;:&quot;&quot;,&quot;state&quot;:&quot;&quot;,&quot;zip&quot;:&quot;&quot;}" latitude="37.7318198889718" longitude="-122.405412091734" needs_recoding="false"/></row>