<?xml version="1.0" encoding="UTF-8"?><row _id="12607725" _uuid="5BEACB8C-F50D-4084-82F3-057415CB1CBD" _position="12607725" _address="http://data.sfgov.org/resource/ritf-b9ki/12607725"><incidntnum>150604237</incidntnum><category>LARCENY/THEFT</category><descript>PETTY THEFT FROM LOCKED AUTO</descript><dayofweek>Saturday</dayofweek><date>2015-07-11T00:00:00</date><time>11:30</time><pddistrict>SOUTHERN</pddistrict><resolution>NONE</resolution><address>800 Block of BRYANT ST</address><x>-122.403404791479</x><y>37.775420706711</y><location human_address="{&quot;address&quot;:&quot;&quot;,&quot;city&quot;:&quot;&quot;,&quot;state&quot;:&quot;&quot;,&quot;zip&quot;:&quot;&quot;}" latitude="37.775420706711" longitude="-122.403404791479" needs_recoding="false"/></row>