<?xml version="1.0" encoding="UTF-8"?><row _id="12608411" _uuid="60D0333C-7DA1-45A2-8617-01A85BCB25EA" _position="12608411" _address="http://data.sfgov.org/resource/ritf-b9ki/12608411"><incidntnum>156170575</incidntnum><category>LARCENY/THEFT</category><descript>GRAND THEFT FROM LOCKED AUTO</descript><dayofweek>Monday</dayofweek><date>2015-07-13T00:00:00</date><time>10:45</time><pddistrict>TARAVAL</pddistrict><resolution>NONE</resolution><address>JUNIPERO SERRA BL / WINSTON DR</address><x>-122.472055313907</x><y>37.7268239063089</y><location human_address="{&quot;address&quot;:&quot;&quot;,&quot;city&quot;:&quot;&quot;,&quot;state&quot;:&quot;&quot;,&quot;zip&quot;:&quot;&quot;}" latitude="37.7268239063089" longitude="-122.472055313907" needs_recoding="false"/></row>