<?xml version="1.0" encoding="UTF-8"?><row _id="12610979" _uuid="09F5678C-7593-4481-8324-3B1A660F33BC" _position="12610979" _address="http://data.sfgov.org/resource/ritf-b9ki/12610979"><incidntnum>150629382</incidntnum><category>LARCENY/THEFT</category><descript>ATTEMPTED THEFT FROM LOCKED VEHICLE</descript><dayofweek>Sunday</dayofweek><date>2015-07-19T00:00:00</date><time>20:30</time><pddistrict>SOUTHERN</pddistrict><resolution>NONE</resolution><address>HARRISON ST / 10TH ST</address><x>-122.411279189969</x><y>37.7715785765043</y><location human_address="{&quot;address&quot;:&quot;&quot;,&quot;city&quot;:&quot;&quot;,&quot;state&quot;:&quot;&quot;,&quot;zip&quot;:&quot;&quot;}" latitude="37.7715785765043" longitude="-122.411279189969" needs_recoding="false"/></row>