<?xml version="1.0" encoding="UTF-8"?><row _id="12609659" _uuid="E90F2258-F32C-49F2-B297-13132D002E99" _position="12609659" _address="http://data.sfgov.org/resource/ritf-b9ki/12609659"><incidntnum>156178717</incidntnum><category>VANDALISM</category><descript>MALICIOUS MISCHIEF, VANDALISM</descript><dayofweek>Thursday</dayofweek><date>2015-07-16T00:00:00</date><time>18:00</time><pddistrict>TARAVAL</pddistrict><resolution>NONE</resolution><address>FUENTE AV / SERRANO DR</address><x>-122.478025850164</x><y>37.7201118398619</y><location human_address="{&quot;address&quot;:&quot;&quot;,&quot;city&quot;:&quot;&quot;,&quot;state&quot;:&quot;&quot;,&quot;zip&quot;:&quot;&quot;}" latitude="37.7201118398619" longitude="-122.478025850164" needs_recoding="false"/></row>