<?xml version="1.0" encoding="UTF-8"?><row _id="12609643" _uuid="090E9C80-AAFE-4B46-9BD5-F6A868360775" _position="12609643" _address="http://data.sfgov.org/resource/ritf-b9ki/12609643"><incidntnum>150637482</incidntnum><category>LARCENY/THEFT</category><descript>PETTY THEFT FROM LOCKED AUTO</descript><dayofweek>Monday</dayofweek><date>2015-07-13T00:00:00</date><time>18:00</time><pddistrict>MISSION</pddistrict><resolution>NONE</resolution><address>POTRERO AV / 16TH ST</address><x>-122.407538332319</x><y>37.7657827544276</y><location human_address="{&quot;address&quot;:&quot;&quot;,&quot;city&quot;:&quot;&quot;,&quot;state&quot;:&quot;&quot;,&quot;zip&quot;:&quot;&quot;}" latitude="37.7657827544276" longitude="-122.407538332319" needs_recoding="false"/></row>