<?xml version="1.0" encoding="UTF-8"?><row _id="12607187" _uuid="0F325F18-5158-469A-A17F-0F9CDEF869EA" _position="12607187" _address="http://data.sfgov.org/resource/ritf-b9ki/12607187"><incidntnum>150601750</incidntnum><category>DRUG/NARCOTIC</category><descript>POSSESSION OF NARCOTICS PARAPHERNALIA</descript><dayofweek>Friday</dayofweek><date>2015-07-10T00:00:00</date><time>08:00</time><pddistrict>NORTHERN</pddistrict><resolution>ARREST, BOOKED</resolution><address>600 Block of TURK ST</address><x>-122.419842456494</x><y>37.7821172596318</y><location human_address="{&quot;address&quot;:&quot;&quot;,&quot;city&quot;:&quot;&quot;,&quot;state&quot;:&quot;&quot;,&quot;zip&quot;:&quot;&quot;}" latitude="37.7821172596318" longitude="-122.419842456494" needs_recoding="false"/></row>