<?xml version="1.0" encoding="UTF-8"?><row _id="12608161" _uuid="8B4EDDE8-E07A-41D2-B98C-23E8D7220A95" _position="12608161" _address="http://data.sfgov.org/resource/ritf-b9ki/12608161"><incidntnum>150606017</incidntnum><category>ASSAULT</category><descript>INFLICT INJURY ON COHABITEE</descript><dayofweek>Sunday</dayofweek><date>2015-07-12T00:00:00</date><time>03:10</time><pddistrict>CENTRAL</pddistrict><resolution>ARREST, BOOKED</resolution><address>800 Block of POST ST</address><x>-122.415821891164</x><y>37.7872932910877</y><location human_address="{&quot;address&quot;:&quot;&quot;,&quot;city&quot;:&quot;&quot;,&quot;state&quot;:&quot;&quot;,&quot;zip&quot;:&quot;&quot;}" latitude="37.7872932910877" longitude="-122.415821891164" needs_recoding="false"/></row>