<?xml version="1.0" encoding="UTF-8"?><row _id="12608568" _uuid="9DD91C21-4755-40A6-B8CC-3506C15FE44A" _position="12608568" _address="http://data.sfgov.org/resource/ritf-b9ki/12608568"><incidntnum>150611232</incidntnum><category>WEAPON LAWS</category><descript>POSSESSION OF AIR GUN</descript><dayofweek>Monday</dayofweek><date>2015-07-13T00:00:00</date><time>20:30</time><pddistrict>RICHMOND</pddistrict><resolution>ARREST, BOOKED</resolution><address>0 Block of POINTLOBOS AV</address><x>-122.503532566149</x><y>37.7796037333321</y><location human_address="{&quot;address&quot;:&quot;&quot;,&quot;city&quot;:&quot;&quot;,&quot;state&quot;:&quot;&quot;,&quot;zip&quot;:&quot;&quot;}" latitude="37.7796037333321" longitude="-122.503532566149" needs_recoding="false"/></row>