<?xml version="1.0" encoding="UTF-8"?><row _id="12609626" _uuid="C9F95362-5B7A-4772-A7B8-1BF8D19ECAFA" _position="12609626" _address="http://data.sfgov.org/resource/ritf-b9ki/12609626"><incidntnum>150619850</incidntnum><category>SECONDARY CODES</category><descript>DOMESTIC VIOLENCE</descript><dayofweek>Thursday</dayofweek><date>2015-07-16T00:00:00</date><time>18:19</time><pddistrict>INGLESIDE</pddistrict><resolution>NONE</resolution><address>30TH ST / MISSION ST</address><x>-122.421970919029</x><y>37.7423752245255</y><location human_address="{&quot;address&quot;:&quot;&quot;,&quot;city&quot;:&quot;&quot;,&quot;state&quot;:&quot;&quot;,&quot;zip&quot;:&quot;&quot;}" latitude="37.7423752245255" longitude="-122.421970919029" needs_recoding="false"/></row>