<?xml version="1.0" encoding="UTF-8"?><row _id="12608392" _uuid="B3D5585A-0008-43DB-A042-F562CCA0E50A" _position="12608392" _address="http://data.sfgov.org/resource/ritf-b9ki/12608392"><incidntnum>150611715</incidntnum><category>LARCENY/THEFT</category><descript>PETTY THEFT FROM LOCKED AUTO</descript><dayofweek>Monday</dayofweek><date>2015-07-13T00:00:00</date><time>21:30</time><pddistrict>SOUTHERN</pddistrict><resolution>NONE</resolution><address>10TH ST / BRYANT ST</address><x>-122.409738771906</x><y>37.7703482035454</y><location human_address="{&quot;address&quot;:&quot;&quot;,&quot;city&quot;:&quot;&quot;,&quot;state&quot;:&quot;&quot;,&quot;zip&quot;:&quot;&quot;}" latitude="37.7703482035454" longitude="-122.409738771906" needs_recoding="false"/></row>