<?xml version="1.0" encoding="UTF-8"?><row _id="12610269" _uuid="9D5F8A47-4F9C-4CE0-BDA4-E8D38948C7F5" _position="12610269" _address="http://data.sfgov.org/resource/ritf-b9ki/12610269"><incidntnum>150615591</incidntnum><category>BURGLARY</category><descript>BURGLARY OF RESIDENCE, FORCIBLE ENTRY</descript><dayofweek>Friday</dayofweek><date>2015-07-10T00:00:00</date><time>20:00</time><pddistrict>MISSION</pddistrict><resolution>NONE</resolution><address>3200 Block of 21ST ST</address><x>-122.420722711879</x><y>37.7568706897872</y><location human_address="{&quot;address&quot;:&quot;&quot;,&quot;city&quot;:&quot;&quot;,&quot;state&quot;:&quot;&quot;,&quot;zip&quot;:&quot;&quot;}" latitude="37.7568706897872" longitude="-122.420722711879" needs_recoding="false"/></row>