<?xml version="1.0" encoding="UTF-8"?><row _id="12611051" _uuid="6C784DAF-03F1-48F1-8339-C80D28CE09C6" _position="12611051" _address="http://data.sfgov.org/resource/ritf-b9ki/12611051"><incidntnum>156176476</incidntnum><category>LARCENY/THEFT</category><descript>GRAND THEFT FROM LOCKED AUTO</descript><dayofweek>Sunday</dayofweek><date>2015-07-19T00:00:00</date><time>10:15</time><pddistrict>SOUTHERN</pddistrict><resolution>NONE</resolution><address>4TH ST / HARRISON ST</address><x>-122.399617558782</x><y>37.7807906550067</y><location human_address="{&quot;address&quot;:&quot;&quot;,&quot;city&quot;:&quot;&quot;,&quot;state&quot;:&quot;&quot;,&quot;zip&quot;:&quot;&quot;}" latitude="37.7807906550067" longitude="-122.399617558782" needs_recoding="false"/></row>