<?xml version="1.0" encoding="UTF-8"?><row _id="12607112" _uuid="74317757-68C2-4C46-8310-ECAAD492C13B" _position="12607112" _address="http://data.sfgov.org/resource/ritf-b9ki/12607112"><incidntnum>150600116</incidntnum><category>SECONDARY CODES</category><descript>DOMESTIC VIOLENCE</descript><dayofweek>Thursday</dayofweek><date>2015-07-09T00:00:00</date><time>14:30</time><pddistrict>CENTRAL</pddistrict><resolution>NONE</resolution><address>POWELL ST / SUTTER ST</address><x>-122.408597386677</x><y>37.789224205873</y><location human_address="{&quot;address&quot;:&quot;&quot;,&quot;city&quot;:&quot;&quot;,&quot;state&quot;:&quot;&quot;,&quot;zip&quot;:&quot;&quot;}" latitude="37.789224205873" longitude="-122.408597386677" needs_recoding="false"/></row>