<?xml version="1.0" encoding="UTF-8"?><row _id="12635230" _uuid="B6F0B4C4-FE38-405D-8D0E-4DA5DBB95587" _position="12635230" _address="http://data.sfgov.org/resource/ritf-b9ki/12635230"><incidntnum>156231434</incidntnum><category>LARCENY/THEFT</category><descript>GRAND THEFT OF PROPERTY</descript><dayofweek>Wednesday</dayofweek><date>2015-07-22T00:00:00</date><time>23:00</time><pddistrict>CENTRAL</pddistrict><resolution>NONE</resolution><address>THE EMBARCADERONORTH ST / MARKET ST</address><x>-122.393983685228</x><y>37.795060765295</y><location human_address="{&quot;address&quot;:&quot;&quot;,&quot;city&quot;:&quot;&quot;,&quot;state&quot;:&quot;&quot;,&quot;zip&quot;:&quot;&quot;}" latitude="37.795060765295" longitude="-122.393983685228" needs_recoding="false"/></row>