<?xml version="1.0" encoding="UTF-8"?><row _id="12613143" _uuid="FA72477E-848F-49F9-996D-EF52AF55DF43" _position="12613143" _address="http://data.sfgov.org/resource/ritf-b9ki/12613143"><incidntnum>156182633</incidntnum><category>LARCENY/THEFT</category><descript>GRAND THEFT FROM LOCKED AUTO</descript><dayofweek>Friday</dayofweek><date>2015-07-24T00:00:00</date><time>21:00</time><pddistrict>CENTRAL</pddistrict><resolution>NONE</resolution><address>BROADWAY ST / LARKIN ST</address><x>-122.420110903923</x><y>37.796094078966</y><location human_address="{&quot;address&quot;:&quot;&quot;,&quot;city&quot;:&quot;&quot;,&quot;state&quot;:&quot;&quot;,&quot;zip&quot;:&quot;&quot;}" latitude="37.796094078966" longitude="-122.420110903923" needs_recoding="false"/></row>