<?xml version="1.0" encoding="UTF-8"?><row _id="12614348" _uuid="929F3E08-AF8C-4F2D-ACA5-89F17BD79988" _position="12614348" _address="http://data.sfgov.org/resource/ritf-b9ki/12614348"><incidntnum>150645203</incidntnum><category>LARCENY/THEFT</category><descript>PETTY THEFT BICYCLE</descript><dayofweek>Friday</dayofweek><date>2015-07-24T00:00:00</date><time>16:00</time><pddistrict>SOUTHERN</pddistrict><resolution>NONE</resolution><address>800 Block of BRYANT ST</address><x>-122.403404791479</x><y>37.775420706711</y><location human_address="{&quot;address&quot;:&quot;&quot;,&quot;city&quot;:&quot;&quot;,&quot;state&quot;:&quot;&quot;,&quot;zip&quot;:&quot;&quot;}" latitude="37.775420706711" longitude="-122.403404791479" needs_recoding="false"/></row>