<?xml version="1.0" encoding="UTF-8"?><row _id="12612526" _uuid="1FB59FA7-B18F-45C4-8957-49F3A944A973" _position="12612526" _address="http://data.sfgov.org/resource/ritf-b9ki/12612526"><incidntnum>150644095</incidntnum><category>VEHICLE THEFT</category><descript>STOLEN AUTOMOBILE</descript><dayofweek>Wednesday</dayofweek><date>2015-07-22T00:00:00</date><time>15:40</time><pddistrict>TARAVAL</pddistrict><resolution>NONE</resolution><address>200 Block of FONT BL</address><x>-122.475106801417</x><y>37.7164451050477</y><location human_address="{&quot;address&quot;:&quot;&quot;,&quot;city&quot;:&quot;&quot;,&quot;state&quot;:&quot;&quot;,&quot;zip&quot;:&quot;&quot;}" latitude="37.7164451050477" longitude="-122.475106801417" needs_recoding="false"/></row>