<?xml version="1.0" encoding="UTF-8"?><row _id="12609218" _uuid="0DBB442D-7FDE-4EFA-9F40-DFF68CC0D885" _position="12609218" _address="http://data.sfgov.org/resource/ritf-b9ki/12609218"><incidntnum>150616931</incidntnum><category>WARRANTS</category><descript>WARRANT ARREST</descript><dayofweek>Wednesday</dayofweek><date>2015-07-15T00:00:00</date><time>19:51</time><pddistrict>MISSION</pddistrict><resolution>ARREST, BOOKED</resolution><address>MARIPOSA ST / FLORIDA ST</address><x>-122.411210037798</x><y>37.7629736141567</y><location human_address="{&quot;address&quot;:&quot;&quot;,&quot;city&quot;:&quot;&quot;,&quot;state&quot;:&quot;&quot;,&quot;zip&quot;:&quot;&quot;}" latitude="37.7629736141567" longitude="-122.411210037798" needs_recoding="false"/></row>