<?xml version="1.0" encoding="UTF-8"?><row _id="12609588" _uuid="D044988A-4B67-4856-BF1E-F2FF98456C30" _position="12609588" _address="http://data.sfgov.org/resource/ritf-b9ki/12609588"><incidntnum>150620380</incidntnum><category>WARRANTS</category><descript>ENROUTE TO OUTSIDE JURISDICTION</descript><dayofweek>Thursday</dayofweek><date>2015-07-16T00:00:00</date><time>21:01</time><pddistrict>BAYVIEW</pddistrict><resolution>ARREST, BOOKED</resolution><address>WALLACE AV / 3RD ST</address><x>-122.392899342709</x><y>37.7284904239683</y><location human_address="{&quot;address&quot;:&quot;&quot;,&quot;city&quot;:&quot;&quot;,&quot;state&quot;:&quot;&quot;,&quot;zip&quot;:&quot;&quot;}" latitude="37.7284904239683" longitude="-122.392899342709" needs_recoding="false"/></row>