<?xml version="1.0" encoding="UTF-8"?><row _id="12608893" _uuid="DC4B8D5E-AABE-44E4-A040-8CD4E831C0EE" _position="12608893" _address="http://data.sfgov.org/resource/ritf-b9ki/12608893"><incidntnum>156171385</incidntnum><category>VANDALISM</category><descript>MALICIOUS MISCHIEF, VANDALISM</descript><dayofweek>Tuesday</dayofweek><date>2015-07-14T00:00:00</date><time>18:00</time><pddistrict>TARAVAL</pddistrict><resolution>NONE</resolution><address>19TH AV / SLOAT BL</address><x>-122.475102006298</x><y>37.734623708357</y><location human_address="{&quot;address&quot;:&quot;&quot;,&quot;city&quot;:&quot;&quot;,&quot;state&quot;:&quot;&quot;,&quot;zip&quot;:&quot;&quot;}" latitude="37.734623708357" longitude="-122.475102006298" needs_recoding="false"/></row>